ticker,cik,accession_number,filing_date,primary_category,secondary_category,tertiary_category,supporting_text,filing_url,context_text,context_tags,classification,governance_review,t_0,additional_review
FCRD,0001464963,0001193125-22-074733,2022-03-14,capital_and_financing,debt_activity,credit_facility,"On March 11, 2022, the Company entered into an Amendment No. 1 to Third Amended and Restated Senior Secured Revolving Credit Agreement which amended the Company's existing Third Amended and Restated Senior Secured Revolving Credit Agreement. The Prior Facility was amended to increase the size of the lenders' commitments from $150 million to $175 million, with the option to increase to up to $275 million, extend the revolver maturity date from October 16, 2023 to March 11, 2026, and replace the existing LIBOR + 300 basis points interest rate with Adjusted Term SOFR + 250 basis points.",https://www.sec.gov/Archives/edgar/data/1464963/0001193125-22-074733.txt,"On March 11, 2022, the Company entered into an Amendment No. 1 to Third Amended and Restated Senior Secured Revolving Credit Agreement which amended the Company's existing Third Amended and Restated Senior Secured Revolving Credit Agreement. The Prior Facility was amended to increase the size of the lenders' commitments from $150 million to $175 million, with the option to increase to up to $275 million, extend the revolver maturity date from October 16, 2023 to March 11, 2026, and replace the existing LIBOR + 300 basis points interest rate with Adjusted Term SOFR + 250 basis points.
Logan JV will receive $39,135,000 of the Subordinated Notes and $21,500,000 of the Class E Notes to be issued by the CLO. The CLO priced on March 10, 2022 and is expected to close on April 19, 2022, with a reinvestment period expected to end in April 2025 and scheduled to mature in April 2034.
On March 14, 2022, First Eagle Logan JV, LLC ('Logan JV'), a joint venture with the Company and Perspecta Trident LLC, an affiliate of Jordan Park, announced that it is expected to refinance substantially all of its middle market loan portfolio through a $303.1 million debt securitization in the form of a collateralized loan obligation transaction.","['credit_facility', 'debt_issuance', 'partnership_or_collaboration']",routine_compatible,False,2022-03-15,mixed_nonfacility_disclosure
FCRX,0001464963,0001193125-22-074733,2022-03-14,capital_and_financing,debt_activity,credit_facility,"On March 11, 2022, the Company entered into an Amendment No. 1 to Third Amended and Restated Senior Secured Revolving Credit Agreement which amended the Company's existing Third Amended and Restated Senior Secured Revolving Credit Agreement. The Prior Facility was amended to increase the size of the lenders' commitments from $150 million to $175 million, with the option to increase to up to $275 million, extend the revolver maturity date from October 16, 2023 to March 11, 2026, and replace the existing LIBOR + 300 basis points interest rate with Adjusted Term SOFR + 250 basis points.",https://www.sec.gov/Archives/edgar/data/1464963/0001193125-22-074733.txt,"On March 11, 2022, the Company entered into an Amendment No. 1 to Third Amended and Restated Senior Secured Revolving Credit Agreement which amended the Company's existing Third Amended and Restated Senior Secured Revolving Credit Agreement. The Prior Facility was amended to increase the size of the lenders' commitments from $150 million to $175 million, with the option to increase to up to $275 million, extend the revolver maturity date from October 16, 2023 to March 11, 2026, and replace the existing LIBOR + 300 basis points interest rate with Adjusted Term SOFR + 250 basis points.
Logan JV will receive $39,135,000 of the Subordinated Notes and $21,500,000 of the Class E Notes to be issued by the CLO. The CLO priced on March 10, 2022 and is expected to close on April 19, 2022, with a reinvestment period expected to end in April 2025 and scheduled to mature in April 2034.
On March 14, 2022, First Eagle Logan JV, LLC ('Logan JV'), a joint venture with the Company and Perspecta Trident LLC, an affiliate of Jordan Park, announced that it is expected to refinance substantially all of its middle market loan portfolio through a $303.1 million debt securitization in the form of a collateralized loan obligation transaction.","['credit_facility', 'debt_issuance', 'partnership_or_collaboration']",routine_compatible,False,2022-03-15,mixed_nonfacility_disclosure
NOVT,0001076930,0001564590-22-010412,2022-03-15,capital_and_financing,debt_activity,credit_facility,"On March 10, 2022, Novanta Inc. and certain of the Company's wholly owned subsidiaries entered into an amendment (the 'Fifth Amendment') to the Third Amended and Restated Credit Agreement...The Fifth Amendment amends the Credit Agreement to extend the maturity date thereof from December 31, 2024 to March 10, 2027, update the pricing grid, replace LIBOR with SOFR as the reference rate for US dollar borrowings, increase the uncommitted accordion option from $200 million to $350 million, and add the Company as a Borrower.",https://www.sec.gov/Archives/edgar/data/1076930/0001564590-22-010412.txt,"On March 10, 2022, Novanta Inc. and certain of the Company's wholly owned subsidiaries entered into an amendment (the 'Fifth Amendment') to the Third Amended and Restated Credit Agreement...The Fifth Amendment amends the Credit Agreement to extend the maturity date thereof from December 31, 2024 to March 10, 2027, update the pricing grid, replace LIBOR with SOFR as the reference rate for US dollar borrowings, increase the uncommitted accordion option from $200 million to $350 million, and add the Company as a Borrower.",['credit_facility'],routine_compatible,False,2022-03-16,no_explicit_revolving_facility
DOCN,0001582961,0001582961-22-000014,2022-03-30,capital_and_financing,debt_activity,credit_facility,"On March 29, 2022, DigitalOcean Holdings, Inc. entered into a Third Amended and Restated Credit Agreement which amends and restates the Company's existing Second Amended and Restated Credit Agreement. The Third A&R Credit Agreement amends the Existing Credit Agreement to, among other modifications, (i) remove the Term Loan component of the credit facility, which had been previously repaid in full; (ii) increase the maximum borrowing limit of the revolving credit facility thereunder from $150 million to $250 million; (iii) extend the maturity date of the Revolving Credit Facility from February 2025 to the earlier of (A) the fifth anniversary of the closing date of the Third A&R Credit Agreement and (B) 90 days before the maturity date applicable to any outstanding convertible notes.",https://www.sec.gov/Archives/edgar/data/1582961/0001582961-22-000014.txt,"On March 28, 2022, the Company appointed Adrienne Calderone as Senior Vice President, Chief Accounting Officer. Ms. Calderone will assume the roles and responsibilities as the Company's principal accounting officer. Prior to her promotion, Ms. Calderone, age 54, served as the Company's Vice President, Finance since November 2018.
On March 29, 2022, DigitalOcean Holdings, Inc. entered into a Third Amended and Restated Credit Agreement which amends and restates the Company's existing Second Amended and Restated Credit Agreement. The Third A&R Credit Agreement amends the Existing Credit Agreement to, among other modifications, (i) remove the Term Loan component of the credit facility, which had been previously repaid in full; (ii) increase the maximum borrowing limit of the revolving credit facility thereunder from $150 million to $250 million; (iii) extend the maturity date of the Revolving Credit Facility from February 2025 to the earlier of (A) the fifth anniversary of the closing date of the Third A&R Credit Agreement and (B) 90 days before the maturity date applicable to any outstanding convertible notes.","['credit_facility', 'executive_officer_appointment']",routine_compatible,False,2022-03-31,mixed_nonfacility_disclosure
ORCC,0001655888,0001193125-22-089872,2022-03-30,capital_and_financing,debt_activity,credit_facility,"ORCC Financing II entered into Amendment No. 7 which amended that certain Credit Agreement, dated as of May 22, 2018 as amended by the amendments dated as of October 10, 2018, dated as of December 20, 2018, dated as of May 30, 2019, dated as of November 22, 2019, dated as of March 17, 2020 and dated as of July 8, 2021. The Amendment amends the Secured Credit Facility to: (i) change the interest rate for amounts drawn in U.S. dollars from LIBOR to Term SOFR with adjusted spreads, (ii) extend the reinvestment period from April 17, 2022 to April 22, 2023, (iii) extend the stated maturity from December 22, 2028 to December 22, 2029 and (iv) convert the benchmark rate of the facility from LIBOR to term SOFR.",https://www.sec.gov/Archives/edgar/data/1655888/0001193125-22-089872.txt,"ORCC Financing II entered into Amendment No. 7 which amended that certain Credit Agreement, dated as of May 22, 2018 as amended by the amendments dated as of October 10, 2018, dated as of December 20, 2018, dated as of May 30, 2019, dated as of November 22, 2019, dated as of March 17, 2020 and dated as of July 8, 2021. The Amendment amends the Secured Credit Facility to: (i) change the interest rate for amounts drawn in U.S. dollars from LIBOR to Term SOFR with adjusted spreads, (ii) extend the reinvestment period from April 17, 2022 to April 22, 2023, (iii) extend the stated maturity from December 22, 2028 to December 22, 2029 and (iv) convert the benchmark rate of the facility from LIBOR to term SOFR.",['credit_facility'],routine_compatible,False,2022-03-31,no_explicit_revolving_facility
REED,0001140215,0001493152-22-008841,2022-04-01,capital_and_financing,debt_activity,credit_facility,"On March 28, 2022, the Company entered into a financing agreement with Alterna Capital Solutions, LLC ('ACS'), for a line of credit to replace its existing credit facility with Rosenthal & Rosenthal, Inc. The ACS line of credit is for a term of 3 years and provides for borrowings of up to $13,000. Borrowings are based upon eligible accounts receivable and inventory.",https://www.sec.gov/Archives/edgar/data/1140215/0001493152-22-008841.txt,"On March 28, 2022, the Company entered into a financing agreement with Alterna Capital Solutions, LLC ('ACS'), for a line of credit to replace its existing credit facility with Rosenthal & Rosenthal, Inc. The ACS line of credit is for a term of 3 years and provides for borrowings of up to $13,000. Borrowings are based upon eligible accounts receivable and inventory.",['credit_facility'],routine_compatible,False,2022-04-04,no_explicit_revolving_facility
MUX,0000314203,0001104659-22-043297,2022-04-06,capital_and_financing,debt_activity,credit_facility,"On April 1, 2022, the Company entered into a Second Amended and Restated Credit Agreement with Sprott Private Resource Lending II (Collector), LP as administrative agent and lender and Evanachan. The Credit Agreement amends the credit facility and related agreement in the amount of $50 million previously executed June 25, 2020.",https://www.sec.gov/Archives/edgar/data/314203/0001104659-22-043297.txt,"On March 31, 2022, McEwen Mining Inc. agreed to borrow an additional $15 million from Evanachan Limited. The loan is evidenced by a subordinated promissory note. The principal amount of the loan bears interest at the rate of 8% per annum, payable monthly in arrears. The principal and any accrued but unpaid interest are due and payable in full on September 30, 2025.
On April 1, 2022, the Company entered into a Second Amended and Restated Credit Agreement with Sprott Private Resource Lending II (Collector), LP as administrative agent and lender and Evanachan. The Credit Agreement amends the credit facility and related agreement in the amount of $50 million previously executed June 25, 2020.","['credit_facility', 'debt_issuance']",routine_compatible,False,2022-04-07,mixed_nonfacility_disclosure
AEP,0000004904,0000004904-22-000045,2022-04-07,capital_and_financing,debt_activity,credit_facility,"The 2027 Agreement contains a sustainability-linked pricing metric which permits an interest rate increase or reduction by meeting or missing targets related to environmental sustainability, specifically renewable energy generation. The 2024 Agreement also contains a sustainability-linked pricing metric which permits an interest rate increase or reduction by meeting or missing targets related to environmental sustainability, specifically renewable energy generation.",https://www.sec.gov/Archives/edgar/data/4904/0000004904-22-000045.txt,"The 2027 Agreement contains a sustainability-linked pricing metric which permits an interest rate increase or reduction by meeting or missing targets related to environmental sustainability, specifically renewable energy generation. The 2024 Agreement also contains a sustainability-linked pricing metric which permits an interest rate increase or reduction by meeting or missing targets related to environmental sustainability, specifically renewable energy generation.
On April 7, 2022, American Electric Power Company, Inc. amended and extended two existing credit agreements, a five-year $4,000,000,000 facility (extending the maturity from March 2026 to March 2027) and a two-year $1,000,000,000 facility (extending the maturity from March 2023 to March 2024).",['credit_facility'],routine_compatible,False,2022-04-08,no_explicit_revolving_facility
ENSG,0001125376,0001125376-22-000060,2022-04-12,capital_and_financing,debt_activity,credit_facility,"The Ensign Group, Inc. (the ""Company"") and its subsidiaries entered into the Second Amendment to Third Amended and Restated Credit Agreement (the ""Credit Facility"") to increase its existing Credit Facility by $250.0 million to an aggregate principal amount of up to $600.0 million and extended the maturity date of the Credit Facility to April 8, 2027.",https://www.sec.gov/Archives/edgar/data/1125376/0001125376-22-000060.txt,"The Ensign Group, Inc. (the ""Company"") and its subsidiaries entered into the Second Amendment to Third Amended and Restated Credit Agreement (the ""Credit Facility"") to increase its existing Credit Facility by $250.0 million to an aggregate principal amount of up to $600.0 million and extended the maturity date of the Credit Facility to April 8, 2027.
The interest rates applicable to loans under the Credit Facility are, at the Company's option, equal to either a base rate plus a margin ranging from 0.25% to 1.25% per annum or Secured Overnight Financing Rate (SOFR) plus a margin range from 1.25% to 2.25% per annum, based on the ratio of Consolidated Total Net Debt to Consolidated EBITDA. In addition, the Company pays a commitment fee on the unused portion of the commitments that ranges from 0.20% to 0.40% per annum.",['credit_facility'],routine_compatible,False,2022-04-13,no_explicit_revolving_facility
KALU,0000811596,0001193125-22-102294,2022-04-12,capital_and_financing,debt_activity,credit_facility,"Amendment No. 3 to Credit Agreement and Loan Documents with Wells Fargo Bank, National Association and JPMorgan Chase Bank, N.A., which modifies the Credit Agreement dated as of October 30, 2019. The Amended Credit Agreement (1) increased the commitment from $375 million to $575 million (of which up to a maximum of $50 million may be utilized for letters of credit), (2) extended the maturity date from the earlier of (i) February 15, 2024 (if certain conditions were met) and (ii) October 30, 2024 to April 7, 2027, (3) removed eligible equipment from the borrowing base and as collateral, and (4) updated relevant benchmark provisions to reference the Secured Overnight Financing Rate (""SOFR"") instead of the London Interbank Offered Rate.",https://www.sec.gov/Archives/edgar/data/811596/0001193125-22-102294.txt,"Amendment No. 3 to Credit Agreement and Loan Documents with Wells Fargo Bank, National Association and JPMorgan Chase Bank, N.A., which modifies the Credit Agreement dated as of October 30, 2019. The Amended Credit Agreement (1) increased the commitment from $375 million to $575 million (of which up to a maximum of $50 million may be utilized for letters of credit), (2) extended the maturity date from the earlier of (i) February 15, 2024 (if certain conditions were met) and (ii) October 30, 2024 to April 7, 2027, (3) removed eligible equipment from the borrowing base and as collateral, and (4) updated relevant benchmark provisions to reference the Secured Overnight Financing Rate (""SOFR"") instead of the London Interbank Offered Rate.",['credit_facility'],routine_compatible,False,2022-04-13,no_explicit_revolving_facility
SVC,0000945394,0001104659-22-047442,2022-04-20,capital_and_financing,debt_activity,credit_facility,"On April 14, 2022, we amended the agreement governing our revolving credit facility, or our credit agreement, with Wells Fargo Bank, National Association, as administrative agent and a lender, and a syndicate of other lenders, and exercised our option to extend the maturity date of our revolving credit facility by six months to January 15, 2023. Pursuant to the amendment, the revolving credit facility commitments were reduced from $1.0 billion to $800.0 million.",https://www.sec.gov/Archives/edgar/data/945394/0001104659-22-047442.txt,"Pursuant to the amendment, certain of the financial covenants in our credit agreement will be tested and in full force and effect beginning with the quarter ending September 30, 2022 and were modified to lower the required fixed charge coverage ratio from 1.5x to 1.0x through December 31, 2022, increase the minimum liquidity requirement from $125.0 million to $150.0 million and increase the required leverage ratio limit from 60% to 70%.
On April 14, 2022, we amended the agreement governing our revolving credit facility, or our credit agreement, with Wells Fargo Bank, National Association, as administrative agent and a lender, and a syndicate of other lenders, and exercised our option to extend the maturity date of our revolving credit facility by six months to January 15, 2023. Pursuant to the amendment, the revolving credit facility commitments were reduced from $1.0 billion to $800.0 million.","['covenant_violation', 'credit_facility']",routine_compatible,False,2022-04-21,mixed_nonfacility_disclosure
RILY,0001464790,0001213900-22-021232,2022-04-25,capital_and_financing,debt_activity,credit_facility,"On April 20, 2022, B. Riley Retail Solutions WF, LLC, B. Riley Retail, Inc. and B. Riley Retail Canada, ULC, each an indirect subsidiary of B. Riley Financial, Inc. (the ""Company""), in each such party's capacity as a borrower (collectively, the ""Borrowers"") entered into a Third Amended & Restated Credit Agreement which allows for borrowings up to $200.0 million with Wells Fargo Bank, National Association and Wells Fargo Capital Finance Corporation Canada.",https://www.sec.gov/Archives/edgar/data/1464790/0001213900-22-021232.txt,"On April 20, 2022, B. Riley Retail Solutions WF, LLC, B. Riley Retail, Inc. and B. Riley Retail Canada, ULC, each an indirect subsidiary of B. Riley Financial, Inc. (the ""Company""), in each such party's capacity as a borrower (collectively, the ""Borrowers"") entered into a Third Amended & Restated Credit Agreement which allows for borrowings up to $200.0 million with Wells Fargo Bank, National Association and Wells Fargo Capital Finance Corporation Canada.",['credit_facility'],routine_compatible,False,2022-04-26,no_explicit_revolving_facility
RILYG,0001464790,0001213900-22-021232,2022-04-25,capital_and_financing,debt_activity,credit_facility,"On April 20, 2022, B. Riley Retail Solutions WF, LLC, B. Riley Retail, Inc. and B. Riley Retail Canada, ULC, each an indirect subsidiary of B. Riley Financial, Inc. (the ""Company""), in each such party's capacity as a borrower (collectively, the ""Borrowers"") entered into a Third Amended & Restated Credit Agreement which allows for borrowings up to $200.0 million with Wells Fargo Bank, National Association and Wells Fargo Capital Finance Corporation Canada.",https://www.sec.gov/Archives/edgar/data/1464790/0001213900-22-021232.txt,"On April 20, 2022, B. Riley Retail Solutions WF, LLC, B. Riley Retail, Inc. and B. Riley Retail Canada, ULC, each an indirect subsidiary of B. Riley Financial, Inc. (the ""Company""), in each such party's capacity as a borrower (collectively, the ""Borrowers"") entered into a Third Amended & Restated Credit Agreement which allows for borrowings up to $200.0 million with Wells Fargo Bank, National Association and Wells Fargo Capital Finance Corporation Canada.",['credit_facility'],routine_compatible,False,2022-04-26,no_explicit_revolving_facility
RILYK,0001464790,0001213900-22-021232,2022-04-25,capital_and_financing,debt_activity,credit_facility,"On April 20, 2022, B. Riley Retail Solutions WF, LLC, B. Riley Retail, Inc. and B. Riley Retail Canada, ULC, each an indirect subsidiary of B. Riley Financial, Inc. (the ""Company""), in each such party's capacity as a borrower (collectively, the ""Borrowers"") entered into a Third Amended & Restated Credit Agreement which allows for borrowings up to $200.0 million with Wells Fargo Bank, National Association and Wells Fargo Capital Finance Corporation Canada.",https://www.sec.gov/Archives/edgar/data/1464790/0001213900-22-021232.txt,"On April 20, 2022, B. Riley Retail Solutions WF, LLC, B. Riley Retail, Inc. and B. Riley Retail Canada, ULC, each an indirect subsidiary of B. Riley Financial, Inc. (the ""Company""), in each such party's capacity as a borrower (collectively, the ""Borrowers"") entered into a Third Amended & Restated Credit Agreement which allows for borrowings up to $200.0 million with Wells Fargo Bank, National Association and Wells Fargo Capital Finance Corporation Canada.",['credit_facility'],routine_compatible,False,2022-04-26,no_explicit_revolving_facility
RILYL,0001464790,0001213900-22-021232,2022-04-25,capital_and_financing,debt_activity,credit_facility,"On April 20, 2022, B. Riley Retail Solutions WF, LLC, B. Riley Retail, Inc. and B. Riley Retail Canada, ULC, each an indirect subsidiary of B. Riley Financial, Inc. (the ""Company""), in each such party's capacity as a borrower (collectively, the ""Borrowers"") entered into a Third Amended & Restated Credit Agreement which allows for borrowings up to $200.0 million with Wells Fargo Bank, National Association and Wells Fargo Capital Finance Corporation Canada.",https://www.sec.gov/Archives/edgar/data/1464790/0001213900-22-021232.txt,"On April 20, 2022, B. Riley Retail Solutions WF, LLC, B. Riley Retail, Inc. and B. Riley Retail Canada, ULC, each an indirect subsidiary of B. Riley Financial, Inc. (the ""Company""), in each such party's capacity as a borrower (collectively, the ""Borrowers"") entered into a Third Amended & Restated Credit Agreement which allows for borrowings up to $200.0 million with Wells Fargo Bank, National Association and Wells Fargo Capital Finance Corporation Canada.",['credit_facility'],routine_compatible,False,2022-04-26,no_explicit_revolving_facility
RILYM,0001464790,0001213900-22-021232,2022-04-25,capital_and_financing,debt_activity,credit_facility,"On April 20, 2022, B. Riley Retail Solutions WF, LLC, B. Riley Retail, Inc. and B. Riley Retail Canada, ULC, each an indirect subsidiary of B. Riley Financial, Inc. (the ""Company""), in each such party's capacity as a borrower (collectively, the ""Borrowers"") entered into a Third Amended & Restated Credit Agreement which allows for borrowings up to $200.0 million with Wells Fargo Bank, National Association and Wells Fargo Capital Finance Corporation Canada.",https://www.sec.gov/Archives/edgar/data/1464790/0001213900-22-021232.txt,"On April 20, 2022, B. Riley Retail Solutions WF, LLC, B. Riley Retail, Inc. and B. Riley Retail Canada, ULC, each an indirect subsidiary of B. Riley Financial, Inc. (the ""Company""), in each such party's capacity as a borrower (collectively, the ""Borrowers"") entered into a Third Amended & Restated Credit Agreement which allows for borrowings up to $200.0 million with Wells Fargo Bank, National Association and Wells Fargo Capital Finance Corporation Canada.",['credit_facility'],routine_compatible,False,2022-04-26,no_explicit_revolving_facility
RILYN,0001464790,0001213900-22-021232,2022-04-25,capital_and_financing,debt_activity,credit_facility,"On April 20, 2022, B. Riley Retail Solutions WF, LLC, B. Riley Retail, Inc. and B. Riley Retail Canada, ULC, each an indirect subsidiary of B. Riley Financial, Inc. (the ""Company""), in each such party's capacity as a borrower (collectively, the ""Borrowers"") entered into a Third Amended & Restated Credit Agreement which allows for borrowings up to $200.0 million with Wells Fargo Bank, National Association and Wells Fargo Capital Finance Corporation Canada.",https://www.sec.gov/Archives/edgar/data/1464790/0001213900-22-021232.txt,"On April 20, 2022, B. Riley Retail Solutions WF, LLC, B. Riley Retail, Inc. and B. Riley Retail Canada, ULC, each an indirect subsidiary of B. Riley Financial, Inc. (the ""Company""), in each such party's capacity as a borrower (collectively, the ""Borrowers"") entered into a Third Amended & Restated Credit Agreement which allows for borrowings up to $200.0 million with Wells Fargo Bank, National Association and Wells Fargo Capital Finance Corporation Canada.",['credit_facility'],routine_compatible,False,2022-04-26,no_explicit_revolving_facility
RILYO,0001464790,0001213900-22-021232,2022-04-25,capital_and_financing,debt_activity,credit_facility,"On April 20, 2022, B. Riley Retail Solutions WF, LLC, B. Riley Retail, Inc. and B. Riley Retail Canada, ULC, each an indirect subsidiary of B. Riley Financial, Inc. (the ""Company""), in each such party's capacity as a borrower (collectively, the ""Borrowers"") entered into a Third Amended & Restated Credit Agreement which allows for borrowings up to $200.0 million with Wells Fargo Bank, National Association and Wells Fargo Capital Finance Corporation Canada.",https://www.sec.gov/Archives/edgar/data/1464790/0001213900-22-021232.txt,"On April 20, 2022, B. Riley Retail Solutions WF, LLC, B. Riley Retail, Inc. and B. Riley Retail Canada, ULC, each an indirect subsidiary of B. Riley Financial, Inc. (the ""Company""), in each such party's capacity as a borrower (collectively, the ""Borrowers"") entered into a Third Amended & Restated Credit Agreement which allows for borrowings up to $200.0 million with Wells Fargo Bank, National Association and Wells Fargo Capital Finance Corporation Canada.",['credit_facility'],routine_compatible,False,2022-04-26,no_explicit_revolving_facility
RILYP,0001464790,0001213900-22-021232,2022-04-25,capital_and_financing,debt_activity,credit_facility,"On April 20, 2022, B. Riley Retail Solutions WF, LLC, B. Riley Retail, Inc. and B. Riley Retail Canada, ULC, each an indirect subsidiary of B. Riley Financial, Inc. (the ""Company""), in each such party's capacity as a borrower (collectively, the ""Borrowers"") entered into a Third Amended & Restated Credit Agreement which allows for borrowings up to $200.0 million with Wells Fargo Bank, National Association and Wells Fargo Capital Finance Corporation Canada.",https://www.sec.gov/Archives/edgar/data/1464790/0001213900-22-021232.txt,"On April 20, 2022, B. Riley Retail Solutions WF, LLC, B. Riley Retail, Inc. and B. Riley Retail Canada, ULC, each an indirect subsidiary of B. Riley Financial, Inc. (the ""Company""), in each such party's capacity as a borrower (collectively, the ""Borrowers"") entered into a Third Amended & Restated Credit Agreement which allows for borrowings up to $200.0 million with Wells Fargo Bank, National Association and Wells Fargo Capital Finance Corporation Canada.",['credit_facility'],routine_compatible,False,2022-04-26,no_explicit_revolving_facility
RILYT,0001464790,0001213900-22-021232,2022-04-25,capital_and_financing,debt_activity,credit_facility,"On April 20, 2022, B. Riley Retail Solutions WF, LLC, B. Riley Retail, Inc. and B. Riley Retail Canada, ULC, each an indirect subsidiary of B. Riley Financial, Inc. (the ""Company""), in each such party's capacity as a borrower (collectively, the ""Borrowers"") entered into a Third Amended & Restated Credit Agreement which allows for borrowings up to $200.0 million with Wells Fargo Bank, National Association and Wells Fargo Capital Finance Corporation Canada.",https://www.sec.gov/Archives/edgar/data/1464790/0001213900-22-021232.txt,"On April 20, 2022, B. Riley Retail Solutions WF, LLC, B. Riley Retail, Inc. and B. Riley Retail Canada, ULC, each an indirect subsidiary of B. Riley Financial, Inc. (the ""Company""), in each such party's capacity as a borrower (collectively, the ""Borrowers"") entered into a Third Amended & Restated Credit Agreement which allows for borrowings up to $200.0 million with Wells Fargo Bank, National Association and Wells Fargo Capital Finance Corporation Canada.",['credit_facility'],routine_compatible,False,2022-04-26,no_explicit_revolving_facility
RILYZ,0001464790,0001213900-22-021232,2022-04-25,capital_and_financing,debt_activity,credit_facility,"On April 20, 2022, B. Riley Retail Solutions WF, LLC, B. Riley Retail, Inc. and B. Riley Retail Canada, ULC, each an indirect subsidiary of B. Riley Financial, Inc. (the ""Company""), in each such party's capacity as a borrower (collectively, the ""Borrowers"") entered into a Third Amended & Restated Credit Agreement which allows for borrowings up to $200.0 million with Wells Fargo Bank, National Association and Wells Fargo Capital Finance Corporation Canada.",https://www.sec.gov/Archives/edgar/data/1464790/0001213900-22-021232.txt,"On April 20, 2022, B. Riley Retail Solutions WF, LLC, B. Riley Retail, Inc. and B. Riley Retail Canada, ULC, each an indirect subsidiary of B. Riley Financial, Inc. (the ""Company""), in each such party's capacity as a borrower (collectively, the ""Borrowers"") entered into a Third Amended & Restated Credit Agreement which allows for borrowings up to $200.0 million with Wells Fargo Bank, National Association and Wells Fargo Capital Finance Corporation Canada.",['credit_facility'],routine_compatible,False,2022-04-26,no_explicit_revolving_facility
ETRN,0001747009,0001104659-22-049220,2022-04-25,capital_and_financing,debt_activity,credit_facility,"EQM Midstream Partners, LP (EQM), a wholly owned subsidiary of Equitrans Midstream Corporation (the Company), entered into an amendment (the Amendment) to that certain Third Amended and Restated Credit Agreement, dated as of October 31, 2018... The Amendment, among other things: Replaced LIBOR with SOFR as the benchmark rate for borrowings, including a credit spread adjustment of 0.10% for all applicable interest periods as well as for daily swing line borrowings. Extended the stated maturity date... from October 31, 2023 to April 30, 2025. Reduced the aggregate commitments available under the Amended EQM Credit Facility on a non-pro rata basis to $2,160,375,000.",https://www.sec.gov/Archives/edgar/data/1747009/0001104659-22-049220.txt,"EQM Midstream Partners, LP (EQM), a wholly owned subsidiary of Equitrans Midstream Corporation (the Company), entered into an amendment (the Amendment) to that certain Third Amended and Restated Credit Agreement, dated as of October 31, 2018... The Amendment, among other things: Replaced LIBOR with SOFR as the benchmark rate for borrowings, including a credit spread adjustment of 0.10% for all applicable interest periods as well as for daily swing line borrowings. Extended the stated maturity date... from October 31, 2023 to April 30, 2025. Reduced the aggregate commitments available under the Amended EQM Credit Facility on a non-pro rata basis to $2,160,375,000.",['credit_facility'],routine_compatible,False,2022-04-26,no_explicit_revolving_facility
CWK,0001628369,0001193125-22-130690,2022-04-29,capital_and_financing,debt_activity,credit_facility,"Amendment No. 3 to the Credit Agreement, among other things, (i) increases the revolving commitments under the Credit Agreement to $1,100 million, (ii) extends the maturity date for the revolving credit facility from August 21, 2023 to April 28, 2027 (subject to a springing maturity date in the event that certain conditions occur), (iii) updates certain currency reference rates for revolving borrowings, including replacing the LIBOR rate with Term SOFR plus an applicable spread adjustment and (iv) modifies the financial covenant from a maximum First Lien Net Leverage Ratio of 5.80 to 1.00 to 5.00 to 1.00.",https://www.sec.gov/Archives/edgar/data/1628369/0001193125-22-130690.txt,"The Credit Amendment implements a sustainability pricing adjustment to the applicable rate and commitment fee for the revolving facility payable by the Borrower that may result in a positive or negative adjustment of up to (i) 2.5 basis points for the applicable rate and (ii) 0.5 basis points for the commitment fee, in each case, based on targeted greenhouse gas emissions reductions.
Amendment No. 3 to the Credit Agreement, among other things, (i) increases the revolving commitments under the Credit Agreement to $1,100 million, (ii) extends the maturity date for the revolving credit facility from August 21, 2023 to April 28, 2027 (subject to a springing maturity date in the event that certain conditions occur), (iii) updates certain currency reference rates for revolving borrowings, including replacing the LIBOR rate with Term SOFR plus an applicable spread adjustment and (iv) modifies the financial covenant from a maximum First Lien Net Leverage Ratio of 5.80 to 1.00 to 5.00 to 1.00.","['credit_facility', 'esg_sustainability_commitment']",routine_compatible,False,2022-05-02,mixed_nonfacility_disclosure
REPX,0001001614,0001628280-22-011727,2022-05-02,capital_and_financing,debt_activity,credit_facility,"Riley Exploration Permian, Inc. (the ""Company""), Riley Exploration – Permian, LLC, a wholly-owned subsidiary of the Company (""Riley LLC"" or the ""Borrower""), Truist Bank as Administrative Agent and the lenders party thereto entered into the eleventh amendment (the ""Amendment"") to the credit facility dated September 28, 2017 (the ""Credit Agreement""). Among other things, the Amendment increased the borrowing base and elected commitments of the lenders party thereto from $175 million to $200 million, extended the maturity to April 2026 and changed the requirements for hedging to be based on utilization of the borrowing base and the Company's leverage ratio.",https://www.sec.gov/Archives/edgar/data/1001614/0001628280-22-011727.txt,"Riley Exploration Permian, Inc. (the ""Company""), Riley Exploration – Permian, LLC, a wholly-owned subsidiary of the Company (""Riley LLC"" or the ""Borrower""), Truist Bank as Administrative Agent and the lenders party thereto entered into the eleventh amendment (the ""Amendment"") to the credit facility dated September 28, 2017 (the ""Credit Agreement""). Among other things, the Amendment increased the borrowing base and elected commitments of the lenders party thereto from $175 million to $200 million, extended the maturity to April 2026 and changed the requirements for hedging to be based on utilization of the borrowing base and the Company's leverage ratio.",['credit_facility'],routine_compatible,False,2022-05-03,no_explicit_revolving_facility
HGV,0001674168,0001193125-22-139616,2022-05-04,capital_and_financing,debt_activity,credit_facility,"entered into an Amended and Restated Receivables Loan Agreement...increases the borrowing capacity from $450.0 million to $750.0 million; renews and extends the commitment period of the Warehouse Credit Facility from August 12, 2022 to May 3, 2024, with a maturity date of May 26, 2025",https://www.sec.gov/Archives/edgar/data/1674168/0001193125-22-139616.txt,"entered into an Amended and Restated Receivables Loan Agreement...increases the borrowing capacity from $450.0 million to $750.0 million; renews and extends the commitment period of the Warehouse Credit Facility from August 12, 2022 to May 3, 2024, with a maturity date of May 26, 2025",['credit_facility'],routine_compatible,False,2022-05-05,no_explicit_revolving_facility
CBIZ,0000944148,0001628280-22-012917,2022-05-06,capital_and_financing,debt_activity,credit_facility,"On May 4, 2022, CBIZ, Inc. entered into a Second Amended and Restated Credit Agreement (the '2022 Credit Facility') by and among CBIZ Operations, Inc. (the 'Borrower'), CBIZ, Inc., and Bank of America, N.A., as administrative agent, and the other financial institutions. An increase in the facility from $400 million to $600 million; An extension of the maturity date by 5 years; An accordion feature that permits lenders to extend additional $200 million at later date.",https://www.sec.gov/Archives/edgar/data/944148/0001628280-22-012917.txt,"On May 4, 2022, CBIZ, Inc. entered into a Second Amended and Restated Credit Agreement (the '2022 Credit Facility') by and among CBIZ Operations, Inc. (the 'Borrower'), CBIZ, Inc., and Bank of America, N.A., as administrative agent, and the other financial institutions. An increase in the facility from $400 million to $600 million; An extension of the maturity date by 5 years; An accordion feature that permits lenders to extend additional $200 million at later date.",['credit_facility'],routine_compatible,False,2022-05-09,no_explicit_revolving_facility
CBZ,0000944148,0001628280-22-012917,2022-05-06,capital_and_financing,debt_activity,credit_facility,"On May 4, 2022, CBIZ, Inc. entered into a Second Amended and Restated Credit Agreement (the '2022 Credit Facility') by and among CBIZ Operations, Inc. (the 'Borrower'), CBIZ, Inc., and Bank of America, N.A., as administrative agent, and the other financial institutions. An increase in the facility from $400 million to $600 million; An extension of the maturity date by 5 years; An accordion feature that permits lenders to extend additional $200 million at later date.",https://www.sec.gov/Archives/edgar/data/944148/0001628280-22-012917.txt,"On May 4, 2022, CBIZ, Inc. entered into a Second Amended and Restated Credit Agreement (the '2022 Credit Facility') by and among CBIZ Operations, Inc. (the 'Borrower'), CBIZ, Inc., and Bank of America, N.A., as administrative agent, and the other financial institutions. An increase in the facility from $400 million to $600 million; An extension of the maturity date by 5 years; An accordion feature that permits lenders to extend additional $200 million at later date.",['credit_facility'],routine_compatible,False,2022-05-09,no_explicit_revolving_facility
SCEPG,0000092103,0000092103-22-000008,2022-05-09,capital_and_financing,debt_activity,credit_facility,"Southern California Edison Company (SCE) entered into a First Amendment to the Term Loan Credit Agreement, dated as of May 10, 2021, with the lenders named therein and Royal Bank of Canada, as administrative agent. The First Amendment extends the maturity date from May 9, 2022 to May 8, 2023, subject to extension at the lenders' discretion for one additional 364-day period and implements language consistent with U.S. syndicated loan market practice to use an adjusted forward-looking term rate based on the secured overnight financing rate as the benchmark rate, as a replacement for the London Interbank Offered Rate.",https://www.sec.gov/Archives/edgar/data/92103/0000092103-22-000008.txt,"Southern California Edison Company (SCE) entered into a First Amendment to the Term Loan Credit Agreement, dated as of May 10, 2021, with the lenders named therein and Royal Bank of Canada, as administrative agent. The First Amendment extends the maturity date from May 9, 2022 to May 8, 2023, subject to extension at the lenders' discretion for one additional 364-day period and implements language consistent with U.S. syndicated loan market practice to use an adjusted forward-looking term rate based on the secured overnight financing rate as the benchmark rate, as a replacement for the London Interbank Offered Rate.",['credit_facility'],routine_compatible,False,2022-05-10,no_explicit_revolving_facility
SCEPH,0000092103,0000092103-22-000008,2022-05-09,capital_and_financing,debt_activity,credit_facility,"Southern California Edison Company (SCE) entered into a First Amendment to the Term Loan Credit Agreement, dated as of May 10, 2021, with the lenders named therein and Royal Bank of Canada, as administrative agent. The First Amendment extends the maturity date from May 9, 2022 to May 8, 2023, subject to extension at the lenders' discretion for one additional 364-day period and implements language consistent with U.S. syndicated loan market practice to use an adjusted forward-looking term rate based on the secured overnight financing rate as the benchmark rate, as a replacement for the London Interbank Offered Rate.",https://www.sec.gov/Archives/edgar/data/92103/0000092103-22-000008.txt,"Southern California Edison Company (SCE) entered into a First Amendment to the Term Loan Credit Agreement, dated as of May 10, 2021, with the lenders named therein and Royal Bank of Canada, as administrative agent. The First Amendment extends the maturity date from May 9, 2022 to May 8, 2023, subject to extension at the lenders' discretion for one additional 364-day period and implements language consistent with U.S. syndicated loan market practice to use an adjusted forward-looking term rate based on the secured overnight financing rate as the benchmark rate, as a replacement for the London Interbank Offered Rate.",['credit_facility'],routine_compatible,False,2022-05-10,no_explicit_revolving_facility
SCEPJ,0000092103,0000092103-22-000008,2022-05-09,capital_and_financing,debt_activity,credit_facility,"Southern California Edison Company (SCE) entered into a First Amendment to the Term Loan Credit Agreement, dated as of May 10, 2021, with the lenders named therein and Royal Bank of Canada, as administrative agent. The First Amendment extends the maturity date from May 9, 2022 to May 8, 2023, subject to extension at the lenders' discretion for one additional 364-day period and implements language consistent with U.S. syndicated loan market practice to use an adjusted forward-looking term rate based on the secured overnight financing rate as the benchmark rate, as a replacement for the London Interbank Offered Rate.",https://www.sec.gov/Archives/edgar/data/92103/0000092103-22-000008.txt,"Southern California Edison Company (SCE) entered into a First Amendment to the Term Loan Credit Agreement, dated as of May 10, 2021, with the lenders named therein and Royal Bank of Canada, as administrative agent. The First Amendment extends the maturity date from May 9, 2022 to May 8, 2023, subject to extension at the lenders' discretion for one additional 364-day period and implements language consistent with U.S. syndicated loan market practice to use an adjusted forward-looking term rate based on the secured overnight financing rate as the benchmark rate, as a replacement for the London Interbank Offered Rate.",['credit_facility'],routine_compatible,False,2022-05-10,no_explicit_revolving_facility
SCEPK,0000092103,0000092103-22-000008,2022-05-09,capital_and_financing,debt_activity,credit_facility,"Southern California Edison Company (SCE) entered into a First Amendment to the Term Loan Credit Agreement, dated as of May 10, 2021, with the lenders named therein and Royal Bank of Canada, as administrative agent. The First Amendment extends the maturity date from May 9, 2022 to May 8, 2023, subject to extension at the lenders' discretion for one additional 364-day period and implements language consistent with U.S. syndicated loan market practice to use an adjusted forward-looking term rate based on the secured overnight financing rate as the benchmark rate, as a replacement for the London Interbank Offered Rate.",https://www.sec.gov/Archives/edgar/data/92103/0000092103-22-000008.txt,"Southern California Edison Company (SCE) entered into a First Amendment to the Term Loan Credit Agreement, dated as of May 10, 2021, with the lenders named therein and Royal Bank of Canada, as administrative agent. The First Amendment extends the maturity date from May 9, 2022 to May 8, 2023, subject to extension at the lenders' discretion for one additional 364-day period and implements language consistent with U.S. syndicated loan market practice to use an adjusted forward-looking term rate based on the secured overnight financing rate as the benchmark rate, as a replacement for the London Interbank Offered Rate.",['credit_facility'],routine_compatible,False,2022-05-10,no_explicit_revolving_facility
SCEPL,0000092103,0000092103-22-000008,2022-05-09,capital_and_financing,debt_activity,credit_facility,"Southern California Edison Company (SCE) entered into a First Amendment to the Term Loan Credit Agreement, dated as of May 10, 2021, with the lenders named therein and Royal Bank of Canada, as administrative agent. The First Amendment extends the maturity date from May 9, 2022 to May 8, 2023, subject to extension at the lenders' discretion for one additional 364-day period and implements language consistent with U.S. syndicated loan market practice to use an adjusted forward-looking term rate based on the secured overnight financing rate as the benchmark rate, as a replacement for the London Interbank Offered Rate.",https://www.sec.gov/Archives/edgar/data/92103/0000092103-22-000008.txt,"Southern California Edison Company (SCE) entered into a First Amendment to the Term Loan Credit Agreement, dated as of May 10, 2021, with the lenders named therein and Royal Bank of Canada, as administrative agent. The First Amendment extends the maturity date from May 9, 2022 to May 8, 2023, subject to extension at the lenders' discretion for one additional 364-day period and implements language consistent with U.S. syndicated loan market practice to use an adjusted forward-looking term rate based on the secured overnight financing rate as the benchmark rate, as a replacement for the London Interbank Offered Rate.",['credit_facility'],routine_compatible,False,2022-05-10,no_explicit_revolving_facility
BHC,0000885590,0001193125-22-146413,2022-05-10,capital_and_financing,debt_activity,credit_facility,"On May 10, 2022, Bausch Health Companies Inc. entered into a Second Amendment providing for the refinancing of its existing term loan and revolving credit facilities with a new term facility with an aggregate principal amount of $2,500 million (the '2027 Term Loan B Facility') maturing on February 1, 2027 and a new revolving credit facility of $975 million (the '2027 Revolving Credit Facility').",https://www.sec.gov/Archives/edgar/data/885590/0001193125-22-146413.txt,"On May 10, 2022, Bausch Health Companies Inc. entered into a Second Amendment providing for the refinancing of its existing term loan and revolving credit facilities with a new term facility with an aggregate principal amount of $2,500 million (the '2027 Term Loan B Facility') maturing on February 1, 2027 and a new revolving credit facility of $975 million (the '2027 Revolving Credit Facility').
On May 10, 2022, the Company notified the Trustee and holders of its outstanding 9.000% Senior Notes due 2025 that the conditions to its previously announced redemption would not be satisfied, and the conditional redemption was cancelled.
On May 10, 2022, Bausch + Lomb Corporation entered into a Credit and Guaranty Agreement providing for a five-year term loan facility in an initial principal amount of $2,500 million and a five-year revolving credit facility in the amount of $500 million.
On May 10, 2022, the Company caused sufficient funds for the redemption in full of the 6.125% Notes due 2025 at a redemption price of 101.021% of the principal amount thereof to be irrevocably deposited with the Bank of New York Mellon, N.A., as trustee, and the 6.125% Notes Indenture was discharged. The 6.125% Notes due 2025 will be redeemed on May 16, 2022.","['credit_facility', 'deal_withdrawal', 'debt_retirement']",routine_compatible,False,2022-05-11,mixed_nonfacility_disclosure
PBF,0001534504,0001534504-22-000023,2022-05-27,capital_and_financing,debt_activity,credit_facility,"The Amendment No. 3 redefines certain components of the Borrowing Base (as defined in the ABL) to reflect the existence of the two tranches. In addition, an accordion feature allows for additional Tranche B Commitments of up to an additional $500 million plus an amount equal to the Tranche A Commitments.",https://www.sec.gov/Archives/edgar/data/1566011/0001534504-22-000023.txt,"The Amendment No. 3 redefines certain components of the Borrowing Base (as defined in the ABL) to reflect the existence of the two tranches. In addition, an accordion feature allows for additional Tranche B Commitments of up to an additional $500 million plus an amount equal to the Tranche A Commitments.
On May 25, 2022, PBF Holding Company LLC and PBF Energy Inc., and certain of its wholly-owned subsidiaries, as borrowers or subsidiary guarantors entered into an amendment of its existing asset-based revolving credit agreement (as previously amended by Amendments No. 1 and 2, collectively, the 'ABL'), among PBF, Bank of America, National Association ('BofA'), as administrative agent, and certain other lenders (the 'Amendment No. 3'). The Amendment No. 3 makes certain amendments to the ABL, including but not limited to establishing two tranches, Tranche A which is comprised of existing lenders whose commitments retain the existing maturity date under the ABL of May 2, 2023 (the 'Tranche A Commitments') and Tranche B, which is comprised of existing and new lenders whose commitments have an extended maturity date of January 31, 2025 (the 'Tranche B Commitments'). The Tranche A Commitments total $1.55 billion and the Tranche B Commitments total $2.75 billion.
Amendment No. 3 also includes changes to incorporate the adoption of Secured Overnight Financing Rate (SOFR) as a replacement of the London Interbank Offered Rate (LIBOR), changes to joint lead arrangers, bookrunners, syndication agents and other titles, and other changes related to the foregoing.
On May 25, 2022, PBF Holding, and its wholly-owned subsidiaries, Delaware City Refining Company LLC, Paulsboro Refining Company LLC, and Chalmette Refining, L.L.C. entered into an amendment (the 'J. Aron Amendment') of the third amended and restated inventory intermediation agreement dated October 25, 2021 (the 'Third A&R Inventory Intermediation Agreement') with J. Aron & Company LLC, a subsidiary of the Goldman Sachs Group, Inc., to amend certain provisions of the Third A&R Inventory Intermediation Agreement that related to the ABL and were impacted by the changes effected by the Amendment No. 3.","['credit_facility', 'supply_or_distribution_agreement']",routine_compatible,False,2022-05-31,mixed_nonfacility_disclosure
MAXR,0001121142,0001104659-22-066927,2022-06-01,capital_and_financing,debt_activity,credit_facility,"The Company intends to amend and restate that certain Restated Credit Agreement...to amend and restate the Existing Credit Agreement, (x) to refinance or repay all outstanding term loans and replace revolving commitments under the Existing Credit Agreement and (y) to amend the Existing Credit Agreement to, among other things, (i) extend the maturity date of its senior secured first lien revolving credit facility in an aggregate capacity of $500 million to 2027...and (ii) extend the maturity date of its senior secured first lien term B facility to 2029.",https://www.sec.gov/Archives/edgar/data/1121142/0001104659-22-066927.txt,"On June 1, 2022, the Company announced the commencement of a private offering (the ""Notes Offering"") of $500 million in aggregate principal amount of senior secured notes due 2027 (the ""Notes""). The Notes will be senior, first-priority secured obligations of the Company, initially guaranteed on a senior, first-priority secured basis by the Company's subsidiaries that are guarantors under the Syndicated Credit Facility.
The Company intends to amend and restate that certain Restated Credit Agreement...to amend and restate the Existing Credit Agreement, (x) to refinance or repay all outstanding term loans and replace revolving commitments under the Existing Credit Agreement and (y) to amend the Existing Credit Agreement to, among other things, (i) extend the maturity date of its senior secured first lien revolving credit facility in an aggregate capacity of $500 million to 2027...and (ii) extend the maturity date of its senior secured first lien term B facility to 2029.
The Company also announced that a conditional notice of redemption has been issued with respect to all of its outstanding 9.750% senior secured notes due 2023 (the ""Existing 2023 Notes""). The Company intends to use the net proceeds from the Notes Offering, together with proceeds from borrowings under the Syndicated Credit Facility on the closing of the Notes Offering and cash on hand, to fund the redemption of all of the 2023 Notes.","['credit_facility', 'debt_issuance', 'debt_retirement']",routine_compatible,False,2022-06-02,mixed_nonfacility_disclosure
KEQU,0000055529,0001193125-22-166199,2022-06-02,capital_and_financing,debt_activity,credit_facility,"Effective as of May 27, 2022, Kewaunee Scientific Corporation (the ""Company"") entered into a Fifteenth Amendment to Credit and Security Agreement (the ""Amendment"") with Wells Fargo Bank, National Association (the ""Bank""). The Amendment made certain changes to the Credit and Security Agreement, dated as of May 6, 2013, as amended (the ""Credit Agreement""), between the Company and the Bank... The changes included (i) reducing the aggregate principal amount available under the line of credit from $4,715,823 to $3,000,000 (the ""Line of Credit""); (ii) extending the maturity date under the Credit Agreement and Revolving Note from May 31, 2022 to June 30, 2022; and (iii) permanently reducing the maximum aggregate principal amount committed under the Line of Credit.",https://www.sec.gov/Archives/edgar/data/55529/0001193125-22-166199.txt,"Effective as of May 27, 2022, Kewaunee Scientific Corporation (the ""Company"") entered into a Fifteenth Amendment to Credit and Security Agreement (the ""Amendment"") with Wells Fargo Bank, National Association (the ""Bank""). The Amendment made certain changes to the Credit and Security Agreement, dated as of May 6, 2013, as amended (the ""Credit Agreement""), between the Company and the Bank... The changes included (i) reducing the aggregate principal amount available under the line of credit from $4,715,823 to $3,000,000 (the ""Line of Credit""); (ii) extending the maturity date under the Credit Agreement and Revolving Note from May 31, 2022 to June 30, 2022; and (iii) permanently reducing the maximum aggregate principal amount committed under the Line of Credit.",['credit_facility'],routine_compatible,False,2022-06-03,short_bridge_extension
ESTE,0000010254,0000010254-22-000117,2022-06-02,capital_and_financing,debt_activity,credit_facility,"the Amendment extended the maturity of the Credit Agreement to June 2027, increased the borrowing base from $1.325 billion to $1.4 billion and reduced the interest rate for amounts outstanding. Elected commitments under the Credit Agreement remain at $800 million.",https://www.sec.gov/Archives/edgar/data/10254/0000010254-22-000117.txt,"the Amendment extended the maturity of the Credit Agreement to June 2027, increased the borrowing base from $1.325 billion to $1.4 billion and reduced the interest rate for amounts outstanding. Elected commitments under the Credit Agreement remain at $800 million.",['credit_facility'],routine_compatible,False,2022-06-03,no_explicit_revolving_facility
X,0001163302,0001104659-22-067883,2022-06-03,capital_and_financing,debt_activity,credit_facility,"On May 27, 2022, United States Steel Corporation entered into a Sixth Amended and Restated Credit Agreement with lenders and JPMorgan Chase Bank, N.A., as administrative agent. The Sixth Amended and Restated Credit Agreement provides for a $1.75 billion sustainability-linked loan facility, with a scheduled maturity date of May 27, 2027.",https://www.sec.gov/Archives/edgar/data/1163302/0001104659-22-067883.txt,"On May 27, 2022, United States Steel Corporation entered into a Sixth Amended and Restated Credit Agreement with lenders and JPMorgan Chase Bank, N.A., as administrative agent. The Sixth Amended and Restated Credit Agreement provides for a $1.75 billion sustainability-linked loan facility, with a scheduled maturity date of May 27, 2027.",['credit_facility'],routine_compatible,False,2022-06-06,no_explicit_revolving_facility
PBPB,0001195734,0001195734-22-000074,2022-06-06,capital_and_financing,debt_activity,credit_facility,"On May 31, 2022, Potbelly Corporation entered into Amendment No. 7 to the Second Amended and Restated Credit Agreement, dated as of August 7, 2019 with JPMorgan Chase Bank, N.A. The Amendment extends the maturity date under the Credit Agreement from May 31, 2023 to August 31, 2023 and revises the minimum monthly EBITDA and Liquidity thresholds the Company must maintain.",https://www.sec.gov/Archives/edgar/data/1195734/0001195734-22-000074.txt,"On May 31, 2022, Potbelly Corporation entered into Amendment No. 7 to the Second Amended and Restated Credit Agreement, dated as of August 7, 2019 with JPMorgan Chase Bank, N.A. The Amendment extends the maturity date under the Credit Agreement from May 31, 2023 to August 31, 2023 and revises the minimum monthly EBITDA and Liquidity thresholds the Company must maintain.",['credit_facility'],routine_compatible,False,2022-06-07,no_explicit_revolving_facility
GLW,0000024741,0001206774-22-001480,2022-06-07,capital_and_financing,debt_activity,credit_facility,"Corning Incorporated entered into a new $1,500,000,000 Credit Agreement, dated as of June 6, 2022, among the Company, the lenders parties thereto and JPMorgan Chase Bank, N.A., as administrative agent for such lenders, which replaces the Company's existing $1,500,000,000 Credit Agreement dated August 18, 2018. Under the Credit Agreement, borrowings are available in Dollars, Sterling, Yen and Euros to Corning and any direct or indirect wholly-owned subsidiary of Corning in a maximum amount outstanding at any one time of $1,500,000,000.",https://www.sec.gov/Archives/edgar/data/24741/0001206774-22-001480.txt,"Corning Incorporated entered into a new $1,500,000,000 Credit Agreement, dated as of June 6, 2022, among the Company, the lenders parties thereto and JPMorgan Chase Bank, N.A., as administrative agent for such lenders, which replaces the Company's existing $1,500,000,000 Credit Agreement dated August 18, 2018. Under the Credit Agreement, borrowings are available in Dollars, Sterling, Yen and Euros to Corning and any direct or indirect wholly-owned subsidiary of Corning in a maximum amount outstanding at any one time of $1,500,000,000.",['credit_facility'],routine_compatible,False,2022-06-08,no_explicit_revolving_facility
FANG,0001539838,0001539838-22-000073,2022-06-07,capital_and_financing,debt_activity,credit_facility,"Diamondback Energy, Inc., as parent guarantor, and Diamondback E&P LLC, as borrower, entered into a thirteenth amendment to the Second Amended and Restated Credit Agreement, dated as of November 1, 2013, with Wells Fargo Bank, National Association, as administrative agent. The Amendment extended the maturity date to June 2, 2027, decreased the interest rate margin applicable to the loans and certain fees payable under the Credit Agreement and replaced the LIBOR interest rate benchmark with the secured overnight financing rate (SOFR).",https://www.sec.gov/Archives/edgar/data/1539838/0001539838-22-000073.txt,"Diamondback Energy, Inc., as parent guarantor, and Diamondback E&P LLC, as borrower, entered into a thirteenth amendment to the Second Amended and Restated Credit Agreement, dated as of November 1, 2013, with Wells Fargo Bank, National Association, as administrative agent. The Amendment extended the maturity date to June 2, 2027, decreased the interest rate margin applicable to the loans and certain fees payable under the Credit Agreement and replaced the LIBOR interest rate benchmark with the secured overnight financing rate (SOFR).",['credit_facility'],routine_compatible,False,2022-06-08,no_explicit_revolving_facility
AAOI,0001158114,0001683168-22-004284,2022-06-10,capital_and_financing,debt_activity,credit_facility,"Global Technology, Inc. entered into a security agreement and a five-year credit line agreement, totaling 200,000,000 RMB (collectively, the ""Credit Line"") with China Zheshang Bank Co., Ltd. The Credit Line increases the available credit, extends the credit period and renews the credit facility between Global Technology and the Bank previously entered into on January 6, 2021.",https://www.sec.gov/Archives/edgar/data/1158114/0001683168-22-004284.txt,"Global Technology, Inc. entered into a security agreement and a five-year credit line agreement, totaling 200,000,000 RMB (collectively, the ""Credit Line"") with China Zheshang Bank Co., Ltd. The Credit Line increases the available credit, extends the credit period and renews the credit facility between Global Technology and the Bank previously entered into on January 6, 2021.",['credit_facility'],routine_compatible,False,2022-06-13,no_explicit_revolving_facility
NOVA,0001772695,0001193125-22-172017,2022-06-10,capital_and_financing,debt_activity,credit_facility,"The SLA Amendment amended the SLA Credit Agreement to, among other things, (i) extend the scheduled commitment termination date to May 2024, (ii) extend the facility maturity date to November 2024, (iii) increase the aggregate commitments from $200.0 million to $400.0 million, subject to reductions based on the outstanding principal balance of advances over certain time periods, (iv) increase the maximum facility amount from $350.0 million to $475.0 million, (v) modify the interest rate on borrowings from accruing based on the London Inter-Bank Offered Rate (LIBOR) to accruing based on a forward-looking term rate based on the secured overnight financing rate (""Term SOFR""), plus a Term SOFR spread adjustment.",https://www.sec.gov/Archives/edgar/data/1772695/0001193125-22-172017.txt,"The SLA Amendment amended the SLA Credit Agreement to, among other things, (i) extend the scheduled commitment termination date to May 2024, (ii) extend the facility maturity date to November 2024, (iii) increase the aggregate commitments from $200.0 million to $400.0 million, subject to reductions based on the outstanding principal balance of advances over certain time periods, (iv) increase the maximum facility amount from $350.0 million to $475.0 million, (v) modify the interest rate on borrowings from accruing based on the London Inter-Bank Offered Rate (LIBOR) to accruing based on a forward-looking term rate based on the secured overnight financing rate (""Term SOFR""), plus a Term SOFR spread adjustment.
On June 8, 2022, a wholly owned subsidiary (the ""SLA Borrower"") of Sunnova Energy International Inc. (the ""Company"") entered into that certain Amendment No. 8 to the Amended and Restated Credit Agreement (the ""SLA Amendment""), which further amends that certain Amended and Restated Credit Agreement, dated as of March 27, 2019 (as previously amended, the ""SLA Credit Agreement""), by and among the SLA Borrower, certain other subsidiaries of the Company, Credit Suisse AG, New York Branch, as agent, and the lenders and other financial institutions party thereto.",['credit_facility'],routine_compatible,False,2022-06-13,no_explicit_revolving_facility
SPIR,0001816017,0000950170-22-011638,2022-06-14,capital_and_financing,debt_activity,credit_facility,"On June 13, 2022, Spire Global, Inc. (the ""Company""), as borrower, and Spire Global Subsidiary, Inc. and Austin Satellite Design, LLC, as guarantors, entered into a Financing Agreement (the ""Financing Agreement"") with Blue Torch Finance LLC, a Delaware limited liability company (""Blue Torch""), as administrative agent and collateral agent, and certain lenders (the ""Lenders""). The Financing Agreement provides for, among other things, a term loan facility in an aggregate principal amount of up to $120.0 million (the ""Credit Facility"").",https://www.sec.gov/Archives/edgar/data/1816017/0000950170-22-011638.txt,"The Company repaid in full all obligations and all amounts borrowed, and all obligations have terminated, under the Loan and Security Agreement, dated as of April 15, 2021, by and between the Company, certain subsidiaries of the Company as guarantors, the lenders party thereto and FP Credit Partners, L.P., as agent (as previously amended, ""the Existing Credit Agreement""). The $70.0 million credit facility under the Existing Credit Agreement was replaced by the Financing Agreement and outstanding principal and interest under the Existing Credit Agreement in an aggregate amount equal to approximately $72.8 million was repaid with proceeds of the term loan under the Credit Facility.
On June 13, 2022, Spire Global, Inc. (the ""Company""), as borrower, and Spire Global Subsidiary, Inc. and Austin Satellite Design, LLC, as guarantors, entered into a Financing Agreement (the ""Financing Agreement"") with Blue Torch Finance LLC, a Delaware limited liability company (""Blue Torch""), as administrative agent and collateral agent, and certain lenders (the ""Lenders""). The Financing Agreement provides for, among other things, a term loan facility in an aggregate principal amount of up to $120.0 million (the ""Credit Facility"").
The $120.0 million term loan was available and drawn at closing, of which $19.7 million was placed in an escrow account by Blue Torch with such amount to be released upon the Company achieving $96.0 million in annualized recurring revenue and a total annualized recurring revenue leverage ratio of not greater than 1.25 to 1.00.","['credit_facility', 'credit_facility_draw', 'debt_retirement']",routine_compatible,False,2022-06-15,no_explicit_revolving_facility
SPIR.WS,0001816017,0000950170-22-011638,2022-06-14,capital_and_financing,debt_activity,credit_facility,"On June 13, 2022, Spire Global, Inc. (the ""Company""), as borrower, and Spire Global Subsidiary, Inc. and Austin Satellite Design, LLC, as guarantors, entered into a Financing Agreement (the ""Financing Agreement"") with Blue Torch Finance LLC, a Delaware limited liability company (""Blue Torch""), as administrative agent and collateral agent, and certain lenders (the ""Lenders""). The Financing Agreement provides for, among other things, a term loan facility in an aggregate principal amount of up to $120.0 million (the ""Credit Facility"").",https://www.sec.gov/Archives/edgar/data/1816017/0000950170-22-011638.txt,"The Company repaid in full all obligations and all amounts borrowed, and all obligations have terminated, under the Loan and Security Agreement, dated as of April 15, 2021, by and between the Company, certain subsidiaries of the Company as guarantors, the lenders party thereto and FP Credit Partners, L.P., as agent (as previously amended, ""the Existing Credit Agreement""). The $70.0 million credit facility under the Existing Credit Agreement was replaced by the Financing Agreement and outstanding principal and interest under the Existing Credit Agreement in an aggregate amount equal to approximately $72.8 million was repaid with proceeds of the term loan under the Credit Facility.
On June 13, 2022, Spire Global, Inc. (the ""Company""), as borrower, and Spire Global Subsidiary, Inc. and Austin Satellite Design, LLC, as guarantors, entered into a Financing Agreement (the ""Financing Agreement"") with Blue Torch Finance LLC, a Delaware limited liability company (""Blue Torch""), as administrative agent and collateral agent, and certain lenders (the ""Lenders""). The Financing Agreement provides for, among other things, a term loan facility in an aggregate principal amount of up to $120.0 million (the ""Credit Facility"").
The $120.0 million term loan was available and drawn at closing, of which $19.7 million was placed in an escrow account by Blue Torch with such amount to be released upon the Company achieving $96.0 million in annualized recurring revenue and a total annualized recurring revenue leverage ratio of not greater than 1.25 to 1.00.","['credit_facility', 'credit_facility_draw', 'debt_retirement']",routine_compatible,False,2022-06-15,no_explicit_revolving_facility
AHPI,0000874710,0001104659-22-070933,2022-06-14,capital_and_financing,debt_activity,credit_facility,"Effective June 13, 2022, the Company and North Mill amended the Credit Agreement to extend the maturity date to September 30, 2024. Additionally, the following terms of the Credit Agreement have been amended: The prepayment penalty, which was previously (i) the minimum monthly payment multiplied by (ii) the number of months remaining between February 27, 2022 and the date of such prepayment or termination, has been amended to (i) the minimum monthly payment multiplied by (ii) the number of months remaining between September 30, 2024 and the date of such prepayment or termination.",https://www.sec.gov/Archives/edgar/data/874710/0001104659-22-070933.txt,"Effective June 13, 2022, the Company and North Mill amended the Credit Agreement to extend the maturity date to September 30, 2024. Additionally, the following terms of the Credit Agreement have been amended: The prepayment penalty, which was previously (i) the minimum monthly payment multiplied by (ii) the number of months remaining between February 27, 2022 and the date of such prepayment or termination, has been amended to (i) the minimum monthly payment multiplied by (ii) the number of months remaining between September 30, 2024 and the date of such prepayment or termination.",['credit_facility'],routine_compatible,False,2022-06-15,no_explicit_revolving_facility
CENX,0000949157,0001104659-22-071890,2022-06-16,capital_and_financing,debt_activity,credit_facility,"Pursuant to the Fourth Amendment, the Borrowers, Agent and Lenders agreed to amend the Existing Credit Facility to, among other items, (i) increase the maximum revolving credit amount and related aggregate revolving loan commitments from $220 million to $250 million (the 'Increased Facility'), including an increase in the letter of credit sub-facility from $110 million to $150 million, (ii) extend the maturity date of the Existing Credit Facility to June 14, 2027 and (iii) replace the LIBOR interest rate to an adjusted term Secured Overnight Financing Rate (or 'Adjusted Term SOFR').",https://www.sec.gov/Archives/edgar/data/949157/0001104659-22-071890.txt,"Pursuant to the Fourth Amendment, the Borrowers, Agent and Lenders agreed to amend the Existing Credit Facility to, among other items, (i) increase the maximum revolving credit amount and related aggregate revolving loan commitments from $220 million to $250 million (the 'Increased Facility'), including an increase in the letter of credit sub-facility from $110 million to $150 million, (ii) extend the maturity date of the Existing Credit Facility to June 14, 2027 and (iii) replace the LIBOR interest rate to an adjusted term Secured Overnight Financing Rate (or 'Adjusted Term SOFR').
The Company held its 2022 Annual Meeting of Stockholders (the 'Annual Meeting') on June 13, 2022. A total of 85,373,641 shares of the Company's common stock were present or represented by proxy at the meeting, representing approximately 93.6% of the shares outstanding and entitled to vote at the Annual Meeting. The six persons nominated to serve as directors of the Company received the following number of votes and were elected as directors to serve a one-year term expiring at the annual meeting of stockholders in 2023.","['annual_meeting_results', 'credit_facility']",routine_compatible,False,2022-06-17,mixed_nonfacility_disclosure
CBRL,0001067294,0001104659-22-072376,2022-06-17,capital_and_financing,debt_activity,credit_facility,"On June 17, 2022, Cracker Barrel Old Country Store, Inc. (the ""Company"") entered into an Amended and Restated Credit Agreement by and among the Company, the subsidiary guarantors named therein, the several banks and other financial institutions and lenders from time to time party thereto and Bank of America, N.A. (""Bank of America""), as administrative agent and collateral agent (the ""New Credit Facility""). Under the New Credit Facility, the Company may borrow up to $700.0 million, which includes a $25 million swing line subfacility, as well as an uncommitted accordion feature that allows the Company to increase the New Credit Facility by a total of up to $200.0 million.",https://www.sec.gov/Archives/edgar/data/1067294/0001104659-22-072376.txt,"On June 17, 2022, Cracker Barrel Old Country Store, Inc. (the ""Company"") entered into an Amended and Restated Credit Agreement by and among the Company, the subsidiary guarantors named therein, the several banks and other financial institutions and lenders from time to time party thereto and Bank of America, N.A. (""Bank of America""), as administrative agent and collateral agent (the ""New Credit Facility""). Under the New Credit Facility, the Company may borrow up to $700.0 million, which includes a $25 million swing line subfacility, as well as an uncommitted accordion feature that allows the Company to increase the New Credit Facility by a total of up to $200.0 million.
In connection with the entry into the New Credit Facility described in Item 1.01 above, the Company terminated the 2018 Credit Agreement on June 17, 2022.","['credit_facility', 'deal_termination']",routine_compatible,False,2022-06-21,no_explicit_revolving_facility
SAIC,0001571123,0001571123-22-000044,2022-06-21,capital_and_financing,debt_activity,credit_facility,"The Company has sent a proposed amendment to its existing Third Amended and Restated Credit Agreement dated as of October 31, 2018 among the Company, Citibank, N.A., and certain other lenders... the proposed amendment would also (i) increase the Revolving Credit Commitment to $1,000,000,000; (ii) result in a refinancing of the existing Term Advances and Term 2 Advances in full with a new Term Facility; (iii) immediately increase such new Term Facility to an aggregate outstanding amount of $1,230,000,000.",https://www.sec.gov/Archives/edgar/data/1571123/0001571123-22-000044.txt,"The Company has sent a proposed amendment to its existing Third Amended and Restated Credit Agreement dated as of October 31, 2018 among the Company, Citibank, N.A., and certain other lenders... the proposed amendment would also (i) increase the Revolving Credit Commitment to $1,000,000,000; (ii) result in a refinancing of the existing Term Advances and Term 2 Advances in full with a new Term Facility; (iii) immediately increase such new Term Facility to an aggregate outstanding amount of $1,230,000,000.",['credit_facility'],routine_compatible,False,2022-06-22,not_completed_or_distress_review
WYY,0001034760,0001654954-22-008618,2022-06-22,capital_and_financing,debt_activity,credit_facility,"On June 15, 2022, WidePoint Corporation (the ""Company"") entered into a Modification Agreement (the ""Modification Agreement"") with Atlantic Union Bank to amend its existing $5.0 million working capital credit facility. The Modification Agreement, (i) extends the maturity date of the facility for twelve months to June 15, 2023, (ii) removes the Current Ratio and Interest Coverage Ratio financial covenants, (iii) increases the Tangible Net Worth covenant from $2,000,000 to $6,500,000, (iv) adds a Minimum EBITDA covenant that requires that the Company's Adjusted EBITDA to not be less than $1,000,000.00 on a trailing 12-month basis as of the last day of each quarter and (v) modifies the definition of Borrowing Base.",https://www.sec.gov/Archives/edgar/data/1034760/0001654954-22-008618.txt,"On June 17, 2022, the Company held an annual meeting of its stockholders to vote on the following proposals: Proposal One: The board of directors nominated two director nominees as a Class I directors to serve for a three-year period until the Annual Meeting of Stockholders in the year 2025. In accordance with the voting results listed below, the director nominees were elected to the board of directors. [Jin Kang: 2,628,237 For, 385,700 Withheld; Julia A. Bowen: 2,153,289 For, 860,648 Withheld]
The board of directors selected the accounting firm of Moss Adams LLP as independent accountants for the Company for the fiscal year ending December 31, 2022. The board of directors directed that the appointment of the independent accountants be submitted for ratification by the stockholders at the annual meeting. Therefore, in accordance with the voting results listed below, the appointment of Moss Adams LLP was ratified by the stockholders to serve as the independent registered public accountants for the Company for the current fiscal year ending December 31, 2022.
On June 15, 2022, WidePoint Corporation (the ""Company"") entered into a Modification Agreement (the ""Modification Agreement"") with Atlantic Union Bank to amend its existing $5.0 million working capital credit facility. The Modification Agreement, (i) extends the maturity date of the facility for twelve months to June 15, 2023, (ii) removes the Current Ratio and Interest Coverage Ratio financial covenants, (iii) increases the Tangible Net Worth covenant from $2,000,000 to $6,500,000, (iv) adds a Minimum EBITDA covenant that requires that the Company's Adjusted EBITDA to not be less than $1,000,000.00 on a trailing 12-month basis as of the last day of each quarter and (v) modifies the definition of Borrowing Base.","['annual_meeting_results', 'credit_facility', 'new_auditor_engagement']",routine_compatible,False,2022-06-23,mixed_nonfacility_disclosure
EQT,0000033213,0001104659-22-075309,2022-06-28,capital_and_financing,debt_activity,credit_facility,"On June 28, 2022, EQT Corporation entered into a Third Amended and Restated Credit Agreement with the lenders party thereto and PNC Bank, National Association, as Administrative Agent, Swing Line Lender and L/C Issuer, amending and restating that certain Second Amended and Restated Credit Agreement, dated as of July 31, 2017. Under the Credit Agreement, the Company may obtain unsecured loans in an aggregate principal amount not to exceed $2,500,000,000 outstanding at any time. The Credit Agreement matures on June 28, 2027.",https://www.sec.gov/Archives/edgar/data/33213/0001104659-22-075309.txt,"On June 28, 2022, EQT Corporation entered into a Third Amended and Restated Credit Agreement with the lenders party thereto and PNC Bank, National Association, as Administrative Agent, Swing Line Lender and L/C Issuer, amending and restating that certain Second Amended and Restated Credit Agreement, dated as of July 31, 2017. Under the Credit Agreement, the Company may obtain unsecured loans in an aggregate principal amount not to exceed $2,500,000,000 outstanding at any time. The Credit Agreement matures on June 28, 2027.",['credit_facility'],routine_compatible,False,2022-06-29,no_explicit_revolving_facility
ESAB,0001877322,0001193125-22-183941,2022-06-28,capital_and_financing,debt_activity,credit_facility,"On June 28, 2022, ESAB Corporation entered into Amendment No. 2 to the credit agreement, dated as of April 4, 2022, as amended June 17, 2022, by and among the Company, as the lead borrower, the other loan parties from time to time party thereto, including certain subsidiaries of the Company identified therein, as guarantors, each of the lenders from time to time party thereto, Bank of America, N.A., as administrative agent, and the co-syndication agents, joint bookrunners and joint lead arrangers named therein.",https://www.sec.gov/Archives/edgar/data/1877322/0001193125-22-183941.txt,"On June 28, 2022, ESAB Corporation entered into Amendment No. 2 to the credit agreement, dated as of April 4, 2022, as amended June 17, 2022, by and among the Company, as the lead borrower, the other loan parties from time to time party thereto, including certain subsidiaries of the Company identified therein, as guarantors, each of the lenders from time to time party thereto, Bank of America, N.A., as administrative agent, and the co-syndication agents, joint bookrunners and joint lead arrangers named therein.
The Amendment provides for a senior term loan A facility in an initial aggregate principal amount of $600 million (the 'New Term Loan') to replace the Company's existing $600 million 364-day senior term loan facility under the Credit Agreement. Proceeds from the New Term Loan were used to refinance the 364-Day Facility and to pay associated fees and expenses.","['credit_facility', 'debt_retirement']",routine_compatible,False,2022-06-29,no_explicit_revolving_facility
AA,0001675149,0001193125-22-185072,2022-06-29,capital_and_financing,debt_activity,credit_facility,"On June 27, 2022, Alcoa Corporation entered into a Third Amendment and Restatement Agreement to the Revolving Credit Agreement. The Amended Revolving Credit Agreement extends the maturity date of the credit facility from November 21, 2023 to June 27, 2027, with the aggregate amount of commitments being reduced from $1.5 billion to $1.25 billion.",https://www.sec.gov/Archives/edgar/data/1675149/0001193125-22-185072.txt,"On June 27, 2022, Alcoa Corporation entered into a Third Amendment and Restatement Agreement to the Revolving Credit Agreement. The Amended Revolving Credit Agreement extends the maturity date of the credit facility from November 21, 2023 to June 27, 2027, with the aggregate amount of commitments being reduced from $1.5 billion to $1.25 billion.
Under the Amended Revolving Credit Agreement, if Holdings or the Borrower fails to have a designated rating of each of Ba1 from Moody's and BB+ from S&P or better (the 'Rating Condition'), a 'Collateralization Event' occurs, requiring each loan party to execute security documents and grant liens on collateral within ninety (90) to one hundred and eighty (180) days.","['credit_facility', 'rating_downgrade_trigger']",routine_compatible,False,2022-06-30,mixed_nonfacility_disclosure
VTR,0000740260,0001104659-22-076359,2022-06-30,capital_and_financing,debt_activity,credit_facility,"On June 27, 2022, Ventas Realty, Limited Partnership (the ""Borrower""), as borrower, a wholly owned subsidiary of Ventas, Inc. (the ""Company""), and the Company, as guarantor, entered into a Credit and Guaranty Agreement (the ""New Credit Agreement""), with the lenders identified therein and Bank of America, N.A., as Administrative Agent. The New Credit Agreement provides for a $500 million unsecured term loan facility (the ""Term Loan Facility"").",https://www.sec.gov/Archives/edgar/data/740260/0001104659-22-076359.txt,"The New Credit Agreement replaces the Company's existing unsecured term loan facility (which provided for a $300 million unsecured term A-1 loan facility that matured in 2023 and $600 million unsecured term A-2 loan facility that matured in 2024) evidenced by that certain Credit and Guaranty Agreement, dated as of July 26, 2018. In connection with the replacement of the Existing Credit Agreement, the Company prepaid the approximately $200 million aggregate principal amount outstanding under the Existing Credit Agreement, inclusive of accrued and unpaid interest and related fees.
On June 27, 2022, Ventas Realty, Limited Partnership (the ""Borrower""), as borrower, a wholly owned subsidiary of Ventas, Inc. (the ""Company""), and the Company, as guarantor, entered into a Credit and Guaranty Agreement (the ""New Credit Agreement""), with the lenders identified therein and Bank of America, N.A., as Administrative Agent. The New Credit Agreement provides for a $500 million unsecured term loan facility (the ""Term Loan Facility"").","['credit_facility', 'debt_retirement']",routine_compatible,False,2022-07-01,no_explicit_revolving_facility
RYI,0001481582,0001193125-22-186254,2022-06-30,capital_and_financing,debt_activity,credit_facility,"On June 29, 2022, Ryerson Holding Corporation entered into Amendment No. 5 to the Credit Agreement which increases the aggregate amount of the commitments under the Amended Credit Agreement to $1.3 billion, extends the maturity date of the Amended Credit Agreement to June 29, 2027 and modifies the loan pricing.",https://www.sec.gov/Archives/edgar/data/1481582/0001193125-22-186254.txt,"On June 29, 2022, Ryerson Holding Corporation entered into Amendment No. 5 to the Credit Agreement which increases the aggregate amount of the commitments under the Amended Credit Agreement to $1.3 billion, extends the maturity date of the Amended Credit Agreement to June 29, 2027 and modifies the loan pricing.",['credit_facility'],routine_compatible,False,2022-07-01,no_explicit_revolving_facility
ULCC,0001670076,0001193125-22-187183,2022-07-01,capital_and_financing,debt_activity,credit_facility,"Vertical Horizons, Ltd., as borrower, entered into an Eighth Amended and Restated Credit Agreement, by and among Vertical Horizons, Citibank, N.A., as facility agent and arranger, Bank of Utah, as security trustee, and the lenders from time to time party thereto. The Credit Agreement amended and restated the Seventh Amended and Restated Credit Agreement to add additional lenders and increase the commitments under the PDP Financing Facility from $200 million to $280 million.",https://www.sec.gov/Archives/edgar/data/1670076/0001193125-22-187183.txt,"In connection with the execution of the Credit Agreement, Frontier entered into an eighth amended and restated guarantee in favor of the Security Trustee, dated as of June 30, 2022, Frontier Airlines Holdings, Inc. entered into an eighth amended and restated guarantee in favor of the Security Trustee, dated as of June 30, 2022, and the Company entered into an amended and restated guarantee in favor of the Security Trustee, dated as of June 30, 2022.
Vertical Horizons, Ltd., as borrower, entered into an Eighth Amended and Restated Credit Agreement, by and among Vertical Horizons, Citibank, N.A., as facility agent and arranger, Bank of Utah, as security trustee, and the lenders from time to time party thereto. The Credit Agreement amended and restated the Seventh Amended and Restated Credit Agreement to add additional lenders and increase the commitments under the PDP Financing Facility from $200 million to $280 million.","['credit_facility', 'guarantee_or_letter_of_credit']",routine_compatible,False,2022-07-05,no_explicit_revolving_facility
ADP,0000008670,0000950103-22-011894,2022-07-01,capital_and_financing,debt_activity,credit_facility,"On July 1, 2022, Automatic Data Processing, Inc., a Delaware corporation (the ""Company""), entered into a $3.75 billion 364-Day Credit Agreement (the ""364-Day Facility"") with a group of lenders. The 364-Day Facility replaced the Company's prior $3.75 billion 364-day facility, entered into on June 9, 2021 (as amended, restated, supplemented or otherwise modified), which was terminated on July 1, 2022.",https://www.sec.gov/Archives/edgar/data/8670/0000950103-22-011894.txt,"On July 1, 2022, Automatic Data Processing, Inc., a Delaware corporation (the ""Company""), entered into a $3.75 billion 364-Day Credit Agreement (the ""364-Day Facility"") with a group of lenders. The 364-Day Facility replaced the Company's prior $3.75 billion 364-day facility, entered into on June 9, 2021 (as amended, restated, supplemented or otherwise modified), which was terminated on July 1, 2022.
The Company has agreed to guarantee any obligations of any of its subsidiaries that are entitled to borrow the funds under the 364-Day Facility.","['credit_facility', 'guarantee_or_letter_of_credit']",routine_compatible,False,2022-07-05,no_explicit_revolving_facility
EVA,0001592057,0001104659-22-077366,2022-07-05,capital_and_financing,debt_activity,credit_facility,"On June 30, 2022, Enviva Inc. (the ""Company"") entered into a Ninth Amendment to Credit Agreement...in order to, among other things: remove and update certain legacy provisions related to the conversion of the Company to a Delaware corporation; increase the maximum Total Leverage Ratio...from 5.00 to 1.00 to 5.50 to 1.00...and extend the maturity date of the Credit Agreement to June 30, 2027.",https://www.sec.gov/Archives/edgar/data/1592057/0001104659-22-077366.txt,"On June 30, 2022, Enviva Inc. (the ""Company"") entered into a Ninth Amendment to Credit Agreement...in order to, among other things: remove and update certain legacy provisions related to the conversion of the Company to a Delaware corporation; increase the maximum Total Leverage Ratio...from 5.00 to 1.00 to 5.50 to 1.00...and extend the maturity date of the Credit Agreement to June 30, 2027.
On June 30, 2022, the Company and the Issuer entered into a Bond Purchase Agreement (the ""Purchase Agreement"") with Citigroup Global Markets Inc., as representative of the several underwriters named therein (the ""Underwriters""). Pursuant to the Purchase Agreement, the Underwriters agreed to purchase an aggregate of $250,000,000 of the Bonds from the Issuer at par.
On June 30, 2022, the Company issued a press release announcing the pricing of the previously announced issuance of The Industrial Development Authority of Sumter County, Alabama's Exempt Facilities Revenue Bonds (Enviva Inc. Project), Series 2022 (Green Bonds) in the aggregate principal amount of $250,000,000. The Bonds mature in 2052 subject to the holders' option to redeem at par in 2032...bearing interest at an annual rate of 6.00%.","['credit_facility', 'debt_issuance', 'underwriting_agreement']",routine_compatible,False,2022-07-06,mixed_nonfacility_disclosure
RGCO,0001069533,0001437749-22-016526,2022-07-05,capital_and_financing,debt_activity,credit_facility,"On June 30, 2022, RGC Midstream, LLC entered into the Fourth Amendment to Credit Agreement with Atlantic Union Bank and Truist Bank. The Amendment modifies the original Credit Agreement and prior amendments by extending the maturity date to December 31, 2023 and replacing the 30-day LIBOR plus 1.35% interest rate with Term SOFR plus 1.50%.",https://www.sec.gov/Archives/edgar/data/1069533/0001437749-22-016526.txt,"On June 30, 2022, RGC Midstream, LLC entered into the Fourth Amendment to Credit Agreement with Atlantic Union Bank and Truist Bank. The Amendment modifies the original Credit Agreement and prior amendments by extending the maturity date to December 31, 2023 and replacing the 30-day LIBOR plus 1.35% interest rate with Term SOFR plus 1.50%.",['credit_facility'],routine_compatible,False,2022-07-06,no_explicit_revolving_facility
MIXT,0001576914,0001628280-22-018593,2022-07-06,capital_and_financing,debt_activity,credit_facility,"The loans under the Committed Facility bear interest at South African prime interest rate less 1.5% per annum and the loans under the Uncommitted Facility bear interest at overnight or daily negotiable rates, in each case which such interest shall accrue on all amounts outstanding under the Committed Facility or the Uncommitted Facility, as the case may be, payable monthly in arrears on the first business day of each month, or as otherwise specified in the Credit Agreement.",https://www.sec.gov/Archives/edgar/data/1576914/0001628280-22-018593.txt,"The loans under the Committed Facility bear interest at South African prime interest rate less 1.5% per annum and the loans under the Uncommitted Facility bear interest at overnight or daily negotiable rates, in each case which such interest shall accrue on all amounts outstanding under the Committed Facility or the Uncommitted Facility, as the case may be, payable monthly in arrears on the first business day of each month, or as otherwise specified in the Credit Agreement.
On June 29, 2022, MiX Telematics Limited (the ""Company"") entered into a Facility Notice and Standard Terms and Conditions (collectively, the ""Credit Agreement"") with Investec Bank Limited (""Investec"") as lender. The Credit Agreement provides for a 364 days renewable committed general credit facility of R350 million ($21 million at a USD/ZAR exchange rate of $1:ZAR 16.4486), (the ""Committed Facility"") and an uncommitted general credit facility of $10 million (the ""Uncommitted Facility"").
Under the Committed Facility, the Company will pay a commitment fee charged at 30bps on any undrawn portion of the Committed Facility (plus VAT on such amount), calculated monthly and payable, free of deduction, monthly in arrears on the first business day of each month. The Uncommitted Facility is repayable on demand by Investec and a fee of 10bps per annum shall be charged on any undrawn portion of the Uncommitted Facility (plus VAT on such amount), calculated monthly and payable, free of deduction, monthly in arrears on the seventh business day of each month.",['credit_facility'],routine_compatible,False,2022-07-07,no_explicit_revolving_facility
VSTO,0001616318,0001616318-22-000082,2022-07-06,capital_and_financing,debt_activity,credit_facility,"The Company entered into a commitment letter with Capital One, National Association and JPMorgan Chase Bank, N.A., pursuant to which the Commitment Parties committed to provide a $600 million asset-based revolving credit facility (the 'ABL Credit Facility'), which will replace the Company's existing asset-based revolving credit facility, and a $350 million term loan facility (the 'Term Facility').",https://www.sec.gov/Archives/edgar/data/1616318/0001616318-22-000082.txt,"The Company entered into a commitment letter with Capital One, National Association and JPMorgan Chase Bank, N.A., pursuant to which the Commitment Parties committed to provide a $600 million asset-based revolving credit facility (the 'ABL Credit Facility'), which will replace the Company's existing asset-based revolving credit facility, and a $350 million term loan facility (the 'Term Facility').
Vista Outdoor Inc. and Vista Outdoor Operations LLC entered into a definitive Share Purchase Agreement with Fox Parent Holdings, LLC and Fox (Parent) Holdings, Inc., pursuant to which Vista LLC will purchase from Seller all of the issued and outstanding shares of common stock of Fox for a total purchase price of $540 million, subject to certain customary adjustments for cash and debt, transaction expenses, and working capital.
The Company has agreed to guarantee the payment and performance of all of the payment and other obligations of Vista LLC to Seller under the Share Purchase Agreement and other related agreements, subject to the limitations set forth in the Share Purchase Agreement.","['acquisition_agreement', 'credit_facility', 'guarantee_or_letter_of_credit']",routine_compatible,False,2022-07-07,mixed_nonfacility_disclosure
LSTR,0000853816,0001193125-22-190069,2022-07-08,capital_and_financing,debt_activity,credit_facility,"Landstar System, Inc. and its wholly-owned subsidiary entered into a Second Amended and Restated Credit Agreement to increase the size of the facility from $250 million to $300 million (with an 'accordion' feature providing for possible increase up to an aggregate amount of $600 million), extend the termination date to July 2027, and replace the London Interbank Offered Rate with a forward-looking term rate based on the secured overnight financing rate ('Term SOFR').",https://www.sec.gov/Archives/edgar/data/853816/0001193125-22-190069.txt,"Landstar System, Inc. and its wholly-owned subsidiary entered into a Second Amended and Restated Credit Agreement to increase the size of the facility from $250 million to $300 million (with an 'accordion' feature providing for possible increase up to an aggregate amount of $600 million), extend the termination date to July 2027, and replace the London Interbank Offered Rate with a forward-looking term rate based on the secured overnight financing rate ('Term SOFR').",['credit_facility'],routine_compatible,False,2022-07-11,no_explicit_revolving_facility
SPNE,0001637761,0001637761-22-000114,2022-07-18,capital_and_financing,debt_activity,credit_facility,"SeaSpine and certain of its subsidiaries entered into an amendment to the Amended and Restated Credit Agreement dated as of July 27, 2018 with Wells Fargo Bank, N.A., as administrative agent. The amendment changes the monthly interest rate from LIBOR-based to Term SOFR plus 2.65%, modifies the unused line fee to 0.5%, imposes a $3000 per month collateral monitoring fee, and extends the maturity date from July 27, 2022 to July 27, 2025.",https://www.sec.gov/Archives/edgar/data/1637761/0001637761-22-000114.txt,"SeaSpine and certain of its subsidiaries entered into an amendment to the Amended and Restated Credit Agreement dated as of July 27, 2018 with Wells Fargo Bank, N.A., as administrative agent. The amendment changes the monthly interest rate from LIBOR-based to Term SOFR plus 2.65%, modifies the unused line fee to 0.5%, imposes a $3000 per month collateral monitoring fee, and extends the maturity date from July 27, 2022 to July 27, 2025.",['credit_facility'],routine_compatible,False,2022-07-19,no_explicit_revolving_facility
WGO,0000107687,0001104659-22-080691,2022-07-19,capital_and_financing,debt_activity,credit_facility,"On July 15, 2022, Winnebago Industries, Inc., Winnebago of Indiana, LLC, Grand Design RV, LLC and Newmar Corporation entered into a Second Amended and Restated Credit Agreement...which increases the maximum commitments available under the credit facility by $157.5 million to $350 million and extends the maturity date to July 15, 2027.",https://www.sec.gov/Archives/edgar/data/107687/0001104659-22-080691.txt,"On July 15, 2022, Winnebago Industries, Inc., Winnebago of Indiana, LLC, Grand Design RV, LLC and Newmar Corporation entered into a Second Amended and Restated Credit Agreement...which increases the maximum commitments available under the credit facility by $157.5 million to $350 million and extends the maturity date to July 15, 2027.",['credit_facility'],routine_compatible,False,2022-07-20,no_explicit_revolving_facility
ACCD,0001481646,0001104659-22-081597,2022-07-21,capital_and_financing,debt_activity,credit_facility,"Accolade, Inc. entered into a Seventh Amendment to Credit Agreement with Comerica Bank and Western Alliance Bank, extending the maturity date to July 19, 2024, which may be automatically extended to July 19, 2025 if the Company has at least $200,000,000 in consolidated net cash as of May 31, 2024, documenting the transition from LIBOR to Bloomberg Short-Term Bank Yield Index rate, and establishing new minimum covenant revenue targets.",https://www.sec.gov/Archives/edgar/data/1481646/0001104659-22-081597.txt,"Accolade, Inc. entered into a Seventh Amendment to Credit Agreement with Comerica Bank and Western Alliance Bank, extending the maturity date to July 19, 2024, which may be automatically extended to July 19, 2025 if the Company has at least $200,000,000 in consolidated net cash as of May 31, 2024, documenting the transition from LIBOR to Bloomberg Short-Term Bank Yield Index rate, and establishing new minimum covenant revenue targets.",['credit_facility'],routine_compatible,False,2022-07-22,no_explicit_revolving_facility
EW,0001099800,0001193125-22-199173,2022-07-21,capital_and_financing,debt_activity,credit_facility,"on July 15, 2022, Edwards Lifesciences Corporation (the ""Company"") entered into a five-year credit agreement, dated as of July 15, 2022, among the Company and certain of its subsidiaries, as Borrowers, the lenders signatory thereto and Bank of America, N.A., as Administrative Agent (the ""Credit Agreement""). The Credit Agreement...replaces the Company's existing 2018 Credit Agreement and features improved pricing and other terms.",https://www.sec.gov/Archives/edgar/data/1099800/0001193125-22-199173.txt,"on July 15, 2022, Edwards Lifesciences Corporation (the ""Company"") entered into a five-year credit agreement, dated as of July 15, 2022, among the Company and certain of its subsidiaries, as Borrowers, the lenders signatory thereto and Bank of America, N.A., as Administrative Agent (the ""Credit Agreement""). The Credit Agreement...replaces the Company's existing 2018 Credit Agreement and features improved pricing and other terms.
on July 15, 2022, the Company terminated the Five Year Credit Agreement, dated as of April 30, 2018, by and among the Company, certain of its subsidiaries, the lenders signatory thereto, Bank of America, N.A., as Administrative Agent, JP Morgan Chase Bank, N.A., as Syndication Agent, and Morgan Stanley MUFG Loan Partners, LLC, Deutsche Bank Securities Inc., HSBC Bank USA, National Association, and Wells Fargo Bank, National Association, as Co-Documentation Agents (as amended, the ""2018 Credit Agreement"").","['credit_facility', 'deal_termination']",routine_compatible,False,2022-07-22,no_explicit_revolving_facility
AWX,0001061069,0001437749-22-017655,2022-07-25,capital_and_financing,debt_activity,credit_facility,"Avalon Holdings Corporation and certain wholly-owned subsidiaries entered into a Change in Terms Agreement with Premier Bank (the ""Lender"") which amended its existing Business Loan and Promissory Note Agreements (collectively the ""Line of Credit Agreement"") dated May 31, 2018, as previously amended on August 17, 2021. The Change in Terms Agreement extends the maturity date of the Line of Credit Agreement from July 31, 2023 to July 31, 2024.",https://www.sec.gov/Archives/edgar/data/1061069/0001437749-22-017655.txt,"Avalon Holdings Corporation and certain wholly-owned subsidiaries entered into a Change in Terms Agreement with Premier Bank (the ""Lender"") which amended its existing Business Loan and Promissory Note Agreements (collectively the ""Line of Credit Agreement"") dated May 31, 2018, as previously amended on August 17, 2021. The Change in Terms Agreement extends the maturity date of the Line of Credit Agreement from July 31, 2023 to July 31, 2024.",['credit_facility'],routine_compatible,False,2022-07-26,no_explicit_revolving_facility
IVC,0000742112,0000742112-22-000050,2022-07-26,capital_and_financing,debt_activity,credit_facility,"On July 26, 2022, the Company entered into a Credit Agreement (the ""Highbridge Loan Agreement"") with a certain fund managed by Highbridge Capital Management, LLC (""Highbridge""), as the lender... Pursuant to the Highbridge Loan Agreement, the Company may borrow up to an aggregate of $104.5 million principal amount of secured term loans, including $66.5 million in initial secured term loans drawn on the Closing Date.",https://www.sec.gov/Archives/edgar/data/742112/0000742112-22-000050.txt,"On July 26, 2022, the Company entered into a Credit Agreement (the ""Highbridge Loan Agreement"") with a certain fund managed by Highbridge Capital Management, LLC (""Highbridge""), as the lender... Pursuant to the Highbridge Loan Agreement, the Company may borrow up to an aggregate of $104.5 million principal amount of secured term loans, including $66.5 million in initial secured term loans drawn on the Closing Date.
On July 26, 2022, the Company entered into exchange agreements with funds managed by Highbridge Capital Management LLC pursuant to which the Investors agreed to exchange... for an aggregate combination of... $20,739,000 in aggregate principal amount of the Company's new 5.68% Convertible Senior Secured Notes due 2026, Tranche I... [and] $20,736,000 in aggregate principal amount of the Company's new 5.68% Convertible Senior Secured Notes due 2026, Tranche II.
On July 26, 2022, the Company entered into a Second Amended and Restated Revolving Credit and Security Agreement (the ""ABL Credit Agreement""), amending and restating the Company's existing Revolving Credit and Security Agreement... The ABL Credit Agreement retains the existing asset-based lending senior secured revolving credit facility... but extends the maturity date to January 16, 2026, reduces the maximum aggregate principal amount the Company and the domestic and Canadian Borrowers may borrow to $35 million.
The offerings of the Exchange Shares, the New Notes and the Guarantees to the Investors have not been registered under the Securities Act of 1933, as amended (the ""Securities Act""), and the Exchange Shares, the New Notes and the Guarantees were issued in reliance upon the exemption provided in Section 4(a)(2) and/or Section 3(a)(9) of the Securities Act.","['credit_facility', 'debt_issuance', 'private_placement']",routine_compatible,False,2022-07-27,mixed_nonfacility_disclosure
CLB,0001000229,0000950170-22-013124,2022-07-27,capital_and_financing,debt_activity,credit_facility,"Core Laboratories N.V. and Core Laboratories (U.S.) Interests Holdings, Inc. entered into an Eighth Amended and Restated Credit Agreement with various financial institutions. The aggregate borrowing commitment has been reduced from $225 million to $135 million, with a $50 million accordion option; The maturity date has been extended for a four-year period ending on July 25, 2026.",https://www.sec.gov/Archives/edgar/data/1000229/0000950170-22-013124.txt,"Core Laboratories N.V. and Core Laboratories (U.S.) Interests Holdings, Inc. entered into an Eighth Amended and Restated Credit Agreement with various financial institutions. The aggregate borrowing commitment has been reduced from $225 million to $135 million, with a $50 million accordion option; The maturity date has been extended for a four-year period ending on July 25, 2026.",['credit_facility'],routine_compatible,False,2022-07-28,no_explicit_revolving_facility
GWRS,0001434728,0001434728-22-000242,2022-07-27,capital_and_financing,debt_activity,credit_facility,"On July 26, 2022, the Company and Northern Trust entered into the second amendment to the Loan Agreement (the ""Second Modification Agreement"") to further amend the terms and conditions set forth in the amended Loan Agreement to, among other things, (i) extend the scheduled maturity date from April 30, 2024 to July 1, 2024; (ii) increase the maximum principal amount available for borrowing under the revolving line of credit from $10.0 million to $15.0 million; and (iii) replace the London Interbank Offered Rate (LIBOR) interest rate provisions with provisions based on the secured overnight financing rate (SOFR).",https://www.sec.gov/Archives/edgar/data/1434728/0001434728-22-000242.txt,"On July 26, 2022, the Company and Northern Trust entered into the second amendment to the Loan Agreement (the ""Second Modification Agreement"") to further amend the terms and conditions set forth in the amended Loan Agreement to, among other things, (i) extend the scheduled maturity date from April 30, 2024 to July 1, 2024; (ii) increase the maximum principal amount available for borrowing under the revolving line of credit from $10.0 million to $15.0 million; and (iii) replace the London Interbank Offered Rate (LIBOR) interest rate provisions with provisions based on the secured overnight financing rate (SOFR).",['credit_facility'],routine_compatible,False,2022-07-28,short_bridge_extension
VLD,0001825079,0001628280-22-019830,2022-07-29,capital_and_financing,debt_activity,credit_facility,"increase the amount of the revolving credit line to $30.0 million, (iii) extend the maturity date of the revolving credit line to December 31, 2024, and (iv) establish a secured equipment loan facility of up to $15.0 million available through December 31, 2023.",https://www.sec.gov/Archives/edgar/data/1825079/0001628280-22-019830.txt,"increase the amount of the revolving credit line to $30.0 million, (iii) extend the maturity date of the revolving credit line to December 31, 2024, and (iv) establish a secured equipment loan facility of up to $15.0 million available through December 31, 2023.
In conjunction with the Amendment, the Company issued to SVB a warrant (the 'Warrant') to purchase up to 70,000 shares of the Company's common stock (the 'Warrant Shares') at an exercise price of $2.56 per Warrant Share.","['credit_facility', 'warrant_or_conversion']",routine_compatible,False,2022-08-01,mixed_nonfacility_disclosure
VLD.WS,0001825079,0001628280-22-019830,2022-07-29,capital_and_financing,debt_activity,credit_facility,"increase the amount of the revolving credit line to $30.0 million, (iii) extend the maturity date of the revolving credit line to December 31, 2024, and (iv) establish a secured equipment loan facility of up to $15.0 million available through December 31, 2023.",https://www.sec.gov/Archives/edgar/data/1825079/0001628280-22-019830.txt,"increase the amount of the revolving credit line to $30.0 million, (iii) extend the maturity date of the revolving credit line to December 31, 2024, and (iv) establish a secured equipment loan facility of up to $15.0 million available through December 31, 2023.
In conjunction with the Amendment, the Company issued to SVB a warrant (the 'Warrant') to purchase up to 70,000 shares of the Company's common stock (the 'Warrant Shares') at an exercise price of $2.56 per Warrant Share.","['credit_facility', 'warrant_or_conversion']",routine_compatible,False,2022-08-01,mixed_nonfacility_disclosure
RIGL,0001034842,0001104659-22-085188,2022-08-02,capital_and_financing,debt_activity,credit_facility,"On July 27, 2022, Rigel entered into Amendment No. 3 to that certain Credit and Security Agreement, dated as of September 27, 2019, with Midcap Financial Trust as administrative agent, pursuant to which MidCap and the Lenders agreed to amend the Existing Credit Agreement to extend the maturity date for the term loans to September 1, 2026, extend the interest only period to October 1, 2024, reset the prepayment fee, grant a lien over intellectual property, revise financial covenants and change the interest rate benchmark from LIBOR to SOFR.",https://www.sec.gov/Archives/edgar/data/1034842/0001104659-22-085188.txt,"On July 27, 2022, Rigel entered into Amendment No. 3 to that certain Credit and Security Agreement, dated as of September 27, 2019, with Midcap Financial Trust as administrative agent, pursuant to which MidCap and the Lenders agreed to amend the Existing Credit Agreement to extend the maturity date for the term loans to September 1, 2026, extend the interest only period to October 1, 2024, reset the prepayment fee, grant a lien over intellectual property, revise financial covenants and change the interest rate benchmark from LIBOR to SOFR.
On the Third Amendment Effective Date, Rigel drew the fourth tranche of term loans of $10,000,000.
On July 27, 2022, Rigel Pharmaceuticals, Inc. entered into a license and transition services agreement with Forma Therapeutics, Inc. for an exclusive license to develop, manufacture and commercialize olutasidenib, Forma's proprietary inhibitor of mutant isocitrate dehydrogenase 1, for any uses worldwide, including for the treatment of relapsed/refractory acute myeloid leukemia.","['credit_facility', 'credit_facility_draw', 'licensing_agreement']",routine_compatible,False,2022-08-03,mixed_nonfacility_disclosure
CTHR,0001015155,0001104659-22-085183,2022-08-02,capital_and_financing,debt_activity,credit_facility,"On July 29, 2022, Charles & Colvard, Ltd. (the ""Company""), renewed a $5,000,000 cash secured credit facility (as renewed, the ""Credit Facility"") from JPMorgan Chase Bank, N.A. (""JPMC""), with an effective date of July 28, 2022. The Credit Facility will mature on July 31, 2023, and is secured by a deposit account held by JPMC in the amount of $5,050,000.",https://www.sec.gov/Archives/edgar/data/1015155/0001104659-22-085183.txt,"On July 29, 2022, Charles & Colvard, Ltd. (the ""Company""), renewed a $5,000,000 cash secured credit facility (as renewed, the ""Credit Facility"") from JPMorgan Chase Bank, N.A. (""JPMC""), with an effective date of July 28, 2022. The Credit Facility will mature on July 31, 2023, and is secured by a deposit account held by JPMC in the amount of $5,050,000.",['credit_facility'],routine_compatible,False,2022-08-03,no_explicit_revolving_facility
MRO,0000101778,0000101778-22-000161,2022-08-02,capital_and_financing,debt_activity,credit_facility,"Marathon Oil Corporation entered into a Seventh Amendment to the Amended and Restated Credit Agreement dated as of May 28, 2014. The Amendment amends the Credit Agreement to, among other things, (i) extend the maturity date under the credit facility by three years to July 28, 2027, (ii) decrease the size of the credit facility from $3.149 billion to $2.5 billion, (iii) replace the LIBOR interest rate benchmark with the secured overnight financing rate ('SOFR') and (iv) implement certain revisions to the Pricing Schedule.",https://www.sec.gov/Archives/edgar/data/101778/0000101778-22-000161.txt,"Marathon Oil Corporation entered into a Seventh Amendment to the Amended and Restated Credit Agreement dated as of May 28, 2014. The Amendment amends the Credit Agreement to, among other things, (i) extend the maturity date under the credit facility by three years to July 28, 2027, (ii) decrease the size of the credit facility from $3.149 billion to $2.5 billion, (iii) replace the LIBOR interest rate benchmark with the secured overnight financing rate ('SOFR') and (iv) implement certain revisions to the Pricing Schedule.",['credit_facility'],routine_compatible,False,2022-08-03,no_explicit_revolving_facility
FND,0001507079,0001104659-22-086139,2022-08-04,capital_and_financing,debt_activity,credit_facility,"Amendment No. 2, among other things, (a) increased F&D's revolving commitments to a total aggregate principal amount of $800 million, (b) increased the accordion feature such that it allows for F&D, under certain circumstances, to increase the size of the facility by an amount up to $200 million, and (c) extended the stated maturity date under Amendment No. 2 to August 4, 2027.",https://www.sec.gov/Archives/edgar/data/1507079/0001104659-22-086139.txt,"On August 3, 2022, the Company appointed Luke Olson as its Chief Accounting Officer, effective August 5, 2022, and the Board designated Mr. Olson as the Company's 'principal accounting officer' for purposes of filings made with the Securities and Exchange Commission.
Amendment No. 2, among other things, (a) increased F&D's revolving commitments to a total aggregate principal amount of $800 million, (b) increased the accordion feature such that it allows for F&D, under certain circumstances, to increase the size of the facility by an amount up to $200 million, and (c) extended the stated maturity date under Amendment No. 2 to August 4, 2027.
On August 4, 2022, the Company announced that it will promote Trevor Lang to serve as its President. Mr. Lang currently serves as the Company's Executive Vice President and Chief Financial Officer of the Company, and his promotion to President will be effective upon the appointment of a new Chief Financial Officer.
Pursuant to the terms of the Addendum, Mr. Lang's base salary was increased, with the other material terms and conditions of the Employment Agreement generally remaining unchanged. Additionally, in connection with the approval of Mr. Lang's promotion to President, the Compensation Committee recommended, and the Board approved, a grant of restricted stock units to Mr. Lang under the Company's 2017 Stock Incentive Plan.
In connection with the approval of Mr. Olson's promotion to Chief Accounting Officer, the Compensation Committee approved a grant of restricted stock units to Mr. Olson under the Company's 2017 Stock Incentive Plan.","['credit_facility', 'executive_compensation_change', 'executive_officer_appointment']",routine_compatible,False,2022-08-05,mixed_nonfacility_disclosure
SJW,0000766829,0001193125-22-213665,2022-08-05,capital_and_financing,debt_activity,credit_facility,"On August 2, 2022, SJW Group (the ""Company""), San Jose Water Company, a wholly-owned subsidiary of the Company (""SJWC""), SJWTX, Inc., a wholly-owned subsidiary of the Company (""SJWTX""), and Connecticut Water Services Inc., an indirect wholly-owned subsidiary of the Company (""CTWS""), entered into a $300,000,000 credit agreement (the ""Credit Agreement"") with JPMorgan Chase Bank, N.A., as Administrative Agent (""JP Morgan""), Wells Fargo Bank, National Association, as Documentation Agent, and a syndicate of banks.",https://www.sec.gov/Archives/edgar/data/766829/0001193125-22-213665.txt,"On August 2, 2022, SJW Group (the ""Company""), San Jose Water Company, a wholly-owned subsidiary of the Company (""SJWC""), SJWTX, Inc., a wholly-owned subsidiary of the Company (""SJWTX""), and Connecticut Water Services Inc., an indirect wholly-owned subsidiary of the Company (""CTWS""), entered into a $300,000,000 credit agreement (the ""Credit Agreement"") with JPMorgan Chase Bank, N.A., as Administrative Agent (""JP Morgan""), Wells Fargo Bank, National Association, as Documentation Agent, and a syndicate of banks.
This Credit Agreement replaces the existing $140,000,000 credit agreement, dated April 23, 2021, between SJWC and JP Morgan (the ""Existing SJWC Credit Agreement"") and the existing $5,000,000 credit agreement, dated April 23, 2021, between SJWTX and JP Morgan, with the Company as guarantor, both of which were terminated upon entering into the Credit Agreement and set to mature on December 31, 2023.","['credit_facility', 'deal_termination']",routine_compatible,False,2022-08-08,no_explicit_revolving_facility
IPI,0001421461,0001104659-22-087932,2022-08-09,capital_and_financing,debt_activity,credit_facility,"Intrepid Potash, Inc. and certain of its subsidiaries entered into the Second Amendment to Amended and Restated Credit Agreement with the lenders party thereto, and Bank of Montreal, as administrative agent, which amended certain terms of the Amended and Restated Credit Agreement, dated August 1, 2019. Pursuant to the Second Amendment, the Credit Agreement was amended to, among other things, (i) increase the total commitments under the Credit Agreement by $75.0 million, resulting in total commitments increasing to $150.0 million, (ii) extend the maturity date to August 4, 2027, (iii) transition from LIBOR to SOFR as a reference rate for borrowings under the Credit Agreement, with borrowings bearing interest at the Adjusted Term SOFR plus an applicable margin of 1.50% to 2.25% per annum or the Base Rate plus an applicable margin of 0.50% to 1.25% per annum.",https://www.sec.gov/Archives/edgar/data/1421461/0001104659-22-087932.txt,"Intrepid Potash, Inc. and certain of its subsidiaries entered into the Second Amendment to Amended and Restated Credit Agreement with the lenders party thereto, and Bank of Montreal, as administrative agent, which amended certain terms of the Amended and Restated Credit Agreement, dated August 1, 2019. Pursuant to the Second Amendment, the Credit Agreement was amended to, among other things, (i) increase the total commitments under the Credit Agreement by $75.0 million, resulting in total commitments increasing to $150.0 million, (ii) extend the maturity date to August 4, 2027, (iii) transition from LIBOR to SOFR as a reference rate for borrowings under the Credit Agreement, with borrowings bearing interest at the Adjusted Term SOFR plus an applicable margin of 1.50% to 2.25% per annum or the Base Rate plus an applicable margin of 0.50% to 1.25% per annum.",['credit_facility'],routine_compatible,False,2022-08-10,no_explicit_revolving_facility
LVO,0001491419,0001213900-22-045902,2022-08-09,capital_and_financing,debt_activity,credit_facility,"Effective as of August 4, 2022, the Company extended the maturity date of its revolving credit facility with East West Bank to June 2024. The credit facility was originally entered into effective as of June 7, 2021.",https://www.sec.gov/Archives/edgar/data/1491419/0001213900-22-045902.txt,"Effective as of August 4, 2022, the Company extended the maturity date of its revolving credit facility with East West Bank to June 2024. The credit facility was originally entered into effective as of June 7, 2021.
On August 4, 2022, LiveOne, Inc.'s wholly owned subsidiary, Slacker, Inc. extended for 3 years its agreement with a certain licensor of sound recordings and music content rights, and the Company issued 800,000 shares of its common stock to the music partner to be credited against music royalty payments due under the Agreement.","['credit_facility', 'partnership_or_collaboration']",routine_compatible,False,2022-08-10,mixed_nonfacility_disclosure
HZO,0001057060,0001193125-22-216160,2022-08-09,capital_and_financing,debt_activity,credit_facility,"On August 8, 2022, the Company refinanced its existing Amended and Restated Loan and Security Agreement with a new Credit Agreement with Manufacturers and Traders Trust Company as Administrative Agent. The New Credit Agreement increases the size of the floor plan facility to $750 million and establishes a revolving credit facility in the maximum amount of $100 million, a delayed draw term loan facility to finance the Transaction in the maximum amount of $400 million, and a $100 million delayed draw mortgage loan facility, with maturity of August 2027.",https://www.sec.gov/Archives/edgar/data/1057060/0001193125-22-216160.txt,"On August 8, 2022, MarineMax, Inc. and its wholly-owned subsidiary, MarineMax East, Inc., entered into a Securities Purchase Agreement with Island Marina Holdings LLC and Island Marinas Subsidiary Corp., pursuant to which the Buyer agreed to purchase all of the outstanding membership interest units of Island Global Yachting LLC in exchange for $480 million in cash, subject to customary purchase price adjustments, with an additional potential payment of up to $100 million in cash two years after closing, subject to the achievement of certain performance metrics.
On August 8, 2022, the Company refinanced its existing Amended and Restated Loan and Security Agreement with a new Credit Agreement with Manufacturers and Traders Trust Company as Administrative Agent. The New Credit Agreement increases the size of the floor plan facility to $750 million and establishes a revolving credit facility in the maximum amount of $100 million, a delayed draw term loan facility to finance the Transaction in the maximum amount of $400 million, and a $100 million delayed draw mortgage loan facility, with maturity of August 2027.
On August 8, 2022, the Company posted an investor presentation dated August 9, 2022 on the Presentations & Events section of www.investor.marinemax.com. The investor presentation is furnished as Exhibit 99.3 to this Form 8-K.","['acquisition_agreement', 'credit_facility', 'investor_presentation']",routine_compatible,False,2022-08-10,mixed_nonfacility_disclosure
VMC,0001396009,0001193125-22-215212,2022-08-09,capital_and_financing,debt_activity,credit_facility,"On August 8, 2022, Vulcan Materials Company (the ""Company"") entered into a Fourth Amendment (the ""Fourth Amendment"") to its credit agreement, dated September 10, 2020 (as subsequently amended, the ""Credit Agreement""), with Truist Bank, as administrative agent, and the lenders (collectively, the ""Lenders""), and other parties named therein. The Fourth Amendment, among other things, (a) increases the revolving loan commitments from $1.0 billion to $1.6 billion, (b) extends the maturity date from September 10, 2026 to August 8, 2027, and (c) grants the Company the option to seek an amendment to incorporate environmental, social, and governance metrics into the determination of the unused fee and the borrowing spread.",https://www.sec.gov/Archives/edgar/data/1396009/0001193125-22-215212.txt,"On August 8, 2022, the Company entered into definitive documentation to establish a $1.6 billion commercial paper program (the ""CP Program"") through which the Company may issue unsecured commercial paper notes (the ""CP Notes"") pursuant to the exemption from registration contained in Section 4(a)(2) of the United States Securities Act of 1933, as amended (the ""Securities Act""). The CP Notes will be sold under customary terms in the commercial paper market, may have maturities from one day to 397 days from the date of issue, will be issued at a discount from par or at par and bear interest rates determined at the time of issuance, and may not exceed at any one time outstanding $1.6 billion in principal amount.
On August 8, 2022, Vulcan Materials Company (the ""Company"") entered into a Fourth Amendment (the ""Fourth Amendment"") to its credit agreement, dated September 10, 2020 (as subsequently amended, the ""Credit Agreement""), with Truist Bank, as administrative agent, and the lenders (collectively, the ""Lenders""), and other parties named therein. The Fourth Amendment, among other things, (a) increases the revolving loan commitments from $1.0 billion to $1.6 billion, (b) extends the maturity date from September 10, 2026 to August 8, 2027, and (c) grants the Company the option to seek an amendment to incorporate environmental, social, and governance metrics into the determination of the unused fee and the borrowing spread.","['credit_facility', 'debt_issuance']",routine_compatible,False,2022-08-10,mixed_nonfacility_disclosure
ATRO,0000008063,0000008063-22-000030,2022-08-10,capital_and_financing,debt_activity,credit_facility,"Astronics Corporation (the ""Company"") amended its existing credit facility on August 9, 2022 by entering into Amendment No. 3 (the ""Amendment"") to the Fifth Amended and Restated Credit Agreement dated as of February 16, 2018, with HSBC Bank USA, National Association, as Agent, and the lenders signatory thereto. The Amendment extended the scheduled maturity date from May 30, 2023 to August 31, 2023. The Amendment also reduced the maximum amount that the Company can borrow under the revolving credit line from $225 million to $190 million as of August 9, 2022, with further reductions to $180 million at September 12, 2022 and $170 million at October 11, 2022.",https://www.sec.gov/Archives/edgar/data/8063/0000008063-22-000030.txt,"Astronics Corporation (the ""Company"") amended its existing credit facility on August 9, 2022 by entering into Amendment No. 3 (the ""Amendment"") to the Fifth Amended and Restated Credit Agreement dated as of February 16, 2018, with HSBC Bank USA, National Association, as Agent, and the lenders signatory thereto. The Amendment extended the scheduled maturity date from May 30, 2023 to August 31, 2023. The Amendment also reduced the maximum amount that the Company can borrow under the revolving credit line from $225 million to $190 million as of August 9, 2022, with further reductions to $180 million at September 12, 2022 and $170 million at October 11, 2022.",['credit_facility'],routine_compatible,False,2022-08-11,short_bridge_extension
CLMT,0001340122,0001193125-22-216891,2022-08-10,capital_and_financing,debt_activity,credit_facility,"On the Closing Date, Montana Renewables also entered into an Interim Funding Agreement with Stonebriar, under which Stonebriar committed up to $100.0 million in financing to be provided through interim progress payments for the design, layout, purchase and construction of a feedstock pre-treater facility.",https://www.sec.gov/Archives/edgar/data/1340122/0001193125-22-216891.txt,"On August 5, 2022, borrowings under the Oaktree Credit Agreement were fully repaid and such agreement was terminated. Montana Renewables repaid all borrowings outstanding under the Oaktree Credit Agreement with a combination of proceeds from the issuance and sale of the initial Preferred Units and the Stonebriar Transactions.
On August 5, 2022, borrowings under the Oaktree Credit Agreement were fully repaid and such agreement was terminated.
On the Closing Date, Montana Renewables also entered into an Interim Funding Agreement with Stonebriar, under which Stonebriar committed up to $100.0 million in financing to be provided through interim progress payments for the design, layout, purchase and construction of a feedstock pre-treater facility.
On August 5, 2022, Montana Renewables entered into Equipment Schedule No. 2, establishing lease terms pursuant to the Master Lease Agreement, for a purchase price of $250.0 million for a hydrocracker and related equipment, with monthly rental payments of approximately $3.2 million payable over 120 months.
Montana Holdings issued and sold in a private placement $250.0 million of Preferred Units to Warburg in exchange for an immediate cash payment of $200.0 million with the Deferred Purchase Price of $50.0 million plus any Incremental Financing Costs to be delivered on or before October 3, 2022.","['credit_facility', 'deal_termination', 'debt_retirement', 'lease_agreement', 'private_placement']",routine_compatible,False,2022-08-11,mixed_nonfacility_disclosure
SMCI,0001375365,0001375365-22-000097,2022-08-12,capital_and_financing,debt_activity,credit_facility,"On August 9, 2022 (the ""E.SUN Bank Effective Date""), the Subsidiary entered into a new General Credit Agreement with E.SUN Bank, which replaced the Prior E.SUN Bank Credit Facility (the ""New E.SUN Bank Credit Facility""). The New E.SUN Bank Credit Facility permits borrowings of up to (i) NTD1.8 billion ($61 million U.S. dollar equivalent) and (ii) US$30 million as loans.",https://www.sec.gov/Archives/edgar/data/1375365/0001375365-22-000097.txt,"On August 9, 2022 (the ""E.SUN Bank Effective Date""), the Subsidiary entered into a new General Credit Agreement with E.SUN Bank, which replaced the Prior E.SUN Bank Credit Facility (the ""New E.SUN Bank Credit Facility""). The New E.SUN Bank Credit Facility permits borrowings of up to (i) NTD1.8 billion ($61 million U.S. dollar equivalent) and (ii) US$30 million as loans.
A drawdown of US$30 million under the E.SUN Bank Credit Facility for an import loan with a tenor of 120 days (the ""Import O/A Loan""). The period of use is between April 28, 2022 and April 28, 2023.
A medium term credit loan of NTD680 million ($23 million U.S. dollar equivalent) with a tenor of 5 years (the ""Medium Term Loan""). The period of use is between April 28, 2022 and April 28, 2023... The Medium Term Loan will be used by the Subsidiary to support its manufacturing activities (such as purchase of materials and components).","['credit_facility', 'credit_facility_draw']",routine_compatible,False,2022-08-15,no_explicit_revolving_facility
GOOD,0001234006,0001193125-22-224419,2022-08-19,capital_and_financing,debt_activity,credit_facility,"Gladstone Commercial Corporation, through its subsidiary Gladstone Commercial Limited Partnership entered into the Fourth Amended and Restated Credit Agreement and Other Loan Documents with KeyBank National Association, as agent, sole book manager and joint lead arranger, Fifth Third Bank, National Association, Bank of America, N.A. and The Huntington National Bank, as joint lead arrangers and co-syndication agents, and certain other lenders party thereto (the 'Amended Credit Facility'). Increased the credit facility size from $325 million to $480 million, with the term loan component of the credit facility being increased to $360 million through the addition of one additional senior unsecured term loan (Term Loan C of $140 million), a $5 million reduction to Term Loan B, and the revolving credit facility being increased by $20 million to $120 million.",https://www.sec.gov/Archives/edgar/data/1234006/0001193125-22-224419.txt,"the addition of one additional senior unsecured term loan (Term Loan C of $140 million), a $5 million reduction to Term Loan B, and the revolving credit facility being increased by $20 million to $120 million; Allows for the Amended Credit Facility to be increased by $245 million upon the Company's request, subject to certain conditions and lender funding; Extended the revolving credit maturity date to August 2026; Extended the maturity date of Term Loan A to August 2027 and Term Loan B to February 2026; Established a maturity date for Term Loan C of February 2028.
Gladstone Commercial Corporation, through its subsidiary Gladstone Commercial Limited Partnership entered into the Fourth Amended and Restated Credit Agreement and Other Loan Documents with KeyBank National Association, as agent, sole book manager and joint lead arranger, Fifth Third Bank, National Association, Bank of America, N.A. and The Huntington National Bank, as joint lead arrangers and co-syndication agents, and certain other lenders party thereto (the 'Amended Credit Facility'). Increased the credit facility size from $325 million to $480 million, with the term loan component of the credit facility being increased to $360 million through the addition of one additional senior unsecured term loan (Term Loan C of $140 million), a $5 million reduction to Term Loan B, and the revolving credit facility being increased by $20 million to $120 million.","['credit_facility', 'debt_issuance']",routine_compatible,False,2022-08-22,mixed_nonfacility_disclosure
GOODN,0001234006,0001193125-22-224419,2022-08-19,capital_and_financing,debt_activity,credit_facility,"Gladstone Commercial Corporation, through its subsidiary Gladstone Commercial Limited Partnership entered into the Fourth Amended and Restated Credit Agreement and Other Loan Documents with KeyBank National Association, as agent, sole book manager and joint lead arranger, Fifth Third Bank, National Association, Bank of America, N.A. and The Huntington National Bank, as joint lead arrangers and co-syndication agents, and certain other lenders party thereto (the 'Amended Credit Facility'). Increased the credit facility size from $325 million to $480 million, with the term loan component of the credit facility being increased to $360 million through the addition of one additional senior unsecured term loan (Term Loan C of $140 million), a $5 million reduction to Term Loan B, and the revolving credit facility being increased by $20 million to $120 million.",https://www.sec.gov/Archives/edgar/data/1234006/0001193125-22-224419.txt,"the addition of one additional senior unsecured term loan (Term Loan C of $140 million), a $5 million reduction to Term Loan B, and the revolving credit facility being increased by $20 million to $120 million; Allows for the Amended Credit Facility to be increased by $245 million upon the Company's request, subject to certain conditions and lender funding; Extended the revolving credit maturity date to August 2026; Extended the maturity date of Term Loan A to August 2027 and Term Loan B to February 2026; Established a maturity date for Term Loan C of February 2028.
Gladstone Commercial Corporation, through its subsidiary Gladstone Commercial Limited Partnership entered into the Fourth Amended and Restated Credit Agreement and Other Loan Documents with KeyBank National Association, as agent, sole book manager and joint lead arranger, Fifth Third Bank, National Association, Bank of America, N.A. and The Huntington National Bank, as joint lead arrangers and co-syndication agents, and certain other lenders party thereto (the 'Amended Credit Facility'). Increased the credit facility size from $325 million to $480 million, with the term loan component of the credit facility being increased to $360 million through the addition of one additional senior unsecured term loan (Term Loan C of $140 million), a $5 million reduction to Term Loan B, and the revolving credit facility being increased by $20 million to $120 million.","['credit_facility', 'debt_issuance']",routine_compatible,False,2022-08-22,mixed_nonfacility_disclosure
GOODO,0001234006,0001193125-22-224419,2022-08-19,capital_and_financing,debt_activity,credit_facility,"Gladstone Commercial Corporation, through its subsidiary Gladstone Commercial Limited Partnership entered into the Fourth Amended and Restated Credit Agreement and Other Loan Documents with KeyBank National Association, as agent, sole book manager and joint lead arranger, Fifth Third Bank, National Association, Bank of America, N.A. and The Huntington National Bank, as joint lead arrangers and co-syndication agents, and certain other lenders party thereto (the 'Amended Credit Facility'). Increased the credit facility size from $325 million to $480 million, with the term loan component of the credit facility being increased to $360 million through the addition of one additional senior unsecured term loan (Term Loan C of $140 million), a $5 million reduction to Term Loan B, and the revolving credit facility being increased by $20 million to $120 million.",https://www.sec.gov/Archives/edgar/data/1234006/0001193125-22-224419.txt,"the addition of one additional senior unsecured term loan (Term Loan C of $140 million), a $5 million reduction to Term Loan B, and the revolving credit facility being increased by $20 million to $120 million; Allows for the Amended Credit Facility to be increased by $245 million upon the Company's request, subject to certain conditions and lender funding; Extended the revolving credit maturity date to August 2026; Extended the maturity date of Term Loan A to August 2027 and Term Loan B to February 2026; Established a maturity date for Term Loan C of February 2028.
Gladstone Commercial Corporation, through its subsidiary Gladstone Commercial Limited Partnership entered into the Fourth Amended and Restated Credit Agreement and Other Loan Documents with KeyBank National Association, as agent, sole book manager and joint lead arranger, Fifth Third Bank, National Association, Bank of America, N.A. and The Huntington National Bank, as joint lead arrangers and co-syndication agents, and certain other lenders party thereto (the 'Amended Credit Facility'). Increased the credit facility size from $325 million to $480 million, with the term loan component of the credit facility being increased to $360 million through the addition of one additional senior unsecured term loan (Term Loan C of $140 million), a $5 million reduction to Term Loan B, and the revolving credit facility being increased by $20 million to $120 million.","['credit_facility', 'debt_issuance']",routine_compatible,False,2022-08-22,mixed_nonfacility_disclosure
SCHN,0000912603,0000950170-22-017701,2022-08-23,capital_and_financing,debt_activity,credit_facility,"On August 22, 2022, Schnitzer Steel Industries, Inc. and certain of its subsidiaries entered into the Third Amendment to its Third Amended and Restated Credit Agreement. The Third Amendment provides for an increase in the aggregate commitments for US dollar loans from $700 million to $800 million and extends the maturity date of the borrowings under the Amended Credit Agreement to August 2027.",https://www.sec.gov/Archives/edgar/data/912603/0000950170-22-017701.txt,"On August 22, 2022, Schnitzer Steel Industries, Inc. and certain of its subsidiaries entered into the Third Amendment to its Third Amended and Restated Credit Agreement. The Third Amendment provides for an increase in the aggregate commitments for US dollar loans from $700 million to $800 million and extends the maturity date of the borrowings under the Amended Credit Agreement to August 2027.",['credit_facility'],routine_compatible,False,2022-08-24,no_explicit_revolving_facility
SPXC,0000088205,0001104659-22-094048,2022-08-24,capital_and_financing,debt_activity,credit_facility,"on August 12, 2022 SPX Corporation (the ""Former Parent Corporation"") and its then wholly owned subsidiary SPX Enterprises, LLC (""SPXE"") entered into an Amended and Restated Credit Agreement (the ""Credit Agreement"") with a syndicate of lenders, Deutsche Bank AG, as foreign trade facility agent, and Bank of America, N.A., as administrative agent.",https://www.sec.gov/Archives/edgar/data/88205/0001104659-22-094048.txt,"on August 12, 2022 SPX Corporation (the ""Former Parent Corporation"") and its then wholly owned subsidiary SPX Enterprises, LLC (""SPXE"") entered into an Amended and Restated Credit Agreement (the ""Credit Agreement"") with a syndicate of lenders, Deutsche Bank AG, as foreign trade facility agent, and Bank of America, N.A., as administrative agent.
the Company joined the Credit Agreement and other applicable loan documentation related to the Credit Agreement, assumed all of the obligations of the Former Parent Corporation thereunder and provided a guarantee and pledge of collateral (including 100% of the capital stock of SPXE) with respect thereto.
on August 23, 2022, the Company entered into an Assumption Agreement, dated as of August 23, 2022 (the ""Assumption Agreement""), pursuant to which the Company joined the Credit Agreement and other applicable loan documentation related to the Credit Agreement, assumed all of the obligations of the Former Parent Corporation thereunder and provided a guarantee and pledge of collateral (including 100% of the capital stock of SPXE) with respect thereto.","['credit_facility', 'guarantee_or_letter_of_credit']",routine_compatible,False,2022-08-25,no_explicit_revolving_facility
LCUT,0000874396,0001628280-22-023821,2022-08-29,capital_and_financing,debt_activity,credit_facility,"Amendment No. 2 to the Credit Agreement increases the Lenders' aggregate commitments under the ABL Credit Agreement from $150 million to $200 million, extends its maturity from March 2, 2023 to August 26, 2027, and replaces LIBOR with SOFR, SONIA, and EURIBOR as benchmarks for borrowings.",https://www.sec.gov/Archives/edgar/data/874396/0001628280-22-023821.txt,"Amendment No. 2 to the Credit Agreement increases the Lenders' aggregate commitments under the ABL Credit Agreement from $150 million to $200 million, extends its maturity from March 2, 2023 to August 26, 2027, and replaces LIBOR with SOFR, SONIA, and EURIBOR as benchmarks for borrowings.",['credit_facility'],routine_compatible,False,2022-08-30,no_explicit_revolving_facility
LSCC,0000855658,0001437749-22-021757,2022-09-02,capital_and_financing,debt_activity,credit_facility,"On September 1, 2022, Lattice Semiconductor Corporation entered into an Amended and Restated Credit Agreement which provides for a five-year secured revolving loan facility in an aggregate principal amount of up to $350.0 million dollars, with a $30.0 million letter of credit sublimit and a $15.0 million swingline loan sublimit.",https://www.sec.gov/Archives/edgar/data/855658/0001437749-22-021757.txt,"On May 6, 2022, the Court entered a stipulated order pursuant to which the plaintiff voluntarily dismissed the Action with prejudice as to himself only. The Company subsequently agreed to pay $250,000 to the plaintiff's counsel for attorneys' fees and expenses in full satisfaction of the claim for attorneys' fees and expenses in the Action.
On September 1, 2022, Lattice Semiconductor Corporation entered into an Amended and Restated Credit Agreement which provides for a five-year secured revolving loan facility in an aggregate principal amount of up to $350.0 million dollars, with a $30.0 million letter of credit sublimit and a $15.0 million swingline loan sublimit.
The proceeds of the loans made on the closing date of the Credit Agreement were used (i) to repay all outstanding term loans under the Company's Existing Credit Agreement, and (ii) to pay fees and expenses incurred in connection with the Credit Agreement.","['credit_facility', 'debt_retirement', 'settlement_agreement']",routine_compatible,False,2022-09-06,mixed_nonfacility_disclosure
HAYN,0000858655,0001104659-22-097522,2022-09-02,capital_and_financing,debt_activity,credit_facility,"On August 30, 2022, Haynes International, Inc. (the ""Company"") entered into Amendment No. 1 to Credit Agreement (the ""Amendment"") which amended that certain Credit Agreement, dated October 19, 2020 (the ""Credit Agreement""), by and among the Company, the Lenders (as defined in the Amendment), and JPMorgan Chase Bank, N.A., as administrative agent for the Lenders. The Amendment (a) extends the maturity date from October 19, 2023 to April 19, 2024 and (b) switches from a LIBOR-based interest rate calculation to a SOFR-based interest rate calculation for certain borrowings under the Credit Agreement.",https://www.sec.gov/Archives/edgar/data/858655/0001104659-22-097522.txt,"On August 30, 2022, Haynes International, Inc. (the ""Company"") entered into Amendment No. 1 to Credit Agreement (the ""Amendment"") which amended that certain Credit Agreement, dated October 19, 2020 (the ""Credit Agreement""), by and among the Company, the Lenders (as defined in the Amendment), and JPMorgan Chase Bank, N.A., as administrative agent for the Lenders. The Amendment (a) extends the maturity date from October 19, 2023 to April 19, 2024 and (b) switches from a LIBOR-based interest rate calculation to a SOFR-based interest rate calculation for certain borrowings under the Credit Agreement.",['credit_facility'],routine_compatible,False,2022-09-06,no_explicit_revolving_facility
MTN,0000812011,0000812011-22-000032,2022-09-06,capital_and_financing,debt_activity,credit_facility,"Vail Holdings, Inc., a Colorado corporation (the ""Borrower"") and a wholly-owned subsidiary of Vail Resorts, Inc. (the ""Company""), a Delaware corporation, certain subsidiaries of the Company, as guarantors, Bank of America, N.A., as administrative agent, and certain Lenders entered into a Fifth Amendment (the ""Fifth Amendment"") to the Eighth Amended and Restated Credit Agreement, dated as of August 15, 2018 (as so amended, and as previously amended, the ""Credit Agreement"").",https://www.sec.gov/Archives/edgar/data/812011/0000812011-22-000032.txt,"Vail Holdings, Inc., a Colorado corporation (the ""Borrower"") and a wholly-owned subsidiary of Vail Resorts, Inc. (the ""Company""), a Delaware corporation, certain subsidiaries of the Company, as guarantors, Bank of America, N.A., as administrative agent, and certain Lenders entered into a Fifth Amendment (the ""Fifth Amendment"") to the Eighth Amended and Restated Credit Agreement, dated as of August 15, 2018 (as so amended, and as previously amended, the ""Credit Agreement"").
The Fifth Amendment, among other things, (i) extends the maturity date of the Credit Agreement to September 23, 2026, and (ii) replaces the benchmark rate under the Credit Agreement from LIBOR to SOFR (the secured overnight financing rate as administered by the Federal Reserve Bank of New York) as the applicable reference interest rate for the Credit Agreement.",['credit_facility'],routine_compatible,False,2022-09-07,no_explicit_revolving_facility
TASK,0001829864,0001829864-22-000114,2022-09-07,capital_and_financing,debt_activity,credit_facility,"On September 7, 2022, TU MidCo, Inc., TU BidCo, Inc., and certain subsidiaries entered into an Amended and Restated Credit Agreement with lenders and JPMorgan Chase Bank, N.A., as administrative agent. The Amended and Restated Credit Agreement amends and restates the existing Credit Agreement dated September 25, 2019.",https://www.sec.gov/Archives/edgar/data/1829864/0001829864-22-000114.txt,"The Company announced that the Board of Directors authorized a share repurchase program, pursuant to which the Company may repurchase up to $100.0 million of its Class A common stock through December 31, 2024. The Company may repurchase shares from time to time through open market purchases, in privately negotiated transactions or by other means.
On the Amendment Date, the Borrower borrowed term loans in an amount equal to $270,000,000 and received revolving commitments in an amount equal to $190,000,000. The proceeds of the terms loans were used to refinance outstanding borrowings under the Existing Credit Agreement and to pay transaction fees and expenses.
The discussion is expected to include certain business updates, including a reaffirmation of fiscal year 2022 guidance and that the Company's third quarter 2022 revenues are anticipated to be at or above the top end of the previously provided guidance range.
On September 7, 2022, TU MidCo, Inc., TU BidCo, Inc., and certain subsidiaries entered into an Amended and Restated Credit Agreement with lenders and JPMorgan Chase Bank, N.A., as administrative agent. The Amended and Restated Credit Agreement amends and restates the existing Credit Agreement dated September 25, 2019.","['credit_facility', 'credit_facility_draw', 'guidance_issuance_or_update', 'share_repurchase_program']",routine_compatible,False,2022-09-08,mixed_nonfacility_disclosure
MERC,0001333274,0001193125-22-247718,2022-09-20,capital_and_financing,debt_activity,credit_facility,"On September 15, 2022, various German subsidiaries (the ""Loan Parties"") of Mercer International Inc. (the ""Company"") entered into a new €300 million joint revolving credit facility (the ""New Facility"") with a group of bank lenders. The New Facility, which will be used for general corporate purposes, replaces the existing revolving credit facility aggregating €200 million.",https://www.sec.gov/Archives/edgar/data/1333274/0001193125-22-247718.txt,"The New Facility is ""sustainability linked"" whereby if certain sustainability targets are achieved, there is a reduction in the applicable interest rate. The sustainability-linked feature is consistent with Mercer's long term ESG objectives as validated by the Science Based Targets Initiative.
On September 15, 2022, various German subsidiaries (the ""Loan Parties"") of Mercer International Inc. (the ""Company"") entered into a new €300 million joint revolving credit facility (the ""New Facility"") with a group of bank lenders. The New Facility, which will be used for general corporate purposes, replaces the existing revolving credit facility aggregating €200 million.","['credit_facility', 'esg_sustainability_commitment']",routine_compatible,False,2022-09-21,mixed_nonfacility_disclosure
MERC.S,0001333274,0001193125-22-247718,2022-09-20,capital_and_financing,debt_activity,credit_facility,"On September 15, 2022, various German subsidiaries (the ""Loan Parties"") of Mercer International Inc. (the ""Company"") entered into a new €300 million joint revolving credit facility (the ""New Facility"") with a group of bank lenders. The New Facility, which will be used for general corporate purposes, replaces the existing revolving credit facility aggregating €200 million.",https://www.sec.gov/Archives/edgar/data/1333274/0001193125-22-247718.txt,"The New Facility is ""sustainability linked"" whereby if certain sustainability targets are achieved, there is a reduction in the applicable interest rate. The sustainability-linked feature is consistent with Mercer's long term ESG objectives as validated by the Science Based Targets Initiative.
On September 15, 2022, various German subsidiaries (the ""Loan Parties"") of Mercer International Inc. (the ""Company"") entered into a new €300 million joint revolving credit facility (the ""New Facility"") with a group of bank lenders. The New Facility, which will be used for general corporate purposes, replaces the existing revolving credit facility aggregating €200 million.","['credit_facility', 'esg_sustainability_commitment']",routine_compatible,False,2022-09-21,mixed_nonfacility_disclosure
MERCS,0001333274,0001193125-22-247718,2022-09-20,capital_and_financing,debt_activity,credit_facility,"On September 15, 2022, various German subsidiaries (the ""Loan Parties"") of Mercer International Inc. (the ""Company"") entered into a new €300 million joint revolving credit facility (the ""New Facility"") with a group of bank lenders. The New Facility, which will be used for general corporate purposes, replaces the existing revolving credit facility aggregating €200 million.",https://www.sec.gov/Archives/edgar/data/1333274/0001193125-22-247718.txt,"The New Facility is ""sustainability linked"" whereby if certain sustainability targets are achieved, there is a reduction in the applicable interest rate. The sustainability-linked feature is consistent with Mercer's long term ESG objectives as validated by the Science Based Targets Initiative.
On September 15, 2022, various German subsidiaries (the ""Loan Parties"") of Mercer International Inc. (the ""Company"") entered into a new €300 million joint revolving credit facility (the ""New Facility"") with a group of bank lenders. The New Facility, which will be used for general corporate purposes, replaces the existing revolving credit facility aggregating €200 million.","['credit_facility', 'esg_sustainability_commitment']",routine_compatible,False,2022-09-21,mixed_nonfacility_disclosure
PBPB,0001195734,0001193125-22-250586,2022-09-26,capital_and_financing,debt_activity,credit_facility,"On September 23, 2022, Potbelly Corporation entered into Amendment No. 8 to the Second Amended and Restated Credit Agreement, dated as of August 7, 2019, with JPMorgan Chase Bank, N.A. The Amendment extends the maturity date under the Credit Agreement from August 31, 2023 to December 31, 2023 and revises the minimum monthly EBITDA and Liquidity thresholds the Company must maintain.",https://www.sec.gov/Archives/edgar/data/1195734/0001193125-22-250586.txt,"On September 23, 2022, Potbelly Corporation entered into Amendment No. 8 to the Second Amended and Restated Credit Agreement, dated as of August 7, 2019, with JPMorgan Chase Bank, N.A. The Amendment extends the maturity date under the Credit Agreement from August 31, 2023 to December 31, 2023 and revises the minimum monthly EBITDA and Liquidity thresholds the Company must maintain.",['credit_facility'],routine_compatible,False,2022-09-27,no_explicit_revolving_facility
KLXE,0001738827,0001738827-22-000033,2022-09-28,capital_and_financing,debt_activity,credit_facility,"On September 22, 2022, KLX Energy Services Holdings, Inc. (the ""Company"") entered into a Third Amendment to Credit Agreement...which amends that certain Credit Agreement, dated as of August 10, 2018...The Third Amendment, among other things, (i) extends the maturity date of the Credit Agreement by a year from September 14, 2023 to September 15, 2024, (ii) increases the applicable margin by 0.50%, (iii) replaces LIBOR as the benchmark rate with Term SOFR.",https://www.sec.gov/Archives/edgar/data/1738827/0001738827-22-000033.txt,"On September 22, 2022, KLX Energy Services Holdings, Inc. (the ""Company"") entered into a Third Amendment to Credit Agreement...which amends that certain Credit Agreement, dated as of August 10, 2018...The Third Amendment, among other things, (i) extends the maturity date of the Credit Agreement by a year from September 14, 2023 to September 15, 2024, (ii) increases the applicable margin by 0.50%, (iii) replaces LIBOR as the benchmark rate with Term SOFR.
On September 28, 2022, the Company issued a press release (the ""Press Release"") to announce the amendment and extension of the Credit Agreement, provide updated financial information as of August 31, 2022, and revise its guidance for the third quarter of 2022.","['credit_facility', 'guidance_issuance_or_update']",routine_compatible,False,2022-09-29,mixed_nonfacility_disclosure
SWX,0001692115,0001193125-22-254307,2022-09-29,capital_and_financing,debt_activity,credit_facility,"Southwest Gas Holdings, Inc. entered into Amendment No. 1 to the 364-Day Term Loan Credit Agreement with the lenders party thereto. The Amended Credit Agreement extends the maturity date of the Term Loan to December 30, 2023 and replaces London Interbank Offered Rate interest rate benchmarks with Secured Overnight Financing Rate interest rate benchmarks.",https://www.sec.gov/Archives/edgar/data/1692115/0001193125-22-254307.txt,"Southwest Gas Holdings, Inc. entered into Amendment No. 1 to the 364-Day Term Loan Credit Agreement with the lenders party thereto. The Amended Credit Agreement extends the maturity date of the Term Loan to December 30, 2023 and replaces London Interbank Offered Rate interest rate benchmarks with Secured Overnight Financing Rate interest rate benchmarks.",['credit_facility'],routine_compatible,False,2022-09-30,no_explicit_revolving_facility
CRGY,0001866175,0001193125-22-254301,2022-09-29,capital_and_financing,debt_activity,credit_facility,"On September 23, 2022, Crescent Energy Finance LLC entered into that certain Fourth Amendment to Credit Agreement which amended the Company's existing Credit Agreement, dated as of May 6, 2021. The Credit Agreement Amendment included an increase in the borrowing base from $1.8 billion to $2.0 billion and maintained the elected commitments at $1.3 billion. The Credit Agreement Amendment also extended the maturity date to September 23, 2027 from May 6, 2025 and reduced the applicable margin by 0.50%.",https://www.sec.gov/Archives/edgar/data/1866175/0001193125-22-254301.txt,"On September 23, 2022, Crescent Energy Finance LLC entered into that certain Fourth Amendment to Credit Agreement which amended the Company's existing Credit Agreement, dated as of May 6, 2021. The Credit Agreement Amendment included an increase in the borrowing base from $1.8 billion to $2.0 billion and maintained the elected commitments at $1.3 billion. The Credit Agreement Amendment also extended the maturity date to September 23, 2027 from May 6, 2025 and reduced the applicable margin by 0.50%.",['credit_facility'],routine_compatible,False,2022-09-30,no_explicit_revolving_facility
JAN,0000862861,0000950170-22-019120,2022-09-30,capital_and_financing,debt_activity,credit_facility,"On September 26, 2022, ARCA Recycling, Inc., (the ""Borrower""), an indirect, wholly-owned subsidiary of the registrant, JanOne Inc. (the ""Company""), entered into a series of agreements (the ""Agreements"") with Gulf Coast Bank and Trust Company (the ""Lender"") to refinance its existing credit facility with Prestige Capital (the ""Prior Lender""). The principal limit of the refinanced facility is $7.0 million, and the borrowing base is the lesser of the principal limit or the sum of the following: 1.85% of eligible receivables, plus 2.Lesser of 50% of eligible unbilled receivables or $750,000, plus 3.Lesser of 50% of eligible Whirlpool only net inventory or $1.0 million, plus 4.Lesser of 80% of eligible capital expenditures (""CAPEX"") or $2.0 million, less 5.Reserve of $400,000, less 6.Additional reserves as deemed necessary by the Lender.",https://www.sec.gov/Archives/edgar/data/862861/0000950170-22-019120.txt,"On September 26, 2022, ARCA Recycling, Inc., (the ""Borrower""), an indirect, wholly-owned subsidiary of the registrant, JanOne Inc. (the ""Company""), entered into a series of agreements (the ""Agreements"") with Gulf Coast Bank and Trust Company (the ""Lender"") to refinance its existing credit facility with Prestige Capital (the ""Prior Lender""). The principal limit of the refinanced facility is $7.0 million, and the borrowing base is the lesser of the principal limit or the sum of the following: 1.85% of eligible receivables, plus 2.Lesser of 50% of eligible unbilled receivables or $750,000, plus 3.Lesser of 50% of eligible Whirlpool only net inventory or $1.0 million, plus 4.Lesser of 80% of eligible capital expenditures (""CAPEX"") or $2.0 million, less 5.Reserve of $400,000, less 6.Additional reserves as deemed necessary by the Lender.
Advances under the new credit facility are secured by a pledge of substantially all of the assets of the Borrower. The Company is a guarantor of the facility.","['credit_facility', 'guarantee_or_letter_of_credit']",routine_compatible,False,2022-10-03,no_explicit_revolving_facility
STAF,0001499717,0001493152-22-027276,2022-09-30,capital_and_financing,debt_activity,credit_facility,"On September 28, 2022, the Company entered into a limited consent (the ""Limited Consent"") to the Second Amended and Restated Note Purchase Agreement, dated as of October 26, 2020 (the ""Note Purchase Agreement""), with Jackson Investment Group, LLC. The Limited Consent extends the existing maturity date of the Amended and Restated Senior Secured 12% Promissory Note, dated as of October 26, 2020, from September 30, 2022 to October 14, 2022.",https://www.sec.gov/Archives/edgar/data/1499717/0001493152-22-027276.txt,"On September 28, 2022, the Company entered into a limited consent (the ""Limited Consent"") to the Second Amended and Restated Note Purchase Agreement, dated as of October 26, 2020 (the ""Note Purchase Agreement""), with Jackson Investment Group, LLC. The Limited Consent extends the existing maturity date of the Amended and Restated Senior Secured 12% Promissory Note, dated as of October 26, 2020, from September 30, 2022 to October 14, 2022.
On September 26, 2022, Staffing 360 Solutions, Inc. (the ""Company"") and certain of its domestic subsidiaries entered into an amendment (""Amendment No. 23"") to the Credit and Security Agreement, dated as of April 8, 2015 (as amended, the ""Credit Agreement"") with MidCap Funding X Trust (""MidCap""). Amendment No. 23 extends the Commitment Expiry Date, as defined in the Credit Agreement, to September 29, 2022.
On September 29, 2022, the Company and certain of its domestic subsidiaries entered into an amendment (""Amendment No. 24"") to the Credit Agreement with MidCap, which further extends the Commitment Expiry Date to October 13, 2022.",['credit_facility'],routine_compatible,False,2022-10-03,no_explicit_revolving_facility
FAST,0000815556,0000815556-22-000036,2022-09-30,capital_and_financing,debt_activity,credit_facility,"amended and restated its existing unsecured revolving Credit Agreement dated May 1, 2015...to increase the aggregate revolving credit commitment under the Credit Agreement to $835,000,000 (with an uncommitted accordion option to increase the aggregate revolving commitment by an additional $365,000,000 for a total commitment of $1,200,000,000), extend the revolving credit maturity date of the revolving credit facility established under the Credit Agreement to September 28, 2027",https://www.sec.gov/Archives/edgar/data/815556/0000815556-22-000036.txt,"amended and restated its existing unsecured revolving Credit Agreement dated May 1, 2015...to increase the aggregate revolving credit commitment under the Credit Agreement to $835,000,000 (with an uncommitted accordion option to increase the aggregate revolving commitment by an additional $365,000,000 for a total commitment of $1,200,000,000), extend the revolving credit maturity date of the revolving credit facility established under the Credit Agreement to September 28, 2027
amended its existing Master Note Agreement dated July 20, 2016...to increase the aggregate principal amount of Notes outstanding under the Master Note Agreement from time to time to up to $900 million, extend the issuance period during which the Company may issue at its discretion in a private placement...senior promissory notes of the Company (collectively, the 'Notes') to September 28, 2027","['credit_facility', 'debt_issuance']",routine_compatible,False,2022-10-03,mixed_nonfacility_disclosure
CURO,0001711291,0001711291-22-000070,2022-10-04,capital_and_financing,debt_activity,credit_facility,"On September 29, 2022, Flexiti Financial Inc. (""Flexiti""), a wholly-owned Canadian subsidiary of CURO Holdings Corp. (the ""Company""), amended its existing credit facility (the ""Flexiti SPE"") with Credit Suisse as administrative agent, and an affiliate of Bank of Montreal, as lender, in order to extend the borrowing capacity from C$500 million to C$535 million and extend its maturity.",https://www.sec.gov/Archives/edgar/data/1711291/0001711291-22-000070.txt,"On September 29, 2022, Flexiti Financial Inc. (""Flexiti""), a wholly-owned Canadian subsidiary of CURO Holdings Corp. (the ""Company""), amended its existing credit facility (the ""Flexiti SPE"") with Credit Suisse as administrative agent, and an affiliate of Bank of Montreal, as lender, in order to extend the borrowing capacity from C$500 million to C$535 million and extend its maturity.
CURO Group Holdings Corp. (the ""Company"") has prepared updated information for use in connection with upcoming investor meetings. A copy of the investor presentation is furnished as Exhibit 99.1 to this Current Report on Form 8-K.","['credit_facility', 'investor_presentation']",routine_compatible,False,2022-10-05,mixed_nonfacility_disclosure
UTL,0000755001,0001193125-22-258202,2022-10-05,capital_and_financing,debt_activity,credit_facility,"On September 29, 2022, Unitil Corporation entered into a Third Amended and Restated Credit Agreement among Unitil, Bank of America, N.A., as administrative agent, and Bank of America, N.A., Citizens Banks, N.A., and TD Bank, N.A. (each, a 'Lender'). The Third Amended Credit Facility has a borrowing limit of $200 million, which includes (i) a $25 million sublimit for the issuance of standby letters of credit and (ii) a $15 million sublimit for swingline borrowings.",https://www.sec.gov/Archives/edgar/data/755001/0001193125-22-258202.txt,"As of the close of business on September 29, 2022, Unitil's aggregate borrowings under the Third Amended Credit Facility were approximately $65.5 million at an interest rate per annum of approximately 4.215%.
On September 29, 2022, Unitil Corporation entered into a Third Amended and Restated Credit Agreement among Unitil, Bank of America, N.A., as administrative agent, and Bank of America, N.A., Citizens Banks, N.A., and TD Bank, N.A. (each, a 'Lender'). The Third Amended Credit Facility has a borrowing limit of $200 million, which includes (i) a $25 million sublimit for the issuance of standby letters of credit and (ii) a $15 million sublimit for swingline borrowings.","['credit_facility', 'credit_facility_draw']",routine_compatible,False,2022-10-06,no_explicit_revolving_facility
TILE,0000715787,0000715787-22-000037,2022-10-17,capital_and_financing,debt_activity,credit_facility,"On October 14, 2022, the Company entered into a Fifth Amendment (the ""Fifth Amendment"") to the Existing Facility Agreement, with the other parties to the Existing Facility Agreement (as so amended, the ""Credit Facility""). The Fifth Amendment provides for, among other changes, the following amendments to the Existing Facility Agreement: Extend the maturity date of the Credit Facility to five years after the effective date of the Fifth Amendment; Replace the LIBOR benchmark interest rates in the Existing Facility Agreement applicable to all loans denominated in Dollars with the SOFR benchmark interest rates; Modify certain covenants and other terms and provisions thereof.",https://www.sec.gov/Archives/edgar/data/715787/0000715787-22-000037.txt,"On October 14, 2022, the Company entered into a Fifth Amendment (the ""Fifth Amendment"") to the Existing Facility Agreement, with the other parties to the Existing Facility Agreement (as so amended, the ""Credit Facility""). The Fifth Amendment provides for, among other changes, the following amendments to the Existing Facility Agreement: Extend the maturity date of the Credit Facility to five years after the effective date of the Fifth Amendment; Replace the LIBOR benchmark interest rates in the Existing Facility Agreement applicable to all loans denominated in Dollars with the SOFR benchmark interest rates; Modify certain covenants and other terms and provisions thereof.",['credit_facility'],routine_compatible,False,2022-10-18,no_explicit_revolving_facility
JBLU,0001158463,0000947871-22-001095,2022-10-24,capital_and_financing,debt_activity,credit_facility,"On October 21, 2022, JetBlue Airways Corporation entered into the Second Amended and Restated Credit and Guaranty Agreement, amending and restating its Amended and Restated Credit and Guaranty Agreement. The Second Amended and Restated Agreement modifies the Existing Credit Facility to, among other things, (i) increase the lending commitments by $50 million, for total lending commitments of $600 million, and (ii) establish the maturity date for the $600 million in lending commitments as October 21, 2024.",https://www.sec.gov/Archives/edgar/data/1158463/0000947871-22-001095.txt,"On October 21, 2022, JetBlue Airways Corporation entered into the Second Amended and Restated Credit and Guaranty Agreement, amending and restating its Amended and Restated Credit and Guaranty Agreement. The Second Amended and Restated Agreement modifies the Existing Credit Facility to, among other things, (i) increase the lending commitments by $50 million, for total lending commitments of $600 million, and (ii) establish the maturity date for the $600 million in lending commitments as October 21, 2024.",['credit_facility'],routine_compatible,False,2022-10-25,no_explicit_revolving_facility
EEFT,0001029199,0001213900-22-065935,2022-10-25,capital_and_financing,debt_activity,credit_facility,"On October 24, 2022, Euronet Worldwide, Inc. (the ""Company"") amended its existing Credit Agreement (the ""Agreement"") to increase the facility from $1.030 billion to $1.25 billion. The company also extended the maturity date by approximately four years from October 2023 to October 2027.",https://www.sec.gov/Archives/edgar/data/1029199/0001213900-22-065935.txt,"On October 24, 2022, Euronet Worldwide, Inc. (the ""Company"") amended its existing Credit Agreement (the ""Agreement"") to increase the facility from $1.030 billion to $1.25 billion. The company also extended the maturity date by approximately four years from October 2023 to October 2027.",['credit_facility'],routine_compatible,False,2022-10-26,no_explicit_revolving_facility
ITW,0000049826,0000049826-22-000057,2022-10-26,capital_and_financing,debt_activity,credit_facility,"On October 21, 2022, Illinois Tool Works Inc. (the ""Company"") entered into a $3.0 billion, five-year credit facility (the ""Credit Facility"") with JPMorgan Chase Bank, N.A., as Agent, Citibank, N.A. as Syndication Agent, and a syndicate of lenders, that replaces the Company's previous credit facility that was set to terminate on September 27, 2024.",https://www.sec.gov/Archives/edgar/data/49826/0000049826-22-000057.txt,"Under the terms of the Credit Facility, all obligations of the Company under that certain five-year credit agreement dated as of September 27, 2019 among the Company, the lenders named therein and JPMorgan Chase Bank, N.A., as agent, were effectively terminated.
On October 21, 2022, Illinois Tool Works Inc. (the ""Company"") entered into a $3.0 billion, five-year credit facility (the ""Credit Facility"") with JPMorgan Chase Bank, N.A., as Agent, Citibank, N.A. as Syndication Agent, and a syndicate of lenders, that replaces the Company's previous credit facility that was set to terminate on September 27, 2024.","['credit_facility', 'deal_termination']",routine_compatible,False,2022-10-27,no_explicit_revolving_facility
MOG.A,0000067887,0000067887-22-000071,2022-11-01,capital_and_financing,debt_activity,credit_facility,"Moog Inc. entered into the Sixth Amended and Restated Loan Agreement dated as of October 27, 2022 by and among the Company, the lenders party thereto and HSBC Bank USA, National Association as Administrative Agent for the Lenders. The Agreement amended the terms of the Company's Fifth Amended and Restated Loan Agreement dated as of October 15, 2019. Among other matters, this Agreement extends the maturity of the credit facility from October 15, 2024 to October 27, 2027.",https://www.sec.gov/Archives/edgar/data/67887/0000067887-22-000071.txt,"Moog Inc. entered into the Sixth Amended and Restated Loan Agreement dated as of October 27, 2022 by and among the Company, the lenders party thereto and HSBC Bank USA, National Association as Administrative Agent for the Lenders. The Agreement amended the terms of the Company's Fifth Amended and Restated Loan Agreement dated as of October 15, 2019. Among other matters, this Agreement extends the maturity of the credit facility from October 15, 2024 to October 27, 2027.",['credit_facility'],routine_compatible,False,2022-11-02,no_explicit_revolving_facility
MOG.B,0000067887,0000067887-22-000071,2022-11-01,capital_and_financing,debt_activity,credit_facility,"Moog Inc. entered into the Sixth Amended and Restated Loan Agreement dated as of October 27, 2022 by and among the Company, the lenders party thereto and HSBC Bank USA, National Association as Administrative Agent for the Lenders. The Agreement amended the terms of the Company's Fifth Amended and Restated Loan Agreement dated as of October 15, 2019. Among other matters, this Agreement extends the maturity of the credit facility from October 15, 2024 to October 27, 2027.",https://www.sec.gov/Archives/edgar/data/67887/0000067887-22-000071.txt,"Moog Inc. entered into the Sixth Amended and Restated Loan Agreement dated as of October 27, 2022 by and among the Company, the lenders party thereto and HSBC Bank USA, National Association as Administrative Agent for the Lenders. The Agreement amended the terms of the Company's Fifth Amended and Restated Loan Agreement dated as of October 15, 2019. Among other matters, this Agreement extends the maturity of the credit facility from October 15, 2024 to October 27, 2027.",['credit_facility'],routine_compatible,False,2022-11-02,no_explicit_revolving_facility
AE,0000002178,0000002178-22-000083,2022-11-01,capital_and_financing,debt_activity,credit_facility,"On October 27, 2022, Adams Resources & Energy, Inc. entered into a Credit Agreement providing for (a) a revolving credit facility that allows for borrowings up to $60 million in aggregate principal amount from time to time (the 'Revolving Credit Facility') and (b) a Term Loan in aggregate principal amount of $25 million (the 'Term Loan').",https://www.sec.gov/Archives/edgar/data/2178/0000002178-22-000083.txt,"On October 27, 2022, the Company's Board of Directors adopted amendments to its Amended and Restated Bylaws (as amended, the 'Bylaws'), effective immediately. Among other things, the Bylaws clarify that stockholder meetings and board meetings may be held by means of remote communication; provide that notice of a stockholder meeting will be provided between 10 and 60 days (formerly 50 days) prior to the meeting; reflect updates to requirements about stockholder lists at stockholder meetings and meeting adjournment notices, consistent with recent amendments to the Delaware General Corporation Law; and enhance procedural mechanics and disclosure requirements in connection with stockholder nominations of directors and submission of stockholder proposals.
On October 27, 2022, Adams Resources & Energy, Inc. entered into a Credit Agreement providing for (a) a revolving credit facility that allows for borrowings up to $60 million in aggregate principal amount from time to time (the 'Revolving Credit Facility') and (b) a Term Loan in aggregate principal amount of $25 million (the 'Term Loan').
The Credit Agreement replaces the Borrowers' prior $60 million credit facility with Wells Fargo Bank, National Association ('Wells Fargo') as Agent and Issuing Lender, entered into May 4, 2021. In connection with Borrowers' termination of its prior credit facility with Wells Fargo, Borrowers and Wells Fargo deposited cash equaling 103% of the face value of three letters of credit previously issued by Wells Fargo in May 2021.","['bylaw_amendment', 'credit_facility', 'deal_termination']",routine_compatible,False,2022-11-02,mixed_nonfacility_disclosure
HLIT,0000851310,0000851310-22-000066,2022-11-02,capital_and_financing,debt_activity,credit_facility,"On October 28, 2022, Harmonic Inc. entered into a fourth amendment to that certain Credit Agreement, dated December 19, 2019, by and among the Company and Harmonic International GmbH, as co-borrowers, certain subsidiaries of the Company from time to time party thereto, as guarantors, and JPMorgan Chase Bank, N.A., as lender. Amendment No. 4 amends the Credit Facility to extend the maturity date to October 28, 2025, amend the interest rate provisions to replace LIBOR with SOFR as the interest rate benchmark, and make certain other revisions.",https://www.sec.gov/Archives/edgar/data/851310/0000851310-22-000066.txt,"On October 28, 2022, Harmonic Inc. entered into a fourth amendment to that certain Credit Agreement, dated December 19, 2019, by and among the Company and Harmonic International GmbH, as co-borrowers, certain subsidiaries of the Company from time to time party thereto, as guarantors, and JPMorgan Chase Bank, N.A., as lender. Amendment No. 4 amends the Credit Facility to extend the maturity date to October 28, 2025, amend the interest rate provisions to replace LIBOR with SOFR as the interest rate benchmark, and make certain other revisions.",['credit_facility'],routine_compatible,False,2022-11-03,no_explicit_revolving_facility
UFI,0000100726,0001564590-22-036640,2022-11-03,capital_and_financing,debt_activity,credit_facility,"Unifi Manufacturing, Inc., and certain of its domestic affiliates entered into a Second Amended and Restated Credit Agreement for a $230.0 million senior secured credit facility (the 'ABL Facility') with Wells Fargo Bank, National Association as administrative agent. The ABL Facility consists of a $115.0 million revolving credit facility (the 'ABL Revolver') and a $115.0 million term loan (the 'ABL Term Loan'). The ABL Facility has a maturity date of October 28, 2027.",https://www.sec.gov/Archives/edgar/data/100726/0001564590-22-036640.txt,"On November 2, 2022, the Company held its 2022 Annual Meeting of Shareholders. At the Annual Meeting, the Company's shareholders elected Emma S. Battle, Francis S. Blake, Albert P. Carey, Archibald Cox, Jr., Edmund M. Ingle, Kenneth G. Langone, Suzanne M. Present, Rhonda L. Ramlo, and Eva T. Zlotnicka to serve for a term of one year or until their successors are duly elected and qualified.
On November 4, 2022, the Company will host a conference call to discuss its operating results for the fiscal first quarter ended October 2, 2022. A copy of the materials prepared for use by management during this conference call is attached hereto as Exhibit 99.2.
Unifi Manufacturing, Inc., and certain of its domestic affiliates entered into a Second Amended and Restated Credit Agreement for a $230.0 million senior secured credit facility (the 'ABL Facility') with Wells Fargo Bank, National Association as administrative agent. The ABL Facility consists of a $115.0 million revolving credit facility (the 'ABL Revolver') and a $115.0 million term loan (the 'ABL Term Loan'). The ABL Facility has a maturity date of October 28, 2027.","['annual_meeting_results', 'credit_facility', 'investor_presentation']",routine_compatible,False,2022-11-04,mixed_nonfacility_disclosure
CLMT,0001340122,0001340122-22-000119,2022-11-07,capital_and_financing,debt_activity,credit_facility,"Montana Renewables, LLC entered into a Credit Agreement with Wells Fargo Bank, National Association, which provides for a secured revolving credit facility in the maximum amount of $90.0 million outstanding, with the option to request additional commitments of up to $15.0 million, and with a maturity date of November 2, 2027.",https://www.sec.gov/Archives/edgar/data/1340122/0001340122-22-000119.txt,"Calumet Montana Refining, LLC entered into a Tenth Amendment to Supply and Offtake Agreement with Macquarie to extend the term of the facility under the Montana S&O Agreement to June 30, 2026, and replace the existing LIBOR-based default interest rate benchmark with a SOFR-based default interest rate benchmark.
MRL entered into a Supply and Offtake Agreement with Macquarie Energy North America Trading Inc., pursuant to which Macquarie will purchase renewable feedstocks and products at MRL's Great Falls, Montana refinery and endeavor to purchase from third parties and deliver permitted feedstocks to MRL in monthly amounts up to an average of approximately 15,000 barrels per day. The term is scheduled to expire on November 2, 2025.
Montana Renewables, LLC entered into a Credit Agreement with Wells Fargo Bank, National Association, which provides for a secured revolving credit facility in the maximum amount of $90.0 million outstanding, with the option to request additional commitments of up to $15.0 million, and with a maturity date of November 2, 2027.
Calumet Shreveport Refining, LLC entered into a Sixth Amendment to Supply and Offtake Agreement with Macquarie to extend the term of the facility under the Shreveport S&O Agreement to June 30, 2026, and replace the existing LIBOR-based default interest rate benchmark with a SOFR-based default interest rate benchmark.","['credit_facility', 'supply_or_distribution_agreement']",routine_compatible,False,2022-11-08,mixed_nonfacility_disclosure
ANSR,0001057379,0001193125-22-280167,2022-11-08,capital_and_financing,debt_activity,credit_facility,"entered into a third amended and restated credit agreement with Bank of America, N.A., as administrative agent, and the lenders party thereto, pursuant to which the lenders agreed to amend and restate the Second Amended and Restated Credit Agreement, dated May 9, 2016, in order to extend the maturity date of the revolving credit facility and provide the Company with an additional $55 million in borrowing capacity, for an aggregate amount of up to $100 million from time to time pursuant to a revolving line of credit. The Credit Facility matures on November 7, 2027.",https://www.sec.gov/Archives/edgar/data/1057379/0001193125-22-280167.txt,"entered into a third amended and restated credit agreement with Bank of America, N.A., as administrative agent, and the lenders party thereto, pursuant to which the lenders agreed to amend and restate the Second Amended and Restated Credit Agreement, dated May 9, 2016, in order to extend the maturity date of the revolving credit facility and provide the Company with an additional $55 million in borrowing capacity, for an aggregate amount of up to $100 million from time to time pursuant to a revolving line of credit. The Credit Facility matures on November 7, 2027.
the Company's Board of Directors approved an additional $120 million to its share repurchase plan authorization and the Company plans to launch a modified 'Dutch auction' tender offer on November 9, 2022 to purchase up to $120 million in value of its common stock, at a price ranging from $20.50 to $23.50.","['credit_facility', 'tender_offer']",routine_compatible,False,2022-11-09,mixed_nonfacility_disclosure
HCKT,0001057379,0001193125-22-280167,2022-11-08,capital_and_financing,debt_activity,credit_facility,"entered into a third amended and restated credit agreement with Bank of America, N.A., as administrative agent, and the lenders party thereto, pursuant to which the lenders agreed to amend and restate the Second Amended and Restated Credit Agreement, dated May 9, 2016, in order to extend the maturity date of the revolving credit facility and provide the Company with an additional $55 million in borrowing capacity, for an aggregate amount of up to $100 million from time to time pursuant to a revolving line of credit. The Credit Facility matures on November 7, 2027.",https://www.sec.gov/Archives/edgar/data/1057379/0001193125-22-280167.txt,"entered into a third amended and restated credit agreement with Bank of America, N.A., as administrative agent, and the lenders party thereto, pursuant to which the lenders agreed to amend and restate the Second Amended and Restated Credit Agreement, dated May 9, 2016, in order to extend the maturity date of the revolving credit facility and provide the Company with an additional $55 million in borrowing capacity, for an aggregate amount of up to $100 million from time to time pursuant to a revolving line of credit. The Credit Facility matures on November 7, 2027.
the Company's Board of Directors approved an additional $120 million to its share repurchase plan authorization and the Company plans to launch a modified 'Dutch auction' tender offer on November 9, 2022 to purchase up to $120 million in value of its common stock, at a price ranging from $20.50 to $23.50.","['credit_facility', 'tender_offer']",routine_compatible,False,2022-11-09,mixed_nonfacility_disclosure
MMP,0001126975,0001193125-22-280160,2022-11-08,capital_and_financing,debt_activity,credit_facility,"On November 8, 2022, Magellan Midstream Partners, L.P. ('Magellan'), the lenders party thereto and Wells Fargo Bank, National Association, as administrative agent ('Administrative Agent'), entered into the Second Amendment (the 'Amendment') to that certain Second Amended and Restated Credit Agreement, dated as of October 26, 2017... the Amendment (i) extends the maturity date of the Credit Agreement to November 8, 2027 and (ii) replaces the interest rate previously based on LIBOR with an interest rate based on Term SOFR and a credit spread adjustment of 0.10% per annum.",https://www.sec.gov/Archives/edgar/data/1126975/0001193125-22-280160.txt,"On November 8, 2022, Magellan Midstream Partners, L.P. ('Magellan'), the lenders party thereto and Wells Fargo Bank, National Association, as administrative agent ('Administrative Agent'), entered into the Second Amendment (the 'Amendment') to that certain Second Amended and Restated Credit Agreement, dated as of October 26, 2017... the Amendment (i) extends the maturity date of the Credit Agreement to November 8, 2027 and (ii) replaces the interest rate previously based on LIBOR with an interest rate based on Term SOFR and a credit spread adjustment of 0.10% per annum.",['credit_facility'],routine_compatible,False,2022-11-09,no_explicit_revolving_facility
REFI,0001867949,0001213900-22-070342,2022-11-09,capital_and_financing,debt_activity,credit_facility,"Chicago Atlantic Lincoln, LLC entered into a Third Amended and Restated Loan and Security Agreement by and among CAL and other borrowers, and various financial institutions as lenders related to a secured revolving credit facility. The Third Amended and Restated LSA amends and restates the original Loan Agreement to provide for an increase in the aggregate commitment from $65 million to $92.5 million.",https://www.sec.gov/Archives/edgar/data/1867949/0001213900-22-070342.txt,"Chicago Atlantic Lincoln, LLC entered into a Third Amended and Restated Loan and Security Agreement by and among CAL and other borrowers, and various financial institutions as lenders related to a secured revolving credit facility. The Third Amended and Restated LSA amends and restates the original Loan Agreement to provide for an increase in the aggregate commitment from $65 million to $92.5 million.
On November 9, 2022, the Company disseminated a presentation to be used in connection with its conference call to discuss its financial results for the quarter ended September 30, 2022. A copy of the presentation has been posted to the Company's Investor Relations page of its website.","['credit_facility', 'investor_presentation']",routine_compatible,False,2022-11-10,mixed_nonfacility_disclosure
FOSL,0000883569,0001104659-22-116684,2022-11-10,capital_and_financing,debt_activity,credit_facility,"On November 8, 2022, Fossil Group, Inc. entered into Amendment No. 4 to the Credit Agreement, dated as of September 26, 2019... The Amendment, among other things, (i) extends the maturity date of the credit facility to November 8, 2027... and (ii) changes the calculation methodology of the borrowing base to include the value of certain of the Company's intellectual property in such methodology and to provide for seasonal increases to certain advance rates.",https://www.sec.gov/Archives/edgar/data/883569/0001104659-22-116684.txt,"On November 8, 2022, Fossil Group, Inc. entered into Amendment No. 4 to the Credit Agreement, dated as of September 26, 2019... The Amendment, among other things, (i) extends the maturity date of the credit facility to November 8, 2027... and (ii) changes the calculation methodology of the borrowing base to include the value of certain of the Company's intellectual property in such methodology and to provide for seasonal increases to certain advance rates.",['credit_facility'],routine_compatible,False,2022-11-11,no_explicit_revolving_facility
FOSLL,0000883569,0001104659-22-116684,2022-11-10,capital_and_financing,debt_activity,credit_facility,"On November 8, 2022, Fossil Group, Inc. entered into Amendment No. 4 to the Credit Agreement, dated as of September 26, 2019... The Amendment, among other things, (i) extends the maturity date of the credit facility to November 8, 2027... and (ii) changes the calculation methodology of the borrowing base to include the value of certain of the Company's intellectual property in such methodology and to provide for seasonal increases to certain advance rates.",https://www.sec.gov/Archives/edgar/data/883569/0001104659-22-116684.txt,"On November 8, 2022, Fossil Group, Inc. entered into Amendment No. 4 to the Credit Agreement, dated as of September 26, 2019... The Amendment, among other things, (i) extends the maturity date of the credit facility to November 8, 2027... and (ii) changes the calculation methodology of the borrowing base to include the value of certain of the Company's intellectual property in such methodology and to provide for seasonal increases to certain advance rates.",['credit_facility'],routine_compatible,False,2022-11-11,no_explicit_revolving_facility
ATRO,0000008063,0000008063-22-000057,2022-11-15,capital_and_financing,debt_activity,credit_facility,"Astronics Corporation (the ""Company"") amended its existing credit facility on November 14, 2022 by entering into Amendment No. 5 (the ""Amendment"") to the Fifth Amended and Restated Credit Agreement dated as of February 16, 2018, with HSBC Bank USA, National Association, as Agent, and the lenders signatory thereto. The Amendment extended the scheduled maturity date from August 31, 2023 to November 30, 2023.",https://www.sec.gov/Archives/edgar/data/8063/0000008063-22-000057.txt,"Astronics Corporation (the ""Company"") amended its existing credit facility on November 14, 2022 by entering into Amendment No. 5 (the ""Amendment"") to the Fifth Amended and Restated Credit Agreement dated as of February 16, 2018, with HSBC Bank USA, National Association, as Agent, and the lenders signatory thereto. The Amendment extended the scheduled maturity date from August 31, 2023 to November 30, 2023.",['credit_facility'],routine_compatible,False,2022-11-16,no_explicit_revolving_facility
BRC,0000746598,0000746598-22-000142,2022-11-15,capital_and_financing,debt_activity,credit_facility,"Brady Corporation and certain of its subsidiaries entered into a Second Amendment to Credit Agreement with a group of six banks, which amends the original credit agreement dated as of August 1, 2019. Amendment No. 2 amends the credit agreement to, among other items, (a) increase the lending commitments by $100 million for total lending commitments of $300 million (b) extend the final maturity date to November 14, 2027, (c) increase the interest rate on certain borrowings by 0.125%, and (d) increase the available amount under the credit agreement.",https://www.sec.gov/Archives/edgar/data/746598/0000746598-22-000142.txt,"Brady Corporation and certain of its subsidiaries entered into a Second Amendment to Credit Agreement with a group of six banks, which amends the original credit agreement dated as of August 1, 2019. Amendment No. 2 amends the credit agreement to, among other items, (a) increase the lending commitments by $100 million for total lending commitments of $300 million (b) extend the final maturity date to November 14, 2027, (c) increase the interest rate on certain borrowings by 0.125%, and (d) increase the available amount under the credit agreement.",['credit_facility'],routine_compatible,False,2022-11-16,no_explicit_revolving_facility
MCY,0000064996,0000064996-22-000026,2022-11-22,capital_and_financing,debt_activity,credit_facility,"Mercury General Corporation entered into the First Amendment to Amended and Restated Credit Agreement with Bank of America, N.A., as administrative agent, and the other lenders party thereto. The First Amendment extends the maturity date of the loan to November 16, 2026 from March 31, 2026, increases the aggregate commitments by all the lenders to $200 million from $75 million, replaces the London Interbank Offered Rate with the Secured Overnight Financing Rate, and raises the maximum total incremental commitments that the Company can request to $100 million from $37.5 million.",https://www.sec.gov/Archives/edgar/data/64996/0000064996-22-000026.txt,"Mercury General Corporation entered into the First Amendment to Amended and Restated Credit Agreement with Bank of America, N.A., as administrative agent, and the other lenders party thereto. The First Amendment extends the maturity date of the loan to November 16, 2026 from March 31, 2026, increases the aggregate commitments by all the lenders to $200 million from $75 million, replaces the London Interbank Offered Rate with the Secured Overnight Financing Rate, and raises the maximum total incremental commitments that the Company can request to $100 million from $37.5 million.",['credit_facility'],routine_compatible,False,2022-11-23,no_explicit_revolving_facility
SAH,0001043509,0001043509-22-000020,2022-11-23,capital_and_financing,debt_activity,credit_facility,"On November 17, 2022, Sonic Automotive, Inc. (the ""Company"") and certain of its subsidiaries entered into the Fourth Amendment to Credit Agreement and Lender Joinder (the ""Amendment"") with PNC Bank, National Association (""PNC""), as administrative agent, and the other financial institutions party thereto. The Amendment amended the Company's existing Credit Agreement, dated as of November 22, 2019... The Amendment also amended the Mortgage Facility to, among other things: (i) extend the maturity date of all loans incurred under the Mortgage Facility to November 17, 2027; (ii) replace the Mortgage Facility's LIBOR-based Eurodollar reference interest rate option with a reference interest rate option based upon one month Term SOFR.",https://www.sec.gov/Archives/edgar/data/1043509/0001043509-22-000020.txt,"In connection with the closing of the Amendment, on November 17, 2022, the Company incurred a term loan under the Mortgage Facility with a principal amount of $320.0 million, a portion of the proceeds of which were used to prepay the entire $77.6 million principal amount of the prior term loan outstanding under the Mortgage Facility.
In connection with the closing of the Amendment, on November 17, 2022, the Company incurred a term loan under the Mortgage Facility with a principal amount of $320.0 million, a portion of the proceeds of which were used to prepay the entire $77.6 million principal amount of the prior term loan outstanding under the Mortgage Facility. On November 18, 2022, the Company incurred a term loan under the Delayed Draw Credit Facility with a principal amount of $7.0 million.
On November 17, 2022, Sonic Automotive, Inc. (the ""Company"") and certain of its subsidiaries entered into the Fourth Amendment to Credit Agreement and Lender Joinder (the ""Amendment"") with PNC Bank, National Association (""PNC""), as administrative agent, and the other financial institutions party thereto. The Amendment amended the Company's existing Credit Agreement, dated as of November 22, 2019... The Amendment also amended the Mortgage Facility to, among other things: (i) extend the maturity date of all loans incurred under the Mortgage Facility to November 17, 2027; (ii) replace the Mortgage Facility's LIBOR-based Eurodollar reference interest rate option with a reference interest rate option based upon one month Term SOFR.
Also in connection with the Amendment, on November 17, 2022, certain of the Company's subsidiaries entered into an Amended and Restated Subsidiary Guaranty Agreement (the ""A&R Subsidiary Guaranty"") with PNC, as administrative agent, in order for such subsidiaries to provide a guarantee of the Company's obligations under the Mortgage Facility.","['credit_facility', 'credit_facility_draw', 'debt_retirement', 'guarantee_or_letter_of_credit']",routine_compatible,False,2022-11-25,no_explicit_revolving_facility
SPR,0001364885,0001104659-22-121789,2022-11-23,capital_and_financing,debt_activity,credit_facility,"On November 23, 2022, Spirit AeroSystems Holdings, Inc. (the ""Company""), Spirit AeroSystems, Inc., the Company's direct wholly-owned subsidiary (""Spirit""), and Spirit AeroSystems North Carolina, Inc., a wholly-owned subsidiary of the Company (""Spirit NC""), entered into a second refinancing amendment (the ""November 2022 Amendment"") to the term loan credit agreement... The November 2022 Amendment provides for, among other things, the refinancing of the $594,000,000 aggregate principal amount of term loans outstanding under the Existing Credit Agreement immediately prior to the effectiveness of the November 2022 Amendment (the ""Existing Term Loans"") with term loans in an equal principal amount with a later maturity date (the ""New Term Loans"").",https://www.sec.gov/Archives/edgar/data/1364885/0001104659-22-121789.txt,"On November 23, 2022, Spirit entered into an Indenture... in connection with Spirit's offering of $900 million aggregate principal amount of its 9.375% Senior Secured First Lien Notes due 2029 (the ""Notes""). The Notes were issued and sold in a private placement to qualified institutional buyers pursuant to Rule 144A under the U.S. Securities Act of 1933, as amended (the ""Securities Act""), and in offshore transactions to non-U.S. persons pursuant to Regulation S under the Securities Act.
Spirit plans to use the net proceeds from the sale of the Notes (i) to fund its tender offer (the ""Tender Offer"") for any and all of the $500 million outstanding principal amount of its 5.500% Senior Secured First Lien Notes due 2025 (the ""2025 First Lien Notes"") and to solicit consents to amend certain provisions of the indenture relating to the 2025 First Lien Notes to eliminate certain restrictive covenants and certain events of default and to release all of the collateral, (ii) to redeem Spirit's outstanding 3.950% Senior Notes due 2023.
On November 23, 2022, Spirit AeroSystems Holdings, Inc. (the ""Company""), Spirit AeroSystems, Inc., the Company's direct wholly-owned subsidiary (""Spirit""), and Spirit AeroSystems North Carolina, Inc., a wholly-owned subsidiary of the Company (""Spirit NC""), entered into a second refinancing amendment (the ""November 2022 Amendment"") to the term loan credit agreement... The November 2022 Amendment provides for, among other things, the refinancing of the $594,000,000 aggregate principal amount of term loans outstanding under the Existing Credit Agreement immediately prior to the effectiveness of the November 2022 Amendment (the ""Existing Term Loans"") with term loans in an equal principal amount with a later maturity date (the ""New Term Loans"").","['credit_facility', 'debt_issuance', 'debt_retirement']",routine_compatible,False,2022-11-25,mixed_nonfacility_disclosure
CHRW,0001043277,0001043277-22-000052,2022-11-23,capital_and_financing,debt_activity,credit_facility,"On November 21, 2022, C.H. Robinson Worldwide, Inc. (the ""Company"") entered into an amendment (the ""Amendment"") to its existing $1 billion credit agreement with a group of lenders led by U.S. Bank National Association... The Amendment, among other things, (i) extends the maturity date of the revolving credit facility under the Existing Credit Agreement from October 24, 2023 to November 19, 2027, (ii) provides a benchmark replacement for LIBOR with Term SOFR for borrowings in U.S. dollars and certain other benchmark replacements for other currencies.",https://www.sec.gov/Archives/edgar/data/1043277/0001043277-22-000052.txt,"On November 17, 2022, the Company's Board of Directors approved and adopted amendments to the Company's Amended and Restated Bylaws (the ""Bylaws""), effective immediately, to provide that stockholder nominations of director candidates will be null and void where, unless otherwise required by law, any stockholder provides notice pursuant to Rule 14a-19 (the ""Universal Proxy Rule"") under the Securities Exchange Act of 1934, as amended.
On November 21, 2022, C.H. Robinson Worldwide, Inc. (the ""Company"") entered into an amendment (the ""Amendment"") to its existing $1 billion credit agreement with a group of lenders led by U.S. Bank National Association... The Amendment, among other things, (i) extends the maturity date of the revolving credit facility under the Existing Credit Agreement from October 24, 2023 to November 19, 2027, (ii) provides a benchmark replacement for LIBOR with Term SOFR for borrowings in U.S. dollars and certain other benchmark replacements for other currencies.","['bylaw_amendment', 'credit_facility']",routine_compatible,False,2022-11-25,mixed_nonfacility_disclosure
CHRWD,0001043277,0001043277-22-000052,2022-11-23,capital_and_financing,debt_activity,credit_facility,"On November 21, 2022, C.H. Robinson Worldwide, Inc. (the ""Company"") entered into an amendment (the ""Amendment"") to its existing $1 billion credit agreement with a group of lenders led by U.S. Bank National Association... The Amendment, among other things, (i) extends the maturity date of the revolving credit facility under the Existing Credit Agreement from October 24, 2023 to November 19, 2027, (ii) provides a benchmark replacement for LIBOR with Term SOFR for borrowings in U.S. dollars and certain other benchmark replacements for other currencies.",https://www.sec.gov/Archives/edgar/data/1043277/0001043277-22-000052.txt,"On November 17, 2022, the Company's Board of Directors approved and adopted amendments to the Company's Amended and Restated Bylaws (the ""Bylaws""), effective immediately, to provide that stockholder nominations of director candidates will be null and void where, unless otherwise required by law, any stockholder provides notice pursuant to Rule 14a-19 (the ""Universal Proxy Rule"") under the Securities Exchange Act of 1934, as amended.
On November 21, 2022, C.H. Robinson Worldwide, Inc. (the ""Company"") entered into an amendment (the ""Amendment"") to its existing $1 billion credit agreement with a group of lenders led by U.S. Bank National Association... The Amendment, among other things, (i) extends the maturity date of the revolving credit facility under the Existing Credit Agreement from October 24, 2023 to November 19, 2027, (ii) provides a benchmark replacement for LIBOR with Term SOFR for borrowings in U.S. dollars and certain other benchmark replacements for other currencies.","['bylaw_amendment', 'credit_facility']",routine_compatible,False,2022-11-25,mixed_nonfacility_disclosure
SWI,0001739942,0001739942-22-000111,2022-11-28,capital_and_financing,debt_activity,credit_facility,"Amendment No. 6 to First Lien Credit Agreement...which amends that certain First Lien Credit Agreement, dated as of February 5, 2016...The Amendment amended the Credit Agreement to, among other things, (1) refinance the first lien term loans, (2) extend the maturity date of the first lien term loans to February 5, 2027, (3) increase the aggregate commitments under the revolving credit facility from $117.5 million to $130 million, (4) replace the London Interbank Offered Rate reference rate of interest with a secured overnight financing rate ('SOFR') rate and (5) extend the maturity date of the revolving credit facility to the earlier of (x) November 23, 2027 and (y) in the event that there are more than $150.0 million of first lien term loans outstanding on the 91st day prior to maturity date of the first lien term loans, the 91st day prior to the maturity date of the first lien terms loans.",https://www.sec.gov/Archives/edgar/data/1739942/0001739942-22-000111.txt,"Amendment No. 6 to First Lien Credit Agreement...which amends that certain First Lien Credit Agreement, dated as of February 5, 2016...The Amendment amended the Credit Agreement to, among other things, (1) refinance the first lien term loans, (2) extend the maturity date of the first lien term loans to February 5, 2027, (3) increase the aggregate commitments under the revolving credit facility from $117.5 million to $130 million, (4) replace the London Interbank Offered Rate reference rate of interest with a secured overnight financing rate ('SOFR') rate and (5) extend the maturity date of the revolving credit facility to the earlier of (x) November 23, 2027 and (y) in the event that there are more than $150.0 million of first lien term loans outstanding on the 91st day prior to maturity date of the first lien term loans, the 91st day prior to the maturity date of the first lien terms loans.
In addition, the Borrower prepaid approximately $350.0 million of existing first lien term loans, reducing the outstanding term loan amount to $1.245 billion with a maturity date of February 5, 2027.
In connection with the closing of the Amendment, the Company received an upgrade from its prior rating of B to a corporate credit rating of B+ from S&P Global Ratings.","['credit_facility', 'credit_rating_change', 'debt_retirement']",routine_compatible,False,2022-11-29,mixed_nonfacility_disclosure
LPX,0000060519,0001628280-22-030956,2022-11-29,capital_and_financing,debt_activity,credit_facility,"Louisiana-Pacific Corporation entered into the Second Amended and Restated Credit Agreement among the Company, as borrower, the guarantors from time-to-time party thereto, American AgCredit, PCA, as Administrative Agent and Sole Lead Arranger, the lenders from time-to-time party thereto and CoBank, ACB, as letter of credit issuer. The Credit Agreement amends and restates the Company's existing credit facility dated as of June 27, 2019, as amended, in its entirety to extend the maturity date to November 29, 2028, and make certain changes to effect a transition from the LIBOR interest rate benchmark to Term SOFR Rate.",https://www.sec.gov/Archives/edgar/data/60519/0001628280-22-030956.txt,"Louisiana-Pacific Corporation entered into the Second Amended and Restated Credit Agreement among the Company, as borrower, the guarantors from time-to-time party thereto, American AgCredit, PCA, as Administrative Agent and Sole Lead Arranger, the lenders from time-to-time party thereto and CoBank, ACB, as letter of credit issuer. The Credit Agreement amends and restates the Company's existing credit facility dated as of June 27, 2019, as amended, in its entirety to extend the maturity date to November 29, 2028, and make certain changes to effect a transition from the LIBOR interest rate benchmark to Term SOFR Rate.
The Credit Agreement reflects the release of the collateral that secures the indebtedness evidenced by the Credit Agreement as a result of the Company's obtaining an Investment Grade rating on November 1, 2022 (which collateral may be reinstated from time-to-time in accordance with the terms of the Credit Agreement).","['credit_facility', 'credit_rating_change']",routine_compatible,False,2022-11-30,mixed_nonfacility_disclosure
NBN,0000060519,0001628280-22-030956,2022-11-29,capital_and_financing,debt_activity,credit_facility,"Louisiana-Pacific Corporation entered into the Second Amended and Restated Credit Agreement among the Company, as borrower, the guarantors from time-to-time party thereto, American AgCredit, PCA, as Administrative Agent and Sole Lead Arranger, the lenders from time-to-time party thereto and CoBank, ACB, as letter of credit issuer. The Credit Agreement amends and restates the Company's existing credit facility dated as of June 27, 2019, as amended, in its entirety to extend the maturity date to November 29, 2028, and make certain changes to effect a transition from the LIBOR interest rate benchmark to Term SOFR Rate.",https://www.sec.gov/Archives/edgar/data/60519/0001628280-22-030956.txt,"Louisiana-Pacific Corporation entered into the Second Amended and Restated Credit Agreement among the Company, as borrower, the guarantors from time-to-time party thereto, American AgCredit, PCA, as Administrative Agent and Sole Lead Arranger, the lenders from time-to-time party thereto and CoBank, ACB, as letter of credit issuer. The Credit Agreement amends and restates the Company's existing credit facility dated as of June 27, 2019, as amended, in its entirety to extend the maturity date to November 29, 2028, and make certain changes to effect a transition from the LIBOR interest rate benchmark to Term SOFR Rate.
The Credit Agreement reflects the release of the collateral that secures the indebtedness evidenced by the Credit Agreement as a result of the Company's obtaining an Investment Grade rating on November 1, 2022 (which collateral may be reinstated from time-to-time in accordance with the terms of the Credit Agreement).","['credit_facility', 'credit_rating_change']",routine_compatible,False,2022-11-30,mixed_nonfacility_disclosure
CROX,0001334036,0001334036-22-000180,2022-12-01,capital_and_financing,debt_activity,credit_facility,"Crocs, Inc. and its subsidiaries entered into the Fifth Amendment to the Second Amended and Restated Credit Agreement, which amended certain terms of the Credit Agreement dated July 26, 2019. Pursuant to the Fifth Amendment, the Credit Agreement was amended to increase the total commitments under the PNC Credit Agreement by $150 million to $750 million, with the ability to increase total commitments by up to an additional $250 million, extend the maturity date to November 30, 2027, and allow for certain alternative currency borrowings.",https://www.sec.gov/Archives/edgar/data/1334036/0001334036-22-000180.txt,"Crocs, Inc. and its subsidiaries entered into the Fifth Amendment to the Second Amended and Restated Credit Agreement, which amended certain terms of the Credit Agreement dated July 26, 2019. Pursuant to the Fifth Amendment, the Credit Agreement was amended to increase the total commitments under the PNC Credit Agreement by $150 million to $750 million, with the ability to increase total commitments by up to an additional $250 million, extend the maturity date to November 30, 2027, and allow for certain alternative currency borrowings.",['credit_facility'],routine_compatible,False,2022-12-02,no_explicit_revolving_facility
AMPY,0001533924,0001104659-22-126647,2022-12-13,capital_and_financing,debt_activity,credit_facility,"Amplify Energy Operating LLC entered into the Borrowing Base Redetermination Agreement and Seventh Amendment to Credit Agreement, which amends the existing Credit Agreement to extend the maturity date from November 2, 2023, to May 31, 2024; reduce the borrowing base under the Credit Agreement to $215 million; adjust the minimum hedging requirements; reduce the Maximum Consolidated Net Leverage Ratio requirement from 4.00 to 1.00 to 3.00 to 1.00; transition from London Inter-Bank Offered Rate to Secured Overnight Financing Rate based interest rates; and remove the Borrower's ability to pay dividends through the maturity date.",https://www.sec.gov/Archives/edgar/data/1533924/0001104659-22-126647.txt,"Amplify Energy Operating LLC entered into the Borrowing Base Redetermination Agreement and Seventh Amendment to Credit Agreement, which amends the existing Credit Agreement to extend the maturity date from November 2, 2023, to May 31, 2024; reduce the borrowing base under the Credit Agreement to $215 million; adjust the minimum hedging requirements; reduce the Maximum Consolidated Net Leverage Ratio requirement from 4.00 to 1.00 to 3.00 to 1.00; transition from London Inter-Bank Offered Rate to Secured Overnight Financing Rate based interest rates; and remove the Borrower's ability to pay dividends through the maturity date.
The Seventh Amendment removes the Borrower's ability to pay dividends through the maturity date.","['credit_facility', 'dividend_policy_change']",routine_compatible,False,2022-12-14,mixed_nonfacility_disclosure
USFD,0001665918,0001387131-22-012365,2022-12-13,capital_and_financing,debt_activity,credit_facility,"US Foods, Inc. entered into an Amendment No. 3 to that certain ABL credit agreement, dated as of May 31, 2019, to increase the commitments provided by certain lenders thereunder by $310.0 million to an aggregate amount of $2.3 billion, replace the London Interbank Offered Rate interest rate benchmark with a forward-looking term rate based on the secured overnight financing rate, and extend the maturity of the ABL Credit Agreement to December 7, 2027.",https://www.sec.gov/Archives/edgar/data/1665918/0001387131-22-012365.txt,"US Foods, Inc. entered into an Amendment No. 3 to that certain ABL credit agreement, dated as of May 31, 2019, to increase the commitments provided by certain lenders thereunder by $310.0 million to an aggregate amount of $2.3 billion, replace the London Interbank Offered Rate interest rate benchmark with a forward-looking term rate based on the secured overnight financing rate, and extend the maturity of the ABL Credit Agreement to December 7, 2027.",['credit_facility'],routine_compatible,False,2022-12-14,no_explicit_revolving_facility
MINM,0001467761,0001493152-22-035758,2022-12-16,capital_and_financing,debt_activity,credit_facility,"Minim, Inc. and its wholly-owned subsidiary Cadence Connectivity, Inc., entered into the Second Amendment to Loan and Security Agreement with Silicon Valley Bank. The Amendment decreases the aggregate amount available under the revolving credit line from $25 million to $10 million and extends maturity to January 15, 2024.",https://www.sec.gov/Archives/edgar/data/1467761/0001493152-22-035758.txt,"On December 13, 2022, the Board elected Patrick Rivard to the Board, effectively immediately. Mr. Rivard was appointed to fill an existing vacancy on the Board, and he is the chair of the Nominating and Corporate Governance Committee and member of the Audit Committee.
Minim, Inc. and its wholly-owned subsidiary Cadence Connectivity, Inc., entered into the Second Amendment to Loan and Security Agreement with Silicon Valley Bank. The Amendment decreases the aggregate amount available under the revolving credit line from $25 million to $10 million and extends maturity to January 15, 2024.
On December 13, 2022, Daniel Artusi resigned from the Board of Directors of the Company. Mr. Artusi was a member and chair of the Nominating & Governance Committee of the Board. The resignation of Mr. Artusi was not the result of any disagreement with the Company.
The Amendment provides a waiver for an existing default under the Loan Agreement by virtue of the Company having entered into a Bridge Loan and Security Agreement dated as of November 23, 2022 by and among Borrower and Slingshot Capital, LLC, under which Borrower incurred certain Indebtedness and granted a Lien to Slingshot Capital.","['covenant_violation', 'credit_facility', 'director_appointment', 'director_departure']",routine_compatible,False,2022-12-19,mixed_nonfacility_disclosure
OAKPA,0001403528,0001193125-22-309217,2022-12-20,capital_and_financing,debt_activity,credit_facility,"On December 15, 2022, Oaktree Capital Management, L.P., Oaktree Capital II, L.P., Oaktree AIF Investments, L.P., and Oaktree Capital I, L.P. (collectively, the ""Borrowers"") entered into the Seventh Amendment to Credit Agreement, which amends the Credit Agreement, dated as of March 31, 2014 (as amended through and including the Seventh Amendment, the ""Credit Agreement""), by and among the Borrowers, Wells Fargo Bank, National Association (""Wells Fargo"") and the other lenders party thereto.",https://www.sec.gov/Archives/edgar/data/1403528/0001193125-22-309217.txt,"On December 15, 2022, Oaktree Capital Management, L.P., Oaktree Capital II, L.P., Oaktree AIF Investments, L.P., and Oaktree Capital I, L.P. (collectively, the ""Borrowers"") entered into the Seventh Amendment to Credit Agreement, which amends the Credit Agreement, dated as of March 31, 2014 (as amended through and including the Seventh Amendment, the ""Credit Agreement""), by and among the Borrowers, Wells Fargo Bank, National Association (""Wells Fargo"") and the other lenders party thereto.
The Seventh Amendment also implements language consistent with U.S. syndicated loan market practice to use an adjusted forward-looking term rate based on the secured overnight financing rate as the benchmark rate, as a replacement for the London Interbank Offered Rate, and makes certain other changes to the provisions of the Credit Agreement.
The Seventh Amendment extends the maturity date of the Credit Agreement from September 14, 2026 to December 15, 2027, with the potential to extend the maturity for up to two additional years, and updates certain definitions, representations and covenants to address the future addition of OCM Cayman as a borrower.",['credit_facility'],routine_compatible,False,2022-12-21,no_explicit_revolving_facility
OAKPB,0001403528,0001193125-22-309217,2022-12-20,capital_and_financing,debt_activity,credit_facility,"On December 15, 2022, Oaktree Capital Management, L.P., Oaktree Capital II, L.P., Oaktree AIF Investments, L.P., and Oaktree Capital I, L.P. (collectively, the ""Borrowers"") entered into the Seventh Amendment to Credit Agreement, which amends the Credit Agreement, dated as of March 31, 2014 (as amended through and including the Seventh Amendment, the ""Credit Agreement""), by and among the Borrowers, Wells Fargo Bank, National Association (""Wells Fargo"") and the other lenders party thereto.",https://www.sec.gov/Archives/edgar/data/1403528/0001193125-22-309217.txt,"On December 15, 2022, Oaktree Capital Management, L.P., Oaktree Capital II, L.P., Oaktree AIF Investments, L.P., and Oaktree Capital I, L.P. (collectively, the ""Borrowers"") entered into the Seventh Amendment to Credit Agreement, which amends the Credit Agreement, dated as of March 31, 2014 (as amended through and including the Seventh Amendment, the ""Credit Agreement""), by and among the Borrowers, Wells Fargo Bank, National Association (""Wells Fargo"") and the other lenders party thereto.
The Seventh Amendment also implements language consistent with U.S. syndicated loan market practice to use an adjusted forward-looking term rate based on the secured overnight financing rate as the benchmark rate, as a replacement for the London Interbank Offered Rate, and makes certain other changes to the provisions of the Credit Agreement.
The Seventh Amendment extends the maturity date of the Credit Agreement from September 14, 2026 to December 15, 2027, with the potential to extend the maturity for up to two additional years, and updates certain definitions, representations and covenants to address the future addition of OCM Cayman as a borrower.",['credit_facility'],routine_compatible,False,2022-12-21,no_explicit_revolving_facility
PII,0000931015,0001104659-22-128694,2022-12-20,capital_and_financing,debt_activity,credit_facility,"Polaris Inc. entered into an amendment to its existing credit facility with U.S. Bank National Association, as administrative agent, and the several lenders party thereto. The credit facility was amended to, among other things (i) provide a benchmark replacement for any advance denominated in U.S. Dollars from LIBOR to adjusted Term SOFR, with a 10 basis point credit spread adjustment, and make certain other benchmark replacement revisions with respect to certain other agreed currencies under the credit facility, (ii) extend the maturity date of the $500 million incremental 364-day term loan incurred by Polaris on December 17, 2021 (the 'Incremental Term Loan') until December 15, 2023 and (iii) adjusts the applicable margin for the Incremental Term Loan to be consistent with the applicable margin for the other term loans under the existing credit facility.",https://www.sec.gov/Archives/edgar/data/931015/0001104659-22-128694.txt,"Polaris Inc. entered into an amendment to its existing credit facility with U.S. Bank National Association, as administrative agent, and the several lenders party thereto. The credit facility was amended to, among other things (i) provide a benchmark replacement for any advance denominated in U.S. Dollars from LIBOR to adjusted Term SOFR, with a 10 basis point credit spread adjustment, and make certain other benchmark replacement revisions with respect to certain other agreed currencies under the credit facility, (ii) extend the maturity date of the $500 million incremental 364-day term loan incurred by Polaris on December 17, 2021 (the 'Incremental Term Loan') until December 15, 2023 and (iii) adjusts the applicable margin for the Incremental Term Loan to be consistent with the applicable margin for the other term loans under the existing credit facility.",['credit_facility'],routine_compatible,False,2022-12-21,no_explicit_revolving_facility
OPAL,0001842279,0001842279-22-000070,2022-12-21,capital_and_financing,debt_activity,credit_facility,"On December 19, 2022, Fortistar Methane 3 LLC (""FM3""), an indirect subsidiary of Opal Fuels Inc. (the ""Company""), which is the borrower under that $150 million Second Amended and Restated Credit Agreement, dated as of September 21, 2015, as amended (as so amended, the ""FM3 Credit Agreement""), provided by a lender group led by MUFG Union Bank Ltd, as administrative agent, and guaranteed by certain direct subsidiaries of FM3, and Opal Fuels LLC (""Opal Fuels""), a direct subsidiary of the Company, and the other parties to the FM3 Credit Agreement entered into that Omnibus and Consent Agreement (the ""FM3 Amendment""). The FM3 Amendment amended the FM3 Credit Agreement, among other things, to (a) extend the maturity date of the obligations thereunder from December 20, 2022 to March 20, 2023, (b) permit Opal Fuels to purchase the rights and obligations of certain exiting lenders at par, (c) prepay a portion of the outstanding loans made by the remaining lenders and (d) permit the release of certain project company subsidiaries of FM3 from the collateral securing the obligations under the FM3 Credit Agreement.",https://www.sec.gov/Archives/edgar/data/1842279/0001842279-22-000070.txt,"On December 19, 2022, Fortistar Methane 3 LLC (""FM3""), an indirect subsidiary of Opal Fuels Inc. (the ""Company""), which is the borrower under that $150 million Second Amended and Restated Credit Agreement, dated as of September 21, 2015, as amended (as so amended, the ""FM3 Credit Agreement""), provided by a lender group led by MUFG Union Bank Ltd, as administrative agent, and guaranteed by certain direct subsidiaries of FM3, and Opal Fuels LLC (""Opal Fuels""), a direct subsidiary of the Company, and the other parties to the FM3 Credit Agreement entered into that Omnibus and Consent Agreement (the ""FM3 Amendment""). The FM3 Amendment amended the FM3 Credit Agreement, among other things, to (a) extend the maturity date of the obligations thereunder from December 20, 2022 to March 20, 2023, (b) permit Opal Fuels to purchase the rights and obligations of certain exiting lenders at par, (c) prepay a portion of the outstanding loans made by the remaining lenders and (d) permit the release of certain project company subsidiaries of FM3 from the collateral securing the obligations under the FM3 Credit Agreement.
On December 15, 2022, OPAL Fuels Inc. (the ""Company"") announced its entry into a long-term agreement with UPS (""UPS Agreement"") pursuant to which the Company will provide operations and maintenance services to 51 UPS renewable natural gas dispensing stations across the United States. Under the terms of the agreement, the Company will receive an amount based on an agreed price per gas gallon equivalent (""GGE"") dispensed at each station.","['credit_facility', 'supply_or_distribution_agreement']",routine_compatible,False,2022-12-22,mixed_nonfacility_disclosure
OPALW,0001842279,0001842279-22-000070,2022-12-21,capital_and_financing,debt_activity,credit_facility,"On December 19, 2022, Fortistar Methane 3 LLC (""FM3""), an indirect subsidiary of Opal Fuels Inc. (the ""Company""), which is the borrower under that $150 million Second Amended and Restated Credit Agreement, dated as of September 21, 2015, as amended (as so amended, the ""FM3 Credit Agreement""), provided by a lender group led by MUFG Union Bank Ltd, as administrative agent, and guaranteed by certain direct subsidiaries of FM3, and Opal Fuels LLC (""Opal Fuels""), a direct subsidiary of the Company, and the other parties to the FM3 Credit Agreement entered into that Omnibus and Consent Agreement (the ""FM3 Amendment""). The FM3 Amendment amended the FM3 Credit Agreement, among other things, to (a) extend the maturity date of the obligations thereunder from December 20, 2022 to March 20, 2023, (b) permit Opal Fuels to purchase the rights and obligations of certain exiting lenders at par, (c) prepay a portion of the outstanding loans made by the remaining lenders and (d) permit the release of certain project company subsidiaries of FM3 from the collateral securing the obligations under the FM3 Credit Agreement.",https://www.sec.gov/Archives/edgar/data/1842279/0001842279-22-000070.txt,"On December 19, 2022, Fortistar Methane 3 LLC (""FM3""), an indirect subsidiary of Opal Fuels Inc. (the ""Company""), which is the borrower under that $150 million Second Amended and Restated Credit Agreement, dated as of September 21, 2015, as amended (as so amended, the ""FM3 Credit Agreement""), provided by a lender group led by MUFG Union Bank Ltd, as administrative agent, and guaranteed by certain direct subsidiaries of FM3, and Opal Fuels LLC (""Opal Fuels""), a direct subsidiary of the Company, and the other parties to the FM3 Credit Agreement entered into that Omnibus and Consent Agreement (the ""FM3 Amendment""). The FM3 Amendment amended the FM3 Credit Agreement, among other things, to (a) extend the maturity date of the obligations thereunder from December 20, 2022 to March 20, 2023, (b) permit Opal Fuels to purchase the rights and obligations of certain exiting lenders at par, (c) prepay a portion of the outstanding loans made by the remaining lenders and (d) permit the release of certain project company subsidiaries of FM3 from the collateral securing the obligations under the FM3 Credit Agreement.
On December 15, 2022, OPAL Fuels Inc. (the ""Company"") announced its entry into a long-term agreement with UPS (""UPS Agreement"") pursuant to which the Company will provide operations and maintenance services to 51 UPS renewable natural gas dispensing stations across the United States. Under the terms of the agreement, the Company will receive an amount based on an agreed price per gas gallon equivalent (""GGE"") dispensed at each station.","['credit_facility', 'supply_or_distribution_agreement']",routine_compatible,False,2022-12-22,mixed_nonfacility_disclosure
ATUS,0001702780,0001628280-22-032367,2022-12-21,capital_and_financing,debt_activity,credit_facility,"On December 19, 2022, CSC Holdings, LLC (the ""Borrower""), an indirect wholly-owned subsidiary of Altice USA, Inc., entered into a Thirteenth Amendment to Credit Agreement (Refinancing Amendment), by and among the Borrower, the 2022 Refinancing Term Loan Lenders (as defined therein) and JPMorgan Chase Bank, N.A., as administrative agent. The Thirteenth Amendment amends and supplements the Borrower's credit agreement, dated as of October 9, 2015.",https://www.sec.gov/Archives/edgar/data/1702780/0001628280-22-032367.txt,"On December 19, 2022, CSC Holdings, LLC (the ""Borrower""), an indirect wholly-owned subsidiary of Altice USA, Inc., entered into a Thirteenth Amendment to Credit Agreement (Refinancing Amendment), by and among the Borrower, the 2022 Refinancing Term Loan Lenders (as defined therein) and JPMorgan Chase Bank, N.A., as administrative agent. The Thirteenth Amendment amends and supplements the Borrower's credit agreement, dated as of October 9, 2015.
The Thirteenth Amendment provides for, among other things, new refinancing term loan commitments (the ""2022 Refinancing Term Loan Commitments"") in an aggregate principal amount of $2,001,942,177.56, issued with an original issue discount of 200 basis points, with an extended maturity until the date that is the earlier of (i) January 15, 2028 and (ii) April 15, 2027. The loans made pursuant to the 2022 Refinancing Term Loan Commitments will bear interest at a rate per annum equal to the Term SOFR rate or the alternate base rate, as applicable, plus the applicable margin, where the applicable margin is (i) with respect to any alternate base rate loan, 3.500% per annum and (ii) with respect to any Term SOFR loan, 4.500% per annum.","['credit_facility', 'debt_issuance']",routine_compatible,False,2022-12-22,mixed_nonfacility_disclosure
KBAL,0000055772,0000055772-22-000141,2022-12-22,capital_and_financing,debt_activity,credit_facility,"The Third Amendment provides, among other items, amendments to the Credit Agreement to (a) extend the maturity date of the Credit Facility from October 24, 2024 to December 21, 2025, and (b) establish SOFR as a pricing benchmark for dollar borrowings in replacement of LIBOR.",https://www.sec.gov/Archives/edgar/data/55772/0000055772-22-000141.txt,"The Third Amendment provides, among other items, amendments to the Credit Agreement to (a) extend the maturity date of the Credit Facility from October 24, 2024 to December 21, 2025, and (b) establish SOFR as a pricing benchmark for dollar borrowings in replacement of LIBOR.
On December 21, 2022, Kimball International, Inc. (the ""Company"") entered into a Third Amendment to Amended and Restated Credit Agreement among the Company, the lender parties thereto, JPMorgan Chase Bank, National Association, as administrative agent (""Administrative Agent""), and the guarantors named therein (the ""Third Amendment""). The Third Amendment amends the Second Amended and Restated Credit Agreement, originally dated September 21, 2021 and as previously amended, by and among the Company, the lender parties thereto, the Administrative Agent, and the guarantors named thereon (the ""Credit Agreement"").",['credit_facility'],routine_compatible,False,2022-12-23,no_explicit_revolving_facility
SANW,0001477246,0000950170-22-026984,2022-12-23,capital_and_financing,debt_activity,credit_facility,"On December 23, 2022, S&W Seed Company entered into an Eighth Amendment to Loan and Security Agreement with CIBC Bank USA, amending the Company's Loan and Security Agreement with CIBC, dated December 26, 2019. The CIBC Amendment extends the maturity date of all revolving loans, advances and other obligations outstanding under the CIBC Loan Agreement from December 23, 2022 to March 23, 2023.",https://www.sec.gov/Archives/edgar/data/1477246/0000950170-22-026984.txt,"On December 23, 2022, S&W Seed Company entered into an Eighth Amendment to Loan and Security Agreement with CIBC Bank USA, amending the Company's Loan and Security Agreement with CIBC, dated December 26, 2019. The CIBC Amendment extends the maturity date of all revolving loans, advances and other obligations outstanding under the CIBC Loan Agreement from December 23, 2022 to March 23, 2023.
On December 22, 2022, the Company entered into a Second Amendment to Subordinate Loan and Security Agreement with MFP, amending the Company's Subordinate Loan and Security Agreement, dated September 22, 2022, to provide for the issuance of the Warrant to MFP and reflect the extension of the maturity date of the Letter of Credit to April 30, 2023.
MFP Partners L.P. provided an amended letter of credit, issued by JPMorgan Chase Bank, N.A. for the account of MFP, with an extended maturity date from January 23, 2023 to April 30, 2023, for the benefit of CIBC, as additional collateral to support the Company's obligations under the CIBC Loan Agreement.
The Rooster Amendment increases the interest rate on the Rooster Note from 7.75% to 9.25% per annum and extends the maturity date of the Rooster Note from December 23, 2022 to March 1, 2023.","['credit_facility', 'debt_acceleration', 'guarantee_or_letter_of_credit']",routine_compatible,False,2022-12-27,mixed_nonfacility_disclosure
YEXT,0001614178,0001104659-22-130163,2022-12-27,capital_and_financing,debt_activity,credit_facility,"On December 22, 2022, Yext, Inc. entered into a second amendment to that certain Credit Agreement, dated March 11, 2020...Amendment No. 2 amends the Credit Facility to, among other things (i) extend the maturity date of the Credit Facility to December 22, 2025, (ii) amend the interest rate provisions to replace LIBOR with SOFR as the interest rate benchmark, (iii) amend the recurring revenue growth rate financial covenant, and (iv) make certain other revisions.",https://www.sec.gov/Archives/edgar/data/1614178/0001104659-22-130163.txt,"On December 22, 2022, Yext, Inc. entered into a second amendment to that certain Credit Agreement, dated March 11, 2020...Amendment No. 2 amends the Credit Facility to, among other things (i) extend the maturity date of the Credit Facility to December 22, 2025, (ii) amend the interest rate provisions to replace LIBOR with SOFR as the interest rate benchmark, (iii) amend the recurring revenue growth rate financial covenant, and (iv) make certain other revisions.",['credit_facility'],routine_compatible,False,2022-12-28,no_explicit_revolving_facility
LSEA,0001721386,0001731122-23-000003,2023-01-03,capital_and_financing,debt_activity,credit_facility,"Landsea Homes Corporation and certain of its subsidiaries entered into that certain Sixth Amendment Agreement with Western Alliance Bank, as administrative agent, and the other lender parties thereto, which amends the Company's existing Credit Agreement dated October 6, 2021 to, among other things, extend the maturity date of the credit facility by one year (from October 6, 2024 to October 6, 2025), and modify the calculation of the borrowing base under the Credit Agreement.",https://www.sec.gov/Archives/edgar/data/1721386/0001731122-23-000003.txt,"Landsea Homes Corporation and certain of its subsidiaries entered into that certain Sixth Amendment Agreement with Western Alliance Bank, as administrative agent, and the other lender parties thereto, which amends the Company's existing Credit Agreement dated October 6, 2021 to, among other things, extend the maturity date of the credit facility by one year (from October 6, 2024 to October 6, 2025), and modify the calculation of the borrowing base under the Credit Agreement.",['credit_facility'],routine_compatible,False,2023-01-04,no_explicit_revolving_facility
LSEAW,0001721386,0001731122-23-000003,2023-01-03,capital_and_financing,debt_activity,credit_facility,"Landsea Homes Corporation and certain of its subsidiaries entered into that certain Sixth Amendment Agreement with Western Alliance Bank, as administrative agent, and the other lender parties thereto, which amends the Company's existing Credit Agreement dated October 6, 2021 to, among other things, extend the maturity date of the credit facility by one year (from October 6, 2024 to October 6, 2025), and modify the calculation of the borrowing base under the Credit Agreement.",https://www.sec.gov/Archives/edgar/data/1721386/0001731122-23-000003.txt,"Landsea Homes Corporation and certain of its subsidiaries entered into that certain Sixth Amendment Agreement with Western Alliance Bank, as administrative agent, and the other lender parties thereto, which amends the Company's existing Credit Agreement dated October 6, 2021 to, among other things, extend the maturity date of the credit facility by one year (from October 6, 2024 to October 6, 2025), and modify the calculation of the borrowing base under the Credit Agreement.",['credit_facility'],routine_compatible,False,2023-01-04,no_explicit_revolving_facility
DBD,0000028823,0000028823-23-000007,2023-01-05,capital_and_financing,debt_activity,credit_facility,"the Company entered into a Credit Agreement (the 'Superpriority Credit Agreement'), among the Company, Diebold Nixdorf Holding Germany GmbH (the 'Superpriority Borrower'), the lenders party thereto, GLAS USA LLC, as administrative agent, and GLAS Americas LLC, as collateral agent, providing for a superpriority secured term loan facility of $400 million (the 'Superpriority Facility')",https://www.sec.gov/Archives/edgar/data/28823/0000028823-23-000007.txt,"On the Settlement Date, the Superpriority Borrower borrowed the full $400 million of term loans available under the Superpriority Credit Agreement, in the form of Term Benchmark Loans...The proceeds of the borrowing under the Superpriority Facility were or will be used, respectively, (i) on the Settlement Date, to repay the New Term Loans in an amount equal to 15% of the principal amount of Existing Term Loans
the Company entered into a Credit Agreement (the 'Superpriority Credit Agreement'), among the Company, Diebold Nixdorf Holding Germany GmbH (the 'Superpriority Borrower'), the lenders party thereto, GLAS USA LLC, as administrative agent, and GLAS Americas LLC, as collateral agent, providing for a superpriority secured term loan facility of $400 million (the 'Superpriority Facility')
the Company entered into a Revolving Credit and Guaranty Agreement (the 'ABL Credit Agreement')...providing for an asset-based revolving credit facility (the 'ABL Facility') consisting of three Tranches (respectively, 'Tranche A,' 'Tranche B' and 'Tranche C') with a total commitment of up to $250 million
the Company entered into an indenture, dated as of December 29, 2022 (the 'New Notes Indenture'), among the Company, the Company's subsidiary guarantors party thereto, U.S. Bank Trust Company, National Association, as trustee, and GLAS Americas LLC, as notes collateral agent, that provides for the issuance of the New Notes. The New Notes are the Company's senior secured obligations...The New Notes will mature on October 15, 2026 and bear interest at a fixed rate of 8.50% per annum through July 15, 2025, after which interest will accrue at the rate of 8.50% (if paid in cash) or 12.50% (if paid in the form of PIK Interest)
the Company completed the Term Loan Exchange whereby approximately 96.4% of the aggregate principal amount of Existing Dollar Term Loans and approximately 98.6% of the aggregate principal amount of Existing Euro Term Loans, were exchanged into $626.0 million (including a transaction premium of $18.2 million) in aggregate principal amount of New Dollar Term Loans, and €106.0 million (including a transaction premium of € 3.1 million) in aggregate principal amount of New Euro Term Loans, made pursuant to a Credit Agreement (the 'New Term Loan Credit Agreement')
the Company also completed the private exchange offers and consent solicitations with respect to the outstanding 9.375% Senior Secured Notes due 2025...the Company accepted $697,299,000 in aggregate principal amount of the 2025 USD Senior Notes (representing 99.61% of the aggregate principal amount of the outstanding 2025 USD Notes) tendered for exchange and issued $718,137,000 in aggregate principal amount of the New 2025 USD Senior Notes
On the Settlement Date, certain ABL Borrowers borrowed a total of $182 million under the ABL Facility, consisting of $122 million of Tranche A loans and $60 million of Tranche C loans. The proceeds of borrowing under the ABL Facility were or will be used, as applicable, (i) to finance the Refinancing Transactions, including the repayment of revolving loans outstanding under the Existing Credit Agreement
the Dutch Issuer accepted €345,624,000 in aggregate principal amount of the 2025 EUR Senior Notes (representing 98.75% of the aggregate principal amount of the outstanding 2025 EUR Senior Notes) tendered for exchange and issued €355,950,000 aggregate principal amount of the New 2025 EUR Senior Notes
the Company completed the private exchange offer and consent solicitation with respect to the outstanding 8.50% Senior Notes due 2024...the Company accepted $327,888,000 in aggregate principal amount of the 2024 Senior Notes (representing 81.97% of the aggregate principal amount outstanding of the 2024 Senior Notes) tendered for exchange and issued $333,616,814 in aggregate principal amount of Units
the Company entered into a twelfth amendment (the 'Twelfth Amendment') to the Credit Agreement, dated as of November 23, 2015 (as amended, restated, amended and restated, supplemented or otherwise modified from time to time, the 'Existing Credit Agreement')...The Twelfth Amendment, among other things, (i) permits the Exchange Offers and Consent Solicitations, the Term Loan Exchange (as defined below), the Superpriority Facility (as defined below), the ABL Facility and certain other related transactions","['credit_facility', 'credit_facility_draw', 'debt_issuance', 'debt_retirement']",routine_compatible,False,2023-01-06,mixed_nonfacility_disclosure
TWOU,0001459417,0001193125-23-004247,2023-01-09,capital_and_financing,debt_activity,credit_facility,"Pursuant to the Second Amendment, the lenders thereunder have agreed to, among other amendments, extend the maturity date of the term loans thereunder from December 28, 2024 to December 28, 2026 (or, if more than $40 million of the Company's convertible senior notes due 2025 remain outstanding on January 30, 2025, January 30, 2025) and to provide a senior secured first lien revolving loan facility to the Company in the principal amount of $40 million.",https://www.sec.gov/Archives/edgar/data/1459417/0001193125-23-004247.txt,"the Company intends to use cash on its balance sheet and the proceeds from the issuance of $147 million aggregate principal amount of 4.50% Senior Unsecured Convertible Notes due 2030 (the 'Notes') to reduce the outstanding principal amount of term loans outstanding under the Credit Agreement from $567 million to $380 million.
Pursuant to the Second Amendment, the lenders thereunder have agreed to, among other amendments, extend the maturity date of the term loans thereunder from December 28, 2024 to December 28, 2026 (or, if more than $40 million of the Company's convertible senior notes due 2025 remain outstanding on January 30, 2025, January 30, 2025) and to provide a senior secured first lien revolving loan facility to the Company in the principal amount of $40 million.","['credit_facility', 'debt_issuance']",routine_compatible,False,2023-01-10,mixed_nonfacility_disclosure
VTOL,0001525221,0001193125-23-008346,2023-01-13,capital_and_financing,debt_activity,credit_facility,"Bristow Aircraft Leasing Limited entered into a Facility Agreement pursuant to which the lenders have agreed to provide commitments to make a term loan in the amount of up to GBP 75,000,000. The U.K. Facility Agreement was entered into in order to, among other things, refinance the indebtedness under U.K. Borrower's previous term loan credit facility with Lombard North Central Plc, dated November 11, 2016.",https://www.sec.gov/Archives/edgar/data/1525221/0001193125-23-008346.txt,"Bristow Aircraft Leasing Limited entered into a Facility Agreement pursuant to which the lenders have agreed to provide commitments to make a term loan in the amount of up to GBP 75,000,000. The U.K. Facility Agreement was entered into in order to, among other things, refinance the indebtedness under U.K. Borrower's previous term loan credit facility with Lombard North Central Plc, dated November 11, 2016.
Bristow U.S. Leasing LLC entered into a Facility Agreement pursuant to which the lenders have agreed to provide commitments to make a senior secured term loan in the amount of up to GBP 70,000,000, to be provided in two tranches of up to GBP 40,000,000 and GBP 30,000,000. The U.S. Facility Agreement was entered into in order to, among other things, refinance the indebtedness under U.S. Borrower's previous term loan credit facility with Lombard North Central Plc, dated November 11, 2016.",['credit_facility'],routine_compatible,False,2023-01-17,no_explicit_revolving_facility
ATRO,0000008063,0000008063-23-000004,2023-01-19,capital_and_financing,debt_activity,credit_facility,"The Company amended its existing credit facility on January 19, 2023 by entering into the Sixth Amended and Restated Credit Agreement (the 'Restated Agreement'), with HSBC Bank USA, National Association, as Agent and Co-Collateral Agent, Wells Fargo Bank, N.A., as Co-Collateral Agent, and the lenders signatory thereto. The Restated Agreement set the maximum aggregate amount that the Company can borrow under the revolving credit line at $115 million, with borrowings subject to a borrowing base determined primarily by inventory and accounts receivable. The Restated Agreement extended the scheduled maturity date from November 30, 2023 to January 19, 2026.",https://www.sec.gov/Archives/edgar/data/8063/0000008063-23-000004.txt,"On January 19, 2023, Astronics Corporation issued a news release announcing preliminary sales and bookings for the fourth quarter of 2022.
The Company amended its existing credit facility on January 19, 2023 by entering into the Sixth Amended and Restated Credit Agreement (the 'Restated Agreement'), with HSBC Bank USA, National Association, as Agent and Co-Collateral Agent, Wells Fargo Bank, N.A., as Co-Collateral Agent, and the lenders signatory thereto. The Restated Agreement set the maximum aggregate amount that the Company can borrow under the revolving credit line at $115 million, with borrowings subject to a borrowing base determined primarily by inventory and accounts receivable. The Restated Agreement extended the scheduled maturity date from November 30, 2023 to January 19, 2026.
The Company also entered into a $90 million asset-based term loan Credit Agreement (the 'Term Loan Agreement') on January 19, 2023, with Great Rock Capital Partners Management, LLC, as Agent, and the lenders signatory thereto. The Term Loan Agreement is secured primarily by fixed assets, real estate and intellectual property. The maturity date of the Term Loan Agreement is January 19, 2027.","['credit_facility', 'preliminary_results']",routine_compatible,False,2023-01-20,mixed_nonfacility_disclosure
GBTG,0001820872,0001104659-23-006409,2023-01-25,capital_and_financing,debt_activity,credit_facility,"On January 25, 2023, certain subsidiaries of Global Business Travel Group, Inc. entered into an Amendment, Incremental Agreement and Reaffirmation in respect of that certain senior secured credit agreement, dated as of August 13, 2018. The Amendment provides for additional term loans in an aggregate principal amount equal to $135 million. The Amendment also extends the maturity of the revolving credit facility from August 2023 to September 2026.",https://www.sec.gov/Archives/edgar/data/1820872/0001104659-23-006409.txt,"On January 25, 2023, certain subsidiaries of Global Business Travel Group, Inc. entered into an Amendment, Incremental Agreement and Reaffirmation in respect of that certain senior secured credit agreement, dated as of August 13, 2018. The Amendment provides for additional term loans in an aggregate principal amount equal to $135 million. The Amendment also extends the maturity of the revolving credit facility from August 2023 to September 2026.
The Company is moving to a global, customer needs-driven operating model to accelerate growth. The Company announced internally the organizational changes on January 24, 2023 and expects to incur total pre-tax restructuring and related charges of approximately $20 million to $25 million during the year ending December 31, 2023 in connection with the costs associated with implementing these changes, substantially all of which represent future cash expenditures for the payment of severance and related benefits costs.","['credit_facility', 'restructuring_plan']",routine_compatible,False,2023-01-26,mixed_nonfacility_disclosure
LBRT,0001694028,0001694028-23-000006,2023-01-26,capital_and_financing,debt_activity,credit_facility,"On January 23, 2023, Liberty Energy Inc. and other parties entered into an Eighth Amendment to the Credit Agreement...increasing the maximum revolver amount from $425 million to $525 million (the 'Upsized Revolver'); (ii) increasing the amount of the accordion feature from $75 million to $100 million; (iii) extending the maturity date from October 22, 2026 to January 23, 2028.",https://www.sec.gov/Archives/edgar/data/1694028/0001694028-23-000006.txt,"On January 24, 2023, the Board of Directors of the Company approved and adopted amendments (the 'Amendments') to the Second Amended and Restated Bylaws of the Company...The Amendments address the new universal proxy rules under Rule 14a-19 of the Securities Exchange Act of 1934, as amended ('Rule 14a-19'), by, among other things, providing that: (i) a stockholder who submits a director nomination notice must also make a representation as to whether such stockholder intends to solicit proxies in support of its proposed nominee in accordance with Rule 14a-19.
In connection with the Eighth Amendment, on January 23, 2023, the Company terminated its previously existing term loan facility...The outstanding debt under the Company's term loan facility was repaid in full, the outstanding liabilities with respect to obligations under the Company's term loan facility were released and discharged and all liens, security interests and guaranties under the Term Loan Agreement were released and terminated.
On January 23, 2023, Liberty Energy Inc. and other parties entered into an Eighth Amendment to the Credit Agreement...increasing the maximum revolver amount from $425 million to $525 million (the 'Upsized Revolver'); (ii) increasing the amount of the accordion feature from $75 million to $100 million; (iii) extending the maturity date from October 22, 2026 to January 23, 2028.
The repayment was a prepayment made during the period in which the prepayment premium under the Term Loan Agreement was applicable, and the Company incurred a prepayment premium of approximately $1.0 million associated with the prepayment.","['bylaw_amendment', 'credit_facility', 'deal_termination', 'debt_retirement']",routine_compatible,False,2023-01-27,mixed_nonfacility_disclosure
SCKT,0000944075,0000944075-23-000003,2023-01-27,capital_and_financing,debt_activity,credit_facility,"Socket Mobile entered into the Second Business Financing Modification Agreement and Waiver of Defaults with Western Alliance Bank, which extends the maturity date of the Company's $2.0 million domestic and $0.5 million EXIM revolving credit facilities to January 31, 2025.",https://www.sec.gov/Archives/edgar/data/944075/0000944075-23-000003.txt,"Socket Mobile entered into the Second Business Financing Modification Agreement and Waiver of Defaults with Western Alliance Bank, which extends the maturity date of the Company's $2.0 million domestic and $0.5 million EXIM revolving credit facilities to January 31, 2025.
The Financing Agreement waives the events of default as a result of noncompliance of the required financial performance in Q3 2022.","['covenant_violation', 'credit_facility']",routine_compatible,False,2023-01-30,mixed_nonfacility_disclosure
SCKTD,0000944075,0000944075-23-000003,2023-01-27,capital_and_financing,debt_activity,credit_facility,"Socket Mobile entered into the Second Business Financing Modification Agreement and Waiver of Defaults with Western Alliance Bank, which extends the maturity date of the Company's $2.0 million domestic and $0.5 million EXIM revolving credit facilities to January 31, 2025.",https://www.sec.gov/Archives/edgar/data/944075/0000944075-23-000003.txt,"Socket Mobile entered into the Second Business Financing Modification Agreement and Waiver of Defaults with Western Alliance Bank, which extends the maturity date of the Company's $2.0 million domestic and $0.5 million EXIM revolving credit facilities to January 31, 2025.
The Financing Agreement waives the events of default as a result of noncompliance of the required financial performance in Q3 2022.","['covenant_violation', 'credit_facility']",routine_compatible,False,2023-01-30,mixed_nonfacility_disclosure
LW,0001679273,0001104659-23-008677,2023-01-31,capital_and_financing,debt_activity,credit_facility,"On January 31, 2023, Lamb Weston Holdings, Inc. entered into the Fourth Amendment to Credit Agreement which amends the Company's existing Credit Agreement...establishing a new $450.0 million term loan facility (the 'Term A-3 Loan') and extending the maturity date of the Term A Loan from June 28, 2024 to June 28, 2026.",https://www.sec.gov/Archives/edgar/data/1679273/0001104659-23-008677.txt,"On January 31, 2023, Lamb Weston Holdings, Inc. entered into the Fourth Amendment to Credit Agreement which amends the Company's existing Credit Agreement...establishing a new $450.0 million term loan facility (the 'Term A-3 Loan') and extending the maturity date of the Term A Loan from June 28, 2024 to June 28, 2026.",['credit_facility'],routine_compatible,False,2023-02-01,no_explicit_revolving_facility
FOA,0001828937,0001193125-23-022079,2023-02-02,capital_and_financing,debt_activity,credit_facility,"Finance of America Equity Capital LLC (the ""Borrower""), a subsidiary of the Company, entered into an amendment to its revolving working capital promissory notes dated June 14, 2019 (as amended, the ""Promissory Notes"") with certain funds affiliated with Blackstone Inc. and an entity controlled by Brian L. Libman, to increase the aggregate commitments for revolving borrowings thereunder from $50.0 million to $60.0 million and to extend their maturity from July 31, 2023 to October 31, 2023.",https://www.sec.gov/Archives/edgar/data/1828937/0001193125-23-022079.txt,"Incenter will sell one hundred percent of (i) the issued and outstanding shares of capital stock of Agents National Title Holding Company (""ANTIC""), a direct subsidiary of Incenter and an indirect subsidiary of the Company, and (ii) the issued and outstanding membership interests of Boston National Holdings LLC (""BNT""), a direct subsidiary of Incenter and an indirect subsidiary of the Company (collectively, the ""Incenter Transaction"") in exchange for the payment by Buyer of a cash base purchase price of $100,000,000.
Finance of America Equity Capital LLC (the ""Borrower""), a subsidiary of the Company, entered into an amendment to its revolving working capital promissory notes dated June 14, 2019 (as amended, the ""Promissory Notes"") with certain funds affiliated with Blackstone Inc. and an entity controlled by Brian L. Libman, to increase the aggregate commitments for revolving borrowings thereunder from $50.0 million to $60.0 million and to extend their maturity from July 31, 2023 to October 31, 2023.","['credit_facility', 'divestiture_agreement']",routine_compatible,False,2023-02-03,mixed_nonfacility_disclosure
FOA.WS,0001828937,0001193125-23-022079,2023-02-02,capital_and_financing,debt_activity,credit_facility,"Finance of America Equity Capital LLC (the ""Borrower""), a subsidiary of the Company, entered into an amendment to its revolving working capital promissory notes dated June 14, 2019 (as amended, the ""Promissory Notes"") with certain funds affiliated with Blackstone Inc. and an entity controlled by Brian L. Libman, to increase the aggregate commitments for revolving borrowings thereunder from $50.0 million to $60.0 million and to extend their maturity from July 31, 2023 to October 31, 2023.",https://www.sec.gov/Archives/edgar/data/1828937/0001193125-23-022079.txt,"Incenter will sell one hundred percent of (i) the issued and outstanding shares of capital stock of Agents National Title Holding Company (""ANTIC""), a direct subsidiary of Incenter and an indirect subsidiary of the Company, and (ii) the issued and outstanding membership interests of Boston National Holdings LLC (""BNT""), a direct subsidiary of Incenter and an indirect subsidiary of the Company (collectively, the ""Incenter Transaction"") in exchange for the payment by Buyer of a cash base purchase price of $100,000,000.
Finance of America Equity Capital LLC (the ""Borrower""), a subsidiary of the Company, entered into an amendment to its revolving working capital promissory notes dated June 14, 2019 (as amended, the ""Promissory Notes"") with certain funds affiliated with Blackstone Inc. and an entity controlled by Brian L. Libman, to increase the aggregate commitments for revolving borrowings thereunder from $50.0 million to $60.0 million and to extend their maturity from July 31, 2023 to October 31, 2023.","['credit_facility', 'divestiture_agreement']",routine_compatible,False,2023-02-03,mixed_nonfacility_disclosure
MCRI,0000907242,0001558370-23-000967,2023-02-07,capital_and_financing,debt_activity,credit_facility,"On February 1, 2023, Monarch Casino & Resort, Inc. entered into the Fifth Amended and Restated Credit Agreement with Wells Fargo Bank, N.A., as administrative agent. The Fifth Amended Credit Facility increases the aggregate principal amount of the revolving line of credit from $70.0 million to $100.0 million, with an option to increase it by another $100.0 million within the first six months. The maturity date of the Fifth Amended Credit Facility is extended to January 1, 2025.",https://www.sec.gov/Archives/edgar/data/907242/0001558370-23-000967.txt,"On February 1, 2023, Monarch Casino & Resort, Inc. entered into the Fifth Amended and Restated Credit Agreement with Wells Fargo Bank, N.A., as administrative agent. The Fifth Amended Credit Facility increases the aggregate principal amount of the revolving line of credit from $70.0 million to $100.0 million, with an option to increase it by another $100.0 million within the first six months. The maturity date of the Fifth Amended Credit Facility is extended to January 1, 2025.
In addition to the One-time Dividend, the Board of Directors has approved, commencing in the second quarter of 2023, payment of cash dividends of $1.20 per share annually, with such dividends to be paid in quarterly amounts.
On February 7, 2023, the Company announced that the Company's Board of Directors has declared a one-time cash dividend of $5.00 per share of its outstanding common stock, to be paid to the stockholders of record on March 1, 2023, payable on March 15, 2023.","['credit_facility', 'dividend_declaration', 'dividend_policy_change']",routine_compatible,False,2023-02-08,mixed_nonfacility_disclosure
ASPS,0001462418,0001462418-23-000008,2023-02-10,capital_and_financing,debt_activity,credit_facility,"On February 9, 2023, Altisource Portfolio Solutions S.A. entered into an Amendment No. 2 (the 'Second Amendment') to its existing credit agreement dated as of April 3, 2018. The maturity date of the term loans under the Existing Credit Agreement will be extended to April 30, 2025.",https://www.sec.gov/Archives/edgar/data/1462418/0001462418-23-000008.txt,"On February 9, 2023, Altisource Portfolio Solutions S.A. entered into an Amendment No. 2 (the 'Second Amendment') to its existing credit agreement dated as of April 3, 2018. The maturity date of the term loans under the Existing Credit Agreement will be extended to April 30, 2025.
On February 9, 2023, the Company issued a press release announcing that it has commenced an underwritten public offering of shares of common stock. The Company filed a Form S-3 Registration Statement to provide the Company with the option to raise $100 million of capital through the sale of equity.
The Servicer and Real Estate segment continues to benefit from the restart of the default business and efficiency initiatives with 40% full year Adjusted EBITDA growth on 4% service revenue growth compared to 2021. Industrywide foreclosure initiations were 491% higher for the fourth quarter 2022, compared to the same period in 2021.
The Company is providing the following preliminary estimates of financial results for the three months and year ended December 31, 2022, which the Company has prepared in good faith based upon the most recent information available to management. The estimated amounts set forth herein are preliminary, unaudited and subject to further completion.
On February 9, 2023, the Company entered into an Amendment No. 1 (the 'First Revolver Amendment') to its existing revolving credit facility agreement dated as of June 22, 2021. The First Revolver Amendment establishes the credit available under the Revolver at $15 million, extends the facility termination and maturity date to coincide with the maturity date of the term loans under the Amended Credit Agreement.","['business_update', 'credit_facility', 'preliminary_results', 'public_offering']",routine_compatible,False,2023-02-13,mixed_nonfacility_disclosure
EVRG,0001711269,0001193125-23-050783,2023-02-27,capital_and_financing,debt_activity,credit_facility,"On February 23, 2023, Evergy, Inc. entered into a First Amendment to Term Loan Credit Agreement, amending Evergy's $500 million unsecured Term Loan Credit Agreement dated as of February 25, 2022. The First Amendment extended the maturity date of the Term Loan Facility from February 24, 2023 to February 22, 2024 and increased the applicable margin for SOFR loans to 1.025% per annum and for base rate loans to 0.025% per annum.",https://www.sec.gov/Archives/edgar/data/1711269/0001193125-23-050783.txt,"On February 23, 2023, Evergy, Inc. entered into a First Amendment to Term Loan Credit Agreement, amending Evergy's $500 million unsecured Term Loan Credit Agreement dated as of February 25, 2022. The First Amendment extended the maturity date of the Term Loan Facility from February 24, 2023 to February 22, 2024 and increased the applicable margin for SOFR loans to 1.025% per annum and for base rate loans to 0.025% per annum.",['credit_facility'],routine_compatible,False,2023-02-28,no_explicit_revolving_facility
PARR,0000821483,0001193125-23-056278,2023-03-01,capital_and_financing,debt_activity,credit_facility,"On February 28, 2023, Par Pacific Holdings, Inc. entered into a term loan credit agreement with Wells Fargo Bank, National Association, as administrative agent, and the lenders party thereto. Pursuant to the Term Loan Credit Agreement, the Lenders made an initial senior secured term loan to the Borrowers in the principal amount of $550.0 million at a price equal to 98.5% of its face value.",https://www.sec.gov/Archives/edgar/data/821483/0001193125-23-056278.txt,"On February 28, 2023, Par Pacific Holdings, Inc. entered into a term loan credit agreement with Wells Fargo Bank, National Association, as administrative agent, and the lenders party thereto. Pursuant to the Term Loan Credit Agreement, the Lenders made an initial senior secured term loan to the Borrowers in the principal amount of $550.0 million at a price equal to 98.5% of its face value.
The net proceeds of the Initial Term Loan were used to refinance the Borrowers' existing term loan credit facility and repurchase the Issuers' outstanding 7.750% Senior Secured Notes due 2025 and 12.875% Senior Secured Notes due 2026. On the Closing Date, the Par Borrower completed the previously announced cash tender offer for any and all of the Issuers' outstanding Notes by repurchasing $260,587,000 aggregate principal amount of the 2025 Notes and $29,038,000 aggregate principal amount of the 2026 Notes.
In connection with the entry into the Term Loan Credit Agreement, on the Closing Date, the Borrowers and the Company terminated (i) their previously existing term loan facility described in the Company's Current Report on Form 8-K filed on January 14, 2019, and (ii) the collateral trust agreement described in the Company's Current Report on Form 8-K filed on January 14, 2019.","['credit_facility', 'deal_termination', 'debt_retirement']",routine_compatible,False,2023-03-02,no_explicit_revolving_facility
HIBB,0001017480,0001017480-23-000012,2023-03-03,capital_and_financing,debt_activity,credit_facility,"On February 28, 2023, Hibbett, Inc. (the ""Company""), as borrower, entered into an unsecured Credit Agreement with its subsidiaries, as guarantors, and Regions Bank, as administrative agent for the lenders, swingline leader and issuing bank (the ""Amended and Restated Credit Agreement""), which amends and restates that certain Credit Agreement, dated July 9, 2021. The Amended and Restated Credit Agreement restates and replaces the 2021 Credit Agreement and amends certain of its items and conditions, including increasing the aggregate principal amount of commitments by $35 million, from $125 million to $160 million, extending the scheduled maturity date from July 9, 2026 to February 28, 2028, and adjusting interest rate terms and commitment fees.",https://www.sec.gov/Archives/edgar/data/1017480/0001017480-23-000012.txt,"On February 28, 2023, Hibbett, Inc. (the ""Company""), as borrower, entered into an unsecured Credit Agreement with its subsidiaries, as guarantors, and Regions Bank, as administrative agent for the lenders, swingline leader and issuing bank (the ""Amended and Restated Credit Agreement""), which amends and restates that certain Credit Agreement, dated July 9, 2021. The Amended and Restated Credit Agreement restates and replaces the 2021 Credit Agreement and amends certain of its items and conditions, including increasing the aggregate principal amount of commitments by $35 million, from $125 million to $160 million, extending the scheduled maturity date from July 9, 2026 to February 28, 2028, and adjusting interest rate terms and commitment fees.
On March 1, 2023, the Board of Directors of the Company authorized and declared a quarterly dividend in the amount of $0.25 per share on the Company's Common Stock. The dividend is payable in cash on March 28, 2023 to stockholders of record at the close of business on March 16, 2023.","['credit_facility', 'dividend_declaration']",routine_compatible,False,2023-03-06,mixed_nonfacility_disclosure
FYBR,0000020520,0001140361-23-010709,2023-03-08,capital_and_financing,debt_activity,credit_facility,"On March 8, 2023, the Issuer entered into an amendment (the ""2023 Credit Agreement Amendment"") to the existing credit agreement that governs its senior secured first lien revolving credit facility (the ""Revolving Facility""). Such amendment, among other things: (1) with respect to certain lenders thereunder, extended the maturity date of the Revolving Facility to the earliest of (a) April 30, 2028... (2) amended the financial maintenance covenant for the benefit of the Revolving Facility by increasing the maximum first lien leverage ratio thereunder to 3.50:1.00...",https://www.sec.gov/Archives/edgar/data/20520/0001140361-23-010709.txt,"On March 8, 2023, Frontier Communications Holdings, LLC (the ""Issuer""), a consolidated subsidiary of Frontier Communications Parent, Inc. (the ""Company""), issued $750 million aggregate principal amount of 8.625% First Lien Secured Notes due 2031 (the ""Notes""). The Notes will bear interest at a rate of 8.625% per annum and will mature on March 15, 2031.
On March 8, 2023, the Issuer entered into an amendment (the ""2023 Credit Agreement Amendment"") to the existing credit agreement that governs its senior secured first lien revolving credit facility (the ""Revolving Facility""). Such amendment, among other things: (1) with respect to certain lenders thereunder, extended the maturity date of the Revolving Facility to the earliest of (a) April 30, 2028... (2) amended the financial maintenance covenant for the benefit of the Revolving Facility by increasing the maximum first lien leverage ratio thereunder to 3.50:1.00...","['credit_facility', 'debt_issuance']",routine_compatible,False,2023-03-09,mixed_nonfacility_disclosure
BNED,0001634117,0001193125-23-065210,2023-03-09,capital_and_financing,debt_activity,credit_facility,"On March 8, 2023, the Company entered into (ii) a First Amendment to the Term Loan Credit Agreement, dated as of June 7, 2022, among the Company, as borrower, certain subsidiaries of the Company party thereto as guarantors, TopLids LendCo, LLC and Vital Fundco, LLC, as lenders, and TopLids LendCo, LLC, as administrative agent and collateral agent for the lenders.",https://www.sec.gov/Archives/edgar/data/1634117/0001193125-23-065210.txt,"On March 8, 2023, the Company entered into (ii) a First Amendment to the Term Loan Credit Agreement, dated as of June 7, 2022, among the Company, as borrower, certain subsidiaries of the Company party thereto as guarantors, TopLids LendCo, LLC and Vital Fundco, LLC, as lenders, and TopLids LendCo, LLC, as administrative agent and collateral agent for the lenders.
The ABL Amendment amends the ABL Credit Agreement to (i) extend the maturity date of the ABL Credit Agreement by six months to August 29, 2024, (ii) reduce the commitments under the ABL Credit Agreement by $20 million to $380 million, (iii) increase the applicable margin with respect to the interest rate under the ABL Credit Agreement to 3.375% per annum, in the case of interest accruing based on a Secured Overnight Financing Rate, and 2.375%, in the case of interest accruing based on an alternative base rate.
On March 8, 2023, Barnes & Noble Education, Inc. entered into (i) a Sixth Amendment to the Credit Agreement, dated as of August 3, 2015, among the Company, as the lead borrower, the other borrowers party thereto, the lenders party thereto and Bank of America, N.A., as administrative agent and collateral agent for the lenders.
The Term Loan Amendment amends the Term Loan Credit Agreement to (i) extend the maturity date of the Term Loan Credit Agreement by six months to December 7, 2024, (ii) permit the application of certain proceeds to the repayment of the loans under the ABL Credit Agreement and (iii) amend certain negative covenants and add certain additional covenants.",['credit_facility'],routine_compatible,False,2023-03-10,no_explicit_revolving_facility
AUID,0001534154,0001213900-23-018987,2023-03-10,capital_and_financing,debt_activity,credit_facility,"On March 8, 2023, the Company entered into an Amended and Restated Facility Agreement with Garchik, pursuant to which the Company and Garchik amended and restated the Original Facility Agreement in its entirety (the 'A&R Facility Agreement'), to replace the credit facility contemplated by the Original Facility Agreement with (i) an initial credit facility to the Company in an amount of $900,000 (the 'Initial Funding') and (ii) the parties to use their reasonable best efforts after the Initial Funding to negotiate the terms of a subsequent credit facility in the aggregate amount of $2,700,000 (the 'Subsequent Funding').",https://www.sec.gov/Archives/edgar/data/1534154/0001213900-23-018987.txt,"Before the A&R Facility Agreement was entered into, Mr. Thimot, Phillip L. Kumnick, Philip R. Broenniman, Michael A. Gorriz and Neepa Patel (the 'Retiring Directors') tendered their resignations from the Board of Directors of the Company, to be held in escrow until the Initial Funding.
On March 6, 2023, Mr. Thimot tendered his resignation as Chief Executive Officer to the Company, effective upon the earlier of the appointment of his successor and April 3, 2023.
At the same time, as a condition to Garchik providing the Principal Amount, certain of the Company's subsidiaries, ID Solutions, Inc., FIN Holdings, Inc. and Innovation in Motion, Inc. (the 'Guarantors') entered into a guaranty of the Initial Promissory Note with Garchik (the 'Guaranty').
On March 8, 2023, the Company entered into an Amended and Restated Facility Agreement with Garchik, pursuant to which the Company and Garchik amended and restated the Original Facility Agreement in its entirety (the 'A&R Facility Agreement'), to replace the credit facility contemplated by the Original Facility Agreement with (i) an initial credit facility to the Company in an amount of $900,000 (the 'Initial Funding') and (ii) the parties to use their reasonable best efforts after the Initial Funding to negotiate the terms of a subsequent credit facility in the aggregate amount of $2,700,000 (the 'Subsequent Funding').
In addition to the Company's standard cash compensation for directors, each Additional Director will be granted 100,000 share options in the Company, vesting over three years on the date of each annual meeting of the shareholders of the Company.","['ceo_departure', 'credit_facility', 'director_departure', 'equity_compensation_grant', 'guarantee_or_letter_of_credit']",routine_compatible,False,2023-03-13,mixed_nonfacility_disclosure
HEAR,0001493761,0000929638-23-000844,2023-03-15,capital_and_financing,debt_activity,credit_facility,"The Company executed the Third Amendment to extend its working capital line through April 2025 and to confirm the interest rate structure in connection with the phasing out of LIBOR. The Third Amendment, among other things: (i) extended the maturity date of our credit facility from March 5, 2024 to April 1, 2025; (ii) updated the interest rate and margin terms; (iii) removed the FILO Loan facility; (iv) updated the sub-facility limit for TBEU to $15 million; (v) increased our undrawn commitment fee by 0.125%; and (vi) transitioned the reference interest rates from LIBOR to BSBY, SONIA and EUIBOR.",https://www.sec.gov/Archives/edgar/data/1493761/0000929638-23-000844.txt,"The Company executed the Third Amendment to extend its working capital line through April 2025 and to confirm the interest rate structure in connection with the phasing out of LIBOR. The Third Amendment, among other things: (i) extended the maturity date of our credit facility from March 5, 2024 to April 1, 2025; (ii) updated the interest rate and margin terms; (iii) removed the FILO Loan facility; (iv) updated the sub-facility limit for TBEU to $15 million; (v) increased our undrawn commitment fee by 0.125%; and (vi) transitioned the reference interest rates from LIBOR to BSBY, SONIA and EUIBOR.",['credit_facility'],routine_compatible,False,2023-03-16,no_explicit_revolving_facility
MODG,0000837465,0001193125-23-075748,2023-03-21,capital_and_financing,debt_activity,credit_facility,"On March 16, 2023 (the ""Closing Date""), the Company and certain of its subsidiaries entered into a Fifth Amended and Restated Loan and Security Agreement... The New ABL Agreement provides for senior secured asset-based revolving credit facilities (the ""ABL Facility"") in an aggregate principal amount of up to $525 million, consisting of (a) a U.S. facility in an aggregate principal amount of up to $440 million... (b) a Canadian facility in an aggregate principal amount of up to $5 million... (c) a German facility in an aggregate principal amount of up to $60 million and (d) a U.K./Dutch facility in an aggregate principal amount of up to $20 million.",https://www.sec.gov/Archives/edgar/data/837465/0001193125-23-075748.txt,"The New Term Loan Agreement provides for a senior secured term loan B facility (the ""Term Loan Facility"") in aggregate principal amount of $1,250 million (the ""Term Loans""), which was issued less $12.5 million of original issue discount. The proceeds of the Term Loans will be used for working capital and other general corporate purposes of the Company and its subsidiaries.
The proceeds of the Term Loans will be used for working capital and other general corporate purposes of the Company and its subsidiaries, including on the Closing Date to repay in full the outstanding principal and interest under each of the Topgolf Callaway Brands Term Loan Agreement and the Topgolf Credit Agreement, together with the related accrued interest and fees, prepayment fees and other transaction costs and expenses in connection with such refinancing.
On March 16, 2023 (the ""Closing Date""), the Company and certain of its subsidiaries entered into a Fifth Amended and Restated Loan and Security Agreement... The New ABL Agreement provides for senior secured asset-based revolving credit facilities (the ""ABL Facility"") in an aggregate principal amount of up to $525 million, consisting of (a) a U.S. facility in an aggregate principal amount of up to $440 million... (b) a Canadian facility in an aggregate principal amount of up to $5 million... (c) a German facility in an aggregate principal amount of up to $60 million and (d) a U.K./Dutch facility in an aggregate principal amount of up to $20 million.","['credit_facility', 'debt_issuance', 'debt_retirement']",routine_compatible,False,2023-03-22,mixed_nonfacility_disclosure
TVC,0001376986,0001376986-23-000013,2023-04-03,capital_and_financing,debt_activity,credit_facility,"On March 29, 2023, the Tennessee Valley Authority ('TVA') executed an amendment to the December Maturity Community Bank Credit Agreement Dated as of December 12, 2016, and Amended as of December 11, 2018 and February 9, 2021... The amendment, among other things, extends the maturity date to March 29, 2026 and replaces the London Interbank Offered Rate ('LIBOR') benchmark with a Secured Overnight Financing Rate ('SOFR') benchmark.",https://www.sec.gov/Archives/edgar/data/1376986/0001376986-23-000013.txt,"On March 29, 2023, the Tennessee Valley Authority ('TVA') executed an amendment to the December Maturity Community Bank Credit Agreement Dated as of December 12, 2016, and Amended as of December 11, 2018 and February 9, 2021... The amendment, among other things, extends the maturity date to March 29, 2026 and replaces the London Interbank Offered Rate ('LIBOR') benchmark with a Secured Overnight Financing Rate ('SOFR') benchmark.
On March 29, 2023, TVA also executed an amendment to its Second Amended and Restated September Maturity Credit Agreement Dated as of September 21, 2021... The amendment replaces the LIBOR benchmark with a SOFR benchmark.",['credit_facility'],routine_compatible,False,2023-04-04,no_explicit_revolving_facility
TVE,0001376986,0001376986-23-000013,2023-04-03,capital_and_financing,debt_activity,credit_facility,"On March 29, 2023, the Tennessee Valley Authority ('TVA') executed an amendment to the December Maturity Community Bank Credit Agreement Dated as of December 12, 2016, and Amended as of December 11, 2018 and February 9, 2021... The amendment, among other things, extends the maturity date to March 29, 2026 and replaces the London Interbank Offered Rate ('LIBOR') benchmark with a Secured Overnight Financing Rate ('SOFR') benchmark.",https://www.sec.gov/Archives/edgar/data/1376986/0001376986-23-000013.txt,"On March 29, 2023, the Tennessee Valley Authority ('TVA') executed an amendment to the December Maturity Community Bank Credit Agreement Dated as of December 12, 2016, and Amended as of December 11, 2018 and February 9, 2021... The amendment, among other things, extends the maturity date to March 29, 2026 and replaces the London Interbank Offered Rate ('LIBOR') benchmark with a Secured Overnight Financing Rate ('SOFR') benchmark.
On March 29, 2023, TVA also executed an amendment to its Second Amended and Restated September Maturity Credit Agreement Dated as of September 21, 2021... The amendment replaces the LIBOR benchmark with a SOFR benchmark.",['credit_facility'],routine_compatible,False,2023-04-04,no_explicit_revolving_facility
KIRK,0001056285,0000950170-23-011698,2023-04-04,capital_and_financing,debt_activity,credit_facility,The 2023 Credit Agreement expands the 2019 Credit Agreement from a $75 million senior secured revolving credit facility to a $90 million senior secured revolving credit facility. The 2023 Credit Agreement contains substantially similar terms and conditions as the 2019 Credit Agreement and extends its maturity date to March 2028.,https://www.sec.gov/Archives/edgar/data/1056285/0000950170-23-011698.txt,"Mr. Woodward has also agreed to resign from the Company's Board of Directors effective at the close of business on May 31, 2023.
The 2023 Credit Agreement expands the 2019 Credit Agreement from a $75 million senior secured revolving credit facility to a $90 million senior secured revolving credit facility. The 2023 Credit Agreement contains substantially similar terms and conditions as the 2019 Credit Agreement and extends its maturity date to March 2028.
On April 3, 2023, Ms. Sullivan entered into an amendment to her existing employment agreement that set forth her new position and titles. In addition, the amendment provides that she will receive an annual salary of $450,000 and will be eligible for an annual bonus with a target amount equal to 100% of her salary for the applicable fiscal year.
On April 4, the Company announced that its Chief Executive Officer Steve 'Woody' Woodward would retire effective May 31, 2023. Mr. Woodward has also agreed to resign from the Company's Board of Directors effective at the close of business on May 31, 2023.
The Company also announced the appointment of Amy E. Sullivan as President and Chief Operating Officer effective April 5, 2023. Prior to assuming this position, Ms. Sullivan served as the Company's Senior Vice President and Chief Merchandising and Stores Officer.","['ceo_departure', 'credit_facility', 'director_departure', 'executive_compensation_change', 'executive_officer_appointment']",routine_compatible,False,2023-04-05,mixed_nonfacility_disclosure
TPX,0001206264,0001206264-23-000097,2023-04-06,capital_and_financing,debt_activity,credit_facility,"On April 6, 2023, Tempur Sealy International, Inc. (the ""Company"") and Tempur Sealy Receivables, LLC (the ""Borrower"") entered into a Second Amended and Restated Credit and Security Agreement (""Amended Credit Agreement"") with Wells Fargo Bank, National Association, as administrative agent and as lender and Sumitomo Mitsui Banking Corporation (each a ""Lender""). The Amended Credit Agreement amends and restates that certain Amended and Restated Credit and Security Agreement dated April 6, 2021 among the parties thereto (the ""First Amended Credit Agreement"") and relates to the Company's accounts receivable securitization facility (the ""Facility"").",https://www.sec.gov/Archives/edgar/data/1206264/0001206264-23-000097.txt,"On April 6, 2023, Tempur Sealy International, Inc. (the ""Company"") and Tempur Sealy Receivables, LLC (the ""Borrower"") entered into a Second Amended and Restated Credit and Security Agreement (""Amended Credit Agreement"") with Wells Fargo Bank, National Association, as administrative agent and as lender and Sumitomo Mitsui Banking Corporation (each a ""Lender""). The Amended Credit Agreement amends and restates that certain Amended and Restated Credit and Security Agreement dated April 6, 2021 among the parties thereto (the ""First Amended Credit Agreement"") and relates to the Company's accounts receivable securitization facility (the ""Facility"").",['credit_facility'],routine_compatible,False,2023-04-10,no_explicit_revolving_facility
HYFM,0001695295,0001628280-23-011013,2023-04-06,capital_and_financing,debt_activity,credit_facility,"On March 31, 2023, Hydrofarm Holdings Group, Inc. (the ""Company"") and certain of its subsidiaries entered into an amendment (the ""Fifth Amendment"") to that certain Senior Secured Revolving Credit Facility (the ""Revolving Credit Facility"") with JPMorgan Chase Bank, N.A., as administrative agent, issuing bank and swingline lender. The Fifth Amendment (i) extended the maturity date to June 30, 2026, (ii) reduced the maximum commitment amount under the Revolving Credit Facility to $55 million, and (iii) revised the interest rate on borrowings to various spreads which are based on the Company's Fixed Charge Coverage Ratio.",https://www.sec.gov/Archives/edgar/data/1695295/0001628280-23-011013.txt,"On March 31, 2023, the Compensation Committee also approved the payment of a $250,000 cash retention bonus to B. John Lindeman, Executive Vice President and Chief Financial Officer of the Company. The retention bonus will be paid to Mr. Lindeman, subject to his continued service, 50% in April 2023, 25% in October 2023 and 25% in October 2024.
On March 31, 2023, the compensation committee of the board of directors of the Company approved a retention grant of 173,411 restricted stock units (""RSUs"") to William Toler, Chairman of the Board of Directors and Chief Executive Officer of the Company, under the Company's 2020 Equity Incentive Plan. The RSUs will vest 50% on October 31, 2023 and 50% on October 31, 2024, subject to his continued service on the applicable vesting date.
On March 31, 2023, Hydrofarm Holdings Group, Inc. (the ""Company"") and certain of its subsidiaries entered into an amendment (the ""Fifth Amendment"") to that certain Senior Secured Revolving Credit Facility (the ""Revolving Credit Facility"") with JPMorgan Chase Bank, N.A., as administrative agent, issuing bank and swingline lender. The Fifth Amendment (i) extended the maturity date to June 30, 2026, (ii) reduced the maximum commitment amount under the Revolving Credit Facility to $55 million, and (iii) revised the interest rate on borrowings to various spreads which are based on the Company's Fixed Charge Coverage Ratio.","['credit_facility', 'executive_compensation_change']",routine_compatible,False,2023-04-10,mixed_nonfacility_disclosure
RJF,0000720005,0000720005-23-000037,2023-04-12,capital_and_financing,debt_activity,credit_facility,"On April 6, 2023, Raymond James Financial, Inc. (the ""Company"") entered into the Amended and Restated Credit Agreement with respect to its existing unsecured Credit Agreement, dated as of February 19, 2019. The Amended and Restated Credit Agreement amends and restates the Credit Agreement to (i) extend the maturity date for any borrowings under the Amended and Restated Credit Agreement to April 6, 2028, (ii) increase the facility amount to $750,000,000 and (iii) modify the interest rate provisions to allow for borrowings in alternative currencies.",https://www.sec.gov/Archives/edgar/data/720005/0000720005-23-000037.txt,"On April 6, 2023, Raymond James Financial, Inc. (the ""Company"") entered into the Amended and Restated Credit Agreement with respect to its existing unsecured Credit Agreement, dated as of February 19, 2019. The Amended and Restated Credit Agreement amends and restates the Credit Agreement to (i) extend the maturity date for any borrowings under the Amended and Restated Credit Agreement to April 6, 2028, (ii) increase the facility amount to $750,000,000 and (iii) modify the interest rate provisions to allow for borrowings in alternative currencies.",['credit_facility'],routine_compatible,False,2023-04-13,no_explicit_revolving_facility
RJFPB,0000720005,0000720005-23-000037,2023-04-12,capital_and_financing,debt_activity,credit_facility,"On April 6, 2023, Raymond James Financial, Inc. (the ""Company"") entered into the Amended and Restated Credit Agreement with respect to its existing unsecured Credit Agreement, dated as of February 19, 2019. The Amended and Restated Credit Agreement amends and restates the Credit Agreement to (i) extend the maturity date for any borrowings under the Amended and Restated Credit Agreement to April 6, 2028, (ii) increase the facility amount to $750,000,000 and (iii) modify the interest rate provisions to allow for borrowings in alternative currencies.",https://www.sec.gov/Archives/edgar/data/720005/0000720005-23-000037.txt,"On April 6, 2023, Raymond James Financial, Inc. (the ""Company"") entered into the Amended and Restated Credit Agreement with respect to its existing unsecured Credit Agreement, dated as of February 19, 2019. The Amended and Restated Credit Agreement amends and restates the Credit Agreement to (i) extend the maturity date for any borrowings under the Amended and Restated Credit Agreement to April 6, 2028, (ii) increase the facility amount to $750,000,000 and (iii) modify the interest rate provisions to allow for borrowings in alternative currencies.",['credit_facility'],routine_compatible,False,2023-04-13,no_explicit_revolving_facility
RJFW,0000720005,0000720005-23-000037,2023-04-12,capital_and_financing,debt_activity,credit_facility,"On April 6, 2023, Raymond James Financial, Inc. (the ""Company"") entered into the Amended and Restated Credit Agreement with respect to its existing unsecured Credit Agreement, dated as of February 19, 2019. The Amended and Restated Credit Agreement amends and restates the Credit Agreement to (i) extend the maturity date for any borrowings under the Amended and Restated Credit Agreement to April 6, 2028, (ii) increase the facility amount to $750,000,000 and (iii) modify the interest rate provisions to allow for borrowings in alternative currencies.",https://www.sec.gov/Archives/edgar/data/720005/0000720005-23-000037.txt,"On April 6, 2023, Raymond James Financial, Inc. (the ""Company"") entered into the Amended and Restated Credit Agreement with respect to its existing unsecured Credit Agreement, dated as of February 19, 2019. The Amended and Restated Credit Agreement amends and restates the Credit Agreement to (i) extend the maturity date for any borrowings under the Amended and Restated Credit Agreement to April 6, 2028, (ii) increase the facility amount to $750,000,000 and (iii) modify the interest rate provisions to allow for borrowings in alternative currencies.",['credit_facility'],routine_compatible,False,2023-04-13,no_explicit_revolving_facility
ORCC,0001655888,0001193125-23-106627,2023-04-19,capital_and_financing,debt_activity,credit_facility,"The Amendment amends the Secured Credit Facility to: (i) extend the reinvestment period from April 22, 2023 to April 22, 2025, (ii) extend the stated maturity from December 22, 2029 to April 17, 2033, (iii) incorporate compliance with the transparency and reporting requirements contained in Article 7 of Regulation (EU) 2017/2402, (iv) reduce the Term Commitments to zero, (v) amend the Advance Rate from 56% to 65% and (vi) change the margin from 2.30% to 2.75% per annum.",https://www.sec.gov/Archives/edgar/data/1655888/0001193125-23-106627.txt,"The Amendment amends the Secured Credit Facility to: (i) extend the reinvestment period from April 22, 2023 to April 22, 2025, (ii) extend the stated maturity from December 22, 2029 to April 17, 2033, (iii) incorporate compliance with the transparency and reporting requirements contained in Article 7 of Regulation (EU) 2017/2402, (iv) reduce the Term Commitments to zero, (v) amend the Advance Rate from 56% to 65% and (vi) change the margin from 2.30% to 2.75% per annum.
ORCC Financing II LLC entered into Amendment No. 8 which amended that certain Credit Agreement, dated as of May 22, 2018 as amended by the amendments dated as of October 10, 2018, dated as of December 20, 2018, dated as of May 30, 2019, dated as of November 22, 2019, dated as of March 17, 2020, dated as of July 8, 2021 and dated as of March 25, 2022, by and among ORCC Financing II, as Borrower, the lenders from time to time parties thereto, Natixis, New York Branch, as administrative agent, State Street Bank and Trust Company as collateral agent, collateral administrator and collateral custodian and Cortland Capital Market Services LLC as document custodian.",['credit_facility'],routine_compatible,False,2023-04-20,no_explicit_revolving_facility
BIRD,0001653909,0001653909-23-000045,2023-04-19,capital_and_financing,debt_activity,credit_facility,"On April 17, 2023, Allbirds, Inc. entered into an amendment agreement (the 'Second Amendment') with JPMorgan Chase Bank, N.A. in respect of that certain Credit Agreement, dated as of February 20, 2019. The Second Amendment amended the terms of the Credit Agreement to, among other things, (i) increase the committed amount from $40 million to $50 million, (ii) increase the uncommitted incremental borrowing capacity from $35 million to $50 million, (iii) increase the interest rate margin by 0.50%, (iv) extend the maturity date from February 20, 2024 to April 17, 2026.",https://www.sec.gov/Archives/edgar/data/1653909/0001653909-23-000045.txt,"On April 17, 2023, Allbirds, Inc. entered into an amendment agreement (the 'Second Amendment') with JPMorgan Chase Bank, N.A. in respect of that certain Credit Agreement, dated as of February 20, 2019. The Second Amendment amended the terms of the Credit Agreement to, among other things, (i) increase the committed amount from $40 million to $50 million, (ii) increase the uncommitted incremental borrowing capacity from $35 million to $50 million, (iii) increase the interest rate margin by 0.50%, (iv) extend the maturity date from February 20, 2024 to April 17, 2026.",['credit_facility'],routine_compatible,False,2023-04-20,no_explicit_revolving_facility
GTIM,0000825324,0001214659-23-005999,2023-04-26,capital_and_financing,debt_activity,credit_facility,"On April 20, 2023, Good Times Restaurants Inc. (the ""Company"") and each of its wholly-owned subsidiaries, as guarantors (the ""Subsidiary Guarantors""), entered into an Amended and Restated Credit Agreement (the ""Senior Credit Facility"") with Cadence Bank, as administrative agent and sole lender (""Cadence""). The Senior Credit Facility provides for an $8.0 million senior revolving loan (the ""Revolver"") and amends and restates the Company's prior credit facility with Cadence in its entirety.",https://www.sec.gov/Archives/edgar/data/825324/0001214659-23-005999.txt,"On April 20, 2023, the Board of Directors of Good Times Restaurants Inc. (""the Board"") adopted amended and restated bylaws of the Company (the bylaws, as so amended and restated, the (""Amended and Restated Bylaws""), effective immediately. The Amended and Restated Bylaws, among other things, amend the Company's prior bylaws as follows: Include provisions for remote meetings; Modify the delivery methods, amount of time required for notice and required percent of ownership to call a special meeting of the Board; Modify the delivery method and amount of time required for notice of the annual meeting of shareholders; Modify the delivery method and amount of time required to raise new business or nominate directors for the annual meeting of shareholders.
On April 20, 2023, Good Times Restaurants Inc. (the ""Company"") and each of its wholly-owned subsidiaries, as guarantors (the ""Subsidiary Guarantors""), entered into an Amended and Restated Credit Agreement (the ""Senior Credit Facility"") with Cadence Bank, as administrative agent and sole lender (""Cadence""). The Senior Credit Facility provides for an $8.0 million senior revolving loan (the ""Revolver"") and amends and restates the Company's prior credit facility with Cadence in its entirety.","['bylaw_amendment', 'credit_facility']",routine_compatible,False,2023-04-27,mixed_nonfacility_disclosure
SMPL,0001702744,0001104659-23-051350,2023-04-27,capital_and_financing,debt_activity,credit_facility,"Simply Good Foods USA, Inc., a wholly owned, indirect subsidiary of The Simply Good Foods Company (the ""Administrative Borrower""), entered into that certain Repricing Amendment (the ""Amendment"") to the Credit Agreement, dated as of July 7, 2017... The Amendment, among other things, (i) reduces the Applicable Rate applicable to the Initial Term Loans... (ii) resets the prepayment premium for the existing Initial Term Loans... and (iii) extends the Term Maturity Date (as defined in the Credit Agreement) to March 17, 2027.",https://www.sec.gov/Archives/edgar/data/1702744/0001104659-23-051350.txt,"Simply Good Foods USA, Inc., a wholly owned, indirect subsidiary of The Simply Good Foods Company (the ""Administrative Borrower""), entered into that certain Repricing Amendment (the ""Amendment"") to the Credit Agreement, dated as of July 7, 2017... The Amendment, among other things, (i) reduces the Applicable Rate applicable to the Initial Term Loans... (ii) resets the prepayment premium for the existing Initial Term Loans... and (iii) extends the Term Maturity Date (as defined in the Credit Agreement) to March 17, 2027.",['credit_facility'],routine_compatible,False,2023-04-28,no_explicit_revolving_facility
LTH,0001869198,0001869198-23-000036,2023-05-01,capital_and_financing,debt_activity,credit_facility,"On May 1, 2023, Life Time, Inc. (the ""Borrower"") and certain of its wholly owned subsidiaries launched a process to amend its existing senior secured credit agreement to, among other things, refinance its existing term loan facility in full with a refinancing term loan facility maturing January 15, 2026 (the ""Refinancing Term Loan"").",https://www.sec.gov/Archives/edgar/data/1869198/0001869198-23-000036.txt,"On May 1, 2023, Life Time, Inc. (the ""Borrower"") and certain of its wholly owned subsidiaries launched a process to amend its existing senior secured credit agreement to, among other things, refinance its existing term loan facility in full with a refinancing term loan facility maturing January 15, 2026 (the ""Refinancing Term Loan"").
On April 26, 2023, Life Time Group Holdings, Inc. (the ""Company"") held its 2023 annual meeting of stockholders (the ""Annual Meeting""). At the Annual Meeting, the Company's stockholders voted on the proposals set forth below... Each Class II director nominee was elected to the Board of Directors and received the following votes: Joel Alsfine 173,058,830 FOR votes, Johathan Coslet 166,909,257 FOR votes, J. Kristofer Galashan 170,507,772 FOR votes, Stuart Lasher 170,711,204 FOR votes.
The Company has made presentation materials that will be used by the Company during investor meetings available on its website at https://ir.lifetime.life/. A copy of the Company's presentation materials is furnished as Exhibit 99.1 to this Current Report on Form 8-K.","['annual_meeting_results', 'credit_facility', 'investor_presentation']",routine_compatible,False,2023-05-02,mixed_nonfacility_disclosure
SUNL,0001821850,0001104659-23-054344,2023-05-01,capital_and_financing,debt_activity,credit_facility,"On the Closing Date, Sunlight and CRB entered in the following agreements: a Second Amended and Restated Loan Program Agreement amending and restating the Existing Solar Loan Program Agreement... an Amended and Restated Home Improvement Loan Program Agreement amending and restating the Existing HI Loan Program Agreement... and an Amended and Restated Home Improvement Loan Sale Agreement.",https://www.sec.gov/Archives/edgar/data/1821850/0001104659-23-054344.txt,"On the Closing Date, Sunlight and CRB entered in the following agreements: a Second Amended and Restated Loan Program Agreement amending and restating the Existing Solar Loan Program Agreement... an Amended and Restated Home Improvement Loan Program Agreement amending and restating the Existing HI Loan Program Agreement... and an Amended and Restated Home Improvement Loan Sale Agreement.
On the Closing Date, Sunlight, as borrower, entered into a Loan and Security Agreement with CRB, and with SL Financial Holdings Inc., ('SL Financial') as guarantor (the 'Secured Term Loan'). The Secured Term Loan consists of loan commitments for two tranches of loans providing for Tranche 1 Loans and Tranche 2 Loans... The Secured Term Loan matures on October 25, 2025.
As of December 31, 2022 we were out of compliance with certain financial covenants in our existing credit facility and CRB Agreements. While we have consummated the Transactions under the Commitment & Transaction Support Agreement with CRB to address our compliance issues under the CRB Agreements and replace the existing credit facility, the Amended CRB Agreements and our new credit facility with CRB, impose operating and financial restrictions on us.
On April 26, 2023, in connection with the Company's entry into the Secured Term Loan described in Item 1.01 hereof, the Company repaid $3,609,539 outstanding under the Loan and Security Agreement, dated as of April 26, 2021 with a revolving credit lender, Silicon Valley Bank (the 'SVB Revolver') and terminated the SVB Revolver and all agreements related thereto.","['covenant_violation', 'credit_facility', 'debt_retirement']",routine_compatible,False,2023-05-02,mixed_nonfacility_disclosure
SUNL.WS,0001821850,0001104659-23-054344,2023-05-01,capital_and_financing,debt_activity,credit_facility,"On the Closing Date, Sunlight and CRB entered in the following agreements: a Second Amended and Restated Loan Program Agreement amending and restating the Existing Solar Loan Program Agreement... an Amended and Restated Home Improvement Loan Program Agreement amending and restating the Existing HI Loan Program Agreement... and an Amended and Restated Home Improvement Loan Sale Agreement.",https://www.sec.gov/Archives/edgar/data/1821850/0001104659-23-054344.txt,"On the Closing Date, Sunlight and CRB entered in the following agreements: a Second Amended and Restated Loan Program Agreement amending and restating the Existing Solar Loan Program Agreement... an Amended and Restated Home Improvement Loan Program Agreement amending and restating the Existing HI Loan Program Agreement... and an Amended and Restated Home Improvement Loan Sale Agreement.
On the Closing Date, Sunlight, as borrower, entered into a Loan and Security Agreement with CRB, and with SL Financial Holdings Inc., ('SL Financial') as guarantor (the 'Secured Term Loan'). The Secured Term Loan consists of loan commitments for two tranches of loans providing for Tranche 1 Loans and Tranche 2 Loans... The Secured Term Loan matures on October 25, 2025.
As of December 31, 2022 we were out of compliance with certain financial covenants in our existing credit facility and CRB Agreements. While we have consummated the Transactions under the Commitment & Transaction Support Agreement with CRB to address our compliance issues under the CRB Agreements and replace the existing credit facility, the Amended CRB Agreements and our new credit facility with CRB, impose operating and financial restrictions on us.
On April 26, 2023, in connection with the Company's entry into the Secured Term Loan described in Item 1.01 hereof, the Company repaid $3,609,539 outstanding under the Loan and Security Agreement, dated as of April 26, 2021 with a revolving credit lender, Silicon Valley Bank (the 'SVB Revolver') and terminated the SVB Revolver and all agreements related thereto.","['covenant_violation', 'credit_facility', 'debt_retirement']",routine_compatible,False,2023-05-02,mixed_nonfacility_disclosure
SHW,0000089800,0001193125-23-129386,2023-05-01,capital_and_financing,debt_activity,credit_facility,"Amendment No. 19 amends the Credit Agreement, dated as of May 9, 2016 (as amended, the ""Credit Agreement""), among Sherwin-Williams, CUSA, as administrative agent and issuing bank, and the lenders party thereto. The primary purpose of Amendment No. 19 is to extend the maturity of $125,000,000 of the commitments available for borrowing and obtaining the issuance, renewal, extension and increase of a letter of credit from June 20, 2023 to June 20, 2028.",https://www.sec.gov/Archives/edgar/data/89800/0001193125-23-129386.txt,"Amendment No. 19 amends the Credit Agreement, dated as of May 9, 2016 (as amended, the ""Credit Agreement""), among Sherwin-Williams, CUSA, as administrative agent and issuing bank, and the lenders party thereto. The primary purpose of Amendment No. 19 is to extend the maturity of $125,000,000 of the commitments available for borrowing and obtaining the issuance, renewal, extension and increase of a letter of credit from June 20, 2023 to June 20, 2028.",['credit_facility'],routine_compatible,False,2023-05-02,no_explicit_revolving_facility
AGTI,0001749704,0001749704-23-000024,2023-05-02,capital_and_financing,debt_activity,credit_facility,"On May 1, 2023, Agiliti Health, Inc., an indirect subsidiary of Agiliti, Inc., entered into the amended and restated credit agreement...which amends and restates the Credit Agreement, dated as of January 4, 2019...The A&R First Lien Credit Agreement...provides for a refinancing of the existing term loan credit facility with a $1,075,000,000 term loan credit facility (the 'Term Loan Credit Facility'), extends the maturity of the Term Loan Credit Facility to May 1, 2030; and updates the benchmark interest rate provisions to replace the London interbank offered rate (LIBOR) with a term rate based on the Secured Overnight Financing Rate ('Term SOFR').",https://www.sec.gov/Archives/edgar/data/1749704/0001749704-23-000024.txt,"On May 1, 2023, Agiliti Health, Inc., an indirect subsidiary of Agiliti, Inc., entered into the amended and restated credit agreement...which amends and restates the Credit Agreement, dated as of January 4, 2019...The A&R First Lien Credit Agreement...provides for a refinancing of the existing term loan credit facility with a $1,075,000,000 term loan credit facility (the 'Term Loan Credit Facility'), extends the maturity of the Term Loan Credit Facility to May 1, 2030; and updates the benchmark interest rate provisions to replace the London interbank offered rate (LIBOR) with a term rate based on the Secured Overnight Financing Rate ('Term SOFR').",['credit_facility'],routine_compatible,False,2023-05-03,no_explicit_revolving_facility
SIX,0000701374,0001104659-23-056058,2023-05-04,capital_and_financing,debt_activity,credit_facility,"the Company, Six Flags Operations Inc., Six Flags Theme Parks Inc. (the ""Borrower"") and the subsidiary guarantors entered into two amendments (the ""Amendments"") to their existing second amended and restated senior secured credit facility entered into on April 17, 2019 (as so amended, the ""Credit Facility""), which, among other things, (i) establish a $500 million replacement revolving credit facility maturing in May 2028 (the ""Revolving Facility""), refinancing the $350 million existing revolving credit commitments under the Credit Facility in full.",https://www.sec.gov/Archives/edgar/data/701374/0001104659-23-056058.txt,"the Company, Six Flags Operations Inc., Six Flags Theme Parks Inc. (the ""Borrower"") and the subsidiary guarantors entered into two amendments (the ""Amendments"") to their existing second amended and restated senior secured credit facility entered into on April 17, 2019 (as so amended, the ""Credit Facility""), which, among other things, (i) establish a $500 million replacement revolving credit facility maturing in May 2028 (the ""Revolving Facility""), refinancing the $350 million existing revolving credit commitments under the Credit Facility in full.
Six Flags Entertainment Corporation (the ""Company"") issued $800,000,000 of its 7.250% Senior Notes due 2031 (the ""Notes""). The Notes will accrue interest at a rate of 7.250% per annum, payable in cash semi-annually, in arrears, on May 15 and November 15 of each year, beginning on November 15, 2023. The Notes will mature on May 15, 2031.
The net proceeds from the issuance of the Notes, together with other available cash, including borrowings under the Revolving Facility (as defined below), will be used to repurchase any and all of the outstanding 4.875% Senior Notes due 2024 (the ""2024 Notes"") pursuant to the Company's previously announced tender offer (the ""Tender Offer"").","['credit_facility', 'debt_issuance', 'debt_retirement']",routine_compatible,False,2023-05-05,mixed_nonfacility_disclosure
ACIW,0000935036,0000935036-23-000017,2023-05-04,capital_and_financing,debt_activity,credit_facility,"On April 28, 2023, ACI Worldwide, Inc. entered into an Extension Agreement with ACI Worldwide Corp., ACI Payments, Inc. and Bank of America, N.A., as administrative agent for the lenders, to the Company's Second Amended and Restated Credit Agreement, dated as of April 5, 2019. The Amendment extends the revolver, term loan and delayed draw term loan maturity dates under the Credit Agreement from April 5, 2024 to April 5, 2025.",https://www.sec.gov/Archives/edgar/data/935036/0000935036-23-000017.txt,"99.2 | Investor presentation materials dated May 4, 2023
On April 28, 2023, ACI Worldwide, Inc. entered into an Extension Agreement with ACI Worldwide Corp., ACI Payments, Inc. and Bank of America, N.A., as administrative agent for the lenders, to the Company's Second Amended and Restated Credit Agreement, dated as of April 5, 2019. The Amendment extends the revolver, term loan and delayed draw term loan maturity dates under the Credit Agreement from April 5, 2024 to April 5, 2025.","['credit_facility', 'investor_presentation']",routine_compatible,False,2023-05-05,mixed_nonfacility_disclosure
RHI,0000315213,0000315213-23-000045,2023-05-12,capital_and_financing,debt_activity,credit_facility,"On May 11, 2023, Robert Half International Inc. (the ""Company"") entered into an amendment (""Amendment No. 2"") to that certain $100 million Credit Agreement, dated as of May 11, 2020 (as so amended, the ""Credit Agreement""). Amendment No. 2 extends the maturity of the Credit Agreement from May 2024 to May 2026 and provides that borrowings under the Credit Agreement will bear interest in accordance with the terms of the borrowing, which typically will be calculated according to the Secured Overnight Financing Rate plus an applicable margin.",https://www.sec.gov/Archives/edgar/data/315213/0000315213-23-000045.txt,"On May 11, 2020, Protiviti Inc. (the ""Guarantor"") entered into a Guaranty (the ""Guaranty"") whereby the Guarantor agreed to unconditionally guarantee the obligations of the Company under the Credit Agreement. The Guaranty continues in full force and effect under the terms of Amendment No. 2.
On May 11, 2023, Robert Half International Inc. (the ""Company"") entered into an amendment (""Amendment No. 2"") to that certain $100 million Credit Agreement, dated as of May 11, 2020 (as so amended, the ""Credit Agreement""). Amendment No. 2 extends the maturity of the Credit Agreement from May 2024 to May 2026 and provides that borrowings under the Credit Agreement will bear interest in accordance with the terms of the borrowing, which typically will be calculated according to the Secured Overnight Financing Rate plus an applicable margin.","['credit_facility', 'guarantee_or_letter_of_credit']",routine_compatible,False,2023-05-15,no_explicit_revolving_facility
LTH,0001869198,0001869198-23-000041,2023-05-12,capital_and_financing,debt_activity,credit_facility,"On May 9, 2023, Life Time, Inc. entered into that certain Tenth Amendment to Credit Agreement (the ""Amendment""), which amended its existing credit agreement. The Amendment provides for (i) a refinancing of the term loan facility from the existing $274 million facility to a $310 million facility (the ""2023 Term Loan Facility""), (ii) a maturity of the 2023 Term Loan Facility of January 15, 2026 and (iii) conversion of the facilities under the Credit Agreement from LIBOR to SOFR.",https://www.sec.gov/Archives/edgar/data/1869198/0001869198-23-000041.txt,"On May 9, 2023, Life Time, Inc. entered into that certain Tenth Amendment to Credit Agreement (the ""Amendment""), which amended its existing credit agreement. The Amendment provides for (i) a refinancing of the term loan facility from the existing $274 million facility to a $310 million facility (the ""2023 Term Loan Facility""), (ii) a maturity of the 2023 Term Loan Facility of January 15, 2026 and (iii) conversion of the facilities under the Credit Agreement from LIBOR to SOFR.",['credit_facility'],routine_compatible,False,2023-05-15,no_explicit_revolving_facility
CP,0000016875,0001193125-23-147035,2023-05-17,capital_and_financing,debt_activity,credit_facility,"On May 11, 2023, Canadian Pacific Railway Company and the Registrant entered into a second amended and restated credit agreement which amends and restates the amended and restated credit agreement dated as of September 27, 2019. The Second Amended and Restated Credit Agreement amends and restates the Credit Agreement to provide for, among other things, (i) an increase in the aggregate commitments under the Second Amended and Restated Credit Agreement from $1,300,000,000 to $2,200,000,000 and (ii) the extension of the 5 Year Maturity Date from September 27, 2026 to May 11, 2028 and the extension of the 2 Year Maturity Date from September 27, 2023 to May 11, 2025.",https://www.sec.gov/Archives/edgar/data/16875/0001193125-23-147035.txt,"On May 11, 2023, Canadian Pacific Railway Company and the Registrant entered into a second amended and restated credit agreement which amends and restates the amended and restated credit agreement dated as of September 27, 2019. The Second Amended and Restated Credit Agreement amends and restates the Credit Agreement to provide for, among other things, (i) an increase in the aggregate commitments under the Second Amended and Restated Credit Agreement from $1,300,000,000 to $2,200,000,000 and (ii) the extension of the 5 Year Maturity Date from September 27, 2026 to May 11, 2028 and the extension of the 2 Year Maturity Date from September 27, 2023 to May 11, 2025.",['credit_facility'],routine_compatible,False,2023-05-18,no_explicit_revolving_facility
EBS,0001367644,0001193125-23-147301,2023-05-18,capital_and_financing,debt_activity,credit_facility,"The Credit Agreement Amendment amends the Existing Credit Agreement to, among other things, (a) extend the maturity date of the Senior Secured Credit Facilities from October 13, 2023 to May 15, 2025, (b) reduce the available commitments under the Revolving Credit Facility from $600.0 million to $300.0 million, (c) remove the Company's ability to incur incremental loans and (d) amend certain mandatory prepayment triggers, affirmative covenants, negative covenants and events of default thereunder.",https://www.sec.gov/Archives/edgar/data/1367644/0001193125-23-147301.txt,"In connection with the Credit Agreement Amendment, the Company used the approximately $270.0 million of proceeds from the previously announced sale of its travel health business to Bavarian Nordic, which closed on May 15, 2023, together with approximately $217.2 million of cash on hand, to repay approximately $144.4 million in outstanding principal amount of loans under the Term Loan Facility and $342.8 million outstanding principal amount of loans under the Revolving Credit Facility.
On May 17, 2023, the Company entered into an Equity Distribution Agreement with Evercore Group L.L.C. and RBC Capital Markets, LLC, under which the Company may offer and sell its common stock having an aggregate offering price of up to $150,000,000 through the Managers by methods deemed to be an 'at the market offering' as defined in Rule 415 under the Securities Act of 1933.
The Credit Agreement Amendment amends the Existing Credit Agreement to, among other things, (a) extend the maturity date of the Senior Secured Credit Facilities from October 13, 2023 to May 15, 2025, (b) reduce the available commitments under the Revolving Credit Facility from $600.0 million to $300.0 million, (c) remove the Company's ability to incur incremental loans and (d) amend certain mandatory prepayment triggers, affirmative covenants, negative covenants and events of default thereunder.","['credit_facility', 'debt_retirement', 'public_offering']",routine_compatible,False,2023-05-19,mixed_nonfacility_disclosure
TISI,0000318833,0001193125-23-154192,2023-05-25,capital_and_financing,debt_activity,credit_facility,"The Company also announced that it had entered into a commitment letter with Eclipse Business Capital LLC (the ""Eclipse Commitment Letter"") for a new $27.4 million term loan secured by certain real estate and machinery and equipment of the Company (the ""Eclipse Term Loan"" and, together with the Corre Secured Term Loan, the ""Term Loans""), subject to certain closing conditions, and with a maturity date coterminous with the Company's existing revolving credit facility. The Eclipse Commitment Letter also provides for an amendment to the existing revolving credit facility to extend the maturity date of the revolving credit facility (and therefore the Eclipse Term Loan) to August 2025, and to increase availability under the revolving credit facility by an additional $2.5 million.",https://www.sec.gov/Archives/edgar/data/318833/0001193125-23-154192.txt,"the Company had secured committed financing from two of its largest current stakeholders by entering into a commitment letter (the ""Corre Commitment Letter"") with Corre Management Partners, LLC for a new $57.5 million, 12% senior secured first lien term loan maturing in December 2026 and comprised of a $37.5 million term loan tranche and a $20 million delayed draw term loan tranche (the ""Corre Secured Term Loan"")
The Company also announced that it had entered into a commitment letter with Eclipse Business Capital LLC (the ""Eclipse Commitment Letter"") for a new $27.4 million term loan secured by certain real estate and machinery and equipment of the Company (the ""Eclipse Term Loan"" and, together with the Corre Secured Term Loan, the ""Term Loans""), subject to certain closing conditions, and with a maturity date coterminous with the Company's existing revolving credit facility. The Eclipse Commitment Letter also provides for an amendment to the existing revolving credit facility to extend the maturity date of the revolving credit facility (and therefore the Eclipse Term Loan) to August 2025, and to increase availability under the revolving credit facility by an additional $2.5 million.","['credit_facility', 'debt_issuance']",routine_compatible,False,2023-05-26,mixed_nonfacility_disclosure
MUX,0000314203,0001104659-23-066010,2023-05-30,capital_and_financing,debt_activity,credit_facility,"On May 23, 2023, McEwen Mining Inc. (the ""Company"") entered into a Third Amended and Restated Credit Agreement (""Credit Agreement"") with Evanachan Limited (""Evanachan"") as administrative agent and lender. The Credit Agreement amends and restates the Second Amended and Restated Credit Agreement previously executed by the Company on April 1, 2022.",https://www.sec.gov/Archives/edgar/data/314203/0001104659-23-066010.txt,"The $15 million originally due and owing by the Company to Evanachan under that certain unsecured promissory note dated as of March 31, 2022 (""Unsecured Note"") has been deemed an advance under the Credit Agreement and added as an obligation thereunder such that the amount due under the Credit Agreement has been reduced from $50 million to $40 million, and the Unsecured Note has been cancelled.
Sprott Private Resource Lending II (Collector), LP (""Sprott"") has been removed as the agent and a lender, as the Company repaid the $25 million in principal and all accrued interest to Sprott.
On May 23, 2023, McEwen Mining Inc. (the ""Company"") entered into a Third Amended and Restated Credit Agreement (""Credit Agreement"") with Evanachan Limited (""Evanachan"") as administrative agent and lender. The Credit Agreement amends and restates the Second Amended and Restated Credit Agreement previously executed by the Company on April 1, 2022.","['credit_facility', 'deal_termination', 'debt_retirement']",routine_compatible,False,2023-05-31,no_explicit_revolving_facility
ESGR,0001363829,0001363829-23-000144,2023-06-01,capital_and_financing,debt_activity,credit_facility,"On May 30, 2023, Enstar Group Limited (the ""Company""), and certain of its subsidiaries, as borrowers and as guarantors, entered into a five year unsecured $800 million amended and restated revolving credit agreement (the ""Credit Agreement"") with the lenders party thereto. The Credit Agreement replaces the Company's existing revolving credit agreement, dated as of August 16, 2018 (as amended, the ""Prior Credit Agreement""), which provided for a $600 million unsecured revolving credit facility.",https://www.sec.gov/Archives/edgar/data/1363829/0001363829-23-000144.txt,"On May 30, 2023, Enstar Group Limited (the ""Company""), and certain of its subsidiaries, as borrowers and as guarantors, entered into a five year unsecured $800 million amended and restated revolving credit agreement (the ""Credit Agreement"") with the lenders party thereto. The Credit Agreement replaces the Company's existing revolving credit agreement, dated as of August 16, 2018 (as amended, the ""Prior Credit Agreement""), which provided for a $600 million unsecured revolving credit facility.
The Company held its Annual General Meeting of Shareholders (the ""Annual Meeting"") on June 1, 2023. At the Annual Meeting, the Company's shareholders voted on the following four proposals and cast their votes as described below. Proposal No. 1: Election of twelve directors. The individuals listed below were elected to serve a term expiring at the annual general meeting of shareholders in 2024.","['annual_meeting_results', 'credit_facility']",routine_compatible,False,2023-06-02,mixed_nonfacility_disclosure
ESGRD,0001363829,0001363829-23-000144,2023-06-01,capital_and_financing,debt_activity,credit_facility,"On May 30, 2023, Enstar Group Limited (the ""Company""), and certain of its subsidiaries, as borrowers and as guarantors, entered into a five year unsecured $800 million amended and restated revolving credit agreement (the ""Credit Agreement"") with the lenders party thereto. The Credit Agreement replaces the Company's existing revolving credit agreement, dated as of August 16, 2018 (as amended, the ""Prior Credit Agreement""), which provided for a $600 million unsecured revolving credit facility.",https://www.sec.gov/Archives/edgar/data/1363829/0001363829-23-000144.txt,"On May 30, 2023, Enstar Group Limited (the ""Company""), and certain of its subsidiaries, as borrowers and as guarantors, entered into a five year unsecured $800 million amended and restated revolving credit agreement (the ""Credit Agreement"") with the lenders party thereto. The Credit Agreement replaces the Company's existing revolving credit agreement, dated as of August 16, 2018 (as amended, the ""Prior Credit Agreement""), which provided for a $600 million unsecured revolving credit facility.
The Company held its Annual General Meeting of Shareholders (the ""Annual Meeting"") on June 1, 2023. At the Annual Meeting, the Company's shareholders voted on the following four proposals and cast their votes as described below. Proposal No. 1: Election of twelve directors. The individuals listed below were elected to serve a term expiring at the annual general meeting of shareholders in 2024.","['annual_meeting_results', 'credit_facility']",routine_compatible,False,2023-06-02,mixed_nonfacility_disclosure
ESGRO,0001363829,0001363829-23-000144,2023-06-01,capital_and_financing,debt_activity,credit_facility,"On May 30, 2023, Enstar Group Limited (the ""Company""), and certain of its subsidiaries, as borrowers and as guarantors, entered into a five year unsecured $800 million amended and restated revolving credit agreement (the ""Credit Agreement"") with the lenders party thereto. The Credit Agreement replaces the Company's existing revolving credit agreement, dated as of August 16, 2018 (as amended, the ""Prior Credit Agreement""), which provided for a $600 million unsecured revolving credit facility.",https://www.sec.gov/Archives/edgar/data/1363829/0001363829-23-000144.txt,"On May 30, 2023, Enstar Group Limited (the ""Company""), and certain of its subsidiaries, as borrowers and as guarantors, entered into a five year unsecured $800 million amended and restated revolving credit agreement (the ""Credit Agreement"") with the lenders party thereto. The Credit Agreement replaces the Company's existing revolving credit agreement, dated as of August 16, 2018 (as amended, the ""Prior Credit Agreement""), which provided for a $600 million unsecured revolving credit facility.
The Company held its Annual General Meeting of Shareholders (the ""Annual Meeting"") on June 1, 2023. At the Annual Meeting, the Company's shareholders voted on the following four proposals and cast their votes as described below. Proposal No. 1: Election of twelve directors. The individuals listed below were elected to serve a term expiring at the annual general meeting of shareholders in 2024.","['annual_meeting_results', 'credit_facility']",routine_compatible,False,2023-06-02,mixed_nonfacility_disclosure
ESGRP,0001363829,0001363829-23-000144,2023-06-01,capital_and_financing,debt_activity,credit_facility,"On May 30, 2023, Enstar Group Limited (the ""Company""), and certain of its subsidiaries, as borrowers and as guarantors, entered into a five year unsecured $800 million amended and restated revolving credit agreement (the ""Credit Agreement"") with the lenders party thereto. The Credit Agreement replaces the Company's existing revolving credit agreement, dated as of August 16, 2018 (as amended, the ""Prior Credit Agreement""), which provided for a $600 million unsecured revolving credit facility.",https://www.sec.gov/Archives/edgar/data/1363829/0001363829-23-000144.txt,"On May 30, 2023, Enstar Group Limited (the ""Company""), and certain of its subsidiaries, as borrowers and as guarantors, entered into a five year unsecured $800 million amended and restated revolving credit agreement (the ""Credit Agreement"") with the lenders party thereto. The Credit Agreement replaces the Company's existing revolving credit agreement, dated as of August 16, 2018 (as amended, the ""Prior Credit Agreement""), which provided for a $600 million unsecured revolving credit facility.
The Company held its Annual General Meeting of Shareholders (the ""Annual Meeting"") on June 1, 2023. At the Annual Meeting, the Company's shareholders voted on the following four proposals and cast their votes as described below. Proposal No. 1: Election of twelve directors. The individuals listed below were elected to serve a term expiring at the annual general meeting of shareholders in 2024.","['annual_meeting_results', 'credit_facility']",routine_compatible,False,2023-06-02,mixed_nonfacility_disclosure
WR,0000054507,0001193125-23-159868,2023-06-02,capital_and_financing,debt_activity,credit_facility,"Additionally, the First Amendment amended the Credit Facility to update the benchmark interest rate to a rate based on Term SOFR (as defined in the Credit Facility), add a 10 bps credit spread adjustment for loans that bear interest based on Term SOFR, and make certain other conforming changes.",https://www.sec.gov/Archives/edgar/data/54507/0001193125-23-159868.txt,"Additionally, the First Amendment amended the Credit Facility to update the benchmark interest rate to a rate based on Term SOFR (as defined in the Credit Facility), add a 10 bps credit spread adjustment for loans that bear interest based on Term SOFR, and make certain other conforming changes.
On June 2, 2023, Evergy, Evergy Missouri West, Inc., a subsidiary of Evergy, Evergy Metro and Evergy Kansas Central (each a ""Borrower"" and collectively, the ""Borrowers"") entered into a First Amendment to Amended and Restated Credit Agreement (the ""First Amendment"") amending the Borrowers' existing $2.5 billion Amended and Restated Credit Agreement, dated as of August 31, 2021 (the ""Credit Facility""), with the several lenders referred party thereto, and Wells Fargo Bank, National Association, as Administrative Agent. The First Amendment extended the maturity date of the Credit Facility for each Extending Lender (as defined in the First Amendment) from August 31, 2026 to August 31, 2027, and reset the number of available maturity extension requests to two.",['credit_facility'],routine_compatible,False,2023-06-05,no_explicit_revolving_facility
MTH,0000833079,0000833079-23-000113,2023-06-05,capital_and_financing,debt_activity,credit_facility,"On June 2, 2023, Meritage Homes Corporation (the ""Company"") entered into the Eighth Amendment to Amended and Restated Credit Agreement (the ""Eighth Amendment""), which amends that certain Amended and Restated Credit Agreement, dated as of June 13, 2014 (the ""Credit Agreement""). Among other things, the Eighth Amendment increases the facility size to $835.0 million, extends the maturity date from December 22, 2026 to June 2, 2028, amends the accordion feature to permit the facility to increase by up to fifty percent of the facility size, increases the letter of credit sublimit up to the maximum size of the facility at the closing of the Eighth Amendment, eliminates the liquidity and interest coverage covenant and adjusts certain covenant basket amounts.",https://www.sec.gov/Archives/edgar/data/833079/0000833079-23-000113.txt,"On June 2, 2023, Meritage Homes Corporation (the ""Company"") entered into the Eighth Amendment to Amended and Restated Credit Agreement (the ""Eighth Amendment""), which amends that certain Amended and Restated Credit Agreement, dated as of June 13, 2014 (the ""Credit Agreement""). Among other things, the Eighth Amendment increases the facility size to $835.0 million, extends the maturity date from December 22, 2026 to June 2, 2028, amends the accordion feature to permit the facility to increase by up to fifty percent of the facility size, increases the letter of credit sublimit up to the maximum size of the facility at the closing of the Eighth Amendment, eliminates the liquidity and interest coverage covenant and adjusts certain covenant basket amounts.",['credit_facility'],routine_compatible,False,2023-06-06,no_explicit_revolving_facility
CASY,0000726958,0000726958-23-000043,2023-06-06,capital_and_financing,debt_activity,credit_facility,"On June 1, 2023, the Company executed and delivered to UMB Bank, n.a. ('UMB') a promissory note in the principal amount of $50 million (the 'Note'). The Note serves to renew the Company's existing unsecured revolving line of credit with UMB...and increase the UMB Line from $25 million to $50 million.",https://www.sec.gov/Archives/edgar/data/726958/0000726958-23-000043.txt,"On May 31, 2023, the Committee approved annual long-term equity incentive awards to the NEOs. The awards, made under the terms of the Company's 2018 Stock Incentive Plan, consist of (i) time-based restricted stock units ('RSUs'), comprising 25% of the award amount, (ii) performance-based restricted stock units ('PSUs') subject to return on invested capital ('ROIC') performance goals, comprising 37.5% of the award amount, and (iii) PSUs subject to EBITDA performance goals, comprising 37.5% of the award amount.
On June 1, 2023, the Company executed and delivered to UMB Bank, n.a. ('UMB') a promissory note in the principal amount of $50 million (the 'Note'). The Note serves to renew the Company's existing unsecured revolving line of credit with UMB...and increase the UMB Line from $25 million to $50 million.
The Note serves to renew the Company's existing unsecured revolving line of credit with UMB (evidenced by a prior promissory note dated April 27, 2018 in the principal amount of $25 million, which promissory note is being concurrently terminated [the 'Prior Note'])","['credit_facility', 'deal_termination', 'equity_compensation_grant']",routine_compatible,False,2023-06-07,mixed_nonfacility_disclosure
LAZ,0001311370,0000950157-23-000614,2023-06-06,capital_and_financing,debt_activity,credit_facility,"On June 6, 2023, Lazard Group LLC entered into an Amended and Restated Credit Agreement to replace Lazard Group's existing credit facility with a new five-year $200 million senior revolving credit facility. The Second Amended and Restated Credit Agreement amends and restates the Amended and Restated Credit Agreement dated July 22, 2020.",https://www.sec.gov/Archives/edgar/data/1311370/0000950157-23-000614.txt,"Ms. Betsch replaces Dominick Ragone, who ceased to be Ltd's and Lazard Group's Chief Accounting Officer on May 31, 2023.
Concurrently with the effectiveness of the Second Amended and Restated Credit Agreement, the commitments under the Existing Credit Agreement were terminated.
On June 6, 2023, Lazard Group LLC entered into an Amended and Restated Credit Agreement to replace Lazard Group's existing credit facility with a new five-year $200 million senior revolving credit facility. The Second Amended and Restated Credit Agreement amends and restates the Amended and Restated Credit Agreement dated July 22, 2020.","['credit_facility', 'deal_termination', 'executive_officer_departure']",routine_compatible,False,2023-06-07,mixed_nonfacility_disclosure
IP,0000051434,0001193125-23-162517,2023-06-07,capital_and_financing,debt_activity,credit_facility,"On June 7, 2023, International Paper Company amended and restated its $1.5 billion Second Amended and Restated 5-Year Credit Agreement with a syndicate of banks and other financial institutions and JPMorgan Chase Bank, N.A., as administrative agent to, among other things, (i) extend the maturity date from June 17, 2026 to June 7, 2028, (ii) reduce the size of the facility from $1.5 billion to $1.4 billion and (iii) replace the LIBOR-based rate with a SOFR-based rate.",https://www.sec.gov/Archives/edgar/data/51434/0001193125-23-162517.txt,"On June 7, 2023, International Paper Company amended and restated its $1.5 billion Second Amended and Restated 5-Year Credit Agreement with a syndicate of banks and other financial institutions and JPMorgan Chase Bank, N.A., as administrative agent to, among other things, (i) extend the maturity date from June 17, 2026 to June 7, 2028, (ii) reduce the size of the facility from $1.5 billion to $1.4 billion and (iii) replace the LIBOR-based rate with a SOFR-based rate.",['credit_facility'],routine_compatible,False,2023-06-08,no_explicit_revolving_facility
HPK,0001792849,0001437749-23-017124,2023-06-12,capital_and_financing,debt_activity,credit_facility,"the Company intends to enter into the Ninth Amendment to Credit Agreement...to amend that certain Credit Agreement, dated as of December 17, 2020...to, among other things, (i) increase the elected commitments to $660 million and the borrowing base to $750 million, (ii) extend the maturity date to July 1, 2025, (iii) add an additional lender to the syndicate and (iv) make certain other modifications",https://www.sec.gov/Archives/edgar/data/1792849/0001437749-23-017124.txt,"the Company intends to offer for sale $575 million in aggregate principal amount of Senior Notes due 2028 (the ""Notes,"" and such offering, the ""Offering"") in a private offering to eligible purchasers that is exempt from registration under the Securities Act of 1933
the Company intends to enter into the Ninth Amendment to Credit Agreement...to amend that certain Credit Agreement, dated as of December 17, 2020...to, among other things, (i) increase the elected commitments to $660 million and the borrowing base to $750 million, (ii) extend the maturity date to July 1, 2025, (iii) add an additional lender to the syndicate and (iv) make certain other modifications","['credit_facility', 'debt_issuance']",routine_compatible,False,2023-06-13,mixed_nonfacility_disclosure
HPKEW,0001792849,0001437749-23-017124,2023-06-12,capital_and_financing,debt_activity,credit_facility,"the Company intends to enter into the Ninth Amendment to Credit Agreement...to amend that certain Credit Agreement, dated as of December 17, 2020...to, among other things, (i) increase the elected commitments to $660 million and the borrowing base to $750 million, (ii) extend the maturity date to July 1, 2025, (iii) add an additional lender to the syndicate and (iv) make certain other modifications",https://www.sec.gov/Archives/edgar/data/1792849/0001437749-23-017124.txt,"the Company intends to offer for sale $575 million in aggregate principal amount of Senior Notes due 2028 (the ""Notes,"" and such offering, the ""Offering"") in a private offering to eligible purchasers that is exempt from registration under the Securities Act of 1933
the Company intends to enter into the Ninth Amendment to Credit Agreement...to amend that certain Credit Agreement, dated as of December 17, 2020...to, among other things, (i) increase the elected commitments to $660 million and the borrowing base to $750 million, (ii) extend the maturity date to July 1, 2025, (iii) add an additional lender to the syndicate and (iv) make certain other modifications","['credit_facility', 'debt_issuance']",routine_compatible,False,2023-06-13,mixed_nonfacility_disclosure
APP,0001751008,0001751008-23-000054,2023-06-12,capital_and_financing,debt_activity,credit_facility,"extended the maturity date with respect to the Revolving Credit Commitments under (and as defined in) the Amended Credit Agreement to the earlier of (x) 91 days prior to the final maturity of any term loan under the credit facility (unless all term loans with a maturity date earlier than October 25, 2028 have been repaid in full prior to such date) and (y) June 12, 2028, (ii) increased the Revolving Credit Commitments by $10.0 million to an aggregate of $610.0 million and (iii) made certain other modifications to the terms with respect thereto.",https://www.sec.gov/Archives/edgar/data/1751008/0001751008-23-000054.txt,"On June 7, 2023, AppLovin held its annual meeting of stockholders (the 'Meeting'). The stockholders of the Company voted on the following four proposals at the Meeting... Based on the votes set forth above, each director nominee was duly elected to serve until the 2024 annual meeting of stockholders and until his or her successor is duly elected and qualified.
extended the maturity date with respect to the Revolving Credit Commitments under (and as defined in) the Amended Credit Agreement to the earlier of (x) 91 days prior to the final maturity of any term loan under the credit facility (unless all term loans with a maturity date earlier than October 25, 2028 have been repaid in full prior to such date) and (y) June 12, 2028, (ii) increased the Revolving Credit Commitments by $10.0 million to an aggregate of $610.0 million and (iii) made certain other modifications to the terms with respect thereto.","['annual_meeting_results', 'credit_facility']",routine_compatible,False,2023-06-13,mixed_nonfacility_disclosure
A,0001090872,0001193125-23-165893,2023-06-13,capital_and_financing,debt_activity,credit_facility,"On June 7, 2023, Agilent Technologies, Inc. (the ""Company"") entered into a Credit Agreement among the Company, the lenders party thereto and BNP Paribas, as Administrative Agent (the ""Credit Agreement""). The Credit Agreement provides for a $1,500,000,000 five-year, unsecured credit facility (the ""Facility"") that will mature on June 7, 2028. The Facility replaced the Company's existing credit facility, which was terminated on the closing date of the Facility.",https://www.sec.gov/Archives/edgar/data/1090872/0001193125-23-165893.txt,"On June 7, 2023, Agilent Technologies, Inc. (the ""Company"") entered into a Credit Agreement among the Company, the lenders party thereto and BNP Paribas, as Administrative Agent (the ""Credit Agreement""). The Credit Agreement provides for a $1,500,000,000 five-year, unsecured credit facility (the ""Facility"") that will mature on June 7, 2028. The Facility replaced the Company's existing credit facility, which was terminated on the closing date of the Facility.",['credit_facility'],routine_compatible,False,2023-06-14,no_explicit_revolving_facility
OCSL,0001414932,0001193125-23-175197,2023-06-26,capital_and_financing,debt_activity,credit_facility,"On June 23, 2023, Oaktree Specialty Lending Corporation (the ""Company"") entered into an amendment (the ""Amendment"") to its amended and restated senior secured credit facility (as amended and restated, the ""Syndicated Facility"")... increased the size of the Syndicated Facility from $1.0 billion to $1.218 billion... extended the reinvestment period for $1.035 billion of commitments from May 4, 2025 to June 23, 2027; and extended the final maturity date for $1.035 billion of commitments from May 4, 2026 to June 23, 2028.",https://www.sec.gov/Archives/edgar/data/1414932/0001193125-23-175197.txt,"On June 23, 2023, Oaktree Specialty Lending Corporation (the ""Company"") entered into an amendment (the ""Amendment"") to its amended and restated senior secured credit facility (as amended and restated, the ""Syndicated Facility"")... increased the size of the Syndicated Facility from $1.0 billion to $1.218 billion... extended the reinvestment period for $1.035 billion of commitments from May 4, 2025 to June 23, 2027; and extended the final maturity date for $1.035 billion of commitments from May 4, 2026 to June 23, 2028.",['credit_facility'],routine_compatible,False,2023-06-27,no_explicit_revolving_facility
ARMK,0001584509,0001584509-23-000144,2023-06-27,capital_and_financing,debt_activity,credit_facility,"Amendment No. 12 to the Credit Agreement dated March 28, 2017, providing for the extension of the maturity date applicable to all of the U.S. Term B-3 Loans under the Credit Agreement through the establishment of Refinancing Term Loans comprised of new U.S. Term B-6 Loans in an amount equal to $1,100,000,000, due in June 2030.",https://www.sec.gov/Archives/edgar/data/1584509/0001584509-23-000144.txt,"Amendment No. 12 to the Credit Agreement dated March 28, 2017, providing for the extension of the maturity date applicable to all of the U.S. Term B-3 Loans under the Credit Agreement through the establishment of Refinancing Term Loans comprised of new U.S. Term B-6 Loans in an amount equal to $1,100,000,000, due in June 2030.
The new U.S. Term B-6 Loans were funded in full on the Closing Date and were applied by the Company to refinance the U.S. Term B-3 Loans previously outstanding under the Credit Agreement.","['credit_facility', 'debt_retirement']",routine_compatible,False,2023-06-28,no_explicit_revolving_facility
AFG,0001042046,0001140361-23-031731,2023-06-27,capital_and_financing,debt_activity,credit_facility,"On June 27, 2023, American Financial Group, Inc. (the ""Company"") entered into an amended and restated credit agreement (the ""Credit Agreement"") with Bank of America, N.A., as Administrative Agent, and several lenders, that replaces in its entirety the revolving credit facility provided for under the Company's Credit Agreement dated December 14, 2020. The Credit Agreement provides for an unsecured five-year $450 million revolving credit facility and includes an ""accordion"" feature that allows the Company, under certain circumstances, to increase the size of the credit facility up to $700 million.",https://www.sec.gov/Archives/edgar/data/1042046/0001140361-23-031731.txt,"In connection with his promotion, the Company made a one-time restricted stock award to Mr. Berding equal to $2 million, which will cliff-vest after four years, pursuant to the terms of the Company's 2015 Stock Incentive Plan, and will be eligible to receive perquisites at a level commensurate with his new position.
On June 27, 2023, the Company announced the promotion of John B. Berding to President of the Company, effective immediately. Mr. Berding will continue to serve as President of American Money Management Corporation, the Company subsidiary providing investment management services to the Company, and on the Board of Directors of the Company.
As provided in Item 1.01 above, contemporaneously with entering into the Credit Agreement, the Former Credit Agreement was terminated.
On June 27, 2023, American Financial Group, Inc. (the ""Company"") entered into an amended and restated credit agreement (the ""Credit Agreement"") with Bank of America, N.A., as Administrative Agent, and several lenders, that replaces in its entirety the revolving credit facility provided for under the Company's Credit Agreement dated December 14, 2020. The Credit Agreement provides for an unsecured five-year $450 million revolving credit facility and includes an ""accordion"" feature that allows the Company, under certain circumstances, to increase the size of the credit facility up to $700 million.","['credit_facility', 'deal_termination', 'executive_compensation_change', 'executive_officer_appointment']",routine_compatible,False,2023-06-28,mixed_nonfacility_disclosure
AFGB,0001042046,0001140361-23-031731,2023-06-27,capital_and_financing,debt_activity,credit_facility,"On June 27, 2023, American Financial Group, Inc. (the ""Company"") entered into an amended and restated credit agreement (the ""Credit Agreement"") with Bank of America, N.A., as Administrative Agent, and several lenders, that replaces in its entirety the revolving credit facility provided for under the Company's Credit Agreement dated December 14, 2020. The Credit Agreement provides for an unsecured five-year $450 million revolving credit facility and includes an ""accordion"" feature that allows the Company, under certain circumstances, to increase the size of the credit facility up to $700 million.",https://www.sec.gov/Archives/edgar/data/1042046/0001140361-23-031731.txt,"In connection with his promotion, the Company made a one-time restricted stock award to Mr. Berding equal to $2 million, which will cliff-vest after four years, pursuant to the terms of the Company's 2015 Stock Incentive Plan, and will be eligible to receive perquisites at a level commensurate with his new position.
On June 27, 2023, the Company announced the promotion of John B. Berding to President of the Company, effective immediately. Mr. Berding will continue to serve as President of American Money Management Corporation, the Company subsidiary providing investment management services to the Company, and on the Board of Directors of the Company.
As provided in Item 1.01 above, contemporaneously with entering into the Credit Agreement, the Former Credit Agreement was terminated.
On June 27, 2023, American Financial Group, Inc. (the ""Company"") entered into an amended and restated credit agreement (the ""Credit Agreement"") with Bank of America, N.A., as Administrative Agent, and several lenders, that replaces in its entirety the revolving credit facility provided for under the Company's Credit Agreement dated December 14, 2020. The Credit Agreement provides for an unsecured five-year $450 million revolving credit facility and includes an ""accordion"" feature that allows the Company, under certain circumstances, to increase the size of the credit facility up to $700 million.","['credit_facility', 'deal_termination', 'executive_compensation_change', 'executive_officer_appointment']",routine_compatible,False,2023-06-28,mixed_nonfacility_disclosure
AFGC,0001042046,0001140361-23-031731,2023-06-27,capital_and_financing,debt_activity,credit_facility,"On June 27, 2023, American Financial Group, Inc. (the ""Company"") entered into an amended and restated credit agreement (the ""Credit Agreement"") with Bank of America, N.A., as Administrative Agent, and several lenders, that replaces in its entirety the revolving credit facility provided for under the Company's Credit Agreement dated December 14, 2020. The Credit Agreement provides for an unsecured five-year $450 million revolving credit facility and includes an ""accordion"" feature that allows the Company, under certain circumstances, to increase the size of the credit facility up to $700 million.",https://www.sec.gov/Archives/edgar/data/1042046/0001140361-23-031731.txt,"In connection with his promotion, the Company made a one-time restricted stock award to Mr. Berding equal to $2 million, which will cliff-vest after four years, pursuant to the terms of the Company's 2015 Stock Incentive Plan, and will be eligible to receive perquisites at a level commensurate with his new position.
On June 27, 2023, the Company announced the promotion of John B. Berding to President of the Company, effective immediately. Mr. Berding will continue to serve as President of American Money Management Corporation, the Company subsidiary providing investment management services to the Company, and on the Board of Directors of the Company.
As provided in Item 1.01 above, contemporaneously with entering into the Credit Agreement, the Former Credit Agreement was terminated.
On June 27, 2023, American Financial Group, Inc. (the ""Company"") entered into an amended and restated credit agreement (the ""Credit Agreement"") with Bank of America, N.A., as Administrative Agent, and several lenders, that replaces in its entirety the revolving credit facility provided for under the Company's Credit Agreement dated December 14, 2020. The Credit Agreement provides for an unsecured five-year $450 million revolving credit facility and includes an ""accordion"" feature that allows the Company, under certain circumstances, to increase the size of the credit facility up to $700 million.","['credit_facility', 'deal_termination', 'executive_compensation_change', 'executive_officer_appointment']",routine_compatible,False,2023-06-28,mixed_nonfacility_disclosure
AFGD,0001042046,0001140361-23-031731,2023-06-27,capital_and_financing,debt_activity,credit_facility,"On June 27, 2023, American Financial Group, Inc. (the ""Company"") entered into an amended and restated credit agreement (the ""Credit Agreement"") with Bank of America, N.A., as Administrative Agent, and several lenders, that replaces in its entirety the revolving credit facility provided for under the Company's Credit Agreement dated December 14, 2020. The Credit Agreement provides for an unsecured five-year $450 million revolving credit facility and includes an ""accordion"" feature that allows the Company, under certain circumstances, to increase the size of the credit facility up to $700 million.",https://www.sec.gov/Archives/edgar/data/1042046/0001140361-23-031731.txt,"In connection with his promotion, the Company made a one-time restricted stock award to Mr. Berding equal to $2 million, which will cliff-vest after four years, pursuant to the terms of the Company's 2015 Stock Incentive Plan, and will be eligible to receive perquisites at a level commensurate with his new position.
On June 27, 2023, the Company announced the promotion of John B. Berding to President of the Company, effective immediately. Mr. Berding will continue to serve as President of American Money Management Corporation, the Company subsidiary providing investment management services to the Company, and on the Board of Directors of the Company.
As provided in Item 1.01 above, contemporaneously with entering into the Credit Agreement, the Former Credit Agreement was terminated.
On June 27, 2023, American Financial Group, Inc. (the ""Company"") entered into an amended and restated credit agreement (the ""Credit Agreement"") with Bank of America, N.A., as Administrative Agent, and several lenders, that replaces in its entirety the revolving credit facility provided for under the Company's Credit Agreement dated December 14, 2020. The Credit Agreement provides for an unsecured five-year $450 million revolving credit facility and includes an ""accordion"" feature that allows the Company, under certain circumstances, to increase the size of the credit facility up to $700 million.","['credit_facility', 'deal_termination', 'executive_compensation_change', 'executive_officer_appointment']",routine_compatible,False,2023-06-28,mixed_nonfacility_disclosure
AFGE,0001042046,0001140361-23-031731,2023-06-27,capital_and_financing,debt_activity,credit_facility,"On June 27, 2023, American Financial Group, Inc. (the ""Company"") entered into an amended and restated credit agreement (the ""Credit Agreement"") with Bank of America, N.A., as Administrative Agent, and several lenders, that replaces in its entirety the revolving credit facility provided for under the Company's Credit Agreement dated December 14, 2020. The Credit Agreement provides for an unsecured five-year $450 million revolving credit facility and includes an ""accordion"" feature that allows the Company, under certain circumstances, to increase the size of the credit facility up to $700 million.",https://www.sec.gov/Archives/edgar/data/1042046/0001140361-23-031731.txt,"In connection with his promotion, the Company made a one-time restricted stock award to Mr. Berding equal to $2 million, which will cliff-vest after four years, pursuant to the terms of the Company's 2015 Stock Incentive Plan, and will be eligible to receive perquisites at a level commensurate with his new position.
On June 27, 2023, the Company announced the promotion of John B. Berding to President of the Company, effective immediately. Mr. Berding will continue to serve as President of American Money Management Corporation, the Company subsidiary providing investment management services to the Company, and on the Board of Directors of the Company.
As provided in Item 1.01 above, contemporaneously with entering into the Credit Agreement, the Former Credit Agreement was terminated.
On June 27, 2023, American Financial Group, Inc. (the ""Company"") entered into an amended and restated credit agreement (the ""Credit Agreement"") with Bank of America, N.A., as Administrative Agent, and several lenders, that replaces in its entirety the revolving credit facility provided for under the Company's Credit Agreement dated December 14, 2020. The Credit Agreement provides for an unsecured five-year $450 million revolving credit facility and includes an ""accordion"" feature that allows the Company, under certain circumstances, to increase the size of the credit facility up to $700 million.","['credit_facility', 'deal_termination', 'executive_compensation_change', 'executive_officer_appointment']",routine_compatible,False,2023-06-28,mixed_nonfacility_disclosure
CTHR,0001015155,0001104659-23-075258,2023-06-27,capital_and_financing,debt_activity,credit_facility,"On June 21, 2023, Charles & Colvard, Ltd. (the ""Company""), renewed a $5,000,000 cash secured credit facility (as renewed, the ""Credit Facility"") from JPMorgan Chase Bank, N.A. (""JPMC""), with an effective date of June 21, 2023. The Credit Facility will mature on July 31, 2024, and is secured by a deposit account held by JPMC in the amount of $5,050,000.",https://www.sec.gov/Archives/edgar/data/1015155/0001104659-23-075258.txt,"On June 21, 2023, Charles & Colvard, Ltd. (the ""Company""), renewed a $5,000,000 cash secured credit facility (as renewed, the ""Credit Facility"") from JPMorgan Chase Bank, N.A. (""JPMC""), with an effective date of June 21, 2023. The Credit Facility will mature on July 31, 2024, and is secured by a deposit account held by JPMC in the amount of $5,050,000.",['credit_facility'],routine_compatible,False,2023-06-28,no_explicit_revolving_facility
CRKN,0001761696,0001213900-23-053571,2023-06-30,capital_and_financing,debt_activity,credit_facility,"on February 2, 2023, Crown Electrokinetics Corp. (the ""Company"") entered into a Line of Credit Agreement (the ""Line of Credit"") with a lender (the ""LOC Lender""), pursuant to which the LOC Lender extended to the Company a secured line of credit in an amount not to exceed $100,000,000, to be used to fund expenses related to the fulfillment of contracts with customers of Crown Fiber Optics, the Company's wholly-owned subsidiary.",https://www.sec.gov/Archives/edgar/data/1761696/0001213900-23-053571.txt,"certain of the January Investors entered into Exchange Agreements with the Company for the exchange of January Notes in the aggregate principal amount of $205,276 for 206 shares of the Company's Series F Convertible Preferred Stock, in the aggregate.
on February 2, 2023, Crown Electrokinetics Corp. (the ""Company"") entered into a Line of Credit Agreement (the ""Line of Credit"") with a lender (the ""LOC Lender""), pursuant to which the LOC Lender extended to the Company a secured line of credit in an amount not to exceed $100,000,000, to be used to fund expenses related to the fulfillment of contracts with customers of Crown Fiber Optics, the Company's wholly-owned subsidiary.
the Company issued to the LOC Lender a warrant (the ""LOC Warrant"") to purchase 45,000 shares of the Company's Series E Convertible Preferred Stock (the ""Series E Preferred Stock""), which is convertible into 45,000,000 shares of the Company's common stock, par value $0.0001 per share (""Common Stock"").
On June 30, 2023, subject to stockholder approval, the Company agreed to issue an additional 8,000 shares of the Company's Series E Preferred Stock, which is convertible into 8,000,000 shares of the Company's Common Stock, to the LOC Lender for failure to comply with a covenant in the Line of Credit, as amended.
on June 30, 2023 the Company and the LOC Lender agreed to amend the Second LOC Note and the Third LOC Note to extend the maturity dates of each until July 16, 2023 (the ""LOC Note Amendments"").","['covenant_violation', 'credit_facility', 'warrant_or_conversion']",routine_compatible,False,2023-07-03,mixed_nonfacility_disclosure
SVT,0000089140,0001104659-23-077047,2023-06-30,capital_and_financing,debt_activity,credit_facility,"On June 28, 2023, Servotronics, Inc. (the ""Company"") entered into a Financing Agreement (""Financing Agreement"") with Rosenthal & Rosenthal, Inc. (""Rosenthal"") and closed on its new secured credit facility to replace its existing credit facility with Bank of America, N.A. The new credit facility of up to $7,000,000 has a term of three years, subject to acceleration in the event of customary events of default.",https://www.sec.gov/Archives/edgar/data/89140/0001104659-23-077047.txt,"In connection with the entry into the Financing Agreement, as described under item 1.01 of this Current Report on Form 8-K, the Company also terminated and replaced its prior credit facility with Bank of America, NA.
All obligations to Bank of America, N.A. under the Company's previous credit facility were paid in full in the aggregate amount of approximately $3,600,000 upon closing of the Financing Agreement.
On June 28, 2023, Servotronics, Inc. (the ""Company"") entered into a Financing Agreement (""Financing Agreement"") with Rosenthal & Rosenthal, Inc. (""Rosenthal"") and closed on its new secured credit facility to replace its existing credit facility with Bank of America, N.A. The new credit facility of up to $7,000,000 has a term of three years, subject to acceleration in the event of customary events of default.","['credit_facility', 'deal_termination', 'debt_retirement']",routine_compatible,False,2023-07-03,no_explicit_revolving_facility
BOX,0001372612,0001193125-23-181340,2023-07-03,capital_and_financing,debt_activity,credit_facility,"On June 30, 2023, Box, Inc. entered into an Amended and Restated Credit Agreement between the Company, as borrower, and Wells Fargo Bank, National Association, as the lender. The Credit Agreement amends and restates in its entirety and refinances the Company's existing Credit Agreement, dated as of November 27, 2017.",https://www.sec.gov/Archives/edgar/data/1372612/0001193125-23-181340.txt,"On June 30, 2023, Box, Inc. entered into an Amended and Restated Credit Agreement between the Company, as borrower, and Wells Fargo Bank, National Association, as the lender. The Credit Agreement amends and restates in its entirety and refinances the Company's existing Credit Agreement, dated as of November 27, 2017.",['credit_facility'],routine_compatible,False,2023-07-05,no_explicit_revolving_facility
KODK,0000031235,0001437749-23-020901,2023-07-27,capital_and_financing,debt_activity,credit_facility,"on June 30, 2023 Eastman Kodak Company (the ""Company"") and certain of its subsidiaries entered into an amendment (the ""Term Loan Amendment"") to the Credit Agreement, dated as of February 26, 2021...pursuant to which the Refinancing Term Loan Lenders agreed, subject to certain terms and conditions, to provide term loans in an aggregate principal amount of $450,000,000 (the ""Refinancing Term Loans"").",https://www.sec.gov/Archives/edgar/data/31235/0001437749-23-020901.txt,"On July 21, 2023, the Amended and Restated Term Loan Agreement became effective and the Company completed its borrowing of the Refinancing Term Loans. The net proceeds of the Refinancing Term Loans were used to (i) refinance its existing senior secured first lien term loan facility under the Existing Term Loan Agreement...and (vi) thereafter, for general corporate purposes and working capital needs of the Company and its subsidiaries.
on June 30, 2023 Eastman Kodak Company (the ""Company"") and certain of its subsidiaries entered into an amendment (the ""Term Loan Amendment"") to the Credit Agreement, dated as of February 26, 2021...pursuant to which the Refinancing Term Loan Lenders agreed, subject to certain terms and conditions, to provide term loans in an aggregate principal amount of $450,000,000 (the ""Refinancing Term Loans"").
on June 30, 2023 the Company and the Subsidiary Guarantors entered into an amendment (the ""L/C Facility Amendment"") to the Letter of Credit Facility Agreement...pursuant to which the L/C Lender committed, subject to certain terms and conditions, to issue additional letters of credit on the Company's behalf in an aggregate amount of up to $50,000,000, to an aggregate principal amount of commitments of up to $100,000,000 (the ""L/C Facility Commitments"").
On July 21, 2023, the Company used the net proceeds from the Refinancing Term Loans to repay in full the amounts outstanding under its Existing ABL Credit Agreement (the ""ABL Prepayment""). Upon the administrative agent's receipt in full of the ABL Prepayment, the Existing ABL Credit Agreement was terminated and the lenders' security interest in any of the Company's or its subsidiaries assets or property securing the Existing ABL Credit Agreement was released.
On July 21, 2023, the Company used the net proceeds from the Refinancing Term Loans to repay in full the outstanding Convertible Notes (the ""Convertible Notes Prepayment""). Upon the holders' receipt in full of the Convertible Notes Prepayment, the Convertible Notes were terminated and the Company's obligations under the Convertible Notes were cancelled.","['credit_facility', 'credit_facility_draw', 'debt_retirement']",routine_compatible,False,2023-07-28,no_explicit_revolving_facility
RGCO,0001069533,0001437749-23-021184,2023-07-31,capital_and_financing,debt_activity,credit_facility,"RGC Midstream, LLC entered into the Fifth Amendment to Credit Agreement with Atlantic Union Bank and Truist Bank. The Amendment modifies the original Credit Agreement and prior amendments between Midstream and the Banks by extending the maturity date to December 31, 2024 and replaces the Term SOFR plus 1.50% interest rate with Term SOFR plus 2.00%.",https://www.sec.gov/Archives/edgar/data/1069533/0001437749-23-021184.txt,"RGC Midstream, LLC entered into the Fifth Amendment to Credit Agreement with Atlantic Union Bank and Truist Bank. The Amendment modifies the original Credit Agreement and prior amendments between Midstream and the Banks by extending the maturity date to December 31, 2024 and replaces the Term SOFR plus 1.50% interest rate with Term SOFR plus 2.00%.",['credit_facility'],routine_compatible,False,2023-08-01,no_explicit_revolving_facility
LSEA,0001721386,0001731122-23-001332,2023-08-01,capital_and_financing,debt_activity,credit_facility,"Landsea Homes Corporation and certain of its subsidiaries entered into that certain Seventh Amendment Agreement with Western Alliance Bank, as administrative agent, and the other lender parties thereto, which amends the Company's existing Credit Agreement dated October 6, 2021 to, among other things, extend the maturity date of the credit facility by one year (from October 6, 2025 to October 6, 2026).",https://www.sec.gov/Archives/edgar/data/1721386/0001731122-23-001332.txt,"Landsea Homes Corporation and certain of its subsidiaries entered into that certain Seventh Amendment Agreement with Western Alliance Bank, as administrative agent, and the other lender parties thereto, which amends the Company's existing Credit Agreement dated October 6, 2021 to, among other things, extend the maturity date of the credit facility by one year (from October 6, 2025 to October 6, 2026).",['credit_facility'],routine_compatible,False,2023-08-02,no_explicit_revolving_facility
LSEAW,0001721386,0001731122-23-001332,2023-08-01,capital_and_financing,debt_activity,credit_facility,"Landsea Homes Corporation and certain of its subsidiaries entered into that certain Seventh Amendment Agreement with Western Alliance Bank, as administrative agent, and the other lender parties thereto, which amends the Company's existing Credit Agreement dated October 6, 2021 to, among other things, extend the maturity date of the credit facility by one year (from October 6, 2025 to October 6, 2026).",https://www.sec.gov/Archives/edgar/data/1721386/0001731122-23-001332.txt,"Landsea Homes Corporation and certain of its subsidiaries entered into that certain Seventh Amendment Agreement with Western Alliance Bank, as administrative agent, and the other lender parties thereto, which amends the Company's existing Credit Agreement dated October 6, 2021 to, among other things, extend the maturity date of the credit facility by one year (from October 6, 2025 to October 6, 2026).",['credit_facility'],routine_compatible,False,2023-08-02,no_explicit_revolving_facility
CROX,0001334036,0001334036-23-000146,2023-08-08,capital_and_financing,debt_activity,credit_facility,"On August 8, 2023, Crocs, Inc. (the ""Company""), the subsidiary guarantors party thereto and Citibank, N.A., as administrative agent (the ""Administrative Agent""), entered into a Refinancing Amendment (the ""Amendment"") to the Term Loan Credit Agreement, dated February 17, 2022... The Amendment (i) provides for a new $1.18 billion tranche of term loans maturing in 2029 (the ""2023 Refinancing Term Loans"") and (ii) reduces the interest rate margins applicable to the approximately $1.18 billion outstanding under the term loan B facility.",https://www.sec.gov/Archives/edgar/data/1334036/0001334036-23-000146.txt,"On August 8, 2023, Crocs, Inc. (the ""Company""), the subsidiary guarantors party thereto and Citibank, N.A., as administrative agent (the ""Administrative Agent""), entered into a Refinancing Amendment (the ""Amendment"") to the Term Loan Credit Agreement, dated February 17, 2022... The Amendment (i) provides for a new $1.18 billion tranche of term loans maturing in 2029 (the ""2023 Refinancing Term Loans"") and (ii) reduces the interest rate margins applicable to the approximately $1.18 billion outstanding under the term loan B facility.
The 2023 Refinancing Term Loans replace and refinance all outstanding term loans under the Existing Term Loan B Credit Agreement.","['credit_facility', 'debt_retirement']",routine_compatible,False,2023-08-09,no_explicit_revolving_facility
OHI,0000888491,0000888491-23-000027,2023-08-11,capital_and_financing,debt_activity,credit_facility,"On August 8, 2023, Omega Healthcare Investors, Inc. obtained a new $400 million senior unsecured term loan (the 'Term Loan'). The Term Loan matures on August 8, 2025, subject to Omega's option to extend such maturity date for two 12-month periods.",https://www.sec.gov/Archives/edgar/data/888491/0000888491-23-000027.txt,"On August 8, 2023, Omega Healthcare Investors, Inc. obtained a new $400 million senior unsecured term loan (the 'Term Loan'). The Term Loan matures on August 8, 2025, subject to Omega's option to extend such maturity date for two 12-month periods.
The Term Loan is being provided pursuant to a Credit Agreement, dated as of August 8, 2023 (the 'Credit Agreement'), among Omega, as borrower, certain of Omega's subsidiaries identified from time to time in the Credit Agreement, as guarantors, a syndicate of financial institutions, as lenders, and Bank of America, N.A., as administrative agent.
Omega may (subject to customary conditions) increase the maximum aggregate amount of borrowings under the Credit Agreement to $500 million by adding incremental term loans. The Credit Agreement contains representations and warranties, affirmative and negative covenants and events of default that Omega considers customary for an agreement of this type, including covenants setting a maximum total leverage, maximum secured leverage, maximum unsecured leverage, minimum fixed charge coverage, minimum consolidated tangible net worth and minimum unsecured interest coverage.",['credit_facility'],routine_compatible,False,2023-08-14,no_explicit_revolving_facility
ULCC,0001670076,0001670076-23-000076,2023-08-14,capital_and_financing,debt_activity,credit_facility,"Vertical Horizons, Ltd., as borrower, entered into a Ninth Amended and Restated Credit Agreement, by and among Vertical Horizons, Citibank, N.A., as facility agent and arranger, Bank of Utah, as security trustee, and each lender identified on Schedule I thereto. The Credit Agreement amended and restated in its entirety the Eighth Amended and Restated Credit Agreement, dated as of June 30, 2022, to, among other things, add additional lenders, increase the commitments under the PDP Financing Facility from $270 million to $365 million, and terminate the line of credit borrowing available under the Prior Credit Agreement.",https://www.sec.gov/Archives/edgar/data/1670076/0001670076-23-000076.txt,"Frontier also entered into a ninth amended and restated guarantee in favor of the Security Trustee, dated as of August 11, 2023, Frontier Airlines Holdings, Inc., a wholly owned subsidiary of the Company, entered into a ninth amended and restated guarantee in favor of the Security Trustee, dated as of August 11, 2023, and the Company entered into a second amended and restated guarantee in favor of the Security Trustee, dated as of August 11, 2023.
Vertical Horizons, Ltd., as borrower, entered into a Ninth Amended and Restated Credit Agreement, by and among Vertical Horizons, Citibank, N.A., as facility agent and arranger, Bank of Utah, as security trustee, and each lender identified on Schedule I thereto. The Credit Agreement amended and restated in its entirety the Eighth Amended and Restated Credit Agreement, dated as of June 30, 2022, to, among other things, add additional lenders, increase the commitments under the PDP Financing Facility from $270 million to $365 million, and terminate the line of credit borrowing available under the Prior Credit Agreement.","['credit_facility', 'guarantee_or_letter_of_credit']",routine_compatible,False,2023-08-15,no_explicit_revolving_facility
TNET,0000937098,0001104659-23-092611,2023-08-16,capital_and_financing,debt_activity,credit_facility,"On August 16, 2023, TriNet USA, Inc., as borrower (the ""Borrower""), the Company as a guarantor and certain subsidiaries of the Company entered into that certain Fourth Amendment which amends certain provisions of the Credit Agreement, dated as of February 26, 2021. The Amendment increases the aggregate revolving commitments under the revolving facility from $500.0 million to an amount not to exceed $700.0 million and extends the maturity date of the revolving facility to August 16, 2028.",https://www.sec.gov/Archives/edgar/data/937098/0001104659-23-092611.txt,"On August 16, 2023, TriNet USA, Inc., as borrower (the ""Borrower""), the Company as a guarantor and certain subsidiaries of the Company entered into that certain Fourth Amendment which amends certain provisions of the Credit Agreement, dated as of February 26, 2021. The Amendment increases the aggregate revolving commitments under the revolving facility from $500.0 million to an amount not to exceed $700.0 million and extends the maturity date of the revolving facility to August 16, 2028.
On August 16, 2023, TriNet Group, Inc. (the ""Company"") completed a previously announced private offering of its 7.125% Senior Notes due 2031 (the ""Notes""). The Notes will bear interest at the rate of 7.125% per annum and will mature on August 15, 2031.
The Company intends to use the net proceeds from the sale of the Notes to fund an equity tender offer and a share repurchase that it announced on July 31, 2023 (including the related fees and expenses) and the remaining amount, if any, for general corporate purposes. The Company commenced the equity tender offer on August 1, 2023.","['credit_facility', 'debt_issuance', 'share_repurchase_program']",routine_compatible,False,2023-08-17,mixed_nonfacility_disclosure
AMRC,0001488139,0001488139-23-000130,2023-08-24,capital_and_financing,debt_activity,credit_facility,"On August 24, 2023, Ameresco, Inc. entered into an amendment to its term loan and revolving credit facility with the lenders party thereto. The Amendment extends the maturity date of the $220 million delayed draw term loan A, such that after paying $55 million in connection with the Amendment, $45 million is due November 15, 2023, and the remaining principal amount is due December 15, 2023.",https://www.sec.gov/Archives/edgar/data/1488139/0001488139-23-000130.txt,"Obligations under the loan facility are guaranteed by the Project Companies and are secured by Project Companies' assets as well as Ameresco's indirect equity interests in AMRC C&D and the Project Companies.
On August 24, 2023, Ameresco, Inc. entered into an amendment to its term loan and revolving credit facility with the lenders party thereto. The Amendment extends the maturity date of the $220 million delayed draw term loan A, such that after paying $55 million in connection with the Amendment, $45 million is due November 15, 2023, and the remaining principal amount is due December 15, 2023.
At the closing, AMRC C&D drew down approximately $200 million, of which approximately $187 million was used to reimburse Ameresco for development and construction costs previously incurred for the Projects and to pay transaction costs, with the balance funding reserves.
On August 18, 2023, one of Ameresco's subsidiaries, AMRC C&D Finance LLC entered into a construction and development loan agreement with HASI C&D Lender LLC. The Loan Agreement provides a loan in a principal amount of up to $300 million, to finance development and construction costs of the Projects on a portfolio basis. The loan matures on August 31, 2026, with a one-year extension option that can be exercised if certain circumstances are met, including payment of a $3 million extension fee.","['credit_facility', 'credit_facility_draw', 'debt_issuance', 'guarantee_or_letter_of_credit']",routine_compatible,False,2023-08-25,mixed_nonfacility_disclosure
ACA,0001739445,0001739445-23-000137,2023-08-25,capital_and_financing,debt_activity,credit_facility,"On August 23, 2023, Arcosa, Inc. entered into a Second Amended and Restated Credit Agreement...to, among other things, (i) increase the revolving line of credit from $500.0 million to $600.0 million, (ii) extend the scheduled maturity date to August 23, 2028, and (iii) refinance and repay in full the remaining $133.1 million balance of the term loan outstanding under the Existing Credit Agreement.",https://www.sec.gov/Archives/edgar/data/1739445/0001739445-23-000137.txt,"On August 23, 2023, Arcosa, Inc. entered into a Second Amended and Restated Credit Agreement...to, among other things, (i) increase the revolving line of credit from $500.0 million to $600.0 million, (ii) extend the scheduled maturity date to August 23, 2028, and (iii) refinance and repay in full the remaining $133.1 million balance of the term loan outstanding under the Existing Credit Agreement.
The Second A/R Credit Agreement amends and restates Arcosa's existing Amended and Restated Credit Agreement...to refinance and repay in full the remaining $133.1 million balance of the term loan outstanding under the Existing Credit Agreement.
Arcosa, Inc. has updated its presentation materials that management intends to use from time to time in investor presentations about the Company's operations and performance. The investor presentation is attached as Exhibit 99.1 to this report.","['credit_facility', 'debt_retirement', 'investor_presentation']",routine_compatible,False,2023-08-28,mixed_nonfacility_disclosure
STRT,0000933034,0001140361-23-041293,2023-08-25,capital_and_financing,debt_activity,credit_facility,"entered into a ninth amendment (the ""Amendment"") to its August 1, 2011 Credit Agreement...The Amendment extends the maturity date on the credit facility from August 1, 2024 to August 1, 2026, increases the interest rate margin from 1.25% to 1.75%, increases the unused borrowing fee from 0.15% to 0.25%, increases the required minimum consolidated net worth covenant from $125,000,000 to $150,000,000",https://www.sec.gov/Archives/edgar/data/933034/0001140361-23-041293.txt,"the Board approved and directed the Company to include a proposal for inclusion at the 2024 Annual Meeting of Shareholders to approve amendments to the Company's Articles of Incorporation to eliminate the classified board structure in order to provide for the annual election of all directors
entered into a ninth amendment (the ""Amendment"") to its August 1, 2011 Credit Agreement...The Amendment extends the maturity date on the credit facility from August 1, 2024 to August 1, 2026, increases the interest rate margin from 1.25% to 1.75%, increases the unused borrowing fee from 0.15% to 0.25%, increases the required minimum consolidated net worth covenant from $125,000,000 to $150,000,000
Michael J. Koss, a director of the Company, notified the Company, that he will be retiring from, and will not stand for re-election to, the Board of Directors as part of the Company's 2023 Annual Meeting of Shareholders to be held on October 10, 2023. Mr. Koss has served as a director of the Company since 1995.","['charter_amendment', 'credit_facility', 'director_departure']",routine_compatible,False,2023-08-28,mixed_nonfacility_disclosure
LPTV,0001643988,0001104659-23-098229,2023-09-05,capital_and_financing,debt_activity,credit_facility,"Effective as of August 29, 2023, the Company entered into a letter agreement (the ""Amendment Letter Agreement"") with Excel to amend the Excel Secured Line of Credit Agreement and the Excel Note to extend the maturity date of the Excel Secured Line of Credit from ninety (90) days to one hundred twenty (120) days from the date of the Excel Secured Line of Credit Agreement, or September 28, 2023.",https://www.sec.gov/Archives/edgar/data/1643988/0001104659-23-098229.txt,"Effective as of August 29, 2023, the Company entered into a letter agreement (the ""Amendment Letter Agreement"") with Excel to amend the Excel Secured Line of Credit Agreement and the Excel Note to extend the maturity date of the Excel Secured Line of Credit from ninety (90) days to one hundred twenty (120) days from the date of the Excel Secured Line of Credit Agreement, or September 28, 2023.",['credit_facility'],routine_compatible,False,2023-09-06,no_explicit_revolving_facility
THC,0000070318,0001193125-23-231607,2023-09-08,capital_and_financing,debt_activity,credit_facility,"Tenet entered into an Amendment No. 6 to extend its existing Letter of Credit Facility Agreement, dated as of March 7, 2014, by and among Tenet, the LC participants and issuers party thereto and Barclays Bank PLC, as administrative agent. The LC Agreement provides for the issuance of standby and documentary letters of credit from time to time, in an aggregate principal amount of up to $200 million.",https://www.sec.gov/Archives/edgar/data/70318/0001193125-23-231607.txt,"Tenet entered into an Amendment No. 6 to extend its existing Letter of Credit Facility Agreement, dated as of March 7, 2014, by and among Tenet, the LC participants and issuers party thereto and Barclays Bank PLC, as administrative agent. The LC Agreement provides for the issuance of standby and documentary letters of credit from time to time, in an aggregate principal amount of up to $200 million.
The LC Amendment amends certain provisions under the LC Agreement to extend the scheduled maturity date of the LC Facility from September 12, 2024 to March 16, 2027, and replace the London Interbank Offered Rate with the Term Secured Overnight Financing Rate as the reference interest rate.","['credit_facility', 'guarantee_or_letter_of_credit']",routine_compatible,False,2023-09-11,no_explicit_revolving_facility
PKOH,0000076282,0000076282-23-000097,2023-09-18,capital_and_financing,debt_activity,credit_facility,"The Amendment extends the scheduled Maturity Date from November 26, 2024, to September 13, 2028 (or, if earlier, the date that is ninety-one (91) days prior to the scheduled maturity date of the 2017 Senior Notes).",https://www.sec.gov/Archives/edgar/data/76282/0000076282-23-000097.txt,"The Amendment extends the scheduled Maturity Date from November 26, 2024, to September 13, 2028 (or, if earlier, the date that is ninety-one (91) days prior to the scheduled maturity date of the 2017 Senior Notes).
Park-Ohio Industries, Inc. and certain of Industries' wholly owned direct and indirect subsidiaries entered into Amendment No. 8 to the Seventh Amended and Restated Credit Agreement with the lenders party thereto, JPMorgan Chase Bank, N.A., as Administrative Agent, JPMorgan Chase Bank, N.A., Toronto Branch, as Canadian Agent, and JP Morgan Europe Limited, as European Agent.",['credit_facility'],routine_compatible,False,2023-09-19,no_explicit_revolving_facility
AWX,0001061069,0001437749-23-026281,2023-09-19,capital_and_financing,debt_activity,credit_facility,"Avalon Holdings Corporation and certain wholly-owned subsidiaries amended its existing Promissory Note Agreement ('The Line of Credit Agreement') dated May 31, 2018 as previously amended on July 22, 2022 with Premier Bank (the 'Lender'). The amendment extends the maturity date of July 31, 2024 to July 31, 2025.",https://www.sec.gov/Archives/edgar/data/1061069/0001437749-23-026281.txt,"Avalon Holdings Corporation and certain wholly-owned subsidiaries amended its existing Promissory Note Agreement ('The Line of Credit Agreement') dated May 31, 2018 as previously amended on July 22, 2022 with Premier Bank (the 'Lender'). The amendment extends the maturity date of July 31, 2024 to July 31, 2025.",['credit_facility'],routine_compatible,False,2023-09-20,no_explicit_revolving_facility
IRDM,0001418819,0001193125-23-238552,2023-09-20,capital_and_financing,debt_activity,credit_facility,"On September 20, 2023, Iridium Satellite LLC entered into Amendment and Restatement Agreement to amend and restate its existing Credit Agreement. Pursuant to the Amended and Restated Credit Agreement, Satellite borrowed $1,500 million as a seven-year term loan facility and the Amended and Restated Credit Agreement also provides for a $100 million, five-year revolving loan facility.",https://www.sec.gov/Archives/edgar/data/1418819/0001193125-23-238552.txt,"On September 20, 2023, Iridium Satellite LLC entered into Amendment and Restatement Agreement to amend and restate its existing Credit Agreement. Pursuant to the Amended and Restated Credit Agreement, Satellite borrowed $1,500 million as a seven-year term loan facility and the Amended and Restated Credit Agreement also provides for a $100 million, five-year revolving loan facility.
Satellite borrowed $1,500 million as a seven-year term loan facility, which it used to refinance in full the outstanding indebtedness of $1,496 million outstanding under its Existing Credit Agreement. Borrowings of term loans under the Amended and Restated Credit Agreement bear interest at a per annum rate of Term SOFR plus an interest rate margin of 2.50%, with a 0.75% SOFR floor, and were issued at a discount of 0.25% to face value.","['credit_facility', 'debt_issuance']",routine_compatible,False,2023-09-21,mixed_nonfacility_disclosure
OII,0000073756,0001193125-23-238090,2023-09-20,capital_and_financing,debt_activity,credit_facility,"On September 20, 2023, Oceaneering International, Inc. entered into an Agreement and Amendment No. 1 to Credit Agreement...which will amend the Credit Agreement, dated as of April 8, 2022...Upon its effectiveness, the Amendment, among other things, will extend the scheduled maturity date of the commitments under the Credit Agreement to April 8, 2027 for all lenders.",https://www.sec.gov/Archives/edgar/data/73756/0001193125-23-238090.txt,"On September 20, 2023, Oceaneering commenced an offering (the 'Offering') of $200,000,000 aggregate principal amount of additional 6.000% Senior Notes due 2028 (the '2028 Notes') in a private placement to persons reasonably believed to be qualified institutional buyers pursuant to Rule 144A under the Securities Act and to non-U.S. persons outside the United States pursuant to Regulation S under the Securities Act.
On September 20, 2023, Oceaneering announced the commencement of a cash tender offer (the 'Tender Offer') to purchase any and all of its outstanding 4.650% Senior Notes due 2024 (the 'Tender Notes'). The Tender Offer is being made upon the terms and subject to the conditions set forth in the Offer to Purchase dated September 20, 2023.
On September 20, 2023, Oceaneering International, Inc. entered into an Agreement and Amendment No. 1 to Credit Agreement...which will amend the Credit Agreement, dated as of April 8, 2022...Upon its effectiveness, the Amendment, among other things, will extend the scheduled maturity date of the commitments under the Credit Agreement to April 8, 2027 for all lenders.","['credit_facility', 'debt_issuance', 'tender_offer']",routine_compatible,False,2023-09-21,mixed_nonfacility_disclosure
HOV,0000357294,0001437749-23-026652,2023-09-25,capital_and_financing,debt_activity,credit_facility,"On September 25, 2023, Hovnanian Enterprises, Inc. (the ""Company""), K. Hovnanian Enterprises, Inc. (""K. Hovnanian""), a wholly-owned subsidiary of the Company, and the Subsidiary Guarantors entered into the Third Amendment to the Credit Agreement...which provides for up to $125.0 million in aggregate amount of senior secured first lien revolving loans (the ""Revolving Credit Facility""). Upon effectiveness, the Third Amendment will (i) extend the final scheduled maturity of the Revolving Credit Facility from June 30, 2024 to June 30, 2026, (ii) increase the interest rate floor applicable to term SOFR loans from 1.00% to 3.00%.",https://www.sec.gov/Archives/edgar/data/357294/0001437749-23-026652.txt,"K. Hovnanian will issue and sell to the Specified Persons, in a private placement, $225,000,000 aggregate principal amount of 8.0% Senior Secured 1.125 Lien Notes due 2028 (the ""New 2028 Notes"") and $430,000,000 aggregate principal amount of 11.75% Senior Secured 1.25 Lien Notes due 2029 (the ""New 2029 Notes""). The New 2028 Notes will bear interest at 8.0% per annum and mature on September 30, 2028. The New 2029 Notes will bear interest at 11.75% per annum and mature on September 30, 2029.
On September 25, 2023, Hovnanian Enterprises, Inc. (the ""Company""), K. Hovnanian Enterprises, Inc. (""K. Hovnanian""), a wholly-owned subsidiary of the Company, and the Subsidiary Guarantors entered into the Third Amendment to the Credit Agreement...which provides for up to $125.0 million in aggregate amount of senior secured first lien revolving loans (the ""Revolving Credit Facility""). Upon effectiveness, the Third Amendment will (i) extend the final scheduled maturity of the Revolving Credit Facility from June 30, 2024 to June 30, 2026, (ii) increase the interest rate floor applicable to term SOFR loans from 1.00% to 3.00%.
K. Hovnanian issued notices of conditional full redemption notifying holders of the applicable series of notes that it has elected to redeem on October 5, 2023 all of its outstanding 7.75% Senior Secured 1.125 Lien Notes due 2026, 10.5% Senior Secured 1.25 Lien Notes due 2026 and 11.25% Senior Secured 1.5 Lien Notes due 2026, and that it has elected to redeem on November 15, 2023 all of its outstanding 10.000% Senior Secured 1.75 Lien Notes due 2025.","['credit_facility', 'debt_issuance', 'debt_retirement']",routine_compatible,False,2023-09-26,mixed_nonfacility_disclosure
HOVNP,0000357294,0001437749-23-026652,2023-09-25,capital_and_financing,debt_activity,credit_facility,"On September 25, 2023, Hovnanian Enterprises, Inc. (the ""Company""), K. Hovnanian Enterprises, Inc. (""K. Hovnanian""), a wholly-owned subsidiary of the Company, and the Subsidiary Guarantors entered into the Third Amendment to the Credit Agreement...which provides for up to $125.0 million in aggregate amount of senior secured first lien revolving loans (the ""Revolving Credit Facility""). Upon effectiveness, the Third Amendment will (i) extend the final scheduled maturity of the Revolving Credit Facility from June 30, 2024 to June 30, 2026, (ii) increase the interest rate floor applicable to term SOFR loans from 1.00% to 3.00%.",https://www.sec.gov/Archives/edgar/data/357294/0001437749-23-026652.txt,"K. Hovnanian will issue and sell to the Specified Persons, in a private placement, $225,000,000 aggregate principal amount of 8.0% Senior Secured 1.125 Lien Notes due 2028 (the ""New 2028 Notes"") and $430,000,000 aggregate principal amount of 11.75% Senior Secured 1.25 Lien Notes due 2029 (the ""New 2029 Notes""). The New 2028 Notes will bear interest at 8.0% per annum and mature on September 30, 2028. The New 2029 Notes will bear interest at 11.75% per annum and mature on September 30, 2029.
On September 25, 2023, Hovnanian Enterprises, Inc. (the ""Company""), K. Hovnanian Enterprises, Inc. (""K. Hovnanian""), a wholly-owned subsidiary of the Company, and the Subsidiary Guarantors entered into the Third Amendment to the Credit Agreement...which provides for up to $125.0 million in aggregate amount of senior secured first lien revolving loans (the ""Revolving Credit Facility""). Upon effectiveness, the Third Amendment will (i) extend the final scheduled maturity of the Revolving Credit Facility from June 30, 2024 to June 30, 2026, (ii) increase the interest rate floor applicable to term SOFR loans from 1.00% to 3.00%.
K. Hovnanian issued notices of conditional full redemption notifying holders of the applicable series of notes that it has elected to redeem on October 5, 2023 all of its outstanding 7.75% Senior Secured 1.125 Lien Notes due 2026, 10.5% Senior Secured 1.25 Lien Notes due 2026 and 11.25% Senior Secured 1.5 Lien Notes due 2026, and that it has elected to redeem on November 15, 2023 all of its outstanding 10.000% Senior Secured 1.75 Lien Notes due 2025.","['credit_facility', 'debt_issuance', 'debt_retirement']",routine_compatible,False,2023-09-26,mixed_nonfacility_disclosure
HRT,0001859285,0001859285-23-000168,2023-09-29,capital_and_financing,debt_activity,credit_facility,"On September 28, 2023, Genuine Mid Holdings LLC ('Holdings'), a subsidiary of HireRight Holdings Corporation (the 'Company') and Genuine Financial Holdings LLC (the 'Borrower'), a subsidiary of Holdings, entered into a Second Amendment to First Lien Credit Agreement (the 'Second Amended First Lien Term Loan Facility') with the lenders party thereto and Bank of America, N.A. as administrative agent.",https://www.sec.gov/Archives/edgar/data/1859285/0001859285-23-000168.txt,"The Second Amended First Lien Term Loan Facility effectively extended the maturity date of the term loan under the Second Amended First Lien Term Loan Facility by providing for the refinancing and replacement in full of the term loan outstanding immediately prior to the effectiveness of the Second Amended First Lien Term Loan Facility with a new tranche of incremental term loan under the Second Amended First Lien Term Loan Facility in an aggregate initial principal amount of $750,000,000 and maturing September 28, 2030. The term loan will bear interest at a per annum rate of, at the option of the borrower, either (i) a SOFR rate, plus 4.00% or (ii) an alternative base rate, plus 3.00%.
On September 28, 2023, Genuine Mid Holdings LLC ('Holdings'), a subsidiary of HireRight Holdings Corporation (the 'Company') and Genuine Financial Holdings LLC (the 'Borrower'), a subsidiary of Holdings, entered into a Second Amendment to First Lien Credit Agreement (the 'Second Amended First Lien Term Loan Facility') with the lenders party thereto and Bank of America, N.A. as administrative agent.","['credit_facility', 'debt_issuance']",routine_compatible,False,2023-10-02,mixed_nonfacility_disclosure
ADT,0001703056,0001193125-23-249151,2023-10-02,capital_and_financing,debt_activity,credit_facility,"ADT Inc. intends to refinance its First Lien Senior Secured Term Loans due 2026 through an amendment to the existing First Lien Credit Agreement, dated July 1, 2015 (as subsequently amended and restated), by and among Prime Security Services Holdings, LLC, Prime Security Services Borrower, LLC and The ADT Security Corporation.",https://www.sec.gov/Archives/edgar/data/1703056/0001193125-23-249151.txt,"ADT Inc. intends to refinance its First Lien Senior Secured Term Loans due 2026 through an amendment to the existing First Lien Credit Agreement, dated July 1, 2015 (as subsequently amended and restated), by and among Prime Security Services Holdings, LLC, Prime Security Services Borrower, LLC and The ADT Security Corporation.",['credit_facility'],routine_compatible,False,2023-10-03,no_explicit_revolving_facility
AMRC,0001488139,0001488139-23-000164,2023-10-03,capital_and_financing,debt_activity,credit_facility,"RNG Holdings amended and restated its loan agreement with HA RNG Lender LLC, an affiliate of Hannon Armstrong Sustainable Infrastructure Capital, Inc. The Restated RNG Credit Facility extended the loan maturity date from October 26, 2037 to August 31, 2039, increased the available borrowings under the loan agreement to $500 million, continued existing loans to project companies, added certain renewable natural gas project companies to the loan portfolio.",https://www.sec.gov/Archives/edgar/data/1488139/0001488139-23-000164.txt,"RNG Holdings amended and restated its loan agreement with HA RNG Lender LLC, an affiliate of Hannon Armstrong Sustainable Infrastructure Capital, Inc. The Restated RNG Credit Facility extended the loan maturity date from October 26, 2037 to August 31, 2039, increased the available borrowings under the loan agreement to $500 million, continued existing loans to project companies, added certain renewable natural gas project companies to the loan portfolio.
At the closing, RNG Holdings drew down $135.5 million under the Restated RNG Credit Facility, which was used to pay transaction costs, reimburse project costs incurred by Ameresco, make other permitted distributions to Ameresco, and to fund RNG Holding's reserve accounts.","['credit_facility', 'credit_facility_draw']",routine_compatible,False,2023-10-04,no_explicit_revolving_facility
VVX,0001601548,0001628280-23-033835,2023-10-04,capital_and_financing,debt_activity,credit_facility,"Amendment No. 3 to First Lien Credit Agreement...entered into Amendment No. 3 to First Lien Credit Agreement, dated as of October 3, 2023...which amended the Credit Agreement, originally dated as of December 6, 2021...The Amendment provides for, among other things, a new tranche of term loans under the Credit Agreement in an aggregate original principal amount of $911,125,000 (the 'New Term Loans'), which New Term Loans replace or refinance in full all of the existing term loans outstanding under the Credit Agreement.",https://www.sec.gov/Archives/edgar/data/1601548/0001628280-23-033835.txt,"The Amendment provides for, among other things, a new tranche of term loans under the Credit Agreement in an aggregate original principal amount of $911,125,000 (the 'New Term Loans')...The New Term Loans mature on December 6, 2028. The New Term Loans shall bear interest at a rate per annum equal to (x) SOFR plus a margin of 3.25% per annum...or (y) a base rate...plus a margin of 2.25% per annum. The New Term Loans are subject to quarterly amortization in an aggregate original principal amount of approximately 1.0% per annum.
Amendment No. 3 to First Lien Credit Agreement...entered into Amendment No. 3 to First Lien Credit Agreement, dated as of October 3, 2023...which amended the Credit Agreement, originally dated as of December 6, 2021...The Amendment provides for, among other things, a new tranche of term loans under the Credit Agreement in an aggregate original principal amount of $911,125,000 (the 'New Term Loans'), which New Term Loans replace or refinance in full all of the existing term loans outstanding under the Credit Agreement.","['credit_facility', 'debt_issuance']",routine_compatible,False,2023-10-05,mixed_nonfacility_disclosure
CWBC,0001051343,0001171843-23-006038,2023-10-04,capital_and_financing,debt_activity,credit_facility,"In September of 2021, Community West Bancshares (the ""Company"") entered into an unsecured line of credit agreement for up to $5.0 million at Prime +0.25%. The Company must maintain a compensating deposit with the lender of $1.0 million. In addition, the Company must maintain a minimum debt service coverage ratio of 1.65 to 1, a minimum Tier 1 leverage ratio of 7.0%, a minimum total risked based capital ratio of 10.0% and a maximum net non-accrual ratio of not more than 3%.",https://www.sec.gov/Archives/edgar/data/1051343/0001171843-23-006038.txt,"In September of 2021, Community West Bancshares (the ""Company"") entered into an unsecured line of credit agreement for up to $5.0 million at Prime +0.25%. The Company must maintain a compensating deposit with the lender of $1.0 million. In addition, the Company must maintain a minimum debt service coverage ratio of 1.65 to 1, a minimum Tier 1 leverage ratio of 7.0%, a minimum total risked based capital ratio of 10.0% and a maximum net non-accrual ratio of not more than 3%.
The line of credit matured on September 20, 2023 and the Company renewed the line of credit for an additional two-year term and increased the amount available to $10.0 million with no other changes to the financial terms or covenants.",['credit_facility'],routine_compatible,False,2023-10-05,no_explicit_revolving_facility
NCLH,0001513761,0001104659-23-110113,2023-10-19,capital_and_financing,debt_activity,credit_facility,"On October 18, 2023, NCLC entered into a Sixth Amended and Restated Credit Agreement (the 'Sixth ARCA')... The Sixth ARCA, among other things, increased the aggregate amount of the lenders' revolving facility commitments from $875,000,000 to $1,200,000,000. The revolving facility commitments and any revolving loans thereunder mature on October 18, 2026.",https://www.sec.gov/Archives/edgar/data/1513761/0001104659-23-110113.txt,"On October 18, 2023, NCL Corporation Ltd. ('NCLC'), a subsidiary of Norwegian Cruise Line Holdings Ltd., closed its previously announced private offering (the 'Notes Offering') of $790.0 million aggregate principal amount of 8.125% senior secured notes due 2029 (the 'Notes'). In connection with the Notes Offering, NCLC received net proceeds, after deducting the initial purchasers' discount but before deducting estimated fees and expenses, of $781.1 million.
NCLC used the net proceeds from the Notes Offering, together with cash on hand, to repay all of the term loans outstanding under its senior secured credit facility, including to pay any accrued and unpaid interest thereon, as well as related premiums, fees and expenses. No term loans are outstanding under the Sixth ARCA.
On October 18, 2023, NCLC entered into a Sixth Amended and Restated Credit Agreement (the 'Sixth ARCA')... The Sixth ARCA, among other things, increased the aggregate amount of the lenders' revolving facility commitments from $875,000,000 to $1,200,000,000. The revolving facility commitments and any revolving loans thereunder mature on October 18, 2026.","['credit_facility', 'debt_issuance', 'debt_retirement']",routine_compatible,False,2023-10-20,mixed_nonfacility_disclosure
WLFC,0001018164,0001018164-23-000021,2023-11-02,capital_and_financing,debt_activity,credit_facility,"Willis Lease Finance Corporation entered into Amendment No. 4 to the Fourth Amended and Restated Credit Agreement dated as of June 7, 2019 among WLFC, the lenders party thereto from time to time and MUFG Bank, Ltd. and MUFG Union Bank, N.A., as agents. Among other things, the amendment extended the maturity date of $500 million of the Credit Agreement to June 2025.",https://www.sec.gov/Archives/edgar/data/1018164/0001018164-23-000021.txt,"Willis Lease Finance Corporation entered into Amendment No. 4 to the Fourth Amended and Restated Credit Agreement dated as of June 7, 2019 among WLFC, the lenders party thereto from time to time and MUFG Bank, Ltd. and MUFG Union Bank, N.A., as agents. Among other things, the amendment extended the maturity date of $500 million of the Credit Agreement to June 2025.",['credit_facility'],routine_compatible,False,2023-11-03,no_explicit_revolving_facility
WLFCE,0001018164,0001018164-23-000021,2023-11-02,capital_and_financing,debt_activity,credit_facility,"Willis Lease Finance Corporation entered into Amendment No. 4 to the Fourth Amended and Restated Credit Agreement dated as of June 7, 2019 among WLFC, the lenders party thereto from time to time and MUFG Bank, Ltd. and MUFG Union Bank, N.A., as agents. Among other things, the amendment extended the maturity date of $500 million of the Credit Agreement to June 2025.",https://www.sec.gov/Archives/edgar/data/1018164/0001018164-23-000021.txt,"Willis Lease Finance Corporation entered into Amendment No. 4 to the Fourth Amended and Restated Credit Agreement dated as of June 7, 2019 among WLFC, the lenders party thereto from time to time and MUFG Bank, Ltd. and MUFG Union Bank, N.A., as agents. Among other things, the amendment extended the maturity date of $500 million of the Credit Agreement to June 2025.",['credit_facility'],routine_compatible,False,2023-11-03,no_explicit_revolving_facility
JLL,0001037976,0001037976-23-000047,2023-11-06,capital_and_financing,debt_activity,credit_facility,"Amendment No. 5 to the Second Amended and Restated Multicurrency Credit Agreement dated as of June 21, 2016 with Bank of Montreal, as Administrative Agent. Pursuant to Amendment No. 5, the borrowing capacity under the Credit Agreement is $3.3 billion. Amendment No. 5 extended the maturity date under the Credit Agreement from April 2026 to November 2028.",https://www.sec.gov/Archives/edgar/data/1037976/0001037976-23-000047.txt,"Amendment No. 5 to the Second Amended and Restated Multicurrency Credit Agreement dated as of June 21, 2016 with Bank of Montreal, as Administrative Agent. Pursuant to Amendment No. 5, the borrowing capacity under the Credit Agreement is $3.3 billion. Amendment No. 5 extended the maturity date under the Credit Agreement from April 2026 to November 2028.",['credit_facility'],routine_compatible,False,2023-11-07,no_explicit_revolving_facility
CMTL,0000023197,0001104659-23-115298,2023-11-07,capital_and_financing,debt_activity,credit_facility,"Comtech entered into a Third Amended and Restated Credit Agreement by and among the Company, the lenders party thereto and Citibank N.A., as administrative agent and issuing bank (the 'Amended Credit Facility'), amending the Second Amended and Restated Credit Agreement, dated as of November 30, 2022. The Amended Credit Facility amends and restates the Prior Credit Facility in its entirety, providing for modifications to prepayment terms, increases to the Applicable Rate, modification of Revolving Commitments from $150.0 million to $140.0 million with further quarterly reductions, and increases in amortization of Term Loans.",https://www.sec.gov/Archives/edgar/data/23197/0001104659-23-115298.txt,"On November 7, 2023, the Company issued a joint press release announcing the consummation of the sale of its Power Systems Technology product line (the 'PST Sale') to Stellant Systems, Inc. ('Stellant'). Net cash proceeds received at closing by the Company approximated $32.5 million and were used in part to pay down outstanding debt on the Company's Amended Credit Facility.
Comtech entered into a Third Amended and Restated Credit Agreement by and among the Company, the lenders party thereto and Citibank N.A., as administrative agent and issuing bank (the 'Amended Credit Facility'), amending the Second Amended and Restated Credit Agreement, dated as of November 30, 2022. The Amended Credit Facility amends and restates the Prior Credit Facility in its entirety, providing for modifications to prepayment terms, increases to the Applicable Rate, modification of Revolving Commitments from $150.0 million to $140.0 million with further quarterly reductions, and increases in amortization of Term Loans.","['credit_facility', 'divestiture_completion']",routine_compatible,False,2023-11-08,mixed_nonfacility_disclosure
SEB,0000088121,0000088121-23-000100,2023-11-15,capital_and_financing,debt_activity,credit_facility,"Seaboard Corporation and Seaboard Foods LLC entered into a Second Amended and Restated Term Loan Credit Agreement dated November 10, 2023 among Seaboard, Seaboard Foods, CoBank, ACB, Farm Credit Services of America, PCA and the lenders party thereto. The Credit Agreement amended and restated the Amended and Restated Term Loan Credit Agreement dated September 25, 2018 to increase Seaboard Foods' existing $700,000,000 unsecured term loan to a new $975,000,000 unsecured term loan and extend the maturity date thereunder.",https://www.sec.gov/Archives/edgar/data/88121/0000088121-23-000100.txt,"Seaboard has guaranteed all obligations of Seaboard Foods under the Credit Agreement.
Seaboard Corporation and Seaboard Foods LLC entered into a Second Amended and Restated Term Loan Credit Agreement dated November 10, 2023 among Seaboard, Seaboard Foods, CoBank, ACB, Farm Credit Services of America, PCA and the lenders party thereto. The Credit Agreement amended and restated the Amended and Restated Term Loan Credit Agreement dated September 25, 2018 to increase Seaboard Foods' existing $700,000,000 unsecured term loan to a new $975,000,000 unsecured term loan and extend the maturity date thereunder.","['credit_facility', 'guarantee_or_letter_of_credit']",routine_compatible,False,2023-11-16,no_explicit_revolving_facility
NGVC,0001547459,0001437749-23-032899,2023-11-22,capital_and_financing,debt_activity,credit_facility,"the Operating Company, the guarantors party thereto (the ""Guarantors""), the lenders party thereto, and Bank of America, N.A., as Administrative Agent, L/C Issuer and Swing Line Lender, which amends the Credit Agreement dated as of January 28, 2016... Pursuant to the Seventh Amendment, the Credit Facility was amended to (1) increase its aggregate revolving commitments from $50.0 million to $75.0 million, subject to reductions; (2) extend the maturity date of the revolving credit facility to November 16, 2028",https://www.sec.gov/Archives/edgar/data/1547459/0001437749-23-032899.txt,"increase the Operating Company's restricted payment capacity by $2.5 million, allowing the Operating Company to fund the repurchase of shares of the Company's common stock and the payment of dividends by the Company in an aggregate amount not to exceed $15.0 million during any fiscal year
the Operating Company, the guarantors party thereto (the ""Guarantors""), the lenders party thereto, and Bank of America, N.A., as Administrative Agent, L/C Issuer and Swing Line Lender, which amends the Credit Agreement dated as of January 28, 2016... Pursuant to the Seventh Amendment, the Credit Facility was amended to (1) increase its aggregate revolving commitments from $50.0 million to $75.0 million, subject to reductions; (2) extend the maturity date of the revolving credit facility to November 16, 2028","['credit_facility', 'share_repurchase_program']",routine_compatible,False,2023-11-24,mixed_nonfacility_disclosure
ARTW,0000007623,0001437749-23-033505,2023-12-04,capital_and_financing,debt_activity,credit_facility,"On November 30, 2023, Art's-Way Manufacturing, Co., Inc. (the ""Company"") entered into an amendment (the ""Amendment"") of its $500,000 revolving line of credit with Bank Midwest, dated August 30, 2023 (the ""Line of Credit""), extending the maturity date from November 30, 2023 to March 30, 2024.",https://www.sec.gov/Archives/edgar/data/7623/0001437749-23-033505.txt,"On November 30, 2023, Art's-Way Manufacturing, Co., Inc. (the ""Company"") entered into an amendment (the ""Amendment"") of its $500,000 revolving line of credit with Bank Midwest, dated August 30, 2023 (the ""Line of Credit""), extending the maturity date from November 30, 2023 to March 30, 2024.",['credit_facility'],routine_compatible,False,2023-12-05,short_bridge_extension
KNTK,0001692787,0001193125-23-287962,2023-12-04,capital_and_financing,debt_activity,credit_facility,"Kinetik LP has obtained approvals from the lenders party to its Term Loan Credit Facility with PNC Bank, National Association, as administrative agent, and the lenders party thereto to enter into a First Amendment (the 'First Amendment') to the Term Loan Credit Facility concurrently with the closing of this offering. The First Amendment will amend certain provisions of the Term Loan Credit Facility, including extending the maturity date thereunder to June 8, 2026, effective upon the prepayment of loans under the Term Loan Credit Facility in an aggregate principal amount of no less than $500,000,000.",https://www.sec.gov/Archives/edgar/data/1692787/0001193125-23-287962.txt,"Kinetik LP has obtained approvals from the lenders party to its Term Loan Credit Facility with PNC Bank, National Association, as administrative agent, and the lenders party thereto to enter into a First Amendment (the 'First Amendment') to the Term Loan Credit Facility concurrently with the closing of this offering. The First Amendment will amend certain provisions of the Term Loan Credit Facility, including extending the maturity date thereunder to June 8, 2026, effective upon the prepayment of loans under the Term Loan Credit Facility in an aggregate principal amount of no less than $500,000,000.",['credit_facility'],routine_compatible,False,2023-12-05,no_explicit_revolving_facility
PCGPB,0000075488,0001193125-23-291746,2023-12-08,capital_and_financing,debt_activity,credit_facility,"On December 8, 2023, PG&E Corporation entered into Amendment No. 3 to Term Loan Credit Agreement, which amended the Term Loan Credit Agreement to extend the maturity date of the term loans to June 23, 2027 and reduce the applicable margin from 300 basis points to 250 basis points.",https://www.sec.gov/Archives/edgar/data/75488/0001193125-23-291746.txt,"On December 4, 2023, the Company issued $2,150,000,000 aggregate principal amount of 4.25% Senior Secured Convertible Notes due 2027 pursuant to an Indenture, dated as of December 4, 2023.
On December 8, 2023, PG&E Corporation entered into Amendment No. 3 to Term Loan Credit Agreement, which amended the Term Loan Credit Agreement to extend the maturity date of the term loans to June 23, 2027 and reduce the applicable margin from 300 basis points to 250 basis points.
As a result of voluntary prepayments of the term loans made by the Company on December 4, 2023 and December 8, 2023, and after giving effect to the effectiveness of the Amendment, the aggregate principal amount of term loans outstanding under the Term Loan Credit Agreement is $500,000,000.","['credit_facility', 'debt_issuance', 'debt_retirement']",routine_compatible,False,2023-12-11,mixed_nonfacility_disclosure
PCGPC,0000075488,0001193125-23-291746,2023-12-08,capital_and_financing,debt_activity,credit_facility,"On December 8, 2023, PG&E Corporation entered into Amendment No. 3 to Term Loan Credit Agreement, which amended the Term Loan Credit Agreement to extend the maturity date of the term loans to June 23, 2027 and reduce the applicable margin from 300 basis points to 250 basis points.",https://www.sec.gov/Archives/edgar/data/75488/0001193125-23-291746.txt,"On December 4, 2023, the Company issued $2,150,000,000 aggregate principal amount of 4.25% Senior Secured Convertible Notes due 2027 pursuant to an Indenture, dated as of December 4, 2023.
On December 8, 2023, PG&E Corporation entered into Amendment No. 3 to Term Loan Credit Agreement, which amended the Term Loan Credit Agreement to extend the maturity date of the term loans to June 23, 2027 and reduce the applicable margin from 300 basis points to 250 basis points.
As a result of voluntary prepayments of the term loans made by the Company on December 4, 2023 and December 8, 2023, and after giving effect to the effectiveness of the Amendment, the aggregate principal amount of term loans outstanding under the Term Loan Credit Agreement is $500,000,000.","['credit_facility', 'debt_issuance', 'debt_retirement']",routine_compatible,False,2023-12-11,mixed_nonfacility_disclosure
PCGPD,0000075488,0001193125-23-291746,2023-12-08,capital_and_financing,debt_activity,credit_facility,"On December 8, 2023, PG&E Corporation entered into Amendment No. 3 to Term Loan Credit Agreement, which amended the Term Loan Credit Agreement to extend the maturity date of the term loans to June 23, 2027 and reduce the applicable margin from 300 basis points to 250 basis points.",https://www.sec.gov/Archives/edgar/data/75488/0001193125-23-291746.txt,"On December 4, 2023, the Company issued $2,150,000,000 aggregate principal amount of 4.25% Senior Secured Convertible Notes due 2027 pursuant to an Indenture, dated as of December 4, 2023.
On December 8, 2023, PG&E Corporation entered into Amendment No. 3 to Term Loan Credit Agreement, which amended the Term Loan Credit Agreement to extend the maturity date of the term loans to June 23, 2027 and reduce the applicable margin from 300 basis points to 250 basis points.
As a result of voluntary prepayments of the term loans made by the Company on December 4, 2023 and December 8, 2023, and after giving effect to the effectiveness of the Amendment, the aggregate principal amount of term loans outstanding under the Term Loan Credit Agreement is $500,000,000.","['credit_facility', 'debt_issuance', 'debt_retirement']",routine_compatible,False,2023-12-11,mixed_nonfacility_disclosure
PCGPE,0000075488,0001193125-23-291746,2023-12-08,capital_and_financing,debt_activity,credit_facility,"On December 8, 2023, PG&E Corporation entered into Amendment No. 3 to Term Loan Credit Agreement, which amended the Term Loan Credit Agreement to extend the maturity date of the term loans to June 23, 2027 and reduce the applicable margin from 300 basis points to 250 basis points.",https://www.sec.gov/Archives/edgar/data/75488/0001193125-23-291746.txt,"On December 4, 2023, the Company issued $2,150,000,000 aggregate principal amount of 4.25% Senior Secured Convertible Notes due 2027 pursuant to an Indenture, dated as of December 4, 2023.
On December 8, 2023, PG&E Corporation entered into Amendment No. 3 to Term Loan Credit Agreement, which amended the Term Loan Credit Agreement to extend the maturity date of the term loans to June 23, 2027 and reduce the applicable margin from 300 basis points to 250 basis points.
As a result of voluntary prepayments of the term loans made by the Company on December 4, 2023 and December 8, 2023, and after giving effect to the effectiveness of the Amendment, the aggregate principal amount of term loans outstanding under the Term Loan Credit Agreement is $500,000,000.","['credit_facility', 'debt_issuance', 'debt_retirement']",routine_compatible,False,2023-12-11,mixed_nonfacility_disclosure
PCGPG,0000075488,0001193125-23-291746,2023-12-08,capital_and_financing,debt_activity,credit_facility,"On December 8, 2023, PG&E Corporation entered into Amendment No. 3 to Term Loan Credit Agreement, which amended the Term Loan Credit Agreement to extend the maturity date of the term loans to June 23, 2027 and reduce the applicable margin from 300 basis points to 250 basis points.",https://www.sec.gov/Archives/edgar/data/75488/0001193125-23-291746.txt,"On December 4, 2023, the Company issued $2,150,000,000 aggregate principal amount of 4.25% Senior Secured Convertible Notes due 2027 pursuant to an Indenture, dated as of December 4, 2023.
On December 8, 2023, PG&E Corporation entered into Amendment No. 3 to Term Loan Credit Agreement, which amended the Term Loan Credit Agreement to extend the maturity date of the term loans to June 23, 2027 and reduce the applicable margin from 300 basis points to 250 basis points.
As a result of voluntary prepayments of the term loans made by the Company on December 4, 2023 and December 8, 2023, and after giving effect to the effectiveness of the Amendment, the aggregate principal amount of term loans outstanding under the Term Loan Credit Agreement is $500,000,000.","['credit_facility', 'debt_issuance', 'debt_retirement']",routine_compatible,False,2023-12-11,mixed_nonfacility_disclosure
PCGPH,0000075488,0001193125-23-291746,2023-12-08,capital_and_financing,debt_activity,credit_facility,"On December 8, 2023, PG&E Corporation entered into Amendment No. 3 to Term Loan Credit Agreement, which amended the Term Loan Credit Agreement to extend the maturity date of the term loans to June 23, 2027 and reduce the applicable margin from 300 basis points to 250 basis points.",https://www.sec.gov/Archives/edgar/data/75488/0001193125-23-291746.txt,"On December 4, 2023, the Company issued $2,150,000,000 aggregate principal amount of 4.25% Senior Secured Convertible Notes due 2027 pursuant to an Indenture, dated as of December 4, 2023.
On December 8, 2023, PG&E Corporation entered into Amendment No. 3 to Term Loan Credit Agreement, which amended the Term Loan Credit Agreement to extend the maturity date of the term loans to June 23, 2027 and reduce the applicable margin from 300 basis points to 250 basis points.
As a result of voluntary prepayments of the term loans made by the Company on December 4, 2023 and December 8, 2023, and after giving effect to the effectiveness of the Amendment, the aggregate principal amount of term loans outstanding under the Term Loan Credit Agreement is $500,000,000.","['credit_facility', 'debt_issuance', 'debt_retirement']",routine_compatible,False,2023-12-11,mixed_nonfacility_disclosure
PCGPI,0000075488,0001193125-23-291746,2023-12-08,capital_and_financing,debt_activity,credit_facility,"On December 8, 2023, PG&E Corporation entered into Amendment No. 3 to Term Loan Credit Agreement, which amended the Term Loan Credit Agreement to extend the maturity date of the term loans to June 23, 2027 and reduce the applicable margin from 300 basis points to 250 basis points.",https://www.sec.gov/Archives/edgar/data/75488/0001193125-23-291746.txt,"On December 4, 2023, the Company issued $2,150,000,000 aggregate principal amount of 4.25% Senior Secured Convertible Notes due 2027 pursuant to an Indenture, dated as of December 4, 2023.
On December 8, 2023, PG&E Corporation entered into Amendment No. 3 to Term Loan Credit Agreement, which amended the Term Loan Credit Agreement to extend the maturity date of the term loans to June 23, 2027 and reduce the applicable margin from 300 basis points to 250 basis points.
As a result of voluntary prepayments of the term loans made by the Company on December 4, 2023 and December 8, 2023, and after giving effect to the effectiveness of the Amendment, the aggregate principal amount of term loans outstanding under the Term Loan Credit Agreement is $500,000,000.","['credit_facility', 'debt_issuance', 'debt_retirement']",routine_compatible,False,2023-12-11,mixed_nonfacility_disclosure
LGIH,0001580670,0001580670-23-000111,2023-12-11,capital_and_financing,debt_activity,credit_facility,"On December 5, 2023, LGI Homes, Inc. entered into a Fourth Amendment to Fifth Amended and Restated Credit Agreement with several financial institutions and Wells Fargo Bank, National Association, as administrative agent, which amended the Fifth Amended and Restated Credit Agreement, dated as of April 28, 2021. The Credit Agreement Amendment (a) increased the total commitments under the Credit Agreement to $1.205 billion, which can be increased at the request of the Company by up to $95 million, and (b) extended the maturity of the commitments of certain lenders under the Credit Agreement to April 28, 2028.",https://www.sec.gov/Archives/edgar/data/1580670/0001580670-23-000111.txt,"On December 5, 2023, LGI Homes, Inc. entered into a Fourth Amendment to Fifth Amended and Restated Credit Agreement with several financial institutions and Wells Fargo Bank, National Association, as administrative agent, which amended the Fifth Amended and Restated Credit Agreement, dated as of April 28, 2021. The Credit Agreement Amendment (a) increased the total commitments under the Credit Agreement to $1.205 billion, which can be increased at the request of the Company by up to $95 million, and (b) extended the maturity of the commitments of certain lenders under the Credit Agreement to April 28, 2028.",['credit_facility'],routine_compatible,False,2023-12-12,no_explicit_revolving_facility
GRBK,0001373670,0001373670-23-000060,2023-12-13,capital_and_financing,debt_activity,credit_facility,"On December 8, 2023, Green Brick Partners, Inc., a Delaware corporation (the ""Company""), as borrower, entered into the Eleventh Amendment (the ""Eleventh Amendment"") to the Credit Agreement, with the lenders named therein and Flagstar Bank, N.A., as administrative agent (as previously amended, the ""Credit Agreement""). Pursuant to the Eleventh Amendment, the Credit Agreement was amended to revise certain financial covenants in order to appropriately reflect the Company's size and growth. The Eleventh Amendment also extends the maturity of $300 million of the commitments under the credit facility through December 14, 2026, with the remaining $25 million commitment expiring December 14, 2025.",https://www.sec.gov/Archives/edgar/data/1373670/0001373670-23-000060.txt,"On December 8, 2023, Green Brick Partners, Inc., a Delaware corporation (the ""Company""), as borrower, entered into the Eleventh Amendment (the ""Eleventh Amendment"") to the Credit Agreement, with the lenders named therein and Flagstar Bank, N.A., as administrative agent (as previously amended, the ""Credit Agreement""). Pursuant to the Eleventh Amendment, the Credit Agreement was amended to revise certain financial covenants in order to appropriately reflect the Company's size and growth. The Eleventh Amendment also extends the maturity of $300 million of the commitments under the credit facility through December 14, 2026, with the remaining $25 million commitment expiring December 14, 2025.",['credit_facility'],routine_compatible,False,2023-12-14,no_explicit_revolving_facility
GRBKPA,0001373670,0001373670-23-000060,2023-12-13,capital_and_financing,debt_activity,credit_facility,"On December 8, 2023, Green Brick Partners, Inc., a Delaware corporation (the ""Company""), as borrower, entered into the Eleventh Amendment (the ""Eleventh Amendment"") to the Credit Agreement, with the lenders named therein and Flagstar Bank, N.A., as administrative agent (as previously amended, the ""Credit Agreement""). Pursuant to the Eleventh Amendment, the Credit Agreement was amended to revise certain financial covenants in order to appropriately reflect the Company's size and growth. The Eleventh Amendment also extends the maturity of $300 million of the commitments under the credit facility through December 14, 2026, with the remaining $25 million commitment expiring December 14, 2025.",https://www.sec.gov/Archives/edgar/data/1373670/0001373670-23-000060.txt,"On December 8, 2023, Green Brick Partners, Inc., a Delaware corporation (the ""Company""), as borrower, entered into the Eleventh Amendment (the ""Eleventh Amendment"") to the Credit Agreement, with the lenders named therein and Flagstar Bank, N.A., as administrative agent (as previously amended, the ""Credit Agreement""). Pursuant to the Eleventh Amendment, the Credit Agreement was amended to revise certain financial covenants in order to appropriately reflect the Company's size and growth. The Eleventh Amendment also extends the maturity of $300 million of the commitments under the credit facility through December 14, 2026, with the remaining $25 million commitment expiring December 14, 2025.",['credit_facility'],routine_compatible,False,2023-12-14,no_explicit_revolving_facility
LNC,0000059558,0001193125-23-301198,2023-12-21,capital_and_financing,debt_activity,credit_facility,"On December 21, 2023, Lincoln National Corporation (the ""Company"") entered into an amended and restated credit agreement with a syndicate of banks, including Bank of America, N.A., as administrative agent, and the other lenders named therein (the ""Second Amended and Restated Credit Agreement""). The Second Amended and Restated Credit Agreement amended and restated the Company's existing amended and restated credit agreement, dated as of June 21, 2021, as amended, which included extending the maturity date of the agreement, decreasing the amount available under the agreement and updating the financial covenants. The Second Amended and Restated Credit Agreement, which is unsecured, allows for the issuance of letters of credit and borrowing of up to $2.0 billion and has a commitment termination date of December 21, 2028.",https://www.sec.gov/Archives/edgar/data/59558/0001193125-23-301198.txt,"On December 21, 2023, Lincoln National Corporation (the ""Company"") entered into an amended and restated credit agreement with a syndicate of banks, including Bank of America, N.A., as administrative agent, and the other lenders named therein (the ""Second Amended and Restated Credit Agreement""). The Second Amended and Restated Credit Agreement amended and restated the Company's existing amended and restated credit agreement, dated as of June 21, 2021, as amended, which included extending the maturity date of the agreement, decreasing the amount available under the agreement and updating the financial covenants. The Second Amended and Restated Credit Agreement, which is unsecured, allows for the issuance of letters of credit and borrowing of up to $2.0 billion and has a commitment termination date of December 21, 2028.",['credit_facility'],routine_compatible,False,2023-12-22,no_explicit_revolving_facility
LNCPD,0000059558,0001193125-23-301198,2023-12-21,capital_and_financing,debt_activity,credit_facility,"On December 21, 2023, Lincoln National Corporation (the ""Company"") entered into an amended and restated credit agreement with a syndicate of banks, including Bank of America, N.A., as administrative agent, and the other lenders named therein (the ""Second Amended and Restated Credit Agreement""). The Second Amended and Restated Credit Agreement amended and restated the Company's existing amended and restated credit agreement, dated as of June 21, 2021, as amended, which included extending the maturity date of the agreement, decreasing the amount available under the agreement and updating the financial covenants. The Second Amended and Restated Credit Agreement, which is unsecured, allows for the issuance of letters of credit and borrowing of up to $2.0 billion and has a commitment termination date of December 21, 2028.",https://www.sec.gov/Archives/edgar/data/59558/0001193125-23-301198.txt,"On December 21, 2023, Lincoln National Corporation (the ""Company"") entered into an amended and restated credit agreement with a syndicate of banks, including Bank of America, N.A., as administrative agent, and the other lenders named therein (the ""Second Amended and Restated Credit Agreement""). The Second Amended and Restated Credit Agreement amended and restated the Company's existing amended and restated credit agreement, dated as of June 21, 2021, as amended, which included extending the maturity date of the agreement, decreasing the amount available under the agreement and updating the financial covenants. The Second Amended and Restated Credit Agreement, which is unsecured, allows for the issuance of letters of credit and borrowing of up to $2.0 billion and has a commitment termination date of December 21, 2028.",['credit_facility'],routine_compatible,False,2023-12-22,no_explicit_revolving_facility
LNCW,0000059558,0001193125-23-301198,2023-12-21,capital_and_financing,debt_activity,credit_facility,"On December 21, 2023, Lincoln National Corporation (the ""Company"") entered into an amended and restated credit agreement with a syndicate of banks, including Bank of America, N.A., as administrative agent, and the other lenders named therein (the ""Second Amended and Restated Credit Agreement""). The Second Amended and Restated Credit Agreement amended and restated the Company's existing amended and restated credit agreement, dated as of June 21, 2021, as amended, which included extending the maturity date of the agreement, decreasing the amount available under the agreement and updating the financial covenants. The Second Amended and Restated Credit Agreement, which is unsecured, allows for the issuance of letters of credit and borrowing of up to $2.0 billion and has a commitment termination date of December 21, 2028.",https://www.sec.gov/Archives/edgar/data/59558/0001193125-23-301198.txt,"On December 21, 2023, Lincoln National Corporation (the ""Company"") entered into an amended and restated credit agreement with a syndicate of banks, including Bank of America, N.A., as administrative agent, and the other lenders named therein (the ""Second Amended and Restated Credit Agreement""). The Second Amended and Restated Credit Agreement amended and restated the Company's existing amended and restated credit agreement, dated as of June 21, 2021, as amended, which included extending the maturity date of the agreement, decreasing the amount available under the agreement and updating the financial covenants. The Second Amended and Restated Credit Agreement, which is unsecured, allows for the issuance of letters of credit and borrowing of up to $2.0 billion and has a commitment termination date of December 21, 2028.",['credit_facility'],routine_compatible,False,2023-12-22,no_explicit_revolving_facility
HURC,0000315374,0001558370-23-019992,2023-12-22,capital_and_financing,debt_activity,credit_facility,"Effective as of December 19, 2023, Hurco Companies, Inc. (the ""Company""), Bank of America, N.A. (the ""Lender""), and certain wholly-owned subsidiaries of the Company entered into a Fifth Amendment to Credit Agreement...to extend the scheduled maturity date under the Credit Agreement from December 31, 2023 to December 31, 2025.",https://www.sec.gov/Archives/edgar/data/315374/0001558370-23-019992.txt,"Effective as of December 19, 2023, Hurco Companies, Inc. (the ""Company""), Bank of America, N.A. (the ""Lender""), and certain wholly-owned subsidiaries of the Company entered into a Fifth Amendment to Credit Agreement...to extend the scheduled maturity date under the Credit Agreement from December 31, 2023 to December 31, 2025.",['credit_facility'],routine_compatible,False,2023-12-26,no_explicit_revolving_facility
KLTR,0001432133,0001432133-23-000166,2023-12-27,capital_and_financing,debt_activity,credit_facility,"the Fifth Amendment (i) provided the Company with an incremental term loan in the aggregate amount of $3,500,000, (ii) extended the maturity date of the Company's revolving and term loan facilities until December 21, 2026, (iii) reduced the interest rate applicable margin to any SOFR Loans to 2.50% per annum and the interest rate applicable margin to any ABR Loans to 1.50% per annum, (iv) revised certain advance rates applicable to the borrowing base",https://www.sec.gov/Archives/edgar/data/1432133/0001432133-23-000166.txt,"the Fifth Amendment (i) provided the Company with an incremental term loan in the aggregate amount of $3,500,000, (ii) extended the maturity date of the Company's revolving and term loan facilities until December 21, 2026, (iii) reduced the interest rate applicable margin to any SOFR Loans to 2.50% per annum and the interest rate applicable margin to any ABR Loans to 1.50% per annum, (iv) revised certain advance rates applicable to the borrowing base
waived the Specified Events of Default (as defined in the Fifth Amendment) that occurred under the Credit Agreement, relating to the Company's calculation of its Annualized Recurring Revenue (as defined in the Credit Agreement) for the fiscal quarter ended September 30, 2023","['covenant_violation', 'credit_facility']",routine_compatible,False,2023-12-28,mixed_nonfacility_disclosure
ATRI,0000701288,0001104659-23-130007,2023-12-28,capital_and_financing,debt_activity,credit_facility,"On December 21, 2023, Atrion Corporation (the ""Company""), as borrower, entered into an Amended and Restated Credit Agreement (the ""Credit Agreement"") with Wells Fargo Bank, National Association (""Wells Fargo""), as lender. The Credit Agreement provides for a $25.0 million revolving credit facility, with an uncommitted feature allowing for the Company to request increases to the revolving credit commitment of up to $50.0 million in the aggregate.",https://www.sec.gov/Archives/edgar/data/701288/0001104659-23-130007.txt,"On December 21, 2023, Atrion Corporation (the ""Company""), as borrower, entered into an Amended and Restated Credit Agreement (the ""Credit Agreement"") with Wells Fargo Bank, National Association (""Wells Fargo""), as lender. The Credit Agreement provides for a $25.0 million revolving credit facility, with an uncommitted feature allowing for the Company to request increases to the revolving credit commitment of up to $50.0 million in the aggregate.
On December 21, 2023, the Company entered into a change in control agreement (the ""Change in Control Agreement"") with Cindy Ferguson, the Company's Vice President and Chief Financial Officer, Secretary, and Treasurer. The Change in Control Agreement provides that in the event Ms. Ferguson's employment is terminated in contemplation of a Change in Control or during a Post Event Period...the Company is required to pay to Ms. Ferguson in a lump sum within 10 business days of the effective date of termination, an amount which is equal to the annual base salary paid by the Company to Ms. Ferguson in the 12-month period preceding the termination date.","['credit_facility', 'executive_compensation_change']",routine_compatible,False,2023-12-29,mixed_nonfacility_disclosure
