accession_number,ticker,filing_date,supporting_text,filing_url,t_0,classification,window,audit_order,governance_change_review,eligible_arm
0000896878-24-000003,INTU,2024-01-22,"On January 18, 2024, Intuit Inc. (the ""Company"") held its Annual Meeting of Stockholders. At the meeting, stockholders: 1. Elected eleven persons to serve as directors of the Company; 2. Approved, on an advisory basis, the Company's executive compensation; 3. Voted, on an advisory basis, on the frequency of future say-on-pay votes... 4. Ratified the selection of Ernst & Young LLP to serve as the independent registered public accounting firm for the fiscal year ending July 31, 2024; 5. Approved the Company's Amended and Restated 2005 Equity Incentive Plan; and 6. Did not approve a stockholder proposal requesting a retirement plan investment report.",https://www.sec.gov/Archives/edgar/data/896878/0000896878-24-000003.txt,2024-01-23,routine_compatible,current_csv,8622c88c0596cef3ae915a543cfbb08292b0dc03c8eeee869cab0aa4fab75b7e,False,True
0000909832-24-000003,COST,2024-01-22,"On January 18, 2024, Costco Wholesale Corporation (the ""Company"") held its Annual Meeting of Shareholders. There were 443,830,261 shares of common stock entitled to be voted; 349,875,734 shares were voted in person or by proxy. Shareholders voted on the following matters: 1.The election of each of the directors nominated by the Board of Directors to hold office until the 2025 Annual Meeting of Shareholders and until their successors are elected and qualified; 2.The ratification of the selection of KPMG LLP as the Company's independent auditors for fiscal year 2024; 3.The approval, on an advisory basis, of the compensation of the Company's executive officers for fiscal year 2023 as disclosed in the Company's definitive proxy statement on Schedule 14A for the Annual Meeting, filed with the Securities and Exchange Commission on December 7, 2023; and 4.A shareholder proposal concerning fiduciary carbon-emission relevance report. All items except 4 were approved.",https://www.sec.gov/Archives/edgar/data/909832/0000909832-24-000003.txt,2024-01-23,routine_compatible,current_csv,e5b94664e4c93ee216509cabb9e8bcc106af3735d86c29e7730c84a09aeba10b,False,True
0001193125-24-029918,EMR,2024-02-09,"The final results for each of the matters submitted to a vote at the Company's 2024 Annual Meeting of Shareholders held on February 6, 2024 are as follows: Proposal 1: The four Directors named in the Proxy Statement were elected by the shareholders, by the votes set forth in the table below.",https://www.sec.gov/Archives/edgar/data/32604/0001193125-24-029918.txt,2024-02-12,routine_compatible,current_csv,f592679bb72f482ac29a36768571c9bf74adab132c3082d9f17fa057493b22a7,False,True
0001558370-24-002246,DE,2024-03-01,"Deere & Company (the ""Company"") held its annual meeting of shareholders on February 28, 2024 (the ""Annual Meeting""). The voting results for each matter submitted to a vote of shareholders at the Annual Meeting are as follows: 1. Election of Directors - All director nominees were elected for terms expiring at the 2025 annual meeting of shareholders with the following votes...",https://www.sec.gov/Archives/edgar/data/315189/0001558370-24-002246.txt,2024-03-04,routine_compatible,current_csv,2e1533148f72bfefa6ac87be8ff63052c7982ed2f3c4f7c79dc9b8afdc6c7601,False,True
0000804328-24-000020,QCOM,2024-03-07,"QUALCOMM Incorporated (the ""Company"") held its 2024 Annual Meeting of Stockholders on March 5, 2024 (the ""Annual Meeting""). At the Annual Meeting, the Company's stockholders considered six proposals, each of which is described briefly below and in more detail in the Company's definitive proxy statement dated January 18, 2024. The final voting results for each proposal are set forth below.",https://www.sec.gov/Archives/edgar/data/804328/0000804328-24-000020.txt,2024-03-08,unknown_review,current_csv,021f94c0638f62f7e55a1f412f2c9c8a7ff533d04c2343fe540d78f56274b25e,False,False
0000829224-24-000016,SBUX,2024-03-15,"On March 13, 2024, Starbucks Corporation held its 2024 Annual Meeting of Shareholders. The matters submitted to a vote at the Annual Meeting and the voting results of such matters are as follows: Proposal 1 - Election of Directors... Proposal 2 - Advisory Resolution on Executive Compensation... Proposal 3 - Ratification of the Selection of Deloitte & Touche LLP... Proposal 4 - Shareholder Proposal Requesting a Report on Plant-Based Milk Pricing... Proposal 5 - Shareholder Proposal Requesting a Report on Direct and Systemic Discrimination... Proposal 6 - Shareholder Proposal Requesting a Report on Human Rights Policies.",https://www.sec.gov/Archives/edgar/data/829224/0000829224-24-000016.txt,2024-03-18,unknown_review,current_csv,b8fb9a9d3f89a31dbc018f1ac638097cd57e609035e8e9369ce14d05fa961381,False,False
0000950157-24-000595,DIS,2024-04-09,"Based on the estimated preliminary results, the twelve directors elected at the Annual Meeting are Mary T. Barra, Safra A. Catz, Amy L. Chang, D. Jeremy Darroch, Carolyn N. Everson, Michael B.G. Froman, James P. Gorman, Robert A. Iger, Maria Elena Lagomasino, Calvin R. McDonald, Mark G. Parker and Derica W. Rice.",https://www.sec.gov/Archives/edgar/data/1744489/0000950157-24-000595.txt,2024-04-10,unknown_review,current_csv,afa210a8639b3829f30e3330424c81504672d83b628288580266e7813bfc810c,False,False
0001193125-24-091966,BK,2024-04-10,"On April 9, 2024, The Bank of New York Mellon Corporation held its Annual Meeting of Stockholders. At the Annual Meeting, each nominee for director was elected by a majority of votes cast (proposal 1). In addition, stockholders approved, on an advisory basis, the 2023 compensation of BNY Mellon's named executive officers (proposal 2) and ratified the appointment of KPMG LLP as BNY Mellon's independent registered public accountants for the year ending December 31, 2024 (proposal 3). The stockholders did not approve the stockholder proposal regarding transparency in lobbying (proposal 4) nor did they approve the stockholder proposal regarding a report on the risks of politicized de-banking (proposal 5).",https://www.sec.gov/Archives/edgar/data/1390777/0001193125-24-091966.txt,2024-04-11,routine_compatible,current_csv,705590b3d46b161e4a4042a1392e8a29feb86c18ce5ae828b9b90571a3397e7c,False,True
0000796343-24-000086,ADBE,2024-04-19,"At the Annual Meeting, held on April 17, 2024, the Company's stockholders approved proposals one through four and did not approve proposals five through six listed below.",https://www.sec.gov/Archives/edgar/data/796343/0000796343-24-000086.txt,2024-04-22,routine_compatible,current_csv,621cb5f69844cb3efd0f8c7e902d0ecfab8c6536e936102011b324ca276281f1,False,True
0001730168-24-000055,AVGO,2024-04-24,"Broadcom Inc. held its 2024 Annual Meeting of Stockholders on April 22, 2024. At the 2024 Annual Meeting, Broadcom stockholders voted on the following matters and cast their votes as set forth below: (1) The nine nominees were elected to serve as directors of Broadcom until the next annual meeting of stockholders or until their successors have been elected.",https://www.sec.gov/Archives/edgar/data/1730168/0001730168-24-000055.txt,2024-04-25,routine_compatible,current_csv,7c4a1084523ce267a340b45e81bef5b833a33afbee49e18eba29bb9e752e4aa3,False,True
0001193125-24-113922,GS,2024-04-25,"The Annual Meeting was held on April 24, 2024. The results of the matters submitted to a shareholder vote at the Annual Meeting were as follows: Election of Directors: Our shareholders elected the following 11 directors to each serve a one-year term expiring on the date of our 2025 annual meeting of shareholders or until his or her successor has been duly chosen and qualified.",https://www.sec.gov/Archives/edgar/data/886982/0001193125-24-113922.txt,2024-04-26,routine_compatible,current_csv,448498d12ca22864e2e1f1801cb4a47b921d65f8f28af64a41622459d4b80a89,False,True
0000097476-24-000024,TXN,2024-04-26,"At the annual meeting of stockholders held on April 25, 2024, the stockholders elected the Board of Directors of Texas Instruments Incorporated and voted upon the proposals contained within our Proxy Statement dated March 12, 2024. The Board nominees were elected with the following vote: [detailed voting results for all 13 directors]",https://www.sec.gov/Archives/edgar/data/97476/0000097476-24-000024.txt,2024-04-29,routine_compatible,current_csv,63eafa094e72b2450e2fb00afc92313203c1ab03a9f96c5559affdd9450880af,False,True
0000070858-24-000149,BAC,2024-04-26,"On April 24, 2024, the Corporation held its Annual Meeting. The Corporation's shareholders: elected all of the nominees for director; approved the advisory vote on executive compensation; ratified the appointment of PricewaterhouseCoopers LLP as the Corporation's independent registered public accounting firm for 2024; and approved the amendment and restatement of the Plan.",https://www.sec.gov/Archives/edgar/data/70858/0000070858-24-000149.txt,2024-04-29,routine_compatible,current_csv,b08301c48bba4eab1f0ba0eef3e860d63c15c7d55346981e586789549b6aa21b,False,True
0000200406-24-000043,JNJ,2024-04-29,"The 2024 Annual Meeting of Shareholders of the Company was held on April 25, 2024. At the 2024 Annual Meeting of Shareholders, the shareholders: elected all 13 Director nominees named in the 2024 Proxy Statement to the Company's Board of Directors; approved, on an advisory basis, the executive compensation philosophy, policies and procedures; ratified the appointment of PricewaterhouseCoopers LLP as the Company's independent registered public accounting firm for the fiscal year 2024; and did not approve the shareholder proposal for a gender-based compensation gaps and associated risks.",https://www.sec.gov/Archives/edgar/data/200406/0000200406-24-000043.txt,2024-04-30,routine_compatible,current_csv,18c1bcda734d1362d9844633e1706523c7e5740287502d9e04692d5afbaf8ba6,False,True
0000078003-24-000101,PFE,2024-04-29,"The Pfizer Inc. (the ""Company"") Annual Meeting of Shareholders was held on April 25, 2024. Shareholders voted on the matters set forth below. The nominees for election to the Company's Board of Directors set forth in Item 1 to the Company's Proxy Statement filed with the U.S. Securities and Exchange Commission on March 14, 2024 were elected to hold office until the Company's next Annual Meeting of Shareholders, based upon the following votes: [detailed voting results for 12 director nominees]",https://www.sec.gov/Archives/edgar/data/78003/0000078003-24-000101.txt,2024-04-30,routine_compatible,current_csv,e4ab4a98f6ef34244abc768c6bc272395580dd142438a618c08b06b31942a02d,False,True
0001104659-24-054016,ABT,2024-04-29,"Abbott held its Annual Meeting of Shareholders on April 26, 2024. The shareholders elected Abbott's entire Board of Directors... The shareholders ratified the appointment of Ernst & Young LLP as Abbott's auditors... The shareholders approved the compensation of Abbott's named executive officers listed in the proxy statement for the Annual Meeting, with 89.10 percent of the votes cast voting 'For' the proposal.",https://www.sec.gov/Archives/edgar/data/1800/0001104659-24-054016.txt,2024-04-30,routine_compatible,current_csv,b8ca16b79a19808e1dc62504c0daba7a31a246c61eba3f52426198af678cd5e6,False,True
0001035267-24-000171,ISRG,2024-04-30,"At the Annual Meeting, the stockholders of Intuitive Surgical, Inc. voted on the following six proposals... Each of the nominees nominated in Proposal No. 1 was elected. Proposal No. 2 was approved on an advisory basis. Proposal No. 3 was approved. Proposal No. 4 was approved. Proposal No. 5 was approved. Proposal No. 6 was rejected.",https://www.sec.gov/Archives/edgar/data/1035267/0001035267-24-000171.txt,2024-05-01,routine_compatible,current_csv,84217fa9399557b77559e8e0364059944bb5f9bb63d9d3be2747afca0cd2685b,False,True
0000072971-24-000130,WFC,2024-05-02,"The Company held its annual meeting of shareholders on April 30, 2024 (""2024 Annual Meeting""). At the 2024 Annual Meeting, shareholders elected the 13 director nominees nominated by the Board as each director nominee received a greater number of votes cast ""for"" his or her election than votes cast ""against"" his or her election... shareholders approved, on an advisory basis, the compensation of the Company's named executives... ratified the appointment of KPMG LLP as the Company's independent registered public accounting firm for 2024; and approved an amendment to the Certificate to opt out of DGCL Section 203.",https://www.sec.gov/Archives/edgar/data/72971/0000072971-24-000130.txt,2024-05-03,routine_compatible,current_csv,17b4cc0036824490765b5294d0513861bcce42ac58a6e0d94d9b6f9022c66675,False,True
0001552781-24-000261,KO,2024-05-02,"The 2024 Annual Meeting of Shareowners of the Company was held on Wednesday, May 1, 2024. The results of the matters submitted to a vote of the shareowners at the meeting are set forth below. Shareowners elected each of the persons named below as Directors to serve until the 2025 annual meeting of shareowners.",https://www.sec.gov/Archives/edgar/data/21344/0001552781-24-000261.txt,2024-05-03,routine_compatible,current_csv,0b32fca4139e2b15d02f66f68f99d8992033b1f728a4513d3f67960f55708dfb,False,True
0001104659-24-056383,C,2024-05-02,"Citigroup's 2024 Annual Meeting of Stockholders was held on April 30, 2024. At the meeting: (1)13 persons were elected to serve as directors of Citigroup; (2)the selection of KPMG LLP to serve as the independent registered public accounting firm of Citigroup for 2024 was ratified; (3)an advisory vote to approve our 2023 Executive Compensation was approved; (4)a proposal to approve additional shares for, and a term extension and restatement of, the Citigroup 2019 Stock Incentive Plan was approved.",https://www.sec.gov/Archives/edgar/data/831001/0001104659-24-056383.txt,2024-05-03,routine_compatible,current_csv,67e8cef68a303b6d6de3f1c1a58a47ac5ccb64e4ab77ffbfa342bae03da74fc8,False,True
0000040533-24-000017,GD,2024-05-03,"The results of voting on Proposals 1 through 4, as numbered in General Dynamics Corporation's (the ""Company"") 2024 Proxy Statement submitted to the Company's shareholders for consideration at the Annual Meeting of Shareholders held on May 1, 2024, are set forth below.",https://www.sec.gov/Archives/edgar/data/40533/0000040533-24-000017.txt,2024-05-06,unknown_review,current_csv,a6415b16aa2d7449d39a56c51d32c9a8f2d3e18ea56b11cfa9b06eda9c7f8a4a,False,False
0001104659-24-057038,IBM,2024-05-03,"International Business Machines Corporation (IBM) held its Annual Meeting of Stockholders on April 30, 2024. Below are the final voting results.",https://www.sec.gov/Archives/edgar/data/51143/0001104659-24-057038.txt,2024-05-06,unknown_review,current_csv,84103fa25205ab12d0fb9e4806e888e6d8868c294d143cdc59f06b9cb0958326,False,False
0000927628-24-000178,COF,2024-05-03,"The Annual Meeting was held on May 2, 2024. Stockholders elected Mr. Richard D. Fairbank, Mr. Ime Archibong, Ms. Christine Detrick, Ms. Ann Fritz Hackett, Ms. Suni P. Harford, Mr. Peter Thomas Killalea, Mr. Cornelis Petrus Adrianus Joseph ('Eli') Leenaars, Mr. François Locoh-Donou, Mr. Peter E. Raskind, Ms. Eileen Serra, Mr. Mayo A. Shattuck III and Mr. Craig Anthony Williams to the Company's Board of Directors.",https://www.sec.gov/Archives/edgar/data/927628/0000927628-24-000178.txt,2024-05-06,routine_compatible,current_csv,8bd2e5a22ac2721f82063c0bbb6afee290fe2cfd2499b62fa2d0b3b342966e05,False,True
0000936468-24-000058,LMT,2024-05-03,"Lockheed Martin Corporation (the ""Company"") held its Annual Meeting of Stockholders on May 2, 2024. Of the 240,495,447 shares outstanding and entitled to vote (as of the February 26, 2024 record date), 208,571,343 shares were represented at the meeting, or an 86.73% quorum. The final results of voting for each matter submitted to a vote of stockholders at the meeting are as follows:",https://www.sec.gov/Archives/edgar/data/936468/0000936468-24-000058.txt,2024-05-06,unknown_review,current_csv,91c8388023d15a47ef028b9122c4cc15e2e574159a4264e65fac52b5a959ba8a,False,False
0000101829-24-000014,RTX,2024-05-06,"The Company held its 2024 Annual Meeting of Shareowners on May 2, 2024... Set forth below are the final voting results for each of the matters submitted to a vote of the shareowners.",https://www.sec.gov/Archives/edgar/data/101829/0000101829-24-000014.txt,2024-05-07,unknown_review,current_csv,16aa84c427e766e67a4b4b2c4642e2ed053d239ba9fb615864dda705e09aa1a7,False,False
0001090727-24-000031,UPS,2024-05-06,"The Company held its Annual Meeting of Shareholders on May 2, 2024. The following matters were submitted to a vote of the shareholders. Election of Directors: Votes regarding the election of 12 directors for a term expiring at the Company's 2025 annual meeting of shareholders...Under the Company's Bylaws, each of the director nominees was elected.",https://www.sec.gov/Archives/edgar/data/1090727/0001090727-24-000031.txt,2024-05-07,routine_compatible,current_csv,1e48439fab0d5708480466790496325cb4e80ddaf4d1f4ac66889cc88dfc8425,True,False
0000313616-24-000133,DHR,2024-05-09,"The Company's annual meeting of shareholders was held on May 7, 2024. At the annual meeting, the Company's shareholders voted on the following proposals: 1. To elect the thirteen directors named in the Company's proxy statement to terms expiring in 2025. Each nominee for director was elected by a vote of the shareholders as follows:",https://www.sec.gov/Archives/edgar/data/313616/0000313616-24-000133.txt,2024-05-10,routine_compatible,current_csv,c1d81d6b9e8f3072c0869b35d38b248aa53b55e48c62c708bbe785a1a055d87f,False,True
0001140361-24-025213,BMY,2024-05-09,"The Company's Annual Meeting was held on May 7, 2024. Shareholders voted on the matters set forth below. Item 1. The shareholders elected each of the Company's 10 nominees to serve as directors on the Board of Directors (the ""Board"") of the Company until the 2025 Annual Meeting based upon the following votes: [detailed voting results provided]",https://www.sec.gov/Archives/edgar/data/14272/0001140361-24-025213.txt,2024-05-10,routine_compatible,current_csv,e2d3764bb9a744b95c00de3f53f62257b2543fdfb53dc7ca1685873180f3cc96,False,True
0001413329-24-000100,PM,2024-05-09,"On May 8, 2024, Philip Morris International Inc. (the ""Company"") held its Annual Meeting of Shareholders (""Annual Meeting""). The matters voted upon at the Annual Meeting and the results of such voting are set forth below: Proposal 1: Election of Directors of the Company... All director nominees were duly elected. Proposal 2: Advisory Vote Approving Executive Compensation... The proposal was approved on an advisory basis. Proposal 3: Ratification of the Selection of PricewaterhouseCoopers SA as Independent Auditors for the fiscal year ending December 31, 2024... The proposal was approved.",https://www.sec.gov/Archives/edgar/data/1413329/0001413329-24-000100.txt,2024-05-10,routine_compatible,current_csv,054423c6e6e4f059c68583266330cef11b8544b36191183d07f419dbe1b4ec76,False,True
0000040545-24-000147,GE,2024-05-10,"At the Annual Meeting, shareholders elected all of the Company's nominees for director; approved the advisory vote on the Company's named executives' compensation ('Say on Pay'); and ratified the appointment of Deloitte & Touche LLP as the Company's independent auditor for 2024.",https://www.sec.gov/Archives/edgar/data/40545/0000040545-24-000147.txt,2024-05-13,routine_compatible,current_csv,1530c93624c7cc6f95dc176b938dc6ff98a4d36f3576705e187b31c8c30df2b6,False,True
0001437749-24-016013,UNP,2024-05-10,"Union Pacific Corporation (the Company) held its Annual Meeting of Shareholders on May 9, 2024. The shareholders of the Company's common stock considered and voted upon five proposals at the Meeting. The Shareholders elected each of the following directors to serve a term of one year, ending at the time of the next Annual Meeting of Shareholders in 2025.",https://www.sec.gov/Archives/edgar/data/100885/0001437749-24-016013.txt,2024-05-13,routine_compatible,current_csv,f61d62359fbbd91574dbecd06554d146d40caf48549bfff78290486a60e008c8,False,True
0001193125-24-137239,VZ,2024-05-13,"At the 2024 Annual Meeting of Shareholders of Verizon Communications Inc. held on May 9, 2024, the following items were submitted to a vote of shareholders. The following nominees were elected to serve on the Board of Directors: Shellye Archambeau, Roxanne Austin, Mark Bertolini, Vittorio Colao, Laxman Narasimhan, Clarence Otis, Jr., Daniel Schulman, Rodney Slater, Carol Tomé, Hans Vestberg.",https://www.sec.gov/Archives/edgar/data/732712/0001193125-24-137239.txt,2024-05-14,routine_compatible,current_csv,83f4c3e05166573f5969bd70230bf79d1d437c39bc619331933b2f5cedc070a8,False,True
0000021665-24-000017,CL,2024-05-15,"The Company's Annual Meeting of Stockholders was held on May 10, 2024. The matters voted on and the results of the vote were as follows. John P. Bilbrey, John T. Cahill, Steve Cahillane, Lisa M. Edwards, C. Martin Harris, Martina Hund-Mejean, Kimberly A. Nelson, Brian Newman, Lorrie M. Norrington, and Noel R. Wallace were elected directors of the Company.",https://www.sec.gov/Archives/edgar/data/21665/0000021665-24-000017.txt,2024-05-16,routine_compatible,current_csv,6e05a4e454374ba5813210d3a0a2e2cce543e1cc9d2460e25cba1c5a2cec5075,False,True
0000066740-24-000058,MMM,2024-05-16,"At the 2024 Annual Meeting of Shareholders of the Company held on May 14, 2024, the votes cast with respect to each item of business properly presented at the meeting are as follows: Proposal No. 1 — The shareholders elected each of the twelve nominees to the Board of Directors for a one-year term by the vote of the majority of votes cast.",https://www.sec.gov/Archives/edgar/data/66740/0000066740-24-000058.txt,2024-05-17,routine_compatible,current_csv,fd2d35f0408c039633e2ab94eaf88ad1e6cd84ff58e555ccefccb34e144d3c6f,False,True
0000773840-24-000058,HON,2024-05-16,"Honeywell International Inc. held its Annual Meeting of Shareowners on May 14, 2024. The following matters set forth in our Proxy Statement dated April 2, 2024 were voted upon with the results indicated below. The nominees listed below were elected directors with the respective votes set forth opposite their names: [12 directors elected with vote counts]. The shareowners approved, on a non-binding advisory basis, the compensation of the Company's named executive officers. The shareowners approved the appointment of Deloitte & Touche LLP as independent accountants for 2024. The shareowners did not approve the shareowner proposal titled 'Independent Board Chairman.'",https://www.sec.gov/Archives/edgar/data/773840/0000773840-24-000058.txt,2024-05-17,routine_compatible,current_csv,1c5cddbb91f583a8147544b927aa2ea8d50be8ac86944a4997348377a6863c6c,False,True
0001104659-24-062520,COP,2024-05-16,"ConocoPhillips (the ""Company"") held its annual meeting of stockholders on May 14, 2024. All 12 nominated directors were elected to serve a one-year term. The ratification of the appointment of Ernst & Young LLP as the Company's independent registered public accounting firm for 2024 was approved. The advisory vote on the compensation of our Named Executive Officers was approved.",https://www.sec.gov/Archives/edgar/data/1163165/0001104659-24-062520.txt,2024-05-17,routine_compatible,current_csv,039bfa5a10912fdeb546c9f65794cc5fd3e55cbec07f6522f89a651f28c01ec8,False,True
0001193125-24-141821,BLK,2024-05-17,"At the Annual Meeting, the shareholders approved the BlackRock, Inc. Third Amended and Restated 1999 Stock Award and Incentive Plan (the 'Restated Plan')... All director nominees were elected (Item 1). The proposal to approve the compensation of the named executive officers as disclosed in the Company's proxy statement, through a non-binding advisory vote, was approved (Item 2). Additionally, the proposal to approve the Restated Plan was approved (Item 3). Further, shareholders ratified the appointment of Deloitte LLP as the Company's independent registered public accounting firm for the fiscal year 2024 (Item 4).",https://www.sec.gov/Archives/edgar/data/1364742/0001193125-24-141821.txt,2024-05-20,routine_compatible,current_csv,6c65934603b6f8474d03653df93d47aa60a200434f80143931895646826f4ceb,False,True
0000012927-24-000035,BA,2024-05-17,"The Boeing Company held its Annual Meeting of Shareholders on May 17, 2024. Set forth below are the final voting results for each of the proposals submitted to a vote of the shareholders.",https://www.sec.gov/Archives/edgar/data/12927/0000012927-24-000035.txt,2024-05-20,unknown_review,current_csv,af4cd26e0e779c7d56ac9aacdeb14e97f9feb460593d9f60abd88dcdc019e863,False,False
0000005272-24-000055,AIG,2024-05-17,"On May 15, 2024, AIG held its Annual Meeting of Shareholders. The results of the matters submitted to a shareholder vote at the Annual Meeting were as follows: Proposal 1 – Election of Directors with voting results for each nominee, Proposal 2 – Advisory Vote to Approve Named Executive Officer Compensation, Proposal 3 – Ratification of the Appointment of PricewaterhouseCoopers LLP as Independent Auditor, Proposal 4 – Shareholder Proposal Requesting an Independent Board Chair Policy, and Proposal 5 – Shareholder Proposal Requesting a Director Resignation By-Law.",https://www.sec.gov/Archives/edgar/data/5272/0000005272-24-000055.txt,2024-05-20,unknown_review,current_csv,7cf230027f8840b2db80debd251db34f4ccbc3a8aac5e9700ef1ade48b8b7402,False,False
0000354950-24-000160,HD,2024-05-22,"The 2024 Annual Meeting of Shareholders of The Home Depot, Inc. (the ""Company"") was held on May 16, 2024. Below are the final vote results from the meeting.",https://www.sec.gov/Archives/edgar/data/354950/0000354950-24-000160.txt,2024-05-23,unknown_review,current_csv,77300fd3e19355bd598b60971532c1357e78d9b6f8bdeb7cc38960b95e1355c1,False,False
0001103982-24-000073,MDLZ,2024-05-22,"On May 22, 2024, we held our annual meeting of shareholders. A total of 1,171,912,711 shares of our Class A Common Stock, or 87.12% of our outstanding shares of Class A Common Stock, were represented at the annual meeting. Our shareholders elected 11 directors to each serve a one-year term until our 2025 annual meeting of shareholders.",https://www.sec.gov/Archives/edgar/data/1103982/0001103982-24-000073.txt,2024-05-23,routine_compatible,current_csv,e795b7a31c1a7b7d8d1b465a37b3ca17df98631dff0a530d4cda03629e221b28,False,True
0000064803-24-000019,CVS,2024-05-22,"At the Annual Meeting, the 12 nominees for director were elected to the Company's Board of Directors for a term of one year (Item 1). The Company proposal regarding the ratification of the appointment of Ernst & Young LLP as the Company's independent registered public accounting firm for 2024 (Item 2) was approved. The Company proposal to approve, on an advisory basis, the compensation of the Company's named executive officers as disclosed in the Proxy Statement (Item 3) was approved. The Company proposal to amend the Company's 2017 ICP (Item 4) was approved. Four stockholder proposals (Items 5, 6, 7 and 8) were not approved.",https://www.sec.gov/Archives/edgar/data/64803/0000064803-24-000019.txt,2024-05-23,routine_compatible,current_csv,44260102559bab0ae08080fb551b676757271b249cfc0b2518a87cc3fabffb78,False,True
0000019617-24-000411,JPM,2024-05-23,"Registrant held its Annual Meeting of Shareholders on Tuesday, May 21, 2024; 2,443,906,572 shares were represented in person or by proxy, or 85.09% of the total shares outstanding. Shareholders elected the 10 director nominees named in the Proxy Statement. All director nominees received at least 90.44% of the votes cast.",https://www.sec.gov/Archives/edgar/data/19617/0000019617-24-000411.txt,2024-05-24,routine_compatible,current_csv,3ef614c6f6193b28a284d4879f9b26c91f8bb6697dd1ec5c082522e349204d5f,False,True
0001373715-24-000232,NOW,2024-05-23,"At the 2024 Annual Meeting, the shareholders were asked to vote on four proposals. The shareholders elected the individuals listed below as directors to serve until the next annual shareholders meeting and until his or her successor has been duly elected and qualified or his or her earlier death, resignation or removal. The voting results for each such director are as follows: [detailed voting results for 11 director nominees]",https://www.sec.gov/Archives/edgar/data/1373715/0001373715-24-000232.txt,2024-05-24,unknown_review,current_csv,a62760541df15f44925b98d91b30491837fafe52f158738d5d9a45c5207adbd2,False,False
0001053507-24-000095,AMT,2024-05-24,"The 2024 Annual Meeting of Stockholders (the ""Annual Meeting"") of the Company was held virtually on May 22, 2024. At the Annual Meeting, the Company's stockholders elected eleven individuals to the Board, approved Proposals 2 and 3 and rejected Proposals 4 and 5.",https://www.sec.gov/Archives/edgar/data/1053507/0001053507-24-000095.txt,2024-05-28,routine_compatible,current_csv,4decce2c8cf5883fed6273edbfc912ce7a167cba9f075fd9835e531d5a2a6293,False,True
0000950103-24-007114,MS,2024-05-24,"At the 2024 Annual Meeting of Shareholders (the ""Annual Meeting"") of the Company held on Thursday, May 23, 2024... At the Annual Meeting, all nominees for election to the Board were elected by the Shareholders. The Shareholders also voted to ratify the appointment of Deloitte & Touche LLP as the Company's independent auditor for the 2024 fiscal year.",https://www.sec.gov/Archives/edgar/data/895421/0000950103-24-007114.txt,2024-05-28,routine_compatible,current_csv,b0a843393763e85ccc88a11c9d529173ea83c4d4564490a77e014bf8bedb2896,False,True
0001104659-24-065117,AMZN,2024-05-24,"On May 22, 2024, Amazon.com, Inc. (the 'Company') held its Annual Meeting of Shareholders. The following nominees were elected as directors, each to hold office until the next Annual Meeting of Shareholders or until his or her successor is elected and qualified, by the vote set forth below: [12 directors elected with vote counts]",https://www.sec.gov/Archives/edgar/data/1018724/0001104659-24-065117.txt,2024-05-28,routine_compatible,current_csv,e8c4a46bb37255f3271cd6b7edc153c519f68bb4b134191b0ecc0fbcb84b18ef,False,True
0000097745-24-000026,TMO,2024-05-24,"At the Annual Meeting held on May 22, 2024, the shareholders of the Company voted on the following proposals: 1. The following nominees were elected to the Company's Board of Directors for a one-year term expiring at the 2025 annual meeting of shareholders.",https://www.sec.gov/Archives/edgar/data/97745/0000097745-24-000026.txt,2024-05-28,routine_compatible,current_csv,3a83aae36f21f9911dfc7e312e3f8ad6ac6124079c13e74cc145b5b8727fa342,False,True
0000092122-24-000068,SO,2024-05-24,"The Southern Company (the ""Company"") held its Annual Meeting of Stockholders on May 22, 2024. Stockholders voted as follows on the six matters presented for a vote: 1. The nominees for election to the Board of Directors were elected based on the following votes",https://www.sec.gov/Archives/edgar/data/92122/0000092122-24-000068.txt,2024-05-28,routine_compatible,current_csv,33389229bd8841211542fa98af66dcc6f1d454c8b71d52793110539d897ec8dd,False,True
0001633917-24-000073,PYPL,2024-05-28,"At the 2024 Annual Meeting of Stockholders of PayPal Holdings, Inc. held on May 22, 2024, the stockholders approved the amendment and restatement of the PayPal Holdings, Inc. 2015 Equity Incentive Award Plan, approved the compensation of named executive officers, ratified the appointment of PricewaterhouseCoopers LLP as independent auditor, and voted on stockholder proposals.",https://www.sec.gov/Archives/edgar/data/1633917/0001633917-24-000073.txt,2024-05-29,routine_compatible,current_csv,b4b7139302894a5ea2bce122c40c7ae47a410ae0393ea37b1c502d802087211f,False,True
0000753308-24-000029,NEE,2024-05-28,"NextEra Energy, Inc. (NEE) held its 2024 Annual Meeting of Shareholders (2024 Annual Meeting) on May 23, 2024. At the 2024 Annual Meeting, NEE's shareholders approved three proposals and did not approve two shareholder proposals.",https://www.sec.gov/Archives/edgar/data/753308/0000753308-24-000029.txt,2024-05-29,routine_compatible,current_csv,6c6cd04bcfe4938ef770570e7661edbfb1b29d5fa5280c89ccaf31b7b277469d,False,True
0001193125-24-149155,SCHW,2024-05-29,"The 2024 Annual Meeting of Stockholders of The Charles Schwab Corporation (""CSC"") was held on May 23, 2024. All nominees for directors were elected, and each nominee received more ""for"" votes than ""against"" votes cast for the nominee's election. The proposal to ratify the selection of Deloitte & Touche LLP (""Deloitte"") as CSC's independent auditors for the 2024 fiscal year was approved. The advisory vote on named executive officer (""NEO"") compensation was approved.",https://www.sec.gov/Archives/edgar/data/316709/0001193125-24-149155.txt,2024-05-30,routine_compatible,current_csv,ce502cd329c8c2110debe25b0b40b7b637dc4c2821e096fb5e319c7b2fff53b9,False,True
0001628280-24-025800,MRK,2024-05-30,"The Annual Meeting of Shareholders of Merck & Co., Inc. (the ""Company"") was held on May 28, 2024. Shareholders voted on the matters set forth below: 1. The following nominees were elected to the Company's Board of Directors to hold office until the Company's next Annual Meeting of Shareholders and received the number of votes set forth opposite their names.",https://www.sec.gov/Archives/edgar/data/310158/0001628280-24-025800.txt,2024-05-31,routine_compatible,current_csv,5ee82989b6cf1e95a902c229ad26fda2174d2799e260c347012920e1869ebf6b,False,True
0000034088-24-000036,XOM,2024-05-31,"Exxon Mobil Corporation held its Annual Meeting of Shareholders on May 29, 2024. At the meeting, the matters set forth below were submitted for a vote of security holders... The final voting results for the proposals presented at the Annual Meeting were as follows: Proposal 1 – Election of Directors... Proposal 2 – Ratification of Independent Auditors... Proposal 3 – Advisory Vote to Approve Executive Compensation... [and four shareholder proposals]",https://www.sec.gov/Archives/edgar/data/34088/0000034088-24-000036.txt,2024-06-03,unknown_review,current_csv,41420d4c45a3563912730e87d86684446349d709f8e92f934b69ee99aea8cdeb,False,False
0001193125-24-153221,AMGN,2024-06-03,"The Company held its Annual Meeting on May 31, 2024. The final results of the voting for each matter submitted to a vote of stockholders at the meeting are as follows: Item 1 - Election of Directors. Each of the following 12 nominees for director were elected to serve a one-year term expiring at the Company's 2025 annual meeting of stockholders.",https://www.sec.gov/Archives/edgar/data/318154/0001193125-24-153221.txt,2024-06-04,routine_compatible,current_csv,72da044ebccb4ad928d465f95ac0a0bb7d2b4cfe0d0cde29caae0d1e48b3812a,False,True
0001075531-24-000033,BKNG,2024-06-05,"The 2024 Annual Meeting of Stockholders of the Company was held virtually on June 4, 2024. Stockholders voted on the proposals as described below: The following individuals were elected to the Company's Board of Directors to serve until the next annual meeting of stockholders and until their successors are elected and qualified.",https://www.sec.gov/Archives/edgar/data/1075531/0001075531-24-000033.txt,2024-06-06,routine_compatible,current_csv,523f6a087a608b682a5815aff265c7b86bb9963436653f18cfed7a4fb27c6dd2,False,True
0000060667-24-000116,LOW,2024-06-05,"Lowe's Companies, Inc. (the ""Company"") held its annual meeting of shareholders on May 31, 2024 (the ""Annual Meeting""). Set forth below are the final voting results for each of the proposals submitted to the Company's shareholders at the Annual Meeting.",https://www.sec.gov/Archives/edgar/data/60667/0000060667-24-000116.txt,2024-06-06,unknown_review,current_csv,a626a2c16100169eb528c85213fc969ffbfcc23b143a153f591213a756559b34,False,False
0000104169-24-000103,WMT,2024-06-07,"On June 5, 2024, Walmart Inc. (the ""Company"") held its Annual Shareholders' Meeting (the ""Meeting""). The Company's shareholders elected for one-year terms all eleven persons nominated for election as directors as set forth in the Company's proxy statement dated April 25, 2024.",https://www.sec.gov/Archives/edgar/data/104169/0000104169-24-000103.txt,2024-06-10,unknown_review,current_csv,fa43867a591748346cd66444ab58ca951b93c3ce6023606ad9e731448296b975,False,False
0000731766-24-000167,UNH,2024-06-07,"On June 3, 2024, the Company held its 2024 Annual Meeting of Shareholders (the ""Annual Meeting""). There were 825,082,260 shares of common stock represented at the Annual Meeting. The shareholders of the Company voted as follows on the following matters at the Annual Meeting: 1.Election of Directors. The ten directors were elected at the Annual Meeting for a one-year term",https://www.sec.gov/Archives/edgar/data/731766/0000731766-24-000167.txt,2024-06-10,routine_compatible,current_csv,7586cc54526a3532ade640e9997aef0ab0d1852cd0b10e86b9b47cd560d88df0,False,True
0001321655-24-000088,PLTR,2024-06-10,"On June 5, 2024, Palantir Technologies Inc. (the ""Company"") held its 2024 annual meeting of stockholders (the ""Annual Meeting""). Each of the following nominees was elected to serve as a director and to hold office until the Company's next annual meeting of stockholders... The appointment of Ernst & Young as the Company's independent registered public accounting firm for the fiscal year ending December 31, 2024 was ratified.",https://www.sec.gov/Archives/edgar/data/1321655/0001321655-24-000088.txt,2024-06-11,routine_compatible,current_csv,998ea2e2267ee94fd677a82ba78fe26cb2549c45badfffbd4c031fc88e988bb6,False,True
0001166691-24-000039,CMCSA,2024-06-12,"At the annual meeting on June 10, 2024, our shareholders approved, or did not approve, the following proposals. All of the director nominees named in the proxy statement were elected to serve as directors for one-year terms.",https://www.sec.gov/Archives/edgar/data/1166691/0001166691-24-000039.txt,2024-06-13,routine_compatible,current_csv,661ac6cf8445aa1b40a11d9f5b62bb0ed1da2f30fe339eff34ab6e476e4e3bc1,False,True
0001193125-24-160721,GOOGL,2024-06-13,"At the Annual Meeting of Stockholders of Alphabet Inc. held on June 7, 2024, Alphabet's stockholders voted on fourteen proposals. The individuals listed below were elected at the 2024 Annual Meeting to serve as directors of Alphabet until the next annual meeting of stockholders or until their respective successors have been duly elected and qualified: Larry Page, Sergey Brin, Sundar Pichai, John L. Hennessy, Frances H. Arnold, R. Martin 'Marty' Chávez, L. John Doerr, Roger W. Ferguson Jr., K. Ram Shriram, and Robin L. Washington.",https://www.sec.gov/Archives/edgar/data/1652044/0001193125-24-160721.txt,2024-06-14,routine_compatible,current_csv,1cb93d86f0a5ecbad8b4925c1363900a862aeac0708787abe551e48c00bc88cb,False,True
0001193125-24-161579,TMUS,2024-06-14,"On June 12, 2024, T-Mobile US, Inc. (the ""Company"") held its Annual Meeting of Stockholders (the ""Annual Meeting""). At the Annual Meeting, the following two proposals were presented... The following 14 director nominees were elected as directors, each to hold office until the Company's 2025 Annual Meeting of Stockholders, or until his/her successor is elected and qualified, by the votes set forth below.",https://www.sec.gov/Archives/edgar/data/1283699/0001193125-24-161579.txt,2024-06-17,routine_compatible,current_csv,f7e6d70636a9965c2081b2b888de2fbd6d81c63f870ee83e7852235e838b132f,False,True
0001104659-24-071439,TSLA,2024-06-14,"At Tesla, Inc.'s ('Tesla') 2024 Annual Meeting of Stockholders (the 'Annual Meeting') held on June 13, 2024, Tesla's stockholders voted on the following twelve proposals and Tesla's inspector of election certified the vote tabulations indicated below.",https://www.sec.gov/Archives/edgar/data/1318605/0001104659-24-071439.txt,2024-06-17,unknown_review,current_csv,d1cf8a63094448fbaaacb7e2c2fa083be8ee5d510ce6775906ae48fe8e26c488,False,False
0001141391-24-000121,MA,2024-06-21,"The holders of Class A common stock elected the following individuals to serve on the Board as directors for a one-year term expiring on the date of Mastercard's 2025 annual meeting of stockholders: Merit E. Janow, Candido Bracher, Richard K. Davis, Julius Genachowski, Choon Phong Goh, Oki Matsumoto, Michael Miebach, Youngme Moon, Rima Qureshi, Gabrielle Sulzberger, Harit Talwar, Lance Uggla.",https://www.sec.gov/Archives/edgar/data/1141391/0001141391-24-000121.txt,2024-06-24,routine_compatible,current_csv,897fbb1619309df8cdea3c112717d9aac34eb40e471e6d4482e3484d87373bc6,False,True
0001099219-24-000193,MET,2024-06-24,"At the Company's annual meeting of common shareholders on June 18, 2024, the shareholders: elected thirteen Directors, each for a term expiring at the Company's 2025 annual meeting of shareholders; ratified the appointment of Deloitte & Touche LLP as the Company's independent auditor for 2024; approved, on an advisory basis, the compensation paid to the Company's Named Executive Officers as disclosed in the Company's Proxy Statement; approved the Stock Plan; and did not approve a shareholder proposal requesting a third-party racial equity audit.",https://www.sec.gov/Archives/edgar/data/1099219/0001099219-24-000193.txt,2024-06-25,routine_compatible,current_csv,977617d930592c325a6f68c3b8a00719ab67755166e3a7a763b7ea87d085b5e6,False,True
0001108524-24-000014,CRM,2024-07-01,"Salesforce, Inc. (the ""Company"") held its 2024 Annual Meeting of Stockholders on June 27, 2024 (the ""Meeting""). The proposals considered at the Meeting are described in the Company's 2024 Proxy Statement filed with the Securities and Exchange Commission on May 16, 2024 (the ""Proxy Statement""), and the final voting results are set forth below",https://www.sec.gov/Archives/edgar/data/1108524/0001108524-24-000014.txt,2024-07-02,unknown_review,current_csv,88ed83376b5cce1bacdbe528f2e46c8c4078ad205527a96fd96f13527496325a,False,False
0001045810-24-000206,NVDA,2024-07-02,"On June 26, 2024, at the 2024 Annual Meeting of Stockholders of NVIDIA Corporation, the following proposals were adopted by the margin indicated... Stockholders approved the election of each of our twelve (12) director nominees to hold office until the 2025 Annual Meeting of Stockholders.",https://www.sec.gov/Archives/edgar/data/1045810/0001045810-24-000206.txt,2024-07-03,routine_compatible,current_csv,47620b1a12018352cf933424d4887aa6f48fcf43043414b4de1e209bd0ef30f1,False,True
0001193125-24-224857,FDX,2024-09-24,"FedEx's annual meeting of stockholders was held on September 23, 2024. The stockholders took the following actions at the annual meeting: Proposal 1: The stockholders elected fourteen directors... Proposal 2: The compensation of FedEx's named executive officers was approved, on an advisory basis, by stockholders... Proposal 3: The Audit and Finance Committee's designation of Ernst & Young LLP as FedEx's independent registered public accounting firm for the fiscal year ending May 31, 2025 was ratified by stockholders.",https://www.sec.gov/Archives/edgar/data/1048911/0001193125-24-224857.txt,2024-09-25,routine_compatible,current_csv,3d06f2263d1bdaf7980776a5b5aa9bd63e62a1f0b3a19fb07ee8b9766236e4d7,False,True
0000080424-24-000100,PG,2024-10-10,"On October 8, 2024, The Procter & Gamble Company (""the Company""), held its 2024 Annual Meeting of Shareholders. Set forth below are the final voting results for each of the proposals submitted to a vote of the shareholders.",https://www.sec.gov/Archives/edgar/data/80424/0000080424-24-000100.txt,2024-10-11,unknown_review,current_csv,43f4eaea61526b8b520409e17b05f9357b96ff45e23812d4fa151436d9918bed,False,False
0001613103-24-000151,MDT,2024-10-21,"On October 17, 2024, the Company held its 2024 Annual General Meeting of Shareholders in order to: (1) elect, by separate resolutions, ten directors... The final voting results and the votes used to determine the results for each proposal are set forth below: The shareholders elected each of the ten nominees to the Board of Directors... The shareholders ratified, in a non-binding vote, the appointment of PricewaterhouseCoopers LLP as Medtronic's independent auditor for fiscal year 2025... The shareholders approved, on a non-binding advisory basis, the compensation awarded to the Company's named executive officers.",https://www.sec.gov/Archives/edgar/data/1613103/0001613103-24-000151.txt,2024-10-22,unknown_review,current_csv,24df7fabd96b096a3ca099c4732f23dd446f84ea1d6c1103965205ca16735c5d,False,False
0001193125-24-275524,MSFT,2024-12-11,"On December 10, 2024, Microsoft Corporation held its 2024 Annual Shareholders Meeting. The shareholders: (1) Voted to elect each of the 12 nominees for director. (2) Approved, on an advisory basis, the compensation of the Company's named executive officers. (3) Voted to ratify the appointment of Deloitte & Touche LLP as the Company's independent registered public accounting firm for fiscal year 2025.",https://www.sec.gov/Archives/edgar/data/789019/0001193125-24-275524.txt,2024-12-12,unknown_review,current_csv,e81d3992c8ef6379f8c69ab70a72884501632af17a69cacbbd4a31605d64f79e,False,False
0000896878-25-000003,INTU,2025-01-27,"On January 23, 2025, at the Meeting, stockholders: 1. Elected thirteen persons to serve as directors of the Company; 2. Approved, on an advisory basis, the Company's executive compensation; 3. Ratified the selection of Ernst & Young LLP to serve as the independent registered public accounting firm for the fiscal year ending July 31, 2025; and 4. Approved an amendment to the Company's Certificate of Incorporation to limit the liability of certain officers.",https://www.sec.gov/Archives/edgar/data/896878/0000896878-25-000003.txt,2025-01-28,unknown_review,current_csv,a9744f69a8cc0fe4fa3ae9c910ec4222aed096ee5ac86a9a9586c25fa33ba592,False,False
0000909832-25-000005,COST,2025-01-27,"On January 23, 2025, Costco Wholesale Corporation (the ""Company"") held its Annual Meeting of Shareholders... All items except item 4 were approved. The results of the votes are set forth below: [detailed voting results for director elections, auditor ratification, executive compensation advisory vote, and shareholder proposal]",https://www.sec.gov/Archives/edgar/data/909832/0000909832-25-000005.txt,2025-01-28,routine_compatible,current_csv,83f6eb40bdae11d5fa96f2e73e5a776e44e37d29f6ccb895e1e3a0592aebcfca,False,True
0001403161-25-000010,V,2025-01-29,"The 2025 Annual Meeting of Shareholders of Visa Inc. (the ""Company"") was held on January 28, 2025, and the shareholders of the Company's Class A common stock voted on seven proposals... Set forth below are the matters the shareholders voted on and the final voting results.",https://www.sec.gov/Archives/edgar/data/1403161/0001403161-25-000010.txt,2025-01-30,unknown_review,current_csv,d0daaaa7f721551c28d7ac604fa3844e0cdd219e9329f9c4c4194ca5bb25774a,False,False
0000032604-25-000036,EMR,2025-02-07,"The final results for each of the matters submitted to a vote at the Company's 2025 Annual Meeting of Shareholders held on February 4, 2025 are as follows: Proposal 1: The four Directors named in the Proxy Statement were elected by the shareholders, by the votes set forth in the table below: Joshua B. Bolten, Calvin G. Butler, Jr., Surendralal (Lal) L. Karsanbhai, and Lori M. Lee.",https://www.sec.gov/Archives/edgar/data/32604/0000032604-25-000036.txt,2025-02-10,routine_compatible,current_csv,99f2e1af2b643f94a68b155eb1e476aa809fbddbc5ca91a9bf4409f4a2ff42aa,False,True
0001558370-25-001881,DE,2025-02-28,"Deere & Company (the ""Company"") held its annual meeting of shareholders on February 26, 2025 (the ""Annual Meeting""). The voting results for each matter submitted to a vote of shareholders at the Annual Meeting are as follows: 1.Election of Directors All director nominees were elected for terms expiring at the 2026 annual meeting of shareholders",https://www.sec.gov/Archives/edgar/data/315189/0001558370-25-001881.txt,2025-03-03,routine_compatible,current_csv,a4a8b940b01b80fb0e5383c54effbae6f23eea1d1087378d364c005de472943a,False,True
0000829224-25-000024,SBUX,2025-03-14,"On March 12, 2025, Starbucks Corporation held its 2025 Annual Meeting of Shareholders. The matters submitted to a vote at the Annual Meeting and the voting results of such matters are as follows: Proposal 1 - Election of Directors... Proposal 2 - Advisory Resolution on Executive Compensation... Proposal 3 - Ratification of the Selection of Deloitte & Touche LLP... Proposal 4-8 - Shareholder Proposals with voting results.",https://www.sec.gov/Archives/edgar/data/829224/0000829224-25-000024.txt,2025-03-17,unknown_review,current_csv,a4e4d386cec2370564b5f3dd2a8ece8c9a256b5893f90476f6a2f236b0c9860a,False,False
0000804328-25-000018,QCOM,2025-03-20,"QUALCOMM Incorporated (the ""Company"") held its 2025 Annual Meeting of Stockholders on March 18, 2025 (the ""Annual Meeting""). At the Annual Meeting, the Company's stockholders considered five proposals, each of which is described briefly below and in more detail in the Company's definitive proxy statement dated January 23, 2025. The final voting results for each proposal are set forth below.",https://www.sec.gov/Archives/edgar/data/804328/0000804328-25-000018.txt,2025-03-21,unknown_review,current_csv,8f7834cdbbfeaaf476cfaab7a20a57411cf58c5ae8719f189fc1a2e517e8986c,False,False
0001744489-25-000079,DIS,2025-03-24,"The final results of voting on each of the matters submitted to a vote of security holders during the Registrant's annual meeting of shareholders on March 20, 2025 are as follows. 1. Election of Directors with voting results for Mary T. Barra, Amy L. Chang, D. Jeremy Darroch, Carolyn N. Everson, Michael B.G. Froman, James P. Gorman, Robert A. Iger, Maria Elena Lagomasino, Calvin R. McDonald, and Derica W. Rice.",https://www.sec.gov/Archives/edgar/data/1744489/0001744489-25-000079.txt,2025-03-25,unknown_review,current_csv,3b443bb994cc942fd872a88f967120574befe912ad1e760b47c0506e03e67840,False,False
0001193125-25-082955,BK,2025-04-16,"On April 15, 2025, The Bank of New York Mellon Corporation held its Annual Meeting of Stockholders. At the Annual Meeting, each nominee for director was elected by a majority of votes cast (proposal 1). In addition, stockholders approved, on an advisory basis, the 2024 compensation of BNY's named executive officers (proposal 2) and ratified the appointment of KPMG LLP as BNY's independent registered public accountants for the year ending December 31, 2025 (proposal 3).",https://www.sec.gov/Archives/edgar/data/1390777/0001193125-25-082955.txt,2025-04-17,routine_compatible,current_csv,83d4fea8d385b8d920ef425344fd1e72b8a8cb0ad09a7dc315ef8ce37e48f2fc,False,True
0001628280-25-018230,USB,2025-04-17,"U.S. Bancorp (the ""Company"") held its 2025 annual meeting of shareholders on Tuesday, April 15, 2025. Shareholders considered four proposals at the meeting... The Company's shareholders elected each of the thirteen nominees for director... The Company's shareholders gave advisory approval of the compensation of the Company's executive officers... The Company's shareholders ratified the selection of Ernst & Young LLP... The Company's shareholders did not approve the shareholder proposal regarding a report on board oversight of risks relating to discrimination.",https://www.sec.gov/Archives/edgar/data/36104/0001628280-25-018230.txt,2025-04-21,routine_compatible,current_csv,f6a38c2c30913028e57341ce92091ac1326ff969eb951c4136b67a190c95323e,False,True
0001730168-25-000037,AVGO,2025-04-22,"Broadcom Inc. held its 2025 Annual Meeting of Stockholders on April 21, 2025. At the 2025 Annual Meeting, Broadcom stockholders voted on the following matters and cast their votes as set forth below: (1) The nine nominees were elected to serve as directors of Broadcom until the next annual meeting of stockholders or until their successors have been elected.",https://www.sec.gov/Archives/edgar/data/1730168/0001730168-25-000037.txt,2025-04-23,routine_compatible,current_csv,d55d9b386127e8760a2e0269e5b9bd98b34514e72958e3b664b4898b7ace454e,False,True
0000070858-25-000195,BAC,2025-04-24,"On April 22, 2025, the Corporation held its Annual Meeting. The Corporation's shareholders: elected all of the nominees for director; approved the advisory vote on executive compensation; ratified the appointment of PricewaterhouseCoopers LLP as the Corporation's independent registered public accounting firm for 2025; and approved the amendment and restatement of the Plan.",https://www.sec.gov/Archives/edgar/data/70858/0000070858-25-000195.txt,2025-04-25,routine_compatible,current_csv,51e6cc64f8475023f70210745488dfaf78e97538d7bea81b087e475491d274b9,False,True
0001193125-25-093530,GS,2025-04-24,"The Annual Meeting was held on April 23, 2025. The results of the matters submitted to a shareholder vote at the Annual Meeting were as follows: Election of Directors: Our shareholders elected the following 14 directors to each serve a one-year term expiring on the date of our 2026 annual meeting of shareholders or until his or her successor has been duly chosen and qualified.",https://www.sec.gov/Archives/edgar/data/886982/0001193125-25-093530.txt,2025-04-25,routine_compatible,current_csv,5594a2ab85c045ad4e53d98f70ed1d633b2f1dcf4c3409c8210739de0d8ff9ed,False,True
0001628280-25-019665,ADBE,2025-04-24,"At the Annual Meeting, held on April 22, 2025, the Company's stockholders approved proposals one through four and did not approve proposal five listed below. The final results for the votes regarding each proposal are set forth in the following tables.",https://www.sec.gov/Archives/edgar/data/796343/0001628280-25-019665.txt,2025-04-25,routine_compatible,current_csv,7b724ba625b3226d066ad7a21e6729ae53c86fb624927ce4f0d52e53d6185936,False,True
0001091667-25-000100,CHTR,2025-04-25,"As a result of the votes cast as reported above, the stockholders elected each nominee as a director of the Company, approved the Charter Communications, Inc. 2025 Employee Stock Purchase Plan, ratified the appointment of KPMG LLP as independent public accounting firm for the Company for the year ending December 31, 2025, and did not approve the stockholder proposal regarding political expenditures report.",https://www.sec.gov/Archives/edgar/data/1091667/0001091667-25-000100.txt,2025-04-28,unknown_review,current_csv,19d82c43c2222c4c34107ffc1213c4045416e78e0b90940f22287c3ceb216bbb,True,False
0001104659-25-040201,ABT,2025-04-28,"Abbott held its Annual Meeting of Shareholders on April 25, 2025. The shareholders elected Abbott's entire Board of Directors... The shareholders ratified the appointment of Ernst & Young LLP as Abbott's auditors... The shareholders approved the compensation of Abbott's named executive officers listed in the proxy statement for the Annual Meeting, with 89.90 percent of the votes cast voting 'For' the proposal.",https://www.sec.gov/Archives/edgar/data/1800/0001104659-25-040201.txt,2025-04-29,routine_compatible,current_csv,731a0a297c298f5a958c7cdda2b4fce6239a427528f9e15eacb623e1e1d64f44,False,True
0000078003-25-000109,PFE,2025-04-28,"The Pfizer Inc. (the ""Company"") Annual Meeting of Shareholders was held on April 24, 2025. Shareholders voted on the matters set forth below. The nominees for election to the Company's Board of Directors set forth in Item 1 to the Company's Proxy Statement filed with the U.S. Securities and Exchange Commission on March 13, 2025 were elected to hold office until the Company's next Annual Meeting of Shareholders, based upon the following votes: [detailed voting results for 13 director nominees]",https://www.sec.gov/Archives/edgar/data/78003/0000078003-25-000109.txt,2025-04-29,routine_compatible,current_csv,eb2dcd42330070b9b88a68a022d646380897924f8d7a82149c8183847bd70a3e,False,True
0000200406-25-000141,JNJ,2025-04-30,"The 2025 Annual Meeting of Shareholders of the Company was held on April 24, 2025. At the 2025 Annual Meeting of Shareholders, the shareholders: elected all 11 Director nominees named in the 2025 Proxy Statement to the Company's Board of Directors; approved, on an advisory basis, the executive compensation philosophy, policies and procedures; ratified the appointment of PricewaterhouseCoopers LLP as the Company's independent registered public accounting firm for the fiscal year 2025; did not approve the shareholder proposal for shareholder opportunity to vote on excessive golden parachutes; and did not approve the shareholder proposal to produce a human rights impact assessment.",https://www.sec.gov/Archives/edgar/data/200406/0000200406-25-000141.txt,2025-05-01,routine_compatible,current_csv,8ee796425abc455aa82ba7a5f0c53ed73d43da9d5b3ef17370a06c399f9f54a1,False,True
0001104659-25-043532,C,2025-05-01,"Citigroup's 2025 Annual Meeting of Stockholders was held on April 29, 2025. At the meeting: (1)12 persons were elected to serve as directors of Citigroup; (2)the selection of KPMG LLP to serve as the independent registered public accounting firm of Citigroup for 2025 was ratified; (3)an advisory vote to approve our 2024 Executive Compensation was approved; (4)a proposal to approve additional shares for the Citigroup 2019 Stock Incentive Plan was approved.",https://www.sec.gov/Archives/edgar/data/831001/0001104659-25-043532.txt,2025-05-02,routine_compatible,current_csv,1e4ec0815dc84d68cd17d45e72e063f0d021a3dd074c7058501693756db120ae,False,True
0000072971-25-000139,WFC,2025-05-02,"The Company held its annual meeting of shareholders on April 29, 2025 ('2025 Annual Meeting'). At the 2025 Annual Meeting, shareholders elected the 13 director nominees nominated by the Board as each director nominee received a greater number of votes cast 'for' his or her election than votes cast 'against' his or her election.",https://www.sec.gov/Archives/edgar/data/72971/0000072971-25-000139.txt,2025-05-05,routine_compatible,current_csv,33edb2b666c55b60efc0681644427c90e898d72b4a8be8e583b1ce85113b53a2,False,True
0000101829-25-000018,RTX,2025-05-05,"The Company held its 2025 Annual Meeting of Shareowners on May 1, 2025. Set forth below are the final voting results for each of the matters submitted to a vote of the shareowners.",https://www.sec.gov/Archives/edgar/data/101829/0000101829-25-000018.txt,2025-05-06,unknown_review,current_csv,ae6eb80e7f84ae2610b9199b7d1b92951319d6af43089236d4af3f4f030f9481,False,False
0001035267-25-000156,ISRG,2025-05-05,"At the Company's annual meeting of stockholders held on May 1, 2025 (the ""Annual Meeting""), the Company's stockholders approved the Amended 2010 Plan. At the Annual Meeting, the stockholders of Intuitive Surgical, Inc. (the ""Company"") voted on the following six proposals, each of which is described in detail in the Proxy Statement filed with the Securities and Exchange Commission on March 14, 2025.",https://www.sec.gov/Archives/edgar/data/1035267/0001035267-25-000156.txt,2025-05-06,routine_compatible,current_csv,2427dbb1c75dded2942ae8dd19e02317df9028d33b59d8ebcd97711db056ef5a,False,True
0001140361-25-017742,BMY,2025-05-07,"The Annual Meeting of the Company was held on May 6, 2025. Shareholders voted on the matters set forth below. The shareholders elected each of the Company's 11 nominees to serve as directors of the Company until the 2026 Annual Meeting based upon the following votes: [detailed voting results for all 11 directors]",https://www.sec.gov/Archives/edgar/data/14272/0001140361-25-017742.txt,2025-05-08,routine_compatible,current_csv,592bdeeb39d6a1fd4e2cc764bad6d40020030f60392252de709cf95c8012baa3,False,True
0000059478-25-000138,LLY,2025-05-08,"The Eli Lilly and Company annual meeting of shareholders (the '2025 Annual Meeting') was held on May 5, 2025. The total number of shares of the Company's common stock voted in person or by proxy at the 2025 Annual Meeting was 846,655,979, representing approximately 89% of the 947,989,151 shares that were outstanding and entitled to vote as of February 26, 2025, the record date of the 2025 Annual Meeting. Voting results for each matter submitted to a vote at the 2025 Annual Meeting are provided below.",https://www.sec.gov/Archives/edgar/data/59478/0000059478-25-000138.txt,2025-05-09,unknown_review,current_csv,58665822988415ec60bd7eb9acd855f21e6f30023ccfbd303dcac09332d27f6b,False,False
0000313616-25-000110,DHR,2025-05-08,"The annual meeting of shareholders of Danaher Corporation (the ""Company"") was held on May 6, 2025. At the annual meeting, the Company's shareholders voted on the following proposals: 1. To elect the thirteen directors named in the Company's proxy statement to terms expiring in 2026. Each nominee for director was elected by a vote of the shareholders as follows: [detailed voting results for all 13 directors]",https://www.sec.gov/Archives/edgar/data/313616/0000313616-25-000110.txt,2025-05-09,routine_compatible,current_csv,123c1ae3a3d016f2d5047d3d72cca769382882932b546f60fbc8367e95b0fdbc,False,True
0000882095-25-000015,GILD,2025-05-08,"The 2025 annual meeting of stockholders (the ""Annual Meeting"") of Gilead Sciences, Inc. (the ""Company"") was held on May 7, 2025... The Company's stockholders elected nine directors to serve for the next year and until their successors are elected and qualified.",https://www.sec.gov/Archives/edgar/data/882095/0000882095-25-000015.txt,2025-05-09,routine_compatible,current_csv,4a5a53d181dbc41fd7a83b72337ff9da334776f0872778e9477444c24ebbcf56,False,True
0000927628-25-000144,COF,2025-05-08,"The 2025 Annual Stockholder Meeting (the ""Annual Meeting"") of Capital One Financial Corporation (the ""Company"") was held on May 8, 2025... Stockholders elected Mr. Richard D. Fairbank, Mr. Ime Archibong, Ms. Christine Detrick, Ms. Ann Fritz Hackett, Ms. Suni P. Harford, Mr. Peter Thomas Killalea, Mr. Cornelis Petrus Adrianus Joseph (""Eli"") Leenaars, Mr. François Locoh-Donou, Mr. Peter E. Raskind, Ms. Eileen Serra, Mr. Mayo A. Shattuck III, and Mr. Craig Anthony Williams to the Company's Board of Directors for terms expiring at the 2026 annual meeting of stockholders.",https://www.sec.gov/Archives/edgar/data/927628/0000927628-25-000144.txt,2025-05-09,routine_compatible,current_csv,7452da657eff552f9ce8546a98fa52fa27bb77d1eb3dee261c63d0bd07f786c3,False,True
0000936468-25-000038,LMT,2025-05-09,"Lockheed Martin Corporation (the ""Company"") held its Annual Meeting of Stockholders on May 9, 2025. Of the 234,573,049 shares outstanding and entitled to vote (as of the February 28, 2025 record date), 202,834,756 shares were represented at the meeting, or an 86.47% quorum. The final results of voting for each matter submitted to a vote of stockholders at the meeting are as follows: Proposal 1 - Election of Directors [with voting results for 10 directors], Proposal 2 - Advisory Vote to Approve the Compensation of our Named Executive Officers (Say-on-Pay) [approved], Proposal 3 - Ratification of the Appointment of Ernst & Young LLP as our Independent Auditors for 2025 [approved], Proposal 4 - Stockholder Proposal Requesting Shareholder Approval Requirement for Excessive Golden Parachutes [not approved], and Proposal 5 - Stockholder Proposal Requesting a Report on Alignment of Political Activities with Human Rights Policy [not approved].",https://www.sec.gov/Archives/edgar/data/936468/0000936468-25-000038.txt,2025-05-12,routine_compatible,current_csv,388f1cbcd54062c05ec9b6f7f3d332bb981ca9d675d7e714eb8bb37cf248b433,False,True
0000040545-25-000091,GE,2025-05-09,"At the Annual Meeting, shareholders elected all of the Company's nominees for director; approved the advisory vote on the Company's named executives' compensation ('Say on Pay'); and ratified the appointment of Deloitte & Touche LLP as the Company's independent auditor for 2025 ('Auditor Ratification'). Shareholders did not approve the shareholder proposal requesting a vote on severance payments.",https://www.sec.gov/Archives/edgar/data/40545/0000040545-25-000091.txt,2025-05-12,routine_compatible,current_csv,dfec5d13093816c65de10512f9c149863230f2995e64f180437ad7d74243e3e8,False,True
0000100885-25-000160,UNP,2025-05-09,"Union Pacific Corporation (the Company) held its Annual Meeting of Shareholders on May 8, 2025. The shareholders of the Company's common stock considered and voted upon four proposals at the Meeting. The Shareholders elected each of the following directors to serve a term of one year... The Shareholders voted for the ratification of the appointment of Deloitte & Touche LLP... The Shareholders approved, on an advisory (non-binding) basis, the compensation of the Company's Named Executive Officers... The Shareholders voted against Proposal 4.",https://www.sec.gov/Archives/edgar/data/100885/0000100885-25-000160.txt,2025-05-12,routine_compatible,current_csv,075eba788ad075d7ad8fec236c3ceb799c0642e700bd2b1d7f03f8a962af705d,False,True
0000040533-25-000017,GD,2025-05-09,"The results of voting on Proposals 1 through 4, as numbered in General Dynamics Corporation's (the ""Company"") 2025 Proxy Statement submitted to the Company's shareholders for consideration at the Annual Meeting of Shareholders held on May 7, 2025, are set forth below.",https://www.sec.gov/Archives/edgar/data/40533/0000040533-25-000017.txt,2025-05-12,unknown_review,current_csv,eed9682f3b3aca1a976c86f109d4298c36dfc5e839b1b04592d0cbc6331aa9a5,False,False
0000050863-25-000084,INTC,2025-05-09,"At the annual meeting of stockholders (the ""Annual Meeting"") of Intel Corporation (the ""Company"") held on May 6, 2025, a total of 3,328,455,208 shares of the Company's common stock were present or represented by proxy, representing 76.3% of the 4,360,591,639 shares outstanding as of the close of business on March 10, 2025, the record date for the determination of stockholders entitled to vote at the Annual Meeting. The following are the voting results on the seven proposals considered and voted upon at the Annual Meeting",https://www.sec.gov/Archives/edgar/data/50863/0000050863-25-000084.txt,2025-05-12,unknown_review,current_csv,a1c8faf59049496012ed0dc1ef158ee39c8bb3e6b220c6561e8a647dfc3e4cbc,False,False
0001552781-25-000174,UBER,2025-05-09,"On May 5, 2025, Uber Technologies, Inc. held its annual meeting of stockholders. Present at the Meeting in person or by proxy were holders of 1,711,272,478 shares of common stock, representing approximately 82% of the voting power. Based on the votes set forth above, each director nominee was duly elected to serve until the 2026 annual meeting of stockholders.",https://www.sec.gov/Archives/edgar/data/1543151/0001552781-25-000174.txt,2025-05-12,routine_compatible,current_csv,00e14b447cc2b0e7190782cfbcc0c9d919cdf8212527ace3ec610b4431862ea1,False,True
0001413329-25-000104,PM,2025-05-09,"On May 7, 2025, Philip Morris International Inc. (the ""Company"") held its Annual Meeting of Shareholders (""Annual Meeting""). The matters voted upon at the Annual Meeting and the results of such voting are set forth below: Proposal 1: Election of Directors of the Company... All director nominees were duly elected. Proposal 2: Advisory Vote Approving Executive Compensation... The proposal was approved on an advisory basis. Proposal 3: Ratification of the Selection of PricewaterhouseCoopers SA as Independent Auditors for the fiscal year ending December 31, 2025... The proposal was approved.",https://www.sec.gov/Archives/edgar/data/1413329/0001413329-25-000104.txt,2025-05-12,routine_compatible,current_csv,fedbcc3e4d75fe10840d3ecfb8597117abd36a0ca8a28ddb47625934766243d7,False,True
0001090727-25-000051,UPS,2025-05-12,"The Company held its Annual Meeting of Shareholders on May 8, 2025. The following matters were submitted to a vote of the shareholders. Election of Directors: Votes regarding the election of twelve directors for a term expiring at the Company's 2026 annual meeting of shareholders... Under the Company's Bylaws, each of the director nominees was elected.",https://www.sec.gov/Archives/edgar/data/1090727/0001090727-25-000051.txt,2025-05-13,routine_compatible,current_csv,0fd9a9293aa8ea640e20ff2c525fe4e799129dfccf556dc8eb966c24bc9931ca,True,False
0001104659-25-047402,ABBV,2025-05-13,"AbbVie held its 2025 Annual Meeting of Stockholders on May 9, 2025. The stockholders elected AbbVie's Class I directors with terms expiring in 2028... The stockholders ratified the appointment of Ernst & Young LLP as AbbVie's independent registered public accounting firm for 2025... The stockholders approved, on an advisory basis, the compensation of AbbVie's named executive officers.",https://www.sec.gov/Archives/edgar/data/1551152/0001104659-25-047402.txt,2025-05-14,routine_compatible,current_csv,97a489b5e71032c94f93529992ae310df99eafae5028f1624f69b9120eef9efc,False,True
0000066740-25-000052,MMM,2025-05-14,"At the 2025 Annual Meeting of Shareholders of the Company held on May 13, 2025, the votes cast with respect to each item of business properly presented at the meeting are as follows: Proposal No. 1 — The shareholders elected each of the eleven nominees to the Board of Directors for a one-year term by the vote of the majority of votes cast, in accordance with 3M's Bylaws.",https://www.sec.gov/Archives/edgar/data/66740/0000066740-25-000052.txt,2025-05-15,routine_compatible,current_csv,c4bd93e90bf4c36c260f6674761b616bee151a3f79cabeabdae278109fde48b7,True,False
0000021665-25-000022,CL,2025-05-14,"The Company's Annual Meeting of Stockholders was held on May 9, 2025. The matters voted on and the results of the vote were as follows. John P. Bilbrey, John T. Cahill, Steven A. Cahillane, Lisa M. Edwards, C. Martin Harris, Martina Hund-Mejean, Kimberly A. Nelson, Brian O. Newman, Lorrie M. Norrington, and Noel Wallace were elected directors of the Company.",https://www.sec.gov/Archives/edgar/data/21665/0000021665-25-000022.txt,2025-05-15,routine_compatible,current_csv,9d9d251cba92fed76a4a96c26ab5186e267e761ce72840f49bf3dba94383e263,False,True
0001104659-25-049593,COP,2025-05-15,"ConocoPhillips (the ""Company"") held its annual meeting of stockholders on May 13, 2025. All 12 nominated directors were elected to serve a one-year term. The ratification of the appointment of Ernst & Young LLP as the Company's independent registered public accounting firm for 2025 was approved. The advisory vote on the compensation of our Named Executive Officers was approved.",https://www.sec.gov/Archives/edgar/data/1163165/0001104659-25-049593.txt,2025-05-16,routine_compatible,current_csv,4371117373571f820b4cdee10c3307e6985801e13af137079465d488127c9ceb,False,True
0001053507-25-000105,AMT,2025-05-15,"The 2025 Annual Meeting of Stockholders (the ""Annual Meeting"") of American Tower Corporation (the ""Company"") was held virtually on May 14, 2025. At the Annual Meeting, the Company's stockholders elected eleven individuals to the Board of Directors (the ""Board"") and approved Proposals 2 and 3.",https://www.sec.gov/Archives/edgar/data/1053507/0001053507-25-000105.txt,2025-05-16,routine_compatible,current_csv,8182812a50917b7d5908aef50ae246269e566a7788857a2099760a7faa3de4ed,False,True
0000950103-25-006128,MS,2025-05-16,"At the Annual Meeting, all nominees for election to the Board were elected by the Shareholders. The Shareholders also voted to ratify the appointment of Deloitte & Touche LLP as the Company's independent auditor for the 2025 fiscal year. The proposals to approve the compensation of the Company's named executive officers and to approve the amended and restated EICP were also approved by the Shareholders.",https://www.sec.gov/Archives/edgar/data/895421/0000950103-25-006128.txt,2025-05-19,routine_compatible,current_csv,44b891a9e3e3f4461e9f50e1ecf198ffc435bf78c65794179f49cdd92e285217,False,True
0000005272-25-000057,AIG,2025-05-16,"On May 14, 2025, American International Group, Inc. (""AIG"") held its Annual Meeting of Shareholders (the ""Annual Meeting""). The results of the matters submitted to a shareholder vote at the Annual Meeting were as follows: Proposal 1 – Election of Directors: The following individuals were elected to serve as members of AIG's Board of Directors (the ""Board"") until the 2026 Annual Meeting or until the election and qualification of their successors.",https://www.sec.gov/Archives/edgar/data/5272/0000005272-25-000057.txt,2025-05-19,routine_compatible,current_csv,809a5c66f8b50883a1deb33bb163042126bc570dab34ab5429b2c7bc8a5edbe4,False,True
0001193125-25-121622,BLK,2025-05-16,"On May 15, 2025, BlackRock, Inc. (the ""Company"") held its 2025 Annual Meeting of Shareholders (the ""Annual Meeting""). The following are the voting results on each matter submitted to the Company's shareholders at the Annual Meeting. All director nominees were elected (Item 1). The proposal to approve the compensation of the named executive officers as disclosed in the Company's proxy statement, through a non-binding advisory vote, was approved (Item 2). Additionally, shareholders ratified the appointment of Deloitte & Touche LLP as the Company's independent registered public accounting firm for the fiscal year 2025 (Item 3).",https://www.sec.gov/Archives/edgar/data/2012383/0001193125-25-121622.txt,2025-05-19,routine_compatible,current_csv,34618df8fbe1322adb2fc71ae188dad2b76e1233fe4c854c9516cc9836a5aaef,False,True
0000764180-25-000057,MO,2025-05-19,"On May 15, 2025, Altria held its 2025 Annual Meeting of Shareholders (the 'Annual Meeting'). At the Annual Meeting, shareholders approved Altria's (1) 2025 Performance Incentive Plan (the '2025 PIP') and (2) 2025 Stock Compensation Plan for Non-Employee Directors (the '2025 Non-Employee Director Plan'). All nominees were duly elected as directors of Altria.",https://www.sec.gov/Archives/edgar/data/764180/0000764180-25-000057.txt,2025-05-20,routine_compatible,current_csv,0dc28e43fad893b7ab26ffd46ccedeeec05f1294a3e4da1fb4c344598b126d32,False,True
0000064803-25-000015,CVS,2025-05-20,"The following are the voting results on each matter submitted to the stockholders of CVS Health Corporation (the ""Company"") at the Annual Meeting of Stockholders held on May 15, 2025 (the ""Annual Meeting""). At the Annual Meeting, the 13 nominees for director were elected to the Company's Board of Directors for a term of one year (Item 1). The Company proposal regarding the ratification of the appointment of Ernst & Young LLP as the Company's independent registered public accounting firm for 2025 (Item 2) was approved. The Company proposal to approve, on an advisory basis, the compensation of the Company's named executive officers as disclosed in the Proxy Statement (Item 3) was approved. One stockholder proposal (Item 4) was not approved.",https://www.sec.gov/Archives/edgar/data/64803/0000064803-25-000015.txt,2025-05-21,routine_compatible,current_csv,529f710902862b50a6e0dbcddb8e2d1bd672a0246834c327075fca725d387236,False,True
0001104659-25-052014,AMZN,2025-05-22,"On May 21, 2025, Amazon.com, Inc. (the ""Company"") held its Annual Meeting of Shareholders. The following nominees were elected as directors, each to hold office until the next Annual Meeting of Shareholders or until his or her successor is elected and qualified, by the vote set forth below: [12 directors elected with vote counts]",https://www.sec.gov/Archives/edgar/data/1018724/0001104659-25-052014.txt,2025-05-23,routine_compatible,current_csv,a109e5e63a96cfe36d97a0d011c1990630334a70704b27929196293aad7467eb,False,True
0000019617-25-000485,JPM,2025-05-22,"Registrant held its Annual Meeting of Shareholders on Tuesday, May 20, 2025; 2,371,361,078 shares were represented in person or by proxy, or 85.21% of the total shares outstanding. The results of the shareholder voting on the proposals presented were as follows: Proposal 1 - Shareholders elected the 12 director nominees named in the Proxy Statement.",https://www.sec.gov/Archives/edgar/data/19617/0000019617-25-000485.txt,2025-05-23,routine_compatible,current_csv,402edc70155aa0c0edca287b27542e425d6d04e0835e83dbf551deeef0a32e18,False,True
0001193125-25-125853,SCHW,2025-05-23,"The 2025 Annual Meeting of Stockholders of The Charles Schwab Corporation (""CSC"") was held on May 22, 2025. All nominees for director were elected, and each nominee received more ""for"" votes than ""against"" votes cast for the nominee's election. The proposal to ratify the selection of Deloitte & Touche LLP (""Deloitte"") as CSC's independent auditors for the 2025 fiscal year was approved. The advisory vote on named executive officer (""NEO"") compensation was approved. The stockholder proposal requesting declassification of the board of directors (the ""Board"") to elect each director annually was approved.",https://www.sec.gov/Archives/edgar/data/316709/0001193125-25-125853.txt,2025-05-27,routine_compatible,current_csv,89f97285616a90e91b940bba2437e30d9552abd6766d901bea5e6888d24306ad,False,True
0000063908-25-000029,MCD,2025-05-23,"McDonald's Corporation held its 2025 Annual Shareholders' Meeting on May 20, 2025. Set forth below are the final, certified voting results for each proposal presented at the Annual Meeting, as reported by Broadridge Financial Solutions, Inc., the Company's independent inspector of election.",https://www.sec.gov/Archives/edgar/data/63908/0000063908-25-000029.txt,2025-05-27,unknown_review,current_csv,292b6c11f37eb80253e3c776eabb395df612f9a1dd26bba6ceaa966676bcc24a,False,False
0001373715-25-000208,NOW,2025-05-27,"At the Annual Meeting, the shareholders were asked to vote on seven proposals. A brief description of each proposal, along with the final voting results, is set forth below: [including director elections, say-on-pay vote, auditor ratification, charter amendments, and shareholder proposals with detailed voting tallies]",https://www.sec.gov/Archives/edgar/data/1373715/0001373715-25-000208.txt,2025-05-28,unknown_review,current_csv,601838557b6204b63de01295e580214bcdd0c582f1ea0ef4f51bbfd5887c5a61,True,False
0000950170-25-077233,AMGN,2025-05-27,"The Company held its Annual Meeting on May 23, 2025. The final results of the voting for each matter submitted to a vote of stockholders at the meeting are as follows: Item 1 - Election of Directors... Item 2 - Advisory Vote to Approve Our Executive Compensation... Item 3 - Ratification of Selection of Independent Registered Public Accountants.",https://www.sec.gov/Archives/edgar/data/318154/0000950170-25-077233.txt,2025-05-28,unknown_review,current_csv,773ad0cb6a376a3ad28941ac6a5fcd5ed9700450a5b045cc0209f4e03c419fe9,False,False
0000092122-25-000059,SO,2025-05-27,"The Southern Company held its Annual Meeting of Stockholders on May 21, 2025. Stockholders voted as follows on the eight matters presented for a vote: 1. The nominees for election to the Board of Directors were elected based on the following votes",https://www.sec.gov/Archives/edgar/data/92122/0000092122-25-000059.txt,2025-05-28,routine_compatible,current_csv,b12c3a16f32550c7bf889bfe1f9ec551050570603d092122a59e419c0272c73a,False,True
0001193125-25-129505,VZ,2025-05-28,"At the 2025 Annual Meeting of Shareholders of Verizon Communications Inc. held on May 22, 2025, the following items were submitted to a vote of shareholders. The following nominees were elected to serve on the Board of Directors: Shellye Archambeau, Roxanne Austin, Mark Bertolini, Vittorio Colao, Caroline Litchfield, Laxman Narasimhan, Clarence Otis, Jr., Daniel Schulman, Carol Tomé, Hans Vestberg.",https://www.sec.gov/Archives/edgar/data/732712/0001193125-25-129505.txt,2025-05-29,routine_compatible,current_csv,306f0c17890494e240131709bf371322a434cb8058fa0f739e6a7cc9373c5da9,False,True
0000354950-25-000167,HD,2025-05-28,"The 2025 Annual Meeting of Shareholders of The Home Depot, Inc. (the ""Company"") was held on May 22, 2025. Below are the final vote results from the meeting.",https://www.sec.gov/Archives/edgar/data/354950/0000354950-25-000167.txt,2025-05-29,unknown_review,current_csv,bf603bedf4c4367530881002e7f233290a95892fd9fabd2f500d8a5d39e9c33e,False,False
0001104659-25-054131,MRK,2025-05-29,"The Annual Meeting of Shareholders of Merck & Co., Inc. (the ""Company"") was held on May 27, 2025. Shareholders voted on the matters set forth below: 1. The following nominees were elected to the Company's Board of Directors to hold office until the Company's next Annual Meeting of Shareholders and received the number of votes set forth opposite their names.",https://www.sec.gov/Archives/edgar/data/310158/0001104659-25-054131.txt,2025-05-30,routine_compatible,current_csv,081847fb803b71057213d63020cbf4539c8b1752da063ea93ed6e7f64ff2bbdb,False,True
0000093410-25-000024,CVX,2025-05-30,"At the Annual Meeting, Chevron stockholders voted on the matters set forth below, with final voting results indicated. All nominees for election to the Chevron Board of Directors ('Board') were elected, each for a one-year term. The Board's proposal to ratify the appointment of PricewaterhouseCoopers LLP as Chevron's independent registered public accounting firm for 2025 was approved. The Board's proposal to amend the Company's Charter to provide for officer exculpation was approved.",https://www.sec.gov/Archives/edgar/data/93410/0000093410-25-000024.txt,2025-06-02,routine_compatible,current_csv,56935ce85bec052fc9080e3899a43fafb89d546241ad6ec1a51c251ff5ff5e94,True,False
0001326801-25-000090,META,2025-05-30,"On May 28, 2025, Meta Platforms, Inc. held its annual meeting of shareholders via live audio webcast. At the Annual Meeting, the Company's shareholders voted on fourteen proposals. Each of the fifteen nominees for director was elected to serve until the next annual meeting of shareholders.",https://www.sec.gov/Archives/edgar/data/1326801/0001326801-25-000090.txt,2025-06-02,routine_compatible,current_csv,d8d0123df3eae6da0be28ad17e40f88901f414ca6ffb12c7046d22b6f1a3f4eb,False,True
0001075531-25-000026,BKNG,2025-06-04,"The 2025 Annual Meeting of Stockholders of the Company was held virtually on June 3, 2025 at www.virtualshareholdermeeting.com/BKNG2025. Stockholders voted on the proposals as described below: The following individuals were elected to the Company's Board of Directors to serve until the next annual meeting of stockholders and until their successors are elected and qualified.",https://www.sec.gov/Archives/edgar/data/1075531/0001075531-25-000026.txt,2025-06-05,routine_compatible,current_csv,fef8f7930e0927ad3773976318c8c4ca88c167c48262249e10c2a75027a54509,False,True
0000731766-25-000154,UNH,2025-06-04,"On June 2, 2025, the Company held its 2025 Annual Meeting of Shareholders (the ""Annual Meeting""). There were 811,952,044 shares of common stock represented at the Annual Meeting. The shareholders of the Company voted as follows on the following matters at the Annual Meeting: 1.Election of Directors. The nine directors were elected at the Annual Meeting for a one-year term",https://www.sec.gov/Archives/edgar/data/731766/0000731766-25-000154.txt,2025-06-05,routine_compatible,current_csv,6568405b54764d887523ca7536b73e3855fce956c6464d44143ff15ea591c551,False,True
0000060667-25-000131,LOW,2025-06-05,"Lowe's Companies, Inc. (the ""Company"") held its annual meeting of shareholders on May 30, 2025 (the ""Annual Meeting""). Set forth below are the final voting results for each of the proposals submitted to the Company's shareholders at the Annual Meeting.",https://www.sec.gov/Archives/edgar/data/60667/0000060667-25-000131.txt,2025-06-06,unknown_review,current_csv,31414ba6cef66b42bde4bb8d076e15c3b3600bfcf940b4bf5450e7f8ad6266e1,False,False
0001467858-25-000112,GM,2025-06-05,"On June 3, 2025, General Motors Company (the ""Company"") held its 2025 Annual Meeting of Shareholders (the ""Annual Meeting""). At the Annual Meeting, GM shareholders approved the adoption of the Company's amended and restated Certificate of Incorporation.",https://www.sec.gov/Archives/edgar/data/1467858/0001467858-25-000112.txt,2025-06-06,routine_compatible,current_csv,ff78e5e2f1efe44c1dee3b9802f5fb654fa0f4eba01880f356ff3cedc3dcd560,False,True
0000104169-25-000092,WMT,2025-06-06,"On June 5, 2025, Walmart Inc. (the ""Company"") held its Annual Shareholders' Meeting (the ""Meeting""). During the Meeting, the Company's shareholders voted on the matters set forth below. The Company's shareholders elected for one-year terms all twelve persons nominated for election as directors as set forth in the Company's proxy statement dated April 24, 2025.",https://www.sec.gov/Archives/edgar/data/104169/0000104169-25-000092.txt,2025-06-09,unknown_review,current_csv,519cd41a5d8083efdd638fc235bf492cb404515f78886c32463cde3c087dca28,False,False
0001633917-25-000105,PYPL,2025-06-09,"At the Annual Meeting, the stockholders: 1. Elected the 11 director nominees named in the Company's Proxy Statement to serve as directors until the Company's 2026 Annual Meeting of Stockholders and until their respective successors are elected and qualified. 2. Approved, on an advisory basis, the compensation of the named executive officers. 3. Approved the amendment and restatement of the 2015 Equity Incentive Award Plan. 4. Ratified the appointment of PricewaterhouseCoopers LLP as the Company's independent auditor for 2025.",https://www.sec.gov/Archives/edgar/data/1633917/0001633917-25-000105.txt,2025-06-10,routine_compatible,current_csv,572ad7b19ced954741e60cc06aa9aada71061d1509e6706ea5a4c19396dd755d,False,True
0001321655-25-000084,PLTR,2025-06-09,"On June 5, 2025, Palantir Technologies Inc. held its 2025 annual meeting of stockholders. Each of the following nominees was elected to serve as a director and to hold office until the Company's next annual meeting of stockholders... The appointment of Ernst & Young as the Company's independent registered public accounting firm for the fiscal year ending December 31, 2025 was ratified.",https://www.sec.gov/Archives/edgar/data/1321655/0001321655-25-000084.txt,2025-06-10,routine_compatible,current_csv,f0551bf79f2bbb2bcc7d06c634f1a54ea0f0e11643c97cdec24392930f4ec316,False,True
0001193125-25-138480,TMUS,2025-06-10,"On June 6, 2025, T-Mobile US, Inc. (the ""Company"") held its Annual Meeting of Stockholders (the ""Annual Meeting""). At the Annual Meeting, the following two proposals were presented... The following 13 director nominees were elected as directors, each to hold office until the Company's 2026 Annual Meeting of Stockholders, or until his/her successor is elected and qualified, by the votes set forth below.",https://www.sec.gov/Archives/edgar/data/1283699/0001193125-25-138480.txt,2025-06-11,routine_compatible,current_csv,c4b940116bce67c40f7d43fd7a70aef38dd12cb3c8c64bd0f8f9509a7bc58a14,False,True
0001193125-25-139948,GOOGL,2025-06-12,"At the Annual Meeting of Stockholders of Alphabet Inc. (""Alphabet"") held on June 6, 2025 (the ""2025 Annual Meeting""), Alphabet's stockholders voted on fifteen proposals. The individuals listed below were elected at the 2025 Annual Meeting to serve as directors of Alphabet until the next annual meeting of stockholders or until their respective successors have been duly elected and qualified: Larry Page, Sergey Brin, Sundar Pichai, John L. Hennessy, Frances H. Arnold, R. Martin ""Marty"" Chávez, L. John Doerr, Roger W. Ferguson Jr., K. Ram Shriram, and Robin L. Washington.",https://www.sec.gov/Archives/edgar/data/1652044/0001193125-25-139948.txt,2025-06-13,routine_compatible,current_csv,ea7634daae22d7b8d551d802d00e15d59d522c5665d040fb90efe8088bd7f96a,False,True
0001099219-25-000174,MET,2025-06-20,"At MetLife, Inc.'s (the ""Company's"") annual meeting of common shareholders on June 17, 2025, the shareholders: elected eleven Directors, each for a term expiring at the Company's 2026 annual meeting of shareholders; ratified the appointment of Deloitte & Touche LLP as the Company's independent auditor for 2025; and approved, on an advisory (non-binding) basis, the compensation paid to the Company's Named Executive Officers.",https://www.sec.gov/Archives/edgar/data/1099219/0001099219-25-000174.txt,2025-06-23,routine_compatible,current_csv,b4910702e2409ff6c7aa0813e8c49dce7958a9a8f037d766c1a924903cbf3167,False,True
0001166691-25-000027,CMCSA,2025-06-20,"At the annual meeting on June 18, 2025, our shareholders approved, or did not approve, the following proposals. All of the director nominees named in the proxy statement were elected to serve as directors for one-year terms.",https://www.sec.gov/Archives/edgar/data/1166691/0001166691-25-000027.txt,2025-06-23,routine_compatible,current_csv,6e8f79a10f9bb4cab9c26686bc3f98c5b790d4b675f379025e85d349e6ffb2e5,False,True
0001141391-25-000154,MA,2025-06-26,"On June 24, 2025, Mastercard Incorporated (the ""Company"") held its annual meeting of stockholders (the ""Annual Meeting""). At the Annual Meeting, the Company's stockholders approved three amendments (the ""Amendments"") to the Company's existing Amended and Restated Certificate of Incorporation (the ""Charter""). The votes cast with respect to the matters voted upon at the Annual Meeting are set forth below: [detailed voting results for director elections, executive compensation advisory vote, auditor ratification, and charter amendments]",https://www.sec.gov/Archives/edgar/data/1141391/0001141391-25-000154.txt,2025-06-27,routine_compatible,current_csv,0761feefeafe5bc5e21b712012065b2e22b379c73deab2cef1e9b1e820987d86,True,False
0001045810-25-000179,NVDA,2025-07-01,"On June 25, 2025, at the 2025 Annual Meeting of Stockholders of NVIDIA Corporation, the following proposals were adopted or rejected by the margin indicated. Stockholders approved the election of each of our thirteen (13) director nominees to hold office until the 2026 Annual Meeting of Stockholders.",https://www.sec.gov/Archives/edgar/data/1045810/0001045810-25-000179.txt,2025-07-02,routine_compatible,current_csv,b947dc2ae6f554eaefd5327f18aa6b6deda165da55f06ef8426140a436e6db74,False,True
0001193125-25-228346,FDX,2025-10-02,"FedEx's annual meeting of stockholders was held on September 29, 2025. The stockholders took the following actions at the annual meeting: Proposal 1: The stockholders elected thirteen directors, each of whom will hold office until the annual meeting of stockholders to be held in 2026 and until his or her successor is duly elected and qualified.",https://www.sec.gov/Archives/edgar/data/1048911/0001193125-25-228346.txt,2025-10-03,routine_compatible,current_csv,ed9a5ddb6805c5f17da698dd2d92c9b918fe4503fcdcf32efe148d3ea37efe8c,False,True
0000080424-25-000217,PG,2025-10-14,"The Company announced that, according to preliminary voting results, the Company's fourteen Director nominees were elected to the Company's Board of Directors at the Annual Meeting of Shareholders.",https://www.sec.gov/Archives/edgar/data/80424/0000080424-25-000217.txt,2025-10-15,unknown_review,current_csv,58565c63902066955c3794d51d76a66c8ca76c2afcb96d232ed8c55715b1bae7,False,False
0000080424-25-000235,PG,2025-10-16,"On October 14, 2025, the Company held its 2025 Annual Meeting of Shareholders. Set forth below are the final voting results for each of the proposals submitted to a vote of the shareholders.",https://www.sec.gov/Archives/edgar/data/80424/0000080424-25-000235.txt,2025-10-17,unknown_review,current_csv,9bfc8813d8652ef84b7c8c88bd064dfbd039e3dd1a92a8fdd48b201c96cab49b,False,False
0001628280-25-045695,MDT,2025-10-21,"On October 16, 2025, the Company held its Annual General Meeting in order to: (1) elect, by separate resolutions, twelve directors... The final voting results and the votes used to determine the results for each proposal are set forth below.",https://www.sec.gov/Archives/edgar/data/1613103/0001628280-25-045695.txt,2025-10-22,unknown_review,current_csv,1353b4b7f44494c4a53173566a779cfe5083c99f6f5800bff57e6152b1f51f70,False,False
0001104659-25-108507,TSLA,2025-11-07,"At the Annual Meeting held on November 6, 2025, Tesla's shareholders voted on the following 14 proposals and Tesla's inspector of election certified the vote tabulations indicated below.",https://www.sec.gov/Archives/edgar/data/1318605/0001104659-25-108507.txt,2025-11-10,unknown_review,current_csv,6c8650277925d1d4bc496119491214a11ac5c5079cb8c915d2a51a00d0de5c4f,False,False
0001193125-25-291441,ORCL,2025-11-21,"On November 18, 2025, Oracle held its 2025 Annual Meeting of Stockholders (the 'Annual Meeting'). Below is a brief description of each matter submitted to a vote at the Annual Meeting, as well as the final voting results with respect to each matter. Proposal No. 1: Election of Directors - The stockholders elected each of the following persons as a director to hold office until the 2026 Annual Meeting of Stockholders.",https://www.sec.gov/Archives/edgar/data/1341439/0001193125-25-291441.txt,2025-11-24,routine_compatible,current_csv,52bbaec5250b789d8cdd45a9e683209b2fe25edc972f3e04ec16fcbe62778bfc,False,True
0001193125-25-311196,MSFT,2025-12-08,"On December 5, 2025, Microsoft Corporation (the ""Company"" or ""Microsoft"") held its 2025 Annual Shareholders Meeting (the ""Annual Meeting""). At the Annual Meeting, the Company's shareholders approved the Company's 2026 Stock Plan... The shareholders: (1)Voted to elect each of the 12 nominees for director. (2)Approved, on an advisory basis, the compensation of the Company's named executive officers. (3)Voted to ratify the appointment of Deloitte & Touche LLP as the Company's independent registered public accounting firm for fiscal year 2026. (4)Voted to approve the Microsoft Corporation 2026 Stock Plan.",https://www.sec.gov/Archives/edgar/data/789019/0001193125-25-311196.txt,2025-12-09,routine_compatible,current_csv,e9eb7fd011927c1f7833d785a8670addb27ed794120210b5cea845a72729dcf5,False,True
0000858877-25-000199,CSCO,2025-12-17,"At the Annual Meeting of Stockholders (the ""Meeting"") of Cisco Systems, Inc. (""Cisco"") held on December 16, 2025, Cisco's stockholders approved the amendment and restatement of the Cisco Systems, Inc. 2005 Stock Incentive Plan. At the Meeting, Cisco's stockholders voted on the following five proposals and cast their votes as follows.",https://www.sec.gov/Archives/edgar/data/858877/0000858877-25-000199.txt,2025-12-18,routine_compatible,current_csv,caf2c1c08a11b3d8da2b9a5c5bdd8ccda3bdf7f6c0212ea28238176df36cf9dc,False,True
0001744489-22-000065,DIS,2022-03-10,"The final results of voting on each of the matters submitted to a vote of security holders during the Registrant's annual meeting of shareholders on March 9, 2022 are as follows. Election of Directors: Susan E. Arnold 1,118,076,701 For votes; Mary T. Barra 1,128,884,692 For votes; Safra A. Catz 1,134,063,866 For votes; Amy L. Chang 1,148,683,826 For votes; Robert A. Chapek 1,147,467,691 For votes; Francis A. deSouza 1,142,478,220 For votes; Michael B.G. Froman 1,148,615,138 For votes; Maria Elena Lagomasino 1,096,184,406 For votes; Calvin R. McDonald 1,139,319,432 For votes; Mark G. Parker 1,131,217,848 For votes; Derica W. Rice 1,130,847,209 For votes.",https://www.sec.gov/Archives/edgar/data/1744489/0001744489-22-000065.txt,2022-03-11,unknown_review,expanded_early,47284e787ed0b697fc333f407fe81ed073070b8a4a75974bb6503986dc5cc738,False,False
0001728949-22-000016,QCOM,2022-03-14,"QUALCOMM Incorporated (the ""Company"") held its 2022 Annual Meeting of Stockholders on March 9, 2022 (the ""Annual Meeting""). At the Annual Meeting, the Company's stockholders considered three proposals... The final voting results for each proposal are set forth below.",https://www.sec.gov/Archives/edgar/data/804328/0001728949-22-000016.txt,2022-03-15,unknown_review,expanded_early,4a5e9765fd5ad0e982e4a38d2a234fcedfd355e1d1bd3ded981f192ef423de69,False,False
0000829224-22-000016,SBUX,2022-03-17,"On March 16, 2022, Starbucks Corporation (the ""Company"") held its 2022 Annual Meeting of Shareholders (the ""Annual Meeting""). The matters submitted to a vote at the Annual Meeting and the voting results of such matters are as follows: Election of Directors... The Company's shareholders elected each of the 11 directors nominated by the Company's Board of Directors to serve until the 2023 Annual Meeting of Shareholders or until their successors are duly elected and qualified.",https://www.sec.gov/Archives/edgar/data/829224/0000829224-22-000016.txt,2022-03-18,routine_compatible,expanded_early,0aba1b97f757e974516e46db0a49a6f41cf96e79c17bab8420d67a499df842f7,False,True
0001730168-22-000059,AVGO,2022-04-05,"The holders of Broadcom Inc.'s shares of common stock voted on the following matters at the 2022 Annual Meeting: (1)To elect the nine director nominees named in the proxy statement until the next annual meeting of stockholders or until their successors have been elected; (2)To ratify the appointment of PricewaterhouseCoopers LLP to serve as Broadcom's independent registered public accounting firm for the fiscal year ending October 30, 2022; and (3)To hold an advisory vote to approve the compensation of Broadcom's named executive officers. Each director nominee was elected and each of proposals 2 and 3 was approved by Broadcom's common stockholders.",https://www.sec.gov/Archives/edgar/data/1730168/0001730168-22-000059.txt,2022-04-06,routine_compatible,expanded_early,93aa3d23ab38b174a0759c7afc7c5f37f0ff85747be6b3f0a804e6fcbc216cef,False,True
0001193125-22-102956,BK,2022-04-12,"On April 12, 2022, The Bank of New York Mellon Corporation held its Annual Meeting of Stockholders. At the Annual Meeting, each nominee for director was elected by a majority of votes cast (proposal 1). In addition, stockholders approved, on an advisory basis, the 2021 compensation of BNY Mellon's named executive officers (proposal 2); and ratified the appointment of KPMG LLP as BNY Mellon's independent registered public accountants for the year ending December 31, 2022 (proposal 3). The stockholders did not approve the stockholder proposal regarding stockholder requests to call a special meeting (proposal 4).",https://www.sec.gov/Archives/edgar/data/1390777/0001193125-22-102956.txt,2022-04-13,unknown_review,expanded_early,00313cb42692e3d3f9c29e496c796ce3d45a7b2312677ba7e1ae9f6259568d02,False,False
0000796343-22-000123,ADBE,2022-04-19,"On April 14, 2022, at the 2022 Annual Meeting of Stockholders (the ""Annual Meeting"") of Adobe Inc. (the ""Company""), the Company's stockholders approved proposals one through three listed below.",https://www.sec.gov/Archives/edgar/data/796343/0000796343-22-000123.txt,2022-04-20,routine_compatible,expanded_early,d45e2241a8e95f1b24ef22f67bf7260c3c1614b10530ec034bb0f48ac06b6838,False,True
0001193125-22-113121,USB,2022-04-21,"U.S. Bancorp (the ""Company"") held its 2022 annual meeting of shareholders on Tuesday, April 19, 2022. Shareholders considered three proposals at the meeting... The Company's shareholders elected each of the twelve nominees for director, and the voting results are set forth below... The Company's shareholders ratified the selection of Ernst & Young LLP... The Company's shareholders gave advisory approval of the compensation of the Company's executive officers.",https://www.sec.gov/Archives/edgar/data/36104/0001193125-22-113121.txt,2022-04-22,routine_compatible,expanded_early,0ae404b99aceac57b7f0ace257a64e502d61abe6fe4a85855057eeaa3ca617cf,False,True
0000936468-22-000050,LMT,2022-04-21,"Lockheed Martin Corporation (the ""Company"") held its Annual Meeting of Stockholders on April 21, 2022. Of the 266,534,099 shares outstanding and entitled to vote (as of the February 25, 2022 record date), 233,869,241 shares were represented at the meeting, or an 87.74% quorum. The final results of voting for each matter submitted to a vote of stockholders at the meeting are as follows:",https://www.sec.gov/Archives/edgar/data/936468/0000936468-22-000050.txt,2022-04-22,unknown_review,expanded_early,00ae8082c2fff617ba916d622042bde850eec5032f31b3fc1266d99a8728cb7a,False,False
0000070858-22-000082,BAC,2022-04-27,"On April 26, 2022, Bank of America Corporation (the ""Corporation"") held its 2022 Annual Meeting of Shareholders. The Corporation's shareholders elected all of the nominees for director; approved the advisory vote on executive compensation; ratified the appointment of PricewaterhouseCoopers LLP as the Corporation's independent registered public accounting firm for 2022; and ratified the Delaware Exclusive Forum Provision in the Bylaws.",https://www.sec.gov/Archives/edgar/data/70858/0000070858-22-000082.txt,2022-04-28,routine_compatible,expanded_early,592b90af9a6a2ca81d0935788301fe65577e7d80c7fc2df8e2a3f88ab39cfa2e,True,False
0001410578-22-001042,C,2022-04-28,"Citigroup's 2022 Annual Meeting of Stockholders was held on April 26, 2022. At the meeting: (1) 12 persons were elected to serve as directors of Citigroup; (2) the selection of KPMG LLP to serve as the independent registered public accountants of Citigroup for 2022 was ratified; (3) an advisory vote to approve our 2021 Executive Compensation was approved; (4) a proposal to approve additional shares for the Citigroup 2019 Stock Incentive Plan was approved.",https://www.sec.gov/Archives/edgar/data/831001/0001410578-22-001042.txt,2022-04-29,routine_compatible,expanded_early,d9466d23558a7ec776364b97725e81a4424ad7dd5a3fdb2ce12913c2dd535962,False,True
0001193125-22-133652,GS,2022-04-29,"The Annual Meeting was held on April 28, 2022. The results of the matters submitted to a shareholder vote at the Annual Meeting were as follows: Election of Directors: Our shareholders elected the following 13 directors to each serve a one-year term expiring on the date of our 2023 annual meeting of shareholders or until his or her successor has been duly chosen and qualified.",https://www.sec.gov/Archives/edgar/data/886982/0001193125-22-133652.txt,2022-05-02,routine_compatible,expanded_early,7bd8a93d240c8cecf97aebe66fa2a83dccb460ddb266eda6b9e6f9193375cbe7,False,True
0001091667-22-000068,CHTR,2022-04-29,"On April 26, 2022, Charter Communications, Inc. (the ""Company"") held its Annual Meeting of Stockholders... As a result of the votes cast as reported above, the stockholders elected each nominee as a director of the Company, ratified the appointment of KPMG LLP as independent public accounting firm for the Company for the year ending December 31, 2022 and did not approve any of the stockholder proposals.",https://www.sec.gov/Archives/edgar/data/1091667/0001091667-22-000068.txt,2022-05-02,routine_compatible,expanded_early,73ae565a4a271e76d310f0f8fa33f0fa9d387c799bff560ad1ac067958317985,True,False
0001104659-22-053570,IBM,2022-04-29,"International Business Machines Corporation (IBM) held its Annual Meeting of Stockholders on April 26, 2022. Below are the final voting results. Election of Directors for a Term of One Year: [detailed voting results for 12 directors]. Ratification of Appointment of Independent Registered Public Accounting Firm: For 656,967,636 (95.2%), Against 32,830,338 (4.8%). Management Proposal on Advisory Vote on Executive Compensation (Say on Pay): For 473,874,456 (89.6%), Against 55,096,187 (10.4%). Stockholder Proposal on Stockholder Special Meeting Right: For 187,771,875 (35.5%), Against 340,686,181 (64.5%). Stockholder Proposal to Have an Independent Board Chairman: For 211,119,750 (39.8%), Against 318,877,167 (60.2%). Stockholder Proposal Requesting a Public Report on the Use of Concealment Clauses: For 339,827,195 (64.7%), Against 185,380,818 (35.3%).",https://www.sec.gov/Archives/edgar/data/51143/0001104659-22-053570.txt,2022-05-02,unknown_review,expanded_early,394fdc33adbd242e220f833a9450c33804bd84a82c1941a95274d778ccd38a28,False,False
0000200406-22-000047,JNJ,2022-04-29,"At the 2022 Annual Meeting of Shareholders, the shareholders: elected all 14 Director nominees named in the 2022 Proxy Statement to the Company's Board of Directors; approved, on an advisory basis, the executive compensation philosophy, policies and procedures described in the ""Compensation Discussion and Analysis"" section of the 2022 Proxy Statement; approved the Company's 2022 Long-Term Incentive Plan; ratified the appointment of PricewaterhouseCoopers LLP as the Company's independent registered public accounting firm for the fiscal year 2022.",https://www.sec.gov/Archives/edgar/data/200406/0000200406-22-000047.txt,2022-05-02,routine_compatible,expanded_early,f803ffe7a0814f6a3b8f2e49d5ca490cda2eca57525173e713b4084ffeec25ce,False,True
0000072971-22-000111,WFC,2022-04-29,"The Company held its annual meeting of shareholders on April 26, 2022. At the meeting, shareholders elected all 14 of the director nominees nominated by the Board of Directors as each director nominee received a greater number of votes cast 'for' his or her election than votes cast 'against' his or her election.",https://www.sec.gov/Archives/edgar/data/72971/0000072971-22-000111.txt,2022-05-02,routine_compatible,expanded_early,96b7a9cabdc2bb8e4ab4a1eab1acca2497a3ae4679ffdad22cad8af11330a56c,False,True
0000097476-22-000034,TXN,2022-04-29,"At the annual meeting of stockholders held on April 28, 2022, the stockholders elected the Board of Directors of Texas Instruments Incorporated and voted upon the proposals contained within our Proxy Statement dated March 15, 2022.",https://www.sec.gov/Archives/edgar/data/97476/0000097476-22-000034.txt,2022-05-02,routine_compatible,expanded_early,2e0bdf7c5561b807e78e287070084f941843c5a2f212738f52aee48c3dedb6b7,False,True
0000078003-22-000066,PFE,2022-05-02,"The Pfizer Inc. (the ""Company"") Annual Meeting of Shareholders was held on April 28, 2022. Shareholders voted on the matters set forth below. The nominees for election to the Company's Board of Directors set forth in Item 1 to the Company's Proxy Statement filed with the U.S. Securities and Exchange Commission on March 17, 2022 were elected to hold office until the Company's next Annual Meeting of Shareholders, based upon the following votes: [detailed voting results for 12 director nominees]",https://www.sec.gov/Archives/edgar/data/78003/0000078003-22-000066.txt,2022-05-03,routine_compatible,expanded_early,7acffb2f6d8622b6fc9ae4edbb18c2efb749c173b74863157c62469778f3f6e9,False,True
0001104659-22-054704,ABT,2022-05-02,"Abbott held its Annual Meeting of Shareholders on April 29, 2022. The shareholders elected Abbott's entire Board of Directors. The persons elected to Abbott's Board of Directors and the number of shares cast for, the number of shares withheld, and the number of broker non-votes, with respect to each of these persons, were as follows: [detailed voting results for 12 directors]",https://www.sec.gov/Archives/edgar/data/1800/0001104659-22-054704.txt,2022-05-03,routine_compatible,expanded_early,0fe91a73f9817b30301eeb60fa862516cd7ce3984dc3e865eb79061665db7dd3,False,True
0000059478-22-000138,LLY,2022-05-04,"The total number of shares of the Company's common stock voted in person or by proxy at the 2022 Annual Meeting was 860,865,496, representing approximately 90% of the 952,347,126 shares that were outstanding and entitled to vote as of February 22, 2022, the record date of the 2022 Annual Meeting. Voting results for each matter submitted to a vote at the 2022 Annual Meeting are provided below.",https://www.sec.gov/Archives/edgar/data/59478/0000059478-22-000138.txt,2022-05-05,unknown_review,expanded_early,3782dadd714a6f1232914e9d104749f89ceea7c194b826876646eb3b5ec4ab2d,False,False
0001140361-22-017866,BMY,2022-05-05,"The Annual Meeting of the Company was held on May 3, 2022. Shareholders voted on the matters set forth below. The shareholders elected each of the Company's 10 nominees to serve as directors of the Company until the 2023 Annual Meeting based upon the following votes: [detailed voting results for all 10 directors]",https://www.sec.gov/Archives/edgar/data/14272/0001140361-22-017866.txt,2022-05-06,routine_compatible,expanded_early,58da82c20b088004aff1a6757996aaa54fb9dbd1a7eae6a7835780b579232b28,False,True
0000040545-22-000035,GE,2022-05-06,"At the Annual Meeting, shareholders elected all of the Company's nominees for director; approved the advisory vote on our named executives' compensation ('Say on Pay'); ratified the appointment of Deloitte & Touche LLP as the Company's independent auditor for 2022 ('Auditor Ratification'); and approved the 2022 Long-Term Incentive Plan (the '2022 LTIP').",https://www.sec.gov/Archives/edgar/data/40545/0000040545-22-000035.txt,2022-05-09,routine_compatible,expanded_early,bf6045cb27c256cf13674cd918729f1a72200206cf01ad5b82e9b7dd4c5ea67d,False,True
0000077476-22-000025,PEP,2022-05-06,"PepsiCo, Inc. held its 2022 Annual Meeting of Shareholders on May 4, 2022. The following 14 persons were elected to serve as directors of PepsiCo: [detailed voting results for each director nominee]. The shareholders ratified the appointment of KPMG LLP as the independent registered public accounting firm for PepsiCo for fiscal year 2022. The shareholders approved, on an advisory basis, PepsiCo's executive compensation.",https://www.sec.gov/Archives/edgar/data/77476/0000077476-22-000025.txt,2022-05-09,routine_compatible,expanded_early,aa2d1178c5d49208847bfefa9fe99ca25b79dfcebc0cb6ec880402ab9b013ce5,False,True
0000927628-22-000164,COF,2022-05-06,"The 2022 Annual Stockholder Meeting (the ""Annual Meeting"") of Capital One Financial Corporation (the ""Company"") was held on May 5, 2022. Stockholders elected Mr. Richard D. Fairbank, Mr. Ime Archibong, Ms. Christine Detrick, Ms. Ann Fritz Hackett, Mr. Peter Thomas Killalea, Mr. Cornelis Petrus Adrianus Joseph (""Eli"") Leenaars, Mr. François Locoh-Donou, Mr. Peter E. Raskind, Ms. Eileen Serra, Mr. Mayo A. Shattuck III, Mr. Bradford H. Warner, Ms. Catherine G. West and Mr. Craig Anthony Williams to the Company's Board of Directors for terms expiring at the 2023 annual meeting of stockholders.",https://www.sec.gov/Archives/edgar/data/927628/0000927628-22-000164.txt,2022-05-09,routine_compatible,expanded_early,66d0904316af49a9c110f2517b591bf9594ec0d8918c1588de3ece3715dd1e80,False,True
0001090727-22-000025,UPS,2022-05-10,"At the Company's Annual Meeting of Shareholders held on May 5, 2022, the following matters were submitted to a vote of the shareholders. Election of Directors: Votes regarding the election of 13 directors for a term expiring at the Company's 2023 annual meeting of shareholders... Under the Company's Bylaws, each of the director nominees was elected.",https://www.sec.gov/Archives/edgar/data/1090727/0001090727-22-000025.txt,2022-05-11,routine_compatible,expanded_early,18033a6331c501a8d71f5de6ff701871fe5165707e1336b55e7ae64c019246c6,True,False
0000021665-22-000012,CL,2022-05-11,"The Company's Annual Meeting of Stockholders was held on May 6, 2022. The matters voted on and the results of the vote were as follows. John P. Bilbrey, John T. Cahill, Lisa M. Edwards, C. Martin Harris, Martina Hund-Mejean, Kimberly A. Nelson, Lorrie M. Norrington, Michael B. Polk, Stephen I. Sadove, and Noel R. Wallace were elected directors of the Company.",https://www.sec.gov/Archives/edgar/data/21665/0000021665-22-000012.txt,2022-05-12,routine_compatible,expanded_early,f8ed10afbceaedd4c0f40cca827ac9274891353af8c4ebe8d6f441338c436447,False,True
0001104659-22-059429,COP,2022-05-12,"ConocoPhillips held its annual meeting of stockholders on May 10, 2022. All 13 nominated directors were elected to serve a one-year term. The ratification of the appointment of Ernst & Young LLP as ConocoPhillips' independent registered public accounting firm for 2022 was approved. The advisory vote on the compensation of our Named Executive Officers was approved.",https://www.sec.gov/Archives/edgar/data/1163165/0001104659-22-059429.txt,2022-05-13,routine_compatible,expanded_early,38f04c3b02b9b4a6e381232d84a20c86184d58ba913d9b761deff44650f3fcdd,False,True
0000313616-22-000127,DHR,2022-05-12,"The Company's annual meeting of shareholders was held on May 10, 2022. At the annual meeting, the Company's shareholders voted on the following proposals: 1. To elect the thirteen directors named in the Company's proxy statement to terms expiring in 2023. Each nominee for director was elected by a vote of the shareholders as follows: [voting results provided for all 13 directors]",https://www.sec.gov/Archives/edgar/data/313616/0000313616-22-000127.txt,2022-05-13,routine_compatible,expanded_early,e6acc92b5620de7e88a12c605a15a33a02572afc006775c51e56f5357a30b807,False,True
0000066740-22-000041,MMM,2022-05-12,"At the 2022 Annual Meeting of Shareholders of the Company held on May 10, 2022, the votes cast with respect to each item of business properly presented at the meeting are as follows: Proposal No. 1 — The shareholders elected each of the eleven nominees to the Board of Directors for a one-year term by the vote of the majority of votes cast.",https://www.sec.gov/Archives/edgar/data/66740/0000066740-22-000041.txt,2022-05-13,routine_compatible,expanded_early,e31810278799562af27b514645749f48bea002a5f49e9c55ddb56cd8a93ac2f3,False,True
0001104659-22-060258,AIG,2022-05-13,"On May 11, 2022, American International Group, Inc. (AIG) held its Annual Meeting of Shareholders. The results of the matters submitted to a shareholder vote at the Annual Meeting were as follows: Proposal 1 – Election of Directors: Our shareholders elected the following ten directors to serve until the 2023 Annual Meeting or until a successor is duly elected and qualified.",https://www.sec.gov/Archives/edgar/data/5272/0001104659-22-060258.txt,2022-05-16,routine_compatible,expanded_early,8cb7970c8c01f6c244e12765029c39b203b9d44cb82ab9aa5fefcae09dd2aeca,False,True
0000064803-22-000018,CVS,2022-05-16,"The following are the voting results on each matter submitted to the stockholders of CVS Health Corporation (the ""Company"") at the Annual Meeting of Stockholders held on May 11, 2022 (the ""Annual Meeting""). At the Annual Meeting, 11 nominees for director were elected to the Company's Board of Directors for a term of one year (Item 1). The Company proposal regarding the ratification of the appointment of Ernst & Young LLP as the Company's independent registered public accounting firm for 2022 (Item 2) was approved. The Company proposal to approve, on an advisory basis, the compensation of the Company's named executive officers as disclosed in the Proxy Statement (Item 3) was approved. Five stockholder proposals (Items 4, 5, 6, 7, and 8) were not approved.",https://www.sec.gov/Archives/edgar/data/64803/0000064803-22-000018.txt,2022-05-17,routine_compatible,expanded_early,af5f9dc328a19ecec3de32828b781f6359e0d2e7b672c61d8180b735f3c598f5,False,True
0001193125-22-151752,INTC,2022-05-16,"Intel's Annual Stockholders' Meeting was held on May 12, 2022. At the meeting: stockholders elected the 10 persons recommended by the Board to serve as directors of Intel; stockholders ratified the selection of Ernst & Young LLP to serve as the independent registered public accounting firm of Intel for 2022; stockholders did not approve, on an advisory basis, Intel's executive compensation of its listed officers; stockholders approved the amendment and restatement of the 2006 Equity Incentive Plan.",https://www.sec.gov/Archives/edgar/data/50863/0001193125-22-151752.txt,2022-05-17,adverse_review,expanded_early,ab2a6e540ff5b29b2adf2cd923c99c8a7c064c7f386a6924528e4dc157e41e02,False,False
0001193125-22-154061,AMGN,2022-05-18,"The Company held its Annual Meeting on May 17, 2022. The final results of the voting for each matter submitted to a vote of stockholders at the meeting are as follows: Item 1 - Election of Directors. Each of the following 12 nominees for director were elected to serve a one-year term expiring at the Company's 2023 annual meeting of stockholders.",https://www.sec.gov/Archives/edgar/data/318154/0001193125-22-154061.txt,2022-05-19,routine_compatible,expanded_early,2d55023e84127608dcdd5682264f9f407bad50502fa74d5ace4b584c0959591a,False,True
0001193125-22-154097,SCHW,2022-05-18,"The Annual Meeting was held on May 17, 2022. All nominees for directors were elected, and each nominee received more 'for' votes than 'against' votes cast for his or her election. The proposal to ratify of the selection of Deloitte & Touche LLP as CSC's independent auditors for the 2022 fiscal year was approved. The advisory vote on named executive officer compensation was approved. The proposal to approve the 2022 Stock Incentive Plan was approved.",https://www.sec.gov/Archives/edgar/data/316709/0001193125-22-154097.txt,2022-05-19,routine_compatible,expanded_early,49b65cff3a08e7cad56ebd92023d4d0ec461fbb2d9abf5fe193caea550ea7c49,False,True
0000097745-22-000032,TMO,2022-05-19,"At the annual meeting of shareholders of Thermo Fisher Scientific Inc. (the ""Company"") held on May 18, 2022, the shareholders of the Company voted on the following proposals: 1. The following nominees were elected to the Company's Board of Directors for a one-year term expiring at the 2023 annual meeting of shareholders.",https://www.sec.gov/Archives/edgar/data/97745/0000097745-22-000032.txt,2022-05-20,routine_compatible,expanded_early,b9938727ef53f254d0c9c74ee75335dcba1c494591842bd9415f741f7924d27a,False,True
0001053507-22-000078,AMT,2022-05-19,"The 2022 Annual Meeting of Stockholders (the ""Annual Meeting"") of the Company was held virtually on May 18, 2022. At the Annual Meeting, the Company's stockholders elected thirteen individuals to the Board and approved Proposals 2 and 3.",https://www.sec.gov/Archives/edgar/data/1053507/0001053507-22-000078.txt,2022-05-20,routine_compatible,expanded_early,2716654646f32626d3a64bc5b9b4d0251881cb72da3ed54908c37d3dddf6a6a4,False,True
0001193125-22-156161,AMD,2022-05-20,"On May 18, 2022, Advanced Micro Devices, Inc. (the ""Company"") held its 2022 Annual Meeting of Stockholders (the ""Annual Meeting""). At the Annual Meeting, the Company's stockholders voted in favor for all of the following three proposals.",https://www.sec.gov/Archives/edgar/data/2488/0001193125-22-156161.txt,2022-05-23,unknown_review,expanded_early,1b347f8a09560d3c0cd833c2d6d259804df2b0432cce47502573a56ce0ef4a4e,False,False
0000019617-22-000367,JPM,2022-05-20,"Registrant held its Annual Meeting of Shareholders on Tuesday, May 17, 2022; 2,468,848,141 shares were represented in person or by proxy, or 83.98% of the total shares outstanding. The results of the shareholder voting on the proposals presented were as follows: Shareholders elected the 10 director nominees named in the Proxy Statement.",https://www.sec.gov/Archives/edgar/data/19617/0000019617-22-000367.txt,2022-05-23,routine_compatible,expanded_early,7137400368fb7da96cc6bfce60e699954e32132ed59cc34bc24163d1d38da1fa,False,True
0000753308-22-000038,NEE,2022-05-23,"NEE held its 2022 Annual Meeting of Shareholders (2022 Annual Meeting) on May 19, 2022. At the 2022 Annual Meeting, NEE's shareholders approved three proposals and did not approve one shareholder proposal.",https://www.sec.gov/Archives/edgar/data/753308/0000753308-22-000038.txt,2022-05-24,routine_compatible,expanded_early,fcd8ee5f2d800ce45a758678f0b72bd9ce5b27de306813d9528047c253619ca2,False,True
0000764180-22-000048,MO,2022-05-23,"On May 19, 2022, Altria Group, Inc. held its 2022 Annual Meeting of Shareholders. All nominees were duly elected as directors of Altria. The selection of the Independent Registered Public Accounting Firm was ratified. The proposal was approved on an advisory basis. The proposal was approved.",https://www.sec.gov/Archives/edgar/data/764180/0000764180-22-000048.txt,2022-05-24,routine_compatible,expanded_early,0b47e5c97ead36c26014ac922080397b242c2514932aebf9321e3b7b42b1a928,False,True
0000354950-22-000166,HD,2022-05-24,"The 2022 Annual Meeting of Shareholders of The Home Depot, Inc. (the 'Company') was held on May 19, 2022. Below are the final vote results from the meeting. Proposal 1: The following nominees were elected by majority vote to serve on the Board of Directors.",https://www.sec.gov/Archives/edgar/data/354950/0000354950-22-000166.txt,2022-05-25,routine_compatible,expanded_early,b3f121f400cf0bea75d92523004c73a350adadc5533a1d9f367092897fdc7aa5,False,True
0000310158-22-000015,MRK,2022-05-26,"The Annual Meeting of Shareholders of Merck & Co., Inc. (the ""Company"") was held on May 24, 2022. Shareholders voted on the matters set forth below: The following nominees were elected to the Company's Board of Directors to hold office until the Company's next Annual Meeting of Shareholders and received the number of votes set forth opposite their names.",https://www.sec.gov/Archives/edgar/data/310158/0000310158-22-000015.txt,2022-05-27,routine_compatible,expanded_early,13277d5bedc1e2dbb7b714bc7314f350dfd13aa37055608ccda50faa23bf3f0d,False,True
0001193125-22-162454,BLK,2022-05-27,"On May 25, 2022, BlackRock, Inc. (the ""Company"") held its 2022 Annual Meeting of Shareholders (the ""Annual Meeting""). The following are the voting results on each matter submitted to the Company's shareholders at the Annual Meeting. All director nominees were elected (Item 1). The proposal to approve the compensation of the named executive officers as disclosed in the Company's proxy statement, through a non-binding advisory vote, was approved (Item 2). Additionally, shareholders ratified the appointment of Deloitte LLP as the Company's independent registered public accounting firm for the fiscal year 2022 (Item 3). Further, the shareholder proposal regarding stewardship policies was not approved (Item 4).",https://www.sec.gov/Archives/edgar/data/1364742/0001193125-22-162454.txt,2022-05-31,routine_compatible,expanded_early,8d927f9bc5eb48d279240d61bbbe306b502a7327bd85ff07717e14806594a566,False,True
0001104659-22-065872,AMZN,2022-05-27,"On May 25, 2022, the Company held its Annual Meeting of Shareholders. The following nominees were elected as directors, each to hold office until the next Annual Meeting of Shareholders or until his or her successor is elected and qualified, by the vote set forth below: [11 directors elected]. The appointment of Ernst & Young LLP as our independent auditors for the fiscal year ending December 31, 2022 was ratified by the vote set forth below.",https://www.sec.gov/Archives/edgar/data/1018724/0001104659-22-065872.txt,2022-05-31,routine_compatible,expanded_early,e78240e21064bb2bd6303d64eb41cb64770c905b951be419c88304fabceaf526,False,True
0000093410-22-000035,CVX,2022-05-27,"The 2022 Annual Meeting of Stockholders of Chevron was held on Wednesday, May 25, 2022. Chevron stockholders voted on the matters set forth below, with final voting results indicated. All nominees for election to the Chevron Board of Directors were elected, each for a one-year term.",https://www.sec.gov/Archives/edgar/data/93410/0000093410-22-000035.txt,2022-05-31,routine_compatible,expanded_early,596728f3851f737391473f0d615e0cff3fbee46d75cb3ac1adb3c87bb2536745,False,True
0000950103-22-009615,MS,2022-05-27,"At the 2022 Annual Meeting of Shareholders (the ""Annual Meeting"") of Morgan Stanley (the ""Company"") held on Thursday, May 26, 2022, the shareholders of the Company in attendance (the ""Shareholders""), constituting a quorum under the Amended and Restated Bylaws of the Company, voted on proposals to: (i) elect directors to the Company's Board of Directors (the ""Board""), (ii) ratify the appointment of Deloitte & Touche LLP as the Company's independent auditor for the 2022 fiscal year, and (iii) approve the compensation of the Company's named executive officers... At the Annual Meeting, all nominees for election to the Board were elected by the Shareholders. The Shareholders also voted to ratify the appointment of Deloitte & Touche LLP as the Company's independent auditor for the 2022 fiscal year.",https://www.sec.gov/Archives/edgar/data/895421/0000950103-22-009615.txt,2022-05-31,routine_compatible,expanded_early,75e5f41a842db037536287e98486a42e05edbabcdd4372e29e68ccc7a2f4e7b7,True,False
0000092122-22-000031,SO,2022-05-31,"The Southern Company (the ""Company"") held its Annual Meeting of Stockholders on May 25, 2022. The Board of Directors recommended a vote ""FOR"" each of the matters presented and the stockholders voted as follows: [detailed voting results for director elections, executive compensation advisory vote, auditor ratification, and shareholder proposal]",https://www.sec.gov/Archives/edgar/data/92122/0000092122-22-000031.txt,2022-06-01,unknown_review,expanded_early,a0614ffc15d513375c8db68dd870e5b34cfe9ef4268c78516d20eb891f196365,False,False
0000063908-22-000028,MCD,2022-06-02,"McDonald's Corporation held its Annual Shareholders' Meeting on May 26, 2022. Set forth below are the final, certified voting results for each proposal presented at the Annual Meeting... Based on these results, 564,335,881 shares of the Company's common stock were voted in person or by proxy at the Annual Meeting, representing 76.3% of the shares outstanding and entitled to vote.",https://www.sec.gov/Archives/edgar/data/63908/0000063908-22-000028.txt,2022-06-03,unknown_review,expanded_early,df35377105b847d57b4f78191ffef11679494843c83f436751a313a424853053,False,False
0000060667-22-000104,LOW,2022-06-02,"Set forth below are the final voting results for each of the proposals submitted to the Company's shareholders at the Annual Meeting held on May 27, 2022.",https://www.sec.gov/Archives/edgar/data/60667/0000060667-22-000104.txt,2022-06-03,unknown_review,expanded_early,b08e9ace47ab5bb976c4791e3edf70c7a185c1b7c228c6e13f1b6074f7c32a14,False,False
0000104169-22-000030,WMT,2022-06-03,"On June 1, 2022, Walmart Inc. (the ""Company"") held its Annual Shareholders' Meeting (the ""Meeting"")... The Company's shareholders elected for one-year terms all eleven persons nominated for election as directors as set forth in the Company's proxy statement dated April 21, 2022.",https://www.sec.gov/Archives/edgar/data/104169/0000104169-22-000030.txt,2022-06-06,unknown_review,expanded_early,3a6fa0b7007fced4ea8a0e870aaf7d5292464133349b004fb5378e9e4ab25459,False,False
0001193125-22-167375,GOOGL,2022-06-03,"At the 2022 Annual Meeting, Alphabet's stockholders voted on twenty-one proposals as set forth below... The individuals listed below were elected at the 2022 Annual Meeting to serve as directors of Alphabet until the next annual meeting of stockholders or until their respective successors have been duly elected and qualified: Larry Page, Sergey Brin, Sundar Pichai, John L. Hennessy, Frances H. Arnold, L. John Doerr, Roger W. Ferguson, Jr., Ann Mather, K. Ram Shriram, Robin L. Washington.",https://www.sec.gov/Archives/edgar/data/1652044/0001193125-22-167375.txt,2022-06-06,routine_compatible,expanded_early,1c683003be3195ce1d9c3e2f3c47ec90a7101fa6f2981d2c235b13c98708a1c8,False,True
0000950103-22-010112,CMCSA,2022-06-03,"At the annual meeting on June 1, 2022, our shareholders approved, or did not approve, the following proposals. All of the director nominees named in the proxy statement were elected to serve as directors for one-year terms.",https://www.sec.gov/Archives/edgar/data/1166691/0000950103-22-010112.txt,2022-06-06,routine_compatible,expanded_early,db90c6b59b4da13c9212c9baaae5193c74f9ce1e4f0982ed44fe8830a80fb321,False,True
0001193125-22-168382,PYPL,2022-06-06,"At the 2022 Annual Meeting of Stockholders of PayPal Holdings, Inc. held on June 2, 2022, the stockholders: 1. Elected the 12 director nominees named in the Company's 2022 Proxy Statement to serve as directors until the Company's 2023 Annual Meeting of Stockholders and until their respective successors are elected and qualified; 2. Approved, on an advisory basis, the compensation of the named executive officers; 3. Approved, on an advisory basis, a frequency of 'Every Year' for the stockholder advisory vote to approve the compensation of the named executive officers; 4. Ratified the appointment of PricewaterhouseCoopers LLP as the Company's independent auditor for 2022; and 5. Did not approve the stockholder proposal titled 'Special Shareholder Meeting Improvement'.",https://www.sec.gov/Archives/edgar/data/1633917/0001193125-22-168382.txt,2022-06-07,routine_compatible,expanded_early,57f4753136c0c925732f27d443144c40e3de0ff50367d08ad045c5cf0d0fea0e,False,True
0001045810-22-000088,NVDA,2022-06-06,"On June 2, 2022, at the 2022 Annual Meeting, the following proposals were adopted by the margin indicated... Stockholders approved the election of each of our thirteen (13) directors to serve for a one-year term until our 2023 Annual Meeting of Stockholders.",https://www.sec.gov/Archives/edgar/data/1045810/0001045810-22-000088.txt,2022-06-07,routine_compatible,expanded_early,a14a2bff06d8feff2f9efdc2e8f02313425a7c3e2aed992219f1b88ea07acde3,False,True
0000731766-22-000028,UNH,2022-06-10,"On June 6, 2022, the Company held its 2022 Annual Meeting of Shareholders (the ""Annual Meeting""). There were 843,160,562 shares of common stock represented at the Annual Meeting. The shareholders of the Company voted as follows on the following matters at the Annual Meeting: 1.Election of Directors. The eight directors were elected at the Annual Meeting for a one-year term based upon the following votes",https://www.sec.gov/Archives/edgar/data/731766/0000731766-22-000028.txt,2022-06-13,routine_compatible,expanded_early,bbd4e5b9a1077f90b52381b858073fb865685fedbd07e34819b85862eec84224,False,True
0001075531-22-000024,BKNG,2022-06-10,"The 2022 Annual Meeting of Stockholders of the Company was held virtually on June 9, 2022. The stockholders of the Company elected all of the Company's nominees for election to the Board of Directors to serve until the next annual meeting of stockholders and until their respective successors are elected and qualified.",https://www.sec.gov/Archives/edgar/data/1075531/0001075531-22-000024.txt,2022-06-13,routine_compatible,expanded_early,0b2137128624777a4d42937fc90a477896b178035c20e931b9bc56789cf9a329,False,True
0001373715-22-000207,NOW,2022-06-10,"On June 9, 2022, ServiceNow, Inc. (the ""Company"") held its 2022 annual meeting of shareholders. The following proposals were voted upon and the final voting results with respect to each such proposal are set forth below: 1. Election of nine directors... Based on the votes set forth above, each of the director nominees was duly elected.",https://www.sec.gov/Archives/edgar/data/1373715/0001373715-22-000207.txt,2022-06-13,routine_compatible,expanded_early,20b575eec2c4492a27bee861e115bd6b83ae503388af7d0db2bbbaffd93793a9,False,True
0001108524-22-000030,CRM,2022-06-13,"Salesforce, Inc. (the ""Company"") held its 2022 Annual Meeting of Stockholders on June 9, 2022 (the ""Meeting""). The proposals considered at the Meeting are described in the Company's 2022 Proxy Statement filed with the Securities and Exchange Commission on April 28, 2022 (the ""Proxy Statement""), and the final voting results are set forth below",https://www.sec.gov/Archives/edgar/data/1108524/0001108524-22-000030.txt,2022-06-14,unknown_review,expanded_early,081e0fef22eb62dff2c16e02d8975345f9b3483e0760b905fa0020868a62ed6b,False,False
0000018230-22-000146,CAT,2022-06-14,"On June 8, 2022, Caterpillar Inc. (the ""Company"") held a virtual 2022 Annual Shareholders Meeting. Set forth below are the voting results for each of the matters submitted to a vote of the Company's shareholders. All nominees for election to the Company's Board of Directors named in the Proxy Statement were elected, each to a one-year term.",https://www.sec.gov/Archives/edgar/data/18230/0000018230-22-000146.txt,2022-06-15,unknown_review,expanded_early,d1430257ed1bf70887d9029480393085b9c5e41d578a7b5df4c18f296af5af26,False,False
0001193125-22-176511,TMUS,2022-06-17,"On June 15, 2022, T-Mobile US, Inc. (the ""Company"") held its Annual Meeting of Stockholders (the ""Annual Meeting""). At the Annual Meeting, the following two proposals were presented... The following 13 director nominees were elected at the Annual Meeting to serve terms ending at the Company's 2023 Annual Meeting of Stockholders, or until their successors are elected and qualified.",https://www.sec.gov/Archives/edgar/data/1283699/0001193125-22-176511.txt,2022-06-21,routine_compatible,expanded_early,086f283865a84e1e65e06f18d3fc2744fba6b9357fbec107b03fff729ffe5e48,False,True
0001193125-22-181566,MET,2022-06-24,"At MetLife, Inc.'s (the ""Company's"") annual meeting of common shareholders on June 21, 2022, the shareholders: elected thirteen Directors, each for a term expiring at the Company's 2023 annual meeting of shareholders; ratified the appointment of Deloitte & Touche LLP as the Company's independent auditor for 2022; and approved, on an advisory basis, the compensation paid to the Company's Named Executive Officers.",https://www.sec.gov/Archives/edgar/data/1099219/0001193125-22-181566.txt,2022-06-27,routine_compatible,expanded_early,0deaf30b9751e182ff18429a9e7b81a3c8ee18d76c2d95e74981128d885eb2b8,False,True
0001141391-22-000137,MA,2022-06-24,"On June 21, 2022 at the 2022 annual meeting of stockholders (the 'Annual Meeting') of Mastercard Incorporated, the holders of the Company's Class A common stock approved the amendment and restatement of the Company's certificate of incorporation. A total of 857,852,233 shares of Class A common stock, constituting a quorum, were represented in person or by proxy at the Annual Meeting. The votes cast with respect to the matters voted upon at the Annual Meeting are set forth below, including director elections, executive compensation approval, auditor ratification, and stockholder proposals.",https://www.sec.gov/Archives/edgar/data/1141391/0001141391-22-000137.txt,2022-06-27,routine_compatible,expanded_early,12db2279b4bfa7afe277cc93760088bf295d1ff2a9189384512ba626cc946e17,False,True
0001564590-22-028207,TSLA,2022-08-05,"At Tesla, Inc.'s ('Tesla') 2022 Annual Meeting of Stockholders (the 'Annual Meeting') held on August 4, 2022, Tesla's stockholders voted on the following thirteen proposals and Tesla's inspector of election certified the vote tabulations indicated below.",https://www.sec.gov/Archives/edgar/data/1318605/0001564590-22-028207.txt,2022-08-08,unknown_review,expanded_early,f4e0beea33922ab5f4e955204d83e35023cf80b2f6b14dfaa9d60745d361abfe,False,False
0001193125-22-248405,FDX,2022-09-21,"FedEx's annual meeting of stockholders was held on September 19, 2022. The stockholders took the following actions at the annual meeting: Proposal 1: The stockholders elected fifteen directors, each of whom will hold office until the annual meeting of stockholders to be held in 2023 and until his or her successor is duly elected and qualified.",https://www.sec.gov/Archives/edgar/data/1048911/0001193125-22-248405.txt,2022-09-22,routine_compatible,expanded_early,2f023c126a673cda2fbeecf906ec0aa60334772e9c081f0316745c4ca83023d0,False,True
0000080424-22-000074,PG,2022-10-11,"According to preliminary voting results, Rajesh Subramaniam, President and Chief Executive Officer of FedEx Corporation, and the Company's ten incumbent Director nominees were elected to the Company's Board of Directors at the Annual Meeting of Shareholders.",https://www.sec.gov/Archives/edgar/data/80424/0000080424-22-000074.txt,2022-10-12,unknown_review,expanded_early,0d7896346b8d66401ba3f47903609253a3fd52c0939b6fc702cd381ebb51d56b,False,False
0000080424-22-000086,PG,2022-10-14,"On October 11, 2022, The Procter & Gamble Company held its 2022 Annual Meeting of Shareholders. Set forth below are the final voting results for each of the proposals submitted to a vote of the shareholders.",https://www.sec.gov/Archives/edgar/data/80424/0000080424-22-000086.txt,2022-10-17,unknown_review,expanded_early,2b04f30f494ab2f8f0c862c607b4158a92c44a4f129933c6331b1888d34608b2,False,False
0001613103-22-000066,MDT,2022-12-13,"The shareholders approved, on a non-binding advisory basis, the compensation awarded to the Company's named executive officers. [FOR: 972,415,707 | AGAINST: 69,940,489 | ABSTAIN: 2,116,068]",https://www.sec.gov/Archives/edgar/data/1613103/0001613103-22-000066.txt,2022-12-14,unknown_review,expanded_early,be44c6bbbb98856aa0e1426d8f03adf36782047179ab2d907118102443529cb7,False,False
0001193125-22-306591,MSFT,2022-12-16,"On December 13, 2022, Microsoft Corporation (the ""Company"") held its 2022 Annual Shareholders Meeting (the ""Annual Meeting""). The shareholders: (1) Voted to elect each of the twelve (12) nominees for director. (2) Approved, on an advisory basis, the compensation of the Company's named executive officers. (3) Voted to ratify the appointment of Deloitte & Touche LLP as the Company's independent registered public accounting firm for fiscal year 2023.",https://www.sec.gov/Archives/edgar/data/789019/0001193125-22-306591.txt,2022-12-19,routine_compatible,expanded_early,3fc60a40c88d0967d9be6f479f886f9960fca75f22701055813b55c82a36c5e6,False,True
0000896878-23-000003,INTU,2023-01-23,"On January 19, 2023, Intuit Inc. (the ""Company"") held its Annual Meeting of Stockholders. At the meeting, stockholders: 1.Elected nine persons to serve as directors of Intuit; 2.Approved, on an advisory basis, Intuit's executive compensation; 3.Ratified the selection of Ernst & Young LLP to serve as the independent registered public accounting firm for the fiscal year ending July 31, 2023; and 4.Approved the Company's Amended and Restated Employee Stock Purchase Plan.",https://www.sec.gov/Archives/edgar/data/896878/0000896878-23-000003.txt,2023-01-24,routine_compatible,expanded_early,572fb347b072829cb7cc4c2e2d43af73477060526332b66d796377c479a7cbee,False,True
0001403161-23-000008,V,2023-01-25,"The 2023 Annual Meeting of Stockholders of Visa Inc. was held on January 24, 2023, and the Company's Class A common stockholders voted on five proposals. Set forth below are the matters the stockholders voted on and the final voting results.",https://www.sec.gov/Archives/edgar/data/1403161/0001403161-23-000008.txt,2023-01-26,unknown_review,expanded_early,82657acfebe7a2175f0aaae9ec1c0c21dc447caf1dc13fcd1573bc2742d40d11,False,False
0000909832-23-000007,COST,2023-01-25,"On January 19, 2023, Costco Wholesale Corporation (the ""Company"") held its Annual Meeting of Shareholders... All items except 5 were approved. The results of the votes are set forth below: [detailed voting results for director elections, auditor ratification, executive compensation advisory vote, frequency vote, and shareholder proposal]",https://www.sec.gov/Archives/edgar/data/909832/0000909832-23-000007.txt,2023-01-26,routine_compatible,expanded_early,5c6dadbd793c981deca8655712e0db2a15d393b24ccacba847e7c46823902abd,False,True
0001193125-23-032560,EMR,2023-02-10,"The final results for each of the matters submitted to a vote at the Company's 2023 Annual Meeting of Shareholders held on February 7, 2023 are as follows: Proposal 1: The three Directors named in the Proxy Statement were elected by the shareholders.",https://www.sec.gov/Archives/edgar/data/32604/0001193125-23-032560.txt,2023-02-13,routine_compatible,expanded_early,3727d3f2c52ddfe8e2faf103dffb4dbd419137a3cf337d00f8ca718ff182ee6d,False,True
0001558370-23-002172,DE,2023-02-27,"Deere & Company (the ""Company"") held its annual meeting of shareholders on February 22, 2023 (the ""Annual Meeting""). The voting results for each matter submitted to a vote of shareholders at the Annual Meeting are as follows: 1. Election of Directors - All director nominees were elected for terms expiring at the 2024 annual meeting of shareholders with the following votes.",https://www.sec.gov/Archives/edgar/data/315189/0001558370-23-002172.txt,2023-02-28,routine_compatible,expanded_early,1d2e2ba27a5fae08047941bfbc9ba56cac26d658e9dfb0a2339c02fd3780e538,False,True
0000804328-23-000014,QCOM,2023-03-09,"QUALCOMM Incorporated (the ""Company"") held its 2023 Annual Meeting of Stockholders on March 8, 2023 (the ""Annual Meeting""). At the Annual Meeting, the Company's stockholders considered four proposals, each of which is described briefly below and in more detail in the Company's definitive proxy statement dated January 19, 2023. The final voting results for each proposal are set forth below.",https://www.sec.gov/Archives/edgar/data/804328/0000804328-23-000014.txt,2023-03-10,unknown_review,expanded_early,1ca7b7c2c6f3fa193116f63662c98455a9994ac7ee5676471223ea876ceb5d08,False,False
0000829224-23-000027,SBUX,2023-03-29,"On March 23, 2023, Starbucks Corporation (the ""Company"") held its 2023 Annual Meeting of Shareholders (the ""Annual Meeting""). The matters submitted to a vote at the Annual Meeting and the voting results of such matters are as follows: Proposal 1 - Election of Directors. The Company's shareholders elected each of the 8 directors nominated by the Company's Board of Directors (the ""Board"") to serve until the 2024 Annual Meeting of Shareholders or until their successors are duly elected and qualified.",https://www.sec.gov/Archives/edgar/data/829224/0000829224-23-000027.txt,2023-03-30,routine_compatible,expanded_early,6e9a0ebcbbea6881c65e6f999c8506cb192570a87f733c6ca5d8e164988adb8e,False,True
0001744489-23-000071,DIS,2023-04-04,"The final results of voting on each of the matters submitted to a vote of security holders during the Registrant's annual meeting of shareholders on April 3, 2023 are as follows.",https://www.sec.gov/Archives/edgar/data/1744489/0001744489-23-000071.txt,2023-04-05,unknown_review,expanded_early,b311e748b608789bc93aea802f0c3d1b94184a89a07171bd8cebb612ca78e9ba,False,False
0001730168-23-000052,AVGO,2023-04-06,"At the 2023 Annual Meeting, the Broadcom stockholders voted on the following matters and cast their votes as set forth below: (1)The nine nominees were elected to serve as directors of Broadcom until the next annual meeting of stockholders or until their successors have been elected",https://www.sec.gov/Archives/edgar/data/1730168/0001730168-23-000052.txt,2023-04-10,routine_compatible,expanded_early,b84d973bcbe55597f22b3882f35b1a7f9210e2df1e4bd7aced4917e932435f93,False,True
0001193125-23-099221,BK,2023-04-12,"On April 12, 2023, The Bank of New York Mellon Corporation held its Annual Meeting of Stockholders. At the Annual Meeting, each nominee for director was elected by a majority of votes cast (proposal 1). In addition, stockholders approved, on an advisory basis, the 2022 compensation of BNY Mellon's named executive officers (proposal 2); voted, on an advisory basis, to have future say-on-pay votes on an annual basis (proposal 3); ratified the appointment of KPMG LLP as BNY Mellon's independent registered public accountants for the year ending December 31, 2023 (proposal 4); and approved The Bank of New York Mellon Corporation 2023 Long-Term Incentive Plan (proposal 5).",https://www.sec.gov/Archives/edgar/data/1390777/0001193125-23-099221.txt,2023-04-13,routine_compatible,expanded_early,fdee6cbc1b423e43912806821697450dada1ff684b25d9ad1b081c2463be8788,False,True
0001193125-23-108369,USB,2023-04-20,"U.S. Bancorp (the ""Company"") held its 2023 annual meeting of shareholders on Tuesday, April 18, 2023. Shareholders considered four proposals at the meeting... The Company's shareholders elected each of the thirteen nominees for director, and the voting results are set forth below.",https://www.sec.gov/Archives/edgar/data/36104/0001193125-23-108369.txt,2023-04-21,routine_compatible,expanded_early,6cb6ba84c1a488d441b899ceb753d2419eed3c16fbbbb35304d7bba1702f4093,False,True
0000796343-23-000084,ADBE,2023-04-24,"On April 20, 2023, at the 2023 Annual Meeting of Stockholders (the ""Annual Meeting"") of Adobe Inc. (the ""Company""), the Company's stockholders approved proposals one through four, approved one year with respect to proposal five and did not approve proposal six, a stockholder proposal concerning a report on hiring of persons with arrest or incarceration records.",https://www.sec.gov/Archives/edgar/data/796343/0000796343-23-000084.txt,2023-04-25,routine_compatible,expanded_early,41314df1d4795cd59d5b08624c8b92d6cd1a97d2301d426bb5269f1ff169d9bf,False,True
0001104659-23-050368,C,2023-04-26,"Citigroup's 2023 Annual Meeting of Stockholders was held on April 25, 2023. At the meeting: (1) 13 persons were elected to serve as directors of Citigroup; (2) the selection of KPMG LLP to serve as the independent registered public accountants of Citigroup for 2023 was ratified; (3) an advisory vote to approve our 2022 Executive Compensation was approved; (4) a proposal to approve additional shares for the Citigroup 2019 Stock Incentive Plan was approved.",https://www.sec.gov/Archives/edgar/data/831001/0001104659-23-050368.txt,2023-04-27,routine_compatible,expanded_early,7b2501a0d4168534450a92170842dca39a95d48c7ee1a9e299625d481f1d9675,False,True
0000936468-23-000059,LMT,2023-04-27,"Lockheed Martin Corporation (the ""Company"") held its Annual Meeting of Stockholders on April 27, 2023. Of the 254,518,944 shares outstanding and entitled to vote (as of the February 24, 2023 record date), 224,068,654 shares were represented at the meeting, or an 88.04% quorum. The final results of voting for each matter submitted to a vote of stockholders at the meeting are as follows:",https://www.sec.gov/Archives/edgar/data/936468/0000936468-23-000059.txt,2023-04-28,unknown_review,expanded_early,77973a606c32bd760e971883641f71af700e80c29f290f59464a82985877df72,False,False
0001193125-23-122281,GS,2023-04-27,"The Annual Meeting was held on April 26, 2023. The results of the matters submitted to a shareholder vote at the Annual Meeting were as follows: Election of Directors: Our shareholders elected the following 12 directors to each serve a one-year term expiring on the date of our 2024 annual meeting of shareholders or until his or her successor has been duly chosen and qualified.",https://www.sec.gov/Archives/edgar/data/886982/0001193125-23-122281.txt,2023-04-28,routine_compatible,expanded_early,7287a32838c2951b5dec510400c1c6b933798e079b6bc815bb40bc437e751bd5,False,True
0000072971-23-000097,WFC,2023-04-27,"The Company held its annual meeting of shareholders on April 25, 2023. At the meeting, shareholders elected the 13 director nominees nominated by the Board as each director nominee received a greater number of votes cast ""for"" his or her election than votes cast ""against"" his or her election... In addition, shareholders approved, on an advisory basis, the compensation of the Company's named executives... and ratified the appointment of KPMG LLP as the Company's independent registered public accounting firm for 2023.",https://www.sec.gov/Archives/edgar/data/72971/0000072971-23-000097.txt,2023-04-28,routine_compatible,expanded_early,f79b47147f21eed50b98574e5ef41b653f3a5a3176d7ee3d0e7693d11dcf72de,False,True
0000070858-23-000137,BAC,2023-04-28,"On April 25, 2023, the Corporation held its Annual Meeting. The Corporation's shareholders: elected all of the nominees for director; approved the advisory vote on executive compensation; voted, on an advisory basis, in favor of holding future advisory votes on executive compensation every year; ratified the appointment of PricewaterhouseCoopers LLP as the Corporation's independent registered public accounting firm for 2023; and approved the amendment and restatement of the Plan.",https://www.sec.gov/Archives/edgar/data/70858/0000070858-23-000137.txt,2023-05-01,routine_compatible,expanded_early,db5b2ea0318aa782b738917377a95ce05cdd449464926f6a270045d1a0ae04d7,False,True
0001628280-23-014368,PFE,2023-05-01,"The Pfizer Inc. (the ""Company"") Annual Meeting of Shareholders was held on April 27, 2023. Shareholders voted on the matters set forth below. The nominees for election to the Company's Board of Directors set forth in Item 1 to the Company's Proxy Statement filed with the U.S. Securities and Exchange Commission on March 16, 2023 were elected to hold office until the Company's next Annual Meeting of Shareholders, based upon the following votes: [detailed voting results for 12 director nominees]",https://www.sec.gov/Archives/edgar/data/78003/0001628280-23-014368.txt,2023-05-02,routine_compatible,expanded_early,b235c036683b6e6461145e51584fd5116f26c025c3e89d9352e7db1e36a7e95e,False,True
0000200406-23-000059,JNJ,2023-05-01,"The 2023 Annual Meeting of Shareholders of Johnson & Johnson (the ""Company"") was held on April 27, 2023. At the 2023 Annual Meeting of Shareholders, the shareholders: elected all 12 Director nominees named in the 2023 Proxy Statement to the Company's Board of Directors; approved, on an advisory basis, the executive compensation philosophy, policies and procedures... ratified the appointment of PricewaterhouseCoopers LLP as the Company's independent registered public accounting firm for the fiscal year 2023; did not approve the shareholder proposal for a Vaccine Pricing Report; and did not approve the shareholder proposal for a report on the Impact of Extended Patent Exclusivities on Product Access.",https://www.sec.gov/Archives/edgar/data/200406/0000200406-23-000059.txt,2023-05-02,routine_compatible,expanded_early,079d7bcc3d8fc43f0d517e2ac8f612bbf9516ae2efb13da2005fb92ef7d22bfa,False,True
0001035267-23-000133,ISRG,2023-05-02,"At the Annual Meeting, the stockholders of Intuitive Surgical, Inc. voted on the following five proposals, each of which is described in detail in the Proxy Statement filed with the Securities and Exchange Commission on March 10, 2023. Each of the nominees nominated in Proposal No. 1 was elected. Proposal No. 2 was approved on an advisory basis. Proposal No. 4 was approved. Proposal No. 5 was rejected.",https://www.sec.gov/Archives/edgar/data/1035267/0001035267-23-000133.txt,2023-05-03,routine_compatible,expanded_early,ab5a38a375165fb07c3748584cea312595d8803cd5045922e482dc2700364b6b,False,True
0001104659-23-054706,ABT,2023-05-02,"Abbott held its Annual Meeting of Shareholders on April 28, 2023. The following is a summary of the matters voted on at that meeting. (1)The shareholders elected Abbott's entire Board of Directors.",https://www.sec.gov/Archives/edgar/data/1800/0001104659-23-054706.txt,2023-05-03,routine_compatible,expanded_early,499ceee1ca53d20a0aefed46517f78fde823876070f7e4b5ad4eab837693bc29,False,True
0000097476-23-000029,TXN,2023-05-03,"At the annual meeting of stockholders held on April 27, 2023, the stockholders elected the Board of Directors of Texas Instruments Incorporated and voted upon the proposals contained within our Proxy Statement dated March 14, 2023.",https://www.sec.gov/Archives/edgar/data/97476/0000097476-23-000029.txt,2023-05-04,routine_compatible,expanded_early,e026ddc67bc89543bab39cb1d5646d8e417fcf93ace7b55b28deaf7c4f4fb032,False,True
0001140361-23-022991,BMY,2023-05-04,"The Annual Meeting of the Company was held on May 2, 2023. Shareholders voted on the matters set forth below. Item 1. The shareholders elected each of the Company's 11 nominees to serve as directors of the Company until the 2024 Annual Meeting.",https://www.sec.gov/Archives/edgar/data/14272/0001140361-23-022991.txt,2023-05-05,routine_compatible,expanded_early,b7f3cd5ec7b490d9526c8b3824c3d401dd6f26cbf39690fce2cb77358ece2e09,False,True
0000040533-23-000031,GD,2023-05-05,"The results of voting on Proposals 1 through 7 (as numbered in the company's 2023 Proxy Statement) submitted to the company's shareholders for consideration at the Annual Meeting of Shareholders held on May 3, 2023, are set forth below.",https://www.sec.gov/Archives/edgar/data/40533/0000040533-23-000031.txt,2023-05-08,unknown_review,expanded_early,d525ed35c1beda7dd59e108c63f1157eee07ae951dbeba5af3abc0ba760bb95b,False,False
0001193125-23-138265,GE,2023-05-08,"At the Annual Meeting, shareholders elected all of the Company's nominees for director; approved the advisory vote on the Company's named executives' compensation ('Say on Pay'); approved the holding of future advisory votes on the Company's named executives' compensation every year ('Say on Frequency'); and ratified the appointment of Deloitte & Touche LLP as the Company's independent auditor for 2023.",https://www.sec.gov/Archives/edgar/data/40545/0001193125-23-138265.txt,2023-05-09,routine_compatible,expanded_early,0185bb84e14443831c60df107424d7d0a25df38dfbfdc4e0aa6af23c7a7e9cd4,False,True
0001413329-23-000151,PM,2023-05-09,"On May 3, 2023, Philip Morris International Inc. (the ""Company"") held its Annual Meeting of Shareholders (""Annual Meeting""). The matters voted upon at the Annual Meeting and the results of such voting are set forth below: Proposal 1: Election of Directors of the Company... All director nominees were duly elected.",https://www.sec.gov/Archives/edgar/data/1413329/0001413329-23-000151.txt,2023-05-10,routine_compatible,expanded_early,a5fc5f0545d6b6b5c9873a3cdd28f0daf0dc4ee01873386f21b35743be864a78,False,True
0000927628-23-000197,COF,2023-05-09,"The Annual Meeting was held on May 4, 2023. Stockholders elected Mr. Richard D. Fairbank, Mr. Ime Archibong, Ms. Christine Detrick, Ms. Ann Fritz Hackett, Mr. Peter Thomas Killalea, Mr. Cornelis Petrus Adrianus Joseph ('Eli') Leenaars, Mr. François Locoh-Donou, Mr. Peter E. Raskind, Ms. Eileen Serra, Mr. Mayo A. Shattuck III, Mr. Bradford H. Warner and Mr. Craig Anthony Williams to the Company's Board of Directors for terms expiring at the 2024 annual meeting of stockholders.",https://www.sec.gov/Archives/edgar/data/927628/0000927628-23-000197.txt,2023-05-10,routine_compatible,expanded_early,f70ab617f6dc6a41a9620dc65a0310d229e6bf3d554ebfbef12f3cea4566a638,False,True
0001104659-23-057738,DUK,2023-05-09,"Duke Energy held its Annual Meeting of Shareholders on May 4, 2023. At the Annual Meeting, shareholders voted on the following items: (i) election of directors; (ii) ratification of the appointment of Deloitte & Touche LLP as the Company's independent registered public accounting firm for 2023; (iii) an advisory vote to approve the Company's named executive officer compensation; (iv) an advisory vote on the frequency of the vote on executive compensation; (v) approval of the Duke Energy Corporation 2023 Long-Term Incentive Plan.",https://www.sec.gov/Archives/edgar/data/1326160/0001104659-23-057738.txt,2023-05-10,unknown_review,expanded_early,3d6b416f4790fdec95eea2970a33a175273665725eebaeccf29f8426ac3068c4,False,False
0001090727-23-000029,UPS,2023-05-09,"The Company held its Annual Meeting of Shareholders on May 4, 2023. The following matters were submitted to a vote of the shareholders. Election of Directors: Votes regarding the election of 12 directors for a term expiring at the Company's 2024 annual meeting of shareholders... Under the Company's Bylaws, each of the director nominees was elected.",https://www.sec.gov/Archives/edgar/data/1090727/0001090727-23-000029.txt,2023-05-10,routine_compatible,expanded_early,e077af92fd827ed45c4b45a4a45e85c775e8f25c482f87940fa79e18cb746991,True,False
0001104659-23-058520,ABBV,2023-05-10,"AbbVie Inc. held its Annual Meeting of Stockholders on May 5, 2023. The stockholders elected AbbVie's Class II Directors with terms expiring in 2026... The stockholders ratified the appointment of Ernst & Young LLP as AbbVie's independent registered public accounting firm for 2023.",https://www.sec.gov/Archives/edgar/data/1551152/0001104659-23-058520.txt,2023-05-11,routine_compatible,expanded_early,9634eab1951f43e5baa2ba35912e7c9b2ddbb368c8cbd6f149d1574f0989480d,False,True
0000066740-23-000035,MMM,2023-05-11,"At the 2023 Annual Meeting of Shareholders of the Company held on May 9, 2023, the votes cast with respect to each item of business properly presented at the meeting are as follows: Proposal No. 1 — The shareholders elected each of the ten nominees to the Board of Directors for a one-year term by the vote of the majority of votes cast.",https://www.sec.gov/Archives/edgar/data/66740/0000066740-23-000035.txt,2023-05-12,routine_compatible,expanded_early,7c0461b7777d5cdeb13ab1f16f4d11f09d14ef85f85972b5d2b29b4b4b7bbff6,False,True
0000313616-23-000175,DHR,2023-05-11,"The Company's annual meeting of shareholders was held on May 9, 2023. At the annual meeting, the Company's shareholders voted on the following proposals: (1) To elect the fourteen directors named in the Company's proxy statement to terms expiring in 2024. Each nominee for director was elected by a vote of the shareholders. (2) To ratify the selection of Ernst & Young LLP as the Company's independent registered public accounting firm for the year ending December 31, 2023. The proposal was approved by a vote of shareholders. (3) To approve on an advisory basis the Company's named executive officer compensation. The proposal was approved by a vote of shareholders.",https://www.sec.gov/Archives/edgar/data/313616/0000313616-23-000175.txt,2023-05-12,routine_compatible,expanded_early,ab26a53c190e03cba7eed3cc0eeabdd94e48d95bf2f05d61d52fd372547f56b6,False,True
0001552781-23-000276,UBER,2023-05-12,"On May 8, 2023, Uber Technologies, Inc. held its annual meeting of stockholders. Present at the Meeting in person or by proxy were holders of 1,588,617,964 shares of common stock, representing approximately 78.9% of the voting power. Based on the votes set forth above, each director nominee was duly elected to serve until the 2024 annual meeting of stockholders.",https://www.sec.gov/Archives/edgar/data/1543151/0001552781-23-000276.txt,2023-05-15,routine_compatible,expanded_early,ea2b5f4fc9c3adb28d304c32d65f9b64e1d2838d9fef81b8520834b33263e7b1,False,True
0001104659-23-060937,AIG,2023-05-15,"On May 10, 2023, American International Group, Inc. (""AIG"") held its Annual Meeting of Shareholders (the ""Annual Meeting""). The results of the matters submitted to a shareholder vote at the Annual Meeting were as follows: Proposal 1 - Election of Directors: The following individuals were elected to serve as directors until the 2024 Annual Meeting or upon the election and qualification of their successors.",https://www.sec.gov/Archives/edgar/data/5272/0001104659-23-060937.txt,2023-05-16,routine_compatible,expanded_early,c03035a1a3b91a5ea0997087c2ff1b5ffee6f79a731da04a1d87872151e021c1,False,True
0000050863-23-000057,INTC,2023-05-17,"At the Annual Meeting, a total of 3,237,246,055 shares of the Company's common stock were present or represented by proxy, representing 77.6% of the 4,171,072,249 shares outstanding as of the close of business on March 17, 2023, the record date for the determination of stockholders entitled to vote at the Annual Meeting. The following are the voting results on the seven proposals considered and voted upon at the Annual Meeting.",https://www.sec.gov/Archives/edgar/data/50863/0000050863-23-000057.txt,2023-05-18,unknown_review,expanded_early,f98fa4de81da0240ddb794aa5a73ba60f1f1fb8b395fd30eadd1c90c474aa6e4,False,False
0000021665-23-000019,CL,2023-05-17,"The Company's Annual Meeting of Stockholders was held on May 12, 2023. The matters voted on and the results of the vote were as follows. John P. Bilbrey, John T. Cahill, Steve Cahillane, Lisa M. Edwards, C. Martin Harris, Martina Hund-Mejean, Kimberly A. Nelson, Lorrie M. Norrington, Michael B. Polk, Stephen I. Sadove, and Noel R. Wallace were elected directors of the Company.",https://www.sec.gov/Archives/edgar/data/21665/0000021665-23-000019.txt,2023-05-18,routine_compatible,expanded_early,302d0d78450f888d3c9904a13f72f02c5fd09ae5e7ae685984512243c6e91917,False,True
0000019617-23-000382,JPM,2023-05-18,"Registrant held its Annual Meeting of Shareholders on Tuesday, May 16, 2023; 2,493,482,019 shares were represented in person or by proxy, or 85.06% of the total shares outstanding. The results of the shareholder voting on the proposals presented were as follows: Proposal 1 - Shareholders elected the 12 director nominees named in the Proxy Statement. All director nominees received at least 91.32% of the votes cast.",https://www.sec.gov/Archives/edgar/data/19617/0000019617-23-000382.txt,2023-05-19,routine_compatible,expanded_early,2e77172cace73ebbe80842515e2a82d4aea43ae78e2ed409de7b41c4ce4bce16,False,True
0001104659-23-061988,COP,2023-05-18,"The Company held its Annual Meeting on May 16, 2023. As of the record date for the Annual Meeting, there were a total of 1,211,878,514 shares outstanding and entitled to vote. The results of the matters submitted to a vote of the stockholders at the meeting are set forth below. All 13 nominated directors were elected to serve a one-year term.",https://www.sec.gov/Archives/edgar/data/1163165/0001104659-23-061988.txt,2023-05-19,routine_compatible,expanded_early,484c69b8c435e7f71f0959ba15f11265f99717d57325d1b63a512ca7aca4f2aa,False,True
0001193125-23-150659,AMGN,2023-05-22,"The Company held its Annual Meeting on May 19, 2023. The final results of the voting for each matter submitted to a vote of stockholders at the meeting are as follows: Item 1 - Election of Directors. Each of the following 13 nominees for director were elected to serve a one-year term expiring at the Company's 2024 annual meeting of stockholders.",https://www.sec.gov/Archives/edgar/data/318154/0001193125-23-150659.txt,2023-05-23,routine_compatible,expanded_early,e729de447a2b63321a60c3625c83871c69b6b647cde1e8eb4aca413f0efafb73,False,True
0000764180-23-000070,MO,2023-05-22,"On May 18, 2023, Altria Group, Inc. held its 2023 Annual Meeting of Shareholders. All nominees were duly elected as directors of Altria. The selection of the Independent Registered Public Accounting Firm was ratified. The proposal was approved on an advisory basis.",https://www.sec.gov/Archives/edgar/data/764180/0000764180-23-000070.txt,2023-05-23,routine_compatible,expanded_early,2b177e091f534524a3d584b056e0f4d931edac207a3acfaba9c255820b01cf27,False,True
0000753308-23-000038,NEE,2023-05-22,"NextEra Energy, Inc. (NEE) held its 2023 Annual Meeting of Shareholders (2023 Annual Meeting) on May 18, 2023. At the 2023 Annual Meeting, NEE's shareholders approved four proposals and did not approve one shareholder proposal.",https://www.sec.gov/Archives/edgar/data/753308/0000753308-23-000038.txt,2023-05-23,routine_compatible,expanded_early,6111806362c976b87b7adfeb5200a49da845e2c751446511414d5e35fc060dd0,False,True
0000950103-23-007607,MS,2023-05-22,"At the 2023 Annual Meeting of Shareholders (the ""Annual Meeting"") of Morgan Stanley (the ""Company"") held on Friday, May 19, 2023, the shareholders of the Company in attendance (the ""Shareholders""), constituting a quorum under the Amended and Restated Bylaws of the Company, voted on proposals to: (i) elect directors to the Company's Board of Directors (the ""Board""), (ii) ratify the appointment of Deloitte & Touche LLP as the Company's independent auditor for the 2023 fiscal year, (iii) approve the compensation of the Company's named executive officers... At the Annual Meeting, all nominees for election to the Board were elected by the Shareholders. The Shareholders also voted to ratify the appointment of Deloitte & Touche LLP as the Company's independent auditor for the 2023 fiscal year.",https://www.sec.gov/Archives/edgar/data/895421/0000950103-23-007607.txt,2023-05-23,routine_compatible,expanded_early,16861de49de6ab442168ce7a08ac1e97816a6f55bc735d8d983ceb8571ab9c05,True,False
0001193125-23-150444,SCHW,2023-05-22,"The 2023 Annual Meeting of Stockholders of The Charles Schwab Corporation (""CSC"") was held on May 18, 2023. All nominees for directors were elected, and each nominee received more ""for"" votes than ""against"" votes cast for his or her election. The proposal to ratify the selection of Deloitte & Touche LLP as CSC's independent auditors for the 2023 fiscal year was approved. The advisory vote on named executive officer (""NEO"") compensation was approved. The advisory vote on the frequency of approval of named executive officer compensation was approved as one year.",https://www.sec.gov/Archives/edgar/data/316709/0001193125-23-150444.txt,2023-05-23,routine_compatible,expanded_early,7469da85ee106d46bec588fdd774992d2b37cc4e36d543ba5796b32a612606f3,False,True
0001564590-23-007379,TSLA,2023-05-22,"At Tesla, Inc.'s ('Tesla') 2023 Annual Meeting of Stockholders (the 'Annual Meeting') held on May 16, 2023, Tesla's stockholders voted on the following six proposals and Tesla's inspector of election certified the vote tabulations indicated below.",https://www.sec.gov/Archives/edgar/data/1318605/0001564590-23-007379.txt,2023-05-23,unknown_review,expanded_early,fbb1b6789da92f2ec371bacdd0636159d6b0a9bba884ca08e95dc28264b2e454,False,False
0000354950-23-000153,HD,2023-05-23,"The 2023 Annual Meeting of Shareholders of The Home Depot, Inc. (the ""Company"") was held on May 18, 2023. Below are the final vote results from the meeting.",https://www.sec.gov/Archives/edgar/data/354950/0000354950-23-000153.txt,2023-05-24,unknown_review,expanded_early,622c2d4525948ef5df088b13138ad5ee396b9545261de6fd506af22ff0e01a2e,False,False
0001193125-23-151810,AMD,2023-05-23,"At the Annual Meeting, the Company's stockholders voted on the following five proposals, each of which is described in detail in the Company's Proxy Statement: Proposal No. 1: Election of Directors - All Directors Re-Elected.",https://www.sec.gov/Archives/edgar/data/2488/0001193125-23-151810.txt,2023-05-24,routine_compatible,expanded_early,75e18937b8ce75b52f8ffce766154aeaf1f2df09617377f43fe25743b904271b,False,True
0000064803-23-000019,CVS,2023-05-24,"The following are the voting results on each matter submitted to the stockholders of CVS Health Corporation (the ""Company"") at the Annual Meeting of Stockholders held on May 18, 2023 (the ""Annual Meeting"").",https://www.sec.gov/Archives/edgar/data/64803/0000064803-23-000019.txt,2023-05-25,unknown_review,expanded_early,ff528f11761fd5535d01e2d7f116a3e6729e66be9df44703d60b46f2879df24b,False,False
0001053507-23-000128,AMT,2023-05-25,"The 2023 Annual Meeting of Stockholders (the ""Annual Meeting"") of American Tower Corporation (the ""Company"") was held virtually on May 24, 2023. At the Annual Meeting, the Company's stockholders elected twelve individuals to the Board of Directors (the ""Board""), approved Proposals 2 and 3 and voted for one year on Proposal 4.",https://www.sec.gov/Archives/edgar/data/1053507/0001053507-23-000128.txt,2023-05-26,routine_compatible,expanded_early,d55a36ff4c1c6e59e81520dd1f5210752ccdcbe5d3c810350b21e85c7fa61356,False,True
0001104659-23-065457,AMZN,2023-05-26,"On May 24, 2023, Amazon.com, Inc. (the 'Company') held its Annual Meeting of Shareholders. The following nominees were elected as directors, each to hold office until the next Annual Meeting of Shareholders or until his or her successor is elected and qualified, by the vote set forth below: [11 directors elected with vote counts]",https://www.sec.gov/Archives/edgar/data/1018724/0001104659-23-065457.txt,2023-05-30,routine_compatible,expanded_early,9500716891180dfa5b81346d25071e7408ac88ef7a05d376b8c44acda90a354b,False,True
0001140361-23-026845,MRK,2023-05-26,"The Annual Meeting of Shareholders of Merck & Co., Inc. (the ""Company"") was held on May 23, 2023. Shareholders voted on the matters set forth below: 1. The following nominees were elected to the Company's Board of Directors to hold office until the Company's next Annual Meeting of Shareholders",https://www.sec.gov/Archives/edgar/data/310158/0001140361-23-026845.txt,2023-05-30,routine_compatible,expanded_early,63eb01958457f197784175922457a90dbe2f6b993d9045e9c757b5f208b06654,False,True
0000097745-23-000042,TMO,2023-05-26,"At the Annual Meeting held on May 24, 2023, the shareholders of the Company voted on the following proposals: 1. The following nominees were elected to the Company's Board of Directors for a one-year term expiring at the 2024 annual meeting of shareholders.",https://www.sec.gov/Archives/edgar/data/97745/0000097745-23-000042.txt,2023-05-30,routine_compatible,expanded_early,7e0710db2a4af2fc04f560a53c525e9ebbe8aa2846ba7159da1756ebe650137d,False,True
0001193125-23-155456,BLK,2023-05-26,"On May 24, 2023, BlackRock, Inc. (the ""Company"") held its 2023 Annual Meeting of Shareholders (the ""Annual Meeting""). The following are the voting results on each matter submitted to the Company's shareholders at the Annual Meeting. All director nominees were elected (Item 1). The proposal to approve the compensation of the named executive officers as disclosed in the Company's proxy statement, through a non-binding advisory vote, was approved (Item 2).",https://www.sec.gov/Archives/edgar/data/1364742/0001193125-23-155456.txt,2023-05-30,routine_compatible,expanded_early,d81b80a9027f7d610302546a2748e65b79dafc2d50de420d63fdc46f9b954695,False,True
0000092122-23-000055,SO,2023-05-26,"The Southern Company held its Annual Meeting of Stockholders on May 24, 2023. Stockholders voted as follows on the seven matters properly presented for a vote: The nominees for election to the Board of Directors were elected based on the following votes: [detailed voting results for 16 director nominees]",https://www.sec.gov/Archives/edgar/data/92122/0000092122-23-000055.txt,2023-05-30,routine_compatible,expanded_early,12f8ff5393387a086440e5225a3eddf07a070ade43a5ab54195ae474b9d09a5e,False,True
0000063908-23-000059,MCD,2023-06-01,"McDonald's Corporation (the ""Company"") held its 2023 Annual Shareholders' Meeting (the ""Annual Meeting"") on May 25, 2023. Set forth below are the final, certified voting results for each proposal presented at the Annual Meeting, as reported by Broadridge Financial Solutions, Inc., the Company's independent inspector of election.",https://www.sec.gov/Archives/edgar/data/63908/0000063908-23-000059.txt,2023-06-02,unknown_review,expanded_early,d981ed817e88437fe66ca138ad07bab05cce662c72412a3d5ce8c89710f2bbb4,False,False
0001373715-23-000282,NOW,2023-06-02,"At the 2023 Annual Meeting, the shareholders were asked to vote on five Company proposals. A brief description of each proposal, along with the final voting results is set forth below: 1. The shareholders elected the individuals listed below as directors to serve until the next annual shareholders meeting... 2. The shareholders voted, by a non-binding, advisory vote, against the 2022 compensation of the Company's named executive officers... 3. The shareholders ratified the appointment of PricewaterhouseCoopers LLP as the Company's independent registered public accounting firm... 4. The shareholders approved the Restated 2021 Plan to increase the number of shares reserved for issuance... 5. The shareholders elected Deborah Black as a director to serve until the next annual shareholders meeting.",https://www.sec.gov/Archives/edgar/data/1373715/0001373715-23-000282.txt,2023-06-05,routine_compatible,expanded_early,79680d02acb9b2a21e820b74fd369d210082b8caec75aafdaaa3801743969d83,False,True
0001065280-23-000173,NFLX,2023-06-06,"On June 1, 2023, Netflix, Inc. (the ""Company"") held its 2023 annual meeting of stockholders (the ""Annual Meeting""). The following individuals were elected at the Annual Meeting to serve until the 2024 annual meeting of stockholders: Mathias Döpfner, Reed Hastings, Jay Hoag, and Ted Sarandos.",https://www.sec.gov/Archives/edgar/data/1065280/0001065280-23-000173.txt,2023-06-07,routine_compatible,expanded_early,23c4d1d2880cb5be8665522e680ff27b04cbcc7f4306483e11d7a2d1f91d2446,False,True
0001075531-23-000036,BKNG,2023-06-07,"The 2023 Annual Meeting of Stockholders of the Company was held virtually on June 6, 2023 at www.virtualshareholdermeeting.com/BKNG2023. The following proposals were voted on by the Company's stockholders with the following results: 1. The stockholders of the Company elected all of the Company's nominees for election to the Board of Directors to serve until the next annual meeting of stockholders and until their respective successors are elected and qualified.",https://www.sec.gov/Archives/edgar/data/1075531/0001075531-23-000036.txt,2023-06-08,routine_compatible,expanded_early,1e4dd376a23681be8f7b556f48b0deff33e01fbffdc818c5ec59599dcf2d1a37,False,True
0001193125-23-163590,GOOGL,2023-06-08,"At the 2023 Annual Meeting, Alphabet's stockholders voted on nineteen proposals as set forth below... The individuals listed below were elected at the 2023 Annual Meeting to serve as directors of Alphabet until the next annual meeting of stockholders or until their respective successors have been duly elected and qualified.",https://www.sec.gov/Archives/edgar/data/1652044/0001193125-23-163590.txt,2023-06-09,routine_compatible,expanded_early,f6cad97a6afaf762fba0a8c4f115ad7bf2f700cb4410fcd01f6e031881d11eb4,False,True
0000950103-23-008707,CMCSA,2023-06-09,"At our annual meeting of shareholders held on June 7, 2023, the shareholders of Comcast Corporation approved (i) the adoption of the Comcast Corporation 2023 Omnibus Equity Incentive Plan and (ii) amendments to the Comcast Corporation 2002 Employee Stock Purchase Plan...All of the director nominees named in the proxy statement were elected to serve as directors for one-year terms.",https://www.sec.gov/Archives/edgar/data/1166691/0000950103-23-008707.txt,2023-06-12,routine_compatible,expanded_early,1faf990980d4e844fc8c3821964f2577e9064dc1fc39df8ca7af635e069fa5ba,False,True
0001321655-23-000061,PLTR,2023-06-09,"On June 6, 2023, Palantir Technologies Inc. (the ""Company"") held its 2023 annual meeting of stockholders (the ""Annual Meeting""). Each of the following nominees was elected to serve as a director... The appointment of Ernst & Young as the Company's independent registered public accounting firm for the fiscal year ending December 31, 2023 was ratified. The stockholders approved, on an advisory basis, the compensation of the Company's named executive officers.",https://www.sec.gov/Archives/edgar/data/1321655/0001321655-23-000061.txt,2023-06-12,routine_compatible,expanded_early,9a4654f414b2710854bea39a4762bb9ebf1ae67a9be960b79bd2e18a72050348,False,True
0000731766-23-000044,UNH,2023-06-09,"On June 5, 2023, the Company held its 2023 Annual Meeting of Shareholders (the ""Annual Meeting""). There were 842,090,464 shares of common stock represented at the Annual Meeting. The shareholders of the Company voted as follows on the following matters at the Annual Meeting: 1.Election of Directors. The nine directors were elected at the Annual Meeting for a one-year term based upon the following votes",https://www.sec.gov/Archives/edgar/data/731766/0000731766-23-000044.txt,2023-06-12,routine_compatible,expanded_early,225a21c88667ce1d1f289dd4510c57930c8ab22e3d66c3e7aae7ea36df4d7bda,False,True
0001104659-23-072533,CAT,2023-06-20,"Set forth below are the voting results for each of the matters submitted to a vote of the Company's shareholders at the Annual Meeting. All nominees for election to the Company's Board of Directors named in the Proxy Statement were elected, each to a one-year term, with the following vote",https://www.sec.gov/Archives/edgar/data/18230/0001104659-23-072533.txt,2023-06-21,routine_compatible,expanded_early,89a00278ab60ace5be9e25715d10bcec2040c29e9b383be674c4bd9f4f2a61a5,False,True
0001193125-23-171171,TMUS,2023-06-21,"On June 16, 2023, the Company held its Annual Meeting. At the Annual Meeting, the following six proposals were presented... Proposal 1 – Election of Directors. The following 13 director nominees were elected as directors, each to hold office until the Company's 2024 Annual Meeting of Stockholders, or until his/her successor is elected and qualified, by the votes set forth below.",https://www.sec.gov/Archives/edgar/data/1283699/0001193125-23-171171.txt,2023-06-22,routine_compatible,expanded_early,6a50a2b457acb5b4186ec0369e9161676b5cc6f60fae72219aff494985b7a190,False,True
0001193125-23-173880,MET,2023-06-23,"At MetLife, Inc.'s (the ""Company's"") annual meeting of common shareholders on June 20, 2023, the shareholders: elected fourteen Directors, each for a term expiring at the Company's 2024 annual meeting of shareholders; ratified the appointment of Deloitte & Touche LLP as the Company's independent auditor for 2023; approved, on an advisory basis, the compensation paid to the Company's Named Executive Officers as disclosed in the Company's 2023 Proxy Statement; and voted, on an advisory basis, on the frequency of future advisory votes to approve the compensation paid to the Company's Named Executive Officers.",https://www.sec.gov/Archives/edgar/data/1099219/0001193125-23-173880.txt,2023-06-26,routine_compatible,expanded_early,d428b071bc9d862a3877f092a1ce2ee8422288657ba65df6b32335425fcfe744,False,True
0001045810-23-000146,NVDA,2023-06-27,"On June 22, 2023, at the 2023 Annual Meeting of Stockholders of NVIDIA Corporation, the following proposals were adopted by the margin indicated. Stockholders approved the election of each of our thirteen (13) director nominees to hold office until the 2024 Annual Meeting of Stockholders of NVIDIA Corporation and until his or her successor is elected or appointed.",https://www.sec.gov/Archives/edgar/data/1045810/0001045810-23-000146.txt,2023-06-28,routine_compatible,expanded_early,2ec29af4456814765d7cc7273a15aa044088c2abcf4f70631ede1673d711e5d8,False,True
0001141391-23-000094,MA,2023-06-29,"The holders of Class A common stock elected the following individuals to serve on the Board as directors for a one-year term expiring on the date of Mastercard's 2024 annual meeting of stockholders: Merit E. Janow, Candido Bracher, Richard K. Davis, Julius Genachowski, Choon Phong Goh, Oki Matsumoto, Michael Miebach, Youngme Moon, Rima Qureshi, Gabrielle Sulzberger, Harit Talwar, Lance Uggla.",https://www.sec.gov/Archives/edgar/data/1141391/0001141391-23-000094.txt,2023-06-30,routine_compatible,expanded_early,f7b4b0b6d7eb169a667ac637ec93500b26a9c835c7a1236a281b495c851f548a,False,True
0001654954-23-009793,LIN,2023-07-28,"The Linde plc AGM was held on July 24, 2023, at which shareholders voted upon the items set forth below. The total number of shares that were present or represented by proxy at the Annual Meeting was 411,082,505 which was 83.95% of the shares outstanding and entitled to vote and which constituted a quorum. The final voting results of the items submitted to a vote of the shareholders are set forth below.",https://www.sec.gov/Archives/edgar/data/1707925/0001654954-23-009793.txt,2023-07-31,unknown_review,expanded_early,0f1c679e05117c1a280cd142fc380394117a8b5cba4d2acf83b72d307a670f2c,False,False
0001193125-23-240637,FDX,2023-09-22,"FedEx's annual meeting of stockholders was held on September 21, 2023. The stockholders took the following actions at the annual meeting: Proposal 1: The stockholders elected thirteen directors, each of whom will hold office until the annual meeting of stockholders to be held in 2024 and until his or her successor is duly elected and qualified.",https://www.sec.gov/Archives/edgar/data/1048911/0001193125-23-240637.txt,2023-09-25,routine_compatible,expanded_early,9c4ec796fc15ab72faed28d3df4b017a40b17d59f20420bf4a65c5b7449ee13d,False,True
0000080424-23-000088,PG,2023-10-10,"According to preliminary voting results, Brett Biggs, former Executive Vice President and Chief Financial Officer of Walmart, Inc, and the Company's thirteen incumbent Director nominees were elected to the Company's Board of Directors at the Annual Meeting of Shareholders.",https://www.sec.gov/Archives/edgar/data/80424/0000080424-23-000088.txt,2023-10-11,unknown_review,expanded_early,c9d8cb1bd2af3ef8d5316770b414184c033587fcf494c1306f67c013b386984f,False,False
0000080424-23-000090,PG,2023-10-13,"On October 10, 2023, The Procter & Gamble Company held its 2023 Annual Meeting of Shareholders. Set forth below are the final voting results for each of the proposals submitted to a vote of the shareholders.",https://www.sec.gov/Archives/edgar/data/80424/0000080424-23-000090.txt,2023-10-16,unknown_review,expanded_early,6260eecb74e7a4a2c681a42837c1078d3c68dd5c14bfc7f0e971a61a61a966c2,False,False
0001193125-23-279837,ORCL,2023-11-17,"Below is a brief description of each matter submitted to a vote at the Annual Meeting, as well as the final voting results with respect to each matter. Proposal No. 1: Election of Directors. The stockholders elected each of the following persons as a director to hold office until the 2024 Annual Meeting of Stockholders and until his or her successor is elected and qualified, or until his or her earlier resignation or removal.",https://www.sec.gov/Archives/edgar/data/1341439/0001193125-23-279837.txt,2023-11-20,unknown_review,expanded_early,3518de483c17a3989d24048fed6bd3ff1b7a17ff5745dcf8c044ccee144418ae,False,False
0001193125-23-291721,CSCO,2023-12-08,"At the Meeting, Cisco's stockholders voted on the following six proposals and cast their votes as follows: Proposal 1: To elect nine members of Cisco's Board",https://www.sec.gov/Archives/edgar/data/858877/0001193125-23-291721.txt,2023-12-11,unknown_review,expanded_early,f9bc180e6884159fc852e76bfb9397fbaaedf20041a54ab31c9335b73f966abe,False,False
0001193125-23-291720,MSFT,2023-12-08,"On December 7, 2022, Microsoft Corporation (the ""Company"") held its 2023 Annual Shareholders Meeting (the ""Annual Meeting""). The results for each item submitted for a vote of shareholders are as follows. The shareholders: (1) Voted to elect each of the twelve (12) nominees for director.",https://www.sec.gov/Archives/edgar/data/789019/0001193125-23-291720.txt,2023-12-11,unknown_review,expanded_early,d86f0236e0532a9724b50f3130e7ce858e2dea8f25f28ea707310153f2891032,False,False
0000909832-26-000016,COST,2026-01-21,"On January 15, 2026, Costco Wholesale Corporation (the ""Company"") held its Annual Meeting of Shareholders. There were 443,957,682 shares of common stock entitled to be voted; 352,303,581 shares were voted in person or by proxy. All items except item 4 were approved. The results of the votes are set forth below.",https://www.sec.gov/Archives/edgar/data/909832/0000909832-26-000016.txt,2026-01-22,routine_compatible,replication_2026,dde24494f6a39571b0866068cf9303001616f091ac2e926496572aa7cfbe6b85,False,True
0000896878-26-000006,INTU,2026-01-27,"On January 22, 2026, the Company held its Annual Meeting of Stockholders (the ""Meeting""). At the Meeting, stockholders: 1.Elected eleven persons to serve as directors of the Company; 2.Approved, on an advisory basis, the Company's executive compensation; 3.Ratified the selection of Ernst & Young LLP to serve as the independent registered public accounting firm for the fiscal year ending July 31, 2026; and 4.Did not approve a stockholder proposal requesting the Company's Board issue a report on the return on investment of the Company's diversity and inclusion programs",https://www.sec.gov/Archives/edgar/data/896878/0000896878-26-000006.txt,2026-01-28,routine_compatible,replication_2026,98ddfddc511b3d4a3ccc163d7ddd935737c6612e784764dfdadc6f08186df860,False,True
0001403161-26-000029,V,2026-01-28,"Visa Inc. (the ""Company"") held its Annual Meeting of Shareholders on January 27, 2026 (the ""Annual Meeting""). At the Annual Meeting, upon the recommendation of the Company's Board of Directors (the ""Board""), the Company's shareholders approved amendments to the Company's Eighth Amended and Restated Certificate of Incorporation... shareholders of the Company's Class A common stock voted on eight proposals that are described in detail in the Company's definitive proxy statement, dated December 8, 2025.",https://www.sec.gov/Archives/edgar/data/1403161/0001403161-26-000029.txt,2026-01-29,routine_compatible,replication_2026,88486c6143afc6ed84b97e346b3816d7b8b49963f9a30394f358302556a9d0db,False,True
0000032604-26-000017,EMR,2026-02-06,"Proposal 3: The appointment of KPMG LLP as the Company's independent registered public accounting firm for fiscal 2026 was ratified by the shareholders, by the votes set forth below: [453,714,275 For, 40,866,876 Against, 776,696 Abstain]",https://www.sec.gov/Archives/edgar/data/32604/0000032604-26-000017.txt,2026-02-09,unknown_review,replication_2026,298e839d251409ec719c354f3e02b55175d348faa0b29a7a7af22280e4a5e6f4,False,False
0001104659-26-021272,DE,2026-02-27,"Deere & Company (the ""Company"") held its annual meeting of shareholders on February 25, 2026 (the ""Annual Meeting""). The voting results for each matter submitted to a vote of shareholders at the Annual Meeting are as follows: 1. Election of Directors - All director nominees were elected for terms expiring at the 2027 annual meeting of shareholders.",https://www.sec.gov/Archives/edgar/data/315189/0001104659-26-021272.txt,2026-03-02,routine_compatible,replication_2026,30e6a886672592e29e3ebab7505485947d36f78bedc6e83ae06b940da4d22d99,False,True
0000804328-26-000041,QCOM,2026-03-19,"QUALCOMM Incorporated (the ""Company"") held its 2026 Annual Meeting of Stockholders on March 17, 2026 (the ""Annual Meeting""). At the Annual Meeting, the Company's stockholders considered seven proposals, each of which is described briefly below and in more detail in the Company's definitive proxy statement dated January 22, 2026. The final voting results for each proposal are set forth below.",https://www.sec.gov/Archives/edgar/data/804328/0000804328-26-000041.txt,2026-03-20,unknown_review,replication_2026,69626a4bc5eec69e67f2f62cdb8677401388ec7a149ca305619a1179dcd463b1,False,False
0001628280-26-020172,DIS,2026-03-20,"The final results of voting on each of the matters submitted to a vote of security holders during the Registrant's annual meeting of shareholders on March 18, 2026 (the ""Annual Meeting"") are as follows. [Includes election of directors, ratification of auditors, advisory vote on executive compensation, and shareholder proposals with voting results]",https://www.sec.gov/Archives/edgar/data/1744489/0001628280-26-020172.txt,2026-03-23,unknown_review,replication_2026,c6963af8e8a63a7e28e1f24d16017c98b508f59ffa8c402b6adb44657012b039,False,False
0000829224-26-000058,SBUX,2026-03-30,"On March 25, 2026, Starbucks Corporation (the ""Company"") held its 2026 Annual Meeting of Shareholders (the ""Annual Meeting""). The matters submitted to a vote at the Annual Meeting and the voting results of such matters are as follows: Proposal 1 - Election of Directors... Proposal 2 - Advisory Resolution on Executive Compensation... Proposal 3 - Ratification of the Selection of Deloitte & Touche LLP... Proposal 4 - Shareholder Proposal Requesting Supermajority Shareholder Voting Requirements be Replaced with Majority Voting Requirements... Proposal 5 - Shareholder Proposal Requesting Adoption of an Independent Board Chair Policy... [and additional shareholder proposals]",https://www.sec.gov/Archives/edgar/data/829224/0000829224-26-000058.txt,2026-03-31,unknown_review,replication_2026,33e073465b057b9d0d3095c191771089b36faa4b26a4bd1388d0b09b007f851c,False,False
0001628280-26-025684,BA,2026-04-17,"The Boeing Company held its Annual Meeting of Shareholders on April 17, 2026. Set forth below are the final voting results for each of the proposals submitted to a vote of the shareholders.",https://www.sec.gov/Archives/edgar/data/12927/0001628280-26-025684.txt,2026-04-20,unknown_review,replication_2026,cffc79b86f6ccb184b9f33506957097cb4deb4f26a3fecd7559e2ad433ffac30,False,False
0000097476-26-000094,TXN,2026-04-17,"At the annual meeting of stockholders held on April 16, 2026, the stockholders elected the Board of Directors of Texas Instruments Incorporated and voted upon the proposals contained within the company's proxy statement dated March 4, 2026.",https://www.sec.gov/Archives/edgar/data/97476/0000097476-26-000094.txt,2026-04-20,routine_compatible,replication_2026,b21a8abe94abe0114c418c72faca58f8fcd735e1e53326a37c6758e1b850f7d7,False,True
0000796343-26-000101,ADBE,2026-04-21,"At the Annual Meeting, held on April 15, 2026, the Company's stockholders approved proposals one through four and did not approve proposals five through eight. The final results for the votes regarding each proposal are set forth in the following tables.",https://www.sec.gov/Archives/edgar/data/796343/0000796343-26-000101.txt,2026-04-22,routine_compatible,replication_2026,bb9ec72c212bb3c348dcc451e7cad0ebcbaae757a264d83ca200ce86d87ec3f4,False,True
0001730168-26-000039,AVGO,2026-04-21,"Broadcom Inc. held its 2026 Annual Meeting of Stockholders on April 20, 2026. At the 2026 Annual Meeting, Broadcom stockholders voted on the following matters and cast their votes as set forth below: (1) The eight nominees were elected to serve as directors of Broadcom until the next annual meeting of stockholders or until their successors have been elected.",https://www.sec.gov/Archives/edgar/data/1730168/0001730168-26-000039.txt,2026-04-22,routine_compatible,replication_2026,0578523031bb1900f900d908c440aa8d33eb5643ad251bbe90fe6a1ee365b10b,False,True
0001193125-26-173818,USB,2026-04-23,"U.S. Bancorp (the ""Company"") held its 2026 annual meeting of shareholders on Tuesday, April 21, 2026. Shareholders considered three proposals at the meeting... The Company's shareholders elected each of the twelve nominees for director, and the voting results are set forth below.",https://www.sec.gov/Archives/edgar/data/36104/0001193125-26-173818.txt,2026-04-24,routine_compatible,replication_2026,b6be262e850429fc37f2d8893e90630e79677e1961d9e55cb2664425b88001a5,False,True
0001091667-26-000024,CHTR,2026-04-23,"At the Annual Meeting, as further described in Item 5.07 below, the Company's stockholders approved an amendment to the Charter Communications, Inc. 2019 Stock Incentive Plan (the ""Plan Amendment"") to increase the number of shares available for issuance under the plan by 16.0 million shares. The Plan Amendment became effective on April 21, 2026.",https://www.sec.gov/Archives/edgar/data/1271834/0001091667-26-000024.txt,2026-04-24,routine_compatible,replication_2026,69e9d75787fdb999adfa75448dfcd5a971ee4fbfc45b2bdfbf89b8333b23bad1,True,False
0001104659-26-049434,ABT,2026-04-27,"Abbott held its Annual Meeting of Shareholders on April 24, 2026. The following is a summary of the matters voted on at that meeting. (1) The shareholders elected Abbott's entire Board of Directors. (2) The shareholders ratified the appointment of Ernst & Young LLP as Abbott's auditors. (3) The shareholders approved the compensation of Abbott's named executive officers. (4) The shareholders voted to approve the Abbott Laboratories 2026 Incentive Stock Program, with 95.82 percent of the votes cast voting 'For' the proposal. (5) The shareholders voted to approve the Abbott Laboratories 2026 Employee Stock Purchase Plan for Non-U.S. Employees, with 99.33 percent of the votes cast voting 'For' the proposal.",https://www.sec.gov/Archives/edgar/data/1800/0001104659-26-049434.txt,2026-04-28,routine_compatible,replication_2026,27c55b5f71d685f9aeb1cef5184cd0ffd4d83c605d8062509765e61ec62bd139,False,True
0000078003-26-000044,PFE,2026-04-27,"The Pfizer Inc. (the ""Company"") Annual Meeting of Shareholders was held on April 23, 2026. Shareholders voted on the matters set forth below. The nominees for election to the Company's Board of Directors set forth in Item 1 to the Company's Proxy Statement filed with the U.S. Securities and Exchange Commission on March 12, 2026 were elected to hold office until the Company's next Annual Meeting of Shareholders, based upon the following votes: [detailed voting results for 12 director nominees]",https://www.sec.gov/Archives/edgar/data/78003/0000078003-26-000044.txt,2026-04-28,routine_compatible,replication_2026,9eba748a12af707b4bdb2d2901409d37201f7c5226dd528b8863fc62306e4c71,False,True
0000200406-26-000089,JNJ,2026-04-28,"At the 2026 Annual Meeting of Shareholders, the shareholders: elected all 12 Director nominees named in the 2026 Proxy Statement to the Company's Board of Directors; approved, on an advisory basis, the executive compensation philosophy, policies and procedures... ratified the appointment of PricewaterhouseCoopers LLP as the Company's independent registered public accounting firm for the fiscal year 2026; and did not approve the shareholder proposal to adopt a policy requiring an independent board chair.",https://www.sec.gov/Archives/edgar/data/200406/0000200406-26-000089.txt,2026-04-29,routine_compatible,replication_2026,d65e1c042775ed20e8ffa9db76e8d2b2f4fb9a619429bcc565714bbc808fb88c,False,True
0000072971-26-000227,WFC,2026-04-30,"At the 2026 Shareholder Meeting, shareholders elected the 12 director nominees nominated by the Board as each director nominee received a greater number of votes cast ""for"" his or her election than votes cast ""against"" his or her election... shareholders approved, on an advisory basis, the compensation of the Company's named executives as disclosed in the Proxy Statement, approved the Plan and ratified the appointment of KPMG LLP as the Company's independent registered public accounting firm for 2026.",https://www.sec.gov/Archives/edgar/data/72971/0000072971-26-000227.txt,2026-05-01,unknown_review,replication_2026,2eb91215a009a81dc98b002f1a1c4381c2c289f1648b679cd01daa1faa08da92,False,False
0001193125-26-199988,GS,2026-05-01,"The Annual Meeting was held on April 29, 2026. The results of the matters submitted to a shareholder vote at the Annual Meeting were as follows: Election of Directors: Our shareholders elected the following 13 directors to each serve a one-year term expiring on the date of our 2027 annual meeting of shareholders or until his or her successor has been duly chosen and qualified.",https://www.sec.gov/Archives/edgar/data/886982/0001193125-26-199988.txt,2026-05-04,routine_compatible,replication_2026,f05634ef34898c95de52ff1cc6e81c62915b7c5724e616a448d838b717a6c895,False,True
0001140361-26-018932,RTX,2026-05-04,"The Company held its 2026 Annual Meeting of Shareowners on April 30, 2026. Set forth below are the final voting results for each of the matters submitted to a vote of the shareowners.",https://www.sec.gov/Archives/edgar/data/101829/0001140361-26-018932.txt,2026-05-05,unknown_review,replication_2026,0276f0ae628c63d982806b1358622d93d2d480fd3b7824cf08cb8460a0024722,False,False
0001035267-26-000035,ISRG,2026-05-04,"At the Company's annual meeting of stockholders held on April 30, 2026 (the ""Annual Meeting""), the Company's stockholders approved the Amended 2010 Plan. Each of the nominees listed in Proposal No. 1 was elected. Proposal No. 2 was approved on an advisory basis. Proposal No. 3 was approved. Proposal No. 4 was approved.",https://www.sec.gov/Archives/edgar/data/1035267/0001035267-26-000035.txt,2026-05-05,routine_compatible,replication_2026,42fcb676be6c25a0483204dbc0fbc24564fc77c7af089c6b43977ddcdb7b5b84,False,True
0000070858-26-000273,BAC,2026-05-06,"On May 4, 2026, Bank of America Corporation (the ""Corporation"") held its 2026 Annual Meeting of Shareholders. The Corporation's shareholders: elected all of the nominees for director; approved the advisory vote on executive compensation; and ratified the appointment of PricewaterhouseCoopers LLP as the Corporation's independent registered public accounting firm for 2026.",https://www.sec.gov/Archives/edgar/data/70858/0000070858-26-000273.txt,2026-05-07,routine_compatible,replication_2026,af232fe219827e716da7fc4308cc189ebff2ce6f47d92c656dc45c71071592d4,False,True
0000313616-26-000127,DHR,2026-05-07,"The Company's annual meeting of shareholders was held on May 5, 2026. At the annual meeting, the Company's shareholders voted on the following proposals: 1. To elect the eleven directors named in the Company's proxy statement to terms expiring in 2027. Each nominee for director was elected by a vote of the shareholders as follows: [detailed voting results for all eleven directors]",https://www.sec.gov/Archives/edgar/data/313616/0000313616-26-000127.txt,2026-05-08,routine_compatible,replication_2026,7f5d7619935f1ee4a932cd6f7164f2587d14f1bcc73ef1ea1bd93046b27e0703,False,True
0000040545-26-000032,GE,2026-05-07,"At the Annual Meeting, shareholders elected all of the Company's nominees for director; approved the advisory vote on the Company's named executives' compensation ('Say on Pay'); approved the Amendment and Restatement of the 2022 Long-Term Incentive Plan ('Amended LTIP'); approved the GE Aerospace Global Employee Stock Purchase Plan ('ESPP'); and ratified the appointment of Deloitte & Touche LLP as the Company's independent auditor for 2026.",https://www.sec.gov/Archives/edgar/data/40545/0000040545-26-000032.txt,2026-05-08,routine_compatible,replication_2026,9f195f2dca0062fc32e152558a9c9630c8dc48aae501511621fe22bd385dcfc3,False,True
0001552781-26-000314,UBER,2026-05-08,"On May 4, 2026, Uber Technologies, Inc. held its annual meeting of stockholders. Present at the Meeting in person or by proxy were holders of 1,686,358,501 shares of common stock, representing approximately 83% of the voting power. Based on the votes set forth above, each director nominee was duly elected to serve until the 2027 annual meeting of stockholders.",https://www.sec.gov/Archives/edgar/data/1543151/0001552781-26-000314.txt,2026-05-11,routine_compatible,replication_2026,18c6b3f3a642f4ebd44b6aa76bf63071dcc2c8c2887967ee19118b805e08199e,False,True
0000077476-26-000024,PEP,2026-05-08,"PepsiCo, Inc. held its 2026 Annual Meeting of Shareholders on May 6, 2026. Below are the final voting results. The following 13 persons were elected to serve as directors of PepsiCo... The shareholders ratified the appointment of KPMG LLP as the independent registered public accounting firm for PepsiCo for fiscal year 2026... The shareholders approved, on an advisory basis, PepsiCo's executive compensation... The shareholders voted against a shareholder proposal regarding an independent board chair... The shareholders voted against a shareholder proposal regarding a report on human rights oversight... The shareholders voted against a shareholder proposal regarding a report evaluating the treatment of animals within supply chain.",https://www.sec.gov/Archives/edgar/data/77476/0000077476-26-000024.txt,2026-05-11,routine_compatible,replication_2026,99490f483b5692a0e529565cf31ca50fd87043f2a03c32e6d3ea52b06725dd46,False,True
0001140361-26-020036,BMY,2026-05-08,"The Annual Meeting of the Company was held on May 5, 2026. Shareholders voted on the matters set forth below. The shareholders elected each of the Company's 11 nominees to serve as directors of the Company until the 2027 Annual Meeting based upon the following votes: [detailed voting results for all 11 directors]",https://www.sec.gov/Archives/edgar/data/14272/0001140361-26-020036.txt,2026-05-11,routine_compatible,replication_2026,757f52fa1a92ba31a2e6cecfb367253e59b1ead00eba32ee145b96e280a1c153,False,True
0000927628-26-000050,COF,2026-05-08,"The 2026 Annual Stockholder Meeting (the ""Annual Meeting"") of Capital One Financial Corporation (the ""Company"") was held on May 8, 2026... Stockholders elected Mr. Richard D. Fairbank, Mr. Ime Archibong, Ms. Christine Detrick, Ms. Suni P. Harford, Mr. Peter Thomas Killalea, Mr. Cornelis Petrus Adrianus Joseph (""Eli"") Leenaars, Mr. François Locoh-Donou, Mr. Peter E. Raskind, Ms. Eileen Serra, Mr. Mayo A. Shattuck III, Mr. J. Michael Shepherd, Mr. Craig Anthony Williams and Ms. Jennifer L. Wong to the Company's Board of Directors for terms expiring at the 2027 annual meeting of stockholders.",https://www.sec.gov/Archives/edgar/data/927628/0000927628-26-000050.txt,2026-05-11,routine_compatible,replication_2026,69310c202dd987591e9859a6e714d079511438faa75681fec478ffdfb6112ace,False,True
0001628280-26-032644,PM,2026-05-08,"On May 6, 2026, Philip Morris International Inc. (the ""Company"") held its Annual Meeting of Shareholders (""Annual Meeting""). The matters voted upon at the Annual Meeting and the results of such voting are set forth below: Proposal 1: Election of Directors of the Company... All director nominees were duly elected.",https://www.sec.gov/Archives/edgar/data/1413329/0001628280-26-032644.txt,2026-05-11,routine_compatible,replication_2026,dd663f425d3d5df07937b8505ca5f244e489462d966fa2db514f86cd533ae5a3,False,True
0001628280-26-033522,UPS,2026-05-11,"At the 2026 Annual Meeting of Shareowners (the ""Meeting"") of United Parcel Service, Inc. (the ""Company"") held on May 7, 2026... the Company's shareowners approved the United Parcel Service, Inc. 2026 Omnibus Incentive Compensation Plan (the ""Plan"").",https://www.sec.gov/Archives/edgar/data/1090727/0001628280-26-033522.txt,2026-05-12,routine_compatible,replication_2026,b178a7f66641986df0f8a1147d0cb43df0151b7c3770137fd4d8d4035608d95f,False,True
0001104659-26-059484,ABBV,2026-05-12,"AbbVie held its 2026 Annual Meeting of Stockholders on May 8, 2026. The following is a summary of the matters voted on at that meeting. (1)The stockholders elected AbbVie's Class II directors with terms expiring in 2029.",https://www.sec.gov/Archives/edgar/data/1551152/0001104659-26-059484.txt,2026-05-13,routine_compatible,replication_2026,27a02d5e74c7d4420fc1d4d3a40e8e8ab282f29a69f3f6b6abf84561430a69bc,False,True
0000066740-26-000221,MMM,2026-05-13,"On May 12, 2026, 3M Company (the ""Company) held its 2026 annual meeting of shareholders (the ""Annual Meeting""). The final voting results and the votes used to determine the results for each item of business properly presented at the Annual Meeting are as follows: Proposal No. 1 — The shareholders elected each of the ten nominees to the Board of Directors for a one-year term.",https://www.sec.gov/Archives/edgar/data/66740/0000066740-26-000221.txt,2026-05-14,routine_compatible,replication_2026,58098b8f9901f6e088a08e936e01fdf6863aabbdb7cc27613b3683639d19c044,False,True
0000021665-26-000025,CL,2026-05-13,"The Company's Annual Meeting of Stockholders was held on May 8, 2026. The matters voted on and the results of the vote were as follows. John P. Bilbrey, Christopher S. Boerner, John T. Cahill, Lisa M. Edwards, C. Martin Harris, Martina Hund-Mejean, Kimberly A. Nelson, Brian O. Newman, Lorrie M. Norrington and Noel Wallace were elected directors of the Company.",https://www.sec.gov/Archives/edgar/data/21665/0000021665-26-000025.txt,2026-05-14,routine_compatible,replication_2026,6d8b5a50fd77897a911b9da5753700efcc5c02eab445a793557480c83b109c39,False,True
0000936468-26-000011,LMT,2026-05-13,"Lockheed Martin Corporation (the ""Company"") held its Annual Meeting of Stockholders on May 12, 2026. Of the 230,462,118 shares outstanding and entitled to vote (as of the March 2, 2026 record date), 199,144,407 shares were represented at the meeting, or an 86.41% quorum. The final results of voting for each matter submitted to a vote of stockholders at the meeting are as follows: Proposal 1 - Election of Directors [with voting results for 9 directors], Proposal 2 - Advisory Vote to Approve the Compensation of our Named Executive Officers (Say-on-Pay) [approved], Proposal 3 - Ratification of the Appointment of Ernst & Young LLP as our Independent Auditors for 2026 [approved], and Proposal 4 - Stockholder Proposal Requiring Independent Board Chairman [not approved].",https://www.sec.gov/Archives/edgar/data/936468/0000936468-26-000011.txt,2026-05-14,routine_compatible,replication_2026,ee5b6f9c93f267a4445285c5f8fbd6b54a2d72a833558a7d7a3c99bd4b6faac6,False,True
0000005272-26-000066,AIG,2026-05-14,"On May 13, 2026, AIG held its Annual Meeting of Shareholders (the ""Annual Meeting""). The results of the matters submitted to a shareholder vote at the Annual Meeting were as follows: Proposal 1 – Election of Directors: The following individuals were elected to serve as members of AIG's Board of Directors until the 2027 Annual Meeting or until the election and qualification of their successors.",https://www.sec.gov/Archives/edgar/data/5272/0000005272-26-000066.txt,2026-05-15,routine_compatible,replication_2026,4412e29cc4c3ad7a60caa2e392f1d24fb3261c527a1e61255e3a507474b55ded,False,True
0001104659-26-061130,COP,2026-05-14,"ConocoPhillips (the ""Company"") held its annual meeting of stockholders on May 12, 2026. All 13 nominated directors were elected to serve a one-year term. The ratification of the appointment of Ernst & Young LLP as the Company's independent registered public accounting firm for 2026 was approved. The advisory vote on the compensation of our Named Executive Officers was approved.",https://www.sec.gov/Archives/edgar/data/1163165/0001104659-26-061130.txt,2026-05-15,routine_compatible,replication_2026,b2400372787d651a5386b485fe7573ee265fa7d2e8211d3bd8e696c071606fc9,False,True
0001193125-26-226746,AMD,2026-05-15,"On May 13, 2026, the Company held its 2026 Annual Meeting of Stockholders (the ""Annual Meeting""). At the Annual Meeting, the Company's stockholders voted on the following five proposals... Proposal No. 1: Election of Directors. All Directors were elected.",https://www.sec.gov/Archives/edgar/data/2488/0001193125-26-226746.txt,2026-05-18,routine_compatible,replication_2026,6cf41482f9927e85108d027b8055e1a9206bf8da93ccdf01257b87d9cf210e46,False,True
0000050863-26-000118,INTC,2026-05-15,"At the annual meeting of stockholders (the ""Annual Meeting"") of Intel Corporation (the ""Company"") held on May 13, 2026, a total of 3,972,192,463 shares of the Company's common stock were present or represented by proxy, representing 79.11% of the 5,021,010,228 shares outstanding as of the close of business on March 16, 2026, the record date for the determination of stockholders entitled to vote at the Annual Meeting. The following are the voting results on the eight proposals considered and voted upon at the Annual Meeting.",https://www.sec.gov/Archives/edgar/data/50863/0000050863-26-000118.txt,2026-05-18,unknown_review,replication_2026,fb9d093897c0178612b1b00d75a9e3997c5cb094fc2e9e4b00b01ae39a67a42e,False,False
0000092122-26-000040,SO,2026-05-15,"The Southern Company held its Annual Meeting of Stockholders on May 13, 2026. Stockholders voted as follows on the ten matters presented for a vote: 1. The nominees for election to the Board of Directors were elected based on the following votes",https://www.sec.gov/Archives/edgar/data/92122/0000092122-26-000040.txt,2026-05-18,routine_compatible,replication_2026,6fbabc9a405addca4069aff80b1df2ab56b549647bad25a382b9567f90621a02,False,True
0000950103-26-007291,MS,2026-05-15,"At the 2026 Annual Meeting of Shareholders (the ""Annual Meeting"") of Morgan Stanley (the ""Company"") held on Thursday, May 14, 2026, the shareholders of the Company in attendance (the ""Shareholders""), constituting a quorum under the Amended and Restated Bylaws of the Company, voted on proposals to: (i) elect directors to the Company's Board of Directors (the ""Board""), (ii) ratify the appointment of Deloitte & Touche LLP as the Company's independent auditor for the 2026 fiscal year and (iii) approve the compensation of the Company's named executive officers... At the Annual Meeting, all nominees for election to the Board were elected by the Shareholders. The Shareholders also voted to ratify the appointment of Deloitte & Touche LLP as the Company's independent auditor for the 2026 fiscal year.",https://www.sec.gov/Archives/edgar/data/895421/0000950103-26-007291.txt,2026-05-18,routine_compatible,replication_2026,cf8875c35dc8083f2533f247ecc869ec0f437b353e7d92473f892de161a25cc0,True,False
0000064803-26-000082,CVS,2026-05-18,"At the Annual Meeting, the 13 nominees for director were elected to the Company's Board of Directors for a term of one year (Item 1). The Company proposal regarding the ratification of the appointment of Ernst & Young LLP as the Company's independent registered public accounting firm for 2026 (Item 2) was approved. The Company proposal to approve, on an advisory basis, the compensation of the Company's named executive officers as disclosed in the Proxy Statement (Item 3) was approved. The Company proposal to approve the Company's 2026 ICP (Item 4) was approved.",https://www.sec.gov/Archives/edgar/data/64803/0000064803-26-000082.txt,2026-05-19,routine_compatible,replication_2026,433e813e796d7b2ccf237f181649b87e2d06619af71cc37282e70ec97c0a91b7,False,True
0000764180-26-000073,MO,2026-05-18,"There were 1,364,466,571 shares of Altria's common stock represented in person or by proxy at the Annual Meeting, constituting 81.64% of outstanding shares on March 25, 2026, the record date for the Annual Meeting. All nominees were duly elected as directors of Altria. The selection of the independent registered public accounting Firm was ratified. The proposal was approved on an advisory basis.",https://www.sec.gov/Archives/edgar/data/764180/0000764180-26-000073.txt,2026-05-19,routine_compatible,replication_2026,fe961706a9e982dac0785336c8e7f1c7a33545e990560a9361d8596dd3fc1de0,False,True
0001193125-26-232786,AMGN,2026-05-20,"The Company held its Annual Meeting on May 19, 2026. The final results of the voting for each matter submitted to a vote of stockholders at the meeting are as follows: Item 1 - Election of Directors... Item 2 - Advisory Vote to Approve Our Executive Compensation... Item 3 - Ratification of Selection of Independent Registered Public Accountants... Item 4 - Stockholder Proposal to Require an Independent Board Chairman...",https://www.sec.gov/Archives/edgar/data/318154/0001193125-26-232786.txt,2026-05-21,unknown_review,replication_2026,0f335cb09d47950d6c2ff9e7c2d63ffb7784a17ac62e785f52dda7d2faf9f225,False,False
0001633917-26-000076,PYPL,2026-05-21,"At the 2026 Annual Meeting of Stockholders of PayPal Holdings, Inc. (the 'Company') held on May 19, 2026 (the 'Annual Meeting'), the stockholders, upon the recommendation of the Company's Board of Directors, approved the PayPal Holdings, Inc. 2026 Equity Incentive Award Plan. Each of the 11 nominees was elected to the Board, each to hold office until the Company's 2027 Annual Meeting of Stockholders and until their respective successors are elected and qualified.",https://www.sec.gov/Archives/edgar/data/1633917/0001633917-26-000076.txt,2026-05-22,routine_compatible,replication_2026,d7949b9ec2c4c7db59c323c34f68faa5fac5f0b290c50db2b06dc85874c29e5d,False,True
0001104659-26-065155,C,2026-05-21,"Citigroup's 2026 Annual Meeting of Stockholders was held on May 20, 2026. At the meeting: (1)13 persons were elected to serve as directors of Citigroup; (2)the selection of KPMG LLP to serve as the independent registered public accounting firm of Citigroup for 2026 was ratified; (3)an advisory vote on our 2025 Executive Compensation was approved; and (4)a proposal requesting additional shares for the Citigroup 2019 Stock Incentive Plan was approved.",https://www.sec.gov/Archives/edgar/data/831001/0001104659-26-065155.txt,2026-05-22,routine_compatible,replication_2026,f0717b1258dbba86e8a9308c7e31c4180d25d3ec35319bfad266c9c7cd51298e,False,True
0001053507-26-000116,AMT,2026-05-21,"The Annual Meeting of the Company was held virtually on May 20, 2026. At the Annual Meeting, the Company's stockholders elected eleven individuals to the Board and approved Proposals 2, 3 and 4. The final results of the stockholder voting regarding each proposal were as follows: [detailed voting results for director elections and proposals]",https://www.sec.gov/Archives/edgar/data/1053507/0001053507-26-000116.txt,2026-05-22,routine_compatible,replication_2026,f65ccf88dfdec8d9537f9424ff23dc44f96a74562eb607a3bfcde50bf07aaf8d,False,True
0000019617-26-000228,JPM,2026-05-21,"Registrant held its Annual Meeting of Shareholders on Tuesday, May 19, 2026; 2,284,422,677 shares were represented in person or by proxy, or 85.17% of the total shares outstanding. The results of the shareholder voting on the proposals presented were as follows: Shareholders elected the 11 director nominees named in the Proxy Statement. All director nominees received at least 92.37% of the votes cast.",https://www.sec.gov/Archives/edgar/data/19617/0000019617-26-000228.txt,2026-05-22,routine_compatible,replication_2026,fe84fd1b2b3a403fd5692d174454d174fd004b0eb19129b493afe7ebf03d5e38,False,True
0001193125-26-237020,SCHW,2026-05-22,"The 2026 Annual Meeting of Stockholders of The Charles Schwab Corporation (""CSC"") was held on May 21, 2026. All nominees for director were elected, and each nominee received more ""for"" votes than ""against"" votes cast for the nominee's election. The proposal to ratify the selection of Deloitte & Touche LLP (""Deloitte"") as CSC's independent auditors for the 2026 fiscal year was approved. The advisory vote on named executive officer (""NEO"") compensation was approved.",https://www.sec.gov/Archives/edgar/data/316709/0001193125-26-237020.txt,2026-05-26,routine_compatible,replication_2026,884fb2b08e8afad164bdcbfaca1db3225b08521a53acaec2b334f2fd1c675e20,False,True
0000063908-26-000055,MCD,2026-05-22,"McDonald's Corporation (the ""Company"") held its 2026 Annual Shareholders' Meeting (the ""Annual Meeting"") on May 20, 2026. Set forth below are the final, certified voting results for each proposal presented at the Annual Meeting, as reported by Broadridge Financial Solutions, Inc., the Company's independent inspector of election.",https://www.sec.gov/Archives/edgar/data/63908/0000063908-26-000055.txt,2026-05-26,unknown_review,replication_2026,404f4c6ea2cf92d51fea66f2bd344763e574f89342e2d0a976bf343a37780ceb,False,False
0001373715-26-000065,NOW,2026-05-22,"At the Annual Meeting, the shareholders were asked to vote on six proposals. A brief description of each proposal, along with the final voting results, is set forth below: 1. The shareholders elected the individuals listed below as directors to serve until the next annual shareholders meeting... 2. The shareholders voted, by a non-binding, advisory vote, to approve the 2025 compensation of the Company's named executive officers... 3. The shareholders voted, by a non-binding, advisory vote, to approve the frequency of future advisory votes on executive compensation... 4. The shareholders ratified the appointment of PricewaterhouseCoopers LLP as the Company's independent registered public accounting firm... 5. The shareholders voted to approve amendments to the Company's Amended and Restated 2021 Equity Incentive Plan... 6. The shareholders voted against the shareholder proposal regarding shareholder right to act by written consent.",https://www.sec.gov/Archives/edgar/data/1373715/0001373715-26-000065.txt,2026-05-26,routine_compatible,replication_2026,e07142e49ce07961671ae90c7f9bace26de7738de0c4d9896e6bbe788dea2342,False,True
0001104659-26-065717,AMZN,2026-05-22,"On May 20, 2026, Amazon.com, Inc. (the ""Company"") held its Annual Meeting of Shareholders. The following nominees were elected as directors, each to hold office until the next Annual Meeting of Shareholders or until his or her successor is elected and qualified, by the vote set forth below: [11 directors elected with vote counts for each]",https://www.sec.gov/Archives/edgar/data/1018724/0001104659-26-065717.txt,2026-05-26,routine_compatible,replication_2026,5ccd9b79cdd840331f187b264681b7411c3c2757e1c99c0b823d5c7d1d5577d7,False,True
0001193125-26-237027,BLK,2026-05-22,"On May 20, 2026, BlackRock, Inc. (the ""Company"") held its 2026 Annual Meeting of Shareholders (the ""Annual Meeting""). The following are the voting results on each matter submitted to the Company's shareholders at the Annual Meeting. All director nominees were elected (Item 1).",https://www.sec.gov/Archives/edgar/data/2012383/0001193125-26-237027.txt,2026-05-26,routine_compatible,replication_2026,8eb8aad95d477ea389e7fc9fe1d93c07eb170dfbdab800d80c7ce885f89688d1,False,True
0000354950-26-000105,HD,2026-05-26,"At the 2026 Annual Meeting, the Company's shareholders voted on the matters set forth below. Below are the final vote results from the 2026 Annual Meeting. Proposal 1: The following nominees were elected by majority vote to serve on the Board of Directors for one-year terms expiring at the next annual meeting of shareholders",https://www.sec.gov/Archives/edgar/data/354950/0000354950-26-000105.txt,2026-05-27,routine_compatible,replication_2026,d418c60e73750ea5c4379e1bf3cdfcd5c85562e21c9cb5f06143c081d383157b,False,True
0000753308-26-000041,NEE,2026-05-27,"NEE held its 2026 Annual Meeting of Shareholders (2026 Annual Meeting) on May 21, 2026. At the 2026 Annual Meeting, NEE's shareholders approved three management proposals and did not approve one shareholder proposal.",https://www.sec.gov/Archives/edgar/data/753308/0000753308-26-000041.txt,2026-05-28,routine_compatible,replication_2026,1d579c99b8194cf2739337df2857fd19dabca9bc23a3f15b2f6c66639f2f31b0,False,True
0001104659-26-067509,MRK,2026-05-28,"The Annual Meeting of Shareholders of Merck & Co., Inc. (the ""Company"") was held on May 26, 2026. Shareholders voted on the matters set forth below: 1. The following nominees were elected to the Company's Board of Directors to hold office until the Company's next Annual Meeting of Shareholders and received the number of votes set forth opposite their names.",https://www.sec.gov/Archives/edgar/data/310158/0001104659-26-067509.txt,2026-05-29,routine_compatible,replication_2026,0043d3d044b598eca6087c1cdd464320739058ba796c9c1f7c94b8a12f4a9b1e,False,True
0001628280-26-039193,META,2026-05-29,"On May 27, 2026, Meta Platforms, Inc. held its annual meeting of shareholders via live audio webcast. At the Annual Meeting, the Company's shareholders voted on twelve proposals... Each of the twelve nominees for director was elected to serve until the next annual meeting of shareholders and until his or her successor has been elected and qualified.",https://www.sec.gov/Archives/edgar/data/1326801/0001628280-26-039193.txt,2026-06-01,routine_compatible,replication_2026,c8b574fad61a0a236f74a59045586e9d3cb37bdf32048e71b7b52e03381c1fd3,False,True
0001108524-26-000131,CRM,2026-06-01,"Salesforce, Inc. (the ""Company"") held its 2026 Annual Meeting of Stockholders on May 28, 2026 (the ""Meeting""). The proposals considered at the Meeting are described in the Company's 2026 Proxy Statement filed with the Securities and Exchange Commission on April 16, 2026 (the ""Proxy Statement""), and the final voting results are set forth below",https://www.sec.gov/Archives/edgar/data/1108524/0001108524-26-000131.txt,2026-06-02,unknown_review,replication_2026,ba9f8aa779bcbb5ddb5e5a67e9e757403bf4ccaa005edce339c53be15bdfd36e,False,False
0001075531-26-000031,BKNG,2026-06-02,"The 2026 Annual Meeting of Stockholders of the Company was held virtually on June 2, 2026 at www.virtualshareholdermeeting.com/BKNG2026. Stockholders voted on the proposals as described below: 1. The following individuals were elected to the Company's Board of Directors to serve until the next annual meeting of stockholders and until their successors are elected and qualified.",https://www.sec.gov/Archives/edgar/data/1075531/0001075531-26-000031.txt,2026-06-03,routine_compatible,replication_2026,e568560bc96b11b64843ddec0a23d4b8cd8847192de1acda0e08e07e6aa05649,False,True
0001467858-26-000044,GM,2026-06-04,"At the Annual Meeting, GM shareholders voted on the matters set forth below, with final voting results indicated. For the election of directors, each nominee who received a majority of votes cast (i.e., votes for exceeded votes against, with abstentions and broker non-votes having no effect) was elected as a director.",https://www.sec.gov/Archives/edgar/data/1467858/0001467858-26-000044.txt,2026-06-05,routine_compatible,replication_2026,79ac4bca783f8ca2e0d808b7c6eeb5aa29c0583f592bb0a94b05ddb3a2a1450d,False,True
0000104169-26-000111,WMT,2026-06-05,"On June 4, 2026, Walmart Inc. (the ""Company"") held its Annual Shareholders' Meeting (the ""Meeting""). At the Meeting, the Company's shareholders approved an amendment (the ""Charter Amendment"")... The Company's shareholders elected for one-year terms all eleven persons nominated for election as directors... The Company's shareholders voted upon and approved the ratification of the appointment of Ernst & Young LLP... The Company's shareholders voted upon and approved, by nonbinding, advisory vote, the compensation of the Company's named executive officers.",https://www.sec.gov/Archives/edgar/data/104169/0000104169-26-000111.txt,2026-06-08,unknown_review,replication_2026,ecc600139d90b0a0b69e80711f9507105d62aa937a778d699cde832d76957fad,True,False
0001065280-26-000189,NFLX,2026-06-05,"On June 4, 2026, Netflix, Inc. (the ""Company"") held its 2026 annual meeting of stockholders (the ""Annual Meeting""). At the Annual Meeting, 3,604,956,686 shares of common stock were represented in person or by proxy and, therefore, a quorum was present. The following individuals were elected at the Annual Meeting to serve as directors until the 2027 annual meeting of stockholders, by the following votes: Richard Barton, Mathias Döpfner, Jay Hoag, Leslie Kilgore, Strive Masiyiwa, Ann Mather, Elinor Mertz, Greg Peters, Ambassador Susan Rice, Ted Sarandos, Brad Smith, Anne Sweeney.",https://www.sec.gov/Archives/edgar/data/1065280/0001065280-26-000189.txt,2026-06-08,routine_compatible,replication_2026,8946fe4603aa48f0cbc60150917e579f85d7c3c6edca6848d5c855ad3c3a7f47,False,True
0001321655-26-000033,PLTR,2026-06-09,"On June 3, 2026, Palantir Technologies Inc. (the ""Company"") held its 2026 annual meeting of stockholders (the ""Annual Meeting""). Each of the following nominees was elected to serve as a director and to hold office until the Company's next annual meeting of stockholders and until his or her respective successor has been duly elected and qualified.",https://www.sec.gov/Archives/edgar/data/1321655/0001321655-26-000033.txt,2026-06-10,routine_compatible,replication_2026,b4ba7b5c4d03ac140156cce5ff8c4aca695411933a59411375ad4d20011eb64c,False,True
0001193125-26-267578,GOOGL,2026-06-11,"At the 2026 Annual Meeting, Alphabet's shareholders voted on fourteen proposals as set forth below... The individuals listed below were elected at the 2026 Annual Meeting to serve as directors of Alphabet until the next annual meeting of shareholders or until their respective successors have been duly elected and qualified.",https://www.sec.gov/Archives/edgar/data/1652044/0001193125-26-267578.txt,2026-06-12,routine_compatible,replication_2026,1ac30a9f4c5e787efae8547ea8a5928992168cac5716c2e7878e0fbeb42ef1a5,False,True
0001628280-26-042848,CMCSA,2026-06-12,"At the annual meeting on June 10, 2026, our shareholders approved, or did not approve, the following proposals. All of the director nominees named in the proxy statement were elected to serve as directors for one-year terms.",https://www.sec.gov/Archives/edgar/data/1166691/0001628280-26-042848.txt,2026-06-15,routine_compatible,replication_2026,8a29154e741ddfa80a7a79eaf5102c63caacd2a2cc3fd6105f75f7e4171dad72,False,True
0000027419-26-000026,TGT,2026-06-12,"At the Annual Meeting on June 10, 2026, the Company's shareholders voted on the seven proposals described below. The final voting results, including the votes used to determine the results for each proposal under the applicable approval standard (as indicated by the borders), are set forth below.",https://www.sec.gov/Archives/edgar/data/27419/0000027419-26-000026.txt,2026-06-15,unknown_review,replication_2026,22ddc026c1750de3dca85d904173624450f5b993218b64d785aab13f72cddb9a,False,False
0001141391-26-000041,MA,2026-06-17,"On June 16, 2026, Mastercard Incorporated held its annual meeting of stockholders. The holders of Class A common stock elected the following individuals to serve on the Board of Directors of Mastercard as directors for a one-year term expiring on the date of Mastercard's 2027 annual meeting of stockholders: [11 directors listed with voting results].",https://www.sec.gov/Archives/edgar/data/1141391/0001141391-26-000041.txt,2026-06-18,routine_compatible,replication_2026,41c16c87883f70af6b29c60da4a8abc7034b4c14cd79ed7a493e26217b8383f1,False,True
0001193125-26-275787,TMUS,2026-06-18,"On June 16, 2026, T-Mobile US, Inc. (the ""Company"") held its Annual Meeting of Stockholders (the ""Annual Meeting""). At the Annual Meeting, the following three proposals were presented... The following 13 director nominees were elected as directors, each to hold office until the Company's 2027 Annual Meeting of Stockholders, or until his/her successor is elected and qualified, by the votes set forth below.",https://www.sec.gov/Archives/edgar/data/1283699/0001193125-26-275787.txt,2026-06-22,routine_compatible,replication_2026,9a2d18e28388dc2ff11ba68503811191484b46dc102119f056005fa9db517680,False,True
0001099219-26-000041,MET,2026-06-22,"At MetLife, Inc.'s (the ""Company's"") annual meeting of common shareholders on June 16, 2026, the shareholders: elected eleven Directors, each for a term expiring at the Company's 2027 annual meeting of shareholders; ratified the appointment of Deloitte & Touche LLP as the Company's independent auditor for 2026; and approved, on an advisory (non-binding) basis, the compensation paid to the Company's Named Executive Officers.",https://www.sec.gov/Archives/edgar/data/1099219/0001099219-26-000041.txt,2026-06-23,routine_compatible,replication_2026,25f99603872a2f9337476eba98105ed6b44327731051eb7d7a5a69686908dff2,False,True
0001045810-26-000056,NVDA,2026-06-30,"On June 24, 2026, at the 2026 Annual Meeting of Stockholders of NVIDIA Corporation, the following proposals were adopted or rejected by the margin indicated. Stockholders approved the election of each of our ten (10) director nominees to hold office until the 2027 Annual Meeting of Stockholders.",https://www.sec.gov/Archives/edgar/data/1045810/0001045810-26-000056.txt,2026-07-01,routine_compatible,replication_2026,4ebd11b303a8aad40ce9e1ac03e090ac6fc388659cba1e2d77165af8ac619e5d,False,True
