text_sha1,p_abrupt,model
f0de5a603c48f77ced0b30beae97fbac737b5154,0.000000,jev-1.13.0
eccf338ed473eeed5af4ce1cc5cdbed5e2ade912,0.000000,jev-1.13.0
5dc646074c53b7b8719487d66a2534211e48c684,0.000000,jev-1.13.0
410e002504766d0b95df4ce58819dde301c6a144,0.000000,jev-1.13.0
5921ffbb0b5d46ed46aec10a41e70d7d23f96a83,0.000000,jev-1.13.0
c5ccc41ea8a379df18cc39a8f3fd064c3f59c59d,0.000000,jev-1.13.0
1cb197e33af3f83c49c2341941d028c8b3235802,0.000000,jev-1.13.0
fd77f4f39a000e5a844023b6db6735cf33d6a9a1,0.000000,jev-1.13.0
481d8e1ce4ea36ccd188706306608772197429ac,0.000000,jev-1.13.0
672d0e07e7819e07529670cf1edd20bbcda7469c,0.000000,jev-1.13.0
b5b56aa50721fad290a8e97cc0f72ad4aefc5d0f,0.000000,jev-1.13.0
aaf6a33bf777f054592d7f911af19edcbe0f7c26,0.000000,jev-1.13.0
f976654f062833535d14a08a156b2e91e87c7134,0.000000,jev-1.13.0
b475b019224ca59444b47ecff93629327f49ff42,0.000000,jev-1.13.0
01c800d64f333bfda1b690b66a33f98d3d4c4959,0.000000,jev-1.13.0
5215053852c192f3d9e306f101db5734dbd4e150,0.000000,jev-1.13.0
5001781f78dea004aa28aa88c1e303fc0d42e6fc,0.000000,jev-1.13.0
bdafcdc7c8ebd25a2c36f22709d179fe5f8bded9,0.000000,jev-1.13.0
fbabd0c8c15cfb6168099dec525bc975487bc256,0.000000,jev-1.13.0
4da03b0317642dccb52c6e211cb162ce82078d4f,0.000000,jev-1.13.0
dc90c664ee36fb6f753e229759b4d6b4b1c2f5ab,0.000000,jev-1.13.0
7fd1b8f0ded0fb47030771dfcc2075fe7b25aadc,0.000000,jev-1.13.0
846975b8675fffa21d45fc5be2abcde3a16637dd,0.000000,jev-1.13.0
8a635b67c3db98064ffc2f4e37f335f49ecea77f,0.000000,jev-1.13.0
d2cea024944806983d101881b7a7715e4a2bf864,0.000000,jev-1.13.0
d79304688736b2963340c2fbd3bdf649a1a709a3,0.000000,jev-1.13.0
037957b874bfa81bfd8abaf2101fe45edc8752f4,0.000000,jev-1.13.0
919e72006cb6656aa45ef9631aa4039614f4020c,0.000000,jev-1.13.0
255709e898cfe744df855e36b47cd521c3edbe54,0.000000,jev-1.13.0
ecd1f2d0615b1b97e9c44c0f7fe6b570ec55b836,0.000000,jev-1.13.0
e8166d6cefd6575d657fd1496146c8a1c7349b10,0.000000,jev-1.13.0
0b2a35bb453596c4b2bd75b297ae1aae73c21ecf,0.000000,jev-1.13.0
e909ae82f61aeffa17bf57d2784f041fc33159a8,0.000000,jev-1.13.0
27e359e5deeda83ed805fff12452158efd27f4d2,0.000000,jev-1.13.0
f23839bc2e652d5aa4baa9fecc7d9fdeffc95006,0.000000,jev-1.13.0
a2c3cc3fb6d1d30b05c33fc775265229db07e5bd,0.000000,jev-1.13.0
9b603e6a182f7c47b1ccc730f4bb1c4e59a508ee,0.000000,jev-1.13.0
c369c0131f6b0fae9fefefbf131afbb202fb9ab7,0.000000,jev-1.13.0
5920db694718d04dc0ac48e7da900b3bf9bdfec4,0.000000,jev-1.13.0
3123b79b367f407b03ef36ac33acfbe228f3794f,0.000000,jev-1.13.0
26f7933841d34be759dc5de209d1e4c6f3e5ce8f,0.000000,jev-1.13.0
5156643a16e48a3b9bd25dea731a7ef0da2323f9,0.000000,jev-1.13.0
d6f756989e57d6af675e2a54c17d54cc784ce9f9,0.000000,jev-1.13.0
3b76163c42342b858cc4e1856c38fae8160afd09,0.000000,jev-1.13.0
60b010bb028eb7e109048eb90db663caf3f583fe,0.000000,jev-1.13.0
0b8dcc1b00d8fecb24a5b076ccd5fe61b9d04d7e,0.000000,jev-1.13.0
e4ffa0c454cdb191661ea7d3b0498435c7bb80be,0.000000,jev-1.13.0
8db4cfbd1504bbc7d2782dbf0e998cbc66889fee,0.000000,jev-1.13.0
05237627b4a582f6124a3122b3acbdd8cd52fd81,0.000000,jev-1.13.0
7436bd4ae45baf9d9a9ef016bdc7eba3d3fb0a6e,0.000000,jev-1.13.0
18da661abec29a2f5a83f288665ba3c991e4514b,0.000000,jev-1.13.0
9094cd1a9878a51b9dcbca0266d7ba019581e937,0.000000,jev-1.13.0
6f47d6ca284f38d44a2b7dabe4f63bbc671849a1,0.000000,jev-1.13.0
6363bd4eda49a072170f31f7b39cb63b2d956364,0.000000,jev-1.13.0
f9b24e29d08923b478276bede768ab7c662a47db,0.000000,jev-1.13.0
1b687060fc62706acf2062da056a5432060cff01,0.000000,jev-1.13.0
c857f34fb0c557fae8a755d08b9649d5ba41e318,0.000000,jev-1.13.0
ba799ea7a71d5088205cd3e62801bf3450884a7c,0.000000,jev-1.13.0
8362fcb17db9aefb25a931911707761a114418e7,0.000000,jev-1.13.0
f9d8af0b3bb4191f2070b592a4d9f12cba4e5f7d,0.000000,jev-1.13.0
e68daa4a8c7628f9f80644889b34920b6d71e2ad,0.000000,jev-1.13.0
5579196b28cd986617346b2f9c7e9551ee29ada9,0.000000,jev-1.13.0
16d7164dd54f6cc3f7f75c66d4ec9acc8db45e06,0.000000,jev-1.13.0
adbca68a760f2f366f7f8c02e83d4d5710ebd4ce,0.000000,jev-1.13.0
f2cbd0ae51a187a6caee9acc36ae0c5afac4aca6,0.000000,jev-1.13.0
1037a36f6a3f5e8acbc184891334de3e82c81f02,0.000000,jev-1.13.0
b699088975ab2fb507dcc07c91e2dd51f6be7f4c,0.000000,jev-1.13.0
a28181f11247a1520ca63255438b4c999a58a993,0.000000,jev-1.13.0
556f302c776b52e3aacb5a452cb72579c495dc48,0.000000,jev-1.13.0
e16615a2719d8014643684765e5dec70e9a1ec9f,0.000000,jev-1.13.0
fd27afe0b48ce3b358738f8c79f363a04f4e29fd,0.000000,jev-1.13.0
70bc16462df5adca18aa8607cf20d61ee29828cb,0.000000,jev-1.13.0
15d8f4c5a1ff93b3f063226b6bbc716c0c349fd0,0.000000,jev-1.13.0
57e25f73205e027b3234a0f256569cf5eac79965,0.000000,jev-1.13.0
3faeffd77026f32677a6cc9bb9feaa1635d97f84,0.000000,jev-1.13.0
262c27a83f3407ffe2d46de1f78679d050312dba,0.000000,jev-1.13.0
d009c6a0b3c02a853947ad05ad5ccca886793406,0.000000,jev-1.13.0
3fff03040c5baef845ed3172f5c14cd4b715c785,0.000000,jev-1.13.0
2c27b630b2e33eb229571b540f130241943a3b07,0.000000,jev-1.13.0
2772c1b2b6ec2e04744bc7a33851454fc9115200,0.000000,jev-1.13.0
bfb146c5775641df6e9d92465d253aa6d0f1c130,0.000000,jev-1.13.0
0cd4aa81c2ffa11d730b97f1f189391cedcfe168,0.000000,jev-1.13.0
734730732e2c8235210340d400a4aad6234342e7,0.000000,jev-1.13.0
08c1b7af7670095d43e18d58807f19cb36199dd2,0.000000,jev-1.13.0
885473b19dfcd278699ca4146703695d6436f70a,0.000000,jev-1.13.0
7ef5d5b26b06868a85e6f99aeb824206cd34b33b,0.000000,jev-1.13.0
42876e26984ca38da3e03dfc8248c257abbe03f5,0.000000,jev-1.13.0
9eb66e3f670fbfa5ae0864d15cdf244603922f35,0.000000,jev-1.13.0
284f907266bd4766276e88be0e59aa440c60eab1,0.000000,jev-1.13.0
860e78ddf9277c8d30eb8888f003e8a1a2f27043,0.000000,jev-1.13.0
5cc19feab8d90b46e0445fffef4807aa5f5f7e7a,0.000000,jev-1.13.0
5677e239d47e2e5c0d5e7ab063ec9dca63751bec,0.000000,jev-1.13.0
06e41b6076baa3348bc3a541ab42c34cf6e56228,0.000000,jev-1.13.0
1095930e1e96398f70b5a1a6dbf5397a008395c8,0.000000,jev-1.13.0
f8b7a90348c8387b95e1f81132ae49d579090259,0.000000,jev-1.13.0
3e1315fda6b7617ab04f3e0c2bae602455494759,0.000000,jev-1.13.0
6f95c5e8c93a16c953f9106464e8bf324ddc0b6c,0.000000,jev-1.13.0
cb0a1dc43207b17e6bd5e1dd54af07f876d5c413,0.000000,jev-1.13.0
90d54847e123021f5ec6c4ae43663cabdf9a1e23,0.000000,jev-1.13.0
b797489eae463db55585faa7767b3444defc1d8b,0.000000,jev-1.13.0
2b379a3913bc100b79410ad45219f9115bb83a1a,0.000000,jev-1.13.0
f21de7e507c020568b608d629715e1bfbc25783e,0.000000,jev-1.13.0
5e57789a6a5cfc284f918a80a2694db8715317d2,0.000000,jev-1.13.0
613a7fe40201cb1459fe11ef529ce680a0173c21,0.000000,jev-1.13.0
5d88dd97d721f6e6d1a08cb876067d9b5bca6535,0.000000,jev-1.13.0
055f62aafec7553b28c33c5902c16624701c7373,0.000000,jev-1.13.0
736bd826bb4d041d56b2c1207da11194de34e943,0.000000,jev-1.13.0
9d992fe4412e4ff257e97b51068995c46e891932,0.000000,jev-1.13.0
9d4b1bebf0343a5fa22bde26a521da9fa3e56fe2,0.000000,jev-1.13.0
d6256a8262512684e6af1ae5677df46cb5767443,0.000000,jev-1.13.0
c9c32b0248cd2d3177072f2629a0d653f765c170,0.000000,jev-1.13.0
1ac9e8ee5649cb0878436ca1e6cfacdbe7623201,0.000000,jev-1.13.0
9534f563306490f4bd83245967b1f8f74bb19675,0.000000,jev-1.13.0
199c1830dc9fb5df4a058441b5844dcf910e22f1,0.000000,jev-1.13.0
a218aca461787ccdabf122963f41aadb5c623fda,0.000000,jev-1.13.0
e857c0fe663038c5c34cd4c5c302c1a029821a73,0.000000,jev-1.13.0
83386cb76d03ff96ee6c4e840c1b921671dd3637,0.000000,jev-1.13.0
74f7171b19037605e0b8280a195108ff21e1de66,0.000000,jev-1.13.0
08101a0b7747349edd8ae53531c1e6f23e530b8d,0.000000,jev-1.13.0
a8cb0e9a9c8b94110d01fb322927d6b3926192fe,0.000000,jev-1.13.0
18aaee6e74d84e416fe6a2576f9cb1ebfc50fbc8,0.000000,jev-1.13.0
ec3be8d45ee775e7db08ecc7a2b52e1c04228708,0.000000,jev-1.13.0
f671149784c2f57e4a1b7971c3d54564e360024e,0.000000,jev-1.13.0
23ca9a7cf5c0d3692a026f164ca28a4fdcc3b1b2,0.000000,jev-1.13.0
72ad161aa6f8f4962b660f2a8399f73407140e88,0.000000,jev-1.13.0
1a46986d678d47be99fbb5cf6df65d707d0392e4,0.000000,jev-1.13.0
90ad3c05121ce7929f0813d2538090bc11991a50,0.000000,jev-1.13.0
43bbcdd64d1ad59d75f59c35e5017d1bf2990e3a,0.000000,jev-1.13.0
c35453a2aa013f5af8e87af5d768728ef2a2d3d7,0.000000,jev-1.13.0
0ec1c8062a566ae69666b06873aaedf2dcc5f90e,0.000000,jev-1.13.0
add17536e317aeb8a6a427d202058c255407801f,0.000000,jev-1.13.0
47c470654f38def62cd795547891b6995807bf83,0.000000,jev-1.13.0
793801c53595823c8647aa14fcab731cfc0c8566,0.000000,jev-1.13.0
dd487124624393d89c6341881dbfe0948f5459a1,0.000000,jev-1.13.0
9d8af1b815baea75e3410fb8dc76eb72fcbbf8d9,0.000000,jev-1.13.0
6e22fe7ddced60986e8713eea210e58d9c09cb79,0.000000,jev-1.13.0
39daee6272b0db232e986e8e700dc36b9afc4534,0.000000,jev-1.13.0
3d39829d826e4429ea0eff705ae0097bdf32440a,0.000000,jev-1.13.0
f13a81a7a6bbffc3b50f08cb93260c9b73f9a7c5,0.000000,jev-1.13.0
233ceb1c83ceae863770be394c632714e0dd483c,0.000000,jev-1.13.0
421c19e33e7f8d9e7ba99adc03429e6026bd97e9,0.000000,jev-1.13.0
05c651223f628f5a96eb041461cdee84ae55296c,0.000000,jev-1.13.0
c25726acb031751314c701bb260a14bf55dec2ad,0.000000,jev-1.13.0
bade44839324bb0cdfefd93f65c22cf92e5019f9,0.000000,jev-1.13.0
51ba51ae8c0482927485fd5dfdc0cbcb6e0bc0bb,0.000000,jev-1.13.0
644da2d72a348ef44afff2a074dd7d9690f47555,0.000000,jev-1.13.0
bde8e12eb0580c3f5e9252469f0332dfd07266f5,0.000000,jev-1.13.0
4ff3daefd93327168ebe26d4656d564c561c3b61,0.000000,jev-1.13.0
47f4ca7d5b47db0f845183c0b392684a1aabf113,0.000000,jev-1.13.0
467138bce6531bdfcb151ea52541473234f59dc5,0.000000,jev-1.13.0
4ffdaeea40410846d83e6534b95d82a692c85cd1,0.000000,jev-1.13.0
e979a28fcbfd0defe7a57b1cd5f6e718393c817a,0.000000,jev-1.13.0
9131bc0138165521457e70d2fe18291b184259d4,0.000000,jev-1.13.0
41d2655582b4fe9532cd33896c13561acbe93b87,0.000000,jev-1.13.0
b7d0b8590be61e21b10869a7f1bd243d471f871c,0.000000,jev-1.13.0
bacdc60ed7b2fb9720e3a97bab1e7550dda9e04a,0.000000,jev-1.13.0
1d73a21bd0df56b61379e32f0e89b1a89c9462a1,0.000000,jev-1.13.0
20b3b6186e1bdd43a796177a879c93acf8d9db33,0.000000,jev-1.13.0
60c848bae33ed28fc316ec38fc7c0b92af057473,0.000000,jev-1.13.0
0602a3413ee4a6ec68ccd2645d1cf0055f6ce257,0.000000,jev-1.13.0
2534d49217b674fd007357c79b60cdd9430defb0,0.000000,jev-1.13.0
9fa2e8cf5610beb80a3c269df080e06556fbcb29,0.000000,jev-1.13.0
8e06537a80aae1140000719d5b5250812b0298ed,0.000000,jev-1.13.0
e37e12dacecc23d31dd2688d92ef5791337038cf,0.000000,jev-1.13.0
4adeb59301bb86e50b26d3cd59feae3e5df64639,0.000000,jev-1.13.0
c52106a00780d8184821efff641c1f87c89a71e4,0.000000,jev-1.13.0
6ba6b01fee37e845e7f24cbd2eca5be927701b3e,0.000000,jev-1.13.0
93c633f3edb3ce776f688feb625a0c434ae5fe69,0.000000,jev-1.13.0
8a5bc4a3b1f329f77b98f8c047b41e1023b16dc5,0.000000,jev-1.13.0
3f71fbbb61e3a3979a81ec77d1ebb2a614d4aa19,0.000000,jev-1.13.0
42d6f7a1fad58e8c657186679405a27808949606,0.000000,jev-1.13.0
3f9b2002f16e2186d005433e8931bf9cda987f45,0.000000,jev-1.13.0
3fd981329263adad5dd1c7a2ab3c1315d9aa61f5,0.000000,jev-1.13.0
27971b2d7797875846113dd32ab5c9af6e32e469,0.000000,jev-1.13.0
ffba8a2ab6173335ae09aa528e7ab75cfb33b787,0.000000,jev-1.13.0
0d097af0a77b9541dae609380325d426ed0d3b56,0.000000,jev-1.13.0
dd292dbab99353797f2753d1b76fc5c2ee5eb06c,0.000000,jev-1.13.0
e4f0fc11e8192003ad90e843d42217f3615eb552,0.000000,jev-1.13.0
1d5b215ca075a8cb650f857680951d7eb2b0e3a6,0.000000,jev-1.13.0
19846655823439b5a5008b56315c61252d34ea6c,0.000000,jev-1.13.0
f36b3b8422f45f6e20501dfef9ae38a5b8818fdd,0.000000,jev-1.13.0
65737067025b5b5f7e111d6618d8b0ebe8fc7aa2,0.000000,jev-1.13.0
0844b7862ebce529bd88b9c2b59d672169d7ca37,0.000000,jev-1.13.0
89f30527cee58d74701115f788bb583b49679f32,0.000000,jev-1.13.0
6e7bb20e3f2adbfdfcc4d45081bb8c66fe4928c6,0.000000,jev-1.13.0
2d71e4f20e4d1077fdad7b28e4a4b37fbb97abb4,0.000000,jev-1.13.0
d9abefb8b62960c4d025d4df8d31c126cc6017b3,0.000000,jev-1.13.0
25723c45a9822123184055381e26b2736cbb6612,0.000000,jev-1.13.0
9208d2a71279bddab467a1856c960a1a113e4cff,0.000000,jev-1.13.0
11579231f2e0fbd6eba65df56f5c364eabb4caab,0.000000,jev-1.13.0
aee84a8bbc3420b5821cb69754bf63826104e9e7,0.000000,jev-1.13.0
df068068862db498c5f40c2a432b6a6290cd3181,0.000000,jev-1.13.0
f1f9faac73191c8ef1f87c67268864c9d1806583,0.000000,jev-1.13.0
33ff4ad2fc6539aa1444e1418b18ebc73c42fbfb,0.000000,jev-1.13.0
810f04d11d39b2ed7613628e822365cf4837cad8,0.000000,jev-1.13.0
7e70a697a916d49658236fb637c9a4f499ce6cee,0.000000,jev-1.13.0
59dfbdd9e920104386b76204797ee87d2a1c51d7,0.000000,jev-1.13.0
232f4b61b743666b871a755ba2c5095ef5f51bdb,0.000000,jev-1.13.0
f16b0aa72e570a2c3269b1eb7993baa448ec9741,0.000000,jev-1.13.0
6a4d52a6185d0399a027334c2f6248846ea3a6df,0.000000,jev-1.13.0
7f1b5becc70d7178e7723ddc62fd8e2411ddcda7,0.000000,jev-1.13.0
5b58ee50c4691497fc987b309b8c52c27b02bf2b,0.000000,jev-1.13.0
951c2b984f90b0cd1c4d6b0cecdc49bde34bcd2a,0.000000,jev-1.13.0
d4bff0e9eee22df87501fd8ede01daefbeb6f500,0.000000,jev-1.13.0
29f22a5d53a348a3503f32ca206dbd0a96e8871a,0.000000,jev-1.13.0
fde9e8736961f0313d5d172ad61b08399992e627,0.000000,jev-1.13.0
ed71682d517162d23c1168d545af66893ab0cf77,0.000000,jev-1.13.0
95d32b1750a4b642d90a62fadec3685d208f7456,0.000000,jev-1.13.0
03740541468fdf549d5414bf63efb566f1edf234,0.000000,jev-1.13.0
75a2cc545cacc8b09c723acb076007e6b51d2dcc,0.000000,jev-1.13.0
b044d759852213e379cd477bbe5e81b5a6f79a87,0.000000,jev-1.13.0
7951aed3e6b5b1b80c1b7463b1a9e50b02ad6a8d,0.000000,jev-1.13.0
6e40cb77c68a15953b23b1293d078e4e63c33d93,0.000000,jev-1.13.0
b5e90c5eb464b4174f08bb1666308005adee10a0,0.000000,jev-1.13.0
902b82990aa1fd3a9c99a5a90627d6d801166e99,0.000000,jev-1.13.0
43325ba12c0b1d3d42a5036800baa86c712a6522,0.000000,jev-1.13.0
a9684a0dae3c81048daebd977a241a3c90418edd,0.000000,jev-1.13.0
2f712b028816968ecaff5728e8e930d9715b8bcd,0.000000,jev-1.13.0
6573cbadbb2b91bbd2bb0be474bc434a142cdf6a,0.000000,jev-1.13.0
ecfef878631534d0f8e2bfe6ef25f763cf719c94,0.000000,jev-1.13.0
f636e03947abb16b99a1e1bdc404e4d0d3618f61,0.000000,jev-1.13.0
a2e072712000c6f2983c8bbb9c6c8f391eef092b,0.000000,jev-1.13.0
6f02f3993a4e40968361da95b3ac1cd67e22dc78,0.000000,jev-1.13.0
ac76ac87d3b85aa1ee4db86792fad7fa70595538,0.000000,jev-1.13.0
1c86065d68309c52a7bbcd640cd1fdea17d3cd4a,0.000000,jev-1.13.0
d6f978a937ba5e06484c1f448c92ae0cb021ed6c,0.000000,jev-1.13.0
eb7bc0f94e10617b6a7b908fde21d5b1fef5b714,0.000000,jev-1.13.0
f787e62926cdc5d6dee7ce63b08244887edfbfb4,0.000000,jev-1.13.0
23bda5fd772fd047e04f063272ccafd337d2c446,0.000000,jev-1.13.0
dfb2d799026f6940829373bb5865582b6bcef81d,0.000000,jev-1.13.0
7032ace50b8e0e199b89a8553ddcaac29a083c1a,0.000000,jev-1.13.0
87f5bfc452665b1bf03a05975d576a6c63b08459,0.000000,jev-1.13.0
fa8b2d82436e6bd82acf7c347696a2df469b5563,0.000000,jev-1.13.0
33bce5bbe5b2b70dba673a9b152c2a1ff4da104a,0.000000,jev-1.13.0
93c8ba308b13385dae8ada441131e5ec8e359193,0.000000,jev-1.13.0
ebff049a8a90c9c5d7df07f50f9f3ddcf1f5edc2,0.000000,jev-1.13.0
87401acea9c20fc58fd6fbce3dcc3782b567b9f3,0.000000,jev-1.13.0
80ece83f6190ba34e70e915826ee60a877592a4d,0.000000,jev-1.13.0
adf336651be1480399f3b322f34fe229684ef2dd,0.000000,jev-1.13.0
50c01594aefed38a4738a3431e696eef803c2dea,0.000000,jev-1.13.0
1b12a446141569b6bf4ea5842c3b9f7c118a5682,0.000000,jev-1.13.0
8a48b2841b812e56771b5c40ea1480a2bd87be07,0.000000,jev-1.13.0
77ebdef8351c288c6ce838791d0ab1ac383bad43,0.000000,jev-1.13.0
8865fd79bb9953705ea117e1559fa6892125dd89,0.000000,jev-1.13.0
4bcd90a85d779afe4e59d408fb044e6514ea5706,0.000000,jev-1.13.0
5d675d7e5af249c6498ecda9f9ce58d43f7b1e7c,0.000000,jev-1.13.0
bd89e453302cabe64a4c3f63eff4df22b4dbae94,0.000000,jev-1.13.0
7f3e47f24429d70a2ec778760bf427ea79f3cb75,0.000000,jev-1.13.0
3494630b4ba8d81c5577dbee90c18a5efd8ded12,0.000000,jev-1.13.0
e574c90631be698c479558aaa364451ced351e82,0.000000,jev-1.13.0
be0806feef56379dac356b01267e1aef912b6cd2,0.000000,jev-1.13.0
70b31b5fee9bea2ce1bb2a6a03cc740641351f3b,0.000000,jev-1.13.0
da15ba79c1026379da1dd162010acc89a24d4960,0.000000,jev-1.13.0
a468efbd90de51127fb31f58c3a3633119d65f4f,0.000000,jev-1.13.0
dff9be79e102423cdbd10521d04e6f3e298da818,0.000000,jev-1.13.0
2a4da5a747ec76d9cb1a8812bf72c46fdf9e3c35,0.000000,jev-1.13.0
01898cc1d45c38887e2e80cb8eae80c24e00d128,0.000000,jev-1.13.0
0e1b50e02eaca849eaac03eb9c34e5612faa8cfc,0.000000,jev-1.13.0
d80a1314d8bd291a4b87bb1ba9b87801dc87d21a,0.000000,jev-1.13.0
4c54f826a0e3ec25166e3c30ec17650cd2dc7ce8,0.000000,jev-1.13.0
0a5f8ad6aaad2b34b000aff59d7e1edcafa426ca,0.000000,jev-1.13.0
2a2d14509685ec1a1dac29f68eefcc7beb6f3660,0.000000,jev-1.13.0
254c6c8d7d201c7a3502ded84581f93310f49489,0.000000,jev-1.13.0
a8f16f4d7d0e283c21f44a53e4469cd717f16974,0.000000,jev-1.13.0
ffd2a65b2c65ffbac430ac3f833a75aa9dbf0351,0.000000,jev-1.13.0
64798c98db031708a5ce4e4bf8a9b350b31dff6b,0.000000,jev-1.13.0
9079cfb3d6c33f70880199d1ce50b2d914b4734c,0.000000,jev-1.13.0
be5f2b4cf425f23f197ed1da6588506d0566f987,0.000000,jev-1.13.0
cfb2a88eb6c5f480d0e0bb2075b585018d752e4c,0.000000,jev-1.13.0
195224862d0880d50407ea86918cacc24ce3534c,0.000000,jev-1.13.0
8c5c3226bcaff358b6eceebf1ba3d7060dca58b9,0.000000,jev-1.13.0
79113bf52351e6ebee3c3675ca884952d938ed0d,0.130000,jev-1.13.0
5459b533fcdccb6174cdec84ef81b91058da0892,0.000000,jev-1.13.0
bd1147aba1be95e043aaddd38660b2b4eef1abc4,0.000000,jev-1.13.0
69f5803c46d6d457d29dde499d34d5513320786a,0.000000,jev-1.13.0
be52c6b4e3ee851e3c87b3ea27d6459c066f5b4e,0.000000,jev-1.13.0
720c8edb764056c355a5b558072984e04fd3097f,0.000000,jev-1.13.0
ad64fa1f154c47ede70fa60f3dc50f5506c4e97f,0.000000,jev-1.13.0
c2b92c3f26c974576c1c749fce7c25706d1721eb,0.000000,jev-1.13.0
5ea3c6479faec06e29424214a50812c0dd1dfe7b,0.000000,jev-1.13.0
be7052c2b76936e37ac270fcc6ab36e4e30a45f8,0.000000,jev-1.13.0
afae998c19f836e3f974aed54065c781209a8cd9,0.000000,jev-1.13.0
7df78c26ecb9c73773253a2e5c90ad70224db56d,0.000000,jev-1.13.0
ba862f534f3b2f7ce765b7b102733214b3a708eb,0.000000,jev-1.13.0
ccf37fc8c521b4fe128c6a762818e9eb2db5fbc9,0.120000,jev-1.13.0
e142c43c48f8fd3a2d2988623350901e98bd822a,0.000000,jev-1.13.0
f68ad229c5e79a2a1d89445b656074011e1d4f69,0.000000,jev-1.13.0
20791013ed4bc635af914afbed946b22b65a8287,0.000000,jev-1.13.0
4c9048ad82c4dcf3d0521ec6aef9a804be9148d8,0.000000,jev-1.13.0
e4c1dc1c68628cda5d8af34fbb993d03d1f70537,0.120000,jev-1.13.0
95c4dbcd9bc088d6bf7ea75aae3c2b99700f1a6a,0.000000,jev-1.13.0
dc9bcf106fc4c11cba4bb371b11d0531ea8770c5,0.000000,jev-1.13.0
339c8dc947a2ea3f60a74669c6c3cc185222c54c,0.000000,jev-1.13.0
e4ddeb500f2acf940212ed135c6bc8d900c91e42,0.000000,jev-1.13.0
d38c860c9736bfa7982bc25896d42ed7f0018c7b,0.000000,jev-1.13.0
fba66452ef4c77f3507023b8ab2fe8a98a650611,0.000000,jev-1.13.0
9592ce966db2807187957af5b91c509e89e888f2,0.000000,jev-1.13.0
93a5a65c869fa191fa8785b73ef8391c2d62bb96,0.000000,jev-1.13.0
424b5b7e60dfb69da283b4ba530969980d6a1a14,0.000000,jev-1.13.0
f0fd7e496b0b6916134b62e60ab257a44b9d685e,0.000000,jev-1.13.0
75ddf060ad0675e629072edacace7a88edda9e2f,0.000000,jev-1.13.0
86b647a9d570ae4f3e2f33a0a5872b61a2ecbfdf,0.060000,jev-1.13.0
3c638c5a7d5a2da209354ced14700308406c2657,0.000000,jev-1.13.0
af97bd7b4ebcadebbd5d19b041d78c4c9475872f,0.000000,jev-1.13.0
e8b218338c7b2888480e31d3dbed0d1f6a4d6f2e,0.000000,jev-1.13.0
10635c5c14f252439da2e353c8dbf173c900c380,0.000000,jev-1.13.0
66b113f52bc5d9631740837ac0f5535108a2cd1d,0.000000,jev-1.13.0
fc1c160dddfba2d022a11ecd1d7bcc322a044141,0.000000,jev-1.13.0
70aa1be4fd8119fb23bf49f8b2b00ef7e7f94ad1,0.000000,jev-1.13.0
589156369c30da97f5a7c3e8db00ca14e7a45ef9,0.030000,jev-1.13.0
42a2308dff38dd72555b4c7ec5e829c53220b00b,0.000000,jev-1.13.0
b27f1b82d112f46355585c6b4c5aab01dc9f1703,0.000000,jev-1.13.0
b2d4494b7ffbe31502075d8799b7ca839327422f,0.000000,jev-1.13.0
ad26f37c6f87e42b2c4d86529b0daaba25040e3b,0.000000,jev-1.13.0
647430960ccf6f7af52919d485c7ff8b741d4583,0.000000,jev-1.13.0
f3195064d270750214723a0b5f36d98c3a50b0b1,0.000000,jev-1.13.0
f41435f8bf1956480487b952e8122389e2431d7b,0.000000,jev-1.13.0
c4b416c29ffc46937236cf1c9a89cce35d78101b,0.000000,jev-1.13.0
28b29870425d362531f99a3d82b6c47b5ca0771a,0.000000,jev-1.13.0
ccc1a5048ab64dfcb882e9eaf1d3511eb43d12c2,0.000000,jev-1.13.0
9ebbce827f65a483bc3d3cc227ea14847f56000e,0.000000,jev-1.13.0
d5c7b8263ce81fd0019a81fb755aa0e0363d0754,0.000000,jev-1.13.0
a8adbc621898635ee25f91755e6e2a7fa2073cb9,0.000000,jev-1.13.0
6aae32fa9aa96d5de2b18e08d5d3393955118d50,0.000000,jev-1.13.0
307805ee70571003d25a56261926e31b83f92779,0.000000,jev-1.13.0
7a23166e240e3661e7808369d6e00f2a6eed9d34,0.000000,jev-1.13.0
2203316fe49e091903904a4333cadc1d9843ba3f,0.080000,jev-1.13.0
a705cd2f581d482211f147d01139eaa1dc9bc57f,0.000000,jev-1.13.0
8802490d46fe03c1e1cb2e6d8add85c7d08fab95,0.000000,jev-1.13.0
861ddd8678abf5dc45eb7c41e650e0ea737972ff,0.000000,jev-1.13.0
d2be92f2f8e92302ce4c6109b5ff2c7d30e65ea7,0.000000,jev-1.13.0
5cacd24a65fc8d0e64eb79e1581d33cd62628e67,0.000000,jev-1.13.0
bc51fad405dfb0fd4cd97521392c665357e83792,0.000000,jev-1.13.0
4da0c55bf8061054a4419d5cb0ce0f1712694e6f,0.000000,jev-1.13.0
1953e330bd7ff34f6708f2e981f770e1923d86ca,0.000000,jev-1.13.0
1a056f7f747a9560a6a3895804c6fee1fb6b67bb,0.030000,jev-1.13.0
d065f1e898ed08e5c33e4340ce08e8bc1f4940ba,0.010000,jev-1.13.0
7d7309bd99e57c21da9e0e42e460b57f0333934a,0.000000,jev-1.13.0
0db6544275247de7e225e015d670ae19b822a5cd,0.000000,jev-1.13.0
550b8ece92723e2ab881a842a04b5f2fb4cd262a,0.000000,jev-1.13.0
19249833164916c6f6a9b83025b0290440583390,0.000000,jev-1.13.0
88a1797ac8e2f8db19772befe164f96ec22cb61b,0.000000,jev-1.13.0
f3f9f98feffcfc8263cd008866ed2fe8bed3cadb,0.000000,jev-1.13.0
0bccce796c6fb3c820f56d5bb9439cb8dee63927,0.000000,jev-1.13.0
254e5c202a3e8f947a787354f6ab0205c065ed0f,0.000000,jev-1.13.0
c21a0188fd4a3c03871430f9cae89da7b93173a1,0.000000,jev-1.13.0
ba46a758151a30df6bf5aa84bc6fe4196b5aae0e,0.000000,jev-1.13.0
7ad43e6d55b3cf81abaab503662cc001c6d80e9f,0.140000,jev-1.13.0
ce168787a42341c40cfa932badb9c38905de52e0,0.000000,jev-1.13.0
23f1667681d54fb8f1e7864123ee63baba2d4222,0.000000,jev-1.13.0
48e161fbe0eb9d46d3d590e80e28218eed5e7e3a,0.000000,jev-1.13.0
9f02a1e24957060b0a6619add54ae8b00289b7df,0.000000,jev-1.13.0
e99c3e291201c2d62295ba705345ab002e4417eb,0.000000,jev-1.13.0
f2cb4d3c63c2582a7797d6f9baae555def3703ce,0.000000,jev-1.13.0
723aa353a385916d1b24467b618b021634b73fe8,0.000000,jev-1.13.0
a928de72a5129b0c0c920f0765d6d03f9b18f164,0.000000,jev-1.13.0
5f714f822b6f156fee4024a1350853077a13eb96,0.000000,jev-1.13.0
39e88698c13465cfc7ddb8c73129b4f6784eaa8a,0.000000,jev-1.13.0
41c18c67a7315bdc9a4e2c8547e6ab2585fbd730,0.000000,jev-1.13.0
9ea8f454f6400f3922f644fcc8620d0ef36f3f87,0.000000,jev-1.13.0
e0d6ef70ee27c1eba3d647914fc6b298764ea1a4,0.000000,jev-1.13.0
77f3b6abed2e1b94c420cfdd6ede427c87fb5aa1,0.000000,jev-1.13.0
072f22356754d5d65f61de72438bf6dbbed06563,0.000000,jev-1.13.0
ce321147283806b14903e5793cfc8bbbb68514f1,0.000000,jev-1.13.0
faa7feb299874b1b3d203cd82b430c40abb408e1,0.000000,jev-1.13.0
90521fd779839c875f7bbd18c369dad216b1ac7a,0.000000,jev-1.13.0
b937ad068807ccd5312c843ccf4bfbcd054867a6,0.000000,jev-1.13.0
1a5695a205955d0564b906da4c9b8beacd8c1199,0.000000,jev-1.13.0
41ad6b07746da21bf1cd2169922587ba0b94a68e,0.000000,jev-1.13.0
9047cb2b562be73cd040d7c5c29c39365c83b299,0.000000,jev-1.13.0
f81dee28c4445ad0e1105beb02bdb67eae6a5e99,0.000000,jev-1.13.0
06cf363ec774f74b33aa1fe7384a46b31d436f34,0.000000,jev-1.13.0
2a1f5bda5ef5728ee6560a47450c43dfea2feaeb,0.000000,jev-1.13.0
c11a8d57ca4c776b2a2ba3944698ec737e67723c,0.000000,jev-1.13.0
85ca7117a0938505b23296a13d08d0bfd2583905,0.000000,jev-1.13.0
f785ad7f67a67bac6ff59cb97210461a0d58ff41,0.000000,jev-1.13.0
dc63e08458d204f9cfad8180dd3aa277800f9ecf,0.000000,jev-1.13.0
379efd738a6de987c2e31d1a6bb42dedd2a46c3b,0.000000,jev-1.13.0
e23f8c061e65bed2c77d09e43fc06cfe5c10d3ba,0.000000,jev-1.13.0
5f71b2e1d2acc85d8474691f11d0abff3022d35e,0.000000,jev-1.13.0
a251849f173fd87515a8048f6d53f05efcc4bf83,0.000000,jev-1.13.0
a275253813a0eaa2885d1ad91a21a18ef1230aac,0.000000,jev-1.13.0
9728e7f30e2089ce0f7dcd7167243c4a8eb40d26,0.030000,jev-1.13.0
adc1af00302bb05518ef63b81752418accab44f5,0.000000,jev-1.13.0
63069857d7d9a2bd34aab4f7e181f88ed028d469,0.000000,jev-1.13.0
353d8c195469b33ae0566c4035ed021b29ae3b5a,0.000000,jev-1.13.0
561f6bdeec40ad2fdc76399759dcd1cd686c9e8d,0.000000,jev-1.13.0
73c0d5b3157a0d809bb08cf98040a6d1068f035a,0.000000,jev-1.13.0
2820cb3ee3936fc0088c8f37fa6f6f93acbe94e5,0.000000,jev-1.13.0
9270ebb62934beff7fe375a3931b3af53463ccfb,0.000000,jev-1.13.0
a569c8e3931c4e762e458de76c84661675a51f40,0.790000,jev-1.13.0
5d92e9680680d58466314f39ddeba28d8cc8c5f6,0.000000,jev-1.13.0
5a6dc192fccb82b1e03ba1651035da959be2172b,0.000000,jev-1.13.0
b17b67275653918df6f6568634046a6da43a6bc1,0.000000,jev-1.13.0
304d98b1a1f851bfe31f0bf8035160856fd9c493,0.000000,jev-1.13.0
7a4d26b8da8ddf2b4e9bae20b0012ce927efe2cd,0.000000,jev-1.13.0
3c727c0dc7339cff35027235497ce73a3fa14d8b,0.000000,jev-1.13.0
646ee55b539db2541db5643c5b75f35237500f18,0.000000,jev-1.13.0
6420a8d0c779616c7bcb2b78a6f3f94b09df3ddc,0.000000,jev-1.13.0
00fccb3374c399e2d7ddfa3614f256bcb61c3ec4,0.000000,jev-1.13.0
e481fad9ee7740c0de1d72b5d22f4aac32a5bced,0.000000,jev-1.13.0
615e2f710495ab45f0c729c7d4e136bbd61c61b9,0.010000,jev-1.13.0
ea6d8a571f82ca2434bd794a2e81f5f9da5b1a0b,0.000000,jev-1.13.0
3597887297907012cb2087e3985039b99123cd4c,0.000000,jev-1.13.0
641d2d9d7202fdbf5a0b39492a7267d44266371b,0.000000,jev-1.13.0
d5a9886ed2709f627d84e6565eff0e51cbcb571b,0.000000,jev-1.13.0
863c0cb58c6b3649e110c4ba20c3490a4cc8b487,0.000000,jev-1.13.0
6d4349d05a2263b9cc886ce11f388816f8c28d56,0.050000,jev-1.13.0
7408cf3816a06c0ce7addc82771f6e00b8b14d2c,0.000000,jev-1.13.0
aecd2c19082f28be2c7024c323848c756aba4364,0.000000,jev-1.13.0
3fe872b84f16d06e284d90ee6f596e5578cb4f05,0.000000,jev-1.13.0
2bc48bb283dde85fd7afbd373c97c3d543c8ebbe,0.000000,jev-1.13.0
fae26b13dee9a71d04d1406d6116bbe25601ef13,0.000000,jev-1.13.0
09f89c6976b708169c0dcab34e28f1189894b6d6,0.000000,jev-1.13.0
8d9c66f0212fcd4ccaa0ec8a479a7f37af68545f,0.000000,jev-1.13.0
3893b4f1fc7df22acbd721eeef51a411d43bc66d,0.000000,jev-1.13.0
9f47822306c2ae8733862c4810c8242af6455370,0.000000,jev-1.13.0
b594496a06017b135254e972d06400d90e10b7a7,0.000000,jev-1.13.0
65de3ba0ba48d7b74bb36d7fa1b2f07969841e2d,0.000000,jev-1.13.0
511ef628c62ba1bce637ff1ed78b58d5d602778f,0.000000,jev-1.13.0
7fa7b95683bd322e8f59db368edf16c644bf4d3d,0.000000,jev-1.13.0
b7e3388109dead26e0100cd590baad8a9d9e9b69,0.000000,jev-1.13.0
4632461104a4752164017feaac67632ee710c2af,0.000000,jev-1.13.0
935d06f7e73486f71cd142a096054c1af1ac32e0,0.000000,jev-1.13.0
f55e74fa1dfeedbc55aacac64fdb274826d6b8c5,0.000000,jev-1.13.0
3bd2eedefa195e9af2ceea01a926057e9e2f12a7,0.000000,jev-1.13.0
e94e7819647112c90d7e407b239802df545bf382,0.000000,jev-1.13.0
7b97a3192500f771f4acb4393ba4fa138c297361,0.000000,jev-1.13.0
75675fbc007fec40483b0fb2e5c3dc950f4cdaf1,0.000000,jev-1.13.0
a381380984a76555882d587b0fb6299879e78ff3,0.000000,jev-1.13.0
6458af99eb8d9aefb26d728397b5bba461071607,0.000000,jev-1.13.0
2949384ad9f66e8321c4265d000cc51302ef3e96,0.000000,jev-1.13.0
c265870e0c779271629400469188fa1589b41d62,0.000000,jev-1.13.0
c9e8d9460cd78868c262db4fe9b1e915a2cbcc9f,0.010000,jev-1.13.0
4c250fde09b0c04265f1cb2c1506e77e28be3970,0.000000,jev-1.13.0
a1373fae043b34bd1906d1de37c6b97e09d541cf,0.000000,jev-1.13.0
ec065f2d3f2895a157e3ae7cfa72dbb5cc6aa6f1,0.000000,jev-1.13.0
f96777964c06e8e3aaa514cb4cd2063c5518ba22,0.000000,jev-1.13.0
94de68f31a6707aedce45bae21960cfb1cb0019c,0.000000,jev-1.13.0
949b1c6bd676e673ef82a07da46515c5efc32611,0.000000,jev-1.13.0
1d1371142fdb669acb1b340c0a4c012b76abd1c5,0.000000,jev-1.13.0
14328c4dbe41399829fde1def777ea0bc11cb653,0.000000,jev-1.13.0
91e2c8d9b8e07386fe85f873a939de075d74f0f6,0.000000,jev-1.13.0
222ae9cba0e83b249a0e6533aa7f2414e4479883,0.000000,jev-1.13.0
028919e46df151c0f1f091b7ef576c44eb7aee0c,0.000000,jev-1.13.0
bddebb3d92971687b305548fe9ec0a4f80cd50be,0.000000,jev-1.13.0
c8d6f6cf3710c99e419f167c78bec1bdb29308ae,0.000000,jev-1.13.0
d436401b28909373bd9a388708c1b14314e03f9d,0.000000,jev-1.13.0
73eda6de89dabef55f869521134d147ca628175e,0.000000,jev-1.13.0
32d486c0f28676e1dfc31aedefe9463e7f78e5fd,0.000000,jev-1.13.0
bf4563813dcf4ff65fa86c686ba3d4db7cf526b9,0.000000,jev-1.13.0
28b219cd598b117e0608e2e4b22b6be5be954877,0.000000,jev-1.13.0
17510ef63854236f52872d8f23755dccb4e72395,0.000000,jev-1.13.0
a9629ebf02cc2637137a6cc202bb61784c9dabe1,0.000000,jev-1.13.0
214bc88c7dac7881241bfcc68fa2d84d45758ca8,0.000000,jev-1.13.0
4e601f1feb79d1a96f30dba4a9bb01fd7423f537,0.000000,jev-1.13.0
21c4276e541a15d983c6baeb8eca5546924f42ef,0.000000,jev-1.13.0
c6b5d4c7234b1ff99b9a892bea408cb21b03242e,0.000000,jev-1.13.0
4f81760afa8cf9f6a065dfcfdb2726d4d505f386,0.000000,jev-1.13.0
ff456feb93e05be71d77edc0584b3101845b6aae,0.000000,jev-1.13.0
f47a5e10c6040ace090d2c34599fa5d9d8dc3394,0.000000,jev-1.13.0
30323229d68fd7f8d6c1d3af2af061b6eae8b946,0.000000,jev-1.13.0
260292e7c7e3d90e724b5a0fb1cf9283ff49c314,0.000000,jev-1.13.0
e6bd7f57b0d99fbeb15cb254658c3e92a5c36821,0.000000,jev-1.13.0
953b0b3a40a932009b1eac4748edc382d17f8e7a,0.000000,jev-1.13.0
accf98366399e3e534c5707f1c47bf33fe7357dc,0.000000,jev-1.13.0
4fbed7992eea7933f4ca1fadd9489f00d0fedf78,0.000000,jev-1.13.0
26d73a9ec56e7ce9675686cd2aded11735c5c150,0.000000,jev-1.13.0
6df7a4bb691862d9f77900d1a80c233300313aea,0.000000,jev-1.13.0
86d09855ed3f0edf4dbfbdff0da534abaac15147,0.000000,jev-1.13.0
28bdf696690bca79d5806157fd76a77635c52614,0.000000,jev-1.13.0
10e110908e622ef6b9c2213490db635e4bb2da8c,0.010000,jev-1.13.0
7733bad4aa5048e9260fe987ea37e024cdf3d737,0.000000,jev-1.13.0
dd5201460ec6af9fd68a4d197e48dfc5c261976f,0.000000,jev-1.13.0
be03fd785618f090316cda76468e6e69db9746ca,0.000000,jev-1.13.0
460055a11b9ac35abc0cb17217a831fd2383d0b5,0.000000,jev-1.13.0
f591757e3b24085a6a2f9156c3887b3ef4e7cfc5,0.000000,jev-1.13.0
1688b1324b9606eb57257433ee3c5d4ea7cc72fc,0.000000,jev-1.13.0
962bcfd71360a1ac50c202b9cd53b0aa5e26be87,0.010000,jev-1.13.0
cbaea98f4bec938618016998c22210cb7c25a887,0.000000,jev-1.13.0
6b447fcee2626ee72bccd31cde4bf920a9ad67db,0.000000,jev-1.13.0
b7782404518bd88183fd3444d0d3588aa0cfd869,0.000000,jev-1.13.0
70c2106df1a5e189237d0b7f03499d99b0c78b55,0.030000,jev-1.13.0
2cb8d9a83ee7d014296f87ccf87b193e6e0c6df3,0.000000,jev-1.13.0
0b2cc94f318346d5f78cc771768c78d03130cc59,0.000000,jev-1.13.0
2e6eaa47128021368e3bff7663718aa126c8784a,0.010000,jev-1.13.0
0318272311f47d70d749d18eed9d7cd48a7d6474,0.000000,jev-1.13.0
1ef1bb6e1662c33435d1921ff72bcaea1dcd00c7,0.000000,jev-1.13.0
2c8cd009e5bc8a2d5d54ea4b969d0d767752821b,0.010000,jev-1.13.0
4343f26dbd650902dc597e94f6cf31a4280c72f5,0.020000,jev-1.13.0
02a825770521163b912fb99e8e91dae03a15777a,0.010000,jev-1.13.0
3c2d077d215d3f951d93d422df5c12b29962cefa,0.000000,jev-1.13.0
3aac521d73e6f2ee24609b88f859aad9e68cfa1b,0.000000,jev-1.13.0
057a9e8995982c6f87ebf9fca118678588f28e6d,0.000000,jev-1.13.0
04bc313e5e618d6c4fc14480feda529d3853e4f2,0.000000,jev-1.13.0
df2a52c32e777a7575d942402ec195f3e6df3f4c,0.000000,jev-1.13.0
69ee25294b9517ba9470053a8111c33f936371df,0.000000,jev-1.13.0
68f79bde8a222bfac3461623481c3596ec358f67,0.000000,jev-1.13.0
4b074c6ced947ce529238fef3f7ce7c1c57cee28,0.000000,jev-1.13.0
1e049bb4efe5e1d0ffba1b0747ab38d049fcebf2,0.000000,jev-1.13.0
8d74c0eb6403f544fe26e51c1ca6a0ad661ae47c,0.000000,jev-1.13.0
d44e421b892d1bd067dce2048d281764152a3eca,0.000000,jev-1.13.0
ac1c09007c66dc183c09ccc79d9fcc4342a5b1b7,0.010000,jev-1.13.0
789605ad6bc2b38cc981840f838e7603f467361e,0.000000,jev-1.13.0
30a0e6c5b431cb4c0b08823a7f2ebc249f27477e,0.020000,jev-1.13.0
edcaa6bbd14488e561cdb0fedd4e50da5fbd8762,0.000000,jev-1.13.0
5a9cf711b8c600a936e00da72b7d8a155f23479a,0.000000,jev-1.13.0
e1b1830ad9d12608fd7eac242157451a685d1ca5,0.000000,jev-1.13.0
54f7315a7220f4a50e740f1b5068de3f61a6f79c,0.000000,jev-1.13.0
fbd81eeab01ce468277dd6712eed6d5f45286904,0.000000,jev-1.13.0
a4c4e8f7bfb82325e250cc39e2295062936726c1,0.010000,jev-1.13.0
4d45ccc726d6ec44a7d662ffdee12273f97c9d23,0.000000,jev-1.13.0
bcc207a4c3e00a7b5655c47124f22439a4ab7b14,0.000000,jev-1.13.0
422ba50441c86e6af599e8e8a4b1bfec3d13361e,0.020000,jev-1.13.0
4e40ad0c97717ac9ec59c223e2a99282f5c07c68,0.010000,jev-1.13.0
f7bd81d8e74472546e770d0a88f5212fe12a6d0a,0.000000,jev-1.13.0
ae04ebdee70da9fcd1064d838393657510ac993b,0.000000,jev-1.13.0
4b47d638306ecb4f70d507e803a9ae96cf316a47,0.020000,jev-1.13.0
04c67858b9b0bd81babe03917aa46f925bc592f5,0.000000,jev-1.13.0
c872b132f764b9db1b51dc6ece6caa8d76cc4c69,0.000000,jev-1.13.0
bd698d070f37c4863ee29c528c452b231d52d304,0.000000,jev-1.13.0
f5a4d8bcc2f4a976c51eca2af0311176dab05d49,0.000000,jev-1.13.0
9251bbaf604f429e21adc51da9abd090839e98df,0.000000,jev-1.13.0
54ae1ed3272d8c1a341604f08c842d953b754be1,0.000000,jev-1.13.0
bb36fee0338252fb7a212716147605be64d12b94,0.010000,jev-1.13.0
bda614d79e7743771f352c3fc78d3092a0acb824,0.000000,jev-1.13.0
a1c0b3579f417a2eaea0816346c425cdd798b446,0.000000,jev-1.13.0
143ad72f81833fe9f2c369dbc36869ae4fbaedbe,0.010000,jev-1.13.0
7fde6ed015556917565902e6b9cc2a1954243678,0.000000,jev-1.13.0
1e6c6c8422d6af7f1a9c8eb3692654e3ed72613a,0.000000,jev-1.13.0
b3b5901b1f9b1ef5874d1d0f819bc730a6c41b8a,0.010000,jev-1.13.0
131b9bf9ef19a811ddad5d5f0d0bdc09cac76b6b,0.000000,jev-1.13.0
c752bc04e62f66fca45215b3e94aba2b4c00179c,0.000000,jev-1.13.0
672cdf68009a7a747fad4cbae35a1248f07d511b,0.000000,jev-1.13.0
a6dc973094d64de14e9814c6d955537b6c937ffe,0.000000,jev-1.13.0
d0a92477059d825cd0b65ad7c80b21e99a60572f,0.000000,jev-1.13.0
5344945a40c5cfd2d74d8a9fbe7cbd7afa4a276b,0.000000,jev-1.13.0
498fc31ec6b628949e745dae931baeefb10b08ba,0.000000,jev-1.13.0
2ac2bbb43405356c2dac9ee712e7b28dc78f5ba2,0.000000,jev-1.13.0
6bc89e8148980312d7857f4afc83926949689f53,0.000000,jev-1.13.0
6ae4aa099e98e739fe13136b889eb9c6efdb65be,0.000000,jev-1.13.0
00ba40f29db334cd5e25d7ef45e63e8162718fb0,0.000000,jev-1.13.0
ae8cba8c4ebda6a9577484ff8ee58e530bbfa62d,0.000000,jev-1.13.0
05bf9183a72e1287496e15d87db374a89fd6febd,0.000000,jev-1.13.0
7780976f9db7a646686985548832380d9f2d975e,0.000000,jev-1.13.0
0a4efeef7e044dd5e8c6943da0cc8a9920e5ce1f,0.000000,jev-1.13.0
1fc4555503dda55135a5c093320d72332eaa08c7,0.000000,jev-1.13.0
4266aee975002ffb378094ac3a1fb6b3095c8ae0,0.000000,jev-1.13.0
e1bcadca1a78ebd801b5001c2129ab2777ac0619,0.000000,jev-1.13.0
cec967a3aa35ec3297f84b4c12ecb2c73b2eff36,0.000000,jev-1.13.0
1a36ce21015d5d417fade7de7233aefe50cba9fc,0.000000,jev-1.13.0
8145eb98c1f905728b5787114e6395295c3f56ed,0.000000,jev-1.13.0
e0c0a99351ac434b8d38c239863486a6c94d0fbb,0.000000,jev-1.13.0
d4deb3592cf823ba007c9b0ddffc9e611325031f,0.010000,jev-1.13.0
f6f3903e8282435950cd3a076ab125f62b419245,0.000000,jev-1.13.0
3cbfbe7135f12fc8f3ed977bcc06a8524132eec4,0.000000,jev-1.13.0
e35b41a2be86cf36df057657d59989d5ee755a49,0.000000,jev-1.13.0
f4e5c36b072e5b078d61be912eef6c7c5d948cb2,0.000000,jev-1.13.0
edb859232684813828f5777890fea31cf5fc5048,0.000000,jev-1.13.0
6584626aa3096797c6464c891384a6118f424fba,0.000000,jev-1.13.0
7350beabe290962667eab98094f330b90aef015b,0.020000,jev-1.13.0
04bed69cb80dbdc3810880edbdfcfbbd068dd32e,0.000000,jev-1.13.0
e623ed0627386c41ac64f5b6a82f21261fc25df7,0.000000,jev-1.13.0
67b11f427f7e82a7f558c72285f04932cb35a2eb,0.000000,jev-1.13.0
7abeb1ab46d0ebf6591e7b7e7510d38014f94d48,0.000000,jev-1.13.0
5e1546e57c5a746b5218386674fd843d2ecfd16f,0.000000,jev-1.13.0
d50d1b8eab570cf3a7bb75182ee32d3ee041c9a5,0.020000,jev-1.13.0
6dec5377bc8f0c934a4f4eaacae90c756d0b9726,0.010000,jev-1.13.0
0a2ed2bcc7f7bed0764a5c7b2b53086fbd9ab850,0.000000,jev-1.13.0
79d351a5a4dd0dee3b102745ec89c7675c353257,0.010000,jev-1.13.0
0ccad8a24c8603231e1f73284e3238a1daa09a21,0.000000,jev-1.13.0
c207b67ae9ea3f3b1f7b814d2358f8ea3951375e,0.030000,jev-1.13.0
20431d0fa7b53a1530e495583c92653d803c6477,0.000000,jev-1.13.0
98a14b6413aa096a81f70b19dadb41b39858760b,0.000000,jev-1.13.0
9797984d825e32575190d5273333e619adcde631,0.000000,jev-1.13.0
9ce886dad6f883be77ef90e5e424f09f40688096,0.000000,jev-1.13.0
e8387fa0cde2d820934389a8f3d7c187ca53c5dc,0.000000,jev-1.13.0
ece43c88ee7592b918ebad305c44fb01020f0129,0.000000,jev-1.13.0
35d9f439ee44cac336e197517488cb63bfb674ce,0.000000,jev-1.13.0
b6937952c0bff0a7a52255fea223a13cc8cb10f7,0.000000,jev-1.13.0
0c021e33a0380de790732f637c126dc27d38fa74,0.000000,jev-1.13.0
6add501e465fd7c306c3600fd6a377dc504ec35c,0.000000,jev-1.13.0
0d9103b65bb1148efc983f7225300808a8053cf0,0.000000,jev-1.13.0
ceaddbd518e5e2a109f62d2c56a25a8552d140f0,0.000000,jev-1.13.0
16e39ab48f262b40546dfb24d42b5980733f3e8e,0.000000,jev-1.13.0
c0f4b1c99d1f4cff8cf8b4b49aab843415eeaaa7,0.000000,jev-1.13.0
0f6d3f34a07e5523da1b6a16efd0fcaf8977d3de,0.000000,jev-1.13.0
2bef5a513b292d61599392facebdc91d91557c12,0.000000,jev-1.13.0
78d0552d807edf212116d106ec490222bcd3a458,0.000000,jev-1.13.0
b4595d4683d698cbbbf6189c6aa27b20f590966d,0.000000,jev-1.13.0
f6af3ea5d148e74c6e0f668d9f9ecbe5d4f00865,0.000000,jev-1.13.0
ab092d1d504f9b1e98a436ff94299d62de93c8d8,0.000000,jev-1.13.0
53662a8e7f95c81151ccb6867a28cd7b1fc9abf8,0.000000,jev-1.13.0
abb7a88f96edc22ccd06f4092dcc059b0431311e,0.000000,jev-1.13.0
3ea92fa906d6f27e9e414c4ed28ca682d38f053e,0.000000,jev-1.13.0
4c6aa555efa1cb97b7f14c8ed7c74e563739deca,0.000000,jev-1.13.0
26124e53ac94e482bc9f84acff3e7aea8ba8225c,0.000000,jev-1.13.0
07761a6d3135e6a16c626649d821d2c0a95edf7c,0.000000,jev-1.13.0
e5abbc74948d64d3cce888684afbe01241686173,0.000000,jev-1.13.0
8fd77231273a3a8715061c0cca99de971405d2de,0.000000,jev-1.13.0
eb4076c07dc4481890a9e785098d58d1960d4241,0.000000,jev-1.13.0
0bcc193bd037ef8479864fbd87094d6c84499df5,0.000000,jev-1.13.0
e6c037a82e17e1077dbf8f0bd79521a4a2313bf3,0.000000,jev-1.13.0
a03aba3ed4680ce2cfb62f8b7a4940236d94c0e8,0.000000,jev-1.13.0
018a8f79bfa796bf387616462d3d2f5ed212e0f7,0.000000,jev-1.13.0
121525af4531edbb289610329d9c78f71636128e,0.000000,jev-1.13.0
9865297c4208a820ce58966760967376cf9abcfb,0.000000,jev-1.13.0
3ca6e0f1b6eb8427b5c3939a73ac2905223e8b56,0.000000,jev-1.13.0
5a958a5cefecf983037eeafd224f5d246e637058,0.000000,jev-1.13.0
297dfbfa1dcd3119766c8b43ac1833af660c1c6f,0.000000,jev-1.13.0
7e4cba2fb19edf642ca6f29923d73649e984e3c8,0.000000,jev-1.13.0
9c570a564cd9bd88f171205b6aa512a125e86798,0.000000,jev-1.13.0
b54a7f6a9abdbc4a3289a47d011fa2256b2857d8,0.000000,jev-1.13.0
ca08abd919430cd449b3f91714007c34b8002de2,0.000000,jev-1.13.0
e1e595707d65d2f2bda35ce26e0c8e0e056fd3fa,0.000000,jev-1.13.0
9a75e60bb13d1f7040650a3745cce7a5cc3b5d92,0.000000,jev-1.13.0
a9bd595d60d300be1a96f268cba0e8041d50f34e,0.000000,jev-1.13.0
e9682e8c3d1abd8566fcca55937527c6218fc8c1,0.000000,jev-1.13.0
e04a113895e51133d58f46dc3ff952de9177a552,0.000000,jev-1.13.0
9fc01135fdfdc8b038a6dc8d78be18390bba3d8e,0.000000,jev-1.13.0
0a680c22e65b27bbe70fc8a64d11e07a6f43e2bd,0.000000,jev-1.13.0
fa691867b9f4f7aac64ccd6a29a7ff8eedddd76d,0.000000,jev-1.13.0
f73d5c68af0c9d4015709d599a8f449dfd48f6b0,0.000000,jev-1.13.0
0570d2b74fd9934497da1c77a535eb12c2de4bb6,0.000000,jev-1.13.0
08faf34e1baf77d02f56dc8b73fa9fd39c969a75,0.000000,jev-1.13.0
717b52528e83980abfbf0c42823d8b1dfed4af09,0.000000,jev-1.13.0
17780087a35f01517e241c8aa9ad71e4b0b37337,0.000000,jev-1.13.0
d365870ae4b488d99a344b01d01e355fb16b03f9,0.000000,jev-1.13.0
a66ee65bddc7495d837cd4a06f7799545ed6dad5,0.000000,jev-1.13.0
9e98db3ca3389853de7fa414654f5b4fae8f34b8,0.000000,jev-1.13.0
ea8ec0e57931bc07c7f1dfe0a369cbafce245164,0.000000,jev-1.13.0
d8e7487c86ac5add5718c2b271cbca0bbd81b09c,0.000000,jev-1.13.0
46624566f6dc216402e322119e5cbe7bb22e4f63,0.000000,jev-1.13.0
9a25a0846601c849d45f9a1b5f870cb2a1eb195a,0.000000,jev-1.13.0
8703462e771bf43897d26b1558bae752c78cd642,0.000000,jev-1.13.0
1a5ba15e2d119ad56e9198b2ba5cd251ac39ff4f,0.000000,jev-1.13.0
6c064b8926cd6a86fda324e03da3259f764afffa,0.000000,jev-1.13.0
fc77685f6f3bd6f82de166bbd93f62481180d230,0.000000,jev-1.13.0
73d1a842d4aaa864b4be78fa5ad8ad7ae1158581,0.000000,jev-1.13.0
e36cda24ed28ad67df0cb2ade09b0736f19afd37,0.000000,jev-1.13.0
34a7ce2a12678c531f646e9e7dfb3eb34b576e2b,0.000000,jev-1.13.0
3244d867510fd41f4f62c7b4ba2a36dc6fbfe867,0.000000,jev-1.13.0
19002a6785d2fe55b88f5f586311a3282f588872,0.000000,jev-1.13.0
e8ca3de1c17540713ca9b0d14ca498064d2a63a1,0.000000,jev-1.13.0
0b9374911002fb00bee9cec265592a43e18c9b2d,0.000000,jev-1.13.0
83b4bdf1ba41ae610797e7f0bee7cb52f7fe976a,0.000000,jev-1.13.0
6dce06e7e3bab4533655955629bc0ab67d3d511c,0.000000,jev-1.13.0
28c44597a0115fb9239459f4a47ef07ec3db8d08,0.000000,jev-1.13.0
a249068cb36f7271fa65dd518956bc332cd7bc5a,0.000000,jev-1.13.0
a22d9753ed6c739ac31b642572e33f7de49c373c,0.000000,jev-1.13.0
565dc163dd5dc72d199d17ec3a569a840de5fc18,0.000000,jev-1.13.0
b1de57777217acfed243c57158c1c23a7e6c10cb,0.000000,jev-1.13.0
d26b9a0b9126a988c6b321c606dc1f5ac77afbba,0.000000,jev-1.13.0
23916a332a47c675f5e4ea024e794e6f66b89044,0.000000,jev-1.13.0
b6acba2b6854d621e0b0a965ec09e3b16f8f3e0d,0.000000,jev-1.13.0
367f353cb984ab507adf7644fda8ed5dc3595243,0.000000,jev-1.13.0
ff036a687be6e3312738b474526656170f88e857,0.000000,jev-1.13.0
ec13d33593eeb08de691a9ee32dfa43ba9377395,0.000000,jev-1.13.0
d90a2507d45ca1409cbf5081d3759b843202b6f8,0.000000,jev-1.13.0
7bd0264806f247d61cd58fdca5d55a75f8fd69db,0.000000,jev-1.13.0
e02ad06d51ed6f230975008c53c19462bac35aec,0.000000,jev-1.13.0
4c69bb93fb12a90c85e19262f3724da46aef46b0,0.000000,jev-1.13.0
42add8dfb5201eaf501456271964802fd524a580,0.000000,jev-1.13.0
f28f67737ab4288b68ae1a0addef5dbd2c90318f,0.000000,jev-1.13.0
6127224e4c313514f8f347c22ce022349066dae9,0.000000,jev-1.13.0
67f8f53a9f1d76f3164894a72bcecb83e8dfbda5,0.000000,jev-1.13.0
0831781782bae08703c16d96433be12bf584e2ba,0.000000,jev-1.13.0
7f837528a8437088fda3800a2b1973168d83d942,0.000000,jev-1.13.0
b93881bc28ad872a47e470a31f2942f466a2682b,0.000000,jev-1.13.0
3106ad0ad23103f6fba800a08f205e6eaa5cbd1c,0.000000,jev-1.13.0
6383817ce7b200cfaa3257c4f57a039623819f94,0.000000,jev-1.13.0
715869e847fd1e2fe87882ff0e7cd9fedb9fe7be,0.000000,jev-1.13.0
5e15a37241a4ac135cddb8409829a5fa37a5a5a3,0.000000,jev-1.13.0
47d7d55badc86aa3ec91a2c4efc47f1b2f21f5cc,0.000000,jev-1.13.0
1bd17feb234e6f23e37e6c4d3b0c5a52d9aabdaf,0.000000,jev-1.13.0
f7795034ecbcfbdddf75605c4770b7ec57b60d6a,0.000000,jev-1.13.0
0761ebb0ff62ab9ea9bb3fe71ce671c711a492a6,0.000000,jev-1.13.0
f2038df0da4a4b1415608422903a972030e1ee1d,0.000000,jev-1.13.0
ce58b5160735bbf662101590f213d774643590b4,0.000000,jev-1.13.0
cbd89f26e38f52c74ef5a69de140a79623e7dab6,0.000000,jev-1.13.0
e932ef0d4f4f69b90defbaef99a339b759f469e6,0.000000,jev-1.13.0
75fb681a548663c2716f782d0df9536d0f02a23b,0.000000,jev-1.13.0
733f53cdd72ab6cac3b05ad5c3553eca02008fa5,0.000000,jev-1.13.0
d2beb12d6f4834a0f78e494e24c993a34b49e13d,0.000000,jev-1.13.0
8fd04d694a6773c074034e69f901c61914fe8e18,0.000000,jev-1.13.0
d1a185a557a23564bed3428b4f16fedf3484a367,0.000000,jev-1.13.0
7af1d8fabb5b867b22da01f216e60290e85670ed,0.000000,jev-1.13.0
11f5490850c6ba5c9cb3f2609dff631b78ea3211,0.000000,jev-1.13.0
fd6ab00d72536ca1efc7e75e43149b3c5531a9a8,0.000000,jev-1.13.0
7fb7fcfe36a5efb87a2ce826189c01fc7d02dd2f,0.000000,jev-1.13.0
6de7bb162c4cc9748223eb546550fff73b01a94a,0.000000,jev-1.13.0
7e2686953fb20050310469e4ad816773f1077dc9,0.000000,jev-1.13.0
7cf371bb0a3b67551a6d46d9144eddc00152afbb,0.000000,jev-1.13.0
55f17327ac9d06e3b4b4cbabefa6b49f559e2984,0.000000,jev-1.13.0
8ff1cce204b4aae0ff88f3a54d1f0812531adffb,0.000000,jev-1.13.0
d5ba4f6c419b4e0fd526c14387470d2c736a93a9,0.000000,jev-1.13.0
e49c09f571f866de629ad45f6b5a829c96cac2b2,0.000000,jev-1.13.0
c37d5d8242ed35a61d632c6f6e71e3dd8ef77b82,0.000000,jev-1.13.0
53e480247fb41b6d0d0adfe1a4a90b0b1a972ee3,0.000000,jev-1.13.0
64d09ab2b1c342dac0ccaa40b4b1140da4283c67,0.000000,jev-1.13.0
b16e5d7864fe13f448c6989f946f6fd5e1b93d88,0.000000,jev-1.13.0
8cf18d479fa08248b93b11a963fef9ef1775348e,0.000000,jev-1.13.0
d996d270c0c9db07824c5e17121b5809ba9e6924,0.000000,jev-1.13.0
b00f2ebafb575be87fbe69994aaae4d48b82d3cb,0.000000,jev-1.13.0
639d8ff1f495120fbf5b9c6e901a5e20b80f4d23,0.000000,jev-1.13.0
8959fcc39d6dddefaa631500c394a2133cec1d4f,0.000000,jev-1.13.0
b06a986a7412dd34e3e6fc4fe0e6d92d0a56462a,0.000000,jev-1.13.0
50e4c72d1bb0e22945b1f5c1c86ad753d2fa9c47,0.000000,jev-1.13.0
90187822a86cc5578339434d4366aa35c491b12b,0.000000,jev-1.13.0
8c22df28039412953532a45b6291baacb8396b60,0.000000,jev-1.13.0
84a556a6e09e66b0a760e8ec821778846ed1f928,0.000000,jev-1.13.0
72d6a823bff0a222477e1797946bebdd3f5342db,0.000000,jev-1.13.0
573d2e09a7dd81bc726075d7ccb7d1e3fbc8b6af,0.000000,jev-1.13.0
b6782241f7567cabee8776c8ae49c861a91cce81,0.000000,jev-1.13.0
d5c03ded3e745c795bec64bdbec20b29bc813915,0.000000,jev-1.13.0
0cd06e2f71c680d72eb581121080438144237733,0.000000,jev-1.13.0
34e4db0fbbeaac53a77a2fa341a5ca450d628cb2,0.000000,jev-1.13.0
c8ecfac6109a6191c2ad17fbcaa5455e57440414,0.000000,jev-1.13.0
6435d2cd82de3d4e7b2e6784ce7b620b430f86d1,0.000000,jev-1.13.0
3f35539f7cbbfa9006e0c9cdd9ceff87f62d703a,0.000000,jev-1.13.0
f6b9b8c6c3aac53d3f077c2738ddc4878d55f241,0.000000,jev-1.13.0
c79c4519b00ad70cadb7c665d411732f1ed0b354,0.000000,jev-1.13.0
e10109172f6bb5c6695c83633c6085d9c510c308,0.000000,jev-1.13.0
cbe65c2e6c8fe6f6f1a73eb9a02bb254e611b667,0.000000,jev-1.13.0
68fdd1621dfd4264007f64155a27e0f28618e880,0.000000,jev-1.13.0
646e6b5c9b1ee3136098a26f816467fdcbbcc0ae,0.000000,jev-1.13.0
b7498706332db44af328a62d889b0734de996c8d,0.000000,jev-1.13.0
d52e367434ac1ebde2eac95a82f4a7b3e55b6533,0.000000,jev-1.13.0
d705af4deeb28366befaf3990d44767e0140a5df,0.000000,jev-1.13.0
864f7f983d2c1af736cade7da4649221ab2a7f23,0.000000,jev-1.13.0
23fda6df19864120db6129e4a3b6eac2b2dcc4bf,0.000000,jev-1.13.0
8abe8996c54fefd48aebbd0150a908dcc4b47b8f,0.000000,jev-1.13.0
7bf7cedc137902cbaeed0e3a0b5180dcb572b08c,0.000000,jev-1.13.0
bf74ccf5fa1981f766797502db0e69d52ce1279a,0.000000,jev-1.13.0
4b5d4c4dc393de84b9efe4e62cca4478a7f72848,0.000000,jev-1.13.0
9167400b1bc514db37143cdea2ef1c50bd909783,0.000000,jev-1.13.0
0ce82e4e757ba79f5d7e0b6cd552d06eac2f69df,0.000000,jev-1.13.0
fe2708afe1c9a3fa442066d52690658763edb751,0.000000,jev-1.13.0
4ed77b8d7bd28020d9a170a3cb60fdadfc83c4fb,0.000000,jev-1.13.0
74310aec1fbe7d174af96064b0f5599f9d924bbb,0.000000,jev-1.13.0
dc2b2cf0614c99ee27b26205a4b4e76658639823,0.000000,jev-1.13.0
76c41f251f50ed49c5259cd641423439f5f09e57,0.000000,jev-1.13.0
6b3cabc347f40e0f98d73b46410331879eb28db1,0.000000,jev-1.13.0
3c2736389ec65765f8dffefd0d5c5acbc519a85a,0.000000,jev-1.13.0
7e36679b8a48d3ecfb004039d5ac7aa375c698ad,0.000000,jev-1.13.0
db8261432a0d44d37b28e9f88c65aa75d659a607,0.000000,jev-1.13.0
842e1b1fbe1298fc504171b77a1df589adc0466e,0.000000,jev-1.13.0
79f965dcb3e942d2b991ddf129819aa50da69741,0.000000,jev-1.13.0
40e5bf9c93f1c804f3bdab2b73eb52bccd5bb31b,0.000000,jev-1.13.0
49b1dffb93734bb23579dd25398967e998e17494,0.000000,jev-1.13.0
8ac3ca89293595472831179ef74312115b0b8b2c,0.000000,jev-1.13.0
ec264ea522459f78c0fc3774ecc3dbb9ec77a122,0.000000,jev-1.13.0
c2396a4b856445121d50c26d6e1f8079430d5fbb,0.000000,jev-1.13.0
654cb4432daa7c1a98866fb9bba6a4e008ead6bc,0.000000,jev-1.13.0
b6ff085fafba97c123189cd8de56f6788ff66153,0.000000,jev-1.13.0
d04204a21f08b34b4dfd80f00aa802d36bd9067e,0.000000,jev-1.13.0
dd54cc5a4f6040ed67dbf9d807f83da7f5aafd1b,0.000000,jev-1.13.0
52d110e761fe6a3b61cd6b77a082380d903bb362,0.000000,jev-1.13.0
6d418fd601def789684dbf7bb0540e036126c3bb,0.000000,jev-1.13.0
d113ac5b595a3bbae1c13d39465a9bde96d2b05e,0.000000,jev-1.13.0
b789c82f037cb50b63e2f129e9bb556d16e60e71,0.000000,jev-1.13.0
05b6f06de0d0a18bb80218fef570a5bff05d0143,0.000000,jev-1.13.0
9064f65f6cfb7f75854e6d7d51283d9ecdb7e508,0.000000,jev-1.13.0
f3b476de4c92e30565e4c981ef96e7dc0a1d8cda,0.000000,jev-1.13.0
71cb0ec1d5842ed9ea713b043f2d885558567893,0.000000,jev-1.13.0
a9279b5769c937775f1fccd196687680e9bd1c95,0.000000,jev-1.13.0
4261e418647acd04668eaac0efd3e995668e1815,0.000000,jev-1.13.0
f1fe7ee6c87c77d18fe41bc069eb774b1882f374,0.000000,jev-1.13.0
8b2e4db3539df53812c848eb4685c50190c5d66f,0.000000,jev-1.13.0
e44dca2bc0a4c1f30a863be470113491f485d37d,0.000000,jev-1.13.0
a44447e1b4a19c3639d56ed933b857611134c15d,0.000000,jev-1.13.0
73ff8aaa6c93fee56728643bd38dde8e507e45e5,0.000000,jev-1.13.0
738d7737db8cad5f087448cab74ec6d61488eccc,0.000000,jev-1.13.0
f0bda5b212dceaeaaef3defdbc6873c6e45f3fbc,0.000000,jev-1.13.0
1b9bcd6b00cddcdccc88378b7b5b3079ffd08bf0,0.000000,jev-1.13.0
f5318cd1f47b5b6febfa9edd03c790377a955558,0.000000,jev-1.13.0
f3c789d0ccd24a61f35210c1fad572a3714312aa,0.000000,jev-1.13.0
331e9553b740f8d8f95d8f0d27e98ea58d7ddd17,0.000000,jev-1.13.0
672eeacc4cdadb2d5c0f1391bf9cb73d5ab9eba6,0.000000,jev-1.13.0
dceb658d1d54a5dd9f084dd0388ea78fb3855731,0.000000,jev-1.13.0
6bb2839c5591a867be9f78250ca7176c57931334,0.000000,jev-1.13.0
839b690ed6d0c27dcd8fce03eeca89ab5c0851cf,0.000000,jev-1.13.0
5c2ffd64df81832481d90467e9306428ea716ade,0.000000,jev-1.13.0
a7a36ab851b2098f8011f4b07c1b4d62938b5317,0.000000,jev-1.13.0
9c543d1ad83a0276b0e5a9139fcfcfa9683c3729,0.000000,jev-1.13.0
d6fa8bdb84bdc91d406e990c44f9c938ea8e6cef,0.000000,jev-1.13.0
1508acfe5a10390a855aae5675514e547cd9d9fd,0.000000,jev-1.13.0
a31f4b8d25fb51082b1fef28126f3da7d97498ea,0.000000,jev-1.13.0
fdbe3e4986d8cf55c4d7d29d5580a8150e540bd2,0.000000,jev-1.13.0
7648588def5cd4e39442956e0c32a8648963f691,0.000000,jev-1.13.0
bf188af629a0325acca578fb27e563794e64b359,0.000000,jev-1.13.0
5f88e975897fc5e446e2b3ede001d26f3c2944f2,0.000000,jev-1.13.0
727fa6a504ac537fac241e9f0ae0b86e3bb4b7d6,0.000000,jev-1.13.0
e5017e4499c881588230d72d3f93d14075f15a74,0.000000,jev-1.13.0
3e73fa2c7c460dd69be4ed58761f49703fd82edf,0.000000,jev-1.13.0
cb7f984cac358b843e2f82b00156d2aa17218395,0.000000,jev-1.13.0
fdd388476b71c17de92a6622e9144e77dac4e2ed,0.000000,jev-1.13.0
5c1ce1c24dd867cb54be0c74e4b75f8105d3b743,0.000000,jev-1.13.0
fbbaec7c1d3bdcd69d9aa26539b1d6814f013f8d,0.000000,jev-1.13.0
12bae7a704d81cfae1146b7a0799cc191c819aa8,0.000000,jev-1.13.0
3f2fa7b2d5d83f9b6f39c04af2ad86ef5fc4f1c3,0.000000,jev-1.13.0
daf7adc616dd9c67f9cd44496833ba683e372080,0.000000,jev-1.13.0
b0fbea994b497ca41feffb368a700fe3d08debcd,0.000000,jev-1.13.0
18d699f8f00ace6b5c663d68e7aaf205bd827c86,0.000000,jev-1.13.0
4009ed6b96165e7d13c101a6e33edd4628f932f2,0.000000,jev-1.13.0
faacda159730155e25f1625b353932eb235a9cb6,0.000000,jev-1.13.0
d5e8433c53a3cf0bd26ea5abd5bbb9436f5872b0,0.000000,jev-1.13.0
ca985e61c900034208ab1667ffc9a5d37907f07a,0.000000,jev-1.13.0
8c5b9d9e8a96391e2f89be8413aae9d54a031612,0.000000,jev-1.13.0
95cec7da2e9f9849df23704553bfd8852a092ca7,0.000000,jev-1.13.0
a55010108c50879bc4dd8c272df994fcb4f7a208,0.000000,jev-1.13.0
9736936cf9138c55e32eee215a66d38ff30e8b43,0.000000,jev-1.13.0
8a9acce887e6746f3bcb2a42c33b388ba88a2f64,0.000000,jev-1.13.0
132343af2807b15ac20458afcd0b0bf9c9c45ad6,0.000000,jev-1.13.0
17780a0629cdfd9d51e88ebe971a1ea9f6e7d991,0.000000,jev-1.13.0
019887074bc49a29017ab47191fb3c7f31e3834e,0.000000,jev-1.13.0
731fba568d12426f8c201b5112e4824158107273,0.000000,jev-1.13.0
67c826ce34e5f94bd890ab63682ab3684c68aac7,0.000000,jev-1.13.0
2b3044c25f4b552cd121769d57909036d4b9489a,0.000000,jev-1.13.0
34a68ab8f9f144dad7a1f3e18da8f200f9d29e05,0.000000,jev-1.13.0
33693d380e489349179f79164aa6a2233a24ebec,0.000000,jev-1.13.0
5cd0b985ce2031edac4f148051308f5c3b8aa527,0.000000,jev-1.13.0
e218b48f21ccc538f0fb8de3d6f4104f3b9f9384,0.000000,jev-1.13.0
1a428b8d88cc127f061c3e29cd6465ef3f407a02,0.000000,jev-1.13.0
afb939639eec15cc7b8770ae01f76360a82e3296,0.000000,jev-1.13.0
62042d57b732bd5cbd954dc302e65a1b5ced7dec,0.000000,jev-1.13.0
a5478b17578f625969175d028420476a89d22a61,0.000000,jev-1.13.0
2059139da9500f323a2e718ece603ad9b6889fa6,0.000000,jev-1.13.0
bf0adffb00fc9b37590af88ad211f925b3ef9a2a,0.000000,jev-1.13.0
36374ec2e64df230262cb7a856666c3c3c853353,0.000000,jev-1.13.0
99a04921793a40b2732c707b4b883fde25632d4e,0.000000,jev-1.13.0
6487f5d65409f197fc66748e771a621d1284a6ab,0.000000,jev-1.13.0
02037ca2eebf5a8ab87bdfb1c009b781e7a66a98,0.000000,jev-1.13.0
588c2b6f90fec3540e79a01ee88980f62c3054b3,0.000000,jev-1.13.0
c7f67544692d6bf8905d14b1c27dd761a70ed059,0.000000,jev-1.13.0
1d56253ca80c18f704dfb1c6424a3acd7a6c3c66,0.000000,jev-1.13.0
0e680aa3df1e3a5d4c426ce4beb77ff1c6c9f0b4,0.000000,jev-1.13.0
5f820b2f1630358f7dab17cfee3e9135a1685b4a,0.000000,jev-1.13.0
e31884c83d76ae0448bfe025da492b3b90aaac70,0.000000,jev-1.13.0
3d680ec20babe978f9aa4fbf3d0c8d9b33f3538f,0.000000,jev-1.13.0
5c8e745fc68618e57374e5537e6e47c4dbdd11c9,0.000000,jev-1.13.0
648251c36a113df303ab5a10ed5d7e9dcb7710da,0.000000,jev-1.13.0
75f7fa83ab0b82245a18930ba6ca90cc092cfac6,0.000000,jev-1.13.0
c31e2b0145bc2f1fa3f361aa184a4e6f77807237,0.000000,jev-1.13.0
e28640123499dc58cfee4b5753a448a0eccf602e,0.000000,jev-1.13.0
105c2e9d010ee6bdb99a4f3bb6f05f39471d09d6,0.000000,jev-1.13.0
788a5e0d5a65cd3756d02181f6623404bd08dcb9,0.000000,jev-1.13.0
1324ab7c8e1350b4b4e0d2784a3d3f6e2b3f09cc,0.000000,jev-1.13.0
9b97c6d5a35d5cd523a2c12ff0faa64f4353ee48,0.000000,jev-1.13.0
2a5052c333becf97a0cb4970b712c365a0a5f749,0.000000,jev-1.13.0
6206027f5c595eb2b85394fcc947cea1396b468c,0.000000,jev-1.13.0
f4dd1bf2407a492063c29cda8442caf848277476,0.000000,jev-1.13.0
6f806797bd2a5a3e540da2a16763e10862ac2145,0.000000,jev-1.13.0
bc7765efa42874e7dba87836abe5f3af35fed7f3,0.000000,jev-1.13.0
9f7d85ddba4646288761c3b97f83c036e811104a,0.000000,jev-1.13.0
d063fefd595c67695faa41b32f370713ee092bec,0.000000,jev-1.13.0
aa3ebfe72d1aebab11b3115883ae94f02ad8c0b9,0.000000,jev-1.13.0
2cfab93c9af381a9874da9681d40cc2404b74109,0.000000,jev-1.13.0
d004b4ebd7ad660e1d76311fe0974275e9f9b7b8,0.000000,jev-1.13.0
ac536341741de6f70d02d1ec5877cc82065e11ee,0.000000,jev-1.13.0
c913bb3a1aa39c93e7fc2d6d85a535f1d11c22ed,0.000000,jev-1.13.0
afdf2d5994bb90f6915af9a71cbac4d43b69fcc5,0.000000,jev-1.13.0
3a73a344a46ae54e76133316788bc476ddebffb2,0.000000,jev-1.13.0
e4ddc00f4372779cce93616b7286e0979d2ce6b4,0.000000,jev-1.13.0
2a7a2a651ed92a77d62f2b9907c3e1444e372d38,0.000000,jev-1.13.0
1944db7c09f7e8ca59f54b3d66e14289a6b46d3b,0.000000,jev-1.13.0
93c867ddb9c0b41e6b1ebf2b80811beae03bdfda,0.000000,jev-1.13.0
a5cebc9c6f213eea86559bb7d29815fd35ea239e,0.000000,jev-1.13.0
c6d063748eeb8b5854bbb2352bbe72ef80123cf8,0.000000,jev-1.13.0
270c2cfad134afcebc9f3c7ae3db502ff5d413d9,0.000000,jev-1.13.0
d6194de909962807f2fd0ed53f5b579e921961fa,0.000000,jev-1.13.0
d442e1745beca2868508ca201243a5e9c789b510,0.000000,jev-1.13.0
2bb69b5f678caab77e4307b042d6a489819d9c7d,0.000000,jev-1.13.0
cab9264508e09945ad59cbb5e1fbf40c889a5ab5,0.000000,jev-1.13.0
2b5287216590a2351374cbc7b199251e800c7142,0.000000,jev-1.13.0
e80f2e151850a1c521ac83e3da7f9259766bfa9d,0.000000,jev-1.13.0
1db64175e8cc44bf422a74ab9a4aa8c6c4b262c0,0.000000,jev-1.13.0
82c5df54cef62f5cb17eb5d9a3964d646487283a,0.000000,jev-1.13.0
f39bfded1ba5dd40617b20f09e6b1263a21dff61,0.000000,jev-1.13.0
1a6ab0a3538068208025b5bd04456fc94ad3c22a,0.000000,jev-1.13.0
0dd709169d66cfc795bc657e5d835bf07cf74131,0.000000,jev-1.13.0
5e4f910730831b2404f37833b3f882ca4fb36619,0.000000,jev-1.13.0
6a15e09e6577caa2150c63ff09ba8ab65fad2caf,0.000000,jev-1.13.0
9ee261320d87b803f9a493947c9564ffd67f6fcf,0.000000,jev-1.13.0
5cd39a66ca3c7e475e33901ce05ef2b5ce49f2e0,0.000000,jev-1.13.0
bc503552f076847a25cf6410f1b9c0eb3ceb6ed1,0.000000,jev-1.13.0
b08cb4252e834507502991f888a16b712d8adb93,0.000000,jev-1.13.0
9dc4e5aed4dd46a7aa3cdc30e92e02da89b09ae2,0.000000,jev-1.13.0
481ac791984b60e6a793e6eeff921f030acb7b80,0.000000,jev-1.13.0
243fc850fca352986493d7aa677fbf7a45f3b964,0.000000,jev-1.13.0
4e0832e8a46414f81b7f53fadff7c7bd9d10ce25,0.000000,jev-1.13.0
9a172106c5f6cf2bd53c733e723b62e0f27eff8d,0.000000,jev-1.13.0
c748301ac89fa1d28dea161154f5f1b694847e33,0.000000,jev-1.13.0
9c5404be34271f0d1aa79a45728cacfc280f8038,0.000000,jev-1.13.0
b8eb4ae9170f158db016c78d9a07ceaeede5325a,0.000000,jev-1.13.0
63895101f3bf16cb53fb0bc4d7637145e641be46,0.000000,jev-1.13.0
d1b1f6dc626242944ed683ec1b3946bdd0c589ec,0.000000,jev-1.13.0
c58b86fbbe0dd0cfeb2a97406f6c56fc7161900d,0.000000,jev-1.13.0
bbba84d0c1532e6f8b823a8f8a2adb17c15ca3d8,0.000000,jev-1.13.0
7a7a4d04d1eb4bf8a1a3c5a68e6fdfb16e2ccb17,0.000000,jev-1.13.0
74cbbc4703c8f3690d8527d2b3a49866d73e4baa,0.000000,jev-1.13.0
98836fd8f84dbb8e500fa91e70af067a6dc4f6b3,0.000000,jev-1.13.0
3273132b542d698ff4feb6a9319317a4247d34fc,0.010000,jev-1.13.0
1b2f49c7b563c87fa17bc959ac051d07ecca75e7,0.000000,jev-1.13.0
6a4e1f4564352c906eb40ebecb941494fd1c4b7d,0.000000,jev-1.13.0
e92eea52a735f1fccfe8659a9afff4c451fed075,0.000000,jev-1.13.0
ad0866a6d2c926f3cf5b5f44fe69deaca551d918,0.000000,jev-1.13.0
c224f41793db4bb128e8bada94ec884642ef9187,0.000000,jev-1.13.0
8d1f2103eb5bf537d9643978d1477d19c1e2a588,0.000000,jev-1.13.0
806efa6e72454316340a0f5cc514716878e13412,0.000000,jev-1.13.0
26e29455ca316e9b0e4c2c560fc31798a36d3aa0,0.000000,jev-1.13.0
10eecdee073a1e92c473c93ceec24115b25bd4b8,0.000000,jev-1.13.0
b77b5c1a6b7cdce694fe6d5fd561d070413109ce,0.000000,jev-1.13.0
01fca1effb99bbbb37d406667e348869e85b51b2,0.000000,jev-1.13.0
8a7e658246d3e8d23c6e02d4b72041935dd96fa1,0.000000,jev-1.13.0
1aef5872653315067dff3511578531f7038a9e01,0.000000,jev-1.13.0
f7dd0deebf584b4af3c7dfb6aaeec5e41a6d7d3f,0.000000,jev-1.13.0
ae484bc5bed9bf40408ea3642c6a6f92f8fc9b57,0.000000,jev-1.13.0
b3a9c096cfe0a57dd909cd2179a02f96059719f5,0.000000,jev-1.13.0
826f66156f914295ba5d53efd315f086ef1cf7cc,0.000000,jev-1.13.0
daba9c3c62aa4b7769b3ad59d73213bbf5fa404e,0.000000,jev-1.13.0
a9d664a28ab7e40dbe0b8e457e879f742bb0a7ea,0.000000,jev-1.13.0
18334106941201467b386ebe4d7962a47c7d3b63,0.000000,jev-1.13.0
024a7bb1628a457c5b035aaf0b9954d1f8090450,0.000000,jev-1.13.0
3bc9a04e719dd61360f703dbeca8b1e6afe5caa9,0.000000,jev-1.13.0
37ac187af684078ad114019b9130f3f24c054923,0.000000,jev-1.13.0
f87957f2e0e3b80621eea0f4413f2ebab9845fed,0.000000,jev-1.13.0
d1cdaf8e0174269a30b6b5960f1fc0590fc3eca5,0.000000,jev-1.13.0
fd805b198b0e71247dc9a698b280ea975952192f,0.000000,jev-1.13.0
0c06191f69220dcc8d938601d30c0629feede0cb,0.000000,jev-1.13.0
046cee9624e800ad46e60ab34e2a74289fec4b0a,0.000000,jev-1.13.0
e7f92d4b6e9389609d2824200b860c564122e126,0.000000,jev-1.13.0
9820e6d74b3fcfb7b41db0e182af3c5074155f1a,0.000000,jev-1.13.0
440ad66eae8a237c2340e8df21aaf493b0b43694,0.000000,jev-1.13.0
15ceb688733d371bd1d9ec0ed55cd1ea2154e83c,0.000000,jev-1.13.0
7c0bcfac0d51f792764c272589d1569c7aba56e2,0.000000,jev-1.13.0
2baad1109c4f3fda6032f73a48f68043989a37bd,0.000000,jev-1.13.0
72e794419b8dde44a1dbca28588925560e888e0a,0.000000,jev-1.13.0
f254d6a7ec4ca9d931a807c5d43a2dfa9ec89809,0.000000,jev-1.13.0
595ff7a007195d8e05e9fa1936fabee690258052,0.000000,jev-1.13.0
907b9752c3cd35049182019f10b93b44aad70a96,0.000000,jev-1.13.0
c06533e1ecccdf7b8b9609aa3f22aa074f002c60,0.000000,jev-1.13.0
e2d212b8b7ba641c206942c61f62c233e8bb9b86,0.000000,jev-1.13.0
600bfbabf486f04e84f23b455bbc8bb9b4a743ae,0.000000,jev-1.13.0
7ca139b76a148a60158bc12be3faf0d9a504c3a8,0.000000,jev-1.13.0
f50f45fda762a6c6f0ee14c37e42e59185b10c84,0.000000,jev-1.13.0
f586dfe3b928640e253e30d8526ba8e01dbbf4ab,0.000000,jev-1.13.0
ac445b8ccd0ee6b4f53a572405b33b210469d3fd,0.000000,jev-1.13.0
cbf667340cf4af798aa3b72bff2ad3f4f5b4d6c7,0.000000,jev-1.13.0
2fa576b2883a4d5223b67a13f4beb1cba9cefcc0,0.000000,jev-1.13.0
91f29c0040ad7389fa27f180ea8315ea45764431,0.000000,jev-1.13.0
e0ce905520d4bcca1cf7bb53ccfcc710aa510850,0.000000,jev-1.13.0
10a5c4d43d87cc235d9256dde8ffdc418b3b1713,0.000000,jev-1.13.0
9d09fbd6f4c7f88a1db39bd513212efd30e03c0d,0.000000,jev-1.13.0
447b4daafa8f7b9d1e3af3cd78f39322c3f718fb,0.000000,jev-1.13.0
bb545adc21383290dda4106f836995178729697a,0.000000,jev-1.13.0
e305825dde5e5f6fa8f3a17f45580aec364c00d3,0.000000,jev-1.13.0
40dce29be148f00d7a6d32f5bac6030175f6d7ad,0.000000,jev-1.13.0
0a8c026db6d6768da56b199bce4e4bc10f1f423f,0.000000,jev-1.13.0
5f6ee78d3114dd792611c70e5ac4b154b5804103,0.000000,jev-1.13.0
aeee5704ec69e5d666cafab3af2003c7f10dfca0,0.000000,jev-1.13.0
013513d2032840469c839d293e1d99e0d7d8d6dd,0.000000,jev-1.13.0
9b3d67e32b7225fcfbd76224ac0d7f7717fe364d,0.000000,jev-1.13.0
296e4f106e6be24473553ff96c6ad8d0552951af,0.000000,jev-1.13.0
e706b9e3ff12e4b6f6c8822d28309a6131479e8c,0.000000,jev-1.13.0
a468bb516194c36bcc05e81f29772c4a83f9e845,0.000000,jev-1.13.0
3a941fdcc64c21e60e033d485c33f20cba415579,0.000000,jev-1.13.0
3c8b28f223c0da18d946eaf95315f8f92c490db0,0.000000,jev-1.13.0
5b03f537118b0cb32f1d45fc185c40566c0536dd,0.000000,jev-1.13.0
c8c92e2996d2a1d27c32b5d198824ea3fefc73bd,0.000000,jev-1.13.0
d9f2c09ac8b187f3cec4c4b5d28e56861088a197,0.000000,jev-1.13.0
9886921fb2dda972b769bd7242e93a8e9bfb019b,0.000000,jev-1.13.0
a18037dab122511ccb1e278c2741c44f9f312954,0.000000,jev-1.13.0
a497d43fe9750a488e3cb950370e30906cb1fc39,0.000000,jev-1.13.0
337bb382eeae17cd91182865b60f31427332537b,0.000000,jev-1.13.0
238a08dd0e3d865a0534877ee05187a8905f3ec3,0.000000,jev-1.13.0
88222d4e65c0007db1b51642b81d2d671b1d858d,0.000000,jev-1.13.0
d74b8f687fcb49b39274285911bc81742401adb4,0.000000,jev-1.13.0
97ace1f6009e0cdc65f86dd049fe3483a85d087b,0.000000,jev-1.13.0
406e42b8dba1dbb2d16317bc67c0f0b6a27f831d,0.000000,jev-1.13.0
64745aa9de506336c71ed277382a37d98e37365c,0.000000,jev-1.13.0
782274c942d3c280c76423b0122261055d56c4f4,0.000000,jev-1.13.0
b841cbee98b17ec61a5ebcac6781b71a69674cec,0.000000,jev-1.13.0
6e270dc0a6908294383e61c5a3dbdc2773e6999e,0.000000,jev-1.13.0
9170c530479fbbf00e39cc3d998db938e42fad84,0.000000,jev-1.13.0
cf7708bee28812eeba383df72602d14c3c9f941e,0.000000,jev-1.13.0
0312c5f0891ce59484aad089362ddd152324e36d,0.000000,jev-1.13.0
03a86e37c2c6ed5a4b27fef515f3131682496865,0.000000,jev-1.13.0
da88f1800312a51819791ed7dbc66c0dd709372d,0.000000,jev-1.13.0
93c244f6b5887c20633a0eea33ca5a0551d6c50a,0.000000,jev-1.13.0
127c50109add2b69d7935279f93413ca2cfb311b,0.000000,jev-1.13.0
67b669c62eefeb3632a3943ad7da7e3ffc036238,0.000000,jev-1.13.0
26d3282e07a80779d913fc71c0c08916a6674748,0.000000,jev-1.13.0
3390609f5dc0d03b4d16f3eb991d1785c95f737a,0.000000,jev-1.13.0
382fdc1467f40b9ac211d4881aef3804ad83751b,0.000000,jev-1.13.0
20c791babb98911279f2a53b4e6302b7271ba5ef,0.000000,jev-1.13.0
f56ade50c94d985c7e15158cfe59f4d841a07ca7,0.000000,jev-1.13.0
fb1b810da9e97702ba295243eca2d5bdac9fe019,0.000000,jev-1.13.0
c07be1177d9193e16f913125ca946c608dda7b17,0.000000,jev-1.13.0
cb990e47d419e35659a0ce7f1bfc9c476a6f8695,0.000000,jev-1.13.0
85b80437d8c272874e64accc57d1f62033ddf676,0.000000,jev-1.13.0
d7a060a421ce04e1100eef9cd0e7786a97cdb418,0.000000,jev-1.13.0
0b49a7267b8c49e4a10129c41f574b0e8c6315ab,0.000000,jev-1.13.0
80aa5f37536bf4ef0c309b40e4508cf2acf2e621,0.000000,jev-1.13.0
b737cd11d7b8cb2240a12edf08d1b007d7d0ca4f,0.000000,jev-1.13.0
7fbb268ce84bd69b66cd15712c71202e84608e2c,0.000000,jev-1.13.0
3581272ef175060266832580a7efd8b770a6243f,0.000000,jev-1.13.0
33c16257d05f89c5cde1efcd362d4bf3da5c2f1d,0.000000,jev-1.13.0
2d4091944d5df0c6688a486cf075d2cdce66571a,0.010000,jev-1.13.0
a8989cf72fa7f62215be096d3e2ff24f9ca82451,0.000000,jev-1.13.0
d5f1992c8d9171fb60461f5266db0f6554b96c77,0.180000,jev-1.13.0
c0e15676c029a4384f2ea166f0419ef82ed8e2fc,0.000000,jev-1.13.0
44668df97ae400426aa609d63b49eb423a1ec7de,0.000000,jev-1.13.0
8b7faf1e27c48f1765429bba307521828f9bb35a,0.000000,jev-1.13.0
9464693db04ce4dab62034665b23537659f91f61,0.000000,jev-1.13.0
2c1c61a127b7e13a0eb4d92fb065769ea88d2c52,0.000000,jev-1.13.0
4a489555c5061aee3b298f5795cfd5aec2bf382b,0.000000,jev-1.13.0
4a67935cc764f80d9733349f291539bc7b9d98ee,0.000000,jev-1.13.0
16c767565cffc53a341a9635d7c52ad62b2880c3,0.000000,jev-1.13.0
fda04a7d260bdf0a6732006f189bf16f4dda2c0c,0.010000,jev-1.13.0
cf7013af6ebb58cd496285e5d4069e71ad184461,0.000000,jev-1.13.0
487d42ffc190ee63008a3049e74acde6df0891f2,0.010000,jev-1.13.0
83461bbdbe186ade97c4591c1b9fa26d51b827ba,0.970000,jev-1.13.0
2562b9c5e22dff0cf9a38ad8a89f8fd68d2dd965,0.000000,jev-1.13.0
07a47832c28a498bd537ef677ed723a489152290,0.000000,jev-1.13.0
090e11766917a2c91476d6e28b7ba2f8dedfdca8,1.000000,jev-1.13.0
308163a87b45426582d2ea9520259807b4b1b7eb,1.000000,jev-1.13.0
ccd71ac7a4829bd403f404025c0b82d89ced6a85,0.000000,jev-1.13.0
30000490d075e1612b1b50e5a4ef99109975df50,0.000000,jev-1.13.0
9553a7912e24398a40f6524d3460f297efab19b5,0.000000,jev-1.13.0
a14bf807b8b4c6ff22136e26afa1d02a6a5f35f2,0.000000,jev-1.13.0
8496a79064453b095b79a33aeaf8bf91f339a432,0.000000,jev-1.13.0
c074ba72d54750044a12067bfc85299d8ba466f6,0.000000,jev-1.13.0
d3d04b7f3865ec2bd29bdeeef41c0f7b112bd244,0.470000,jev-1.13.0
1199bf37e3be47cb46a8e8849d0f4dbcc3953773,0.000000,jev-1.13.0
c4177072b0cd3e9c98b413a37a292f9b16d2ff9d,0.000000,jev-1.13.0
bdefc07590c9f987d587d0a26123be1c2acf6687,0.000000,jev-1.13.0
b95ecd444626249cf4a82f846dfe753691edeb2e,0.000000,jev-1.13.0
291e7fb5d5a0c2cd2a7f268c57086124e0937554,0.050000,jev-1.13.0
f62894805162902eb568db0dd93df4d597d60af1,0.000000,jev-1.13.0
12cd5e18f805bf4a0bed3a45f9848f8f8f5da49a,0.000000,jev-1.13.0
fd0c084e1165698761e21ebddf766863ac3f8ded,0.000000,jev-1.13.0
ad78334f79993ad9f1c36bd3fc1257538e4d955b,0.000000,jev-1.13.0
fb761bdfeb63ff3b03e693b974c1eb83e0db46ab,0.000000,jev-1.13.0
d49387a2c9dc22b162d0b1dd969690dc297b6cab,0.000000,jev-1.13.0
3c84fc84e11547fc146a70603b13f6b41a44ad72,0.000000,jev-1.13.0
d9cb93d2bbb67b769cfddca9514b89db1b88d8b3,0.000000,jev-1.13.0
bf8478ff3bd86c9411d1211faa79d518dcc29222,0.000000,jev-1.13.0
5d47a557128d34960970812f06f7c68693430672,0.000000,jev-1.13.0
2b08e9042d3d298a8f40f9d53de0a713f5e8e1e6,0.000000,jev-1.13.0
5e075edc6313544cec8066b057a7b1cc107e9b17,0.000000,jev-1.13.0
99857d293a85502a63537fefad2bd7e42a82e8c6,0.000000,jev-1.13.0
05e85ce3f316ba13ce09b7d6b23a46bd62101782,0.000000,jev-1.13.0
2af4fa9cf38d57cf4f463e9efc09b2e860b7f748,0.270000,jev-1.13.0
79c9b5ea8107f739e671b04157a87186de1d4411,0.070000,jev-1.13.0
3e8cbeb4876e7aa0b6f80171945699075487799b,0.000000,jev-1.13.0
cb1f6d1f8444e809970b1d84ee7623b56e2bac03,0.000000,jev-1.13.0
2767886d97c33a38183444ca4c0fcccc36806d9b,0.010000,jev-1.13.0
7f75dafd75d3a3ae800ac503339dfd4e74a6db04,0.010000,jev-1.13.0
7dfec0f71f39b99ba495577c1cdfd8a059d9e7e5,0.000000,jev-1.13.0
72eaad21f599b8f6d58fed6740408a8073b7acab,0.000000,jev-1.13.0
c9a1e3562a8fcde13c4440325d132cfd65ada7e5,0.000000,jev-1.13.0
accc55a36baa58ed1ac0374d569720bec2e293ae,0.000000,jev-1.13.0
961b12706cbf5e1a029347a44d62f814b5514ed5,0.000000,jev-1.13.0
10e0468485d4387a5c9d4c1a9a2c2c0f95a903da,0.000000,jev-1.13.0
a9c16481cefcab6125effb94069fb87a633b3975,0.000000,jev-1.13.0
8cbd15902283e6fd52126b7e668b67b6bab10b0d,0.000000,jev-1.13.0
85485403eee40fe69a838cc7dc9335d11de72b2b,0.020000,jev-1.13.0
d4b7e617f6dffcabf427ee28867ddc491f26b785,0.000000,jev-1.13.0
73fad9a40f7c72e545bfdecdc5cdc79a29e45450,0.000000,jev-1.13.0
6c0a84316a255c17e136b1b04de0d14f72a3ba22,0.000000,jev-1.13.0
c35c081fb02b9ae26bd3484cf3ce650c23100253,0.000000,jev-1.13.0
4a6a71b24137c51f4865330ec7491a045fb786a5,0.000000,jev-1.13.0
8eb9c00e63de03893981dccf16be0ad578d30b1f,0.000000,jev-1.13.0
1e9ea81dc03c04fca53e81a44ef11369b8511087,0.000000,jev-1.13.0
f6739078c169f22564bff24102556d864b690503,0.000000,jev-1.13.0
e83240b8ae1bb7690e266afcd02ad00fb407dfc3,0.000000,jev-1.13.0
7dfe7c6f898b7e92a162b44d00086f9f01bbdd23,0.000000,jev-1.13.0
ebf5e41140326e20ebd023bd09c13a707d6758e7,0.000000,jev-1.13.0
1b9985fbc7d64f4d98fd132d0c05c67ab9cd0ea8,0.000000,jev-1.13.0
75ef6f45377cd3884b6dc159fa59ded3b57a1596,0.990000,jev-1.13.0
2a7a55d692407a12ff7ce814a30eb7c8e7b36a97,0.020000,jev-1.13.0
f8dc8c7daf373d15416d67ef7bddda00911670cf,0.000000,jev-1.13.0
94f5e21ec6b25a44e3c19eda653827071591e111,0.000000,jev-1.13.0
1caa69148fc8982288495c91ac052cec07da2138,0.000000,jev-1.13.0
85c7ab39132e150d460681264c8c43966bd563d0,0.010000,jev-1.13.0
cb95d3f13e71fb0fa9d1cb59dd52abd3f47d29b0,0.000000,jev-1.13.0
899429e2e2eb059a25b162678822ed64b27cae39,0.510000,jev-1.13.0
097fd9a9ab0e4f6160b36343f7c2335e92bcc9c1,0.220000,jev-1.13.0
577711bc3349cdc0260d01f22934767304b43661,0.000000,jev-1.13.0
39fedb7ef479612e61cbdaa94146d113b4af4ce1,0.000000,jev-1.13.0
390e59f344a181c0d4053cdec43a9241206d40b4,0.000000,jev-1.13.0
db139d856c8393365780a26510deafa884b56ef2,0.000000,jev-1.13.0
ec173b419c56c2cdb4b69c149687b80d772ac06d,0.000000,jev-1.13.0
5b637a6e0a4ce134201bbda1ea60c4e23a55e22a,0.000000,jev-1.13.0
696d9951a9504076b0e8234ff768b16c14251937,0.000000,jev-1.13.0
0b30c6954963e3a280c3568d568b89591020544e,0.000000,jev-1.13.0
f8a5b8ce50998f9531b7ca68b32167c1251e12e9,0.000000,jev-1.13.0
e4c24730df956dcb06a27e54cba9e72dd374c213,0.000000,jev-1.13.0
bcca3f18a5b8289bdf238e76a00245fe55e2034e,0.560000,jev-1.13.0
6a67fce2ddcbb90583238043adfda0d9668f2c99,0.750000,jev-1.13.0
7411d77ad9f48db0efb0046e2ff6e325ceead6d1,0.000000,jev-1.13.0
d8c761d65f75662f41788007bd7c7cd05977edfc,0.000000,jev-1.13.0
32095a1e5fbfe0c9df13cba2225a84884e5c6a20,0.010000,jev-1.13.0
df9695bddb56ab647e76b989766a523a25d24695,0.000000,jev-1.13.0
f6d17fded1dae5ea7db589143ac8c02dd9ba451b,0.000000,jev-1.13.0
1fdf9df40d63d604adecf02ce60643d28b867608,0.000000,jev-1.13.0
4827c7657b7f8eb67e204a582b155103083ab9e2,0.000000,jev-1.13.0
8605e928e543ab9786a48e5a003b7d8f57df0ae8,0.010000,jev-1.13.0
010691745dec2e78086feba5c1f8ae8f09af4c1f,0.330000,jev-1.13.0
f0d4b365a2fbd8ee98ab21f7bd8c91801c1be382,0.000000,jev-1.13.0
5b61f85ad21ff205e3190b7785515a4d511dd62d,0.000000,jev-1.13.0
5f97d62610854e4e8839e2f00e6870ccdac34101,0.000000,jev-1.13.0
7030499a3eb7e7c336e7c1aa59ee8370d70357df,0.000000,jev-1.13.0
2bb8430f744dbd862505060ae06f3d84b88de0ef,0.000000,jev-1.13.0
1298feb9d61e21b0c88444a5a9c7cc3e502b6c92,0.100000,jev-1.13.0
809bc38666bc5a726e249b9dffb6bb5e2631fef8,0.000000,jev-1.13.0
6e0df3e11f187523a6ee378ab681c38992d20fe3,0.000000,jev-1.13.0
69e69d18acad394f020f0c831e14f0accb93a0d0,0.000000,jev-1.13.0
35f81f678f5cbd027eebccdcbc53692ab8699763,0.020000,jev-1.13.0
76bd706d48589a20cab16db8159aa91d9518e6f8,0.000000,jev-1.13.0
9a671dcb59f7b3cff8af013bd1cfb407615810e4,0.000000,jev-1.13.0
cd5dd9852d508f96c3d0ea5321d3658002738fc9,0.040000,jev-1.13.0
6995d7c6bb6571b3e4737105bf372d36e38d018c,0.000000,jev-1.13.0
ac97de786675be93c1e043d9f6e5f35a17ae13de,0.140000,jev-1.13.0
1125c5e7ab76d48eda5809236f87990042337175,0.000000,jev-1.13.0
845ad82be3836d910fe520fdd7b691fc1ac4d046,0.000000,jev-1.13.0
8e7e7f87e7c89e873c7afbb5de4ac040fdad9678,0.000000,jev-1.13.0
ff340837550e0c6b1f42cbd7e8edf73820ba2daa,0.000000,jev-1.13.0
67b2df9f0140a94b0de876ef6960ed47f178ced5,0.010000,jev-1.13.0
9dc51647d24cf45d07b9a96b90018e5f546af9a9,0.010000,jev-1.13.0
873a5d73b2a1d7dbe4304978a71f0bd1c17e9f90,0.630000,jev-1.13.0
ea3de6a0538dd735fc4caa8dd305387de2800adc,0.000000,jev-1.13.0
30cfb07c1ab9b324fcf7b05fd4632e1b09d2945b,0.000000,jev-1.13.0
8b94b094e451c28e2e4ee01f6e89a556428f895b,0.040000,jev-1.13.0
35bba72ca95cf2c60fe01094b5c9977985f66f89,0.000000,jev-1.13.0
563ca44e383f697cf41c0e1d387fbcdf83e2c60e,0.560000,jev-1.13.0
dc0da2b7e41be19c294f15d9d0f49d509dd9c9a8,0.390000,jev-1.13.0
0019f57c7be8f348534740c6016dfd4a44b0acd0,0.000000,jev-1.13.0
9c3610ef0cac84233656af51df69e554991f81b0,0.000000,jev-1.13.0
484afc0b806f989cc67de75ef20070dcaffda018,0.000000,jev-1.13.0
e6f2ae75dbdbbbf7c9d170890725b8110e861956,0.000000,jev-1.13.0
4e2589fad789b98aa0054c920dc392506ee66e3c,0.000000,jev-1.13.0
0229a4c915d5d6c3d00997f0a852bb6245121efd,0.000000,jev-1.13.0
fe99abb09c722f3df9d3da4d93d409ac0c69e61f,0.000000,jev-1.13.0
d0d4ab64f9eb36eab065ff2bce27b026b0f93f6e,0.000000,jev-1.13.0
24fd1543aafbe3cb69611ecb070d8beee7b08fc0,0.000000,jev-1.13.0
5226e4fecb794df3358844b9c87ca753e648dd3e,0.000000,jev-1.13.0
f98fadc711dbe871a2be95b155dba91bf2548911,0.000000,jev-1.13.0
3f3db7d8c8f8cdd99a0cbaa94e2941bec7630946,0.000000,jev-1.13.0
ed3ef8fc56cd4e848f693097e28169e4b47773e6,0.270000,jev-1.13.0
cd4a2da65cd88d6a9a5911f33453f9672cca905f,0.000000,jev-1.13.0
35a65143bc2c10d3160c9833a8d82cc6b12de7e7,0.000000,jev-1.13.0
bbe819cdc35cc02d416877c20a6a9c94febb459d,0.000000,jev-1.13.0
4fb09e2c2dda4e2c29e6201d37fc699f4a88d8d8,0.870000,jev-1.13.0
3fa4345b56fb02febf2ba89bfabf142319d735f9,0.000000,jev-1.13.0
537c24d089cb1d0a7bdbe67f18777351c833802a,0.000000,jev-1.13.0
1e48aa20bdbaaa514b976e5c796c998043dbf089,0.000000,jev-1.13.0
5bf868021de5d91d7d93335c02217eda6c2e71af,0.000000,jev-1.13.0
da87e0b25100191091eb6699735da47f585b9be4,0.000000,jev-1.13.0
9d35109b86ce6096b13d6dec9e59e983b5f6ae81,0.000000,jev-1.13.0
f36df62bfcc4abbef2dfd57c6f3c38419196adf4,0.000000,jev-1.13.0
9ae055401c5006ba06e9415a5517beca54b01513,0.000000,jev-1.13.0
9f2b1ef86fb91cbf53baaa6e3b85f07d05ee8554,0.010000,jev-1.13.0
4c5a7c269a4fcd1cf97f40aead079e6b7c5ee763,0.400000,jev-1.13.0
144b37c2acbb67da21ee30454733c79c9ff613f6,0.000000,jev-1.13.0
94af57224d6bd609de287163a9adacb0202a87e9,0.010000,jev-1.13.0
964fc7c4a7d191dcc0ab42dbf4e1863225b4b230,0.000000,jev-1.13.0
03010a7a4b6a9c3f7662bf3a577fdabef5da5902,0.000000,jev-1.13.0
e42f59d3da29140c783a74e319127b399a9cd93b,0.000000,jev-1.13.0
8c7cf63081e70a66385bf514fc3401da3cdc568a,0.000000,jev-1.13.0
73c2d71b25b974cf168cef6ad193bbd0b4cd0ac7,0.000000,jev-1.13.0
030dbd954b9d5e774e63f7ef4a1ac5c0c7083c60,0.020000,jev-1.13.0
36ba15fe80afd70d2d62f3b12f8b3d35e1975cb6,0.000000,jev-1.13.0
b81871f4bdac9f9600ff8c3cde3acf4a28916255,0.000000,jev-1.13.0
886c4b0458e8f38b1fa89d3a75300f93e96da120,0.000000,jev-1.13.0
b36f3bab8a7b9b2c6c316203d060d5bf173eb07b,0.000000,jev-1.13.0
6012fb1aaf5532d5c6f46a9b225b3da3cbebd11f,0.000000,jev-1.13.0
dffe10b0967ec8cb2f182dab67cc4da17bae44ab,0.250000,jev-1.13.0
68e6f845b8dcadb5da5f0f159882ed7bddd49695,0.050000,jev-1.13.0
3b53b4f38075d5ea3df6f04df2a1d60ba0cf5a63,0.000000,jev-1.13.0
58f321ab30e1856f8df39dfd757b0ac17133bbe5,0.010000,jev-1.13.0
09e55621f1443fc5bd18835fe28347513ff9452e,0.000000,jev-1.13.0
76e9028ad67cf0966a7b267ad08269979e72b8cd,0.000000,jev-1.13.0
e6e7090de16fe1155b38d0c1963ab2c82764ea29,0.000000,jev-1.13.0
132502aa126fc12f9ff2866c78d3dde4db922a33,0.000000,jev-1.13.0
5958e2973175ab5c8b886e89004b9cf2fa06a06b,0.000000,jev-1.13.0
f93a9bd2f4fbafb8dddb0b6be74a8f36851893f6,0.000000,jev-1.13.0
ca6f645ad23ab613f8dae2200070c51a1eb862c7,0.000000,jev-1.13.0
8b92d6f30ea36e3ff3da6119b76de4817d56e0cc,0.000000,jev-1.13.0
9918683e3853a4d064286db62fa513b26b0a6923,0.000000,jev-1.13.0
a5ab5b4cc083b45bc7005ce211bd1112d333e1b5,0.000000,jev-1.13.0
c1a6b742d568cba3a12c8bf4d005f7f9015ff686,0.000000,jev-1.13.0
f65acaafe2941c57df1f34254dfd3042fd0a60dd,0.000000,jev-1.13.0
d445ad5ab6d6d76ac1983781ff16ee4e8df4bb0b,0.040000,jev-1.13.0
b1e39e123779f4f989ab0dcb46544f6ec01135e9,0.000000,jev-1.13.0
df9bfe0fb10d480f32c78a299628c23bfcd0131d,0.000000,jev-1.13.0
0c1ba1221a0c8187677729bb4986cf8c4689507d,0.010000,jev-1.13.0
a539f2645a0803e5f9fe58102671c740da322c4d,0.050000,jev-1.13.0
5769f8bcc78281f9178d0c59f20b02422fdd0542,0.000000,jev-1.13.0
91d01ba44bddbe6da0d7c04199c94df22c624283,0.000000,jev-1.13.0
6c3a450e00d9bab0eae9b7c4e1a37b65b141675a,0.000000,jev-1.13.0
7a71e22b7ca818dd2cc3420e0362cef3a36884de,0.000000,jev-1.13.0
b57aef9a8f66d0f6aa0eb6907c43ef757e8fdcdc,0.000000,jev-1.13.0
883d10d01703b71df43f0d54dfd4ab0c601b566e,0.000000,jev-1.13.0
52b19c8f3480069dc816442fd7b81ed11265130b,0.000000,jev-1.13.0
5dffeef76ef36f0257cc49e87e537f5a8db49070,0.000000,jev-1.13.0
3d8048d55de11c76666bfb6d175c306e1378fbbc,0.000000,jev-1.13.0
6ee567fd6ec11800b4d69ffd2d4131ac3ccaf5f4,0.000000,jev-1.13.0
346d64e86ba8c82e383e03061e6fbdb65bb9ec25,0.000000,jev-1.13.0
cbd8ca019889bb041f1e95060aed71e86a55ea92,0.000000,jev-1.13.0
729185035480e6c77ee612582716cf653eb40499,0.000000,jev-1.13.0
817d4c11a64031ea87b16271b1fa1a9a064b4eca,0.010000,jev-1.13.0
697644b019df8b7ca4bc2d3a20343b80e9006470,0.000000,jev-1.13.0
da629fe376c4b6a2353c2ddca16a51f25b72e823,0.000000,jev-1.13.0
7cddbdf7ba5fc1bc054139b486c58688d890245a,0.000000,jev-1.13.0
f8cd3b239e1ef6c20d620e7dc966962681b89f19,0.000000,jev-1.13.0
de9ca473aad9f4d6f7f35c8f53635b8c775e2479,0.040000,jev-1.13.0
a05bd7a4a4de6e6d2effed7fc717467c4bf14040,0.000000,jev-1.13.0
734f9841b623d89f33b44ce07d6fb13d237917cb,0.050000,jev-1.13.0
5e5cd210bb5e0349d24f852a9aaffb8265669230,0.030000,jev-1.13.0
8d63b097444e14c44cab32c0af0ee6fb615730e3,0.020000,jev-1.13.0
592e37bb042c0d82d6aae50af0f702827a17be31,0.000000,jev-1.13.0
3855db8f6a7ca8177159fe3cc08490f1697b9605,0.020000,jev-1.13.0
6f542b53f30ecc0488cf6e786248a181f0439316,0.010000,jev-1.13.0
ec0ba53607e7aabdb4fcc0566c801bdad150463a,0.000000,jev-1.13.0
46e02706bea69cff00beb18a2c53a74bea74ab11,0.000000,jev-1.13.0
87c4fa855218d8628aa383eb777c616d2d9b841d,0.000000,jev-1.13.0
5dd3abeccb080c1c6e005041b462ee229ce2c890,0.000000,jev-1.13.0
e4e3dcbfd866a5aa0bc2d622b6c3b6b448d35899,0.020000,jev-1.13.0
96ec8b44b1f187d57608e26361b3988e9e523f3d,0.000000,jev-1.13.0
7352e40020a8e0730315e4d06492852c4e76c27c,0.010000,jev-1.13.0
316351041d634cc3e931410fb5da17cb6c56ae4d,0.010000,jev-1.13.0
5f8b8fef6bd5af33b5e0f08a535efa7bef2b457e,0.010000,jev-1.13.0
2125821d5736ebf5defe2d1656c0bebfb2fb86b5,0.000000,jev-1.13.0
43cc0abd766e881be99658264882d07a7418bc68,0.000000,jev-1.13.0
cd1cf546d66bb7e6845c4131934781da30b007b3,0.010000,jev-1.13.0
3800e2ecdfc50516acfbcd9fb0c5cdaaf4dbc7a0,0.000000,jev-1.13.0
1a138df7b5dd2e3d98abb76276c37cc58187a977,0.000000,jev-1.13.0
ca3370b6b1add170e5013571820d37469aab2892,0.000000,jev-1.13.0
7f432cf7b3d1b9dfc35e4bbac565b3f2f6ddc4b9,0.010000,jev-1.13.0
2dc72c2a2e8054e6cf14759fb76c736d440a2596,0.010000,jev-1.13.0
83c22b5b124c7767423d15ae90114b6aee5186dd,0.000000,jev-1.13.0
b62747fff4862c95d02e69b8b51d953c33689f99,0.030000,jev-1.13.0
b1021bb37a32999aaf0e0ae1587da2dd08e416da,0.390000,jev-1.13.0
c12f839ba71b58ce3b2568a237da4471af887340,0.010000,jev-1.13.0
90fd183326364e03dfc1bc61c876e99af5876d19,0.000000,jev-1.13.0
ef9dc149a1bb5ed696187f77891019ba54319920,0.060000,jev-1.13.0
6c6fcf5fd420dd32edd84018e58193750ecb8f5d,0.020000,jev-1.13.0
14627c6d7809cdc0dc161ca5f8c0cc920add705a,0.000000,jev-1.13.0
ef3d4be364c74e90986320854c1bdd117a368287,0.020000,jev-1.13.0
e9a796017a95a49bb643d65c04b59267ab9cb3a8,0.040000,jev-1.13.0
57417129c4f68412e89a5015225aec1e7d3f2a2b,0.010000,jev-1.13.0
b9cc0d0860b34fbb0e004075a5bdb900a3729f2c,0.000000,jev-1.13.0
107184b9194f09f88745e19adc4e2d97d4c07ca7,1.000000,jev-1.13.0
e81b3121b42fa2ececf6b23915c8fe6faca409e1,1.000000,jev-1.13.0
c4719e59aeb4f26b3b019c7914cc83f75c905a47,1.000000,jev-1.13.0
abcf959c49d2cdc9dc9ff064ac30955eeead6afc,1.000000,jev-1.13.0
8d22abd706e18a95d1dfabaa5310bfddf47f964f,0.020000,jev-1.13.0
dbe11bd1ac6295d034e9d041e6c2eddb1ca5d600,0.010000,jev-1.13.0
29cd169115be4a436ca0406a1033bef5533e222d,0.000000,jev-1.13.0
f8d7141f13d4c13980d30f5be69d014edc72ccdb,0.000000,jev-1.13.0
ade43a62c25dd8aa0feccd60507d596e8115fa8f,0.000000,jev-1.13.0
a8fac4684e8caeaf53fe8d0e87b49dc1ba083104,0.010000,jev-1.13.0
133544ff7931d0c7c460380f21d83d7116946ef9,0.020000,jev-1.13.0
17f2756d780c22751358927c0d7d96bb9b7b5609,0.000000,jev-1.13.0
f04d9fdbe213cb5bc09a8c327cba40bb2c4a474e,0.000000,jev-1.13.0
c93fe522d808e24e279b22df46c7d1e7745aa344,0.000000,jev-1.13.0
5fe4ff6fc13739f3d2f872e7173d02f1471358b1,0.930000,jev-1.13.0
5a020064342e45b92804c6db98c2ddd0a6fde570,0.000000,jev-1.13.0
766b66338aed728a56d42b4c1c5a84b05f35a1e3,0.000000,jev-1.13.0
347cb3c7893c6337a879dc38a9436170b5c99ebb,0.010000,jev-1.13.0
ec9e94f8be80a16cfd0fe5f8e974c5776f66166c,0.000000,jev-1.13.0
19fab1aa11d8435bcde319c3f11b98da12ab0171,0.000000,jev-1.13.0
f0d02c8f7503a4e5fcd33b696f88955d4458ef22,0.000000,jev-1.13.0
d59ed1f5ec0bcdd464d27be914310200413ae538,0.010000,jev-1.13.0
b5e80ee0cd4717a1bc17eee2f74373794238aa6b,0.000000,jev-1.13.0
22e232094e61a785e89ca7ad0f39da82917e3693,0.000000,jev-1.13.0
199b72c6d2c5b876bf3a628b822921f93fbfb65f,0.010000,jev-1.13.0
e1e7682123164190d382d76328d371e4e9089363,0.000000,jev-1.13.0
525a78cd3de064cb2b5d4e2a7f3ae3eb72cfd4ff,0.000000,jev-1.13.0
575c2a9f780e602407e54820375efcf4c977e280,0.010000,jev-1.13.0
28a3655d4fbbdaa939d837aef88b9c7dd06b738c,0.000000,jev-1.13.0
6dc327e073e3ecb176e91c768f45debab860c20c,0.000000,jev-1.13.0
a2aadd65cc158b60815839492e7954e57ad92062,0.300000,jev-1.13.0
e3750dace498e348013050cefa372cc725b2e18a,0.000000,jev-1.13.0
815db5ee2213671fced6f7850c957db5cb29ad27,0.990000,jev-1.13.0
d6951b710a56d35075f4c134d36ab4ee3e2738d7,0.010000,jev-1.13.0
de8160dfe8affa2f64e82a04a2c320fc61e9d511,0.710000,jev-1.13.0
31a1bbaf755296ab58ed7422b15d14c72dffd6af,0.420000,jev-1.13.0
b5b43710dcfee12b5243b2c013e322f5ef3e74a9,0.840000,jev-1.13.0
19cddda07732a0a91902d7cb5eb4f94f285259d8,0.000000,jev-1.13.0
1819b8dd4f147e574738da65540a77c6777944c0,1.000000,jev-1.13.0
852c2bfc9ea5b3320c0d1ce8eb185b7bd5af48fc,0.050000,jev-1.13.0
11ececc274cd6d089d9364d1ce4455e766336cc3,0.390000,jev-1.13.0
dd2a1276db06746b39c75425e3c6a51bb9da3f75,0.000000,jev-1.13.0
480d89e625b4d6dc2e96edd09a7075c73e2c2b82,0.990000,jev-1.13.0
c34ba83ad55527c784aa35d4296752625a96a92e,0.000000,jev-1.13.0
6862bb69b49fb792f8441725e2bf93553fac0391,0.120000,jev-1.13.0
456ebffef978bfe2d77455b0af40c23d3974efc6,0.030000,jev-1.13.0
0de64d4d2c66fe6adf41725de4b2d0f1f96241a5,0.100000,jev-1.13.0
8735ce439db2a135bb9ad0d1e2d7c61ee1e0eeae,0.790000,jev-1.13.0
aa4b545a517d16530f26457f5ab7d1cd9d008218,0.010000,jev-1.13.0
217fa6a02e99d01a6d080a4f8f9afdbc68581112,0.650000,jev-1.13.0
db98d7854d42113b5b013f83d97cf273d35b8e54,0.000000,jev-1.13.0
f4f71a7547cc935f62884e7a30ebea2afc211174,1.000000,jev-1.13.0
7e4927a0c20379c020938381599b101af6fd02eb,0.080000,jev-1.13.0
ea5308625db177b42bb276b319aa93b0d7136d41,0.130000,jev-1.13.0
956f7866de758788725a35a42025b72749eca8f2,0.060000,jev-1.13.0
fb053c8d4dc0b1e29b7c5d3ecabfbe5fadedffc8,0.000000,jev-1.13.0
b79447a89133cc533b90625bccd9f490b8f4f43f,0.010000,jev-1.13.0
856266c82f599cf4553c6f15f2ff742c80a49b3e,0.000000,jev-1.13.0
d09b1084b6500766318a7c4e4a39ecb47559462e,0.000000,jev-1.13.0
f5c067caff9755695baa184b27454c36ce65db16,0.000000,jev-1.13.0
bf875990bc6314fe08efd920d0313c9253e52908,0.000000,jev-1.13.0
d07539b017811a63c71fdfb4ea6c33dba0ab144e,0.010000,jev-1.13.0
c2b8dd6c725a6000fefa83258775afdaa486a088,0.000000,jev-1.13.0
bcc677578e49d5297fe637873105782a18f92212,0.000000,jev-1.13.0
8c39faeb9834c79ea298a533c95a17dac9225743,0.050000,jev-1.13.0
ffa289839e2aaddca8349d351553810964e0168a,0.000000,jev-1.13.0
1c977e8094208f1ba5491b2db6a4cf82c85e0607,0.010000,jev-1.13.0
f4eeaf838df2a96d4ab6eaf6f05423c4fdcf7ec2,0.010000,jev-1.13.0
e0424b041f0367582723f94ddf93bf98c7fb6aa1,0.020000,jev-1.13.0
01c558b0d3776ec57291901b610cf1f6ab8ce5c1,0.540000,jev-1.13.0
df7c30e35e657292b80ff0808101bc492b652fa2,0.000000,jev-1.13.0
cf413aa445788c5a5c1dddc77af7e98638876c5b,0.010000,jev-1.13.0
b8608e00e1f04f927bdeadd1d0bcd5ae89bb19cb,0.970000,jev-1.13.0
8d0873ee58b8ca9baa18ea88fac44aa9fd478092,0.000000,jev-1.13.0
c26d82ff6fa532b3745ccb8ce917f865338d820c,0.000000,jev-1.13.0
e90ec6d9c3c47524e995d995edcdb0473a49512a,0.000000,jev-1.13.0
cd6725eab762d82148a89add99043510b3535db3,0.010000,jev-1.13.0
5f4ae17615636f36f10dbf9b5395fac4d76aa914,0.010000,jev-1.13.0
50395af2d10a54f571a94887ab218f6477e2ef43,0.000000,jev-1.13.0
73b6994f954ac1ebb41a0adaeeeb2aae6d278267,0.000000,jev-1.13.0
07236b0af4f70f59e0e1196f4a58e97aed8c8524,0.440000,jev-1.13.0
c09aa3c2d6f5b69a13c495ba6a81fc694e6cf125,0.000000,jev-1.13.0
99663fac4f614275f1e8bbad2dd6e3a05629ecf9,0.910000,jev-1.13.0
8378b4d8e109ec257f6f4e2a6e3b97327b159ffe,0.020000,jev-1.13.0
b0861e1ce36086a40129cdb7a4d612a90b604d77,0.000000,jev-1.13.0
50fb8ac795232a54bf6e4c8edbc9c876fdc70139,1.000000,jev-1.13.0
a9a16bd8e1281d881c4d37093a4fa1debb6c57e0,0.980000,jev-1.13.0
0b3bfae0cb233ec9312ce1f74debc6f1b2e3c4ff,0.010000,jev-1.13.0
671bac377b768b4495b30782307dd5ad022a6919,0.000000,jev-1.13.0
b47d0136e4ca7d1cc34b055d242ed3a2da2a4b49,0.200000,jev-1.13.0
ab12a45a3b08f54a7be86a6c026818619f90afa6,0.000000,jev-1.13.0
b3f50c141413dc335f2b984ae6587ce88c778faf,0.010000,jev-1.13.0
66d7ab84275fe6cb425f0e913778484d0c3ac5cf,0.000000,jev-1.13.0
73f861e9fbd30a34715adfc0543f5ff786d39607,0.000000,jev-1.13.0
9ccdde38f613bb1a28d6f27a7f4e4ac758c79c09,0.000000,jev-1.13.0
f04f7aa63ddba9ce346ab2e3d2da45a5bbcd3144,0.000000,jev-1.13.0
cc84f4afd0062b9864bdb2013a705bf3eb916271,0.000000,jev-1.13.0
b4af2a096b04fffac0926fafe0d3ec8fd2c42857,0.000000,jev-1.13.0
f5806a433203e62ff6eb628da26bba5f209dd38c,0.010000,jev-1.13.0
153037afb70f9427d89c231301fb11fee153bb7f,0.000000,jev-1.13.0
c1c1774647ee70d153d3f2781a9587347a162889,0.600000,jev-1.13.0
1520fbb3213b61b6667a26ee05ef8c6cbc12a03c,0.000000,jev-1.13.0
4be4192fa85eaab44bd79f5f145f4792bfcb7cb8,0.000000,jev-1.13.0
296217f782a474a3c1702552f2a06b5ac40dcf67,0.000000,jev-1.13.0
863f05911df65e6ee6d4451faf37bde901938204,1.000000,jev-1.13.0
35dc243adac66d4538b93aab18941d7e22c17986,0.000000,jev-1.13.0
c2ad5bea846833ee3598f3a986f663998cdbf924,0.000000,jev-1.13.0
edddc1f5d824f1d6e8a70b6ad157d132b014d8ed,0.000000,jev-1.13.0
d20ab58775df01c6cc7b8168b1bbe3bba121265a,0.000000,jev-1.13.0
602ae51cadb05c816171b3efae1d71dcf27998cc,0.000000,jev-1.13.0
f3acfb418eeb084de9cc1da50f1840ea12550f27,0.000000,jev-1.13.0
9cfd2711405d2339aefd2dc24df0803f37957cc1,0.000000,jev-1.13.0
45f143557620a0d37ec75a56e36a77d765dd5806,0.000000,jev-1.13.0
0a0bf44a09a25acd9baf6fc046e6cf659b45234b,0.000000,jev-1.13.0
7b85211ec00f6490321a54bd35a8c49aad14f80a,0.000000,jev-1.13.0
894824d60c5057fe0b376ac6570f2f26afeb9253,0.000000,jev-1.13.0
6faba7491a94ef13a99bd43f364e45a74da6b524,0.000000,jev-1.13.0
f015a7e2fd7062599be2724cd8eddd2ead89c7fd,0.000000,jev-1.13.0
fb2ae220946d285d63d45b67d3b4577f420597a2,0.000000,jev-1.13.0
1e8513399ac46cfa8d3d921d574ac3d2697113ba,0.000000,jev-1.13.0
c25b2c4dd90429ef4934b53c556fd851d97417c0,0.000000,jev-1.13.0
594828c5f9fa4511a343ab9090de7030686998af,0.000000,jev-1.13.0
5370882672e9c202c2f1e71515f56d0924bf8d29,0.000000,jev-1.13.0
12cb395b05b411e52c7c1cb4e72edec33fe21f7e,0.000000,jev-1.13.0
461d6be60601078229ece442cb062e2bf4088c51,0.000000,jev-1.13.0
f751a6b94295c26b6c1a13194f3fd10c8f8b2fea,0.000000,jev-1.13.0
306d8fa06fe09889097d30c5d2d18beb7d7d930b,0.000000,jev-1.13.0
98a3b8479a38af4335b7bd58054a642e2e60ea67,0.000000,jev-1.13.0
a6fbbff831219caaefa600b6b9d0ed7396bab8aa,0.000000,jev-1.13.0
365f311f0c176bf2b4e6be8d7e21ceeb81015509,0.000000,jev-1.13.0
24cb7120e8e5819e86261aeb40749e063d8103ec,0.010000,jev-1.13.0
4cb4febd4098b25d3cdb78a09a37af7584fb70c8,0.000000,jev-1.13.0
170772356097f628eb56ba03bd7333e0446d6319,0.010000,jev-1.13.0
b73321ba07101a50b48eff73ab7d41d06b1bd2f3,0.000000,jev-1.13.0
ae877f674c160aaa9f28112fd56223e2d4944736,0.000000,jev-1.13.0
3e7ec39b61e46bc3edc1c40568e12b17a014a412,0.000000,jev-1.13.0
84bd4eaf0fa95841d63899d88ee6a09bd7b0bbd1,0.000000,jev-1.13.0
59d4c3941031bbcccb223e70bd0885f1ec1f87ad,0.000000,jev-1.13.0
71f9da1f595cd79b82527fba5af8791d929b294e,0.000000,jev-1.13.0
4302ac063a5ce59a7d60ce77167b8dee7e8ecb1e,0.010000,jev-1.13.0
7c42eb831e4c148aefa44d8f86952af6ddfcbb8d,0.010000,jev-1.13.0
0af337914b4d54bfa818033775b298c16ae1a77a,0.000000,jev-1.13.0
4b104b4f1662ed296381bef292cf1a27a270ebb1,0.000000,jev-1.13.0
37e49df39d58fbe01d2f75e9ef7fc2fb991d073b,0.000000,jev-1.13.0
2ec2d3cf7a1a5fa2f26f13b876e81de034f094c4,0.010000,jev-1.13.0
300a9321f8f925fc917512242bc5ba1df4541200,0.000000,jev-1.13.0
efa966c8d3e84ed3d836922c4c2bc5af2ff2836d,0.000000,jev-1.13.0
53c2cec52b8428cafd243375421d0fd95a81e76c,0.000000,jev-1.13.0
32b2cc418bc3dbc0d5e10ffb83cc633f0b381df4,0.000000,jev-1.13.0
6c59d3e688f110e1be0f71da95b0a0ee9f15918c,0.000000,jev-1.13.0
5849a1f9e7f4214601cdb79e456c9d5500e680ca,0.000000,jev-1.13.0
7ed274dc0d11e63c227792e590587c61e3036374,0.000000,jev-1.13.0
ac37eafedf63e6a7ad04514bd38a391b2bed54bc,0.000000,jev-1.13.0
d6b3e7283706281974b9ffa3a6820ef9c1be5ced,0.000000,jev-1.13.0
2e98bb28ed111b615d6a1b02e618e7506ab06b8a,0.000000,jev-1.13.0
d9f77c71ac77f0895918c04cde8b859dd7b839e5,0.000000,jev-1.13.0
b4f9ac273ad4dad7bce7e41c60fb311904d93efc,0.000000,jev-1.13.0
c8aa62bc45d2716b6f62931085061bae5faf8f0d,0.000000,jev-1.13.0
cff0f93a424303cb1e42519b2d30967ea06459ad,0.010000,jev-1.13.0
5ede888a3db2dd327a26abaeca60b2901f032dde,0.000000,jev-1.13.0
c72c8918a9e6071371cae559205045cf8c21f4eb,0.000000,jev-1.13.0
6ac4c750ab8fb396cce5a12b196d7bf69d6599a0,0.000000,jev-1.13.0
a634bd5edf267c3787685989d49e06360b7d1316,0.000000,jev-1.13.0
601f0c418673ab46faa777df17791c96c9614f5a,0.000000,jev-1.13.0
23b9ce12b8419f522d6ae0a4d767ebcf5c2140fe,0.000000,jev-1.13.0
09bb132b22ba18ed665f1144114135bc0f6f6c1a,0.000000,jev-1.13.0
98b1434ed25fd37a1c85e3ec63135b8c2e5b0a8e,0.000000,jev-1.13.0
d5bb6e125bcfe39350152bae8df5276543bd6430,0.000000,jev-1.13.0
79d0f4f9e62f57f50174b9d03726d28e558930f4,0.010000,jev-1.13.0
725b14db426f2547e8b2e93a16cfab450e1f2785,0.000000,jev-1.13.0
bb7dd832333e3de5b039643a7b5786743c31fa03,0.000000,jev-1.13.0
fb23a1665924e75ac088c9921c9acc92900f730a,0.000000,jev-1.13.0
1de62f19d99e995b1f45dde863d9842f8ea79574,0.000000,jev-1.13.0
e7e696d111a42fd9d313c7de396148d5f4b0f32c,0.000000,jev-1.13.0
2a8600be311898ee7a7240ef83126435363c8f6f,0.010000,jev-1.13.0
4a1ed00f175673ac95d51692faad0a121bb6cdc6,0.000000,jev-1.13.0
65fb1dec830e7cb5d195ca2b91f251abe897bf05,0.000000,jev-1.13.0
d39774de98414616837d67f519be095c1bd2aa1b,0.000000,jev-1.13.0
b78a131b87a57f9364dbaa8c81aa4e57fc5570fb,0.000000,jev-1.13.0
49999b66b3caa0b49d5012c5e7af7a7e8034bb85,0.000000,jev-1.13.0
d76c39755748cba1ca63b43456cccf5c55a4dede,0.110000,jev-1.13.0
37c86326eac7f38f4bae181dadcc94c4063140ec,0.000000,jev-1.13.0
804c22e5a6b97fc6d906f5aeeef74eb5126aac02,0.000000,jev-1.13.0
f6c9f613a88e66f49af9bc6a15476e1139d0e966,0.000000,jev-1.13.0
373ced2ea73188203cd96347a809497f1ae4cc1b,0.000000,jev-1.13.0
487a40963b06c7b8b640debb4642d1621c74432a,0.000000,jev-1.13.0
730238cef66362e1aefba273bec2c6153842fefc,0.000000,jev-1.13.0
5dbd2b379df621e47a273d878982c3e37a91d392,0.000000,jev-1.13.0
52da7b3b3cc692d5e7a35386d1bf3497b7942202,0.000000,jev-1.13.0
89d8a3a27ff14c156d63977252f312cf0c6c5dbb,0.000000,jev-1.13.0
2b6cc2102cfbcc846e8d2e7b0d044b2f1ebac909,0.000000,jev-1.13.0
83192806f7291b4f016d14ed6c34f873f4c72fe5,0.000000,jev-1.13.0
6b8cbb6832c496244082d495ff9acbf1898184ad,0.000000,jev-1.13.0
ef573ad5cd17a603df6677829671a13d46ed4355,0.010000,jev-1.13.0
86290eab109575184f35da1f42cb151d0171feeb,0.000000,jev-1.13.0
4b7d21d6264cbb0893fd68c1b17ad5fc93ad2c42,0.000000,jev-1.13.0
35fe5690abd6e3bf1135d45953a4ee1dfd45a5db,0.000000,jev-1.13.0
27f7871c3c095c9cb222783e3ba6bc5bd9fbceea,0.000000,jev-1.13.0
36578ac1a961575ae2c656fb3f297ee37833e56c,0.010000,jev-1.13.0
86fea14c53f6a0f340e9c88c332abf324166993b,0.000000,jev-1.13.0
5e099246018f4e9a61661727915623d1855ec3d7,0.000000,jev-1.13.0
2304f484089040abfbd09f3aa5cfd0eecca7e892,0.000000,jev-1.13.0
e5abdea1a36ad65a620d059537a7f9b4109f3c72,0.000000,jev-1.13.0
6061b6c7bdb25c4a3c900d7acb07a56120a2b11e,0.000000,jev-1.13.0
8e56965572d30d62ab74505befe53714c7d9829c,0.000000,jev-1.13.0
a47af8ab068f1a7507074bc257d12ff899d755c8,0.000000,jev-1.13.0
d7c02dad554ed7709c8aaa10ff0c08bd0016d291,0.010000,jev-1.13.0
79e28495496987c4dab1fb292f5504b32e419693,0.000000,jev-1.13.0
073d6c4afb76132d2993dc90557a1038e35dade1,0.000000,jev-1.13.0
9c2af8a4501dd2830473171f25a2f3088ba09b78,0.000000,jev-1.13.0
1c48bf8e13c007cee413898e77dae37180a7cd5b,0.000000,jev-1.13.0
ee36521601ce8591d5ae2d6041af2c72a74ead9c,0.010000,jev-1.13.0
51d8adf1981b528683d43574d7d96889d51a887f,0.000000,jev-1.13.0
adf8b64b420e1ef6ca2a411a9a838abb1f77dbc5,0.010000,jev-1.13.0
d87e38495ace835e9ce10004f6c06e3bef6fb29d,0.000000,jev-1.13.0
6c4ab8d3add03e138b341ec37728892be7d2b073,0.000000,jev-1.13.0
05bb5d8a7c4458c6d3bf22104d0ee5c0f2e6c3df,0.010000,jev-1.13.0
0baf4383e981e4b0b07b5cd1b96b6693d2d689ae,0.000000,jev-1.13.0
57638ccd407e7385152eb74dc369c8fca7cda3ac,0.000000,jev-1.13.0
5190df19d472ffa672054147779d0a74bdc202b0,0.000000,jev-1.13.0
8bdc1e8d6877d6b03635a5e71b3b2e29d7cd806a,0.130000,jev-1.13.0
03992e259d630432ad05c52ca87167c227c8d99a,0.000000,jev-1.13.0
ec0d421b85f66de0e7e596621fc2a0220b281e69,0.020000,jev-1.13.0
7fde96fd7b32e8c773e96defb4855f95059fe4f7,0.000000,jev-1.13.0
0aaa64f6d69a708b651e949df9d767c9c4fa44b0,0.000000,jev-1.13.0
9e008d84e9361706aab881aeaa69a33da7dba04e,0.010000,jev-1.13.0
c6ac64fecb1407485aa85018062bee65ce781588,0.000000,jev-1.13.0
9fe9ba1b2b69e0d2f48b88b150e1213e7689d2d2,0.000000,jev-1.13.0
b88383f3a96ae81c60b727c370034f97baabcf74,0.000000,jev-1.13.0
adb52a4873204988e996597f9f4464a47dd186c3,0.000000,jev-1.13.0
1d0542baef67c9867dca70ff0f0cffe3b2a8878d,0.000000,jev-1.13.0
8a592731c301af12041ddb1d00f8d148118ad6f4,0.000000,jev-1.13.0
0c56a3a6b108d632648491001c2dee9980076692,0.010000,jev-1.13.0
a04774dbb9b5d8c28926688558be7f6afc1cdd3b,0.000000,jev-1.13.0
aaae6d5ee99a06a2e244e4a2155f4bbcd3325c52,0.000000,jev-1.13.0
ac11da106e5b64a5f1467016eb2c38d530188f6e,0.000000,jev-1.13.0
283b0af6b0c6b22432fe6dc72249067a301fee51,0.000000,jev-1.13.0
1f916622f05b51ee27809ca456ac6da913e9641d,0.000000,jev-1.13.0
bea03ddb311e4d434caf428ce11606794f2464b3,0.000000,jev-1.13.0
137a9a2f9783549fb0f060e037adb141ed4b02c3,0.000000,jev-1.13.0
da3b93dfb02d8fcaa70383a78fee38adc5eb2890,0.000000,jev-1.13.0
6046ef5690e6b1240ef6698eef30536b03af252d,0.000000,jev-1.13.0
a6efe1e34cd1079732f7e1ed93f0f53e5bd37080,0.000000,jev-1.13.0
448f569717615d58d3f26c4eac60badd17751501,0.000000,jev-1.13.0
9968c271253bc596aa26b65c03e389c35e1d834e,0.000000,jev-1.13.0
d4a2937ca3af1df516f5e69bafb6b0fabba759b9,0.000000,jev-1.13.0
d3c4c30c981f916d9e9ff91e83b1c9456068b1b7,0.000000,jev-1.13.0
99181adfefcd2b0f0ae5fa5f7ae1b2bd352bbb43,0.000000,jev-1.13.0
1085012871b4e481fbea6ca2713d4d72b05d5ad3,0.000000,jev-1.13.0
35b8043d48a0505f07d3968918fdea0638bdc124,0.000000,jev-1.13.0
b0e17a36f94021803f85901d38eff03b10c26dcf,0.000000,jev-1.13.0
b3921051a6379b8e5fe8e0b0087688230b0b672b,0.000000,jev-1.13.0
6f0723cbb059aa2221cb5a9270e82fcdfd72bb0a,0.000000,jev-1.13.0
a4d8dcf7fdec18592cfb10c03b8c0a376b673c67,0.000000,jev-1.13.0
60f136e5d5efb6cbc693eaf41c33748d077c1ef9,0.000000,jev-1.13.0
d1bb6aeec517038d39c24365ca978d483a71a914,0.000000,jev-1.13.0
5faaeb8fa2c007531ad3f4b7e78636d2dd2e2302,0.000000,jev-1.13.0
f9cbfe30d71cea0e9833e1266d9c1a5273860a0a,0.010000,jev-1.13.0
b60a2edae1f4274c35304902315977200c63e9c0,0.020000,jev-1.13.0
f5fde23c3bf752824e600bbac33f72fc4df20aff,0.040000,jev-1.13.0
21fe4629b685bdbe4401283edf615d3dd4a2fbb1,0.000000,jev-1.13.0
d0a578bffd0bfcde2032ce8448d2c41eb99077b5,0.000000,jev-1.13.0
53b51767b1092ef44849f3a1ec4892eda295d06d,0.000000,jev-1.13.0
049726fe73512a362c1a4da856dc43de0f0dbdfc,0.000000,jev-1.13.0
18a90fb319fb827b4ccca5bf4936dd73d8690a49,0.000000,jev-1.13.0
174f10bb1aa35e2cff1685573b96ccf45d84af68,0.000000,jev-1.13.0
da6f7b7b2afc03ed647859c300a557fd090c2561,0.030000,jev-1.13.0
d64e38e234ef8e1d268f0343e8d653b632402c85,0.000000,jev-1.13.0
2cf2f01293774cd67d7efbde9d65e8c4c581265a,0.000000,jev-1.13.0
a743a65f3c50a271c2d2f0d3593170ade0009df5,0.000000,jev-1.13.0
b7266eb4f9389f12aad0be94b3dea6c3e311b0ff,0.000000,jev-1.13.0
9ee9c7327f2e3c3b25a920f4ff4995a64052f37f,0.000000,jev-1.13.0
742e8004363fc1e07001d9235c4188b8bcbeb473,0.000000,jev-1.13.0
a33e956be2d6f7b8149f6041c720f3698b697d79,0.000000,jev-1.13.0
cc6b97177e848281df2e92dddd82e06378924a98,0.000000,jev-1.13.0
52ac5d537a6b6c0cf000f04f30d45d7c8403080a,0.000000,jev-1.13.0
915a5b37c8663dfad1ade33bf5081bfe8654b7f7,0.000000,jev-1.13.0
6368d8771538a7d87814d93e9d270790af16da60,0.000000,jev-1.13.0
aaaf3fc0e87220198812f77a69880d32006bb9e8,0.000000,jev-1.13.0
4b2099bc66bcabb09eb95b2a2550b0227381ac02,0.000000,jev-1.13.0
aa28d30470560dc32b7bd69835796bcd117c2c55,0.000000,jev-1.13.0
d49630c81f7b17c8beccc64357a63cfd0f1e732e,0.000000,jev-1.13.0
540a4745ee59c819c52808dc4806adc557f2f508,0.000000,jev-1.13.0
5ce28fd038c7aed5a9bb0267a9ca4068905acea9,0.000000,jev-1.13.0
2f1158b9f66147dfd1842628a3808a3bbd5838f9,0.000000,jev-1.13.0
4bc0df7edb777f79a305ede4459f756bf40f620a,0.000000,jev-1.13.0
2e5f05ab47aeb0d3c23188355f66e0e5cf706db1,0.000000,jev-1.13.0
3428b582f085ce7ac5e91632c7afd401eb62ebeb,0.000000,jev-1.13.0
00abd8a7f73ee0fb1727d3edc19e27592bde5216,0.000000,jev-1.13.0
8aed8aa7c1d531725a48815cace7d86cb5d3368f,0.000000,jev-1.13.0
09af01c4fd88dfe67399dfbd6106b125b4e0bb53,0.030000,jev-1.13.0
e67a4739cb55ca4dbf69ce10242161c6f2bdc8d7,0.000000,jev-1.13.0
c1c2a81a43f70b390af7eda3bac49b7e236f05d3,0.000000,jev-1.13.0
5c4547bed8c4cf586c713e3031a2ded4d076a6c2,0.000000,jev-1.13.0
ad4e5de8e068fa32ffebf0f8b4684035ff8cda35,0.000000,jev-1.13.0
961e92bcf93076d7256ec9f95a545e9208bbda3c,0.000000,jev-1.13.0
b18056475bbf8bb9de48a45e59afcdf27c7b01e0,0.000000,jev-1.13.0
b3c9c8f72ae5b4ba16bfcb086fc7c5e4e923ea6f,0.000000,jev-1.13.0
4b7333f89c9c66309bc39f9fdca7d06cf3a63471,0.000000,jev-1.13.0
9004098905de51d6a913c924ef37a8d153bb4a13,0.000000,jev-1.13.0
4d90d0d22f635e36e4ec61a725ed7518f9e4ef07,0.000000,jev-1.13.0
a44d3a57c415bc1efeb5a18747b73ceee791d44d,0.000000,jev-1.13.0
46b7d9035159048dc06707867cd6a06cca00e259,0.000000,jev-1.13.0
c90e92e7301485db4732a7b616c83f241bab5770,0.000000,jev-1.13.0
59aac13ec809ab928dae6cfbb145847b6474bcd1,0.000000,jev-1.13.0
3c2097ceb00a1b58385314c141abb85b65af179e,0.000000,jev-1.13.0
8b241a2b9a40b012f72561a445bbbd6305d0619f,0.000000,jev-1.13.0
7e0225c702814b91fdcbfa01c265c52ace886773,0.000000,jev-1.13.0
2a5cc2e216f361f81b7c72e227014f6b748be835,0.000000,jev-1.13.0
3399a0c92a880db64ebc0963b84e79fe3298ebb5,0.000000,jev-1.13.0
050c4a29fbcd2561e013826f739ceb5a4aecd7af,0.000000,jev-1.13.0
3694f715cbcf6b749ac71e9904139f6fbe6a740c,0.000000,jev-1.13.0
dc259e1d55aedcdb5c143f83b4c6e5284529c3a0,0.000000,jev-1.13.0
d89fbe51195f0eccb3bab43b85b690f6decf44cd,0.000000,jev-1.13.0
7b6b3ee8ca4bcc9ff36fea491377f393860d4c43,0.000000,jev-1.13.0
b0197cc4802c7c5257b901cfb33ead7a56b36061,0.000000,jev-1.13.0
a63410523524170d139cbd571c2142f1553a13a4,0.000000,jev-1.13.0
48078a70b0755c614d3d02438c663559ca4fe4c4,0.000000,jev-1.13.0
ffff2fba3269aed78948672234529efc4b5f43c8,0.000000,jev-1.13.0
f83c5981396ff5f10df0007e95705aea274b35b1,0.000000,jev-1.13.0
04d0e5e8a105bef5c6fb750c2a6079641dac1b23,0.000000,jev-1.13.0
0b0d4d87d300558b1a63df502bdbd225e548188c,0.000000,jev-1.13.0
7860c0b5e59d7b737e32bdac876df01ba498df51,0.000000,jev-1.13.0
e9e9e117f01d9ba2949578246c4e2118c0976c63,0.000000,jev-1.13.0
e0ce5851e90c5f0c71f56d6a91447a79db0b5d6c,0.000000,jev-1.13.0
0dd67c94ddfc4cf0306c4575d9341ca1996e1b35,0.000000,jev-1.13.0
7c3d1fb9d06d57618820157e8d9678d79fb1ae08,0.000000,jev-1.13.0
c43e5e7518246b194c9e68f1b6cbecbaff4a2cb6,0.000000,jev-1.13.0
bb68e0fc6104771a75b5463efe2ecfb394c058db,0.000000,jev-1.13.0
47e14f49f191cfa5b130de7f713a56d73890fe43,0.000000,jev-1.13.0
1798331bf29fd1c9a97504e88ca00ff7248c994d,0.000000,jev-1.13.0
7cae85dcbb068c03ad218e0239b4f237b7fe1a29,0.000000,jev-1.13.0
8d27a65bcb293f013f306b8b56516141937e0b7a,0.000000,jev-1.13.0
57ba22beaa4b4dd3e70914cd3f03ef9d9888a7ef,0.000000,jev-1.13.0
90ec4c52a32bb9175ff1b455bd9ebb6d7f805d85,0.000000,jev-1.13.0
011baafc874536ab432ed86093a2137a74649335,0.000000,jev-1.13.0
1e31f62f619a99f43cb4d692229f7ddbe3a1713b,0.000000,jev-1.13.0
6712e534cf46262c7426e54dde713bdab772f4a7,0.000000,jev-1.13.0
0e1b642792da100679c66841f6172bda073dc70e,0.000000,jev-1.13.0
a9864b7f38da4e53b4e63876077cbf47f493dbdb,0.000000,jev-1.13.0
8c25687e5839230a0be996966dfde5b9bd1909bd,0.000000,jev-1.13.0
33778074797345d46f7f103ec6d5ab8b3f1a2bac,0.000000,jev-1.13.0
fae386430012d63fab8c04f285ec9dc8971c24b7,0.000000,jev-1.13.0
759636456a434e9451a1e6e343ef0ec2ee0caef5,0.000000,jev-1.13.0
bfb0f808b7d9cffac06aaff22c783cd7dfd10fe2,0.000000,jev-1.13.0
3b8e3aaf9f4c2fb77aaf53d3023e3fbd356eaff5,0.000000,jev-1.13.0
2979674fcb6104f0da117eff9f64f474d4bb5f31,0.000000,jev-1.13.0
664fe87e0505fbd54fde6a8f194162ac283d35ce,0.000000,jev-1.13.0
3c7e8eebd506859d605bde552f8b3c4fa93c4f3c,0.000000,jev-1.13.0
aca73d243bb9ea4b6b6477a3e37e5d366875c160,0.000000,jev-1.13.0
90cfe9d4b3007bc0352c6ed6807b770f6770edaa,0.000000,jev-1.13.0
6b8c68c1684918a061c4f2b70bb06a1d02652cc0,0.000000,jev-1.13.0
80e825bfd635b99ae9cebcf6daa8a067ae893c7e,0.000000,jev-1.13.0
5f96e53c71479c059bc3c079e20b42d2b1d78d16,0.000000,jev-1.13.0
e13ec0661d97c1fb6fbde8576546381d76c129bc,0.000000,jev-1.13.0
293239bb774beb6c6cb28c2683d890d1c761d94c,0.000000,jev-1.13.0
8f766e3bb9f8505940a91152e02fca29cff72679,0.000000,jev-1.13.0
6abd756747d1c3af4d883329e05c7bb9726e8bf5,0.000000,jev-1.13.0
8651a9b8a6e2742cb07a5c5d7f1499bdab37c4b8,0.000000,jev-1.13.0
82c552e3b16bcda58f03e7c3161bb190aa8882db,0.000000,jev-1.13.0
45113eb506634814b242e629eb665b9401c57852,0.000000,jev-1.13.0
a4af6a449cde7ffa2ec21f1418a718e2f41b3eb7,0.000000,jev-1.13.0
a183dcb3194faac832964bc4532789c46408edd4,0.000000,jev-1.13.0
938c701bdf863c5783a83ad8e9b22dd22a04ce38,0.000000,jev-1.13.0
283a8bf8df1ddbc2c9b825bbadc7b8949e60adf1,0.000000,jev-1.13.0
49446bea5dfa390ce83ed61eef6efe1aac0e0220,0.000000,jev-1.13.0
195984e73d3a0ce0a3275095dc8e8ba356df0b55,0.000000,jev-1.13.0
bcebccb63af9bb0593a0f22bdd06f055ca8df9ee,0.000000,jev-1.13.0
b3a7a293f0e0862217e0d3c934de4d19eee52cb5,0.000000,jev-1.13.0
5bb0230499d586510aa13a2da27ddebd4ef81135,0.000000,jev-1.13.0
ed36ac310d3486cc391655eb9ec96517e4ba7882,0.000000,jev-1.13.0
ebb7dfe597aa5afab75968849c22b512191daf45,0.000000,jev-1.13.0
08ffb01769779db5cfcac5a63d0364ce94be869a,0.000000,jev-1.13.0
417903911a885b51ffccafd7a79c180a2928cb00,0.000000,jev-1.13.0
4c06ed150e40ca282eb3db09688ba00035d4b97f,0.000000,jev-1.13.0
639dd978b1b1947974652f0f80c1e111f214a7bf,0.000000,jev-1.13.0
65c4d7102dbb75b11aff2a9a5b4653e0e9cc38cc,0.000000,jev-1.13.0
272dcc3b81e515c36904ff29e437655536387a63,0.000000,jev-1.13.0
be6418bc822368edfa2e78b7aff70a1857798c92,0.000000,jev-1.13.0
5dc5766162769171075c5e28dcdc5d0183ec021a,0.000000,jev-1.13.0
eb2b77c7bd005182a73653e6311ac2646e8d9080,0.000000,jev-1.13.0
1022dadd155931015411f1d885ef18e79340868c,0.000000,jev-1.13.0
1c71e3d340078379654716fd6078af335f2b6b85,0.000000,jev-1.13.0
987c7674f72d0b0dc8a778a8a254dde2487c9913,0.000000,jev-1.13.0
71a78cc2de40d4898d1691b72d5305e44d29a55e,0.000000,jev-1.13.0
5ee86e32f09d56ca660410b2a9c3ce813cff6a73,0.000000,jev-1.13.0
319857596248e1daa05d68dc312c891ec157ece1,0.000000,jev-1.13.0
