ticker,event_entry,status,controls
GVA,2023-06-12,event_crosses_quarter,0
JBT,2023-05-19,calendar_eligible,1
CEG,2023-05-01,no_control,0
FFIE,2023-04-19,no_control,0
RCL,2023-06-05,event_crosses_quarter,0
GCMGW,2023-06-13,event_crosses_quarter,0
SRCPA,2023-05-05,no_control,0
SLDB,2023-06-12,event_crosses_quarter,0
UGRO,2023-06-22,event_crosses_quarter,0
SHOPI,2022-04-29,no_control,0
GH,2022-06-22,event_crosses_quarter,0
LBRT,2022-04-22,no_control,0
HASI,2022-06-03,event_crosses_quarter,0
IMO,2022-05-05,no_control,0
BBGI,2022-05-27,calendar_eligible,3
CION,2023-07-31,no_control,0
FBAN,2022-05-13,calendar_eligible,2
IGC,2023-08-22,no_control,0
WEN,2022-05-20,no_control,0
AVPTW,2022-05-09,calendar_eligible,1
HIGPG,2022-05-20,no_control,0
MIRM,2023-06-14,event_crosses_quarter,0
OPAD.WS,2022-06-08,event_crosses_quarter,0
RFIL,2022-09-13,event_crosses_quarter,0
EA,2023-08-15,no_control,0
BRLIU,2023-02-23,no_control,0
HCSG,2022-06-02,event_crosses_quarter,0
VLDRW,2022-06-22,event_crosses_quarter,0
CNOB,2022-05-27,no_control,0
DLHC,2022-03-16,event_crosses_quarter,0
MCG,2022-06-27,event_crosses_quarter,0
HOUR,2023-12-18,event_crosses_quarter,0
IMACW,2022-07-12,no_control,0
QTRX,2022-06-28,event_crosses_quarter,0
AKA,2023-05-31,no_control,0
LL,2022-05-23,no_control,0
ARTW,2022-04-25,no_control,0
FATBB,2022-12-27,event_crosses_quarter,0
ALGM,2022-08-08,no_control,0
FTAIM,2023-05-26,calendar_eligible,2
RNST,2022-05-02,no_control,0
COMSW,2023-02-10,no_control,0
GNW,2023-05-22,no_control,0
PSIX,2023-07-28,no_control,0
SYY,2022-11-23,no_control,0
EACPW,2023-02-24,no_control,0
PCB,2023-05-30,no_control,0
STZ,2022-07-25,no_control,0
NWPX,2023-06-26,event_crosses_quarter,0
NLOK,2022-09-19,event_crosses_quarter,0
PETWW,2023-06-22,event_crosses_quarter,0
FOLD,2022-06-13,event_crosses_quarter,0
NHWK,2023-09-29,event_crosses_quarter,0
ATLCP,2022-05-17,no_control,0
AGE,2023-12-19,event_crosses_quarter,0
WRK,2023-02-01,no_control,0
PFIE,2023-06-22,event_crosses_quarter,0
EZM,2023-06-23,event_crosses_quarter,0
JNPR,2022-05-13,no_control,0
AKUS,2022-06-28,event_crosses_quarter,0
CFBK,2022-06-06,event_crosses_quarter,0
HYZNW,2023-08-25,no_control,0
DWACW,2023-12-21,event_crosses_quarter,0
ENVA,2022-05-11,no_control,0
DIT,2022-12-23,event_crosses_quarter,0
GNLPA,2022-04-21,no_control,0
FSEA,2022-06-02,event_crosses_quarter,0
STZ.B,2022-07-25,no_control,0
SMTC,2022-06-15,event_crosses_quarter,0
NGVC,2023-03-08,event_crosses_quarter,0
ARHS,2022-05-10,no_control,0
GSPA,2022-05-02,no_control,0
ATXI,2023-06-27,event_crosses_quarter,0
WMPN,2022-11-17,no_control,0
PIRS,2022-06-28,event_crosses_quarter,0
JOB,2022-08-30,calendar_eligible,2
CBZ,2023-05-17,no_control,0
NECB,2023-05-30,calendar_eligible,4
SJW,2023-05-02,no_control,0
YCBDPA,2023-02-23,no_control,0
UTMD,2023-05-09,calendar_eligible,1
RWAYZ,2023-06-20,event_crosses_quarter,0
KINS,2022-08-15,no_control,0
APH,2023-05-22,no_control,0
STOK,2023-06-21,event_crosses_quarter,0
YTEN,2022-05-27,calendar_eligible,3
MTN,2023-12-11,event_crosses_quarter,0
ITCI,2023-06-26,event_crosses_quarter,0
WK,2023-06-02,event_crosses_quarter,0
PINS,2023-05-31,no_control,0
GTIM,2023-03-07,event_crosses_quarter,0
SPLK,2023-06-26,event_crosses_quarter,0
QUIK,2023-05-19,no_control,0
PLOW,2023-05-01,no_control,0
HDSN,2023-06-09,event_crosses_quarter,0
LTH,2023-05-02,no_control,0
CLBS,2022-09-15,event_crosses_quarter,0
GRNQ,2022-10-31,calendar_eligible,1
ADSK,2023-06-23,event_crosses_quarter,0
ITIC,2023-05-19,no_control,0
SSNC,2022-05-13,no_control,0
JPMPJ,2022-05-23,no_control,0
MINDP,2022-08-01,calendar_eligible,1
CCO,2022-05-05,no_control,0
K,2023-05-03,no_control,0
FSCO,2023-07-24,no_control,0
TALKW,2023-10-16,no_control,0
VTGN,2023-10-02,calendar_eligible,1
STWD,2022-05-02,no_control,0
PED,2022-08-29,calendar_eligible,3
ACA,2022-05-06,no_control,0
AIMDW,2023-12-12,event_crosses_quarter,0
WBA,2023-02-01,no_control,0
RVNC,2022-05-09,no_control,0
NAII,2023-12-13,event_crosses_quarter,0
ALEX,2022-05-02,no_control,0
PRDO,2023-06-02,event_crosses_quarter,0
APOG,2022-06-28,event_crosses_quarter,0
BHRPD,2023-05-11,no_control,0
STRS,2023-05-15,no_control,0
DRQ,2022-05-20,no_control,0
SMID,2022-06-06,event_crosses_quarter,0
MCFT,2022-10-26,calendar_eligible,1
ADNWW,2023-06-21,event_crosses_quarter,0
PLSE,2023-05-31,no_control,0
FC,2023-01-23,no_control,0
SLDPW,2023-05-26,calendar_eligible,2
PYXS,2022-06-15,event_crosses_quarter,0
GPRE,2023-05-10,no_control,0
COGW,2023-04-27,no_control,0
GATX,2023-05-03,no_control,0
AVNT,2023-05-17,calendar_eligible,2
CPTN,2023-05-22,no_control,0
PEIPC,2022-06-09,event_crosses_quarter,0
AHTPG,2022-05-11,no_control,0
ABCB,2022-06-13,event_crosses_quarter,0
BKR,2023-05-22,calendar_eligible,3
CHKEW,2022-06-10,event_crosses_quarter,0
TYL,2022-05-13,calendar_eligible,2
PYCR,2022-10-31,calendar_eligible,1
PLAY,2023-06-20,event_crosses_quarter,0
SZZLW,2023-08-14,calendar_eligible,2
CSL,2023-05-05,no_control,0
AGMPE,2023-05-24,no_control,0
FUSB,2023-05-01,no_control,0
ADI,2022-03-14,event_crosses_quarter,0
CNET,2023-10-20,no_control,0
CFGPD,2022-05-02,no_control,0
MMMW,2023-05-12,no_control,0
SPWR,2023-05-16,no_control,0
SGTX,2022-05-27,calendar_eligible,1
ARDX,2022-07-18,calendar_eligible,1
FISI,2022-06-21,event_crosses_quarter,0
NSSC.E,2023-12-14,event_crosses_quarter,0
VSTM,2022-05-17,no_control,0
SHEN,2022-04-25,calendar_eligible,1
CBFV,2023-05-18,no_control,0
KMX,2023-06-29,event_crosses_quarter,0
GXIIW,2023-01-03,no_control,0
SOND,2022-06-10,event_crosses_quarter,0
FREEW,2023-06-14,event_crosses_quarter,0
CBRE,2022-05-24,calendar_eligible,2
STRM,2022-06-09,event_crosses_quarter,0
WOR,2023-10-04,no_control,0
ORA,2022-06-07,event_crosses_quarter,0
AMH,2022-05-05,no_control,0
SPSC,2023-05-15,calendar_eligible,2
PFLT,2023-02-13,no_control,0
KA,2023-06-12,event_crosses_quarter,0
BHE,2022-05-31,calendar_eligible,1
LINC,2023-05-09,no_control,0
BSX,2022-05-09,no_control,0
OTLK,2022-03-28,event_crosses_quarter,0
HGTY,2022-06-10,event_crosses_quarter,0
WTS,2023-05-22,calendar_eligible,3
LEG,2023-05-09,no_control,0
ISO,2022-06-22,event_crosses_quarter,0
VINC,2023-05-31,calendar_eligible,1
SKX,2022-05-31,no_control,0
SITC,2022-05-16,calendar_eligible,2
IPG,2022-06-03,event_crosses_quarter,0
DBD,2022-05-12,calendar_eligible,1
PRMW,2022-05-13,calendar_eligible,2
EEFT,2023-05-23,calendar_eligible,3
ELYS,2023-01-06,no_control,0
HROW,2022-06-14,event_crosses_quarter,0
PESI,2022-07-25,no_control,0
CYCC,2022-06-17,event_crosses_quarter,0
METH,2023-09-19,event_crosses_quarter,0
ATXG,2023-03-24,event_crosses_quarter,0
KEYPJ,2023-05-15,no_control,0
PKG,2023-05-05,no_control,0
CLST,2022-05-20,calendar_eligible,2
CCBG,2022-05-03,no_control,0
VPG,2022-05-25,calendar_eligible,3
PAVMZ,2022-06-23,event_crosses_quarter,0
CIMPC,2022-06-21,event_crosses_quarter,0
RMD,2022-11-18,no_control,0
HOOK,2023-06-12,event_crosses_quarter,0
CORRPA,2023-05-25,calendar_eligible,2
PATH,2023-06-23,event_crosses_quarter,0
WY,2023-05-16,no_control,0
RTL,2023-07-03,no_control,0
EGAN.D,2022-12-12,event_crosses_quarter,0
ARMP,2023-09-21,event_crosses_quarter,0
MTDR,2023-06-15,event_crosses_quarter,0
ELDN,2022-06-24,event_crosses_quarter,0
TOIIW,2023-06-21,event_crosses_quarter,0
CLPT,2023-05-26,no_control,0
DRCT,2023-06-13,event_crosses_quarter,0
MKTW,2023-07-06,no_control,0
FRD,2023-09-15,event_crosses_quarter,0
PAR,2023-06-06,event_crosses_quarter,0
HQI,2022-06-17,event_crosses_quarter,0
ALKT,2022-05-23,no_control,0
BACPS,2023-05-01,no_control,0
SSKN,2022-06-23,event_crosses_quarter,0
CRWD,2023-06-23,event_crosses_quarter,0
ABAT,2023-12-14,event_crosses_quarter,0
TBBK,2022-05-26,calendar_eligible,3
IMNM,2022-06-21,event_crosses_quarter,0
MAIA,2023-05-31,no_control,0
AVTR,2023-05-12,no_control,0
OPAD,2022-06-08,event_crosses_quarter,0
NWN,2023-06-02,event_crosses_quarter,0
CLFD,2023-02-27,no_control,0
ELOX,2022-06-17,event_crosses_quarter,0
MKSI,2022-05-12,no_control,0
TGAN,2023-10-12,calendar_eligible,1
CARA,2023-06-05,event_crosses_quarter,0
FHTX,2023-06-23,event_crosses_quarter,0
RPHM,2023-06-08,event_crosses_quarter,0
PAYX,2022-10-17,calendar_eligible,2
VCYT,2022-06-17,event_crosses_quarter,0
LIFE,2022-05-02,no_control,0
EZPW,2023-03-03,event_crosses_quarter,0
PLX,2023-07-14,no_control,0
CIOPA,2022-05-09,calendar_eligible,1
BXRX,2022-05-23,no_control,0
EDTXU,2023-01-23,no_control,0
ML,2022-06-21,event_crosses_quarter,0
ECPG,2022-06-16,event_crosses_quarter,0
PRH,2023-05-10,no_control,0
CTBI,2022-04-28,no_control,0
SCH,2022-05-19,calendar_eligible,2
ABNB,2023-06-08,event_crosses_quarter,0
DTC,2023-06-01,event_crosses_quarter,0
ASTI,2023-12-18,event_crosses_quarter,0
HYLN,2022-05-16,calendar_eligible,2
BHC,2023-05-18,calendar_eligible,2
AXNX,2022-06-02,event_crosses_quarter,0
FAF,2022-05-16,calendar_eligible,2
TAIT,2022-06-01,event_crosses_quarter,0
CREX,2023-06-28,event_crosses_quarter,0
EFX,2023-05-09,calendar_eligible,1
PSTG,2022-06-17,event_crosses_quarter,0
MIMO.WS,2022-06-24,event_crosses_quarter,0
RF,2023-04-20,no_control,0
INTG,2022-05-31,calendar_eligible,4
CVLG,2022-05-20,calendar_eligible,1
AMHPF,2022-05-05,no_control,0
FSK,2022-06-23,event_crosses_quarter,0
GHM,2022-08-02,no_control,0
VNT,2022-05-31,calendar_eligible,1
MNPR,2023-06-29,event_crosses_quarter,0
CURI,2023-06-16,event_crosses_quarter,0
STRL,2022-05-05,no_control,0
HXL,2022-05-09,calendar_eligible,1
MRC,2023-05-11,no_control,0
CVM,2023-05-24,no_control,0
DTM,2022-05-10,no_control,0
GOEVW,2022-07-14,no_control,0
ELYM,2022-05-25,no_control,0
YOU,2022-06-15,event_crosses_quarter,0
MGRM,2023-12-06,event_crosses_quarter,0
HILS,2022-08-10,calendar_eligible,1
CNO,2022-05-23,no_control,0
BAERW,2023-06-23,event_crosses_quarter,0
FBIO,2022-06-28,event_crosses_quarter,0
ITI,2022-09-14,event_crosses_quarter,0
REVG,2022-03-09,event_crosses_quarter,0
PEPG,2023-06-23,event_crosses_quarter,0
SEMR,2023-06-13,event_crosses_quarter,0
LYV,2023-06-16,event_crosses_quarter,0
KIMPM,2023-04-28,no_control,0
FNB,2022-05-13,calendar_eligible,2
SMFR,2022-04-28,no_control,0
AVTX,2023-12-21,event_crosses_quarter,0
TCI,2023-12-18,event_crosses_quarter,0
ACLS,2022-05-12,calendar_eligible,1
PFSW,2022-08-25,no_control,0
GSPK,2022-05-02,no_control,0
FTCI,2023-06-02,event_crosses_quarter,0
AMNB,2022-05-23,calendar_eligible,1
TILE,2022-05-23,no_control,0
USBPR,2022-04-22,no_control,0
OPI,2023-06-14,event_crosses_quarter,0
PBHC,2022-05-17,no_control,0
CURO,2023-06-20,event_crosses_quarter,0
VBFC,2023-05-24,calendar_eligible,3
USBPS,2022-04-22,no_control,0
JNCE,2022-06-28,event_crosses_quarter,0
AHTPH,2022-05-11,no_control,0
ARVN,2022-06-22,event_crosses_quarter,0
PNRG,2023-06-09,event_crosses_quarter,0
CFMS,2022-05-10,no_control,0
WTFC,2022-05-31,no_control,0
DOMO,2023-07-05,calendar_eligible,4
IRM,2022-05-12,no_control,0
CNSL,2023-05-05,no_control,0
AMTB,2023-06-13,event_crosses_quarter,0
TELL,2023-06-08,event_crosses_quarter,0
BANC,2023-05-16,calendar_eligible,2
WHLRD,2022-06-21,event_crosses_quarter,0
KRC,2023-05-25,calendar_eligible,2
DASH,2022-06-28,event_crosses_quarter,0
SPG,2022-05-13,calendar_eligible,2
CMSPC,2023-05-11,no_control,0
RDI,2023-12-14,event_crosses_quarter,0
SSNT,2022-12-16,event_crosses_quarter,0
MAS,2023-05-18,no_control,0
VIGL,2022-06-13,event_crosses_quarter,0
AAICPB,2022-06-21,event_crosses_quarter,0
OFSSH,2023-06-08,event_crosses_quarter,0
METPF,2023-06-26,event_crosses_quarter,0
CLB,2022-05-20,no_control,0
AGMPC,2023-05-24,no_control,0
ANGO.V,2023-11-17,calendar_eligible,2
BRO,2022-05-05,no_control,0
FA,2022-06-21,event_crosses_quarter,0
BLCO,2023-04-27,no_control,0
PAG,2022-05-13,calendar_eligible,2
MTBPH,2023-04-21,no_control,0
CHMIPB,2022-06-21,event_crosses_quarter,0
SWK,2023-04-28,no_control,0
JPMPM,2022-05-23,no_control,0
DMS,2022-06-23,event_crosses_quarter,0
GNRC,2023-06-20,event_crosses_quarter,0
SEE,2023-05-23,no_control,0
LAUR,2022-06-02,event_crosses_quarter,0
PARAA,2023-05-11,no_control,0
BRLIW,2023-02-23,no_control,0
SITM,2022-06-03,event_crosses_quarter,0
CHMIPA,2022-06-21,event_crosses_quarter,0
NATI,2022-05-13,no_control,0
TENB,2022-06-02,event_crosses_quarter,0
BKSY,2023-09-11,event_crosses_quarter,0
NXDTPA,2023-06-16,event_crosses_quarter,0
OXSQL,2022-08-31,calendar_eligible,4
KMB,2022-04-28,no_control,0
APPS,2022-09-02,event_crosses_quarter,0
VYGR,2022-06-08,event_crosses_quarter,0
CIX,2022-05-26,no_control,0
OGS,2022-06-01,event_crosses_quarter,0
DV,2023-06-05,event_crosses_quarter,0
HNI,2023-05-23,no_control,0
CLW,2022-05-19,calendar_eligible,2
RSLS,2022-12-21,event_crosses_quarter,0
LPSN,2023-10-09,no_control,0
CRL,2022-05-13,no_control,0
HPP,2022-05-26,no_control,0
NTLA,2023-06-20,event_crosses_quarter,0
PWP,2022-05-26,calendar_eligible,3
CRXTW,2022-06-10,event_crosses_quarter,0
OPTT,2023-01-18,calendar_eligible,2
NUZE,2023-03-22,event_crosses_quarter,0
NNBR,2022-05-27,calendar_eligible,2
COKE,2022-05-13,no_control,0
BANR,2023-05-30,no_control,0
ARNC,2023-05-22,calendar_eligible,1
CLXT,2022-06-03,event_crosses_quarter,0
ATAI,2022-05-31,calendar_eligible,4
DVAX,2023-05-30,calendar_eligible,4
NDRA,2022-06-24,event_crosses_quarter,0
HCDI,2022-06-08,event_crosses_quarter,0
AMPX,2023-06-12,event_crosses_quarter,0
DCO,2022-04-21,calendar_eligible,1
HOMB,2022-04-25,calendar_eligible,1
SBEV.WS,2023-10-11,no_control,0
TRNO,2023-05-09,calendar_eligible,1
HSON,2023-11-08,no_control,0
PAY,2022-06-07,event_crosses_quarter,0
DNOW,2022-05-26,calendar_eligible,3
WYW,2023-05-16,no_control,0
INKT,2023-06-21,event_crosses_quarter,0
HLLY,2023-05-12,no_control,0
TG,2023-05-09,calendar_eligible,1
ASTS,2023-08-18,no_control,0
INBX,2023-05-26,no_control,0
INMB,2022-06-02,event_crosses_quarter,0
ZBH,2022-05-20,no_control,0
CMAX,2023-06-15,event_crosses_quarter,0
SCKT,2023-06-12,event_crosses_quarter,0
SBFM,2023-12-08,event_crosses_quarter,0
XGN,2022-06-22,event_crosses_quarter,0
UUUU,2022-05-27,calendar_eligible,3
TESS,2022-08-02,no_control,0
QRTEB,2023-06-12,event_crosses_quarter,0
NEOV,2023-12-12,event_crosses_quarter,0
O,2023-05-26,no_control,0
LBC,2023-10-26,no_control,0
AVT,2022-11-21,calendar_eligible,2
MGRB,2022-06-01,event_crosses_quarter,0
FIBK,2022-05-31,no_control,0
PIPR,2022-05-09,calendar_eligible,1
PBBK,2023-05-26,calendar_eligible,2
PK,2023-05-01,no_control,0
AMG,2023-05-31,no_control,0
SNBR,2023-05-12,no_control,0
RDNT,2023-06-09,event_crosses_quarter,0
CEMI,2022-05-27,no_control,0
AGL,2022-05-25,no_control,0
RHE,2023-02-21,no_control,0
BDXB,2023-01-31,no_control,0
TRTNPB,2023-05-02,no_control,0
DCOM,2023-05-31,no_control,0
COFPI,2022-05-09,no_control,0
OSPN,2022-06-14,event_crosses_quarter,0
VMEO,2023-06-09,event_crosses_quarter,0
BRTX,2023-09-18,event_crosses_quarter,0
XEL,2022-05-24,no_control,0
FISV,2023-05-22,calendar_eligible,3
AHTPI,2023-05-11,no_control,0
FFBW,2022-05-31,calendar_eligible,1
SENEB,2023-08-15,no_control,0
PAYO,2022-06-16,event_crosses_quarter,0
STZW,2022-07-25,no_control,0
GROV,2023-05-26,no_control,0
UAMY,2022-07-27,no_control,0
CAL,2022-05-31,calendar_eligible,3
JUPW,2022-12-29,event_crosses_quarter,0
CODX,2022-09-06,event_crosses_quarter,0
FRHC,2023-11-09,calendar_eligible,1
ADTHW,2023-05-31,calendar_eligible,4
AMPGW,2023-12-13,event_crosses_quarter,0
CFFSU,2023-01-03,calendar_eligible,5
REKR,2023-09-18,event_crosses_quarter,0
WLL,2022-06-29,event_crosses_quarter,0
LIFWW,2023-11-03,no_control,0
DXR,2023-07-14,calendar_eligible,2
AHCO,2022-06-24,event_crosses_quarter,0
AUBN,2023-05-15,no_control,0
ATCX,2022-06-10,event_crosses_quarter,0
DLB,2023-02-13,no_control,0
CTOS,2022-06-17,event_crosses_quarter,0
CLX,2022-11-18,calendar_eligible,2
FFIN,2023-04-27,no_control,0
FLNT,2023-06-12,event_crosses_quarter,0
EAT,2022-11-22,no_control,0
DGICA,2023-05-17,calendar_eligible,2
RLI,2022-05-09,no_control,0
SVRA,2023-06-12,event_crosses_quarter,0
KOSS,2022-10-24,calendar_eligible,2
JBX,2023-03-06,event_crosses_quarter,0
AZPN,2023-12-18,event_crosses_quarter,0
HROWL,2022-06-14,event_crosses_quarter,0
SBOW,2023-05-17,no_control,0
NXGLW,2022-09-07,event_crosses_quarter,0
TCON,2022-06-17,event_crosses_quarter,0
ADUS,2022-06-17,event_crosses_quarter,0
UPH.WS,2022-12-06,event_crosses_quarter,0
SGLY,2023-10-23,no_control,0
ABM,2022-03-28,event_crosses_quarter,0
USPH,2023-05-18,no_control,0
CMPOW,2023-05-22,no_control,0
BACPP,2023-05-01,no_control,0
PCGPE,2022-05-24,no_control,0
ACHV,2022-06-02,event_crosses_quarter,0
SDPI,2022-08-12,no_control,0
LTHM,2023-05-02,no_control,0
WELL,2022-05-26,no_control,0
TZOO,2022-04-28,no_control,0
RM,2023-05-23,no_control,0
MGRD,2023-05-31,no_control,0
TTMI,2023-05-15,no_control,0
MGM.WD,2022-05-10,no_control,0
VINE,2022-11-08,no_control,0
TTSH,2022-06-16,event_crosses_quarter,0
DGICB,2022-04-26,calendar_eligible,1
DWAC,2023-12-21,event_crosses_quarter,0
FPH,2023-06-08,event_crosses_quarter,0
PEI,2022-06-09,event_crosses_quarter,0
FAST,2022-04-27,no_control,0
FDMT,2022-05-31,no_control,0
TRT,2023-12-15,event_crosses_quarter,0
SONDW,2022-06-10,event_crosses_quarter,0
VRTSV,2023-05-19,no_control,0
EVER,2023-06-14,event_crosses_quarter,0
DALW,2023-06-16,event_crosses_quarter,0
PINC,2022-12-05,event_crosses_quarter,0
NXGL,2023-06-12,event_crosses_quarter,0
PHAT,2023-05-31,no_control,0
BBDC,2023-05-05,no_control,0
CPE,2022-05-26,no_control,0
KPRX,2023-06-22,event_crosses_quarter,0
PTIX,2022-11-30,calendar_eligible,4
OLITU,2023-11-03,no_control,0
FRME,2023-05-17,no_control,0
BRP,2023-06-08,event_crosses_quarter,0
AEOS,2023-06-12,event_crosses_quarter,0
KORE,2023-06-21,event_crosses_quarter,0
ORMP,2023-07-14,no_control,0
CRVLE,2023-08-16,calendar_eligible,2
FGF,2023-12-11,event_crosses_quarter,0
IBP,2023-05-31,no_control,0
HMTV,2022-06-02,event_crosses_quarter,0
AIBBR,2023-10-25,no_control,0
PEIPB,2022-08-08,no_control,0
DHX,2023-05-01,no_control,0
QUMU,2022-06-06,event_crosses_quarter,0
FTK,2023-06-09,event_crosses_quarter,0
VOYA,2023-05-30,no_control,0
NPK,2023-05-22,no_control,0
RMTI,2022-05-10,no_control,0
NEEPO,2022-05-24,no_control,0
MIMO,2023-06-22,event_crosses_quarter,0
CLBK,2022-06-24,event_crosses_quarter,0
LRN,2023-12-11,event_crosses_quarter,0
LFVN,2022-11-18,calendar_eligible,2
NERV,2023-09-29,event_crosses_quarter,0
EATW,2023-11-21,no_control,0
LAZR,2022-06-09,event_crosses_quarter,0
PXLW,2022-05-16,calendar_eligible,2
APLT,2022-06-06,event_crosses_quarter,0
JBSS,2022-11-07,calendar_eligible,1
MNRO,2023-08-21,no_control,0
CELC,2022-05-17,calendar_eligible,2
SFBS,2022-05-12,no_control,0
CNM,2023-06-29,event_crosses_quarter,0
FOA,2022-06-13,event_crosses_quarter,0
PENN,2023-06-12,event_crosses_quarter,0
MYRG,2023-04-25,no_control,0
RANI,2023-05-31,no_control,0
SNFCA,2023-06-29,event_crosses_quarter,0
EXEL,2022-05-31,no_control,0
ISEE,2023-05-24,no_control,0
RBC,2023-09-08,event_crosses_quarter,0
ROOT,2022-06-13,event_crosses_quarter,0
BIO,2023-05-02,no_control,0
BHB,2022-05-18,no_control,0
HUM,2023-04-25,no_control,0
PECO,2023-05-10,no_control,0
HBANM,2023-04-25,no_control,0
ATO,2023-02-14,calendar_eligible,2
PEGW,2022-04-25,calendar_eligible,1
PLUR,2023-04-28,no_control,0
NXPLW,2023-06-05,event_crosses_quarter,0
MNSBP,2022-05-20,no_control,0
PEBO,2023-05-03,no_control,0
ONTF,2023-06-26,event_crosses_quarter,0
VERA,2023-05-18,calendar_eligible,2
UNB,2022-05-20,no_control,0
AAN,2023-05-05,no_control,0
LPLA,2023-05-15,calendar_eligible,2
MBIO,2022-06-27,event_crosses_quarter,0
FFIC,2022-05-20,no_control,0
CFG,2023-05-01,no_control,0
TRIN,2023-06-22,event_crosses_quarter,0
LEN.B,2022-04-18,no_control,0
NEWTZ,2022-06-16,event_crosses_quarter,0
ALGT,2023-06-26,event_crosses_quarter,0
AIM,2022-11-10,no_control,0
EIG,2022-05-31,no_control,0
RGEN,2022-06-02,event_crosses_quarter,0
EMBK,2022-06-16,event_crosses_quarter,0
HIL,2022-07-13,no_control,0
MOS,2023-05-31,calendar_eligible,1
IIVIP,2022-11-21,no_control,0
D,2022-05-13,calendar_eligible,1
PNC,2022-05-02,no_control,0
BOOT,2022-08-31,no_control,0
CRCT,2022-05-31,calendar_eligible,4
OBLG,2023-12-05,event_crosses_quarter,0
HPPPC,2023-06-01,event_crosses_quarter,0
GIFI,2022-05-23,calendar_eligible,2
BOTJ,2023-05-19,no_control,0
UPH,2022-12-06,event_crosses_quarter,0
ALRS,2023-05-12,no_control,0
VRA,2022-06-02,event_crosses_quarter,0
MGM,2022-05-10,no_control,0
HUMA,2023-06-09,event_crosses_quarter,0
OCUL,2023-06-20,event_crosses_quarter,0
FFIEW,2023-04-19,no_control,0
DNA.WS,2023-06-21,event_crosses_quarter,0
BSIG,2022-06-09,event_crosses_quarter,0
ULBI,2023-07-24,calendar_eligible,2
USBPQ,2023-04-21,calendar_eligible,1
NWEC,2022-05-06,no_control,0
ISUN,2022-07-26,calendar_eligible,1
SWN,2022-05-24,no_control,0
EGAN,2023-12-08,event_crosses_quarter,0
PSN,2023-04-21,calendar_eligible,1
SCYX,2023-06-26,event_crosses_quarter,0
KOPN,2023-05-30,no_control,0
CASH,2023-03-02,no_control,0
FPI,2022-05-04,no_control,0
SAR,2022-09-30,event_crosses_quarter,0
OPOF,2023-05-26,calendar_eligible,1
QBTS.WS,2023-06-15,event_crosses_quarter,0
RACYW,2023-12-27,event_crosses_quarter,0
TDUP,2023-05-26,no_control,0
MAT,2023-05-19,no_control,0
HLPB,2022-05-31,no_control,0
STTK,2022-06-13,event_crosses_quarter,0
MTSI,2022-03-09,event_crosses_quarter,0
JSM,2023-06-01,event_crosses_quarter,0
ALEC,2022-06-22,event_crosses_quarter,0
HOV,2023-03-30,event_crosses_quarter,0
BLPH,2022-06-08,event_crosses_quarter,0
BR,2023-11-14,no_control,0
AUR,2022-05-24,no_control,0
TMDX,2023-05-30,calendar_eligible,1
HDSN.C,2022-06-13,event_crosses_quarter,0
BILL,2023-12-11,event_crosses_quarter,0
ELSE,2022-04-26,no_control,0
PPL,2023-05-22,no_control,0
PCAR,2022-05-02,no_control,0
APDN,2022-09-26,event_crosses_quarter,0
USBPP,2022-04-22,no_control,0
UNVR,2022-05-06,calendar_eligible,1
KEQU,2023-08-28,calendar_eligible,3
BFIN,2022-05-31,no_control,0
MRVL,2022-06-28,event_crosses_quarter,0
NC,2023-05-17,no_control,0
MCHX,2022-10-04,no_control,0
AVD,2022-06-08,event_crosses_quarter,0
RYN,2023-05-19,calendar_eligible,1
HVT.A,2022-05-13,calendar_eligible,2
CWST,2022-06-06,event_crosses_quarter,0
RCB,2023-08-24,calendar_eligible,3
FCCO,2023-05-19,no_control,0
LOB,2023-05-19,no_control,0
CDZIP,2023-06-27,event_crosses_quarter,0
PNFPP,2023-04-24,calendar_eligible,1
CTSO,2022-06-09,event_crosses_quarter,0
WCCPA,2022-06-01,event_crosses_quarter,0
CLMB,2023-06-15,event_crosses_quarter,0
DHIL,2022-04-29,no_control,0
RFPB,2023-04-20,no_control,0
WRBPH,2022-06-17,event_crosses_quarter,0
TIPT,2023-06-08,event_crosses_quarter,0
LTRY,2022-06-13,event_crosses_quarter,0
SLM,2023-06-26,event_crosses_quarter,0
CFGPE,2022-05-02,no_control,0
COFPK,2023-05-10,no_control,0
REVBW,2023-07-17,no_control,0
RDVT,2022-05-27,calendar_eligible,1
LVOX,2023-06-16,event_crosses_quarter,0
UHAL.Q,2022-08-22,no_control,0
WCN,2022-05-16,no_control,0
RFPE,2023-04-20,no_control,0
LRCX,2022-11-11,no_control,0
LNC,2022-06-02,event_crosses_quarter,0
FGEN,2023-06-12,event_crosses_quarter,0
VRTS,2022-05-19,calendar_eligible,2
VAC,2022-05-19,no_control,0
ALKS,2022-07-08,no_control,0
ENFN,2022-06-23,event_crosses_quarter,0
KBAL,2022-10-26,no_control,0
MDXG,2022-06-14,event_crosses_quarter,0
WFCPD,2022-05-02,no_control,0
JILL,2023-06-02,event_crosses_quarter,0
HOOD,2023-06-26,event_crosses_quarter,0
MARA,2022-11-08,no_control,0
GROV.WS,2023-05-26,no_control,0
SANW,2022-12-16,event_crosses_quarter,0
PINE,2022-05-23,no_control,0
GCO,2022-06-27,event_crosses_quarter,0
BHVN,2023-05-05,no_control,0
KE,2023-11-22,calendar_eligible,3
BRDS.WS,2022-06-14,event_crosses_quarter,0
INZY,2022-06-13,event_crosses_quarter,0
HOFVW,2022-06-14,event_crosses_quarter,0
BACPE,2023-05-01,no_control,0
MMSI,2022-05-26,no_control,0
ALV,2022-05-12,no_control,0
TJX,2023-06-09,event_crosses_quarter,0
TCBX,2022-05-31,no_control,0
GPC,2022-05-02,no_control,0
VTVT,2022-06-06,event_crosses_quarter,0
MYOV,2022-10-24,calendar_eligible,1
LGL,2023-12-07,event_crosses_quarter,0
BHF,2022-06-10,event_crosses_quarter,0
WFCPA,2022-05-02,no_control,0
AGMPF,2023-05-24,no_control,0
HTIA,2022-05-13,no_control,0
VRMEW,2023-06-08,event_crosses_quarter,0
GMRE,2022-05-16,no_control,0
AXTI,2023-05-23,calendar_eligible,3
RBB,2022-05-23,no_control,0
WSFS,2022-05-17,no_control,0
ZIONP,2023-05-10,calendar_eligible,1
DLA,2023-02-15,calendar_eligible,1
BZFD,2023-06-05,event_crosses_quarter,0
PLAB,2022-03-15,event_crosses_quarter,0
MNKD,2022-05-13,calendar_eligible,2
GIPRW,2022-06-06,event_crosses_quarter,0
HALL,2022-06-22,event_crosses_quarter,0
LVOXW,2023-06-16,event_crosses_quarter,0
LMB,2023-06-26,event_crosses_quarter,0
FSLY,2023-06-20,event_crosses_quarter,0
EGP,2023-05-30,no_control,0
INNV,2023-12-20,event_crosses_quarter,0
ADMA,2022-06-22,event_crosses_quarter,0
WMS,2023-07-24,no_control,0
ACET,2022-06-06,event_crosses_quarter,0
HIG,2022-05-20,no_control,0
SOFO,2022-03-14,event_crosses_quarter,0
GNTY,2022-05-20,no_control,0
STAG,2023-05-01,no_control,0
MEDP,2023-05-22,no_control,0
NFE,2023-05-23,calendar_eligible,3
AAT,2022-06-08,event_crosses_quarter,0
SCA,2023-06-23,event_crosses_quarter,0
PHIO,2022-08-15,calendar_eligible,1
HRT,2023-06-01,event_crosses_quarter,0
NP,2022-05-23,no_control,0
CTXR,2023-02-08,calendar_eligible,1
NKSH,2022-05-13,no_control,0
FBNC,2023-05-09,no_control,0
ACHR.WS,2023-06-27,event_crosses_quarter,0
HFFG,2023-06-06,event_crosses_quarter,0
ETSY,2022-06-21,event_crosses_quarter,0
RPTPD,2022-05-04,no_control,0
SPI,2023-12-27,event_crosses_quarter,0
CHKEZ,2022-06-10,event_crosses_quarter,0
AMBC,2022-05-27,no_control,0
CMRAW,2023-09-05,event_crosses_quarter,0
AERI,2022-06-14,event_crosses_quarter,0
BGC,2023-11-17,no_control,0
ACHR,2023-06-27,event_crosses_quarter,0
CFSB,2023-11-24,no_control,0
HLGN.WS,2022-07-22,no_control,0
AGM,2023-05-24,no_control,0
NUVA,2022-05-13,calendar_eligible,2
CDXS,2022-06-17,event_crosses_quarter,0
FBK,2023-05-24,no_control,0
INSW,2023-06-09,event_crosses_quarter,0
DG,2022-06-01,event_crosses_quarter,0
OFIX,2023-06-21,event_crosses_quarter,0
JOUT,2023-03-06,event_crosses_quarter,0
MGNI,2022-06-14,event_crosses_quarter,0
TCPC,2022-05-27,calendar_eligible,1
AEIS,2022-05-11,no_control,0
NRZ,2022-05-31,calendar_eligible,4
TBBKD,2023-05-25,calendar_eligible,3
OPKW,2022-07-18,no_control,0
KAR,2023-06-06,event_crosses_quarter,0
GLTO,2023-06-16,event_crosses_quarter,0
PEN,2022-06-08,event_crosses_quarter,0
SGMO,2023-06-05,event_crosses_quarter,0
UONE,2022-06-21,event_crosses_quarter,0
IMMR,2023-03-31,event_crosses_quarter,0
CMTG,2023-06-07,event_crosses_quarter,0
CIMPD,2022-06-21,event_crosses_quarter,0
NILEPD,2022-11-25,no_control,0
PCOR,2022-06-08,event_crosses_quarter,0
SALM,2023-05-22,no_control,0
SCPL,2023-06-14,event_crosses_quarter,0
ELA,2022-06-07,event_crosses_quarter,0
PUMP,2023-05-18,no_control,0
NCLH,2023-06-21,event_crosses_quarter,0
LGF.A,2022-09-15,event_crosses_quarter,0
XBIO,2022-12-23,event_crosses_quarter,0
RELIW,2022-10-31,calendar_eligible,1
JPMPK,2022-05-23,no_control,0
CAG,2022-09-27,event_crosses_quarter,0
SCCG,2023-09-08,event_crosses_quarter,0
FOSLL,2022-05-20,calendar_eligible,2
COOK,2022-06-16,event_crosses_quarter,0
SCU,2022-06-27,event_crosses_quarter,0
AGRX,2023-06-09,event_crosses_quarter,0
ENPH,2023-05-23,no_control,0
KR,2022-06-24,event_crosses_quarter,0
LBPH,2022-05-25,no_control,0
SBFMW,2023-12-08,event_crosses_quarter,0
HELE,2022-08-31,no_control,0
AOUT,2023-10-02,no_control,0
CCCC,2023-06-21,event_crosses_quarter,0
SHC,2022-05-31,calendar_eligible,2
INCY,2023-06-16,event_crosses_quarter,0
DDOG,2023-06-12,event_crosses_quarter,0
EVGOW,2022-05-24,no_control,0
DRI,2023-09-22,event_crosses_quarter,0
ALNY,2022-05-24,no_control,0
MTCH,2023-06-26,event_crosses_quarter,0
CBL,2022-05-31,no_control,0
ARW,2022-05-16,no_control,0
ALG,2023-05-09,calendar_eligible,1
KFY,2023-09-25,event_crosses_quarter,0
CRIS,2022-06-03,event_crosses_quarter,0
TR,2022-05-13,calendar_eligible,2
LEGH,2022-12-06,event_crosses_quarter,0
TRNS,2022-09-09,event_crosses_quarter,0
BACPQ,2023-05-01,no_control,0
SNCR,2023-06-21,event_crosses_quarter,0
NUWE,2023-05-23,calendar_eligible,1
NOTV,2023-03-20,event_crosses_quarter,0
GTY,2023-05-01,no_control,0
COFPL,2023-05-10,no_control,0
INOD,2023-06-14,event_crosses_quarter,0
CFFSW,2023-01-03,calendar_eligible,5
TTNP,2023-06-30,event_crosses_quarter,0
LGLRW,2023-12-07,event_crosses_quarter,0
BF.AW,2022-08-01,calendar_eligible,1
SHW,2023-04-25,no_control,0
SERA,2023-06-15,event_crosses_quarter,0
OXSQG,2022-08-31,calendar_eligible,4
GIII,2022-06-15,event_crosses_quarter,0
NCR,2023-05-23,no_control,0
APAM,2022-06-06,event_crosses_quarter,0
TER,2023-05-17,no_control,0
CDAY,2023-05-03,no_control,0
OLP,2023-06-15,event_crosses_quarter,0
UHAL.B,2023-08-21,calendar_eligible,3
RLMD,2023-05-26,no_control,0
DBX,2022-05-26,no_control,0
FNWB,2023-05-26,no_control,0
EME,2023-06-12,event_crosses_quarter,0
CTHR,2022-11-22,calendar_eligible,1
CVU,2023-06-20,event_crosses_quarter,0
TCBK,2023-05-24,no_control,0
KNTK,2022-07-06,calendar_eligible,2
BACPK,2023-05-01,no_control,0
LE,2022-05-16,no_control,0
SUNL,2022-06-13,event_crosses_quarter,0
BLDE,2022-05-09,calendar_eligible,1
SP,2022-05-18,no_control,0
DLPN,2023-11-22,no_control,0
CFFS,2023-01-03,calendar_eligible,5
TDY,2023-04-28,no_control,0
ALR,2022-06-09,event_crosses_quarter,0
MCHP,2022-08-25,calendar_eligible,3
CYBE,2022-05-16,calendar_eligible,2
ADT,2022-05-31,no_control,0
DOMH,2023-09-25,event_crosses_quarter,0
TITN,2023-06-07,event_crosses_quarter,0
TOVX,2023-10-04,calendar_eligible,1
ALLK,2023-05-30,no_control,0
BCML,2023-06-23,event_crosses_quarter,0
HCWB,2022-06-21,event_crosses_quarter,0
PCGPG,2022-05-24,no_control,0
RGS,2023-10-27,no_control,0
AWX,2023-05-12,no_control,0
FTAIO,2022-05-31,no_control,0
CASI,2022-05-26,no_control,0
SQL,2022-07-01,calendar_eligible,4
HQY,2022-06-24,event_crosses_quarter,0
IDR,2022-06-17,event_crosses_quarter,0
FWONK,2022-06-17,event_crosses_quarter,0
PETS,2023-08-07,no_control,0
IPI,2023-05-24,calendar_eligible,3
GNE,2023-05-17,no_control,0
CNTE,2023-05-16,calendar_eligible,2
ETNB,2022-06-08,event_crosses_quarter,0
IHRT,2023-05-22,calendar_eligible,3
SWAV,2022-06-27,event_crosses_quarter,0
KD,2023-08-01,no_control,0
VIVE,2022-05-10,calendar_eligible,1
AMST,2022-12-19,event_crosses_quarter,0
X,2023-05-01,no_control,0
RITM,2023-05-26,calendar_eligible,2
SWKH,2022-08-16,no_control,0
COHR,2023-11-14,no_control,0
EIX,2022-05-02,no_control,0
WHLRP,2023-05-23,calendar_eligible,3
IONS,2022-06-07,event_crosses_quarter,0
XOMAP,2022-05-20,no_control,0
TTEC,2023-06-01,event_crosses_quarter,0
LEVI,2022-04-25,no_control,0
RIVN,2022-06-10,event_crosses_quarter,0
WSBCP,2023-04-21,no_control,0
HBAN,2022-04-26,no_control,0
SNGX,2023-12-18,event_crosses_quarter,0
MAX,2023-05-22,calendar_eligible,1
HGBL,2023-06-21,event_crosses_quarter,0
NEWTL,2022-06-16,event_crosses_quarter,0
PPC,2022-05-03,no_control,0
MTH,2023-05-19,calendar_eligible,1
BLDEW,2022-05-09,calendar_eligible,1
GOCO,2023-05-30,calendar_eligible,2
ZIP,2022-06-17,event_crosses_quarter,0
MRVI,2023-05-23,calendar_eligible,1
PEBPG,2023-05-25,no_control,0
SKYH,2022-06-15,event_crosses_quarter,0
AIB,2023-10-25,no_control,0
VCEL,2023-05-08,calendar_eligible,1
ATEK,2023-12-20,event_crosses_quarter,0
CPIX,2023-05-01,no_control,0
ELVT,2022-05-12,no_control,0
GWH.WS,2022-06-03,event_crosses_quarter,0
BARK,2022-11-22,calendar_eligible,3
SBGI,2023-05-22,no_control,0
BHFAL,2022-06-10,event_crosses_quarter,0
QUAD,2022-05-27,calendar_eligible,2
CLSD,2022-06-24,event_crosses_quarter,0
DOCN,2022-06-13,event_crosses_quarter,0
DNA,2022-06-15,event_crosses_quarter,0
AMJ,2023-05-19,no_control,0
ADRT.U,2024-01-02,no_control,0
CTS,2022-05-13,no_control,0
DAR,2022-05-12,no_control,0
ALRN,2022-06-17,event_crosses_quarter,0
PCGPB,2022-05-24,no_control,0
LTC,2023-05-30,calendar_eligible,4
NEWT,2023-06-20,event_crosses_quarter,0
CWAN,2023-06-23,event_crosses_quarter,0
RADI,2022-06-01,event_crosses_quarter,0
GDEN,2023-05-30,calendar_eligible,3
SPXC,2022-05-12,calendar_eligible,1
TDW.WS,2023-06-28,event_crosses_quarter,0
ERAS,2022-06-27,event_crosses_quarter,0
LTRYW,2022-06-13,event_crosses_quarter,0
MLAB,2023-08-28,calendar_eligible,4
CNK,2023-05-22,no_control,0
QRTEA,2023-06-12,event_crosses_quarter,0
FATBP,2023-12-21,event_crosses_quarter,0
PPSI,2022-11-21,no_control,0
AGILW,2022-05-24,no_control,0
REXRPB,2022-06-16,event_crosses_quarter,0
CERT,2022-05-20,no_control,0
RDIB,2023-12-14,event_crosses_quarter,0
TCBI,2023-04-21,calendar_eligible,1
MNTX,2023-06-05,event_crosses_quarter,0
NVNO,2022-12-07,event_crosses_quarter,0
XPOF,2023-05-17,calendar_eligible,2
ABSI,2023-06-20,event_crosses_quarter,0
ATHA,2023-05-23,calendar_eligible,3
CAPR,2023-06-14,event_crosses_quarter,0
PANW,2022-12-19,event_crosses_quarter,0
NILE,2022-11-25,no_control,0
CPHI,2023-12-20,event_crosses_quarter,0
MAAPI,2022-05-20,calendar_eligible,2
AZO,2022-12-16,event_crosses_quarter,0
PODD,2023-05-26,no_control,0
VUZI,2023-06-22,event_crosses_quarter,0
WHG,2022-05-04,no_control,0
KFS,2022-05-23,calendar_eligible,3
REI,2022-06-06,event_crosses_quarter,0
HEI.A,2023-03-21,event_crosses_quarter,0
AROW,2023-10-30,no_control,0
PRDS,2023-06-06,event_crosses_quarter,0
STIM,2022-05-31,no_control,0
CCRN,2023-05-19,no_control,0
ECBK,2023-09-11,event_crosses_quarter,0
TOI,2023-06-21,event_crosses_quarter,0
PFXNZ,2023-05-04,no_control,0
CDZI,2023-06-27,event_crosses_quarter,0
ZWS,2023-05-08,no_control,0
GFF,2023-03-21,event_crosses_quarter,0
SHOPH,2022-04-29,no_control,0
RC,2022-06-28,event_crosses_quarter,0
LCID,2023-04-26,no_control,0
FIP,2023-05-26,calendar_eligible,2
JUPWW,2022-12-29,event_crosses_quarter,0
CIM,2023-06-20,event_crosses_quarter,0
OLLI,2023-06-23,event_crosses_quarter,0
LCII,2023-05-23,no_control,0
NOC,2022-05-24,no_control,0
TISI,2023-05-17,no_control,0
NNBR.E,2023-05-26,no_control,0
SFIX,2023-12-18,event_crosses_quarter,0
AVA,2022-05-19,calendar_eligible,1
JEF,2022-04-04,calendar_eligible,4
RLJ,2023-05-05,no_control,0
ON,2022-06-03,event_crosses_quarter,0
CFFI,2022-04-22,calendar_eligible,1
BYFC,2023-06-28,event_crosses_quarter,0
RITMPD,2023-05-26,calendar_eligible,2
HLTH,2022-09-28,event_crosses_quarter,0
OVID,2022-06-13,event_crosses_quarter,0
SITCPA,2023-05-12,no_control,0
MUSA,2023-05-08,no_control,0
DKSW,2022-06-21,event_crosses_quarter,0
HWBK,2022-06-10,event_crosses_quarter,0
ACBAW,2023-01-10,no_control,0
SAT,2023-09-29,event_crosses_quarter,0
U,2022-06-07,event_crosses_quarter,0
CHMG,2023-06-07,event_crosses_quarter,0
FF,2022-09-29,event_crosses_quarter,0
AMN,2023-05-22,calendar_eligible,1
DPSI,2022-11-22,calendar_eligible,3
COI,2022-05-05,no_control,0
PCGU,2023-05-23,no_control,0
MRIN,2022-06-13,event_crosses_quarter,0
RAPT,2023-05-30,calendar_eligible,2
EXC,2022-05-02,no_control,0
UIS,2022-05-10,no_control,0
AMWL,2023-06-28,event_crosses_quarter,0
ENV,2022-05-23,calendar_eligible,3
AEVA.WS,2022-11-25,no_control,0
PTGX,2022-06-03,event_crosses_quarter,0
MKC,2022-04-05,no_control,0
RNXT,2023-06-12,event_crosses_quarter,0
AA,2023-05-11,no_control,0
SABRP,2022-05-02,no_control,0
CTO,2023-06-26,event_crosses_quarter,0
APT,2023-06-14,event_crosses_quarter,0
SKYT,2023-06-12,event_crosses_quarter,0
ORLY,2022-05-17,no_control,0
BBSI,2023-06-09,event_crosses_quarter,0
KBNTW,2023-06-13,event_crosses_quarter,0
SCM,2022-06-27,event_crosses_quarter,0
DRHPA,2022-05-06,no_control,0
MDRX,2022-06-23,event_crosses_quarter,0
YCBD,2022-03-17,event_crosses_quarter,0
EYE,2023-06-21,event_crosses_quarter,0
VRME,2023-06-08,event_crosses_quarter,0
ICU,2023-07-03,no_control,0
TCX,2023-09-11,event_crosses_quarter,0
CURV,2022-06-03,event_crosses_quarter,0
SGBX,2022-10-19,no_control,0
LMFA,2023-01-04,no_control,0
CRWS,2022-08-18,calendar_eligible,2
NOG,2022-05-31,calendar_eligible,4
PEG,2023-04-24,no_control,0
CWT,2023-06-02,event_crosses_quarter,0
FITB,2023-04-24,no_control,0
INNPE,2022-05-17,no_control,0
CHE,2023-05-17,calendar_eligible,2
CTRN,2023-06-15,event_crosses_quarter,0
CATO,2022-05-24,calendar_eligible,3
HCDIW,2023-07-18,calendar_eligible,1
HNNAZ,2023-02-14,no_control,0
SIVBP,2022-04-25,no_control,0
SREA,2023-05-17,no_control,0
PMW,2023-05-10,no_control,0
XRX,2022-05-26,no_control,0
EBF,2023-07-17,calendar_eligible,3
WRBPG,2022-06-17,event_crosses_quarter,0
DGLY,2022-12-09,event_crosses_quarter,0
DY,2022-05-27,no_control,0
SIG,2023-06-22,event_crosses_quarter,0
NHC,2022-05-11,calendar_eligible,1
CPJ,2023-04-27,no_control,0
BXP,2022-05-23,calendar_eligible,3
QRVO,2022-08-11,calendar_eligible,1
BOX,2023-06-30,event_crosses_quarter,0
AVRO,2023-06-12,event_crosses_quarter,0
WTER,2022-10-03,no_control,0
SLB,2022-04-07,no_control,0
CVRX,2023-06-09,event_crosses_quarter,0
PEBPE,2023-05-25,no_control,0
PGTI,2022-06-15,event_crosses_quarter,0
WEYS,2023-05-05,no_control,0
HGV,2023-05-04,no_control,0
WNEB,2022-05-12,no_control,0
DSKE,2023-06-12,event_crosses_quarter,0
QBTS,2023-06-15,event_crosses_quarter,0
RVYL,2023-11-06,no_control,0
HAIN,2022-11-25,no_control,0
BTU,2023-05-05,no_control,0
KNSA,2022-07-01,no_control,0
PRO,2022-05-13,no_control,0
TDW,2022-06-27,event_crosses_quarter,0
USWSW,2022-05-24,no_control,0
EVA,2023-06-16,event_crosses_quarter,0
GWRE,2023-12-22,event_crosses_quarter,0
FARM,2023-01-13,no_control,0
DOUG,2022-07-06,no_control,0
PCGPC,2022-05-24,no_control,0
CTSH,2022-06-13,event_crosses_quarter,0
ASB,2022-04-28,no_control,0
ADTN,2022-05-16,no_control,0
WTFCM,2022-05-31,no_control,0
SBT,2023-05-19,no_control,0
MITK,2023-10-04,no_control,0
SUM,2022-05-19,calendar_eligible,2
HL,2022-05-31,no_control,0
UNM,2023-05-30,no_control,0
NRZPB,2022-05-31,calendar_eligible,4
NKTR,2023-06-12,event_crosses_quarter,0
GBL,2022-06-07,event_crosses_quarter,0
PTCT,2022-06-10,event_crosses_quarter,0
IDW,2022-04-12,no_control,0
GRNT.WS,2023-05-31,no_control,0
COMP,2022-06-08,event_crosses_quarter,0
DYN,2023-05-26,calendar_eligible,2
CF,2023-05-08,no_control,0
R,2023-05-10,no_control,0
COHU,2022-05-06,calendar_eligible,1
FULC,2022-06-10,event_crosses_quarter,0
HNRG,2022-06-16,event_crosses_quarter,0
MIMO.WS.B,2023-06-22,event_crosses_quarter,0
AXDX,2023-05-25,no_control,0
PRA,2023-05-30,no_control,0
TELZ,2022-06-09,event_crosses_quarter,0
PZN,2022-05-20,no_control,0
CNOBP,2022-05-27,no_control,0
GHLD,2023-05-09,no_control,0
PNTG,2022-06-06,event_crosses_quarter,0
BFS,2023-05-16,calendar_eligible,2
ESQ,2022-05-27,no_control,0
POWI,2023-05-24,calendar_eligible,3
WRAP,2023-07-03,no_control,0
ZLAB,2023-06-21,event_crosses_quarter,0
MIND,2022-08-01,calendar_eligible,1
MSGM,2022-06-23,event_crosses_quarter,0
MITQ,2023-04-27,no_control,0
ELMD,2023-11-16,calendar_eligible,2
VERY,2022-08-09,calendar_eligible,1
VST.WS.A,2023-05-08,no_control,0
FIZZ,2022-10-12,calendar_eligible,3
ACBA,2023-01-10,no_control,0
GTX,2022-05-31,calendar_eligible,1
LXPPC,2022-05-31,no_control,0
ZIVO,2022-08-04,no_control,0
NCSM,2022-06-03,event_crosses_quarter,0
BSXW,2022-05-09,no_control,0
ITGR,2022-05-19,no_control,0
MACK,2023-06-08,event_crosses_quarter,0
SLDP,2023-05-26,calendar_eligible,2
EXTR,2022-11-21,calendar_eligible,3
GRNT,2023-05-31,no_control,0
HEES,2022-05-19,no_control,0
UAVS,2022-06-21,event_crosses_quarter,0
ELV,2023-05-12,no_control,0
ELAT,2022-05-20,no_control,0
INVE,2022-06-01,event_crosses_quarter,0
FND,2022-05-13,no_control,0
S,2022-07-05,no_control,0
EXPE,2023-06-05,event_crosses_quarter,0
BF.BW,2023-07-28,no_control,0
HLLY.WS,2023-05-12,no_control,0
RAVE,2023-12-12,event_crosses_quarter,0
IBRX,2022-06-15,event_crosses_quarter,0
ETD,2023-11-10,no_control,0
DATS,2023-12-29,event_crosses_quarter,0
APLS,2023-06-02,event_crosses_quarter,0
OXSQ,2023-08-29,no_control,0
VSH,2023-05-24,no_control,0
PALI,2023-06-12,event_crosses_quarter,0
PAYOW,2023-06-02,event_crosses_quarter,0
BREZW,2022-09-16,event_crosses_quarter,0
AGCO,2023-04-28,no_control,0
MKC.V,2023-04-03,no_control,0
CVGW,2023-05-01,no_control,0
ZEV.WS,2022-08-01,no_control,0
GRBKPA,2022-06-10,event_crosses_quarter,0
KRTX,2023-06-22,event_crosses_quarter,0
CSGP,2023-06-13,event_crosses_quarter,0
TEX,2023-05-23,no_control,0
OMIC,2022-06-06,event_crosses_quarter,0
RGNX,2023-06-06,event_crosses_quarter,0
RCRT,2022-08-01,no_control,0
WRBPE,2022-06-17,event_crosses_quarter,0
DTLAP,2022-11-11,calendar_eligible,1
ALDX,2023-07-05,calendar_eligible,4
BGS,2022-05-20,calendar_eligible,2
PXD,2022-06-02,event_crosses_quarter,0
VACC,2022-06-17,event_crosses_quarter,0
WLK,2023-05-17,no_control,0
FOX,2023-11-20,no_control,0
SFE,2023-05-26,calendar_eligible,2
AVPT,2023-05-23,calendar_eligible,2
LFMD,2022-06-23,event_crosses_quarter,0
ONCR,2022-06-24,event_crosses_quarter,0
AEVA,2022-11-25,no_control,0
RETA,2023-06-08,event_crosses_quarter,0
BACPB,2023-05-01,no_control,0
KRMD,2022-05-11,no_control,0
ALLE,2022-06-07,event_crosses_quarter,0
SPRY,2023-06-29,event_crosses_quarter,0
FCX,2023-06-08,event_crosses_quarter,0
BREZR,2022-09-16,event_crosses_quarter,0
GLAD,2023-02-03,no_control,0
FBIOP,2022-06-28,event_crosses_quarter,0
EOSE,2022-05-20,no_control,0
DINO,2022-06-10,event_crosses_quarter,0
TTC,2022-03-17,event_crosses_quarter,0
THRY,2022-06-10,event_crosses_quarter,0
ONL,2022-05-31,calendar_eligible,4
GTXAP,2023-05-26,no_control,0
ENSC,2023-08-29,calendar_eligible,2
HFBL,2022-11-18,no_control,0
REPX,2023-04-25,calendar_eligible,1
CC,2023-04-28,no_control,0
ALTGPA,2023-06-13,event_crosses_quarter,0
CWBC,2022-06-01,event_crosses_quarter,0
OXM,2023-06-20,event_crosses_quarter,0
NMRK,2022-10-03,calendar_eligible,4
ACRPD,2022-06-10,event_crosses_quarter,0
ZIVOW,2022-08-04,no_control,0
KODK,2023-05-23,calendar_eligible,3
NMFC,2022-04-27,no_control,0
ROLL,2022-09-12,event_crosses_quarter,0
LXU,2023-05-12,no_control,0
OXBRW,2023-06-05,event_crosses_quarter,0
ADC,2023-05-12,no_control,0
DOC,2023-05-05,no_control,0
EPAM,2023-06-08,event_crosses_quarter,0
CAR,2022-05-27,no_control,0
VEEE,2022-12-05,event_crosses_quarter,0
RGP,2023-10-23,calendar_eligible,2
SKT,2022-05-16,calendar_eligible,2
DXPE,2022-06-15,event_crosses_quarter,0
RTLPP,2023-07-03,no_control,0
TIVC,2023-06-20,event_crosses_quarter,0
H,2023-05-19,no_control,0
BMRN,2023-05-31,calendar_eligible,4
AWI,2022-06-23,event_crosses_quarter,0
CIMPB,2023-06-20,event_crosses_quarter,0
LBAI,2024-01-02,no_control,0
CXDO,2023-06-29,event_crosses_quarter,0
CHX,2022-05-16,no_control,0
FITBP,2022-04-18,no_control,0
EQ,2022-05-26,no_control,0
CZWI,2022-06-27,event_crosses_quarter,0
FSFG,2023-02-09,no_control,0
MIDD,2022-05-20,no_control,0
HLI,2022-09-28,event_crosses_quarter,0
AMBC.WS,2022-05-27,no_control,0
WHF,2022-08-11,calendar_eligible,1
ZUO,2022-06-24,event_crosses_quarter,0
GRAY,2022-06-06,event_crosses_quarter,0
UTL,2022-05-04,no_control,0
BJDX,2023-06-21,event_crosses_quarter,0
AHTPD,2022-05-11,no_control,0
WHR,2022-04-22,no_control,0
ADM,2022-05-09,no_control,0
UPST,2023-05-30,calendar_eligible,4
COFW,2022-05-09,no_control,0
CVGI,2023-05-15,calendar_eligible,1
MPB,2022-05-11,no_control,0
DARE,2023-06-23,event_crosses_quarter,0
MCRI,2023-06-12,event_crosses_quarter,0
IRNT.WS,2022-07-18,calendar_eligible,1
EQHPA,2022-05-23,calendar_eligible,1
THOW,2022-12-19,event_crosses_quarter,0
ACXP,2023-06-21,event_crosses_quarter,0
NRZPC,2022-05-31,calendar_eligible,4
AJG,2023-05-12,no_control,0
OHI,2022-06-07,event_crosses_quarter,0
LIDRW,2022-05-12,no_control,0
OI,2023-05-11,calendar_eligible,1
HBANP,2022-04-26,no_control,0
MIR.WS,2023-06-12,event_crosses_quarter,0
SLS,2022-06-10,event_crosses_quarter,0
RMED,2022-06-07,event_crosses_quarter,0
ZEV,2023-05-18,no_control,0
ESE,2023-02-09,no_control,0
TMQ,2022-05-17,no_control,0
GNLPB,2022-04-21,no_control,0
ENVX,2023-06-21,event_crosses_quarter,0
QNRX,2023-11-07,no_control,0
PETVW,2023-11-24,calendar_eligible,1
NYC,2022-06-06,event_crosses_quarter,0
RARE,2022-06-28,event_crosses_quarter,0
VTOL,2023-06-12,event_crosses_quarter,0
TCS,2022-09-08,event_crosses_quarter,0
BACPN,2023-05-01,no_control,0
EBS,2022-05-31,no_control,0
SIVB,2022-04-25,no_control,0
CMSC,2023-05-11,no_control,0
LHX,2023-04-25,no_control,0
NSYS,2022-05-16,calendar_eligible,1
WEX,2022-05-17,no_control,0
CACCE,2022-06-09,event_crosses_quarter,0
AIGPA,2023-05-16,no_control,0
RUN,2023-06-08,event_crosses_quarter,0
JLL,2022-05-27,no_control,0
SVC,2022-06-17,event_crosses_quarter,0
FLNC,2022-03-25,event_crosses_quarter,0
LNT,2022-05-25,calendar_eligible,3
ATEC,2022-06-17,event_crosses_quarter,0
DEI,2022-06-01,event_crosses_quarter,0
PRVB,2022-05-23,no_control,0
IRON,2023-06-12,event_crosses_quarter,0
PRME,2023-06-20,event_crosses_quarter,0
AKYA,2022-06-06,event_crosses_quarter,0
TRDA,2022-06-06,event_crosses_quarter,0
ASBPF,2022-04-28,no_control,0
SAJ,2023-09-29,event_crosses_quarter,0
WHD,2023-05-18,no_control,0
VYNE,2022-08-11,no_control,0
IMGN,2022-06-21,event_crosses_quarter,0
AIHS,2023-04-06,calendar_eligible,2
FMAO,2022-04-18,no_control,0
RCPC,2022-06-28,event_crosses_quarter,0
DSP,2022-06-06,event_crosses_quarter,0
MODI,2022-07-27,no_control,0
RELI,2023-11-17,calendar_eligible,2
SOJD,2023-05-30,no_control,0
CHDW,2022-05-02,no_control,0
SASR,2023-05-26,no_control,0
NXTC,2023-06-27,event_crosses_quarter,0
ACCO,2022-05-18,no_control,0
RES,2022-04-29,no_control,0
UGI,2023-02-02,no_control,0
SAH,2022-04-29,no_control,0
BKTI,2023-12-15,event_crosses_quarter,0
MELI,2022-06-13,event_crosses_quarter,0
VRNT,2023-06-26,event_crosses_quarter,0
CPS,2023-05-25,no_control,0
WMC,2023-06-28,event_crosses_quarter,0
ATIP.WS,2022-06-07,event_crosses_quarter,0
BGFV,2023-06-14,event_crosses_quarter,0
OBT,2022-05-26,no_control,0
BER,2022-06-17,event_crosses_quarter,0
BKSC,2022-04-14,calendar_eligible,2
LFMDP,2023-07-10,no_control,0
LGVN,2022-06-28,event_crosses_quarter,0
SNPO,2022-05-23,calendar_eligible,3
CIO,2022-05-09,calendar_eligible,1
ENOV,2022-06-14,event_crosses_quarter,0
SRE,2023-05-17,no_control,0
EOSEW,2022-05-20,no_control,0
HMNF,2022-04-29,no_control,0
QRHC,2023-07-06,no_control,0
BCAL,2023-07-28,no_control,0
EXPI,2023-05-23,no_control,0
HTLD,2023-05-17,no_control,0
HP,2023-03-02,calendar_eligible,3
OMER,2022-06-27,event_crosses_quarter,0
AKBA,2022-06-13,event_crosses_quarter,0
PCYO,2023-01-13,calendar_eligible,2
NEEPN,2022-05-24,no_control,0
LGL.WS,2023-12-07,event_crosses_quarter,0
MVST,2023-10-02,no_control,0
AVIR,2023-06-22,event_crosses_quarter,0
EVI,2022-12-19,event_crosses_quarter,0
LIVE,2023-08-01,no_control,0
FTVW,2023-06-12,event_crosses_quarter,0
CPF,2022-04-26,calendar_eligible,1
SQ,2023-06-16,event_crosses_quarter,0
EOLS,2022-06-13,event_crosses_quarter,0
PACW,2023-05-08,calendar_eligible,1
ELAN,2023-05-23,calendar_eligible,1
RHEPA,2023-02-21,no_control,0
OXSQZ,2023-08-29,no_control,0
AGYS,2023-08-24,calendar_eligible,3
ROP,2023-06-15,event_crosses_quarter,0
ANGO,2022-11-07,no_control,0
CNS,2023-05-09,calendar_eligible,1
EQBK,2022-04-29,no_control,0
MANT,2022-06-16,event_crosses_quarter,0
KEYPI,2023-05-15,no_control,0
NEU,2023-04-28,no_control,0
LKFN,2022-04-14,no_control,0
EDIT,2022-06-14,event_crosses_quarter,0
APCX,2022-05-09,no_control,0
KZR,2023-06-20,event_crosses_quarter,0
ALIT,2023-05-19,no_control,0
HTBI,2022-11-16,no_control,0
TSCO,2023-05-15,calendar_eligible,1
FITBI,2023-04-24,no_control,0
SND,2022-06-09,event_crosses_quarter,0
IGTAU,2023-03-16,event_crosses_quarter,0
TMHC,2023-05-30,no_control,0
BPTH,2023-12-18,event_crosses_quarter,0
ASPI,2023-12-06,event_crosses_quarter,0
BIOR,2023-06-16,event_crosses_quarter,0
FOA.WS,2023-06-13,event_crosses_quarter,0
OFS,2022-06-09,event_crosses_quarter,0
NDAQ,2023-06-28,event_crosses_quarter,0
AIZ,2023-05-15,no_control,0
FIVN,2022-05-20,calendar_eligible,2
PIIIW,2023-07-27,no_control,0
LWAY,2023-06-20,event_crosses_quarter,0
ELY,2022-05-27,no_control,0
AGM.A,2023-05-24,no_control,0
ESP,2022-12-06,event_crosses_quarter,0
SMTI,2022-06-13,event_crosses_quarter,0
SIPA,2022-06-17,event_crosses_quarter,0
TUSK,2023-06-09,event_crosses_quarter,0
BE,2023-05-24,no_control,0
VEL,2023-05-26,no_control,0
KIND,2023-06-12,event_crosses_quarter,0
ACFN,2022-09-15,event_crosses_quarter,0
AMRN,2023-07-26,calendar_eligible,1
LNSR,2023-05-31,calendar_eligible,2
AAMC,2023-12-27,event_crosses_quarter,0
LSEA,2022-06-10,event_crosses_quarter,0
LCTX,2022-06-21,event_crosses_quarter,0
IVDAW,2023-11-10,no_control,0
AIV,2022-12-21,event_crosses_quarter,0
KTTAW,2022-06-27,event_crosses_quarter,0
HURC,2023-03-13,event_crosses_quarter,0
DUOL,2023-06-23,event_crosses_quarter,0
CVR,2022-05-12,calendar_eligible,1
MTX,2022-05-20,calendar_eligible,2
CMRA,2023-09-05,event_crosses_quarter,0
ICPT,2023-05-26,no_control,0
SHPH,2022-12-20,event_crosses_quarter,0
BSQR,2022-12-01,event_crosses_quarter,0
DENN,2023-05-22,no_control,0
VERI,2022-06-23,event_crosses_quarter,0
SDIG,2022-06-23,event_crosses_quarter,0
TIL,2022-05-23,calendar_eligible,2
PRLB,2022-05-19,no_control,0
LQDA,2022-06-21,event_crosses_quarter,0
REVB,2023-07-17,no_control,0
MIMO.WS.C,2022-06-24,event_crosses_quarter,0
PRAA,2022-06-13,event_crosses_quarter,0
MAYS,2023-11-24,no_control,0
MUX,2022-07-13,no_control,0
SBRA,2023-06-15,event_crosses_quarter,0
SOFI,2023-06-20,event_crosses_quarter,0
ASIX,2022-06-17,event_crosses_quarter,0
GWRS,2023-05-05,no_control,0
CHRWD,2022-05-10,calendar_eligible,1
BBLGW,2023-09-13,event_crosses_quarter,0
FTV,2023-06-12,event_crosses_quarter,0
NLYPI,2022-05-20,no_control,0
HMST,2023-05-31,no_control,0
PEARW,2022-06-16,event_crosses_quarter,0
RACYU,2023-12-27,event_crosses_quarter,0
MTTR,2022-07-08,calendar_eligible,3
PCGPA,2022-05-24,no_control,0
APCXW,2022-05-09,no_control,0
REPL,2022-09-09,event_crosses_quarter,0
DT,2023-08-28,no_control,0
WALPA,2023-06-15,event_crosses_quarter,0
GOSS,2023-06-12,event_crosses_quarter,0
EHC,2022-05-10,no_control,0
BDN,2022-05-20,calendar_eligible,2
SILO,2023-12-06,event_crosses_quarter,0
HTBK,2022-06-01,event_crosses_quarter,0
USFD,2023-05-23,no_control,0
FTAIN,2022-05-31,no_control,0
LIDR,2022-05-12,no_control,0
NNAVW,2023-05-23,calendar_eligible,1
FSI,2022-11-23,no_control,0
LULU,2022-06-15,event_crosses_quarter,0
ADTH,2022-05-26,calendar_eligible,3
MTB,2023-04-21,no_control,0
FIS,2023-05-30,no_control,0
DCUE,2022-05-13,calendar_eligible,1
RFPC,2022-04-22,no_control,0
NVEE,2023-06-15,event_crosses_quarter,0
EYEG,2023-06-22,event_crosses_quarter,0
IVAC,2023-05-22,calendar_eligible,3
MODV,2022-06-15,event_crosses_quarter,0
ATRC,2022-05-31,no_control,0
CASY,2022-09-02,event_crosses_quarter,0
AMRS,2022-06-13,event_crosses_quarter,0
NPO,2022-05-02,no_control,0
TSQ,2022-05-16,calendar_eligible,1
MSN,2022-03-28,event_crosses_quarter,0
AFRM,2022-12-12,event_crosses_quarter,0
CCOI,2022-05-05,no_control,0
NAOV,2023-06-22,event_crosses_quarter,0
MMMB,2022-09-19,event_crosses_quarter,0
SLNG,2023-08-21,calendar_eligible,1
DSGN,2022-06-17,event_crosses_quarter,0
MHHW,2022-05-17,no_control,0
WTBA,2022-05-03,no_control,0
IONQ.WS,2022-05-27,calendar_eligible,3
ARAV,2022-09-23,event_crosses_quarter,0
ARES,2023-06-16,event_crosses_quarter,0
ESGRP,2022-06-02,event_crosses_quarter,0
PNM,2023-05-11,no_control,0
RHP,2022-05-17,no_control,0
EQCPD,2023-06-15,event_crosses_quarter,0
ICCH,2022-05-19,no_control,0
KLR.WS,2022-11-25,no_control,0
DMRC,2023-05-15,no_control,0
ALJJ,2022-08-23,calendar_eligible,1
YEXT,2023-06-16,event_crosses_quarter,0
CLSN,2022-06-15,event_crosses_quarter,0
GWH,2022-06-03,event_crosses_quarter,0
EL,2022-11-25,no_control,0
NXDT,2023-06-16,event_crosses_quarter,0
SOTK,2023-08-28,calendar_eligible,4
CYH,2022-05-12,no_control,0
GALT,2023-12-12,event_crosses_quarter,0
AVGOP,2022-04-06,no_control,0
ZNTL,2023-06-20,event_crosses_quarter,0
DHRW,2022-05-13,no_control,0
CGBD,2023-06-12,event_crosses_quarter,0
DBGIW,2023-12-29,event_crosses_quarter,0
PARAP,2022-06-13,event_crosses_quarter,0
NFG,2023-03-10,event_crosses_quarter,0
REYN,2023-04-28,no_control,0
GBOX,2022-10-14,calendar_eligible,2
VTLE,2023-05-26,no_control,0
HWM,2023-05-23,no_control,0
MIR,2023-06-12,event_crosses_quarter,0
IBOC,2023-05-18,calendar_eligible,2
RSVR,2022-08-16,calendar_eligible,2
NVEC,2022-08-08,no_control,0
BECN,2023-05-22,calendar_eligible,3
ASBPE,2023-04-28,no_control,0
CINGW,2022-06-10,event_crosses_quarter,0
FDBC,2023-05-04,no_control,0
DHC,2022-06-07,event_crosses_quarter,0
FBRTPE,2022-07-05,calendar_eligible,1
PFH,2022-05-11,no_control,0
SENEA,2023-08-15,no_control,0
ALTG,2022-06-15,event_crosses_quarter,0
RNAZ,2023-05-11,no_control,0
NEEPP,2022-05-24,no_control,0
KEY,2023-05-15,no_control,0
HYMCW,2022-06-07,event_crosses_quarter,0
WULF,2022-06-24,event_crosses_quarter,0
LNDC,2022-11-08,no_control,0
BHIL,2023-08-16,no_control,0
CLVRW,2023-06-05,event_crosses_quarter,0
KALU,2023-06-08,event_crosses_quarter,0
BMEA,2022-06-24,event_crosses_quarter,0
WTFCP,2022-05-31,no_control,0
LXP,2022-05-31,no_control,0
RNG,2022-12-21,event_crosses_quarter,0
ASUR,2022-06-06,event_crosses_quarter,0
MLI,2023-05-09,no_control,0
MYE,2023-05-01,no_control,0
BYD,2023-05-09,no_control,0
SNDX,2022-05-12,calendar_eligible,1
HTGC,2022-06-28,event_crosses_quarter,0
ARL,2023-12-18,event_crosses_quarter,0
MOG.A,2023-02-02,no_control,0
GMREPA,2023-05-11,calendar_eligible,1
SLCA,2022-05-16,calendar_eligible,2
BARK.WS,2022-11-22,calendar_eligible,3
REXR,2023-06-08,event_crosses_quarter,0
MLTX,2023-06-08,event_crosses_quarter,0
LFT,2022-06-17,event_crosses_quarter,0
HSTO,2022-06-03,event_crosses_quarter,0
WTT,2022-08-02,no_control,0
BCOW,2023-05-23,no_control,0
LGF.B,2022-09-15,event_crosses_quarter,0
NWL,2023-05-22,no_control,0
DM,2022-06-14,event_crosses_quarter,0
WORX,2023-10-11,calendar_eligible,1
HAFC,2023-05-26,calendar_eligible,2
RYAM,2023-05-22,no_control,0
RCC,2022-06-28,event_crosses_quarter,0
HYMCL,2022-06-07,event_crosses_quarter,0
YELP,2022-06-07,event_crosses_quarter,0
COLL,2022-05-24,no_control,0
DXPD,2022-05-18,calendar_eligible,2
ZION,2023-05-10,calendar_eligible,1
THC,2022-05-10,no_control,0
BDX,2023-01-31,no_control,0
PSTL,2023-06-12,event_crosses_quarter,0
GXII,2023-01-03,no_control,0
SIBN,2023-06-13,event_crosses_quarter,0
RCKY,2022-06-02,event_crosses_quarter,0
AUB,2022-05-06,no_control,0
BLBD,2023-03-13,event_crosses_quarter,0
PPTA,2023-05-22,no_control,0
SDC,2022-06-09,event_crosses_quarter,0
SRC,2023-05-05,no_control,0
WTI,2023-06-21,event_crosses_quarter,0
GMGI,2023-10-16,no_control,0
FAT,2023-12-21,event_crosses_quarter,0
AMPG,2022-12-12,event_crosses_quarter,0
HYMCZ,2022-06-07,event_crosses_quarter,0
SOUN,2023-07-06,no_control,0
TWKS,2022-06-21,event_crosses_quarter,0
TCRX,2022-06-06,event_crosses_quarter,0
KNSL,2022-05-27,calendar_eligible,3
QSR,2023-05-24,calendar_eligible,3
MEC,2022-04-22,calendar_eligible,1
LIAN,2022-06-13,event_crosses_quarter,0
DTSTW,2023-09-18,event_crosses_quarter,0
SKY,2022-07-29,no_control,0
ALPP,2023-04-21,no_control,0
CHGG,2022-06-03,event_crosses_quarter,0
AGIO,2022-06-23,event_crosses_quarter,0
EMRW,2023-02-13,calendar_eligible,1
ML.WS,2022-06-21,event_crosses_quarter,0
AMLX,2023-06-12,event_crosses_quarter,0
XFOR,2022-06-08,event_crosses_quarter,0
UNHW,2022-06-13,event_crosses_quarter,0
FTNT,2023-06-26,event_crosses_quarter,0
VEEV,2023-06-26,event_crosses_quarter,0
EW,2023-05-16,calendar_eligible,2
AME,2023-05-09,no_control,0
WVVIP,2022-07-22,calendar_eligible,1
BF.A,2022-08-01,calendar_eligible,1
TRVI,2022-06-24,event_crosses_quarter,0
PMTS,2023-06-01,event_crosses_quarter,0
GENC,2022-03-08,event_crosses_quarter,0
KLIC,2023-03-06,event_crosses_quarter,0
METPE,2022-06-27,event_crosses_quarter,0
HOLX,2022-03-14,event_crosses_quarter,0
FGBIP,2023-05-22,no_control,0
BCDAW,2023-10-19,no_control,0
GEW,2022-05-09,no_control,0
SKYX,2023-06-30,event_crosses_quarter,0
STLD,2022-05-10,no_control,0
LECO,2022-04-26,no_control,0
RAD,2023-08-25,no_control,0
KALV,2022-10-18,calendar_eligible,1
SANM,2022-03-21,event_crosses_quarter,0
EVC,2022-05-31,calendar_eligible,4
LOOP,2022-07-01,no_control,0
MYO,2022-06-13,event_crosses_quarter,0
MGPI,2023-05-31,calendar_eligible,4
EDTX,2023-01-23,no_control,0
USWS,2022-05-24,no_control,0
VRTX,2023-05-19,calendar_eligible,1
DOCU,2022-06-07,event_crosses_quarter,0
ANTM,2022-05-20,no_control,0
NABL,2022-05-27,calendar_eligible,3
FDS,2023-12-20,event_crosses_quarter,0
PFG,2022-05-19,no_control,0
CBU,2022-05-23,no_control,0
GDRX,2022-06-21,event_crosses_quarter,0
ESS,2022-05-13,calendar_eligible,1
UMBF,2023-05-01,no_control,0
GCI,2022-06-08,event_crosses_quarter,0
WM,2022-05-16,no_control,0
EQHPC,2022-05-23,calendar_eligible,1
GPRED,2023-05-10,no_control,0
BIVI,2023-11-14,no_control,0
IVT,2023-05-09,calendar_eligible,1
WFCPQ,2022-05-02,no_control,0
INBS,2023-02-10,no_control,0
HBB,2022-05-20,calendar_eligible,2
NBST,2024-01-02,no_control,0
BOWL,2022-12-15,event_crosses_quarter,0
KLR,2022-11-25,no_control,0
GRTS,2022-06-22,event_crosses_quarter,0
CLWW,2022-05-19,calendar_eligible,2
ABDW,2022-05-18,no_control,0
EPRT,2022-05-17,no_control,0
LFST,2023-06-05,event_crosses_quarter,0
CBTX,2022-07-01,no_control,0
CASS,2022-04-22,calendar_eligible,1
CMAXW,2023-06-15,event_crosses_quarter,0
CYN,2023-11-10,calendar_eligible,1
IVDA,2023-11-10,no_control,0
DGII,2023-02-02,no_control,0
PZZA,2023-05-03,no_control,0
NSA,2022-05-31,calendar_eligible,4
INBK,2022-05-18,no_control,0
SGRY,2022-05-23,calendar_eligible,3
IFF,2023-05-09,no_control,0
WFCPC,2023-04-28,no_control,0
BWFG,2023-06-01,event_crosses_quarter,0
CELGR,2023-05-05,no_control,0
BCC,2023-05-08,calendar_eligible,1
AHT,2023-05-11,no_control,0
ACON,2023-12-20,event_crosses_quarter,0
FL,2022-05-23,calendar_eligible,3
CCAP,2022-05-18,calendar_eligible,1
CVCY,2022-05-20,no_control,0
IOSP,2022-05-09,no_control,0
WTRG,2022-05-13,no_control,0
CTOPA,2023-06-26,event_crosses_quarter,0
PLL,2023-06-15,event_crosses_quarter,0
IRRX.WS,2023-08-14,no_control,0
LGLR,2022-12-21,event_crosses_quarter,0
CNXC,2023-03-28,event_crosses_quarter,0
NMTC,2023-03-20,event_crosses_quarter,0
HCTI,2022-11-22,calendar_eligible,3
NRG,2023-05-03,no_control,0
CMSD,2023-05-11,no_control,0
BMLPG,2023-05-01,no_control,0
MAXR,2022-05-13,no_control,0
WHLRL,2022-06-21,event_crosses_quarter,0
SYBT,2022-05-04,no_control,0
FRZA,2023-10-16,calendar_eligible,3
DHCNI,2023-06-07,event_crosses_quarter,0
SNCE,2022-05-16,no_control,0
AGMPG,2023-05-24,no_control,0
HDI,2022-05-19,calendar_eligible,2
BATRK,2023-06-13,event_crosses_quarter,0
SMBK,2022-05-31,no_control,0
GLUE,2022-06-16,event_crosses_quarter,0
LSBK,2022-05-19,no_control,0
PDEX,2022-11-21,calendar_eligible,3
BR.TW,2023-11-14,no_control,0
RIGL,2023-05-31,no_control,0
BKCC,2022-05-09,no_control,0
NVVE,2023-01-30,no_control,0
BWEN,2022-05-02,no_control,0
PCGPH,2022-05-24,no_control,0
SI,2022-06-17,event_crosses_quarter,0
MOH,2022-05-09,no_control,0
ETR,2023-05-11,no_control,0
POLA,2022-12-22,event_crosses_quarter,0
FTAI,2023-05-26,calendar_eligible,1
PLBY,2022-06-13,event_crosses_quarter,0
WING,2022-05-31,no_control,0
TALS,2022-06-14,event_crosses_quarter,0
BMBL,2022-06-09,event_crosses_quarter,0
SKYH.WS,2023-06-16,event_crosses_quarter,0
CARM,2023-06-12,event_crosses_quarter,0
NBSTU,2024-01-02,no_control,0
BKD,2022-06-22,event_crosses_quarter,0
IOR,2022-12-28,event_crosses_quarter,0
CHKEL,2023-06-09,event_crosses_quarter,0
GEO,2023-05-05,no_control,0
MOD,2023-08-22,calendar_eligible,2
ESEW,2023-02-09,no_control,0
ZM,2022-06-23,event_crosses_quarter,0
RDI.A,2022-12-19,event_crosses_quarter,0
OCN,2023-05-24,calendar_eligible,3
MPWR,2023-06-16,event_crosses_quarter,0
KIDS,2023-06-20,event_crosses_quarter,0
GSPC,2022-05-02,no_control,0
NEM,2023-04-28,no_control,0
MRUS,2022-06-01,event_crosses_quarter,0
NCMI,2023-11-08,calendar_eligible,1
VHC,2022-06-09,event_crosses_quarter,0
TRKAW,2022-12-22,event_crosses_quarter,0
BREZ,2022-09-16,event_crosses_quarter,0
SLRX,2023-06-16,event_crosses_quarter,0
CCNC,2022-12-21,event_crosses_quarter,0
SKIL.WS,2022-06-27,event_crosses_quarter,0
OSBC,2022-05-19,calendar_eligible,2
WSC,2022-06-06,event_crosses_quarter,0
OSS,2023-05-19,no_control,0
CCXI,2022-06-02,event_crosses_quarter,0
KN,2022-05-02,no_control,0
BRDS,2022-06-14,event_crosses_quarter,0
AGMPD,2023-05-24,no_control,0
FIZ,2022-10-12,calendar_eligible,3
REXRPC,2022-06-16,event_crosses_quarter,0
PSMT,2023-02-07,no_control,0
OUST.WS,2022-06-15,event_crosses_quarter,0
SMHI,2022-06-13,event_crosses_quarter,0
BLFS,2023-07-28,no_control,0
ISPC,2022-05-27,no_control,0
PTSI,2022-05-10,no_control,0
IAS,2023-05-15,no_control,0
OPFI,2023-06-09,event_crosses_quarter,0
STAA,2023-06-20,event_crosses_quarter,0
SRRK,2023-06-23,event_crosses_quarter,0
ISDR,2022-06-13,event_crosses_quarter,0
NKLA,2022-08-08,no_control,0
CDNS,2022-05-09,calendar_eligible,1
EYEN,2022-06-21,event_crosses_quarter,0
WLY,2023-10-04,no_control,0
LAZY,2023-06-16,event_crosses_quarter,0
GEOS,2023-02-10,calendar_eligible,1
PIII,2022-12-22,event_crosses_quarter,0
CELUW,2022-07-15,no_control,0
KIM,2022-04-28,no_control,0
BLND,2022-06-30,event_crosses_quarter,0
ACHC,2022-05-23,no_control,0
SACH,2023-09-08,event_crosses_quarter,0
AMPS.WS,2022-05-27,calendar_eligible,2
ME,2022-09-02,event_crosses_quarter,0
HRMY,2022-05-24,no_control,0
VISL,2023-08-28,calendar_eligible,4
JKHY,2022-11-18,calendar_eligible,2
RICK,2022-08-26,no_control,0
AADI,2022-06-21,event_crosses_quarter,0
LOAN,2022-06-15,event_crosses_quarter,0
BKSY.WS,2023-09-11,event_crosses_quarter,0
UPLD,2023-06-09,event_crosses_quarter,0
KROS,2022-06-02,event_crosses_quarter,0
ID,2022-06-22,event_crosses_quarter,0
KMPH,2022-07-05,calendar_eligible,5
TRINL,2023-06-22,event_crosses_quarter,0
LYB,2023-05-22,calendar_eligible,1
RWAY,2023-06-20,event_crosses_quarter,0
RRGBE,2022-05-23,no_control,0
CASA,2022-05-13,no_control,0
MGY,2022-05-06,no_control,0
SHBI,2023-05-26,no_control,0
TRUP,2022-06-14,event_crosses_quarter,0
GBDC,2023-02-10,no_control,0
NARI,2022-05-31,calendar_eligible,2
AAON,2022-05-19,no_control,0
BCDA,2023-10-19,no_control,0
CKPT,2022-06-16,event_crosses_quarter,0
ACRE,2023-05-31,no_control,0
ASTR,2023-06-13,event_crosses_quarter,0
IEX,2023-06-01,event_crosses_quarter,0
TCBIO,2022-04-21,no_control,0
SPIR.WS,2022-06-02,event_crosses_quarter,0
PRS,2023-05-10,no_control,0
WSR,2023-05-18,no_control,0
PNFP,2023-04-24,calendar_eligible,1
KTB,2022-04-21,no_control,0
HEW,2023-05-11,calendar_eligible,1
CPN,2023-04-27,no_control,0
FTAIP,2023-05-26,calendar_eligible,1
CNTX,2022-06-06,event_crosses_quarter,0
CYAN,2023-08-30,no_control,0
NUE,2023-05-15,no_control,0
USBPH,2022-04-22,no_control,0
COFPN,2022-05-09,no_control,0
RIDE,2023-05-24,no_control,0
COOP,2022-05-23,no_control,0
CTIB,2023-08-29,calendar_eligible,3
LTR,2022-05-12,calendar_eligible,1
NRIM,2022-06-01,event_crosses_quarter,0
ANVS,2022-06-06,event_crosses_quarter,0
FLXS,2022-12-19,event_crosses_quarter,0
LINK,2023-06-29,event_crosses_quarter,0
ZYNE,2023-06-15,event_crosses_quarter,0
AIZN,2022-05-17,no_control,0
FEIM,2023-10-11,calendar_eligible,3
FWRG,2022-05-27,calendar_eligible,1
ATEK.U,2023-12-20,event_crosses_quarter,0
CHMI,2022-06-21,event_crosses_quarter,0
SQSP,2023-06-09,event_crosses_quarter,0
KALA,2022-06-22,event_crosses_quarter,0
MODG,2023-06-12,event_crosses_quarter,0
OTRK,2023-10-03,no_control,0
NSAPA,2023-05-26,calendar_eligible,1
MLNK,2022-06-13,event_crosses_quarter,0
CNC,2023-05-16,calendar_eligible,2
GNEPA,2022-05-16,no_control,0
AGLE,2023-06-12,event_crosses_quarter,0
DTG,2022-05-12,no_control,0
CEADW,2022-10-12,calendar_eligible,3
ISSC,2023-04-19,calendar_eligible,2
GAIA,2022-05-03,no_control,0
TXRH,2022-05-16,no_control,0
EVTC,2022-05-26,no_control,0
MOBQ,2023-05-17,no_control,0
KRUS,2023-01-31,no_control,0
RXRX,2023-06-21,event_crosses_quarter,0
FB,2022-05-31,calendar_eligible,4
FSP,2022-05-16,calendar_eligible,2
BHLB,2022-05-23,no_control,0
TRKA,2022-12-22,event_crosses_quarter,0
CELU,2022-07-15,no_control,0
MCBC,2022-05-04,no_control,0
NKTX,2023-06-12,event_crosses_quarter,0
OSCR,2023-06-14,event_crosses_quarter,0
VHI,2022-05-27,calendar_eligible,1
FTHM,2022-11-01,no_control,0
JPMPD,2023-05-19,no_control,0
OPBK,2023-06-26,event_crosses_quarter,0
ATLO,2022-04-29,no_control,0
IRNT,2022-07-18,calendar_eligible,1
RRBI,2022-05-09,no_control,0
WMK,2022-04-29,no_control,0
DELL,2022-06-30,event_crosses_quarter,0
BURU,2023-06-20,event_crosses_quarter,0
WKHS,2022-05-09,no_control,0
BHFAM,2022-06-10,event_crosses_quarter,0
WSTG,2022-06-09,event_crosses_quarter,0
EBAY,2022-06-15,event_crosses_quarter,0
PFIN,2022-06-02,event_crosses_quarter,0
VSCO,2023-06-01,event_crosses_quarter,0
OMGI,2023-05-23,no_control,0
DHCNL,2022-06-07,event_crosses_quarter,0
BATL,2022-06-14,event_crosses_quarter,0
SNES,2023-06-28,event_crosses_quarter,0
KSCP,2022-06-29,event_crosses_quarter,0
MRTN,2023-05-09,no_control,0
CADL,2023-06-30,event_crosses_quarter,0
AMSWA,2023-08-29,no_control,0
SIDU,2022-11-03,no_control,0
GLT,2023-05-08,no_control,0
TRIP,2022-06-22,event_crosses_quarter,0
VCNX,2023-05-15,no_control,0
CDNA,2023-06-21,event_crosses_quarter,0
TDG,2023-03-13,event_crosses_quarter,0
MP,2022-06-21,event_crosses_quarter,0
BSXPA,2022-05-09,no_control,0
BBQ,2022-06-22,event_crosses_quarter,0
DUOT,2023-05-22,no_control,0
GNL,2023-07-03,no_control,0
AGIL,2022-05-24,no_control,0
MSPRZ,2023-11-03,no_control,0
RTLPO,2023-07-03,no_control,0
CPK,2022-04-29,no_control,0
PGEN,2023-06-12,event_crosses_quarter,0
BNTC,2023-12-08,event_crosses_quarter,0
OKE,2022-06-01,event_crosses_quarter,0
INUV,2023-06-21,event_crosses_quarter,0
DRMAW,2023-08-04,no_control,0
CEAD,2022-10-12,calendar_eligible,3
APEI,2022-05-25,calendar_eligible,3
NVRO,2022-06-01,event_crosses_quarter,0
ANIX,2022-03-14,event_crosses_quarter,0
VLO,2022-05-05,no_control,0
JXN,2023-05-22,no_control,0
GCMG,2023-06-13,event_crosses_quarter,0
MSEX,2023-05-25,no_control,0
FORA,2022-06-22,event_crosses_quarter,0
NAVI,2022-06-08,event_crosses_quarter,0
TRN,2023-05-12,no_control,0
RCPE,2023-08-24,calendar_eligible,3
MFAPB,2023-06-09,event_crosses_quarter,0
ONCT,2022-06-21,event_crosses_quarter,0
SYK,2023-05-17,calendar_eligible,2
INDIW,2023-06-26,event_crosses_quarter,0
ULTA,2022-06-03,event_crosses_quarter,0
SNA,2022-05-02,no_control,0
LVO,2023-09-20,event_crosses_quarter,0
KRO,2022-05-19,no_control,0
CETXP,2023-05-30,calendar_eligible,1
NRZPA,2022-05-31,calendar_eligible,4
ANGN,2022-06-15,event_crosses_quarter,0
MMP,2022-04-25,no_control,0
UNCY,2022-06-17,event_crosses_quarter,0
MIST,2023-06-12,event_crosses_quarter,0
BRKL,2022-05-16,no_control,0
TELA,2022-06-03,event_crosses_quarter,0
LULUV,2022-06-15,event_crosses_quarter,0
GTHX,2022-06-27,event_crosses_quarter,0
STRRP,2022-06-03,event_crosses_quarter,0
TTOO,2023-09-19,event_crosses_quarter,0
INSE,2023-05-16,no_control,0
SPFI,2023-05-23,no_control,0
FANG,2022-06-15,event_crosses_quarter,0
CNCE,2022-06-14,event_crosses_quarter,0
SKYW,2023-05-05,no_control,0
ACR,2022-06-10,event_crosses_quarter,0
ZD,2023-05-11,no_control,0
SMLR,2022-10-25,calendar_eligible,1
EKSO,2022-06-13,event_crosses_quarter,0
KNW,2023-09-27,event_crosses_quarter,0
ACRX,2022-07-18,no_control,0
POWL,2023-02-17,no_control,0
WAVD,2022-09-19,event_crosses_quarter,0
OGEN,2022-12-19,event_crosses_quarter,0
CLVR,2023-06-05,event_crosses_quarter,0
CALM,2022-10-03,no_control,0
CIMPA,2023-06-20,event_crosses_quarter,0
TPVG,2023-05-02,no_control,0
BCRX,2023-06-15,event_crosses_quarter,0
APA,2022-05-19,no_control,0
RRGB,2023-05-23,no_control,0
MRCY,2023-11-01,no_control,0
MSPR,2023-11-03,no_control,0
MPX,2022-04-29,no_control,0
GHSI,2022-06-17,event_crosses_quarter,0
MAC,2023-06-06,event_crosses_quarter,0
BPMC,2023-06-28,event_crosses_quarter,0
RL,2023-08-09,no_control,0
RBOT.WS,2023-06-08,event_crosses_quarter,0
ALOT,2022-06-21,event_crosses_quarter,0
FNA,2023-05-22,calendar_eligible,1
SAIL,2022-05-05,no_control,0
AKRO,2023-06-27,event_crosses_quarter,0
ARE,2023-05-22,no_control,0
ECL,2022-05-10,no_control,0
TRTX,2022-05-23,no_control,0
HTCR,2022-08-19,calendar_eligible,1
LFTPA,2023-06-15,event_crosses_quarter,0
FRAF,2023-05-01,no_control,0
AQST,2023-06-26,event_crosses_quarter,0
SNDA,2023-06-20,event_crosses_quarter,0
ICMB,2022-11-15,calendar_eligible,1
SCCD,2023-09-08,event_crosses_quarter,0
BNFT,2022-06-14,event_crosses_quarter,0
ALTO,2022-06-24,event_crosses_quarter,0
BJRI,2022-06-15,event_crosses_quarter,0
OCSL,2023-01-23,no_control,0
SHOO,2022-05-31,no_control,0
HEI,2022-03-22,event_crosses_quarter,0
OPY,2023-05-10,no_control,0
RBKB,2023-05-24,calendar_eligible,3
ZMHW,2023-05-17,calendar_eligible,2
VMW,2023-07-17,no_control,0
CUK,2023-04-27,no_control,0
PWPA,2023-09-15,event_crosses_quarter,0
NOTE.WS,2023-06-05,event_crosses_quarter,0
PEBPF,2023-05-25,no_control,0
CTM,2023-05-26,no_control,0
CR,2022-05-17,no_control,0
SINT,2022-12-19,event_crosses_quarter,0
EQC,2023-06-15,event_crosses_quarter,0
NXGN,2023-08-24,no_control,0
IMAC,2022-07-12,calendar_eligible,3
LRFC,2023-06-26,event_crosses_quarter,0
ALTUU,2023-04-11,calendar_eligible,1
ALTU,2023-04-11,calendar_eligible,1
OTIS,2023-05-23,calendar_eligible,2
FRGI,2022-06-22,event_crosses_quarter,0
EXPD,2022-05-05,no_control,0
USBPA,2023-04-21,calendar_eligible,1
ITP,2023-11-02,no_control,0
ACAD,2023-06-05,event_crosses_quarter,0
RENT,2022-07-19,calendar_eligible,2
UPXI,2023-06-28,event_crosses_quarter,0
ITT,2022-05-20,calendar_eligible,2
SRPT,2022-06-06,event_crosses_quarter,0
ILPT,2022-06-03,event_crosses_quarter,0
PEIPD,2022-06-09,event_crosses_quarter,0
AFIB,2022-06-22,event_crosses_quarter,0
FFBC,2023-05-26,calendar_eligible,1
SMRT,2023-05-18,calendar_eligible,2
LANC,2023-11-10,calendar_eligible,1
IRRX,2023-08-14,no_control,0
YELL,2022-06-06,event_crosses_quarter,0
RNRPF,2023-05-12,no_control,0
HHC,2023-05-30,no_control,0
BGFVE,2023-06-14,event_crosses_quarter,0
WFCPZ,2023-04-28,no_control,0
COIN,2022-06-06,event_crosses_quarter,0
CHH,2022-05-31,calendar_eligible,4
FBRT,2022-07-05,calendar_eligible,1
CALX,2022-05-16,no_control,0
RVLP,2023-06-20,event_crosses_quarter,0
EVBN,2023-05-04,no_control,0
TRHC,2022-06-17,event_crosses_quarter,0
FUNC,2022-05-17,no_control,0
CRVL,2023-08-16,calendar_eligible,2
KAI,2023-05-19,calendar_eligible,1
SGMA,2023-09-26,event_crosses_quarter,0
DHRPB,2022-05-13,no_control,0
CWH,2023-05-26,calendar_eligible,2
PAVM,2022-06-23,event_crosses_quarter,0
BFLY,2023-06-26,event_crosses_quarter,0
SURGW,2023-10-05,no_control,0
POCI,2023-12-06,event_crosses_quarter,0
WLYB,2023-10-04,no_control,0
CXW,2022-05-17,calendar_eligible,2
WAB,2023-05-22,no_control,0
LNCW,2022-06-02,event_crosses_quarter,0
ATOM,2022-05-09,no_control,0
CNX,2023-05-05,no_control,0
RRR,2023-06-15,event_crosses_quarter,0
MVSTW,2022-08-15,no_control,0
NRC,2023-05-16,calendar_eligible,2
PPBI,2022-05-25,no_control,0
MDUW,2023-05-12,no_control,0
GIC,2022-06-10,event_crosses_quarter,0
PTLO,2022-06-28,event_crosses_quarter,0
MDIA,2023-06-22,event_crosses_quarter,0
SEAS,2023-06-16,event_crosses_quarter,0
AVY,2022-05-02,no_control,0
APP,2023-06-13,event_crosses_quarter,0
MIRO,2022-06-03,event_crosses_quarter,0
PNNT,2023-02-13,calendar_eligible,1
AGRIW,2022-12-20,event_crosses_quarter,0
GCTK,2023-04-10,no_control,0
EMBC,2023-02-14,calendar_eligible,2
INNPF,2022-05-17,no_control,0
ZDGE,2023-01-24,no_control,0
SPRB,2023-05-30,calendar_eligible,3
INTA,2022-11-21,calendar_eligible,1
CHS,2022-06-30,event_crosses_quarter,0
ASLE,2022-06-22,event_crosses_quarter,0
TSP,2023-12-18,event_crosses_quarter,0
DKS,2022-06-21,event_crosses_quarter,0
DFIN,2023-05-22,calendar_eligible,3
IP,2023-05-10,calendar_eligible,1
NTAP,2023-09-18,event_crosses_quarter,0
ACIW,2022-06-08,event_crosses_quarter,0
JPMPL,2022-05-23,no_control,0
MFIC,2023-07-17,calendar_eligible,3
EWBC,2022-05-31,no_control,0
CDEV,2022-04-29,no_control,0
BACPO,2023-05-01,no_control,0
TTCF,2022-06-06,event_crosses_quarter,0
JRVR,2022-10-27,no_control,0
RCEL,2023-06-08,event_crosses_quarter,0
FFWM,2022-06-13,event_crosses_quarter,0
BBIO,2022-06-27,event_crosses_quarter,0
MLSS,2022-06-15,event_crosses_quarter,0
CZWID,2023-06-22,event_crosses_quarter,0
CNOPA,2023-05-11,no_control,0
RPTX,2023-06-12,event_crosses_quarter,0
M,2023-05-24,no_control,0
CAMP,2023-07-31,no_control,0
UNAM,2022-10-18,no_control,0
DOOR,2023-05-15,no_control,0
VLON,2022-06-13,event_crosses_quarter,0
AZZ,2023-07-12,no_control,0
GPS,2023-05-15,no_control,0
WCC,2022-06-01,event_crosses_quarter,0
RELY,2023-06-16,event_crosses_quarter,0
GTLS,2022-05-19,no_control,0
ASYS,2023-03-06,event_crosses_quarter,0
HPK,2022-06-02,event_crosses_quarter,0
INTT,2022-06-28,event_crosses_quarter,0
AUUDW,2022-12-14,event_crosses_quarter,0
HII,2022-05-10,no_control,0
AZZW,2022-07-13,calendar_eligible,3
RBCP,2023-09-08,event_crosses_quarter,0
AREC,2023-07-19,no_control,0
SESN,2022-06-24,event_crosses_quarter,0
CHUY,2022-08-01,calendar_eligible,1
ANEB,2022-10-31,no_control,0
AAL,2022-06-13,event_crosses_quarter,0
DEW,2023-02-28,calendar_eligible,4
CDXC,2022-06-22,event_crosses_quarter,0
NBHC,2023-05-12,no_control,0
LOCL.WS,2023-06-26,event_crosses_quarter,0
PDFS,2022-06-17,event_crosses_quarter,0
VVOS,2022-08-29,no_control,0
VTSI,2022-11-16,calendar_eligible,2
WAL,2023-06-15,event_crosses_quarter,0
BJ,2023-06-20,event_crosses_quarter,0
NYCBPA,2022-06-06,event_crosses_quarter,0
WVVI,2022-07-22,calendar_eligible,1
GOLF,2022-06-09,event_crosses_quarter,0
NVIV,2022-09-14,event_crosses_quarter,0
RACY,2023-12-27,event_crosses_quarter,0
AIKI,2022-05-26,calendar_eligible,3
ASTSW,2023-08-18,no_control,0
ROIC,2022-04-27,no_control,0
BKYI,2022-06-28,event_crosses_quarter,0
TCBS,2022-09-12,event_crosses_quarter,0
THFF,2023-04-21,no_control,0
AMTX,2023-05-23,no_control,0
ARTNA,2023-05-15,calendar_eligible,2
LTCH,2022-06-15,event_crosses_quarter,0
ROVR,2022-06-21,event_crosses_quarter,0
VERV,2022-06-14,event_crosses_quarter,0
GBR,2022-11-16,calendar_eligible,2
KELYB,2022-05-23,no_control,0
HVT,2022-05-13,calendar_eligible,2
XXII,2022-06-22,event_crosses_quarter,0
GIPR,2022-06-06,event_crosses_quarter,0
BMTX,2022-06-21,event_crosses_quarter,0
WSBC,2022-04-21,no_control,0
JANX,2023-06-21,event_crosses_quarter,0
CMPO,2022-06-27,event_crosses_quarter,0
QLGN,2022-10-31,no_control,0
BVH,2022-05-19,no_control,0
PGRE,2022-05-17,calendar_eligible,2
DSS,2023-10-30,calendar_eligible,1
RCRTW,2022-08-01,no_control,0
QS,2022-09-27,event_crosses_quarter,0
DERM,2022-06-22,event_crosses_quarter,0
WRBY,2022-06-14,event_crosses_quarter,0
PDM,2022-05-12,calendar_eligible,1
EXPW,2023-08-08,no_control,0
SCI,2023-05-08,calendar_eligible,1
PLXS,2023-02-17,calendar_eligible,2
IDA,2023-05-24,calendar_eligible,3
GOOG,2022-06-06,event_crosses_quarter,0
PRU,2022-05-11,no_control,0
GO,2023-06-26,event_crosses_quarter,0
COCO,2023-06-13,event_crosses_quarter,0
RDFN,2022-06-16,event_crosses_quarter,0
IRWD,2022-06-06,event_crosses_quarter,0
DK,2023-05-09,no_control,0
PR,2023-05-25,no_control,0
RSG,2022-05-19,no_control,0
EVR,2023-06-21,event_crosses_quarter,0
WISH,2022-06-10,event_crosses_quarter,0
SPGPJ,2022-05-13,calendar_eligible,2
FLS,2023-05-31,no_control,0
ATEX,2022-08-12,calendar_eligible,2
PLMR,2023-05-26,calendar_eligible,2
NYCBPU,2022-06-06,event_crosses_quarter,0
HOFT,2022-06-13,event_crosses_quarter,0
PRSO,2022-12-23,event_crosses_quarter,0
BF.B,2023-07-28,no_control,0
TENX,2022-06-13,event_crosses_quarter,0
AEO,2023-06-12,event_crosses_quarter,0
HE,2022-05-11,no_control,0
OWL,2023-06-12,event_crosses_quarter,0
SCWO,2023-06-20,event_crosses_quarter,0
SST.WS,2023-06-23,event_crosses_quarter,0
GWW,2022-05-02,no_control,0
GSPJ,2022-05-02,no_control,0
ZTS,2023-05-22,calendar_eligible,1
UFCS,2023-05-19,calendar_eligible,1
ESGRO,2023-06-02,event_crosses_quarter,0
CPSS,2022-09-01,event_crosses_quarter,0
CENX,2022-06-17,event_crosses_quarter,0
LCAP,2023-11-03,no_control,0
XMTR,2023-06-22,event_crosses_quarter,0
SCHWPD,2023-05-23,calendar_eligible,1
MCVT,2023-11-07,calendar_eligible,1
NSSC,2022-12-07,event_crosses_quarter,0
PLUS,2023-09-20,event_crosses_quarter,0
BDL,2023-03-02,calendar_eligible,4
PNW,2023-05-22,no_control,0
IMXI,2022-06-28,event_crosses_quarter,0
INDT,2022-06-17,event_crosses_quarter,0
BZH,2023-02-10,calendar_eligible,1
ETRN,2022-04-28,no_control,0
MRBK,2023-05-26,no_control,0
CSBR,2023-10-20,calendar_eligible,1
RLGY,2022-05-06,no_control,0
CMCO,2023-07-25,calendar_eligible,1
STRT,2022-10-13,no_control,0
MFAPC,2023-06-09,event_crosses_quarter,0
RLJPA,2023-05-05,no_control,0
KPTI,2023-05-26,calendar_eligible,2
FENC,2023-06-14,event_crosses_quarter,0
FATE,2023-06-12,event_crosses_quarter,0
ALK,2023-05-11,no_control,0
UHAE.Q,2023-08-21,calendar_eligible,3
IMRA,2023-06-26,event_crosses_quarter,0
RPID,2022-05-27,no_control,0
SST,2023-06-23,event_crosses_quarter,0
CNMD,2022-05-27,no_control,0
RLGT,2023-11-17,no_control,0
YUMC,2023-05-31,calendar_eligible,4
VZIO,2023-06-13,event_crosses_quarter,0
KTOS,2022-06-21,event_crosses_quarter,0
RGLD,2022-05-26,no_control,0
OZ,2023-11-21,calendar_eligible,3
RNR,2023-05-12,no_control,0
BCPC,2023-06-27,event_crosses_quarter,0
BHFAO,2022-06-10,event_crosses_quarter,0
ROLLP,2022-09-12,event_crosses_quarter,0
RKT,2023-06-16,event_crosses_quarter,0
GSIT,2022-08-29,calendar_eligible,3
BRLI,2023-02-23,no_control,0
LSEAW,2022-06-10,event_crosses_quarter,0
BWV,2022-08-23,no_control,0
IOT,2022-06-24,event_crosses_quarter,0
IMGO,2022-06-07,event_crosses_quarter,0
PLAG,2022-08-31,no_control,0
NRZPD,2022-05-31,calendar_eligible,4
HBCP,2022-05-13,no_control,0
UAL,2023-05-31,no_control,0
HOWL,2023-06-28,event_crosses_quarter,0
AEYE,2023-05-23,no_control,0
OSTK,2023-05-24,no_control,0
TDW.WS.A,2022-06-27,event_crosses_quarter,0
ATLC,2023-05-16,calendar_eligible,2
CPSH,2022-05-04,no_control,0
IIVI,2022-11-21,no_control,0
DRMA,2023-08-04,no_control,0
SRI,2022-05-20,calendar_eligible,1
IBKR,2022-04-28,no_control,0
PRPH,2022-05-23,calendar_eligible,1
ALVR,2022-05-20,no_control,0
BCEL,2022-06-15,event_crosses_quarter,0
RPT,2023-05-02,no_control,0
WFCPY,2023-04-28,no_control,0
AFL,2022-05-05,no_control,0
BEEM,2022-08-17,calendar_eligible,2
ELEV,2023-06-21,event_crosses_quarter,0
MEI,2022-09-15,event_crosses_quarter,0
MED,2022-06-17,event_crosses_quarter,0
CNVS,2023-12-15,event_crosses_quarter,0
PGNY,2023-05-30,no_control,0
AWH,2022-06-28,event_crosses_quarter,0
ZUMZ,2022-06-02,event_crosses_quarter,0
DTST,2023-09-18,event_crosses_quarter,0
LKQ,2023-05-12,no_control,0
OUST,2022-06-15,event_crosses_quarter,0
SEIC,2023-06-02,event_crosses_quarter,0
RH,2022-07-06,calendar_eligible,4
RLYB,2022-05-31,no_control,0
ECP,2023-06-07,event_crosses_quarter,0
TALK,2023-10-16,no_control,0
JMSB,2022-06-27,event_crosses_quarter,0
SCHN,2023-01-30,no_control,0
TRMB,2023-06-07,event_crosses_quarter,0
CDN,2023-05-09,calendar_eligible,1
IRT,2023-05-11,no_control,0
BFSPD,2023-05-16,calendar_eligible,2
TRTXPC,2022-05-23,no_control,0
ALGS,2023-07-26,no_control,0
DRH,2023-05-05,no_control,0
MGR,2023-05-31,no_control,0
INN,2022-05-17,no_control,0
CIVI,2022-06-06,event_crosses_quarter,0
WFCPR,2022-05-02,no_control,0
VLD,2022-06-13,event_crosses_quarter,0
DBTX,2022-06-21,event_crosses_quarter,0
KLXE,2022-06-03,event_crosses_quarter,0
NGVT,2022-04-29,no_control,0
ACRPC,2023-06-13,event_crosses_quarter,0
BFRIW,2023-12-28,event_crosses_quarter,0
ITOS,2023-06-21,event_crosses_quarter,0
LVWR.WS,2023-05-22,calendar_eligible,1
NUEW,2023-05-15,no_control,0
NGM,2023-05-15,no_control,0
BFLY.WS,2023-06-26,event_crosses_quarter,0
ENSG,2023-05-22,calendar_eligible,3
AIRS,2023-05-12,no_control,0
VLGEA,2022-12-20,event_crosses_quarter,0
HYPR,2022-06-10,event_crosses_quarter,0
DC,2023-05-23,calendar_eligible,3
BEEMW,2022-08-17,calendar_eligible,2
GLSI,2023-12-18,event_crosses_quarter,0
LODE,2022-06-03,event_crosses_quarter,0
TTWO,2022-09-20,event_crosses_quarter,0
CRAI,2022-07-21,no_control,0
GSBD,2023-05-22,no_control,0
PCSA,2022-07-15,no_control,0
ABRPE,2023-05-22,calendar_eligible,1
SG,2023-06-22,event_crosses_quarter,0
HCXY,2022-06-28,event_crosses_quarter,0
WVE,2022-08-16,no_control,0
NX,2023-03-03,event_crosses_quarter,0
HGTY.WS,2023-06-09,event_crosses_quarter,0
EMPW,2023-05-12,no_control,0
WLDN,2023-06-12,event_crosses_quarter,0
ORC,2022-06-16,event_crosses_quarter,0
MICT,2023-01-09,no_control,0
UBFO,2023-05-19,no_control,0
MIGI,2022-05-23,no_control,0
UTZ,2023-05-08,no_control,0
DW,2022-05-13,calendar_eligible,1
RRC,2023-05-11,no_control,0
CMTL,2023-12-19,event_crosses_quarter,0
CING,2022-06-10,event_crosses_quarter,0
CMS,2023-05-11,no_control,0
HCA,2022-04-27,no_control,0
SON,2022-04-25,no_control,0
HOUS,2023-05-04,no_control,0
EXFY,2023-06-26,event_crosses_quarter,0
XPER,2022-05-03,no_control,0
AEMD,2023-09-19,event_crosses_quarter,0
LOCL,2023-06-26,event_crosses_quarter,0
NLYPF,2022-05-20,no_control,0
SAZ,2023-09-29,event_crosses_quarter,0
JACK,2022-03-08,event_crosses_quarter,0
VERX,2023-06-20,event_crosses_quarter,0
AVAH,2022-05-17,no_control,0
MPLN.WS,2022-04-29,no_control,0
FSBC,2023-05-22,no_control,0
NTZ,2022-05-31,calendar_eligible,4
ATNFW,2023-07-11,no_control,0
CBAT,2022-12-27,event_crosses_quarter,0
CCRD,2022-05-31,calendar_eligible,4
LCI,2023-01-27,no_control,0
WERN,2022-05-13,no_control,0
SAVA,2022-05-10,calendar_eligible,1
BRID,2023-09-28,event_crosses_quarter,0
EDTXW,2023-01-23,no_control,0
TRTNPE,2023-05-02,no_control,0
ATEN,2023-05-01,no_control,0
RMR,2022-03-14,event_crosses_quarter,0
PATK,2022-05-16,no_control,0
PMD,2022-08-18,no_control,0
TCBC,2023-05-23,calendar_eligible,3
TFFP,2022-11-09,no_control,0
ORCC,2022-07-01,no_control,0
URGN,2022-06-14,event_crosses_quarter,0
SUNL.WS,2022-06-13,event_crosses_quarter,0
BLZE,2022-06-09,event_crosses_quarter,0
COMSP,2023-02-10,no_control,0
ONDS,2023-11-01,no_control,0
KLAC,2022-11-07,calendar_eligible,1
ATVI,2023-06-22,event_crosses_quarter,0
XOMA,2022-05-20,no_control,0
RNRPG,2023-05-12,no_control,0
CWBR,2022-06-17,event_crosses_quarter,0
AINC,2023-05-11,no_control,0
METPA,2023-06-26,event_crosses_quarter,0
BBIG,2023-05-04,no_control,0
PRCT,2022-06-09,event_crosses_quarter,0
BHR,2023-05-11,no_control,0
TLRY,2023-11-24,no_control,0
W,2022-05-26,no_control,0
ALSN,2023-05-08,no_control,0
NRBO,2023-06-30,event_crosses_quarter,0
FGFPP,2023-12-11,event_crosses_quarter,0
DSPD,2022-05-23,no_control,0
TKR,2023-05-09,no_control,0
OPK,2022-07-18,no_control,0
PCGPI,2023-05-23,no_control,0
GRPN,2023-06-22,event_crosses_quarter,0
CMLS,2022-05-06,calendar_eligible,1
RS,2022-05-23,calendar_eligible,3
VIRX,2022-06-09,event_crosses_quarter,0
OPINL,2023-06-14,event_crosses_quarter,0
WRBPF,2022-06-17,event_crosses_quarter,0
ENTA,2023-03-08,event_crosses_quarter,0
AUTO,2022-06-22,event_crosses_quarter,0
ZIONO,2022-05-05,no_control,0
WRB,2022-06-17,event_crosses_quarter,0
AMRC,2022-05-25,no_control,0
TPCS,2023-09-14,event_crosses_quarter,0
RDW.WS,2022-05-26,no_control,0
BMLPL,2023-05-01,no_control,0
NTIP,2022-09-22,event_crosses_quarter,0
CROX,2022-06-16,event_crosses_quarter,0
OLB,2022-12-29,event_crosses_quarter,0
LPG,2023-09-15,event_crosses_quarter,0
TCRR,2022-10-17,calendar_eligible,3
ABRPF,2023-05-22,calendar_eligible,1
SVVC,2023-06-14,event_crosses_quarter,0
BFSPE,2023-05-16,calendar_eligible,2
CBIZ,2023-05-17,no_control,0
CHRW,2023-05-09,calendar_eligible,1
ERIE,2022-04-29,no_control,0
HYFM,2022-06-14,event_crosses_quarter,0
ORGN,2022-06-30,event_crosses_quarter,0
CGNX,2023-05-05,no_control,0
RVP,2023-05-12,no_control,0
ATR,2023-05-05,no_control,0
CEIX,2023-05-03,no_control,0
LNW,2023-06-14,event_crosses_quarter,0
FBIZ,2022-05-04,no_control,0
SCCB,2023-09-08,event_crosses_quarter,0
BVS,2023-06-12,event_crosses_quarter,0
SOBR,2023-06-16,event_crosses_quarter,0
HSC,2023-04-26,no_control,0
RUTH,2022-05-27,calendar_eligible,1
MPTI,2023-09-21,event_crosses_quarter,0
WOLF,2022-10-26,no_control,0
BRT,2022-06-13,event_crosses_quarter,0
UDR,2022-05-25,no_control,0
AXR,2022-09-09,event_crosses_quarter,0
NVVEW,2023-01-30,no_control,0
WABC,2023-05-01,no_control,0
UFI,2023-11-01,no_control,0
UVV,2022-08-04,no_control,0
IDN,2023-05-18,no_control,0
CULP,2023-09-29,event_crosses_quarter,0
ARAY,2022-11-17,no_control,0
FITBO,2022-04-18,no_control,0
PWSC,2023-05-09,no_control,0
IONQ,2022-05-27,calendar_eligible,3
GNSS,2022-03-17,event_crosses_quarter,0
DECK,2022-09-15,event_crosses_quarter,0
ALXO,2023-06-21,event_crosses_quarter,0
WHLR,2023-05-23,calendar_eligible,3
FDSW,2023-12-20,event_crosses_quarter,0
AUMN,2022-05-31,no_control,0
WAFD,2023-02-21,no_control,0
APPN,2022-06-13,event_crosses_quarter,0
TWIN,2022-11-01,no_control,0
FATBW,2023-12-21,event_crosses_quarter,0
IKNA,2023-06-12,event_crosses_quarter,0
REG,2023-05-05,no_control,0
BRC,2022-11-18,no_control,0
SM,2023-05-31,calendar_eligible,4
TGEN,2022-06-13,event_crosses_quarter,0
LNKB,2023-05-26,calendar_eligible,1
MDRR,2023-09-21,event_crosses_quarter,0
HAYN,2023-02-27,no_control,0
RITMPC,2023-05-26,calendar_eligible,2
BOOM,2022-05-18,calendar_eligible,2
OPRT,2022-06-17,event_crosses_quarter,0
CBOE,2023-05-17,calendar_eligible,2
EVLV,2022-05-31,no_control,0
ESGR,2023-06-02,event_crosses_quarter,0
STRW,2023-05-22,no_control,0
EQRX,2022-10-04,no_control,0
RGCO,2023-01-26,no_control,0
LVWR,2023-05-22,calendar_eligible,1
CLF,2022-05-02,no_control,0
LIFWZ,2023-11-03,no_control,0
ESCA,2023-05-11,calendar_eligible,1
LVOXU,2022-06-17,event_crosses_quarter,0
PX,2023-06-21,event_crosses_quarter,0
PCRX,2022-06-13,event_crosses_quarter,0
CBT,2023-03-15,event_crosses_quarter,0
ZI,2023-05-22,calendar_eligible,1
AKAM,2022-05-16,calendar_eligible,2
WSBF,2022-05-20,calendar_eligible,2
VRE,2022-06-22,event_crosses_quarter,0
DRIO,2022-12-08,event_crosses_quarter,0
NXPL,2023-06-05,event_crosses_quarter,0
MSVB,2023-05-25,calendar_eligible,3
OFG,2022-05-04,no_control,0
ANIK,2023-06-22,event_crosses_quarter,0
GSAT,2022-05-24,calendar_eligible,3
CLRO,2024-01-02,no_control,0
KBNT,2023-06-13,event_crosses_quarter,0
MOBQW,2023-05-17,no_control,0
MNSB,2023-05-19,no_control,0
LMND,2022-06-15,event_crosses_quarter,0
EGBN,2023-05-22,no_control,0
KULR,2022-11-21,no_control,0
FVCB,2022-05-20,no_control,0
MHH,2023-05-12,no_control,0
ACMR,2023-06-16,event_crosses_quarter,0
BLDR,2022-06-15,event_crosses_quarter,0
KEYPK,2022-05-16,no_control,0
PCG,2023-05-23,no_control,0
TPTX,2022-06-22,event_crosses_quarter,0
FRSH,2022-06-06,event_crosses_quarter,0
CRC,2023-05-02,no_control,0
SJM,2022-08-23,no_control,0
ONFO,2023-06-20,event_crosses_quarter,0
CHDN,2023-04-26,no_control,0
HCC,2022-04-06,no_control,0
CPHC,2023-06-07,event_crosses_quarter,0
ONFOW,2023-06-20,event_crosses_quarter,0
BXC,2022-05-26,no_control,0
BAND,2022-05-24,calendar_eligible,3
MKL,2023-05-22,calendar_eligible,2
LTR.WD,2022-05-12,calendar_eligible,1
OCUP,2022-06-21,event_crosses_quarter,0
HCDIZ,2023-07-18,calendar_eligible,1
ZIONL,2022-05-05,no_control,0
AMRX,2022-05-16,no_control,0
MOVE,2022-06-23,event_crosses_quarter,0
CVI,2022-06-06,event_crosses_quarter,0
TSN,2023-02-14,no_control,0
BOXD.WS,2022-09-16,event_crosses_quarter,0
RGR,2022-06-06,event_crosses_quarter,0
VOYAPB,2023-05-30,no_control,0
GORO,2022-05-20,no_control,0
AMKR,2023-05-22,calendar_eligible,3
WPC,2022-06-23,event_crosses_quarter,0
GRVI,2022-05-27,no_control,0
PNBK,2022-12-21,event_crosses_quarter,0
BGRY,2022-06-24,event_crosses_quarter,0
LSTA,2023-06-15,event_crosses_quarter,0
MSM,2023-01-27,no_control,0
AUBAP,2022-05-06,no_control,0
LIFW,2023-11-03,no_control,0
GMED,2022-06-06,event_crosses_quarter,0
RITMPB,2023-05-26,calendar_eligible,2
EAF,2023-05-11,calendar_eligible,1
SAFT,2023-05-19,no_control,0
CDAK,2022-06-22,event_crosses_quarter,0
INSWPA,2022-06-06,event_crosses_quarter,0
SCVL,2022-06-28,event_crosses_quarter,0
PRTA,2023-05-22,no_control,0
VST,2023-05-08,no_control,0
AUUD,2022-12-14,event_crosses_quarter,0
HOVNP,2023-03-30,event_crosses_quarter,0
PHX,2023-03-09,event_crosses_quarter,0
AJX,2022-06-01,event_crosses_quarter,0
RVSB,2023-08-29,calendar_eligible,1
TRST,2022-05-24,calendar_eligible,1
OEG,2022-07-27,calendar_eligible,1
FPAY,2023-01-04,calendar_eligible,2
ALPA,2022-05-09,no_control,0
SXC,2023-05-19,no_control,0
WDC,2023-11-20,no_control,0
ATIP,2022-06-07,event_crosses_quarter,0
MRTX,2023-05-15,calendar_eligible,2
FORM,2022-06-06,event_crosses_quarter,0
PKI,2023-05-01,no_control,0
BRN,2023-04-19,no_control,0
XHR,2022-05-19,no_control,0
MPWRE,2023-06-16,event_crosses_quarter,0
AAWW,2022-06-06,event_crosses_quarter,0
RWAYL,2023-06-20,event_crosses_quarter,0
TDW.WS.B,2023-06-28,event_crosses_quarter,0
GDYN,2022-12-29,event_crosses_quarter,0
PGR,2023-05-16,no_control,0
SWI,2023-05-30,calendar_eligible,4
BNL,2022-05-06,calendar_eligible,1
LTRX,2022-11-10,no_control,0
IKT,2023-06-29,event_crosses_quarter,0
DSPB,2022-05-23,no_control,0
TPHS,2023-06-26,event_crosses_quarter,0
CREXW,2023-06-28,event_crosses_quarter,0
AXSM,2022-06-08,event_crosses_quarter,0
MFA,2023-06-09,event_crosses_quarter,0
IGTAW,2023-03-16,event_crosses_quarter,0
AMHPH,2022-05-05,no_control,0
AMHPG,2022-05-05,no_control,0
NEOVW,2023-12-12,event_crosses_quarter,0
PARA,2022-06-13,event_crosses_quarter,0
IVR,2023-05-10,no_control,0
BSBK,2023-05-10,calendar_eligible,1
GRPH,2023-07-21,no_control,0
AVDL,2023-08-04,no_control,0
LPTX,2023-06-22,event_crosses_quarter,0
LLAP.WS,2023-05-08,calendar_eligible,1
DTE,2022-05-12,no_control,0
AIC,2022-06-21,event_crosses_quarter,0
THG,2022-05-12,calendar_eligible,1
HAE,2022-08-09,no_control,0
HRTX,2023-06-13,event_crosses_quarter,0
WMG,2023-03-03,event_crosses_quarter,0
DTW,2022-05-12,no_control,0
FTFT,2023-12-11,event_crosses_quarter,0
INDI,2023-06-26,event_crosses_quarter,0
ASMB,2023-05-31,no_control,0
SMFRW,2022-04-28,no_control,0
UWMC.WS,2022-06-14,event_crosses_quarter,0
NVCR,2023-06-09,event_crosses_quarter,0
OBNK,2022-05-03,no_control,0
EXCW,2023-04-28,no_control,0
SNCRL,2023-06-21,event_crosses_quarter,0
EVLVW,2022-05-31,no_control,0
ACCD,2023-08-10,calendar_eligible,1
ALHC,2022-06-16,event_crosses_quarter,0
LYFT,2023-06-22,event_crosses_quarter,0
SPGI,2022-05-11,no_control,0
LAKE,2023-06-16,event_crosses_quarter,0
EXPO,2022-06-06,event_crosses_quarter,0
BUSE,2022-05-31,no_control,0
CRBG,2023-06-27,event_crosses_quarter,0
STCN,2023-09-13,event_crosses_quarter,0
III,2023-05-01,no_control,0
GERN,2022-05-16,no_control,0
NOGN,2023-07-31,no_control,0
PEAR,2022-06-16,event_crosses_quarter,0
BSET,2022-03-14,event_crosses_quarter,0
MDRRP,2023-09-21,event_crosses_quarter,0
NXRT,2022-05-17,no_control,0
ISIG,2022-06-07,event_crosses_quarter,0
NN,2022-05-24,calendar_eligible,3
CYCCP,2023-06-15,event_crosses_quarter,0
PETV,2023-11-24,calendar_eligible,1
AHTPF,2022-05-11,no_control,0
IART,2023-05-17,no_control,0
IDT,2022-12-16,event_crosses_quarter,0
SOJE,2023-05-30,no_control,0
VERBW,2022-10-25,no_control,0
VSTO,2022-08-01,no_control,0
ESI,2022-06-10,event_crosses_quarter,0
NTCT,2023-09-18,event_crosses_quarter,0
TLS,2022-05-18,no_control,0
DOMA.WS,2023-06-14,event_crosses_quarter,0
CATC,2022-05-18,no_control,0
FREQ,2023-11-07,no_control,0
ALPPQ,2022-04-28,no_control,0
VKTX,2022-05-27,calendar_eligible,3
WLMS,2022-05-18,no_control,0
OPFI.WS,2022-07-27,no_control,0
OLIT,2023-11-03,no_control,0
ADN,2023-06-21,event_crosses_quarter,0
ARRY,2023-05-31,no_control,0
GGE,2023-11-20,no_control,0
CSPIE,2023-02-13,calendar_eligible,1
KEX,2022-04-29,no_control,0
WVVI.E,2022-07-22,calendar_eligible,1
BDSX,2022-05-26,no_control,0
GBT,2022-06-16,event_crosses_quarter,0
AMK,2022-06-08,event_crosses_quarter,0
FRMEP,2022-05-16,no_control,0
SOJC,2023-05-30,no_control,0
ORGS,2022-12-20,event_crosses_quarter,0
AL,2022-05-09,no_control,0
MLVF,2022-03-24,event_crosses_quarter,0
ESGRD,2022-06-02,event_crosses_quarter,0
OPTN,2023-06-14,event_crosses_quarter,0
RAIN,2022-06-06,event_crosses_quarter,0
CTOS.WS,2022-06-17,event_crosses_quarter,0
XERS,2022-06-09,event_crosses_quarter,0
SCCE,2023-09-08,event_crosses_quarter,0
ALGN,2023-05-19,calendar_eligible,1
MNOV,2022-06-16,event_crosses_quarter,0
BRY,2022-05-27,calendar_eligible,1
PTRA,2022-06-03,event_crosses_quarter,0
VRPX,2023-07-27,no_control,0
MIMO.WS.A,2022-06-24,event_crosses_quarter,0
RCA,2022-06-28,event_crosses_quarter,0
PBFS,2022-11-17,calendar_eligible,2
PCGPD,2022-05-24,no_control,0
AJXA,2022-06-01,event_crosses_quarter,0
HLX,2022-05-23,no_control,0
SSIC,2022-09-23,event_crosses_quarter,0
BHM,2023-06-12,event_crosses_quarter,0
EDBL,2023-06-12,event_crosses_quarter,0
WLFC,2022-05-27,calendar_eligible,2
INT,2022-05-18,no_control,0
VC,2022-06-30,event_crosses_quarter,0
NEON,2023-06-12,event_crosses_quarter,0
POWWP,2023-01-11,no_control,0
ABG,2023-05-12,no_control,0
IRRX.U,2023-08-14,no_control,0
IVRPC,2023-05-10,no_control,0
SOUNW,2023-07-06,no_control,0
PJCW,2023-05-19,calendar_eligible,1
JAGX,2022-06-13,event_crosses_quarter,0
SKWD,2023-05-31,no_control,0
CCF,2023-02-10,calendar_eligible,1
GURE,2022-11-02,no_control,0
SRTS,2022-06-10,event_crosses_quarter,0
AYX,2023-05-22,no_control,0
MCW,2022-06-02,event_crosses_quarter,0
RIOT,2022-08-03,no_control,0
MBP,2022-05-11,no_control,0
ATNF,2023-07-11,no_control,0
CTRE,2023-05-02,no_control,0
FLL,2023-05-23,calendar_eligible,3
SLMBP,2022-06-28,event_crosses_quarter,0
CALC,2023-08-11,no_control,0
OSG,2022-06-06,event_crosses_quarter,0
TEVA,2022-06-24,event_crosses_quarter,0
MYSZ,2023-12-29,event_crosses_quarter,0
CCZ,2022-06-06,event_crosses_quarter,0
JAKK,2023-12-22,event_crosses_quarter,0
HWKN,2022-08-09,no_control,0
NVNOW,2022-12-07,event_crosses_quarter,0
LLAP,2023-05-08,calendar_eligible,1
AVEO,2022-06-09,event_crosses_quarter,0
GTLSPB,2023-05-26,no_control,0
IGTAR,2023-03-16,event_crosses_quarter,0
CNNB,2022-05-23,no_control,0
ANIP,2023-05-26,no_control,0
MLKN,2022-10-19,calendar_eligible,2
KROW,2022-05-19,no_control,0
GOEV,2022-07-14,no_control,0
REGN,2023-06-15,event_crosses_quarter,0
SSBK,2023-05-23,no_control,0
EVOK,2023-05-12,no_control,0
PFX,2022-05-27,calendar_eligible,3
REGI,2022-05-19,no_control,0
SDGR,2023-06-16,event_crosses_quarter,0
CURIW,2022-07-15,calendar_eligible,2
ADTX,2022-07-19,no_control,0
BSGM,2023-12-19,event_crosses_quarter,0
ABRPD,2023-05-22,calendar_eligible,1
MDU,2022-05-13,calendar_eligible,2
HUMAW,2023-06-09,event_crosses_quarter,0
ACONW,2023-12-20,event_crosses_quarter,0
BAER,2023-06-23,event_crosses_quarter,0
CPT,2023-05-17,no_control,0
LMST,2022-05-19,no_control,0
DOCS,2023-07-31,calendar_eligible,1
CNDT,2023-05-25,no_control,0
LNCPD,2023-05-30,no_control,0
DAL,2022-06-17,event_crosses_quarter,0
HNST,2022-05-31,calendar_eligible,4
KORE.WS,2022-06-17,event_crosses_quarter,0
NHTC,2023-05-17,calendar_eligible,2
PTIXW,2022-11-30,calendar_eligible,4
DBGI,2023-12-29,event_crosses_quarter,0
MAR,2022-05-12,calendar_eligible,1
CXM,2022-06-21,event_crosses_quarter,0
TOMZ,2022-11-23,no_control,0
TEN,2022-06-09,event_crosses_quarter,0
EXP,2022-08-09,no_control,0
RFL,2023-01-27,no_control,0
SACC,2023-09-08,event_crosses_quarter,0
HUBB,2022-05-09,calendar_eligible,1
RCMT,2023-12-18,event_crosses_quarter,0
RBOT,2023-06-08,event_crosses_quarter,0
IIIV,2023-02-28,calendar_eligible,4
AAICPC,2022-06-21,event_crosses_quarter,0
INO,2022-05-18,calendar_eligible,1
STC,2022-05-31,calendar_eligible,2
CHD,2023-05-01,no_control,0
L,2022-05-12,calendar_eligible,1
HLMN,2023-06-07,event_crosses_quarter,0
SITE,2023-05-17,no_control,0
SNCY,2023-06-15,event_crosses_quarter,0
ELVN,2023-06-26,event_crosses_quarter,0
CTIC,2022-06-06,event_crosses_quarter,0
TRTNPD,2023-05-02,no_control,0
TAST,2023-06-23,event_crosses_quarter,0
CCB,2022-05-27,no_control,0
BIO.B,2023-05-02,no_control,0
BMLPH,2023-05-01,no_control,0
MATX,2022-05-03,no_control,0
ISTR,2023-05-19,no_control,0
MAA,2023-05-18,no_control,0
SJMW,2022-08-23,no_control,0
ATLCL,2022-05-17,no_control,0
NET,2023-06-06,event_crosses_quarter,0
LUCD,2023-06-22,event_crosses_quarter,0
NG,2022-05-23,no_control,0
NCRA,2023-12-22,event_crosses_quarter,0
MSPRW,2023-11-03,no_control,0
DGX,2022-05-23,calendar_eligible,3
BRSP,2022-05-06,calendar_eligible,1
CORR,2023-05-25,calendar_eligible,2
ENOB,2022-03-17,event_crosses_quarter,0
AC,2023-06-06,event_crosses_quarter,0
DS,2022-05-23,no_control,0
UBSI,2023-05-16,no_control,0
DRCTW,2023-06-13,event_crosses_quarter,0
BOXL,2022-10-12,no_control,0
TTGT,2022-06-10,event_crosses_quarter,0
PKE,2023-10-04,calendar_eligible,4
VITL,2022-06-14,event_crosses_quarter,0
RKLB,2022-06-28,event_crosses_quarter,0
FLR,2023-05-08,calendar_eligible,1
PEGA,2022-06-27,event_crosses_quarter,0
NBSTW,2024-01-02,no_control,0
UGIC,2023-02-02,no_control,0
NOV,2023-05-19,no_control,0
SLRC,2022-10-28,no_control,0
FGBI,2023-05-22,no_control,0
INLX,2022-11-17,calendar_eligible,2
SRCE,2022-04-25,no_control,0
CMSA,2023-05-11,no_control,0
FREE,2023-06-14,event_crosses_quarter,0
EFSCP,2022-05-10,no_control,0
EMBKW,2022-06-16,event_crosses_quarter,0
PEB,2023-05-25,no_control,0
SD,2023-06-21,event_crosses_quarter,0
BPRN,2023-05-03,no_control,0
ASNS,2023-08-08,no_control,0
CCS,2022-05-06,calendar_eligible,1
HPW,2023-03-02,calendar_eligible,3
ZEN,2022-08-18,no_control,0
RSVRW,2022-08-16,calendar_eligible,2
PPG,2022-04-28,no_control,0
OCGN,2023-06-28,event_crosses_quarter,0
HUBS,2023-06-13,event_crosses_quarter,0
EFSC,2022-05-10,no_control,0
PNCPP,2022-05-02,no_control,0
FLO,2023-06-02,event_crosses_quarter,0
UNF,2023-01-18,no_control,0
SNAL,2023-06-27,event_crosses_quarter,0
PACK,2022-05-31,calendar_eligible,4
JBTW,2022-05-18,no_control,0
EVH,2023-06-09,event_crosses_quarter,0
GNLX,2023-09-15,event_crosses_quarter,0
AIR,2023-09-21,event_crosses_quarter,0
PLUG,2023-06-30,event_crosses_quarter,0
NWE,2023-05-04,no_control,0
ANY,2023-12-06,event_crosses_quarter,0
CMRX,2022-06-29,event_crosses_quarter,0
ATXS,2022-06-13,event_crosses_quarter,0
INFI,2022-06-17,event_crosses_quarter,0
CPTNW,2023-05-22,no_control,0
CALB,2022-05-25,no_control,0
THO,2022-12-19,event_crosses_quarter,0
INVA,2022-05-02,no_control,0
EACPU,2023-02-24,no_control,0
SABR,2023-05-01,no_control,0
FET,2023-05-18,no_control,0
TPST,2023-06-20,event_crosses_quarter,0
QUBT,2023-11-10,calendar_eligible,1
SHO,2022-04-29,no_control,0
HY,2023-05-11,no_control,0
SWKS,2022-05-16,no_control,0
COMS,2023-02-10,no_control,0
CIA,2023-06-12,event_crosses_quarter,0
EVK,2022-12-23,event_crosses_quarter,0
ALIM,2022-07-14,no_control,0
NODK,2022-05-26,calendar_eligible,3
NTWK,2023-06-08,event_crosses_quarter,0
TMCI,2023-05-30,calendar_eligible,4
XOMAO,2022-05-20,no_control,0
AEISE,2022-05-11,no_control,0
HYZN,2022-06-10,event_crosses_quarter,0
ATNM,2023-12-04,event_crosses_quarter,0
WGO,2022-12-19,event_crosses_quarter,0
EZFL,2023-06-07,event_crosses_quarter,0
CSTR,2023-04-24,no_control,0
STRR,2023-06-23,event_crosses_quarter,0
DTP,2022-05-12,no_control,0
TRC,2022-05-13,no_control,0
BZFDW,2023-06-05,event_crosses_quarter,0
MVIS,2023-05-22,calendar_eligible,3
MHO,2023-05-11,calendar_eligible,1
DWACU,2023-12-21,event_crosses_quarter,0
TBLT,2023-12-12,event_crosses_quarter,0
OXBR,2023-06-05,event_crosses_quarter,0
PACWP,2023-05-08,calendar_eligible,1
KRT,2023-06-16,event_crosses_quarter,0
AKTS,2023-11-03,no_control,0
WT,2023-06-23,event_crosses_quarter,0
AUD,2022-05-17,calendar_eligible,2
SZZL,2023-08-14,calendar_eligible,2
LASE,2023-12-20,event_crosses_quarter,0
RFP,2022-05-31,calendar_eligible,4
VXRT,2023-06-29,event_crosses_quarter,0
RMCF,2022-08-25,no_control,0
ABEO,2022-08-18,no_control,0
STAF,2023-12-29,event_crosses_quarter,0
URBN,2022-06-14,event_crosses_quarter,0
SMLP,2022-05-12,calendar_eligible,1
SLBW,2023-04-10,no_control,0
KEYS,2023-03-20,event_crosses_quarter,0
WEST,2023-06-14,event_crosses_quarter,0
EBC,2023-05-18,no_control,0
TH,2023-05-22,no_control,0
BOLT,2022-06-13,event_crosses_quarter,0
STEL,2023-05-30,calendar_eligible,4
CFLT,2023-06-08,event_crosses_quarter,0
TMST,2023-05-04,no_control,0
WLFCE,2022-05-27,calendar_eligible,2
OMCW,2022-05-10,no_control,0
BEAM,2023-06-09,event_crosses_quarter,0
PHMW,2022-05-09,calendar_eligible,1
AORT,2022-05-23,calendar_eligible,3
LWLG,2022-06-01,event_crosses_quarter,0
CORZ,2022-05-13,no_control,0
BHFAN,2022-06-10,event_crosses_quarter,0
EWCZ,2022-06-14,event_crosses_quarter,0
ELME,2023-05-31,calendar_eligible,4
QRTEP,2023-06-12,event_crosses_quarter,0
SMBC,2023-11-01,no_control,0
CHK,2023-06-09,event_crosses_quarter,0
DALN,2022-05-13,calendar_eligible,1
IMMX,2023-06-09,event_crosses_quarter,0
BRDG,2023-05-09,no_control,0
PHM,2023-05-08,no_control,0
AMC,2022-06-21,event_crosses_quarter,0
APRE,2023-08-25,no_control,0
EAC,2023-02-24,no_control,0
CIDM,2022-11-16,no_control,0
DOW,2022-04-19,calendar_eligible,2
ACBAU,2023-01-10,no_control,0
GNLN,2022-08-05,no_control,0
GSPD,2022-05-02,no_control,0
PSEC,2022-12-13,event_crosses_quarter,0
DCOMP,2023-05-31,no_control,0
AVDW,2023-06-14,event_crosses_quarter,0
AMR,2022-05-10,no_control,0
SLGPI,2022-06-02,event_crosses_quarter,0
SLG,2022-06-02,event_crosses_quarter,0
TRTNPA,2023-05-02,no_control,0
IVVD,2023-05-26,no_control,0
REFI,2022-06-06,event_crosses_quarter,0
ORGO,2022-06-28,event_crosses_quarter,0
CVXW,2022-05-31,no_control,0
ROKU,2022-06-13,event_crosses_quarter,0
CBNK,2022-09-20,event_crosses_quarter,0
MDWT,2023-06-12,event_crosses_quarter,0
NLYPG,2022-05-20,no_control,0
SIF,2023-02-03,no_control,0
UVSP,2022-05-03,no_control,0
USIO,2022-06-23,event_crosses_quarter,0
MERPK,2023-05-01,no_control,0
MDVL,2022-06-17,event_crosses_quarter,0
WSM,2022-06-06,event_crosses_quarter,0
TRS,2023-05-12,no_control,0
DZSI,2022-06-07,event_crosses_quarter,0
SWP,2023-04-28,no_control,0
NEEPQ,2023-05-23,calendar_eligible,1
RKDA,2023-06-13,event_crosses_quarter,0
FULT,2023-05-17,no_control,0
VLCN,2022-07-28,no_control,0
DISH,2022-05-04,no_control,0
OMQS,2022-12-20,event_crosses_quarter,0
AMPS,2022-05-27,calendar_eligible,2
HAYW,2022-05-20,no_control,0
INBKZ,2023-05-19,no_control,0
PWR,2022-06-01,event_crosses_quarter,0
SBEV,2023-10-11,no_control,0
JPMPC,2023-05-19,no_control,0
HPKEW,2022-06-02,event_crosses_quarter,0
SAY,2023-09-29,event_crosses_quarter,0
BOC,2023-05-11,no_control,0
ACU,2022-04-28,no_control,0
AURA,2022-06-16,event_crosses_quarter,0
ALCO,2023-02-24,no_control,0
SSTK,2023-06-09,event_crosses_quarter,0
AREN,2023-06-05,event_crosses_quarter,0
UFPT,2022-06-15,event_crosses_quarter,0
VERB,2022-10-25,no_control,0
SURG,2023-10-05,no_control,0
CHRA,2022-06-10,event_crosses_quarter,0
BHFAP,2022-06-10,event_crosses_quarter,0
LTRN,2022-06-15,event_crosses_quarter,0
XBIOW,2022-12-23,event_crosses_quarter,0
AZTA,2023-02-03,no_control,0
TGI,2023-07-24,calendar_eligible,2
DFNS,2022-07-18,calendar_eligible,1
UNMA,2022-05-31,no_control,0
UONEK,2022-06-21,event_crosses_quarter,0
AAIC,2022-06-21,event_crosses_quarter,0
CVT,2022-05-24,no_control,0
XELB,2023-12-08,event_crosses_quarter,0
BACPL,2023-05-01,no_control,0
ETON,2022-06-15,event_crosses_quarter,0
VECO,2022-05-13,calendar_eligible,2
MU,2023-01-17,no_control,0
MCB,2023-06-02,event_crosses_quarter,0
FOCS,2022-06-02,event_crosses_quarter,0
EMN,2023-05-10,no_control,0
FORR,2023-05-16,no_control,0
COFPJ,2023-05-10,no_control,0
KITT,2023-05-16,calendar_eligible,1
USAU,2022-12-22,event_crosses_quarter,0
MOG.B,2023-02-02,no_control,0
NVTS,2023-06-12,event_crosses_quarter,0
INFU,2022-05-18,no_control,0
MULN,2022-07-28,no_control,0
AVXL,2023-05-25,no_control,0
PW,2022-08-31,no_control,0
BSFC,2024-01-02,no_control,0
SKIL,2023-07-25,no_control,0
TMP,2022-05-17,no_control,0
GBLI,2023-06-15,event_crosses_quarter,0
VLDR,2022-06-22,event_crosses_quarter,0
WRE,2022-06-01,event_crosses_quarter,0
MNTV,2022-06-13,event_crosses_quarter,0
BIIB,2022-06-22,event_crosses_quarter,0
SYPR,2022-05-13,no_control,0
ARLO,2023-06-28,event_crosses_quarter,0
NSC,2023-05-16,calendar_eligible,1
ATEK.WS,2023-12-20,event_crosses_quarter,0
HYMC,2023-05-30,no_control,0
JXNPA,2023-05-22,no_control,0
LTCHW,2022-06-15,event_crosses_quarter,0
IMNN,2023-06-16,event_crosses_quarter,0
HLGN,2022-07-22,no_control,0
CBRL,2023-11-20,calendar_eligible,3
BHRPB,2023-05-11,no_control,0
BRLIR,2023-02-23,no_control,0
BMTX.WS,2022-06-21,event_crosses_quarter,0
NOTE,2023-06-05,event_crosses_quarter,0
RUBY,2022-05-16,no_control,0
DOV,2022-05-10,no_control,0
ADCPA,2023-05-12,no_control,0
ICCC,2023-06-22,event_crosses_quarter,0
IRIX,2023-06-16,event_crosses_quarter,0
WFCPL,2022-05-02,no_control,0
BGXX,2023-12-08,event_crosses_quarter,0
TRTN,2023-05-02,no_control,0
WESTW,2023-06-14,event_crosses_quarter,0
RDW,2022-05-26,no_control,0
ICUI,2023-05-23,calendar_eligible,3
ATGE,2022-11-15,calendar_eligible,2
AYTU,2023-05-23,no_control,0
SCCC,2023-09-08,event_crosses_quarter,0
OMC,2022-05-10,no_control,0
SSD,2023-05-02,no_control,0
MPC,2022-05-03,no_control,0
ARC,2023-05-03,no_control,0
FOXA,2023-11-20,no_control,0
BIOL,2022-05-03,no_control,0
IOP,2022-05-09,no_control,0
HWMP,2023-05-23,no_control,0
HNNA,2023-02-14,no_control,0
SLNH,2022-06-02,event_crosses_quarter,0
HRTG,2022-06-29,event_crosses_quarter,0
SYM,2023-03-03,event_crosses_quarter,0
PCLN,2023-06-08,event_crosses_quarter,0
EB,2023-06-15,event_crosses_quarter,0
BURU.WS,2023-06-20,event_crosses_quarter,0
GRBK,2022-06-10,event_crosses_quarter,0
CRDF,2022-06-10,event_crosses_quarter,0
SCHWPJ,2022-05-19,calendar_eligible,2
KEYPL,2023-05-15,no_control,0
NPTN,2022-06-07,event_crosses_quarter,0
HSTM,2023-05-30,no_control,0
SCKTD,2023-06-12,event_crosses_quarter,0
ADAP,2023-05-17,no_control,0
LGND,2022-06-14,event_crosses_quarter,0
LESL,2023-03-17,event_crosses_quarter,0
AXLA,2023-09-12,event_crosses_quarter,0
DH,2022-05-27,calendar_eligible,1
OIS,2022-05-11,calendar_eligible,1
TRVN,2023-06-21,event_crosses_quarter,0
HOG,2022-05-19,calendar_eligible,2
MPW,2022-05-31,no_control,0
WASH,2023-04-28,no_control,0
SMMT,2023-05-26,calendar_eligible,2
BOXD,2022-09-16,event_crosses_quarter,0
PBF,2022-06-02,event_crosses_quarter,0
PET,2023-06-22,event_crosses_quarter,0
VAPO,2022-06-23,event_crosses_quarter,0
COUP,2022-05-31,calendar_eligible,2
PSECPA,2022-12-13,event_crosses_quarter,0
DRE,2022-04-18,no_control,0
BLFY,2022-08-26,no_control,0
CABA,2022-06-03,event_crosses_quarter,0
FULTP,2023-05-17,no_control,0
HROWM,2023-06-26,event_crosses_quarter,0
FE,2023-05-25,no_control,0
CORZW,2022-05-13,no_control,0
FMC,2022-05-02,no_control,0
MNDT,2022-07-11,no_control,0
AVNS,2022-05-05,no_control,0
SPIR,2022-06-02,event_crosses_quarter,0
GNPX,2023-06-28,event_crosses_quarter,0
CATY,2023-05-17,no_control,0
THWWW,2023-05-22,no_control,0
SQZ,2022-06-17,event_crosses_quarter,0
SZZLU,2023-08-14,calendar_eligible,2
OII,2022-06-02,event_crosses_quarter,0
REED,2023-12-18,event_crosses_quarter,0
SNOA,2022-09-19,event_crosses_quarter,0
RCM,2023-05-18,no_control,0
HBANL,2023-04-25,no_control,0
CTRA,2023-05-08,no_control,0
SCCF,2023-09-08,event_crosses_quarter,0
FFIV,2022-03-14,event_crosses_quarter,0
CETX,2022-10-03,no_control,0
CHCI,2023-06-20,event_crosses_quarter,0
ENZ,2022-04-04,no_control,0
MPLN,2022-04-29,no_control,0
BGRYW,2022-06-24,event_crosses_quarter,0
BMLPJ,2023-05-01,no_control,0
SVT,2023-06-15,event_crosses_quarter,0
PFC,2023-05-01,no_control,0
PVBC,2022-05-24,no_control,0
EQH,2022-05-23,calendar_eligible,1
IAA,2022-06-21,event_crosses_quarter,0
AGRI,2022-12-20,event_crosses_quarter,0
HOFV,2022-06-14,event_crosses_quarter,0
PRG,2023-05-12,no_control,0
ADRT,2024-01-02,no_control,0
HRI,2022-05-16,no_control,0
MATV,2023-04-27,no_control,0
DOMA,2023-06-14,event_crosses_quarter,0
NXW,2023-03-03,event_crosses_quarter,0
EVGO,2022-05-24,no_control,0
IESC,2023-02-27,no_control,0
KELYA,2022-05-23,no_control,0
VLD.WS,2022-06-13,event_crosses_quarter,0
AMPL,2022-06-14,event_crosses_quarter,0
RSGW,2023-05-18,no_control,0
LUCYW,2023-08-08,no_control,0
EQRXW,2022-10-04,no_control,0
FLUX,2022-05-04,no_control,0
CGEM,2022-06-27,event_crosses_quarter,0
ARI,2022-06-14,event_crosses_quarter,0
KPLT,2022-06-13,event_crosses_quarter,0
HCDIP,2023-07-18,calendar_eligible,1
POWW,2023-01-11,no_control,0
ALTUW,2023-04-11,calendar_eligible,1
HLIO,2022-06-10,event_crosses_quarter,0
TANNI,2022-06-13,event_crosses_quarter,0
FSTX,2022-06-17,event_crosses_quarter,0
OGE,2022-05-24,calendar_eligible,3
OM,2023-06-02,event_crosses_quarter,0
APTX,2022-06-01,event_crosses_quarter,0
DTB,2022-05-12,no_control,0
MOTS,2023-09-22,event_crosses_quarter,0
LEN,2022-04-18,no_control,0
TLIS,2022-06-13,event_crosses_quarter,0
YOSH,2023-11-27,calendar_eligible,3
AIBBU,2023-10-25,no_control,0
IVRPB,2023-05-10,no_control,0
DMS.WS,2022-06-23,event_crosses_quarter,0
SACHPA,2023-09-08,event_crosses_quarter,0
ACVA,2022-06-10,event_crosses_quarter,0
YMAB,2022-06-14,event_crosses_quarter,0
IMH,2022-06-24,event_crosses_quarter,0
CLOV,2022-09-26,event_crosses_quarter,0
ZYXI,2023-05-18,calendar_eligible,1
OLITW,2023-11-03,no_control,0
FNBPE,2023-05-16,calendar_eligible,2
EDBLW,2023-06-12,event_crosses_quarter,0
RITMPA,2023-05-26,calendar_eligible,2
AMPX.WS,2023-06-12,event_crosses_quarter,0
KIMPL,2022-04-28,no_control,0
TSBK,2023-01-30,no_control,0
HTFB,2022-06-06,event_crosses_quarter,0
ADES,2022-05-18,no_control,0
NNVC,2023-02-14,no_control,0
SGA,2023-05-10,calendar_eligible,1
MOND,2023-07-03,no_control,0
AIMC,2022-05-03,no_control,0
CONN,2022-05-26,calendar_eligible,3
WTTR,2022-05-11,no_control,0
ARKR,2022-03-18,event_crosses_quarter,0
CBSH,2022-04-26,no_control,0
ENSV,2023-06-20,event_crosses_quarter,0
SKIN,2022-06-30,event_crosses_quarter,0
TANNZ,2022-06-13,event_crosses_quarter,0
KRBP,2023-07-26,no_control,0
AIMD,2023-12-12,event_crosses_quarter,0
COGT,2023-06-08,event_crosses_quarter,0
ORGNW,2022-06-30,event_crosses_quarter,0
SURF,2022-06-13,event_crosses_quarter,0
CSPI,2023-02-13,calendar_eligible,1
WAFDP,2023-02-21,no_control,0
PRTK,2022-06-10,event_crosses_quarter,0
AVTRPA,2022-05-16,calendar_eligible,2
CGC,2022-09-20,event_crosses_quarter,0
OKTA,2023-06-26,event_crosses_quarter,0
BFRI,2023-12-28,event_crosses_quarter,0
BGCP,2023-01-03,calendar_eligible,1
INDP,2022-10-03,calendar_eligible,4
CZFS,2023-04-24,no_control,0
GEVO,2022-06-06,event_crosses_quarter,0
DX,2022-05-18,calendar_eligible,2
MGI,2022-05-09,no_control,0
FRPH,2022-05-17,no_control,0
FCBC,2022-05-03,no_control,0
OESX,2022-08-09,no_control,0
NEEPR,2023-05-23,calendar_eligible,1
NBTB,2022-05-19,no_control,0
NOGNW,2023-07-31,no_control,0
CACC,2022-06-09,event_crosses_quarter,0
MCS,2022-05-17,calendar_eligible,2
GABC,2023-05-23,no_control,0
TDOC,2023-05-31,calendar_eligible,4
NVOS,2022-08-22,no_control,0
NYCB,2022-06-06,event_crosses_quarter,0
ITW,2023-05-11,calendar_eligible,1
NL,2022-05-20,no_control,0
TBPH,2022-04-29,no_control,0
WYY,2022-06-23,event_crosses_quarter,0
HRZN,2022-06-06,event_crosses_quarter,0
SLNHP,2022-06-02,event_crosses_quarter,0
SMSI,2022-06-13,event_crosses_quarter,0
HES,2023-05-19,calendar_eligible,1
TCMD,2023-05-10,no_control,0
AVGR,2022-10-17,calendar_eligible,2
MICS,2023-12-20,event_crosses_quarter,0
PH,2023-10-31,no_control,0
HPQ,2022-04-25,no_control,0
CRTX,2022-06-13,event_crosses_quarter,0
PRAX,2023-06-15,event_crosses_quarter,0
TRTNPC,2023-05-02,no_control,0
FLYW,2023-06-12,event_crosses_quarter,0
AAIN,2022-06-21,event_crosses_quarter,0
OTRKP,2023-10-03,calendar_eligible,2
MOV,2022-07-06,no_control,0
UHAL,2022-08-22,no_control,0
CRXT,2022-06-10,event_crosses_quarter,0
PCH,2022-05-05,no_control,0
TA,2022-06-13,event_crosses_quarter,0
ASBA,2023-04-28,no_control,0
MNST,2023-06-28,event_crosses_quarter,0
AINV,2022-08-15,no_control,0
JOAN,2022-06-28,event_crosses_quarter,0
BACPM,2023-05-01,no_control,0
FOSL,2022-05-20,calendar_eligible,2
KTTA,2022-06-27,event_crosses_quarter,0
CMSPB,2023-05-11,no_control,0
AGS,2022-07-06,calendar_eligible,3
KPLTW,2022-06-13,event_crosses_quarter,0
EFOI,2022-06-27,event_crosses_quarter,0
MTEM,2023-10-30,calendar_eligible,1
TANNL,2022-06-13,event_crosses_quarter,0
ZY,2022-06-06,event_crosses_quarter,0
EE,2023-06-07,event_crosses_quarter,0
LPTV,2023-08-17,calendar_eligible,2
NMTR,2022-06-23,event_crosses_quarter,0
BKU,2022-05-20,calendar_eligible,1
NLY,2022-05-20,no_control,0
DATSW,2023-12-29,event_crosses_quarter,0
ORN,2023-05-23,no_control,0
AMOT,2023-05-11,calendar_eligible,1
THMO,2022-12-21,event_crosses_quarter,0
FBHS,2022-05-05,no_control,0
NRDS,2022-05-27,no_control,0
PEBPH,2023-05-25,no_control,0
ALLO,2023-06-16,event_crosses_quarter,0
BBCP,2022-04-18,calendar_eligible,2
GAN,2022-06-16,event_crosses_quarter,0
LOVE,2022-06-06,event_crosses_quarter,0
VABK,2022-06-30,event_crosses_quarter,0
PRPO,2022-07-07,no_control,0
IGTA,2023-03-16,event_crosses_quarter,0
ONTO,2022-05-11,no_control,0
DSPC,2022-05-23,no_control,0
SSY,2022-11-16,calendar_eligible,2
MFIN,2023-06-26,event_crosses_quarter,0
B,2022-05-11,no_control,0
KITTW,2023-05-16,calendar_eligible,1
ICUCW,2023-07-03,no_control,0
AESE,2022-07-18,no_control,0
EMAN,2022-06-13,event_crosses_quarter,0
ICD,2022-06-09,event_crosses_quarter,0
KURA,2023-06-05,event_crosses_quarter,0
BBLG,2023-09-13,event_crosses_quarter,0
CXT,2023-06-08,event_crosses_quarter,0
CATW,2023-06-21,event_crosses_quarter,0
DC.WS,2023-05-23,calendar_eligible,3
USLM,2022-05-04,no_control,0
GXIIU,2023-01-03,no_control,0
NEPH,2022-05-23,calendar_eligible,2
EVOP,2022-06-13,event_crosses_quarter,0
WATT,2022-06-22,event_crosses_quarter,0
AMED,2022-06-14,event_crosses_quarter,0
IPWR,2022-06-21,event_crosses_quarter,0
AVID,2023-06-02,event_crosses_quarter,0
ADEA,2023-05-30,calendar_eligible,4
BRZE,2022-07-05,calendar_eligible,5
AYI,2023-01-31,no_control,0
ALPN,2022-06-22,event_crosses_quarter,0
FICO,2023-03-03,event_crosses_quarter,0
SYN,2022-10-04,calendar_eligible,3
ABR,2023-05-22,calendar_eligible,1
CDW,2023-05-23,no_control,0
BMI,2022-05-05,no_control,0
CHRB,2022-06-10,event_crosses_quarter,0
LUCY,2023-08-08,no_control,0
DXPC,2022-05-18,calendar_eligible,2
ABVC,2022-05-26,no_control,0
FSBW,2023-05-31,no_control,0
NCNO,2023-06-29,event_crosses_quarter,0
ABTX,2022-05-02,no_control,0
ZIMV,2023-05-19,no_control,0
UWMC,2022-06-14,event_crosses_quarter,0
ATRI,2023-05-26,calendar_eligible,2
CVBF,2023-05-19,no_control,0
EPAC,2023-02-07,no_control,0
CVNA,2022-05-10,no_control,0
CERN,2022-06-01,event_crosses_quarter,0
VOXX,2022-07-28,no_control,0
CFB,2022-05-09,calendar_eligible,1
BHIL.WS,2023-08-16,no_control,0
