accession_number,tag,ticker,filing_date,control,jev,label,supporting_text,filing_url
0000896878-24-000003,shareholder_proposal_outcome,INTU,2024-01-22,True,0.0,,"Did not approve a stockholder proposal requesting a retirement plan investment report. Stockholder proposal - retirement plan investment report: For 30,081,687, Against 197,342,298, Abstain 10,635,197.",https://www.sec.gov/Archives/edgar/data/896878/0000896878-24-000003.txt
0001193125-24-029918,shareholder_proposal_outcome,EMR,2024-02-09,True,0.0,,"Proposal 6: The shareholder proposal requesting the implementation of a simple majority vote requirement, as described in the Proxy Statement, was approved by the shareholders, by the votes set forth below: For 293,359,164.",https://www.sec.gov/Archives/edgar/data/32604/0001193125-24-029918.txt
0001140361-24-010155,shareholder_proposal_outcome,AAPL,2024-02-28,True,0.0,,"A shareholder proposal entitled ""EEO Policy Risk Report"" was not approved. A shareholder proposal entitled ""Report on Ensuring Respect for Civil Liberties"" was not approved. A shareholder proposal entitled ""Racial and Gender Pay Gaps"" was not approved. A shareholder proposal requesting a report on the use of AI was not approved. A shareholder proposal entitled ""Congruency Report on Privacy and Human Rights"" was not approved.",https://www.sec.gov/Archives/edgar/data/320193/0001140361-24-010155.txt
0001558370-24-002246,shareholder_proposal_outcome,DE,2024-03-01,True,0.0,,"6. Shareholder Proposal Regarding Shareholder Ratification of Golden Parachutes - A shareholder proposal regarding shareholder ratification of golden parachutes was not approved, with the following vote: Shares Voted For Proposal 76,495,960 | Shares Voted Against Proposal 123,772,396",https://www.sec.gov/Archives/edgar/data/315189/0001558370-24-002246.txt
0000829224-24-000016,shareholder_proposal_outcome,SBUX,2024-03-15,True,0.0,,"At the Annual Meeting, the shareholders did not approve a shareholder proposal requesting a report on plant-based milk pricing... the shareholders did not approve a shareholder proposal requesting a report on direct and systemic discrimination... the shareholders did not approve a shareholder proposal requesting a report on human rights policies.",https://www.sec.gov/Archives/edgar/data/829224/0000829224-24-000016.txt
0000950157-24-000595,shareholder_proposal_outcome,DIS,2024-04-09,True,0.0,,"The Trian Group proposal to repeal each provision or amendment of the Company's Bylaws that has been adopted by the Board (and not the shareholders of the Company) since November 30, 2023... The proposal did not obtain approval based on the estimated preliminary vote.",https://www.sec.gov/Archives/edgar/data/1744489/0000950157-24-000595.txt
0001193125-24-091966,shareholder_proposal_outcome,BK,2024-04-10,True,0.0,,"The stockholders did not approve the stockholder proposal regarding transparency in lobbying (proposal 4) nor did they approve the stockholder proposal regarding a report on the risks of politicized de-banking (proposal 5). Proposal 4 received 234,620,974 votes for and 376,946,236 votes against. Proposal 5 received 19,467,731 votes for and 588,664,175 votes against.",https://www.sec.gov/Archives/edgar/data/1390777/0001193125-24-091966.txt
0001193125-24-113922,shareholder_proposal_outcome,GS,2024-04-25,True,0.0,,Shareholder Proposal Regarding a Policy for an Independent Chair. Our shareholders did not approve this proposal. Shareholder Proposal Regarding a Transparency in Lobbying Report. Our shareholders did not approve this proposal. Shareholder Proposal Regarding Outcome Report on Efforts regarding Protected Classes of Employees. Our shareholders did not approve this proposal.,https://www.sec.gov/Archives/edgar/data/886982/0001193125-24-113922.txt
0000070858-24-000149,shareholder_proposal_outcome,BAC,2024-04-26,True,0.0,,"The Corporation's shareholders did not approve the shareholder proposals listed below. With respect to all matters subject to a vote, holders of the Corporation's common stock, Series B Preferred Stock, and Series 1, 2, 4, and 5 Preferred Stock voted together as a class.",https://www.sec.gov/Archives/edgar/data/70858/0000070858-24-000149.txt
0000078003-24-000101,shareholder_proposal_outcome,PFE,2024-04-29,True,0.0,,"The shareholder proposal to Adopt an Independent Board Chair Policy was not approved based upon the following votes: Votes for approval 1,284,408,190; Votes against 2,391,266,871; Abstentions 26,511,479; Broker non-votes 893,428,132",https://www.sec.gov/Archives/edgar/data/78003/0000078003-24-000101.txt
0001104659-24-056383,shareholder_proposal_outcome,C,2024-05-02,True,0.0,,A stockholder proposal requesting an Independent Board Chairman policy was not approved; a stockholder proposal requesting a report on the effectiveness of Citi's policies and practices in respecting Indigenous Peoples' rights in Citi's existing and proposed financing was not approved; a stockholder proposal requesting a report on risks of politicized de-banking was not approved; and a stockholder proposal requesting a report disclosing the Board's oversight regarding the material risks associated with animal welfare was not approved.,https://www.sec.gov/Archives/edgar/data/831001/0001104659-24-056383.txt
0001552781-24-000261,shareholder_proposal_outcome,KO,2024-05-02,True,0.0,,"Item 6. Shareowner Proposal Requesting a Report on Risks Created by the Company's Diversity, Equity and Inclusion Efforts. Votes regarding this proposal were as follows: Votes Cast For: 46,488,037 (1.57%), Votes Cast Against: 2,916,756,647 (98.43%). Item 7. Shareowner Proposal Requesting a Report on Non-Sugar Sweeteners. Votes regarding this proposal were as follows: Votes Cast For: 314,970,229 (10.65%), Votes Cast Against: 2,641,778,772 (89.35%).",https://www.sec.gov/Archives/edgar/data/21344/0001552781-24-000261.txt
0000040533-24-000017,shareholder_proposal_outcome,GD,2024-05-03,True,0.0,,Shareholders rejected a shareholder proposal requesting that the Board adopt a policy to seek shareholder approval of new or renewed pay packages for NEOs that provide for golden parachute payments with an estimated value exceeding 2.99 times the sum of the executive's base salary plus target short-term bonus.,https://www.sec.gov/Archives/edgar/data/40533/0000040533-24-000017.txt
0000927628-24-000178,shareholder_proposal_outcome,COF,2024-05-03,True,0.0,,"All of the shareholder proposals presented at the Annual Meeting and described below did not receive majority support. Stockholder Proposal Setting of Near- and Long-Term Greenhouse Gas Emission Reduction Targets received 32,529,942 votes for and 289,824,329 votes against; Stockholder Proposal Report on Respecting Workforce Civil Liberties received 2,956,632 votes for and 319,575,880 votes against; Stockholder Proposal Director Election Resignation Bylaw Proposal received 33,126,745 votes for and 290,334,050 votes against.",https://www.sec.gov/Archives/edgar/data/927628/0000927628-24-000178.txt
0001104659-24-057038,shareholder_proposal_outcome,IBM,2024-05-03,True,0.0,low,"Stockholder Proposal Requesting a Public Report on Lobbying Activities: For 205,744,327 37.7% Against 339,591,652 62.3%. Stockholder Proposal Requesting a Public Report on Congruency in China Business Operations and ESG Activities: For 30,503,524 5.6% Against 510,744,179 94.4%",https://www.sec.gov/Archives/edgar/data/51143/0001104659-24-057038.txt
0000936468-24-000058,shareholder_proposal_outcome,LMT,2024-05-03,True,0.0,,"Proposal 5 - Stockholder Proposal Requesting a Report on Reducing Full Value Chain GHG Emissions. Stockholders did not approve Proposal 5. Votes For: 54,315,388, Votes Against: 114,519,361",https://www.sec.gov/Archives/edgar/data/936468/0000936468-24-000058.txt
0000101829-24-000014,shareholder_proposal_outcome,RTX,2024-05-06,True,0.0,,"A shareowner proposal requesting a lobbying transparency report. The proposal was not approved, with voting results of 316,662,404 votes for and 713,554,129 votes against.",https://www.sec.gov/Archives/edgar/data/101829/0000101829-24-000014.txt
0001090727-24-000031,shareholder_proposal_outcome,UPS,2024-05-06,True,0.0,,"Votes on a shareowner proposal to reduce the voting power of UPS class A stock from 10 votes per share to one vote per share were as follows: FOR 437,389,007 | AGAINST 761,864,206 | ABSTAIN 7,796,824 | BROKER NON-VOTES 118,161,107. The proposal did not pass.",https://www.sec.gov/Archives/edgar/data/1090727/0001090727-24-000031.txt
0000004962-24-000038,shareholder_proposal_outcome,AXP,2024-05-08,True,0.0,,"Votes on a shareholder proposal relating to golden parachutes were as follows: VOTES FOR 179,396,257 (31.19%), VOTES AGAINST 395,692,154 (68.80%). Votes on a shareholder proposal relating to climate lobbying were as follows: VOTES FOR 138,170,390 (24.43%), VOTES AGAINST 427,391,927 (75.56%). Votes on a shareholder proposal relating to merchant category codes were as follows: VOTES FOR 4,607,039 (0.80%), VOTES AGAINST 565,298,362 (99.19%).",https://www.sec.gov/Archives/edgar/data/4962/0000004962-24-000038.txt
0000313616-24-000133,shareholder_proposal_outcome,DHR,2024-05-09,True,0.0,,"To act upon a shareholder proposal requesting that Danaher amend its governing documents to reduce the percentage of shares required for shareholders to call a special meeting of shareholders from 25% to 15%. The proposal was rejected by a vote of shareholders as follows: For 271,920,031, Against 357,574,684",https://www.sec.gov/Archives/edgar/data/313616/0000313616-24-000133.txt
0000882095-24-000016,shareholder_proposal_outcome,GILD,2024-05-09,True,0.0,,"The Company's stockholders did not approve a stockholder proposal requesting that the Board adopt a policy requiring the Company's named executive officers to retain at least 25% of net-after tax shares of stock acquired through equity pay programs until reaching normal retirement age. The proposal received the following votes: Votes For 361,356,676; Votes Against 645,764,310; Abstentions 2,044,338.",https://www.sec.gov/Archives/edgar/data/882095/0000882095-24-000016.txt
0001140361-24-025213,shareholder_proposal_outcome,BMY,2024-05-09,True,0.0,,"Item 5. The shareholder proposal on the adoption of a Board policy that the Chairperson of the Board be an independent director was not approved based upon the following votes: For: 472,322,369, Against: 1,011,335,836, Abstain: 6,064,644, Broker Non-Vote: 266,572,438",https://www.sec.gov/Archives/edgar/data/14272/0001140361-24-025213.txt
0000050863-24-000093,shareholder_proposal_outcome,INTC,2024-05-09,True,0.0,,Proposal 4. Stockholder Proposal Requesting a Corporate Financial Sustainability Board Committee: Not Approved. Proposal 5. Stockholder Proposal Requesting a Risk Report of Opposing State Abortion Regulation: Not Approved. Proposal 6. Stockholder Proposal Requesting an Excessive Golden Parachute Approval Policy: Not Approved.,https://www.sec.gov/Archives/edgar/data/50863/0000050863-24-000093.txt
0000059478-24-000127,shareholder_proposal_outcome,LLY,2024-05-09,True,0.0,,"By the following vote, a shareholder proposal requesting a report on the effectiveness of the Company's diversity, equity, and inclusion efforts was not approved: 183,128,839 for, 586,886,679 against, 4,399,601 abstain.",https://www.sec.gov/Archives/edgar/data/59478/0000059478-24-000127.txt
0001552781-24-000307,shareholder_proposal_outcome,UBER,2024-05-10,True,0.0,,"Stockholder proposal to prepare an independent third-party audit on Driver health and safety. Based on the votes set forth above, the stockholders did not approve the stockholder proposal to prepare an independent third-party audit on Driver health and safety.",https://www.sec.gov/Archives/edgar/data/1543151/0001552781-24-000307.txt
0001437749-24-016013,shareholder_proposal_outcome,UNP,2024-05-10,True,0.0,,"A shareholder of the Company submitted a proposal requesting the Board of Directors adopt an amendment to the Safety and Service Quality Committee's Charter to review staffing levels and confer on safety issues with stakeholders. The Shareholders voted against Proposal 5 by the following count: 34,152,574 votes for, 431,916,634 votes against, 6,122,839 abstentions.",https://www.sec.gov/Archives/edgar/data/100885/0001437749-24-016013.txt
0001193125-24-137239,shareholder_proposal_outcome,VZ,2024-05-13,True,0.0,,"The shareholder proposal regarding a prohibition on political contributions study was defeated with 167,023,454 votes for, 2,442,434,158 votes against, 108,552,594 abstentions and 719,087,226 broker non-votes. The shareholder proposal regarding a lobbying activities report was defeated with 923,157,397 votes for, 1,741,639,843 votes against, 53,212,966 abstentions and 719,087,226 broker non-votes. The shareholder proposal regarding an amendment to the clawback policy was defeated with 878,127,232 votes for, 1,800,571,410 votes against, 39,311,564 abstentions and 719,087,226 broker non-votes.",https://www.sec.gov/Archives/edgar/data/732712/0001193125-24-137239.txt
0000002488-24-000076,shareholder_proposal_outcome,AMD,2024-05-13,True,0.0,,Proposal No. 4: A Stockholder Proposal Requesting a Stockholder Right to Call a Special Meeting. This proposal was not approved. The Company's stockholders did not approve the stockholder proposal to adopt a stockholder right of owners of a combined 10% of the Company's outstanding common stock to call a special meeting of stockholders.,https://www.sec.gov/Archives/edgar/data/2488/0000002488-24-000076.txt
0000021665-24-000017,shareholder_proposal_outcome,CL,2024-05-15,True,0.0,,"A stockholder proposal on independent Board Chairman was not approved. The results of the vote were as follows: Votes For 218,728,169, Votes Against 425,337,091, Abstentions 2,517,364, Broker Non-Votes 67,826,793.",https://www.sec.gov/Archives/edgar/data/21665/0000021665-24-000017.txt
0001104659-24-062520,shareholder_proposal_outcome,COP,2024-05-16,True,0.0,,A stockholder proposal for the Company to eliminate any voting requirement in our Charter and By-Laws that calls for a greater than simple majority vote and replace it with a simple majority vote standard was approved. A stockholder proposal for our Board of Directors' Human Resources and Compensation Committee to revisit its pay incentives for executive pay and consider eliminating greenhouse gas reduction targets from compensation was not approved.,https://www.sec.gov/Archives/edgar/data/1163165/0001104659-24-062520.txt
0000066740-24-000058,shareholder_proposal_outcome,MMM,2024-05-16,True,0.0,,"Proposal No.4 — The shareholders did not approve the shareholder proposal on enhanced share ownership policy. [FOR: 16,372,119 votes; AGAINST: 320,915,147 votes; ABSTAIN: 4,448,441 votes]",https://www.sec.gov/Archives/edgar/data/66740/0000066740-24-000058.txt
0000012927-24-000035,shareholder_proposal_outcome,BA,2024-05-17,True,0.0,,"Shareholder Proposal - Adoption of Value Chain Emission Reduction Target: | FOR | AGAINST | ABSTAIN | BROKER NON-VOTES | 116,924,502 | 254,800,314 | 12,835,253 | 110,696,933",https://www.sec.gov/Archives/edgar/data/12927/0000012927-24-000035.txt
0001193125-24-141821,shareholder_proposal_outcome,BLK,2024-05-17,True,0.0,,"The shareholder proposal requesting a report on risks associated with the Company's equal employment opportunity ('EEO') policy was not approved (Item 5). The shareholder proposal to amend the Amended and Restated Bylaws of the Company (the 'Bylaws') to require an independent board chair was also not approved (Item 6). Finally, the shareholder proposal requesting a report on the Company's proxy voting record and policies for climate change-related proposals was not approved (Item 7).",https://www.sec.gov/Archives/edgar/data/1364742/0001193125-24-141821.txt
0000764180-24-000073,shareholder_proposal_outcome,MO,2024-05-20,True,0.0,,"Proposal 4: Shareholder Proposal - Report on Congruence of Political and Lobbying Expenditures with the Company's Vision, Responsibility Focus Areas and Cultural Aspiration. The proposal was defeated.",https://www.sec.gov/Archives/edgar/data/764180/0000764180-24-000073.txt
0001193125-24-143912,shareholder_proposal_outcome,T,2024-05-21,True,0.0,,"The following proposals failed to receive the affirmative vote of the majority of votes cast and were defeated. Independent Board Chairman, Improve Clawback Policy for Unearned Pay for Each NEO, and Report on Respecting Workforce Civil Liberties.",https://www.sec.gov/Archives/edgar/data/732717/0001193125-24-143912.txt
0001103982-24-000073,shareholder_proposal_outcome,MDLZ,2024-05-22,True,0.0,,"Our shareholders did not approve a shareholder proposal to require an Audit Committee subcommittee study on company affiliations, based on the following voting results: For 6,517,894, Against 1,028,025,893, Abstain 16,315,248.",https://www.sec.gov/Archives/edgar/data/1103982/0001103982-24-000073.txt
0000354950-24-000160,shareholder_proposal_outcome,HD,2024-05-22,True,0.0,,Proposal 4: A shareholder proposal regarding disclosure of director donations was not approved. Proposal 5: A shareholder proposal regarding a political contributions congruency analysis was not approved. Proposal 6: A shareholder proposal regarding a corporate giving report was not approved. Proposal 7: A shareholder proposal regarding a report on respecting workforce civil liberties was not approved. Proposal 8: A shareholder proposal regarding a biodiversity impact and dependency assessment was not approved. Proposal 9: A shareholder proposal regarding enhancements to the Company's clawback policy was not approved.,https://www.sec.gov/Archives/edgar/data/354950/0000354950-24-000160.txt
0001373715-24-000232,shareholder_proposal_outcome,NOW,2024-05-23,True,0.0,,"The shareholders voted in favor of the shareholder proposal regarding simple majority vote. The voting results are as follows: Shares For: 160,470,695, Shares Against: 5,987,812, Shares Abstaining: 995,428",https://www.sec.gov/Archives/edgar/data/1373715/0001373715-24-000232.txt
0000019617-24-000411,shareholder_proposal_outcome,JPM,2024-05-23,True,0.0,,"Shareholders did not approve the proposal on independent board chairman (42.67% for, 56.51% against), the proposal on humanitarian risks due to climate change policies (1.04% for, 97.73% against), the proposal on indigenous peoples' rights indicators (30.41% for, 68.20% against), the proposal on proxy voting alignment (7.79% for, 90.61% against), the proposal on report on due diligence in conflict-affected and high-risk areas (7.28% for, 91.11% against), and the proposal on shareholder opportunity to vote on excessive golden parachutes (40.66% for, 58.98% against).",https://www.sec.gov/Archives/edgar/data/19617/0000019617-24-000411.txt
0000063908-24-000102,shareholder_proposal_outcome,MCD,2024-05-24,True,0.0,,"Proposal 11: An advisory shareholder proposal requesting a transparency report on the Company's global public policy and political influence. [Results: 73,465,387 For, 418,359,842 Against, 6,086,499 Abstain]",https://www.sec.gov/Archives/edgar/data/63908/0000063908-24-000102.txt
0000097745-24-000026,shareholder_proposal_outcome,TMO,2024-05-24,True,0.0,,The shareholder proposal to implement simple majority voting was not approved.,https://www.sec.gov/Archives/edgar/data/97745/0000097745-24-000026.txt
0000092122-24-000068,shareholder_proposal_outcome,SO,2024-05-24,True,0.0,,"The stockholder proposal regarding simple majority vote was not approved based upon the following votes: 292,216,813 39.95% Votes For versus 439,181,386 Votes Against",https://www.sec.gov/Archives/edgar/data/92122/0000092122-24-000068.txt
0000950103-24-007114,shareholder_proposal_outcome,MS,2024-05-24,True,0.0,,"The Shareholders also voted on shareholder proposals requesting (x) a report on the risks of politicized de-banking, (y) a report on transparency in lobbying and (z) annual disclosure of the Company's Clean Energy Supply Financing Ratio... The Shareholder Proposals were not approved by the Shareholders.",https://www.sec.gov/Archives/edgar/data/895421/0000950103-24-007114.txt
0001104659-24-065117,shareholder_proposal_outcome,AMZN,2024-05-24,True,0.0,,"A shareholder proposal requesting an additional board committee to oversee public policy was not approved, as set forth below: For 490,254,237 Against 6,930,488,473 Abstain 171,568,705",https://www.sec.gov/Archives/edgar/data/1018724/0001104659-24-065117.txt
0000753308-24-000029,shareholder_proposal_outcome,NEE,2024-05-28,True,0.0,,"NEE's shareholders did not approve a shareholder proposal entitled 'Board Matrix' that requested disclosure, in matrix format, of each director/nominee's self-identified gender and racial ethnicity, as well as individual skills and attributes most relevant to NEE, as set forth below: 634,056,816 votes FOR representing 40.6%.",https://www.sec.gov/Archives/edgar/data/753308/0000753308-24-000029.txt
0001193125-24-149155,shareholder_proposal_outcome,SCHW,2024-05-29,True,0.0,,The stockholder proposal requesting changes to the executive compensation program was not approved. The stockholder proposal on workforce discrimination risk oversight and impact was not approved. The stockholder proposal on pay equity disclosure was not approved.,https://www.sec.gov/Archives/edgar/data/316709/0001193125-24-149155.txt
0001326801-24-000057,shareholder_proposal_outcome,META,2024-05-31,True,0.0,,A shareholder proposal regarding dual class capital structure... The shareholders did not approve the shareholder proposal regarding dual class capital structure. A shareholder proposal regarding report on generative AI misinformation and disinformation risks... The shareholders did not approve the shareholder proposal regarding report on generative AI misinformation and disinformation risks.,https://www.sec.gov/Archives/edgar/data/1326801/0001326801-24-000057.txt
0000093410-24-000028,shareholder_proposal_outcome,CVX,2024-05-31,True,0.0,,"The stockholder proposal to report on voluntary carbon reduction risks was not approved based upon the following votes: Votes For 19,799,653 (1.5%), Votes Against 1,272,375,728 (98.5%)",https://www.sec.gov/Archives/edgar/data/93410/0000093410-24-000028.txt
0001075531-24-000033,shareholder_proposal_outcome,BKNG,2024-06-05,True,0.0,,"A non-binding stockholder proposal requesting a report regarding reproductive rights and data privacy was not approved. Votes For: 4,278,441; Votes Against: 24,217,944; Abstentions: 500,515.",https://www.sec.gov/Archives/edgar/data/1075531/0001075531-24-000033.txt
0001193125-24-156174,shareholder_proposal_outcome,GM,2024-06-06,True,0.0,,GM's shareholders did not approve the shareholder proposal requesting a report on the Company's use of deep-sea mined minerals in its production and supply chains.,https://www.sec.gov/Archives/edgar/data/1467858/0001193125-24-156174.txt
0001065280-24-000185,shareholder_proposal_outcome,NFLX,2024-06-07,True,0.0,,"The non-binding stockholder proposal entitled, ""Amendments to the Code of Ethics and report on the board members' compliance with the amended code,"" was not approved and received the following votes: For 18,615,502, Against 314,590,396, Abstain 2,003,957.",https://www.sec.gov/Archives/edgar/data/1065280/0001065280-24-000185.txt
0000104169-24-000103,shareholder_proposal_outcome,WMT,2024-06-07,True,0.0,,The Company's shareholders voted upon and rejected a shareholder proposal to set compensation that optimizes portfolio value for Company shareholders.,https://www.sec.gov/Archives/edgar/data/104169/0000104169-24-000103.txt
0000731766-24-000167,shareholder_proposal_outcome,UNH,2024-06-07,True,0.0,,"Shareholder proposal requiring a political contributions congruency report. The shareholder proposal was not approved based upon the following votes: | For | Against | Abstain | Broker Non-Votes | | 188,249,025 | 555,444,439 | 16,874,809 | 64,513,987 |",https://www.sec.gov/Archives/edgar/data/731766/0000731766-24-000167.txt
0001166691-24-000039,shareholder_proposal_outcome,CMCSA,2024-06-12,True,0.0,low,"A shareholder proposal to report on political expenditures alignment with company values, as described in the proxy statement, was not approved.",https://www.sec.gov/Archives/edgar/data/1166691/0001166691-24-000039.txt
0001193125-24-160721,shareholder_proposal_outcome,GOOGL,2024-06-13,True,0.0,,A stockholder proposal regarding 'Bylaw amendment: stockholder approval of director compensation' was not approved. A stockholder proposal regarding an EEO policy risk report was not approved. A stockholder proposal regarding a report on electromagnetic radiation and wireless technologies risks was not approved. A stockholder proposal regarding a policy for director transparency on political and charitable giving was not approved. A stockholder proposal regarding a report on climate risks to retirement plan beneficiaries was not approved. A stockholder proposal regarding a lobbying report was not approved. A stockholder proposal regarding equal shareholder voting was not approved. A stockholder proposal regarding a report on reproductive healthcare misinformation risks was not approved. A stockholder proposal regarding AI principles and Board oversight was not approved. A stockholder proposal regarding a report on generative AI misinformation and disinformation risks was not approved. A stockholder proposal regarding a human rights assessment of AI-driven targeted ad policies was not approved. A stockholder proposal regarding a report on online safety for children was not approved.,https://www.sec.gov/Archives/edgar/data/1652044/0001193125-24-160721.txt
0001104659-24-071748,shareholder_proposal_outcome,CAT,2024-06-14,True,0.0,,"Proposal 4 - Shareholder Proposal - Independent Board Chairman: The proposal requesting that the Board of Directors adopt a policy, and amend governing documents as necessary, requiring that two separate people hold the offices of Chairman of the Board of Directors and Chief Executive Officer was not approved based on the following vote: For 108,014,627, Against 236,756,305, Abstain 1,756,038",https://www.sec.gov/Archives/edgar/data/18230/0001104659-24-071748.txt
0001104659-24-071439,shareholder_proposal_outcome,TSLA,2024-06-14,True,0.0,,"Proposal 12 was a non-binding advisory stockholder proposal regarding committing to a moratorium on sourcing minerals from deep sea mining. This proposal was not approved. [172,864,517 For votes, 2,071,493,645 Against votes]",https://www.sec.gov/Archives/edgar/data/1318605/0001104659-24-071439.txt
0000027419-24-000135,shareholder_proposal_outcome,TGT,2024-06-14,True,0.0,,The shareholders did not approve a shareholder proposal to adopt a policy for an independent board chair,https://www.sec.gov/Archives/edgar/data/27419/0000027419-24-000135.txt
0001141391-24-000121,shareholder_proposal_outcome,MA,2024-06-21,True,0.0,,"The holders of Class A common stock did not approve the stockholder proposal requesting a human rights congruency report with 6,224,207 votes for, 768,631,445 against, and 6,203,769 abstentions.",https://www.sec.gov/Archives/edgar/data/1141391/0001141391-24-000121.txt
0001108524-24-000014,shareholder_proposal_outcome,CRM,2024-07-01,True,0.0,,"Stockholder proposal regarding an independent chair of the board: For 159,928,637, Against 578,869,363, Abstain 12,419,453; Stockholder proposal requesting stockholder approval of certain executive severance arrangements: For 38,287,123, Against 709,282,851; Stockholder proposal requesting a report on viewpoint restriction risks: For 3,865,987, Against 740,689,649",https://www.sec.gov/Archives/edgar/data/1108524/0001108524-24-000014.txt
0001193125-24-224857,shareholder_proposal_outcome,FDX,2024-09-24,True,0.0,,"Proposal 8: A stockholder proposal requesting a report on alignment of FedEx's lobbying and policy influence activities and positions with its goal to achieve carbon-neutral global operations by 2040 was not approved by stockholders. The tabulation of votes on this matter was as follows: 39,188,251 votes for (20.3% of the voted shares), 152,556,578 votes against (79.2% of the voted shares).",https://www.sec.gov/Archives/edgar/data/1048911/0001193125-24-224857.txt
0000080424-24-000100,shareholder_proposal_outcome,PG,2024-10-10,True,0.0,,Proposal 4 - Shareholder Proposal - Pay Gap Reporting. The proposal was not approved.,https://www.sec.gov/Archives/edgar/data/80424/0000080424-24-000100.txt
0001193125-24-260986,shareholder_proposal_outcome,ORCL,2024-11-18,True,0.0,,"Proposal No. 4: Stockholder Proposal Regarding a Report on Climate Risks to Retirement Plan Beneficiaries. The stockholders did not approve a stockholder proposal requesting that Oracle prepare a report on climate risks to retirement plan beneficiaries, with 119,105,093 shares in favor, 2,140,684,293 shares against, 62,522,957 shares abstaining and 250,464,124 broker non-votes.",https://www.sec.gov/Archives/edgar/data/1341439/0001193125-24-260986.txt
0001193125-24-275524,shareholder_proposal_outcome,MSFT,2024-12-11,True,0.0,,"The shareholders did not approve a shareholder proposal concerning a report on risks of weapons development, did not approve a shareholder proposal concerning an assessment of investing in bitcoin, did not approve a shareholder proposal concerning a report on data operations in human rights hotspots, did not approve a shareholder proposal concerning a report on artificial intelligence and machine learning tools for oil and gas development and production, did not approve a shareholder proposal concerning a report on AI misinformation and disinformation, and did not approve a shareholder proposal concerning a report on AI data sourcing accountability.",https://www.sec.gov/Archives/edgar/data/789019/0001193125-24-275524.txt
0000909832-25-000005,shareholder_proposal_outcome,COST,2025-01-27,True,0.0,,"A shareholder proposal requesting report on the risks of maintaining DEI efforts... [Vote result: 4,857,195 For, 281,267,612 Against, 4,092,595 Abstain, 62,200,922 Broker Non-Votes]",https://www.sec.gov/Archives/edgar/data/909832/0000909832-25-000005.txt
0001403161-25-000010,shareholder_proposal_outcome,V,2025-01-29,True,0.0,,"Proposal 4: Shareholder proposal on gender-based compensation gaps and associated risks... Votes For: 10,657,911 (0.79%)... Votes Against: 1,318,419,741 (98.47%)... The proposal was not approved. Proposal 5: Shareholder proposal requesting a report on policy on merchant category codes... The proposal was not approved. Proposal 6: Shareholder proposal requesting adoption of a new director election resignation governance guideline... The proposal was not approved. Proposal 7: Shareholder proposal on transparency in lobbying... The proposal was not approved.",https://www.sec.gov/Archives/edgar/data/1403161/0001403161-25-000010.txt
0001140361-25-005876,shareholder_proposal_outcome,AAPL,2025-02-25,True,0.0,,"A shareholder proposal entitled ""Report on Ethical AI Data Acquisition and Usage"" was not approved. A shareholder proposal entitled ""Report on Costs and Benefits of Child Sex Abuse Material-Identifying Software & User Privacy"" was not approved. A shareholder proposal entitled ""Request to Cease DEI Efforts"" was not approved. A shareholder proposal entitled ""Report on Charitable Giving"" was not approved.",https://www.sec.gov/Archives/edgar/data/320193/0001140361-25-005876.txt
0001558370-25-001881,shareholder_proposal_outcome,DE,2025-02-28,True,0.0,,"A shareholder proposal regarding a report on charitable giving was not approved, with the following vote: Shares Voted For Proposal 2,549,298 | Shares Voted Against Proposal 200,450,816",https://www.sec.gov/Archives/edgar/data/315189/0001558370-25-001881.txt
0000829224-25-000024,shareholder_proposal_outcome,SBUX,2025-03-14,True,0.0,,Proposal 4 - Shareholder Proposal Requesting an Annual Report on Discrimination Risks Related to Charitable Giving: the shareholders did not approve... Proposal 5 - Shareholder Proposal Regarding Independent Board Chair Requirements: the shareholders did not approve... Proposal 6 - Shareholder Proposal Requesting a Report on Human Rights Risks Related to Labor Organizing: the shareholders did not approve... Proposal 7 - Shareholder Proposal Requesting Disclosure on Cage-Free Egg Commitments in China and Japan: the shareholders did not approve... Proposal 8 - Shareholder Proposal Requesting an Annual Emissions Congruency Report: the shareholders did not approve.,https://www.sec.gov/Archives/edgar/data/829224/0000829224-25-000024.txt
0000804328-25-000018,shareholder_proposal_outcome,QCOM,2025-03-20,True,0.0,,"Proposal 5 – Stockholder proposal entitled ""Protect Retirement Benefits."" The foregoing proposal was not approved.",https://www.sec.gov/Archives/edgar/data/804328/0000804328-25-000018.txt
0001628280-25-018230,shareholder_proposal_outcome,USB,2025-04-17,True,0.0,,"A shareholder proposal regarding a report on board oversight of risks relating to discrimination. The Company's shareholders did not approve the shareholder proposal regarding a report on board oversight of risks relating to discrimination, and the voting results are set forth below: For: 21,258,954; Against: 1,183,917,819; Abstentions: 16,424,577",https://www.sec.gov/Archives/edgar/data/36104/0001628280-25-018230.txt
0001193125-25-093530,shareholder_proposal_outcome,GS,2025-04-24,True,0.0,,"Shareholder Proposal Regarding Disclosure of Energy Supply Financing Ratio. Our shareholders did not approve this proposal. [For: 34,955,259; Against: 194,171,961; Abstain: 2,248,350]",https://www.sec.gov/Archives/edgar/data/886982/0001193125-25-093530.txt
0000012927-25-000034,shareholder_proposal_outcome,BA,2025-04-24,True,0.0,,"4. Shareholder Proposal - Report on DEI and Related Risks: FOR 16,406,375 AGAINST 490,525,504 ABSTAIN 5,837,705. 5. Shareholder Proposal - Civil Rights Audit: FOR 33,150,447 AGAINST 468,394,292 ABSTAIN 11,224,845.",https://www.sec.gov/Archives/edgar/data/12927/0000012927-25-000034.txt
0000070858-25-000195,shareholder_proposal_outcome,BAC,2025-04-24,True,0.0,,The Corporation's shareholders did not approve the shareholder proposals listed below.,https://www.sec.gov/Archives/edgar/data/70858/0000070858-25-000195.txt
0000078003-25-000109,shareholder_proposal_outcome,PFE,2025-04-28,True,0.0,,"The shareholder proposal to Adopt Shareholder Vote Regarding Golden Parachutes was not approved based upon the following votes: Votes for approval 338,488,044; Votes against 3,208,877,595; Abstentions 33,777,457",https://www.sec.gov/Archives/edgar/data/78003/0000078003-25-000109.txt
0000200406-25-000141,shareholder_proposal_outcome,JNJ,2025-04-30,True,0.0,,The shareholders did not approve the shareholder proposal for shareholder opportunity to vote on excessive golden parachutes and did not approve the shareholder proposal to produce a human rights impact assessment.,https://www.sec.gov/Archives/edgar/data/200406/0000200406-25-000141.txt
0001104659-25-043532,shareholder_proposal_outcome,C,2025-05-01,True,0.0,,(5)a stockholder proposal requesting a shareholder vote regarding excessive golden parachutes was not approved; (6)a stockholder proposal requesting a report on the effectiveness of Citi's policies and practices in respecting Indigenous Peoples' rights in Citi's existing and proposed financing was not approved; (7)a stockholder proposal requesting a report on financial statement assumptions and climate change was not approved; and (8)a stockholder proposal requesting a report disclosing the Board's oversight regarding the material risks associated with animal welfare was not approved.,https://www.sec.gov/Archives/edgar/data/831001/0001104659-25-043532.txt
0000004962-25-000050,shareholder_proposal_outcome,AXP,2025-05-01,True,0.0,,"Votes on a shareholder proposal relating to civil liberties in advertising services were as follows: 5,702,288 votes for (1.01%), 554,154,397 votes against (98.98%)",https://www.sec.gov/Archives/edgar/data/4962/0000004962-25-000050.txt
0000021344-25-000033,shareholder_proposal_outcome,KO,2025-05-02,True,0.0,,"Item 5. Shareowner Proposal Regarding a Report on Food Waste. Votes regarding this proposal were as follows: Votes Cast For: 374,840,479 (12.47%), Votes Cast Against: 2,630,753,596 (87.53%)",https://www.sec.gov/Archives/edgar/data/21344/0000021344-25-000033.txt
0000072971-25-000139,shareholder_proposal_outcome,WFC,2025-05-02,True,0.0,,"The four shareholder proposals presented at the 2025 Annual Meeting described below did not receive majority support. Shareholder Proposal – Annual Report on Prevention of Workplace Harassment and Discrimination received 387,372,669 votes for (15.13%), Shareholder Proposal – Annual Report on Congruency of Political Spending and Corporate Values received 285,664,310 votes for (11.15%), Shareholder Proposal – Energy Supply Ratio received 453,887,990 votes for (17.72%), and Shareholder Proposal – Report on Respecting Indigenous Peoples' Rights received 305,990,431 votes for (11.95%).",https://www.sec.gov/Archives/edgar/data/72971/0000072971-25-000139.txt
0001104659-25-044364,shareholder_proposal_outcome,DUK,2025-05-05,True,0.0,low,The shareholder proposal regarding support simple majority vote received the support of a majority of the shares represented. The shareholder proposal regarding a net-zero audit failed to receive the support of a majority of the shares represented.,https://www.sec.gov/Archives/edgar/data/1326160/0001104659-25-044364.txt
0000101829-25-000018,shareholder_proposal_outcome,RTX,2025-05-05,True,0.0,,"A shareowner proposal requesting a lobbying transparency report. The proposal was not approved, and the voting results are as follows: Votes For: 135,400,139, Votes Against: 892,947,078, Abstentions: 12,186,790.",https://www.sec.gov/Archives/edgar/data/101829/0000101829-25-000018.txt
0001140361-25-017742,shareholder_proposal_outcome,BMY,2025-05-07,True,0.0,,"The shareholder proposal on Corporate Financial Sustainability was not approved based upon the following votes: For 17,608,619, Against 1,510,021,361, Abstain 13,858,422, Broker Non-Vote 241,575,246",https://www.sec.gov/Archives/edgar/data/14272/0001140361-25-017742.txt
0000927628-25-000144,shareholder_proposal_outcome,COF,2025-05-08,True,0.0,,"The shareholder proposal presented at the Annual Meeting and described below did not receive majority support. Stockholder proposal to require a shareholder vote on golden parachute arrangements received 144,933,333 votes for and 180,714,153 votes against.",https://www.sec.gov/Archives/edgar/data/927628/0000927628-25-000144.txt
0000882095-25-000015,shareholder_proposal_outcome,GILD,2025-05-08,True,0.0,,"The Company's stockholders did not approve a stockholder proposal requesting the CEO pay ratio factor be included in the Company's executive compensation programs. The proposal received the following votes: Vote For 81,515,333, Vote Against 935,564,336, Abstentions 4,299,717.",https://www.sec.gov/Archives/edgar/data/882095/0000882095-25-000015.txt
0000077476-25-000025,shareholder_proposal_outcome,PEP,2025-05-09,True,0.0,,(4) The shareholders voted against a shareholder proposal regarding a third-party assessment on non-sugar sweetener risks. (5) The shareholders voted against a shareholder proposal regarding a third-party racial equity audit.,https://www.sec.gov/Archives/edgar/data/77476/0000077476-25-000025.txt
0000100885-25-000160,shareholder_proposal_outcome,UNP,2025-05-09,True,0.0,,"A shareholder of the Company submitted a proposal requesting the Board of Directors adopt an amended clawback policy. The Shareholders voted against Proposal 4 by the following count: Votes For 34,840,649, Votes Against 429,453,939, Abstentions 4,017,050.",https://www.sec.gov/Archives/edgar/data/100885/0000100885-25-000160.txt
0000050863-25-000084,shareholder_proposal_outcome,INTC,2025-05-09,True,0.0,,Proposal 5. Stockholder Proposal Requesting a Report on an Ethical Impact Assessment: Not Approved. Proposal 6. Stockholder Proposal Requesting a Report on Charitable Giving: Not Approved. Proposal 7. Stockholder Proposal Requesting a Shareholder Right to Act by Written Consent: Not Approved,https://www.sec.gov/Archives/edgar/data/50863/0000050863-25-000084.txt
0000040533-25-000017,shareholder_proposal_outcome,GD,2025-05-09,True,0.0,,Shareholders rejected a shareholder proposal requesting that the Board publish a report with the results of a Human Rights Impact Assessment relating to actual and potential human rights impacts associated with the Company's products and services.,https://www.sec.gov/Archives/edgar/data/40533/0000040533-25-000017.txt
0001090727-25-000051,shareholder_proposal_outcome,UPS,2025-05-12,True,0.0,,"Votes on a shareowner proposal requesting the Company prepare a report on risks arising from voluntary carbon-reduction commitments: FOR 67,461,712 | AGAINST 1,013,653,816 | ABSTAIN 19,548,695 | BROKER NON-VOTES 128,074,644. The proposal did not pass.",https://www.sec.gov/Archives/edgar/data/1090727/0001090727-25-000051.txt
0000021665-25-000022,shareholder_proposal_outcome,CL,2025-05-14,True,0.0,,"A stockholder proposal entitled ""Revisit plastic packaging policies"" was not approved. The results of the vote were as follows: Votes For 18,504,343 Votes Against 612,362,193.",https://www.sec.gov/Archives/edgar/data/21665/0000021665-25-000022.txt
0001104659-25-049593,shareholder_proposal_outcome,COP,2025-05-15,True,0.0,,"A stockholder proposal for ConocoPhillips to remove all emissions reduction targets covering greenhouse gas emissions from its operations and energy products was not approved. Voted For: 11,018,355 shares; Voted Against: 956,920,669 shares.",https://www.sec.gov/Archives/edgar/data/1163165/0001104659-25-049593.txt
0001193125-25-121622,shareholder_proposal_outcome,BLK,2025-05-16,True,0.0,,"Further, the shareholder proposal requesting a report on risks associated with stakeholder capitalism was not approved (Item 4). The shareholder proposal requesting reform of the board election to list more candidates than the number of directors to be elected was also not approved (Item 5).",https://www.sec.gov/Archives/edgar/data/2012383/0001193125-25-121622.txt
0000002488-25-000064,shareholder_proposal_outcome,AMD,2025-05-16,True,0.0,,The Company's stockholders did not approve the stockholder proposal requesting the removal of the holding requirement to call a special meeting.,https://www.sec.gov/Archives/edgar/data/2488/0000002488-25-000064.txt
0000950103-25-006128,shareholder_proposal_outcome,MS,2025-05-16,True,0.0,,The Shareholders also voted on a shareholder proposal requesting annual disclosure of the Company's Energy Supply Ratio. The Shareholder Proposal was not approved by the Shareholders.,https://www.sec.gov/Archives/edgar/data/895421/0000950103-25-006128.txt
0000064803-25-000015,shareholder_proposal_outcome,CVS,2025-05-20,True,0.0,,"Stockholder proposal for reducing the threshold for the Company's stockholder right to act by written consent, as set forth in the Proxy Statement, was not approved by the following vote: 431,195,972 For, 577,886,190 Against, 4,941,089 Abstained, 111,329,944 Broker Non-Votes.",https://www.sec.gov/Archives/edgar/data/64803/0000064803-25-000015.txt
0000019617-25-000485,shareholder_proposal_outcome,JPM,2025-05-22,True,0.0,,"Proposal 4 - Shareholders did not approve the proposal on support for an independent board chairman. 737,500,648 votes for (36.63%), 1,262,795,603 votes against (62.72%), and 13,191,825 abstentions (0.65%).",https://www.sec.gov/Archives/edgar/data/19617/0000019617-25-000485.txt
0001104659-25-052014,shareholder_proposal_outcome,AMZN,2025-05-22,True,0.0,,"A shareholder proposal requesting a report on data usage oversight in AI offerings was not approved, as set forth below: [829,568,766 For, 6,856,599,378 Against, 95,500,982 Abstain]",https://www.sec.gov/Archives/edgar/data/1018724/0001104659-25-052014.txt
0000063908-25-000029,shareholder_proposal_outcome,MCD,2025-05-23,True,0.0,,"Proposal 6: An advisory shareholder proposal to revisit diversity, equity, and inclusion in executive compensation. [For: 7,168,538 | Against: 498,794,199 | Abstain: 2,628,890]",https://www.sec.gov/Archives/edgar/data/63908/0000063908-25-000029.txt
0000773840-25-000043,shareholder_proposal_outcome,HON,2025-05-23,True,0.0,,"The shareowners did not approve the shareowner proposal titled ""Independent Board Chairman."" The voting results are set forth below: For 110,847,503, Against 367,963,930, Abstain 2,576,518, Broker Non Votes 72,531,204.",https://www.sec.gov/Archives/edgar/data/773840/0000773840-25-000043.txt
0001103982-25-000171,shareholder_proposal_outcome,MDLZ,2025-05-27,True,0.0,,"Our shareholders did not approve a shareholder proposal requesting an assessment of the company's supplier & partner code of conduct due diligence process, based on the following results: For 104,335,296, Against 880,238,963, Abstain 27,307,866.",https://www.sec.gov/Archives/edgar/data/1103982/0001103982-25-000171.txt
0000092122-25-000059,shareholder_proposal_outcome,SO,2025-05-27,True,0.0,,"The stockholder proposal regarding conducting a net zero audit was not approved based upon the following votes: 12,859,513 votes for (1.71% of votes cast) and 737,334,277 votes against",https://www.sec.gov/Archives/edgar/data/92122/0000092122-25-000059.txt
0001193125-25-129505,shareholder_proposal_outcome,VZ,2025-05-28,True,0.0,,"The shareholder proposal regarding climate lobbying alignment was defeated with 423,463,534 votes for, 2,261,089,748 votes against, 92,078,347 abstentions and 696,482,540 broker non-votes. The shareholder proposal regarding a lead-sheathed cable report was defeated with 386,539,466 votes for, 2,293,219,688 votes against, 96,886,895 abstentions and 696,482,540 broker non-votes. The shareholder proposal regarding discrimination in advertising services was defeated with 62,725,939 votes for, 2,620,855,677 votes against, 93,063,979 abstentions and 696,482,540 broker non-votes.",https://www.sec.gov/Archives/edgar/data/732712/0001193125-25-129505.txt
0000354950-25-000167,shareholder_proposal_outcome,HD,2025-05-28,True,0.0,,Proposal 5: A shareholder proposal regarding a biodiversity impact and dependency assessment was not approved.,https://www.sec.gov/Archives/edgar/data/354950/0000354950-25-000167.txt
0000097745-25-000069,shareholder_proposal_outcome,TMO,2025-05-28,True,0.0,,The shareholder proposal to remove the one year holding period requirement to call a special meeting was not approved.,https://www.sec.gov/Archives/edgar/data/97745/0000097745-25-000069.txt
0001104659-25-054131,shareholder_proposal_outcome,MRK,2025-05-29,True,0.0,,"Shareholder proposal regarding a human rights impact assessment: 279,462,163 votes FOR, 1,536,943,452 votes AGAINST, 23,745,998 shares abstained from voting. Shareholder proposal regarding a tax transparency report: 416,986,153 votes FOR, 1,409,197,067 votes AGAINST, 13,968,393 shares abstained from voting. Shareholder proposal to revisit DEI goals in executive pay incentives: 24,964,452 votes FOR, 1,802,351,315 votes AGAINST, 12,835,846 shares abstained from voting. Shareholder proposal regarding a report on civil liberties in advertising services: 36,319,138 votes FOR, 1,782,228,792 votes AGAINST, 21,603,683 shares abstained from voting.",https://www.sec.gov/Archives/edgar/data/310158/0001104659-25-054131.txt
0000093410-25-000024,shareholder_proposal_outcome,CVX,2025-05-30,True,0.0,,"The stockholder proposal to commission a third-party report on human rights practices was not approved based upon the following votes: Votes For 126,949,782 (10.5%), Votes Against 1,084,087,293 (89.5%). The stockholder proposal to report on renewable energy stranded asset risks was not approved. The stockholder proposal to allow holders of 10 percent of our common stock to call special meetings was not approved.",https://www.sec.gov/Archives/edgar/data/93410/0000093410-25-000024.txt
0001326801-25-000090,shareholder_proposal_outcome,META,2025-05-30,True,0.0,,"The shareholders did not approve the shareholder proposal regarding report on child safety impacts and actual harm reduction to children, with 669,263,526 votes in favor and 4,314,033,460 votes against.",https://www.sec.gov/Archives/edgar/data/1326801/0001326801-25-000090.txt
0001075531-25-000026,shareholder_proposal_outcome,BKNG,2025-06-04,True,0.0,,"A stockholder proposal requesting a non-binding stockholder vote regarding modifying the Company's special meeting threshold was not approved. Votes For: 13,464,542; Votes Against: 14,018,112; Abstentions: 29,968; Broker Non-Votes: 1,387,093.",https://www.sec.gov/Archives/edgar/data/1075531/0001075531-25-000026.txt
0000731766-25-000154,shareholder_proposal_outcome,UNH,2025-06-04,True,0.0,,"Shareholder proposal requesting a shareholder vote regarding excessive golden parachutes. The shareholder proposal was not approved based upon the following votes: For 94,676,898, Against 655,943,208, Abstain 1,494,982, Broker Non-Votes 59,836,956.",https://www.sec.gov/Archives/edgar/data/731766/0000731766-25-000154.txt
0001467858-25-000112,shareholder_proposal_outcome,GM,2025-06-05,True,0.0,,Shareholder Proposal Regarding a Report on Supply Chain GHG Emissions Reduction Strategies. GM's shareholders did not approve the shareholder proposal regarding a report on supply chain GHG emissions reduction strategies.,https://www.sec.gov/Archives/edgar/data/1467858/0001467858-25-000112.txt
0001065280-25-000286,shareholder_proposal_outcome,NFLX,2025-06-06,True,0.0,,"The non-binding stockholder proposal entitled, ""Issue a Climate Transition Plan"" was not approved. The non-binding stockholder proposal entitled, ""Proposal 5 - Proposal that Won 45% NFLX Shareholder Support"" was not approved. The non-binding stockholder proposal entitled, ""Amend the Code of Ethics to enhance policies on non-discrimination, anti-harassment, and whistleblower protection"" was not approved.",https://www.sec.gov/Archives/edgar/data/1065280/0001065280-25-000286.txt
0000104169-25-000092,shareholder_proposal_outcome,WMT,2025-06-06,True,0.0,,"The Company's shareholders then voted upon and rejected a shareholder proposal requesting an evaluation of respect for civil liberties in advertising. The votes on this proposal were as follows: For 24,577,134, Against 6,618,721,114, Abstain 24,766,612.",https://www.sec.gov/Archives/edgar/data/104169/0000104169-25-000092.txt
0001104659-25-058891,shareholder_proposal_outcome,CAT,2025-06-12,True,0.0,,Proposal 5 - Shareholder Proposal – Report on Employee Charitable Giving Match: The proposal requesting that the Board of Directors issue a report evaluating the composition of charities included in the Company's employee-gift match program was not approved,https://www.sec.gov/Archives/edgar/data/18230/0001104659-25-058891.txt
0001193125-25-139948,shareholder_proposal_outcome,GOOGL,2025-06-12,True,0.0,,"A stockholder proposal regarding ""Support for Shareholder Right to Act by Written Consent"" was not approved. A stockholder proposal regarding a financial performance policy was not approved. A stockholder proposal regarding a report on charitable partnerships was not approved. A stockholder proposal regarding a request to cease CEI participation was not approved. A stockholder proposal regarding an enhanced disclosure on climate goals was not approved. A stockholder proposal regarding equal shareholder voting was not approved. A stockholder proposal regarding a report on the due diligence process to assess human rights risks in CAHRA was not approved. A stockholder proposal regarding a report on risks of discrimination in GenAI was not approved. A stockholder proposal regarding a report on AI data usage oversight was not approved. A stockholder proposal regarding a human rights impact assessment of AI-driven targeted ad policies was not approved. A stockholder proposal regarding a report on alignment of lobbying activities with child safety policies was not approved. A stockholder proposal regarding a report on online safety for children was not approved. A stockholder proposal presented at the 2025 Annual Meeting but not included in the 2025 Proxy Statement regarding a report on implementing AI app preload capabilities into Android OS was not approved.",https://www.sec.gov/Archives/edgar/data/1652044/0001193125-25-139948.txt
0000027419-25-000110,shareholder_proposal_outcome,TGT,2025-06-13,True,0.0,,The shareholders did not approve a shareholder proposal requesting a report on how affirmative action initiatives impact Target's risks related to actual and perceived discrimination,https://www.sec.gov/Archives/edgar/data/27419/0000027419-25-000110.txt
0001166691-25-000027,shareholder_proposal_outcome,CMCSA,2025-06-20,True,0.0,,"A shareholder proposal to adopt a policy for an independent chair, as described in the proxy statement, was not approved.",https://www.sec.gov/Archives/edgar/data/1166691/0001166691-25-000027.txt
0001045810-25-000179,shareholder_proposal_outcome,NVDA,2025-07-01,True,0.0,,"Stockholders did not approve the non-binding stockholder proposal to request the adoption of a new director election resignation governance policy. The results of the voting were as follows: Number of shares For 2,866,965,630; Number of shares Against 13,251,838,014.",https://www.sec.gov/Archives/edgar/data/1045810/0001045810-25-000179.txt
0001193125-25-228346,shareholder_proposal_outcome,FDX,2025-10-02,True,0.0,,"Proposal 5: A stockholder proposal regarding an independent board chairman was not approved by stockholders. The tabulation of votes on this matter was as follows: 79,007,130 votes for (42.5% of the voted shares), 106,684,739 votes against (57.3% of the voted shares), 403,159 abstentions (0.2% of the voted shares), 20,916,564 broker non-votes.",https://www.sec.gov/Archives/edgar/data/1048911/0001193125-25-228346.txt
0001104659-25-108507,shareholder_proposal_outcome,TSLA,2025-11-07,True,0.0,,Proposal 12 was a shareholder proposal to elect each director annually. This proposal was approved.,https://www.sec.gov/Archives/edgar/data/1318605/0001104659-25-108507.txt
0001193125-25-311196,shareholder_proposal_outcome,MSFT,2025-12-08,True,0.0,,"The shareholders: (5)Did not approve a shareholder proposal concerning a European Security Program Censorship risk audit. (6)Did not approve a shareholder proposal concerning a report on risks of censorship in generative artificial intelligence (""AI""). (7)Did not approve a shareholder proposal concerning a report on AI data usage oversight. (8)Did not approve a shareholder proposal concerning a report on data operations in human rights hotspots. (9)Did not approve a shareholder proposal concerning a report on human rights due diligence. (10)Did not approve a shareholder proposal concerning a report on AI and machine learning tools for oil and gas development and production.",https://www.sec.gov/Archives/edgar/data/789019/0001193125-25-311196.txt
0000896878-24-000003,annual_meeting_results,INTU,2024-01-22,True,0.0,,"On January 18, 2024, Intuit Inc. (the ""Company"") held its Annual Meeting of Stockholders. At the meeting, stockholders: 1. Elected eleven persons to serve as directors of the Company; 2. Approved, on an advisory basis, the Company's executive compensation; 3. Voted, on an advisory basis, on the frequency of future say-on-pay votes... 4. Ratified the selection of Ernst & Young LLP to serve as the independent registered public accounting firm for the fiscal year ending July 31, 2024; 5. Approved the Company's Amended and Restated 2005 Equity Incentive Plan; and 6. Did not approve a stockholder proposal requesting a retirement plan investment report.",https://www.sec.gov/Archives/edgar/data/896878/0000896878-24-000003.txt
0000909832-24-000003,annual_meeting_results,COST,2024-01-22,True,0.0,,"On January 18, 2024, Costco Wholesale Corporation (the ""Company"") held its Annual Meeting of Shareholders. There were 443,830,261 shares of common stock entitled to be voted; 349,875,734 shares were voted in person or by proxy. Shareholders voted on the following matters: 1.The election of each of the directors nominated by the Board of Directors to hold office until the 2025 Annual Meeting of Shareholders and until their successors are elected and qualified; 2.The ratification of the selection of KPMG LLP as the Company's independent auditors for fiscal year 2024; 3.The approval, on an advisory basis, of the compensation of the Company's executive officers for fiscal year 2023 as disclosed in the Company's definitive proxy statement on Schedule 14A for the Annual Meeting, filed with the Securities and Exchange Commission on December 7, 2023; and 4.A shareholder proposal concerning fiduciary carbon-emission relevance report. All items except 4 were approved.",https://www.sec.gov/Archives/edgar/data/909832/0000909832-24-000003.txt
0001193125-24-029918,annual_meeting_results,EMR,2024-02-09,True,0.0,,"The final results for each of the matters submitted to a vote at the Company's 2024 Annual Meeting of Shareholders held on February 6, 2024 are as follows: Proposal 1: The four Directors named in the Proxy Statement were elected by the shareholders, by the votes set forth in the table below.",https://www.sec.gov/Archives/edgar/data/32604/0001193125-24-029918.txt
0001558370-24-002246,annual_meeting_results,DE,2024-03-01,True,0.0,,"Deere & Company (the ""Company"") held its annual meeting of shareholders on February 28, 2024 (the ""Annual Meeting""). The voting results for each matter submitted to a vote of shareholders at the Annual Meeting are as follows: 1. Election of Directors - All director nominees were elected for terms expiring at the 2025 annual meeting of shareholders with the following votes...",https://www.sec.gov/Archives/edgar/data/315189/0001558370-24-002246.txt
0000804328-24-000020,annual_meeting_results,QCOM,2024-03-07,True,0.0,,"QUALCOMM Incorporated (the ""Company"") held its 2024 Annual Meeting of Stockholders on March 5, 2024 (the ""Annual Meeting""). At the Annual Meeting, the Company's stockholders considered six proposals, each of which is described briefly below and in more detail in the Company's definitive proxy statement dated January 18, 2024. The final voting results for each proposal are set forth below.",https://www.sec.gov/Archives/edgar/data/804328/0000804328-24-000020.txt
0000829224-24-000016,annual_meeting_results,SBUX,2024-03-15,True,0.0,,"On March 13, 2024, Starbucks Corporation held its 2024 Annual Meeting of Shareholders. The matters submitted to a vote at the Annual Meeting and the voting results of such matters are as follows: Proposal 1 - Election of Directors... Proposal 2 - Advisory Resolution on Executive Compensation... Proposal 3 - Ratification of the Selection of Deloitte & Touche LLP... Proposal 4 - Shareholder Proposal Requesting a Report on Plant-Based Milk Pricing... Proposal 5 - Shareholder Proposal Requesting a Report on Direct and Systemic Discrimination... Proposal 6 - Shareholder Proposal Requesting a Report on Human Rights Policies.",https://www.sec.gov/Archives/edgar/data/829224/0000829224-24-000016.txt
0000950157-24-000595,annual_meeting_results,DIS,2024-04-09,True,0.0,,"Based on the estimated preliminary results, the twelve directors elected at the Annual Meeting are Mary T. Barra, Safra A. Catz, Amy L. Chang, D. Jeremy Darroch, Carolyn N. Everson, Michael B.G. Froman, James P. Gorman, Robert A. Iger, Maria Elena Lagomasino, Calvin R. McDonald, Mark G. Parker and Derica W. Rice.",https://www.sec.gov/Archives/edgar/data/1744489/0000950157-24-000595.txt
0001193125-24-091966,annual_meeting_results,BK,2024-04-10,True,0.0,,"On April 9, 2024, The Bank of New York Mellon Corporation held its Annual Meeting of Stockholders. At the Annual Meeting, each nominee for director was elected by a majority of votes cast (proposal 1). In addition, stockholders approved, on an advisory basis, the 2023 compensation of BNY Mellon's named executive officers (proposal 2) and ratified the appointment of KPMG LLP as BNY Mellon's independent registered public accountants for the year ending December 31, 2024 (proposal 3). The stockholders did not approve the stockholder proposal regarding transparency in lobbying (proposal 4) nor did they approve the stockholder proposal regarding a report on the risks of politicized de-banking (proposal 5).",https://www.sec.gov/Archives/edgar/data/1390777/0001193125-24-091966.txt
0000796343-24-000086,annual_meeting_results,ADBE,2024-04-19,True,0.0,,"At the Annual Meeting, held on April 17, 2024, the Company's stockholders approved proposals one through four and did not approve proposals five through six listed below.",https://www.sec.gov/Archives/edgar/data/796343/0000796343-24-000086.txt
0001730168-24-000055,annual_meeting_results,AVGO,2024-04-24,True,0.0,,"Broadcom Inc. held its 2024 Annual Meeting of Stockholders on April 22, 2024. At the 2024 Annual Meeting, Broadcom stockholders voted on the following matters and cast their votes as set forth below: (1) The nine nominees were elected to serve as directors of Broadcom until the next annual meeting of stockholders or until their successors have been elected.",https://www.sec.gov/Archives/edgar/data/1730168/0001730168-24-000055.txt
0001193125-24-113922,annual_meeting_results,GS,2024-04-25,True,0.0,,"The Annual Meeting was held on April 24, 2024. The results of the matters submitted to a shareholder vote at the Annual Meeting were as follows: Election of Directors: Our shareholders elected the following 11 directors to each serve a one-year term expiring on the date of our 2025 annual meeting of shareholders or until his or her successor has been duly chosen and qualified.",https://www.sec.gov/Archives/edgar/data/886982/0001193125-24-113922.txt
0000097476-24-000024,annual_meeting_results,TXN,2024-04-26,True,0.0,,"At the annual meeting of stockholders held on April 25, 2024, the stockholders elected the Board of Directors of Texas Instruments Incorporated and voted upon the proposals contained within our Proxy Statement dated March 12, 2024. The Board nominees were elected with the following vote: [detailed voting results for all 13 directors]",https://www.sec.gov/Archives/edgar/data/97476/0000097476-24-000024.txt
0000070858-24-000149,annual_meeting_results,BAC,2024-04-26,True,0.0,,"On April 24, 2024, the Corporation held its Annual Meeting. The Corporation's shareholders: elected all of the nominees for director; approved the advisory vote on executive compensation; ratified the appointment of PricewaterhouseCoopers LLP as the Corporation's independent registered public accounting firm for 2024; and approved the amendment and restatement of the Plan.",https://www.sec.gov/Archives/edgar/data/70858/0000070858-24-000149.txt
0000200406-24-000043,annual_meeting_results,JNJ,2024-04-29,True,0.0,,"The 2024 Annual Meeting of Shareholders of the Company was held on April 25, 2024. At the 2024 Annual Meeting of Shareholders, the shareholders: elected all 13 Director nominees named in the 2024 Proxy Statement to the Company's Board of Directors; approved, on an advisory basis, the executive compensation philosophy, policies and procedures; ratified the appointment of PricewaterhouseCoopers LLP as the Company's independent registered public accounting firm for the fiscal year 2024; and did not approve the shareholder proposal for a gender-based compensation gaps and associated risks.",https://www.sec.gov/Archives/edgar/data/200406/0000200406-24-000043.txt
0000078003-24-000101,annual_meeting_results,PFE,2024-04-29,True,0.0,,"The Pfizer Inc. (the ""Company"") Annual Meeting of Shareholders was held on April 25, 2024. Shareholders voted on the matters set forth below. The nominees for election to the Company's Board of Directors set forth in Item 1 to the Company's Proxy Statement filed with the U.S. Securities and Exchange Commission on March 14, 2024 were elected to hold office until the Company's next Annual Meeting of Shareholders, based upon the following votes: [detailed voting results for 12 director nominees]",https://www.sec.gov/Archives/edgar/data/78003/0000078003-24-000101.txt
0001104659-24-054016,annual_meeting_results,ABT,2024-04-29,True,0.0,,"Abbott held its Annual Meeting of Shareholders on April 26, 2024. The shareholders elected Abbott's entire Board of Directors... The shareholders ratified the appointment of Ernst & Young LLP as Abbott's auditors... The shareholders approved the compensation of Abbott's named executive officers listed in the proxy statement for the Annual Meeting, with 89.10 percent of the votes cast voting 'For' the proposal.",https://www.sec.gov/Archives/edgar/data/1800/0001104659-24-054016.txt
0001035267-24-000171,annual_meeting_results,ISRG,2024-04-30,True,0.0,,"At the Annual Meeting, the stockholders of Intuitive Surgical, Inc. voted on the following six proposals... Each of the nominees nominated in Proposal No. 1 was elected. Proposal No. 2 was approved on an advisory basis. Proposal No. 3 was approved. Proposal No. 4 was approved. Proposal No. 5 was approved. Proposal No. 6 was rejected.",https://www.sec.gov/Archives/edgar/data/1035267/0001035267-24-000171.txt
0000072971-24-000130,annual_meeting_results,WFC,2024-05-02,True,0.0,,"The Company held its annual meeting of shareholders on April 30, 2024 (""2024 Annual Meeting""). At the 2024 Annual Meeting, shareholders elected the 13 director nominees nominated by the Board as each director nominee received a greater number of votes cast ""for"" his or her election than votes cast ""against"" his or her election... shareholders approved, on an advisory basis, the compensation of the Company's named executives... ratified the appointment of KPMG LLP as the Company's independent registered public accounting firm for 2024; and approved an amendment to the Certificate to opt out of DGCL Section 203.",https://www.sec.gov/Archives/edgar/data/72971/0000072971-24-000130.txt
0001552781-24-000261,annual_meeting_results,KO,2024-05-02,True,0.0,,"The 2024 Annual Meeting of Shareowners of the Company was held on Wednesday, May 1, 2024. The results of the matters submitted to a vote of the shareowners at the meeting are set forth below. Shareowners elected each of the persons named below as Directors to serve until the 2025 annual meeting of shareowners.",https://www.sec.gov/Archives/edgar/data/21344/0001552781-24-000261.txt
0001104659-24-056383,annual_meeting_results,C,2024-05-02,True,0.0,,"Citigroup's 2024 Annual Meeting of Stockholders was held on April 30, 2024. At the meeting: (1)13 persons were elected to serve as directors of Citigroup; (2)the selection of KPMG LLP to serve as the independent registered public accounting firm of Citigroup for 2024 was ratified; (3)an advisory vote to approve our 2023 Executive Compensation was approved; (4)a proposal to approve additional shares for, and a term extension and restatement of, the Citigroup 2019 Stock Incentive Plan was approved.",https://www.sec.gov/Archives/edgar/data/831001/0001104659-24-056383.txt
0000040533-24-000017,annual_meeting_results,GD,2024-05-03,True,0.0,,"The results of voting on Proposals 1 through 4, as numbered in General Dynamics Corporation's (the ""Company"") 2024 Proxy Statement submitted to the Company's shareholders for consideration at the Annual Meeting of Shareholders held on May 1, 2024, are set forth below.",https://www.sec.gov/Archives/edgar/data/40533/0000040533-24-000017.txt
0001104659-24-057038,annual_meeting_results,IBM,2024-05-03,True,0.0,,"International Business Machines Corporation (IBM) held its Annual Meeting of Stockholders on April 30, 2024. Below are the final voting results.",https://www.sec.gov/Archives/edgar/data/51143/0001104659-24-057038.txt
0000927628-24-000178,annual_meeting_results,COF,2024-05-03,True,0.0,,"The Annual Meeting was held on May 2, 2024. Stockholders elected Mr. Richard D. Fairbank, Mr. Ime Archibong, Ms. Christine Detrick, Ms. Ann Fritz Hackett, Ms. Suni P. Harford, Mr. Peter Thomas Killalea, Mr. Cornelis Petrus Adrianus Joseph ('Eli') Leenaars, Mr. François Locoh-Donou, Mr. Peter E. Raskind, Ms. Eileen Serra, Mr. Mayo A. Shattuck III and Mr. Craig Anthony Williams to the Company's Board of Directors.",https://www.sec.gov/Archives/edgar/data/927628/0000927628-24-000178.txt
0000936468-24-000058,annual_meeting_results,LMT,2024-05-03,True,0.0,,"Lockheed Martin Corporation (the ""Company"") held its Annual Meeting of Stockholders on May 2, 2024. Of the 240,495,447 shares outstanding and entitled to vote (as of the February 26, 2024 record date), 208,571,343 shares were represented at the meeting, or an 86.73% quorum. The final results of voting for each matter submitted to a vote of stockholders at the meeting are as follows:",https://www.sec.gov/Archives/edgar/data/936468/0000936468-24-000058.txt
0000101829-24-000014,annual_meeting_results,RTX,2024-05-06,True,0.0,,"The Company held its 2024 Annual Meeting of Shareowners on May 2, 2024... Set forth below are the final voting results for each of the matters submitted to a vote of the shareowners.",https://www.sec.gov/Archives/edgar/data/101829/0000101829-24-000014.txt
0001090727-24-000031,annual_meeting_results,UPS,2024-05-06,True,0.0,,"The Company held its Annual Meeting of Shareholders on May 2, 2024. The following matters were submitted to a vote of the shareholders. Election of Directors: Votes regarding the election of 12 directors for a term expiring at the Company's 2025 annual meeting of shareholders...Under the Company's Bylaws, each of the director nominees was elected.",https://www.sec.gov/Archives/edgar/data/1090727/0001090727-24-000031.txt
0000313616-24-000133,annual_meeting_results,DHR,2024-05-09,True,0.0,,"The Company's annual meeting of shareholders was held on May 7, 2024. At the annual meeting, the Company's shareholders voted on the following proposals: 1. To elect the thirteen directors named in the Company's proxy statement to terms expiring in 2025. Each nominee for director was elected by a vote of the shareholders as follows:",https://www.sec.gov/Archives/edgar/data/313616/0000313616-24-000133.txt
0001140361-24-025213,annual_meeting_results,BMY,2024-05-09,True,0.0,,"The Company's Annual Meeting was held on May 7, 2024. Shareholders voted on the matters set forth below. Item 1. The shareholders elected each of the Company's 10 nominees to serve as directors on the Board of Directors (the ""Board"") of the Company until the 2025 Annual Meeting based upon the following votes: [detailed voting results provided]",https://www.sec.gov/Archives/edgar/data/14272/0001140361-24-025213.txt
0001413329-24-000100,annual_meeting_results,PM,2024-05-09,True,0.0,,"On May 8, 2024, Philip Morris International Inc. (the ""Company"") held its Annual Meeting of Shareholders (""Annual Meeting""). The matters voted upon at the Annual Meeting and the results of such voting are set forth below: Proposal 1: Election of Directors of the Company... All director nominees were duly elected. Proposal 2: Advisory Vote Approving Executive Compensation... The proposal was approved on an advisory basis. Proposal 3: Ratification of the Selection of PricewaterhouseCoopers SA as Independent Auditors for the fiscal year ending December 31, 2024... The proposal was approved.",https://www.sec.gov/Archives/edgar/data/1413329/0001413329-24-000100.txt
0000040545-24-000147,annual_meeting_results,GE,2024-05-10,True,0.0,,"At the Annual Meeting, shareholders elected all of the Company's nominees for director; approved the advisory vote on the Company's named executives' compensation ('Say on Pay'); and ratified the appointment of Deloitte & Touche LLP as the Company's independent auditor for 2024.",https://www.sec.gov/Archives/edgar/data/40545/0000040545-24-000147.txt
0001437749-24-016013,annual_meeting_results,UNP,2024-05-10,True,0.0,,"Union Pacific Corporation (the Company) held its Annual Meeting of Shareholders on May 9, 2024. The shareholders of the Company's common stock considered and voted upon five proposals at the Meeting. The Shareholders elected each of the following directors to serve a term of one year, ending at the time of the next Annual Meeting of Shareholders in 2025.",https://www.sec.gov/Archives/edgar/data/100885/0001437749-24-016013.txt
0001193125-24-137239,annual_meeting_results,VZ,2024-05-13,True,0.0,,"At the 2024 Annual Meeting of Shareholders of Verizon Communications Inc. held on May 9, 2024, the following items were submitted to a vote of shareholders. The following nominees were elected to serve on the Board of Directors: Shellye Archambeau, Roxanne Austin, Mark Bertolini, Vittorio Colao, Laxman Narasimhan, Clarence Otis, Jr., Daniel Schulman, Rodney Slater, Carol Tomé, Hans Vestberg.",https://www.sec.gov/Archives/edgar/data/732712/0001193125-24-137239.txt
0000021665-24-000017,annual_meeting_results,CL,2024-05-15,True,0.0,,"The Company's Annual Meeting of Stockholders was held on May 10, 2024. The matters voted on and the results of the vote were as follows. John P. Bilbrey, John T. Cahill, Steve Cahillane, Lisa M. Edwards, C. Martin Harris, Martina Hund-Mejean, Kimberly A. Nelson, Brian Newman, Lorrie M. Norrington, and Noel R. Wallace were elected directors of the Company.",https://www.sec.gov/Archives/edgar/data/21665/0000021665-24-000017.txt
0000066740-24-000058,annual_meeting_results,MMM,2024-05-16,True,0.0,,"At the 2024 Annual Meeting of Shareholders of the Company held on May 14, 2024, the votes cast with respect to each item of business properly presented at the meeting are as follows: Proposal No. 1 — The shareholders elected each of the twelve nominees to the Board of Directors for a one-year term by the vote of the majority of votes cast.",https://www.sec.gov/Archives/edgar/data/66740/0000066740-24-000058.txt
0000773840-24-000058,annual_meeting_results,HON,2024-05-16,True,0.0,,"Honeywell International Inc. held its Annual Meeting of Shareowners on May 14, 2024. The following matters set forth in our Proxy Statement dated April 2, 2024 were voted upon with the results indicated below. The nominees listed below were elected directors with the respective votes set forth opposite their names: [12 directors elected with vote counts]. The shareowners approved, on a non-binding advisory basis, the compensation of the Company's named executive officers. The shareowners approved the appointment of Deloitte & Touche LLP as independent accountants for 2024. The shareowners did not approve the shareowner proposal titled 'Independent Board Chairman.'",https://www.sec.gov/Archives/edgar/data/773840/0000773840-24-000058.txt
0001104659-24-062520,annual_meeting_results,COP,2024-05-16,True,0.0,,"ConocoPhillips (the ""Company"") held its annual meeting of stockholders on May 14, 2024. All 12 nominated directors were elected to serve a one-year term. The ratification of the appointment of Ernst & Young LLP as the Company's independent registered public accounting firm for 2024 was approved. The advisory vote on the compensation of our Named Executive Officers was approved.",https://www.sec.gov/Archives/edgar/data/1163165/0001104659-24-062520.txt
0001193125-24-141821,annual_meeting_results,BLK,2024-05-17,True,0.0,,"At the Annual Meeting, the shareholders approved the BlackRock, Inc. Third Amended and Restated 1999 Stock Award and Incentive Plan (the 'Restated Plan')... All director nominees were elected (Item 1). The proposal to approve the compensation of the named executive officers as disclosed in the Company's proxy statement, through a non-binding advisory vote, was approved (Item 2). Additionally, the proposal to approve the Restated Plan was approved (Item 3). Further, shareholders ratified the appointment of Deloitte LLP as the Company's independent registered public accounting firm for the fiscal year 2024 (Item 4).",https://www.sec.gov/Archives/edgar/data/1364742/0001193125-24-141821.txt
0000012927-24-000035,annual_meeting_results,BA,2024-05-17,True,0.0,,"The Boeing Company held its Annual Meeting of Shareholders on May 17, 2024. Set forth below are the final voting results for each of the proposals submitted to a vote of the shareholders.",https://www.sec.gov/Archives/edgar/data/12927/0000012927-24-000035.txt
0000005272-24-000055,annual_meeting_results,AIG,2024-05-17,True,0.0,,"On May 15, 2024, AIG held its Annual Meeting of Shareholders. The results of the matters submitted to a shareholder vote at the Annual Meeting were as follows: Proposal 1 – Election of Directors with voting results for each nominee, Proposal 2 – Advisory Vote to Approve Named Executive Officer Compensation, Proposal 3 – Ratification of the Appointment of PricewaterhouseCoopers LLP as Independent Auditor, Proposal 4 – Shareholder Proposal Requesting an Independent Board Chair Policy, and Proposal 5 – Shareholder Proposal Requesting a Director Resignation By-Law.",https://www.sec.gov/Archives/edgar/data/5272/0000005272-24-000055.txt
0000354950-24-000160,annual_meeting_results,HD,2024-05-22,True,0.0,,"The 2024 Annual Meeting of Shareholders of The Home Depot, Inc. (the ""Company"") was held on May 16, 2024. Below are the final vote results from the meeting.",https://www.sec.gov/Archives/edgar/data/354950/0000354950-24-000160.txt
0001103982-24-000073,annual_meeting_results,MDLZ,2024-05-22,True,0.0,,"On May 22, 2024, we held our annual meeting of shareholders. A total of 1,171,912,711 shares of our Class A Common Stock, or 87.12% of our outstanding shares of Class A Common Stock, were represented at the annual meeting. Our shareholders elected 11 directors to each serve a one-year term until our 2025 annual meeting of shareholders.",https://www.sec.gov/Archives/edgar/data/1103982/0001103982-24-000073.txt
0000064803-24-000019,annual_meeting_results,CVS,2024-05-22,True,0.0,,"At the Annual Meeting, the 12 nominees for director were elected to the Company's Board of Directors for a term of one year (Item 1). The Company proposal regarding the ratification of the appointment of Ernst & Young LLP as the Company's independent registered public accounting firm for 2024 (Item 2) was approved. The Company proposal to approve, on an advisory basis, the compensation of the Company's named executive officers as disclosed in the Proxy Statement (Item 3) was approved. The Company proposal to amend the Company's 2017 ICP (Item 4) was approved. Four stockholder proposals (Items 5, 6, 7 and 8) were not approved.",https://www.sec.gov/Archives/edgar/data/64803/0000064803-24-000019.txt
0000019617-24-000411,annual_meeting_results,JPM,2024-05-23,True,0.0,,"Registrant held its Annual Meeting of Shareholders on Tuesday, May 21, 2024; 2,443,906,572 shares were represented in person or by proxy, or 85.09% of the total shares outstanding. Shareholders elected the 10 director nominees named in the Proxy Statement. All director nominees received at least 90.44% of the votes cast.",https://www.sec.gov/Archives/edgar/data/19617/0000019617-24-000411.txt
0001373715-24-000232,annual_meeting_results,NOW,2024-05-23,True,0.0,,"At the 2024 Annual Meeting, the shareholders were asked to vote on four proposals. The shareholders elected the individuals listed below as directors to serve until the next annual shareholders meeting and until his or her successor has been duly elected and qualified or his or her earlier death, resignation or removal. The voting results for each such director are as follows: [detailed voting results for 11 director nominees]",https://www.sec.gov/Archives/edgar/data/1373715/0001373715-24-000232.txt
0001053507-24-000095,annual_meeting_results,AMT,2024-05-24,True,0.0,,"The 2024 Annual Meeting of Stockholders (the ""Annual Meeting"") of the Company was held virtually on May 22, 2024. At the Annual Meeting, the Company's stockholders elected eleven individuals to the Board, approved Proposals 2 and 3 and rejected Proposals 4 and 5.",https://www.sec.gov/Archives/edgar/data/1053507/0001053507-24-000095.txt
0000950103-24-007114,annual_meeting_results,MS,2024-05-24,True,0.0,,"At the 2024 Annual Meeting of Shareholders (the ""Annual Meeting"") of the Company held on Thursday, May 23, 2024... At the Annual Meeting, all nominees for election to the Board were elected by the Shareholders. The Shareholders also voted to ratify the appointment of Deloitte & Touche LLP as the Company's independent auditor for the 2024 fiscal year.",https://www.sec.gov/Archives/edgar/data/895421/0000950103-24-007114.txt
0001104659-24-065117,annual_meeting_results,AMZN,2024-05-24,True,0.0,,"On May 22, 2024, Amazon.com, Inc. (the 'Company') held its Annual Meeting of Shareholders. The following nominees were elected as directors, each to hold office until the next Annual Meeting of Shareholders or until his or her successor is elected and qualified, by the vote set forth below: [12 directors elected with vote counts]",https://www.sec.gov/Archives/edgar/data/1018724/0001104659-24-065117.txt
0000097745-24-000026,annual_meeting_results,TMO,2024-05-24,True,0.0,,"At the Annual Meeting held on May 22, 2024, the shareholders of the Company voted on the following proposals: 1. The following nominees were elected to the Company's Board of Directors for a one-year term expiring at the 2025 annual meeting of shareholders.",https://www.sec.gov/Archives/edgar/data/97745/0000097745-24-000026.txt
0000092122-24-000068,annual_meeting_results,SO,2024-05-24,True,0.0,,"The Southern Company (the ""Company"") held its Annual Meeting of Stockholders on May 22, 2024. Stockholders voted as follows on the six matters presented for a vote: 1. The nominees for election to the Board of Directors were elected based on the following votes",https://www.sec.gov/Archives/edgar/data/92122/0000092122-24-000068.txt
0001633917-24-000073,annual_meeting_results,PYPL,2024-05-28,True,0.0,,"At the 2024 Annual Meeting of Stockholders of PayPal Holdings, Inc. held on May 22, 2024, the stockholders approved the amendment and restatement of the PayPal Holdings, Inc. 2015 Equity Incentive Award Plan, approved the compensation of named executive officers, ratified the appointment of PricewaterhouseCoopers LLP as independent auditor, and voted on stockholder proposals.",https://www.sec.gov/Archives/edgar/data/1633917/0001633917-24-000073.txt
0000753308-24-000029,annual_meeting_results,NEE,2024-05-28,True,0.0,,"NextEra Energy, Inc. (NEE) held its 2024 Annual Meeting of Shareholders (2024 Annual Meeting) on May 23, 2024. At the 2024 Annual Meeting, NEE's shareholders approved three proposals and did not approve two shareholder proposals.",https://www.sec.gov/Archives/edgar/data/753308/0000753308-24-000029.txt
0001193125-24-149155,annual_meeting_results,SCHW,2024-05-29,True,0.0,,"The 2024 Annual Meeting of Stockholders of The Charles Schwab Corporation (""CSC"") was held on May 23, 2024. All nominees for directors were elected, and each nominee received more ""for"" votes than ""against"" votes cast for the nominee's election. The proposal to ratify the selection of Deloitte & Touche LLP (""Deloitte"") as CSC's independent auditors for the 2024 fiscal year was approved. The advisory vote on named executive officer (""NEO"") compensation was approved.",https://www.sec.gov/Archives/edgar/data/316709/0001193125-24-149155.txt
0001628280-24-025800,annual_meeting_results,MRK,2024-05-30,True,0.0,,"The Annual Meeting of Shareholders of Merck & Co., Inc. (the ""Company"") was held on May 28, 2024. Shareholders voted on the matters set forth below: 1. The following nominees were elected to the Company's Board of Directors to hold office until the Company's next Annual Meeting of Shareholders and received the number of votes set forth opposite their names.",https://www.sec.gov/Archives/edgar/data/310158/0001628280-24-025800.txt
0000034088-24-000036,annual_meeting_results,XOM,2024-05-31,True,0.0,,"Exxon Mobil Corporation held its Annual Meeting of Shareholders on May 29, 2024. At the meeting, the matters set forth below were submitted for a vote of security holders... The final voting results for the proposals presented at the Annual Meeting were as follows: Proposal 1 – Election of Directors... Proposal 2 – Ratification of Independent Auditors... Proposal 3 – Advisory Vote to Approve Executive Compensation... [and four shareholder proposals]",https://www.sec.gov/Archives/edgar/data/34088/0000034088-24-000036.txt
0001193125-24-153221,annual_meeting_results,AMGN,2024-06-03,True,0.0,,"The Company held its Annual Meeting on May 31, 2024. The final results of the voting for each matter submitted to a vote of stockholders at the meeting are as follows: Item 1 - Election of Directors. Each of the following 12 nominees for director were elected to serve a one-year term expiring at the Company's 2025 annual meeting of stockholders.",https://www.sec.gov/Archives/edgar/data/318154/0001193125-24-153221.txt
0001075531-24-000033,annual_meeting_results,BKNG,2024-06-05,True,0.0,,"The 2024 Annual Meeting of Stockholders of the Company was held virtually on June 4, 2024. Stockholders voted on the proposals as described below: The following individuals were elected to the Company's Board of Directors to serve until the next annual meeting of stockholders and until their successors are elected and qualified.",https://www.sec.gov/Archives/edgar/data/1075531/0001075531-24-000033.txt
0000060667-24-000116,annual_meeting_results,LOW,2024-06-05,True,0.0,,"Lowe's Companies, Inc. (the ""Company"") held its annual meeting of shareholders on May 31, 2024 (the ""Annual Meeting""). Set forth below are the final voting results for each of the proposals submitted to the Company's shareholders at the Annual Meeting.",https://www.sec.gov/Archives/edgar/data/60667/0000060667-24-000116.txt
0000104169-24-000103,annual_meeting_results,WMT,2024-06-07,True,0.0,,"On June 5, 2024, Walmart Inc. (the ""Company"") held its Annual Shareholders' Meeting (the ""Meeting""). The Company's shareholders elected for one-year terms all eleven persons nominated for election as directors as set forth in the Company's proxy statement dated April 25, 2024.",https://www.sec.gov/Archives/edgar/data/104169/0000104169-24-000103.txt
0000731766-24-000167,annual_meeting_results,UNH,2024-06-07,True,0.0,,"On June 3, 2024, the Company held its 2024 Annual Meeting of Shareholders (the ""Annual Meeting""). There were 825,082,260 shares of common stock represented at the Annual Meeting. The shareholders of the Company voted as follows on the following matters at the Annual Meeting: 1.Election of Directors. The ten directors were elected at the Annual Meeting for a one-year term",https://www.sec.gov/Archives/edgar/data/731766/0000731766-24-000167.txt
0001321655-24-000088,annual_meeting_results,PLTR,2024-06-10,True,0.0,,"On June 5, 2024, Palantir Technologies Inc. (the ""Company"") held its 2024 annual meeting of stockholders (the ""Annual Meeting""). Each of the following nominees was elected to serve as a director and to hold office until the Company's next annual meeting of stockholders... The appointment of Ernst & Young as the Company's independent registered public accounting firm for the fiscal year ending December 31, 2024 was ratified.",https://www.sec.gov/Archives/edgar/data/1321655/0001321655-24-000088.txt
0001166691-24-000039,annual_meeting_results,CMCSA,2024-06-12,True,0.0,,"At the annual meeting on June 10, 2024, our shareholders approved, or did not approve, the following proposals. All of the director nominees named in the proxy statement were elected to serve as directors for one-year terms.",https://www.sec.gov/Archives/edgar/data/1166691/0001166691-24-000039.txt
0001193125-24-160721,annual_meeting_results,GOOGL,2024-06-13,True,0.0,,"At the Annual Meeting of Stockholders of Alphabet Inc. held on June 7, 2024, Alphabet's stockholders voted on fourteen proposals. The individuals listed below were elected at the 2024 Annual Meeting to serve as directors of Alphabet until the next annual meeting of stockholders or until their respective successors have been duly elected and qualified: Larry Page, Sergey Brin, Sundar Pichai, John L. Hennessy, Frances H. Arnold, R. Martin 'Marty' Chávez, L. John Doerr, Roger W. Ferguson Jr., K. Ram Shriram, and Robin L. Washington.",https://www.sec.gov/Archives/edgar/data/1652044/0001193125-24-160721.txt
0001193125-24-161579,annual_meeting_results,TMUS,2024-06-14,True,0.0,,"On June 12, 2024, T-Mobile US, Inc. (the ""Company"") held its Annual Meeting of Stockholders (the ""Annual Meeting""). At the Annual Meeting, the following two proposals were presented... The following 14 director nominees were elected as directors, each to hold office until the Company's 2025 Annual Meeting of Stockholders, or until his/her successor is elected and qualified, by the votes set forth below.",https://www.sec.gov/Archives/edgar/data/1283699/0001193125-24-161579.txt
0001104659-24-071439,annual_meeting_results,TSLA,2024-06-14,True,0.0,,"At Tesla, Inc.'s ('Tesla') 2024 Annual Meeting of Stockholders (the 'Annual Meeting') held on June 13, 2024, Tesla's stockholders voted on the following twelve proposals and Tesla's inspector of election certified the vote tabulations indicated below.",https://www.sec.gov/Archives/edgar/data/1318605/0001104659-24-071439.txt
0001141391-24-000121,annual_meeting_results,MA,2024-06-21,True,0.0,,"The holders of Class A common stock elected the following individuals to serve on the Board as directors for a one-year term expiring on the date of Mastercard's 2025 annual meeting of stockholders: Merit E. Janow, Candido Bracher, Richard K. Davis, Julius Genachowski, Choon Phong Goh, Oki Matsumoto, Michael Miebach, Youngme Moon, Rima Qureshi, Gabrielle Sulzberger, Harit Talwar, Lance Uggla.",https://www.sec.gov/Archives/edgar/data/1141391/0001141391-24-000121.txt
0001099219-24-000193,annual_meeting_results,MET,2024-06-24,True,0.0,,"At the Company's annual meeting of common shareholders on June 18, 2024, the shareholders: elected thirteen Directors, each for a term expiring at the Company's 2025 annual meeting of shareholders; ratified the appointment of Deloitte & Touche LLP as the Company's independent auditor for 2024; approved, on an advisory basis, the compensation paid to the Company's Named Executive Officers as disclosed in the Company's Proxy Statement; approved the Stock Plan; and did not approve a shareholder proposal requesting a third-party racial equity audit.",https://www.sec.gov/Archives/edgar/data/1099219/0001099219-24-000193.txt
0001108524-24-000014,annual_meeting_results,CRM,2024-07-01,True,0.0,,"Salesforce, Inc. (the ""Company"") held its 2024 Annual Meeting of Stockholders on June 27, 2024 (the ""Meeting""). The proposals considered at the Meeting are described in the Company's 2024 Proxy Statement filed with the Securities and Exchange Commission on May 16, 2024 (the ""Proxy Statement""), and the final voting results are set forth below",https://www.sec.gov/Archives/edgar/data/1108524/0001108524-24-000014.txt
0001045810-24-000206,annual_meeting_results,NVDA,2024-07-02,True,0.0,,"On June 26, 2024, at the 2024 Annual Meeting of Stockholders of NVIDIA Corporation, the following proposals were adopted by the margin indicated... Stockholders approved the election of each of our twelve (12) director nominees to hold office until the 2025 Annual Meeting of Stockholders.",https://www.sec.gov/Archives/edgar/data/1045810/0001045810-24-000206.txt
0001193125-24-224857,annual_meeting_results,FDX,2024-09-24,True,0.0,,"FedEx's annual meeting of stockholders was held on September 23, 2024. The stockholders took the following actions at the annual meeting: Proposal 1: The stockholders elected fourteen directors... Proposal 2: The compensation of FedEx's named executive officers was approved, on an advisory basis, by stockholders... Proposal 3: The Audit and Finance Committee's designation of Ernst & Young LLP as FedEx's independent registered public accounting firm for the fiscal year ending May 31, 2025 was ratified by stockholders.",https://www.sec.gov/Archives/edgar/data/1048911/0001193125-24-224857.txt
0000080424-24-000100,annual_meeting_results,PG,2024-10-10,True,0.0,,"On October 8, 2024, The Procter & Gamble Company (""the Company""), held its 2024 Annual Meeting of Shareholders. Set forth below are the final voting results for each of the proposals submitted to a vote of the shareholders.",https://www.sec.gov/Archives/edgar/data/80424/0000080424-24-000100.txt
0001613103-24-000151,annual_meeting_results,MDT,2024-10-21,True,0.0,,"On October 17, 2024, the Company held its 2024 Annual General Meeting of Shareholders in order to: (1) elect, by separate resolutions, ten directors... The final voting results and the votes used to determine the results for each proposal are set forth below: The shareholders elected each of the ten nominees to the Board of Directors... The shareholders ratified, in a non-binding vote, the appointment of PricewaterhouseCoopers LLP as Medtronic's independent auditor for fiscal year 2025... The shareholders approved, on a non-binding advisory basis, the compensation awarded to the Company's named executive officers.",https://www.sec.gov/Archives/edgar/data/1613103/0001613103-24-000151.txt
0001193125-24-275524,annual_meeting_results,MSFT,2024-12-11,True,0.0,,"On December 10, 2024, Microsoft Corporation held its 2024 Annual Shareholders Meeting. The shareholders: (1) Voted to elect each of the 12 nominees for director. (2) Approved, on an advisory basis, the compensation of the Company's named executive officers. (3) Voted to ratify the appointment of Deloitte & Touche LLP as the Company's independent registered public accounting firm for fiscal year 2025.",https://www.sec.gov/Archives/edgar/data/789019/0001193125-24-275524.txt
0000896878-25-000003,annual_meeting_results,INTU,2025-01-27,True,0.0,,"On January 23, 2025, at the Meeting, stockholders: 1. Elected thirteen persons to serve as directors of the Company; 2. Approved, on an advisory basis, the Company's executive compensation; 3. Ratified the selection of Ernst & Young LLP to serve as the independent registered public accounting firm for the fiscal year ending July 31, 2025; and 4. Approved an amendment to the Company's Certificate of Incorporation to limit the liability of certain officers.",https://www.sec.gov/Archives/edgar/data/896878/0000896878-25-000003.txt
0000909832-25-000005,annual_meeting_results,COST,2025-01-27,True,0.0,,"On January 23, 2025, Costco Wholesale Corporation (the ""Company"") held its Annual Meeting of Shareholders... All items except item 4 were approved. The results of the votes are set forth below: [detailed voting results for director elections, auditor ratification, executive compensation advisory vote, and shareholder proposal]",https://www.sec.gov/Archives/edgar/data/909832/0000909832-25-000005.txt
0001403161-25-000010,annual_meeting_results,V,2025-01-29,True,0.0,,"The 2025 Annual Meeting of Shareholders of Visa Inc. (the ""Company"") was held on January 28, 2025, and the shareholders of the Company's Class A common stock voted on seven proposals... Set forth below are the matters the shareholders voted on and the final voting results.",https://www.sec.gov/Archives/edgar/data/1403161/0001403161-25-000010.txt
0000032604-25-000036,annual_meeting_results,EMR,2025-02-07,True,0.0,,"The final results for each of the matters submitted to a vote at the Company's 2025 Annual Meeting of Shareholders held on February 4, 2025 are as follows: Proposal 1: The four Directors named in the Proxy Statement were elected by the shareholders, by the votes set forth in the table below: Joshua B. Bolten, Calvin G. Butler, Jr., Surendralal (Lal) L. Karsanbhai, and Lori M. Lee.",https://www.sec.gov/Archives/edgar/data/32604/0000032604-25-000036.txt
0001558370-25-001881,annual_meeting_results,DE,2025-02-28,True,0.0,,"Deere & Company (the ""Company"") held its annual meeting of shareholders on February 26, 2025 (the ""Annual Meeting""). The voting results for each matter submitted to a vote of shareholders at the Annual Meeting are as follows: 1.Election of Directors All director nominees were elected for terms expiring at the 2026 annual meeting of shareholders",https://www.sec.gov/Archives/edgar/data/315189/0001558370-25-001881.txt
0000829224-25-000024,annual_meeting_results,SBUX,2025-03-14,True,0.0,,"On March 12, 2025, Starbucks Corporation held its 2025 Annual Meeting of Shareholders. The matters submitted to a vote at the Annual Meeting and the voting results of such matters are as follows: Proposal 1 - Election of Directors... Proposal 2 - Advisory Resolution on Executive Compensation... Proposal 3 - Ratification of the Selection of Deloitte & Touche LLP... Proposal 4-8 - Shareholder Proposals with voting results.",https://www.sec.gov/Archives/edgar/data/829224/0000829224-25-000024.txt
0000804328-25-000018,annual_meeting_results,QCOM,2025-03-20,True,0.0,,"QUALCOMM Incorporated (the ""Company"") held its 2025 Annual Meeting of Stockholders on March 18, 2025 (the ""Annual Meeting""). At the Annual Meeting, the Company's stockholders considered five proposals, each of which is described briefly below and in more detail in the Company's definitive proxy statement dated January 23, 2025. The final voting results for each proposal are set forth below.",https://www.sec.gov/Archives/edgar/data/804328/0000804328-25-000018.txt
0001744489-25-000079,annual_meeting_results,DIS,2025-03-24,True,0.0,,"The final results of voting on each of the matters submitted to a vote of security holders during the Registrant's annual meeting of shareholders on March 20, 2025 are as follows. 1. Election of Directors with voting results for Mary T. Barra, Amy L. Chang, D. Jeremy Darroch, Carolyn N. Everson, Michael B.G. Froman, James P. Gorman, Robert A. Iger, Maria Elena Lagomasino, Calvin R. McDonald, and Derica W. Rice.",https://www.sec.gov/Archives/edgar/data/1744489/0001744489-25-000079.txt
0001193125-25-082955,annual_meeting_results,BK,2025-04-16,True,0.0,,"On April 15, 2025, The Bank of New York Mellon Corporation held its Annual Meeting of Stockholders. At the Annual Meeting, each nominee for director was elected by a majority of votes cast (proposal 1). In addition, stockholders approved, on an advisory basis, the 2024 compensation of BNY's named executive officers (proposal 2) and ratified the appointment of KPMG LLP as BNY's independent registered public accountants for the year ending December 31, 2025 (proposal 3).",https://www.sec.gov/Archives/edgar/data/1390777/0001193125-25-082955.txt
0001628280-25-018230,annual_meeting_results,USB,2025-04-17,True,0.0,,"U.S. Bancorp (the ""Company"") held its 2025 annual meeting of shareholders on Tuesday, April 15, 2025. Shareholders considered four proposals at the meeting... The Company's shareholders elected each of the thirteen nominees for director... The Company's shareholders gave advisory approval of the compensation of the Company's executive officers... The Company's shareholders ratified the selection of Ernst & Young LLP... The Company's shareholders did not approve the shareholder proposal regarding a report on board oversight of risks relating to discrimination.",https://www.sec.gov/Archives/edgar/data/36104/0001628280-25-018230.txt
0001730168-25-000037,annual_meeting_results,AVGO,2025-04-22,True,0.0,,"Broadcom Inc. held its 2025 Annual Meeting of Stockholders on April 21, 2025. At the 2025 Annual Meeting, Broadcom stockholders voted on the following matters and cast their votes as set forth below: (1) The nine nominees were elected to serve as directors of Broadcom until the next annual meeting of stockholders or until their successors have been elected.",https://www.sec.gov/Archives/edgar/data/1730168/0001730168-25-000037.txt
0000070858-25-000195,annual_meeting_results,BAC,2025-04-24,True,0.0,,"On April 22, 2025, the Corporation held its Annual Meeting. The Corporation's shareholders: elected all of the nominees for director; approved the advisory vote on executive compensation; ratified the appointment of PricewaterhouseCoopers LLP as the Corporation's independent registered public accounting firm for 2025; and approved the amendment and restatement of the Plan.",https://www.sec.gov/Archives/edgar/data/70858/0000070858-25-000195.txt
0001193125-25-093530,annual_meeting_results,GS,2025-04-24,True,0.0,,"The Annual Meeting was held on April 23, 2025. The results of the matters submitted to a shareholder vote at the Annual Meeting were as follows: Election of Directors: Our shareholders elected the following 14 directors to each serve a one-year term expiring on the date of our 2026 annual meeting of shareholders or until his or her successor has been duly chosen and qualified.",https://www.sec.gov/Archives/edgar/data/886982/0001193125-25-093530.txt
0001628280-25-019665,annual_meeting_results,ADBE,2025-04-24,True,0.0,,"At the Annual Meeting, held on April 22, 2025, the Company's stockholders approved proposals one through four and did not approve proposal five listed below. The final results for the votes regarding each proposal are set forth in the following tables.",https://www.sec.gov/Archives/edgar/data/796343/0001628280-25-019665.txt
0001091667-25-000100,annual_meeting_results,CHTR,2025-04-25,True,0.0,,"As a result of the votes cast as reported above, the stockholders elected each nominee as a director of the Company, approved the Charter Communications, Inc. 2025 Employee Stock Purchase Plan, ratified the appointment of KPMG LLP as independent public accounting firm for the Company for the year ending December 31, 2025, and did not approve the stockholder proposal regarding political expenditures report.",https://www.sec.gov/Archives/edgar/data/1091667/0001091667-25-000100.txt
0001104659-25-040201,annual_meeting_results,ABT,2025-04-28,True,0.0,,"Abbott held its Annual Meeting of Shareholders on April 25, 2025. The shareholders elected Abbott's entire Board of Directors... The shareholders ratified the appointment of Ernst & Young LLP as Abbott's auditors... The shareholders approved the compensation of Abbott's named executive officers listed in the proxy statement for the Annual Meeting, with 89.90 percent of the votes cast voting 'For' the proposal.",https://www.sec.gov/Archives/edgar/data/1800/0001104659-25-040201.txt
0000078003-25-000109,annual_meeting_results,PFE,2025-04-28,True,0.0,,"The Pfizer Inc. (the ""Company"") Annual Meeting of Shareholders was held on April 24, 2025. Shareholders voted on the matters set forth below. The nominees for election to the Company's Board of Directors set forth in Item 1 to the Company's Proxy Statement filed with the U.S. Securities and Exchange Commission on March 13, 2025 were elected to hold office until the Company's next Annual Meeting of Shareholders, based upon the following votes: [detailed voting results for 13 director nominees]",https://www.sec.gov/Archives/edgar/data/78003/0000078003-25-000109.txt
0000200406-25-000141,annual_meeting_results,JNJ,2025-04-30,True,0.0,,"The 2025 Annual Meeting of Shareholders of the Company was held on April 24, 2025. At the 2025 Annual Meeting of Shareholders, the shareholders: elected all 11 Director nominees named in the 2025 Proxy Statement to the Company's Board of Directors; approved, on an advisory basis, the executive compensation philosophy, policies and procedures; ratified the appointment of PricewaterhouseCoopers LLP as the Company's independent registered public accounting firm for the fiscal year 2025; did not approve the shareholder proposal for shareholder opportunity to vote on excessive golden parachutes; and did not approve the shareholder proposal to produce a human rights impact assessment.",https://www.sec.gov/Archives/edgar/data/200406/0000200406-25-000141.txt
0001104659-25-043532,annual_meeting_results,C,2025-05-01,True,0.0,,"Citigroup's 2025 Annual Meeting of Stockholders was held on April 29, 2025. At the meeting: (1)12 persons were elected to serve as directors of Citigroup; (2)the selection of KPMG LLP to serve as the independent registered public accounting firm of Citigroup for 2025 was ratified; (3)an advisory vote to approve our 2024 Executive Compensation was approved; (4)a proposal to approve additional shares for the Citigroup 2019 Stock Incentive Plan was approved.",https://www.sec.gov/Archives/edgar/data/831001/0001104659-25-043532.txt
0000072971-25-000139,annual_meeting_results,WFC,2025-05-02,True,0.0,,"The Company held its annual meeting of shareholders on April 29, 2025 ('2025 Annual Meeting'). At the 2025 Annual Meeting, shareholders elected the 13 director nominees nominated by the Board as each director nominee received a greater number of votes cast 'for' his or her election than votes cast 'against' his or her election.",https://www.sec.gov/Archives/edgar/data/72971/0000072971-25-000139.txt
0000101829-25-000018,annual_meeting_results,RTX,2025-05-05,True,0.0,,"The Company held its 2025 Annual Meeting of Shareowners on May 1, 2025. Set forth below are the final voting results for each of the matters submitted to a vote of the shareowners.",https://www.sec.gov/Archives/edgar/data/101829/0000101829-25-000018.txt
0001035267-25-000156,annual_meeting_results,ISRG,2025-05-05,True,0.0,,"At the Company's annual meeting of stockholders held on May 1, 2025 (the ""Annual Meeting""), the Company's stockholders approved the Amended 2010 Plan. At the Annual Meeting, the stockholders of Intuitive Surgical, Inc. (the ""Company"") voted on the following six proposals, each of which is described in detail in the Proxy Statement filed with the Securities and Exchange Commission on March 14, 2025.",https://www.sec.gov/Archives/edgar/data/1035267/0001035267-25-000156.txt
0001140361-25-017742,annual_meeting_results,BMY,2025-05-07,True,0.0,,"The Annual Meeting of the Company was held on May 6, 2025. Shareholders voted on the matters set forth below. The shareholders elected each of the Company's 11 nominees to serve as directors of the Company until the 2026 Annual Meeting based upon the following votes: [detailed voting results for all 11 directors]",https://www.sec.gov/Archives/edgar/data/14272/0001140361-25-017742.txt
0000059478-25-000138,annual_meeting_results,LLY,2025-05-08,True,0.0,,"The Eli Lilly and Company annual meeting of shareholders (the '2025 Annual Meeting') was held on May 5, 2025. The total number of shares of the Company's common stock voted in person or by proxy at the 2025 Annual Meeting was 846,655,979, representing approximately 89% of the 947,989,151 shares that were outstanding and entitled to vote as of February 26, 2025, the record date of the 2025 Annual Meeting. Voting results for each matter submitted to a vote at the 2025 Annual Meeting are provided below.",https://www.sec.gov/Archives/edgar/data/59478/0000059478-25-000138.txt
0000313616-25-000110,annual_meeting_results,DHR,2025-05-08,True,0.0,,"The annual meeting of shareholders of Danaher Corporation (the ""Company"") was held on May 6, 2025. At the annual meeting, the Company's shareholders voted on the following proposals: 1. To elect the thirteen directors named in the Company's proxy statement to terms expiring in 2026. Each nominee for director was elected by a vote of the shareholders as follows: [detailed voting results for all 13 directors]",https://www.sec.gov/Archives/edgar/data/313616/0000313616-25-000110.txt
0000882095-25-000015,annual_meeting_results,GILD,2025-05-08,True,0.0,,"The 2025 annual meeting of stockholders (the ""Annual Meeting"") of Gilead Sciences, Inc. (the ""Company"") was held on May 7, 2025... The Company's stockholders elected nine directors to serve for the next year and until their successors are elected and qualified.",https://www.sec.gov/Archives/edgar/data/882095/0000882095-25-000015.txt
0000927628-25-000144,annual_meeting_results,COF,2025-05-08,True,0.0,,"The 2025 Annual Stockholder Meeting (the ""Annual Meeting"") of Capital One Financial Corporation (the ""Company"") was held on May 8, 2025... Stockholders elected Mr. Richard D. Fairbank, Mr. Ime Archibong, Ms. Christine Detrick, Ms. Ann Fritz Hackett, Ms. Suni P. Harford, Mr. Peter Thomas Killalea, Mr. Cornelis Petrus Adrianus Joseph (""Eli"") Leenaars, Mr. François Locoh-Donou, Mr. Peter E. Raskind, Ms. Eileen Serra, Mr. Mayo A. Shattuck III, and Mr. Craig Anthony Williams to the Company's Board of Directors for terms expiring at the 2026 annual meeting of stockholders.",https://www.sec.gov/Archives/edgar/data/927628/0000927628-25-000144.txt
0000936468-25-000038,annual_meeting_results,LMT,2025-05-09,True,0.0,,"Lockheed Martin Corporation (the ""Company"") held its Annual Meeting of Stockholders on May 9, 2025. Of the 234,573,049 shares outstanding and entitled to vote (as of the February 28, 2025 record date), 202,834,756 shares were represented at the meeting, or an 86.47% quorum. The final results of voting for each matter submitted to a vote of stockholders at the meeting are as follows: Proposal 1 - Election of Directors [with voting results for 10 directors], Proposal 2 - Advisory Vote to Approve the Compensation of our Named Executive Officers (Say-on-Pay) [approved], Proposal 3 - Ratification of the Appointment of Ernst & Young LLP as our Independent Auditors for 2025 [approved], Proposal 4 - Stockholder Proposal Requesting Shareholder Approval Requirement for Excessive Golden Parachutes [not approved], and Proposal 5 - Stockholder Proposal Requesting a Report on Alignment of Political Activities with Human Rights Policy [not approved].",https://www.sec.gov/Archives/edgar/data/936468/0000936468-25-000038.txt
0000040545-25-000091,annual_meeting_results,GE,2025-05-09,True,0.0,,"At the Annual Meeting, shareholders elected all of the Company's nominees for director; approved the advisory vote on the Company's named executives' compensation ('Say on Pay'); and ratified the appointment of Deloitte & Touche LLP as the Company's independent auditor for 2025 ('Auditor Ratification'). Shareholders did not approve the shareholder proposal requesting a vote on severance payments.",https://www.sec.gov/Archives/edgar/data/40545/0000040545-25-000091.txt
0000100885-25-000160,annual_meeting_results,UNP,2025-05-09,True,0.0,,"Union Pacific Corporation (the Company) held its Annual Meeting of Shareholders on May 8, 2025. The shareholders of the Company's common stock considered and voted upon four proposals at the Meeting. The Shareholders elected each of the following directors to serve a term of one year... The Shareholders voted for the ratification of the appointment of Deloitte & Touche LLP... The Shareholders approved, on an advisory (non-binding) basis, the compensation of the Company's Named Executive Officers... The Shareholders voted against Proposal 4.",https://www.sec.gov/Archives/edgar/data/100885/0000100885-25-000160.txt
0000040533-25-000017,annual_meeting_results,GD,2025-05-09,True,0.0,low,"The results of voting on Proposals 1 through 4, as numbered in General Dynamics Corporation's (the ""Company"") 2025 Proxy Statement submitted to the Company's shareholders for consideration at the Annual Meeting of Shareholders held on May 7, 2025, are set forth below.",https://www.sec.gov/Archives/edgar/data/40533/0000040533-25-000017.txt
0000050863-25-000084,annual_meeting_results,INTC,2025-05-09,True,0.0,,"At the annual meeting of stockholders (the ""Annual Meeting"") of Intel Corporation (the ""Company"") held on May 6, 2025, a total of 3,328,455,208 shares of the Company's common stock were present or represented by proxy, representing 76.3% of the 4,360,591,639 shares outstanding as of the close of business on March 10, 2025, the record date for the determination of stockholders entitled to vote at the Annual Meeting. The following are the voting results on the seven proposals considered and voted upon at the Annual Meeting",https://www.sec.gov/Archives/edgar/data/50863/0000050863-25-000084.txt
0001552781-25-000174,annual_meeting_results,UBER,2025-05-09,True,0.0,,"On May 5, 2025, Uber Technologies, Inc. held its annual meeting of stockholders. Present at the Meeting in person or by proxy were holders of 1,711,272,478 shares of common stock, representing approximately 82% of the voting power. Based on the votes set forth above, each director nominee was duly elected to serve until the 2026 annual meeting of stockholders.",https://www.sec.gov/Archives/edgar/data/1543151/0001552781-25-000174.txt
0001413329-25-000104,annual_meeting_results,PM,2025-05-09,True,0.0,,"On May 7, 2025, Philip Morris International Inc. (the ""Company"") held its Annual Meeting of Shareholders (""Annual Meeting""). The matters voted upon at the Annual Meeting and the results of such voting are set forth below: Proposal 1: Election of Directors of the Company... All director nominees were duly elected. Proposal 2: Advisory Vote Approving Executive Compensation... The proposal was approved on an advisory basis. Proposal 3: Ratification of the Selection of PricewaterhouseCoopers SA as Independent Auditors for the fiscal year ending December 31, 2025... The proposal was approved.",https://www.sec.gov/Archives/edgar/data/1413329/0001413329-25-000104.txt
0001090727-25-000051,annual_meeting_results,UPS,2025-05-12,True,0.0,,"The Company held its Annual Meeting of Shareholders on May 8, 2025. The following matters were submitted to a vote of the shareholders. Election of Directors: Votes regarding the election of twelve directors for a term expiring at the Company's 2026 annual meeting of shareholders... Under the Company's Bylaws, each of the director nominees was elected.",https://www.sec.gov/Archives/edgar/data/1090727/0001090727-25-000051.txt
0001104659-25-047402,annual_meeting_results,ABBV,2025-05-13,True,0.0,,"AbbVie held its 2025 Annual Meeting of Stockholders on May 9, 2025. The stockholders elected AbbVie's Class I directors with terms expiring in 2028... The stockholders ratified the appointment of Ernst & Young LLP as AbbVie's independent registered public accounting firm for 2025... The stockholders approved, on an advisory basis, the compensation of AbbVie's named executive officers.",https://www.sec.gov/Archives/edgar/data/1551152/0001104659-25-047402.txt
0000066740-25-000052,annual_meeting_results,MMM,2025-05-14,True,0.0,,"At the 2025 Annual Meeting of Shareholders of the Company held on May 13, 2025, the votes cast with respect to each item of business properly presented at the meeting are as follows: Proposal No. 1 — The shareholders elected each of the eleven nominees to the Board of Directors for a one-year term by the vote of the majority of votes cast, in accordance with 3M's Bylaws.",https://www.sec.gov/Archives/edgar/data/66740/0000066740-25-000052.txt
0000021665-25-000022,annual_meeting_results,CL,2025-05-14,True,0.0,,"The Company's Annual Meeting of Stockholders was held on May 9, 2025. The matters voted on and the results of the vote were as follows. John P. Bilbrey, John T. Cahill, Steven A. Cahillane, Lisa M. Edwards, C. Martin Harris, Martina Hund-Mejean, Kimberly A. Nelson, Brian O. Newman, Lorrie M. Norrington, and Noel Wallace were elected directors of the Company.",https://www.sec.gov/Archives/edgar/data/21665/0000021665-25-000022.txt
0001104659-25-049593,annual_meeting_results,COP,2025-05-15,True,0.0,,"ConocoPhillips (the ""Company"") held its annual meeting of stockholders on May 13, 2025. All 12 nominated directors were elected to serve a one-year term. The ratification of the appointment of Ernst & Young LLP as the Company's independent registered public accounting firm for 2025 was approved. The advisory vote on the compensation of our Named Executive Officers was approved.",https://www.sec.gov/Archives/edgar/data/1163165/0001104659-25-049593.txt
0001053507-25-000105,annual_meeting_results,AMT,2025-05-15,True,0.0,,"The 2025 Annual Meeting of Stockholders (the ""Annual Meeting"") of American Tower Corporation (the ""Company"") was held virtually on May 14, 2025. At the Annual Meeting, the Company's stockholders elected eleven individuals to the Board of Directors (the ""Board"") and approved Proposals 2 and 3.",https://www.sec.gov/Archives/edgar/data/1053507/0001053507-25-000105.txt
0000950103-25-006128,annual_meeting_results,MS,2025-05-16,True,0.0,low,"At the Annual Meeting, all nominees for election to the Board were elected by the Shareholders. The Shareholders also voted to ratify the appointment of Deloitte & Touche LLP as the Company's independent auditor for the 2025 fiscal year. The proposals to approve the compensation of the Company's named executive officers and to approve the amended and restated EICP were also approved by the Shareholders.",https://www.sec.gov/Archives/edgar/data/895421/0000950103-25-006128.txt
0000005272-25-000057,annual_meeting_results,AIG,2025-05-16,True,0.0,,"On May 14, 2025, American International Group, Inc. (""AIG"") held its Annual Meeting of Shareholders (the ""Annual Meeting""). The results of the matters submitted to a shareholder vote at the Annual Meeting were as follows: Proposal 1 – Election of Directors: The following individuals were elected to serve as members of AIG's Board of Directors (the ""Board"") until the 2026 Annual Meeting or until the election and qualification of their successors.",https://www.sec.gov/Archives/edgar/data/5272/0000005272-25-000057.txt
0001193125-25-121622,annual_meeting_results,BLK,2025-05-16,True,0.0,,"On May 15, 2025, BlackRock, Inc. (the ""Company"") held its 2025 Annual Meeting of Shareholders (the ""Annual Meeting""). The following are the voting results on each matter submitted to the Company's shareholders at the Annual Meeting. All director nominees were elected (Item 1). The proposal to approve the compensation of the named executive officers as disclosed in the Company's proxy statement, through a non-binding advisory vote, was approved (Item 2). Additionally, shareholders ratified the appointment of Deloitte & Touche LLP as the Company's independent registered public accounting firm for the fiscal year 2025 (Item 3).",https://www.sec.gov/Archives/edgar/data/2012383/0001193125-25-121622.txt
0000764180-25-000057,annual_meeting_results,MO,2025-05-19,True,0.0,,"On May 15, 2025, Altria held its 2025 Annual Meeting of Shareholders (the 'Annual Meeting'). At the Annual Meeting, shareholders approved Altria's (1) 2025 Performance Incentive Plan (the '2025 PIP') and (2) 2025 Stock Compensation Plan for Non-Employee Directors (the '2025 Non-Employee Director Plan'). All nominees were duly elected as directors of Altria.",https://www.sec.gov/Archives/edgar/data/764180/0000764180-25-000057.txt
0000064803-25-000015,annual_meeting_results,CVS,2025-05-20,True,0.0,,"The following are the voting results on each matter submitted to the stockholders of CVS Health Corporation (the ""Company"") at the Annual Meeting of Stockholders held on May 15, 2025 (the ""Annual Meeting""). At the Annual Meeting, the 13 nominees for director were elected to the Company's Board of Directors for a term of one year (Item 1). The Company proposal regarding the ratification of the appointment of Ernst & Young LLP as the Company's independent registered public accounting firm for 2025 (Item 2) was approved. The Company proposal to approve, on an advisory basis, the compensation of the Company's named executive officers as disclosed in the Proxy Statement (Item 3) was approved. One stockholder proposal (Item 4) was not approved.",https://www.sec.gov/Archives/edgar/data/64803/0000064803-25-000015.txt
0001104659-25-052014,annual_meeting_results,AMZN,2025-05-22,True,0.0,,"On May 21, 2025, Amazon.com, Inc. (the ""Company"") held its Annual Meeting of Shareholders. The following nominees were elected as directors, each to hold office until the next Annual Meeting of Shareholders or until his or her successor is elected and qualified, by the vote set forth below: [12 directors elected with vote counts]",https://www.sec.gov/Archives/edgar/data/1018724/0001104659-25-052014.txt
0000019617-25-000485,annual_meeting_results,JPM,2025-05-22,True,0.0,,"Registrant held its Annual Meeting of Shareholders on Tuesday, May 20, 2025; 2,371,361,078 shares were represented in person or by proxy, or 85.21% of the total shares outstanding. The results of the shareholder voting on the proposals presented were as follows: Proposal 1 - Shareholders elected the 12 director nominees named in the Proxy Statement.",https://www.sec.gov/Archives/edgar/data/19617/0000019617-25-000485.txt
0001193125-25-125853,annual_meeting_results,SCHW,2025-05-23,True,0.0,,"The 2025 Annual Meeting of Stockholders of The Charles Schwab Corporation (""CSC"") was held on May 22, 2025. All nominees for director were elected, and each nominee received more ""for"" votes than ""against"" votes cast for the nominee's election. The proposal to ratify the selection of Deloitte & Touche LLP (""Deloitte"") as CSC's independent auditors for the 2025 fiscal year was approved. The advisory vote on named executive officer (""NEO"") compensation was approved. The stockholder proposal requesting declassification of the board of directors (the ""Board"") to elect each director annually was approved.",https://www.sec.gov/Archives/edgar/data/316709/0001193125-25-125853.txt
0000063908-25-000029,annual_meeting_results,MCD,2025-05-23,True,0.0,,"McDonald's Corporation held its 2025 Annual Shareholders' Meeting on May 20, 2025. Set forth below are the final, certified voting results for each proposal presented at the Annual Meeting, as reported by Broadridge Financial Solutions, Inc., the Company's independent inspector of election.",https://www.sec.gov/Archives/edgar/data/63908/0000063908-25-000029.txt
0001373715-25-000208,annual_meeting_results,NOW,2025-05-27,True,0.0,,"At the Annual Meeting, the shareholders were asked to vote on seven proposals. A brief description of each proposal, along with the final voting results, is set forth below: [including director elections, say-on-pay vote, auditor ratification, charter amendments, and shareholder proposals with detailed voting tallies]",https://www.sec.gov/Archives/edgar/data/1373715/0001373715-25-000208.txt
0000950170-25-077233,annual_meeting_results,AMGN,2025-05-27,True,0.0,,"The Company held its Annual Meeting on May 23, 2025. The final results of the voting for each matter submitted to a vote of stockholders at the meeting are as follows: Item 1 - Election of Directors... Item 2 - Advisory Vote to Approve Our Executive Compensation... Item 3 - Ratification of Selection of Independent Registered Public Accountants.",https://www.sec.gov/Archives/edgar/data/318154/0000950170-25-077233.txt
0000092122-25-000059,annual_meeting_results,SO,2025-05-27,True,0.0,,"The Southern Company held its Annual Meeting of Stockholders on May 21, 2025. Stockholders voted as follows on the eight matters presented for a vote: 1. The nominees for election to the Board of Directors were elected based on the following votes",https://www.sec.gov/Archives/edgar/data/92122/0000092122-25-000059.txt
0001193125-25-129505,annual_meeting_results,VZ,2025-05-28,True,0.0,,"At the 2025 Annual Meeting of Shareholders of Verizon Communications Inc. held on May 22, 2025, the following items were submitted to a vote of shareholders. The following nominees were elected to serve on the Board of Directors: Shellye Archambeau, Roxanne Austin, Mark Bertolini, Vittorio Colao, Caroline Litchfield, Laxman Narasimhan, Clarence Otis, Jr., Daniel Schulman, Carol Tomé, Hans Vestberg.",https://www.sec.gov/Archives/edgar/data/732712/0001193125-25-129505.txt
0000354950-25-000167,annual_meeting_results,HD,2025-05-28,True,0.0,,"The 2025 Annual Meeting of Shareholders of The Home Depot, Inc. (the ""Company"") was held on May 22, 2025. Below are the final vote results from the meeting.",https://www.sec.gov/Archives/edgar/data/354950/0000354950-25-000167.txt
0001104659-25-054131,annual_meeting_results,MRK,2025-05-29,True,0.0,,"The Annual Meeting of Shareholders of Merck & Co., Inc. (the ""Company"") was held on May 27, 2025. Shareholders voted on the matters set forth below: 1. The following nominees were elected to the Company's Board of Directors to hold office until the Company's next Annual Meeting of Shareholders and received the number of votes set forth opposite their names.",https://www.sec.gov/Archives/edgar/data/310158/0001104659-25-054131.txt
0000093410-25-000024,annual_meeting_results,CVX,2025-05-30,True,0.0,,"At the Annual Meeting, Chevron stockholders voted on the matters set forth below, with final voting results indicated. All nominees for election to the Chevron Board of Directors ('Board') were elected, each for a one-year term. The Board's proposal to ratify the appointment of PricewaterhouseCoopers LLP as Chevron's independent registered public accounting firm for 2025 was approved. The Board's proposal to amend the Company's Charter to provide for officer exculpation was approved.",https://www.sec.gov/Archives/edgar/data/93410/0000093410-25-000024.txt
0001326801-25-000090,annual_meeting_results,META,2025-05-30,True,0.0,,"On May 28, 2025, Meta Platforms, Inc. held its annual meeting of shareholders via live audio webcast. At the Annual Meeting, the Company's shareholders voted on fourteen proposals. Each of the fifteen nominees for director was elected to serve until the next annual meeting of shareholders.",https://www.sec.gov/Archives/edgar/data/1326801/0001326801-25-000090.txt
0001075531-25-000026,annual_meeting_results,BKNG,2025-06-04,True,0.0,,"The 2025 Annual Meeting of Stockholders of the Company was held virtually on June 3, 2025 at www.virtualshareholdermeeting.com/BKNG2025. Stockholders voted on the proposals as described below: The following individuals were elected to the Company's Board of Directors to serve until the next annual meeting of stockholders and until their successors are elected and qualified.",https://www.sec.gov/Archives/edgar/data/1075531/0001075531-25-000026.txt
0000731766-25-000154,annual_meeting_results,UNH,2025-06-04,True,0.0,,"On June 2, 2025, the Company held its 2025 Annual Meeting of Shareholders (the ""Annual Meeting""). There were 811,952,044 shares of common stock represented at the Annual Meeting. The shareholders of the Company voted as follows on the following matters at the Annual Meeting: 1.Election of Directors. The nine directors were elected at the Annual Meeting for a one-year term",https://www.sec.gov/Archives/edgar/data/731766/0000731766-25-000154.txt
0000060667-25-000131,annual_meeting_results,LOW,2025-06-05,True,0.0,,"Lowe's Companies, Inc. (the ""Company"") held its annual meeting of shareholders on May 30, 2025 (the ""Annual Meeting""). Set forth below are the final voting results for each of the proposals submitted to the Company's shareholders at the Annual Meeting.",https://www.sec.gov/Archives/edgar/data/60667/0000060667-25-000131.txt
0001467858-25-000112,annual_meeting_results,GM,2025-06-05,True,0.0,low,"On June 3, 2025, General Motors Company (the ""Company"") held its 2025 Annual Meeting of Shareholders (the ""Annual Meeting""). At the Annual Meeting, GM shareholders approved the adoption of the Company's amended and restated Certificate of Incorporation.",https://www.sec.gov/Archives/edgar/data/1467858/0001467858-25-000112.txt
0000104169-25-000092,annual_meeting_results,WMT,2025-06-06,True,0.0,,"On June 5, 2025, Walmart Inc. (the ""Company"") held its Annual Shareholders' Meeting (the ""Meeting""). During the Meeting, the Company's shareholders voted on the matters set forth below. The Company's shareholders elected for one-year terms all twelve persons nominated for election as directors as set forth in the Company's proxy statement dated April 24, 2025.",https://www.sec.gov/Archives/edgar/data/104169/0000104169-25-000092.txt
0001633917-25-000105,annual_meeting_results,PYPL,2025-06-09,True,0.0,,"At the Annual Meeting, the stockholders: 1. Elected the 11 director nominees named in the Company's Proxy Statement to serve as directors until the Company's 2026 Annual Meeting of Stockholders and until their respective successors are elected and qualified. 2. Approved, on an advisory basis, the compensation of the named executive officers. 3. Approved the amendment and restatement of the 2015 Equity Incentive Award Plan. 4. Ratified the appointment of PricewaterhouseCoopers LLP as the Company's independent auditor for 2025.",https://www.sec.gov/Archives/edgar/data/1633917/0001633917-25-000105.txt
0001321655-25-000084,annual_meeting_results,PLTR,2025-06-09,True,0.0,,"On June 5, 2025, Palantir Technologies Inc. held its 2025 annual meeting of stockholders. Each of the following nominees was elected to serve as a director and to hold office until the Company's next annual meeting of stockholders... The appointment of Ernst & Young as the Company's independent registered public accounting firm for the fiscal year ending December 31, 2025 was ratified.",https://www.sec.gov/Archives/edgar/data/1321655/0001321655-25-000084.txt
0001193125-25-138480,annual_meeting_results,TMUS,2025-06-10,True,0.0,,"On June 6, 2025, T-Mobile US, Inc. (the ""Company"") held its Annual Meeting of Stockholders (the ""Annual Meeting""). At the Annual Meeting, the following two proposals were presented... The following 13 director nominees were elected as directors, each to hold office until the Company's 2026 Annual Meeting of Stockholders, or until his/her successor is elected and qualified, by the votes set forth below.",https://www.sec.gov/Archives/edgar/data/1283699/0001193125-25-138480.txt
0001193125-25-139948,annual_meeting_results,GOOGL,2025-06-12,True,0.0,,"At the Annual Meeting of Stockholders of Alphabet Inc. (""Alphabet"") held on June 6, 2025 (the ""2025 Annual Meeting""), Alphabet's stockholders voted on fifteen proposals. The individuals listed below were elected at the 2025 Annual Meeting to serve as directors of Alphabet until the next annual meeting of stockholders or until their respective successors have been duly elected and qualified: Larry Page, Sergey Brin, Sundar Pichai, John L. Hennessy, Frances H. Arnold, R. Martin ""Marty"" Chávez, L. John Doerr, Roger W. Ferguson Jr., K. Ram Shriram, and Robin L. Washington.",https://www.sec.gov/Archives/edgar/data/1652044/0001193125-25-139948.txt
0001099219-25-000174,annual_meeting_results,MET,2025-06-20,True,0.0,,"At MetLife, Inc.'s (the ""Company's"") annual meeting of common shareholders on June 17, 2025, the shareholders: elected eleven Directors, each for a term expiring at the Company's 2026 annual meeting of shareholders; ratified the appointment of Deloitte & Touche LLP as the Company's independent auditor for 2025; and approved, on an advisory (non-binding) basis, the compensation paid to the Company's Named Executive Officers.",https://www.sec.gov/Archives/edgar/data/1099219/0001099219-25-000174.txt
0001166691-25-000027,annual_meeting_results,CMCSA,2025-06-20,True,0.0,,"At the annual meeting on June 18, 2025, our shareholders approved, or did not approve, the following proposals. All of the director nominees named in the proxy statement were elected to serve as directors for one-year terms.",https://www.sec.gov/Archives/edgar/data/1166691/0001166691-25-000027.txt
0001141391-25-000154,annual_meeting_results,MA,2025-06-26,True,0.0,,"On June 24, 2025, Mastercard Incorporated (the ""Company"") held its annual meeting of stockholders (the ""Annual Meeting""). At the Annual Meeting, the Company's stockholders approved three amendments (the ""Amendments"") to the Company's existing Amended and Restated Certificate of Incorporation (the ""Charter""). The votes cast with respect to the matters voted upon at the Annual Meeting are set forth below: [detailed voting results for director elections, executive compensation advisory vote, auditor ratification, and charter amendments]",https://www.sec.gov/Archives/edgar/data/1141391/0001141391-25-000154.txt
0001045810-25-000179,annual_meeting_results,NVDA,2025-07-01,True,0.0,,"On June 25, 2025, at the 2025 Annual Meeting of Stockholders of NVIDIA Corporation, the following proposals were adopted or rejected by the margin indicated. Stockholders approved the election of each of our thirteen (13) director nominees to hold office until the 2026 Annual Meeting of Stockholders.",https://www.sec.gov/Archives/edgar/data/1045810/0001045810-25-000179.txt
0001193125-25-228346,annual_meeting_results,FDX,2025-10-02,True,0.0,,"FedEx's annual meeting of stockholders was held on September 29, 2025. The stockholders took the following actions at the annual meeting: Proposal 1: The stockholders elected thirteen directors, each of whom will hold office until the annual meeting of stockholders to be held in 2026 and until his or her successor is duly elected and qualified.",https://www.sec.gov/Archives/edgar/data/1048911/0001193125-25-228346.txt
0000080424-25-000217,annual_meeting_results,PG,2025-10-14,True,0.0,,"The Company announced that, according to preliminary voting results, the Company's fourteen Director nominees were elected to the Company's Board of Directors at the Annual Meeting of Shareholders.",https://www.sec.gov/Archives/edgar/data/80424/0000080424-25-000217.txt
0000080424-25-000235,annual_meeting_results,PG,2025-10-16,True,0.0,,"On October 14, 2025, the Company held its 2025 Annual Meeting of Shareholders. Set forth below are the final voting results for each of the proposals submitted to a vote of the shareholders.",https://www.sec.gov/Archives/edgar/data/80424/0000080424-25-000235.txt
0001628280-25-045695,annual_meeting_results,MDT,2025-10-21,True,0.0,,"On October 16, 2025, the Company held its Annual General Meeting in order to: (1) elect, by separate resolutions, twelve directors... The final voting results and the votes used to determine the results for each proposal are set forth below.",https://www.sec.gov/Archives/edgar/data/1613103/0001628280-25-045695.txt
0001104659-25-108507,annual_meeting_results,TSLA,2025-11-07,True,0.0,,"At the Annual Meeting held on November 6, 2025, Tesla's shareholders voted on the following 14 proposals and Tesla's inspector of election certified the vote tabulations indicated below.",https://www.sec.gov/Archives/edgar/data/1318605/0001104659-25-108507.txt
0001193125-25-291441,annual_meeting_results,ORCL,2025-11-21,True,0.0,,"On November 18, 2025, Oracle held its 2025 Annual Meeting of Stockholders (the 'Annual Meeting'). Below is a brief description of each matter submitted to a vote at the Annual Meeting, as well as the final voting results with respect to each matter. Proposal No. 1: Election of Directors - The stockholders elected each of the following persons as a director to hold office until the 2026 Annual Meeting of Stockholders.",https://www.sec.gov/Archives/edgar/data/1341439/0001193125-25-291441.txt
0001193125-25-311196,annual_meeting_results,MSFT,2025-12-08,True,0.0,,"On December 5, 2025, Microsoft Corporation (the ""Company"" or ""Microsoft"") held its 2025 Annual Shareholders Meeting (the ""Annual Meeting""). At the Annual Meeting, the Company's shareholders approved the Company's 2026 Stock Plan... The shareholders: (1)Voted to elect each of the 12 nominees for director. (2)Approved, on an advisory basis, the compensation of the Company's named executive officers. (3)Voted to ratify the appointment of Deloitte & Touche LLP as the Company's independent registered public accounting firm for fiscal year 2026. (4)Voted to approve the Microsoft Corporation 2026 Stock Plan.",https://www.sec.gov/Archives/edgar/data/789019/0001193125-25-311196.txt
0000858877-25-000199,annual_meeting_results,CSCO,2025-12-17,True,0.0,,"At the Annual Meeting of Stockholders (the ""Meeting"") of Cisco Systems, Inc. (""Cisco"") held on December 16, 2025, Cisco's stockholders approved the amendment and restatement of the Cisco Systems, Inc. 2005 Stock Incentive Plan. At the Meeting, Cisco's stockholders voted on the following five proposals and cast their votes as follows.",https://www.sec.gov/Archives/edgar/data/858877/0000858877-25-000199.txt
0001193125-24-004471,executive_compensation_change,PYPL,2024-01-08,True,0.13,,"The Agreement provides for the payment of a severance pay benefit, fiscal year 2023 AIP bonus, a pro-rata fiscal year 2024 AIP bonus, benefits and equity award treatment under and in accordance with Appendix A of the Plan and continued equity award vesting and health benefits under and in accordance with Appendix B of the Plan, in exchange for a release of claims, compliance with restrictive covenants and other valuable consideration.",https://www.sec.gov/Archives/edgar/data/1633917/0001193125-24-004471.txt
0000019617-24-000109,executive_compensation_change,JPM,2024-01-18,True,0.0,,"The independent members of the Board of Directors approved the annual compensation for 2023 for Mr. James Dimon, CEO, in the amount of $36,000,000, compared to last year's annual compensation of $34,500,000. Mr. Dimon's total compensation includes an annual base salary of $1,500,000 and performance-based variable incentive compensation of $34,500,000.",https://www.sec.gov/Archives/edgar/data/19617/0000019617-24-000109.txt
0000027419-24-000003,executive_compensation_change,TGT,2024-01-18,True,0.0,,"In connection with his appointment, Mr. Fiddelke will receive an annual base salary of $900,000. Mr. Fiddelke will continue to be eligible for (i) the same target bonus opportunity as other members of Target's leadership team, (ii) stock-based awards granted under Target's 2020 Long-Term Incentive Plan, and (iii) other benefits available to members of Target's leadership team.",https://www.sec.gov/Archives/edgar/data/27419/0000027419-24-000003.txt
0000950103-24-000919,executive_compensation_change,MS,2024-01-19,True,0.0,,"On January 17, 2024, the Compensation Committee approved, effective retroactively from January 1, 2024, a new annual base salary of $1.5 million for Mr. Pick, the Firm's CEO as of January 1, 2024. This salary adjustment is intended to bring Mr. Pick's base salary in line with the base salary that was paid to Mr. Gorman as CEO.",https://www.sec.gov/Archives/edgar/data/895421/0000950103-24-000919.txt
0001075531-24-000003,executive_compensation_change,BKNG,2024-01-19,True,0.0,,"the Company and Mr. Goulden entered into a letter agreement (the 'Letter Agreement Amendment') to amend their previous letter agreement dated February 21, 2023. The Letter Agreement Amendment, among other things: (i) adjusts the period during which Mr. Goulden will continue in employment to run through May 31, 2024, rather than through March 4, 2024, to assist in Mr. Steenbergen's transition; and (ii) adjusts the period during which Mr. Goulden may subsequently serve the Company in a different role to run from June 1, 2024 until no later than March 4, 2026.",https://www.sec.gov/Archives/edgar/data/1075531/0001075531-24-000003.txt
0000804328-24-000005,executive_compensation_change,QCOM,2024-01-23,True,0.0,,"In connection with Mr. Palkhiwala's appointment as Chief Operating Officer, on January 22, 2024, the HR and Compensation Committee of the Board approved the following additional compensation for him, effective immediately: (i) Mr. Palkhiwala received an increase in base salary of $150,000 per year, and (ii) Mr. Palkhiwala received grants of performance stock units and restricted stock units having an aggregate grant date fair value of $3,000,000, with the weighting and vesting of those awards consistent with our standard practices.",https://www.sec.gov/Archives/edgar/data/804328/0000804328-24-000005.txt
0000796343-24-000024,executive_compensation_change,ADBE,2024-01-26,True,0.0,,"On January 24, 2024, the Executive Compensation Committee (the ""Committee"") of the Board of Directors (the ""Board"") of Adobe Inc. (the ""Company"" or ""Adobe"") approved the 2024 Performance Share Program (the ""Program"") under the terms of the Company's 2019 Equity Incentive Plan, as amended (the ""2019 Plan""), and granted awards of performance shares (""Performance Shares"") thereunder to members of the Company's executive management team.",https://www.sec.gov/Archives/edgar/data/796343/0000796343-24-000024.txt
0001193125-24-022476,executive_compensation_change,VZ,2024-02-02,True,0.0,,"On January 31, 2024, the Human Resources Committee of the Board of Directors of Verizon Communications Inc. (Verizon) approved a compensation increase for Anthony T. Skiadas, Verizon's Executive Vice President and Chief Financial Officer. Effective January 1, 2024, Mr. Skiadas' base salary increased from $800,000 to $1,000,000 and his target long-term incentive opportunity increased from $7,000,000 to $8,500,000.",https://www.sec.gov/Archives/edgar/data/732712/0001193125-24-022476.txt
0000093410-24-000007,executive_compensation_change,CVX,2024-02-02,True,0.0,,"On January 31, 2024, the independent Directors of the Board also approved the equity grant target value of $17,500,000 to Mr. Wirth and ratified the following equity grant target values by the Committee under the 2022 Long-Term Incentive Plan of Chevron Corporation (""2022 LTIP""), with an award grant date of February 6, 2024 (the ""Grant Date""): (i) Mr. Nelson, $5,593,500; and (ii) Mr. Pate, $4,286,100. Mr. Breber will not receive an equity grant due to his upcoming retirement from Chevron.",https://www.sec.gov/Archives/edgar/data/93410/0000093410-24-000007.txt
0000070858-24-000027,executive_compensation_change,BAC,2024-02-02,True,0.0,,"Bank of America Corporation announced that its Board of Directors approved 2023 total compensation for Chair and Chief Executive Officer Brian T. Moynihan of $29,000,000, compared to 2022 total compensation of $30,000,000. Mr. Moynihan's annual base salary remains $1.5 million. The aggregate value of his 2023 equity incentive awarded by the Board is $27.5 million.",https://www.sec.gov/Archives/edgar/data/70858/0000070858-24-000027.txt
0000927628-24-000034,executive_compensation_change,COF,2024-02-05,True,0.0,,"On February 1, 2024, the Committee and the Independent Directors granted the Named Executive Officers awards that consisted of a cash incentive award, stock-settled RSUs, and performance shares in recognition of the Company's and the executives' performance in 2023.",https://www.sec.gov/Archives/edgar/data/927628/0000927628-24-000034.txt
0001053507-24-000005,executive_compensation_change,AMT,2024-02-07,True,0.0,,"The Compensation Committee (the ""Committee"") of the Board considered the compensation arrangements with Mr. Vondran in light of such promotion. Accordingly, on February 5, 2024, the Committee approved a new base salary and cash bonus incentive target for the year ending December 31, 2024 for Mr. Vondran, effective as of February 1, 2024. The information in the table below sets forth the determinations of the Committee: Steven O. Vondran, President and Chief Executive Officer | $1,000,000 | 200% / $2,000,000. The Committee also approved an equity grant for Mr. Vondran, with an award value of $10 million pursuant to the Company's 2007 Equity Incentive Plan, as amended.",https://www.sec.gov/Archives/edgar/data/1053507/0001053507-24-000005.txt
0000909832-24-000008,executive_compensation_change,COST,2024-02-09,True,0.0,,"In his role as Executive Vice President and Chief Financial Officer of Costco, Mr. Millerchip will receive (a) an annual base salary of $900,000, (b) eligibility for a prorated annual cash incentive bonus in accordance with the Company's Fiscal 2024 Executive Bonus Plan, and (c) eligibility for annual performance-based restricted stock unit grants, including a grant of RSUs on or around March 11, 2024 with a target value of $2.8 million and annual grants thereafter with a target value of $5.6 million, and (ii) a grant of RSUs with a target value of $7 million vesting over three years in equal installments based on continued employment.",https://www.sec.gov/Archives/edgar/data/909832/0000909832-24-000008.txt
0001193125-24-032073,executive_compensation_change,PYPL,2024-02-12,True,0.12,,"The Agreement provides for the payment of a severance pay benefit, a pro-rata fiscal year 2024 AIP bonus, benefits and equity award treatment under and in accordance with Appendix A of the Plan, in exchange for a release of claims, compliance with restrictive covenants and other valuable consideration.",https://www.sec.gov/Archives/edgar/data/1633917/0001193125-24-032073.txt
0001193125-24-038211,executive_compensation_change,GS,2024-02-16,True,0.0,,"The Board of Directors has determined the 2023 total annual compensation for David Solomon, Chairman and Chief Executive Officer. Mr. Solomon's total annual compensation for 2023 is $31 million (which consists of an annual base salary of $2 million, unchanged year-over-year, as well as annual variable compensation of $29 million). Seventy percent of this annual variable compensation (i.e., $20.3 million) is in the form of performance-based restricted stock units (PSUs).",https://www.sec.gov/Archives/edgar/data/886982/0001193125-24-038211.txt
0000050863-24-000033,executive_compensation_change,INTC,2024-02-16,True,0.0,,"On February 15, 2024, the Talent and Compensation Committee of the Board of Directors of Intel Corporation adopted a policy (the ""Cash Severance Policy"") that provides that Intel will not enter into any new employment agreement or severance agreement with any of Intel's executive officers...that provides for cash severance benefits exceeding 2.99 times the sum of the executive officer's base salary plus target annual bonus opportunity, without seeking stockholder ratification of such agreement, plan, or policy.",https://www.sec.gov/Archives/edgar/data/50863/0000050863-24-000033.txt
0001628280-24-005593,executive_compensation_change,AMD,2024-02-20,True,0.0,,"On February 13, 2024, the Compensation and Leadership Resources Committee (the ""CLRC"") of the Board of Directors of Advanced Micro Devices, Inc. (the ""Company"") approved the following annual cash performance bonuses under the EIP to the following covered executive officers: Jean Hu, Executive Vice President, Chief Financial Officer and Treasurer $ 507,968; Darren Grasby, Executive Vice President, Strategic Partnerships $ 499,403; Mark Papermaster, Executive Vice President and Chief Technology Officer, Technology and Engineering $ 587,672; Victor Peng, President, AMD $ 682,819. On February 14, 2024, the Board of Directors of the Company approved the following annual cash performance bonus under the EIP for the Company's Chair, President and Chief Executive Officer: Lisa T. Su, Chair, President and Chief Executive Officer $ 1,432,800.",https://www.sec.gov/Archives/edgar/data/2488/0001628280-24-005593.txt
0000764180-24-000015,executive_compensation_change,MO,2024-02-26,True,0.0,,"In connection with his retirement, Altria and Mr. Hernandez entered into an agreement, pursuant to which Mr. Hernandez will provide strategic advisory services to Altria for a period of five years, and Altria will pay him an annual consulting fee of $300,000.",https://www.sec.gov/Archives/edgar/data/764180/0000764180-24-000015.txt
0000764180-24-000021,executive_compensation_change,MO,2024-02-28,True,0.12,,"On February 27, 2024, the Committee approved cash payments to Mr. Garnick for his unvested 2022 RSU award (24,273 RSUs) and unvested 2023 RSU award (25,728 RSUs) and his unvested 2022 PSU award (15,453 PSUs) and unvested 2023 PSU award (16,348 PSUs), pro-rated for the period worked. The aggregate estimated cash payment for the RSUs is $1,066,279 and the aggregate estimated payment for the PSUs at target is $798,665.",https://www.sec.gov/Archives/edgar/data/764180/0000764180-24-000021.txt
0001053507-24-000015,executive_compensation_change,AMT,2024-03-01,True,0.0,,"On February 28, 2024, the Compensation Committee of the Board of Directors of American Tower Corporation considered the compensation arrangements with the Company's executive officers. The information in the table below sets forth the determinations of the Compensation Committee with respect to base salaries and cash bonus incentive targets for the year ending December 31, 2024 for the Company's chief executive officer, chief financial officer and the three other most highly compensated executive officers.",https://www.sec.gov/Archives/edgar/data/1053507/0001053507-24-000015.txt
0001193125-24-062267,executive_compensation_change,GD,2024-03-07,True,0.0,,"The company and Mr. Roualet expect to enter into a consulting agreement following his Retirement Effective Date, pursuant to which Mr. Roualet will provide advisory consulting services to the company through December 31, 2024, and receive a monthly payment of $36,500.",https://www.sec.gov/Archives/edgar/data/40533/0001193125-24-062267.txt
0000066740-24-000029,executive_compensation_change,MMM,2024-03-12,True,0.0,,"Under the terms of the Offer Letter, Mr. Brown will receive an annual base salary of $1,800,000 and a target annual incentive compensation opportunity of $3,150,000, each of which will be prorated for 2024. He also will receive a hiring bonus of $3,000,000 and be eligible to participate in the Company's long-term incentive compensation, retirement and other benefit plans and programs offered to the Company's other senior executives.",https://www.sec.gov/Archives/edgar/data/66740/0000066740-24-000029.txt
0001045810-24-000069,executive_compensation_change,NVDA,2024-03-14,True,0.0,,"On March 8, 2024, the Compensation Committee of the Board of Directors adopted the Variable Compensation Plan for Fiscal Year 2025, which provides eligible executive officers the opportunity to earn a variable cash payment based on the level of achievement by the Company of certain corporate performance goals during fiscal year 2025. The Compensation Committee has set the Performance Goals for fiscal year 2025 based upon the achievement of specified fiscal year 2025 revenue and has established threshold compensation plan, base compensation plan, and stretch compensation plan levels.",https://www.sec.gov/Archives/edgar/data/1045810/0001045810-24-000069.txt
0001053507-24-000067,executive_compensation_change,AMT,2024-03-14,True,0.0,,"On March 11, 2024, the Compensation Committee of the Board approved revised forms of award agreement (the ""Award Agreements"") for grants of performance-based restricted stock units (""PSUs"") pursuant to the Company's 2007 Equity Incentive Plan, as amended, to include relative total shareholder return (""Relative TSR""), as measured against the real estate investment trust (REIT) constituents included in the S&P 500 Index, as an additional performance measure for a three-year performance period. Beginning with PSUs granted in 2024, vesting will be determined in part based on Relative TSR, weighted at 20%, with Attributable AFFO per Share and ROIC weighted at 50% and 30%, respectively.",https://www.sec.gov/Archives/edgar/data/1053507/0001053507-24-000067.txt
0001104659-24-034815,executive_compensation_change,DUK,2024-03-15,True,0.0,,"The Compensation and People Development Committee of the Board of Directors of the Corporation approved an annual base salary of $900,000, a short-term incentive opportunity equal to 115% of his annual base salary, and a long-term incentive opportunity equal to 475% of his annual base salary, all effective as of April 1, 2024.",https://www.sec.gov/Archives/edgar/data/1326160/0001104659-24-034815.txt
0001075531-24-000016,executive_compensation_change,BKNG,2024-04-05,True,0.0,,"The Letter Agreement Amendment provides that Mr. Goulden will continue to receive a base salary of $630,000 during the Subsequent Employment Period and will receive a base salary of $315,000 during the Part-Time Employment Period. Mr. Goulden will also be eligible for a cash bonus under the Company's Amended and Restated Annual Bonus Plan for the year ending December 31, 2024, at the target bonus level that applied to him while he served as Chief Financial Officer.",https://www.sec.gov/Archives/edgar/data/1075531/0001075531-24-000016.txt
0000040545-24-000089,executive_compensation_change,GE,2024-04-08,True,0.0,,"In connection with his appointment as Chief Accounting Officer and Controller, Mr. Giglietti will receive a one-time grant of restricted stock units with a grant date fair value of $750,000. The restricted stock units will vest over three years and be subject to accelerated vesting in the event of a termination (i) due to death or disability, (ii) by the Company other than for cause or (iii) in connection with a transfer to a successor employer in a business disposition.",https://www.sec.gov/Archives/edgar/data/40545/0000040545-24-000089.txt
0000896878-24-000021,executive_compensation_change,INTU,2024-05-02,True,0.0,,"Mr. Prabhu will receive compensation for services as a non-employee director of the Company consistent with the compensation generally provided to other non-employee directors of the Company. This compensation includes a grant of restricted stock units with a grant date fair value of approximately $173,333 on May 3, 2024.",https://www.sec.gov/Archives/edgar/data/896878/0000896878-24-000021.txt
0001552781-24-000261,executive_compensation_change,KO,2024-05-02,True,0.0,,"On May 1, 2024, the Company provided Ms. May with a letter confirming her new position and setting forth the primary compensation elements that will be effective commencing June 1, 2024. Pursuant to the letter, Ms. May's base salary will be $470,000. Ms. May will continue to be eligible to participate in the Company's annual and long-term incentive programs.",https://www.sec.gov/Archives/edgar/data/21344/0001552781-24-000261.txt
0001193125-24-130532,executive_compensation_change,USB,2024-05-03,True,0.0,,"In connection with her promotion, Ms. Kedia will receive an increase in her base salary to an annualized amount of $1,000,000, effective May 5, 2024. Ms. Kedia will be eligible to receive an annual cash incentive award with a target value of 250% of her base salary, beginning May 5, 2024, and will receive a long-term incentive award, valued at $1,500,000 as of the grant date of May 6, 2024, which will be granted 60% in the form of performance-based restricted stock units and 40% in the form of restricted stock units.",https://www.sec.gov/Archives/edgar/data/36104/0001193125-24-130532.txt
0001090727-24-000031,executive_compensation_change,UPS,2024-05-06,True,0.06,,"The Separation Agreement provides, subject to Mr. Newman's timely execution and non-revocation of a supplemental release of claims in favor of the Company, for compensation to be paid consistent with the terms and conditions of the previously approved UPS Key Employee Severance Plan (the 'KESP') as follows: (1) a cash payment of $1,830,471 representing one times his annual base salary, one times his target Management Incentive Program ('MIP') award for 2024, and the cost difference between his current medical coverage and COBRA coverage for 18 months; (2) a cash payment of the MIP award he would have earned based on actual performance during the year ending December 31, 2024, prorated for the portion of the year Mr. Newman was employed by the Company; (3) vesting of the 35,166 restricted performance units (including any applicable dividend equivalent units, the 'RPUs') previously granted to him under the Company's 2022, 2023 and 2024 Long-Term Incentive Performance programs; and (4) career counseling services valued at up to $20,000.",https://www.sec.gov/Archives/edgar/data/1090727/0001090727-24-000031.txt
0001193125-24-139371,executive_compensation_change,CSCO,2024-05-15,True,0.0,,"In connection with his appointment, on May 15, 2024, Mr. Steele entered into a letter agreement with Cisco providing for an annual base salary of $1 million; the ability to participate in Cisco's Executive Incentive Plan with a bonus target equal to 160% of his annual base salary; management's recommendation for a fiscal year 2025 equity award with an approximate grant date fair value of $18 million and a transformational performance-based equity award for fiscal year 2025 with an approximate grant date fair value of $2.5 million.",https://www.sec.gov/Archives/edgar/data/858877/0001193125-24-139371.txt
0001103982-24-000073,executive_compensation_change,MDLZ,2024-05-22,True,0.0,,"On May 21, 2024, in connection with a review of the Company's change in control and severance programs, the People and Compensation Committee of the Company approved a restatement (the 'CIC Plan Restatement') of the Mondelēz International, Inc. Change in Control Plan for Key Executives. The CIC Plan Restatement made changes including clarification of annual incentive award treatment and additional severance benefits upon a qualifying termination in connection with a Change in Control.",https://www.sec.gov/Archives/edgar/data/1103982/0001103982-24-000073.txt
0001633917-24-000075,executive_compensation_change,PYPL,2024-06-03,True,0.0,,"Pursuant to the Offer Letter, Mr. Natali will be an at-will employee and will be entitled to an annual base salary of $400,000 and eligible for an annual target bonus of 45% of his annual base salary pursuant to PayPal's Annual Incentive Plan... Mr. Natali is also eligible to receive a one-time sign on bonus of $1,000,000, payable in two installments... Mr. Natali will receive an initial grant of restricted stock units having a targeted grant date value of $2,000,000.",https://www.sec.gov/Archives/edgar/data/1633917/0001633917-24-000075.txt
0001193125-24-157498,executive_compensation_change,GOOGL,2024-06-07,True,0.0,,"The material terms of Anat's compensation include an annual base salary of $1,000,000, an annual discretionary bonus opportunity up to 200% of base salary, a one-time sign-on bonus of $9.9 million, a $13.1 million sign-on equity grant in restricted stock units, and additional equity grants totaling $28.0 million in GSUs and PSUs vesting through 2026.",https://www.sec.gov/Archives/edgar/data/1652044/0001193125-24-157498.txt
0000950142-24-001825,executive_compensation_change,GE,2024-07-01,True,0.0,,"Pursuant to the employment agreement, effective July 1, 2024, the Board approved the following compensation for Mr. Culp: (1) a base salary of $2,000,000 per year; (2) a target annual bonus opportunity at 200% of base salary; (3) beginning in 2025, an annual equity award with a grant date fair value of $15,250,000; and (4) a one-time equity performance award.",https://www.sec.gov/Archives/edgar/data/40545/0000950142-24-001825.txt
0000002488-24-000109,executive_compensation_change,AMD,2024-07-02,True,0.0,,"On August 9, 2024 (the 'Grant Date'), the below-listed members of the Company's executive team will receive equity awards under the Company's 2023 Equity Incentive Plan (the '2023 Plan'), having the following target award values: Lisa T. Su $28,680,000; Jean Hu $8,000,000; Philip Guido $6,000,000; Forrest Norrod $7,000,000. For Dr. Su, her Target Value will be converted into a mix of 75% performance-based restricted stock units ('PRSUs') and 25% time-based stock options ('Stock Options'). For Ms. Hu and Messrs. Guido and Norrod, their respective Target Values will be converted into a mix of 60% PRSUs, 20% Stock Options and 20% time-based restricted stock units ('RSUs').",https://www.sec.gov/Archives/edgar/data/2488/0000002488-24-000109.txt
0001090727-24-000038,executive_compensation_change,UPS,2024-07-09,True,0.0,,"In connection with his appointment, Mr. Dykes will be entitled to an annual: (i) base salary of $725,000; (ii) a Management Incentive Program award with a target of 115% of his base salary; (iii) a Long-Term Incentive Performance program award with a target award of 450% of his base salary; and (iv) a stock option grant equal to 50% of his base salary.",https://www.sec.gov/Archives/edgar/data/1090727/0001090727-24-000038.txt
0000858877-24-000012,executive_compensation_change,CSCO,2024-07-19,True,0.03,,"The Separation Agreement provides that Mr. Sharritts will be entitled to accelerated vesting of the time-based restricted stock unit awards which are scheduled to vest through December 10, 2025 and will be deemed eligible for retirement vesting of certain performance-based restricted stock units. Mr. Sharritts will also be entitled to a cash payment in the amount of $2,585,710.91, which is equal to eighteen months of his annual base salary, his annual target bonus award, and 17 months of COBRA premiums.",https://www.sec.gov/Archives/edgar/data/858877/0000858877-24-000012.txt
0001193125-24-184940,executive_compensation_change,PYPL,2024-07-25,True,0.0,,"On July 24, 2024, the Compensation Committee of the Board (the ""Committee"") approved an amendment and restatement of the PayPal Holdings, Inc. Executive Change in Control and Severance Plan (the ""Restated Plan""). The Restated Plan (i) eliminates the Good Reason severance trigger for the Company's Executive Vice Presidents in connection with their terminations of employment from the Company Outside of a Change in Control Period; (ii) reduces the cash severance payment multiple for terminations of employment Outside of a Change in Control Period for the Company's Chief Executive Officer and Executive Vice Presidents from 2x to 1.5x and 1.5x to 1x, respectively; (iii) eliminates the payment of a prorated cash bonus for the year of termination of employment in connection with Non-CIC Terminations.",https://www.sec.gov/Archives/edgar/data/1633917/0001193125-24-184940.txt
0001193125-24-184831,executive_compensation_change,SCHW,2024-07-25,True,0.0,,"As Managing Director and Chief Financial Officer, Mr. Verdeschi is eligible to receive the following: (i) an annual base salary of $900,000, (ii) a target annual bonus for 2024 equal to 250% of his base salary, pro-rated based on his employment during 2024, (iii) relocation benefits up to $429,000, and (iv) an annual equity award for 2025 with a target of $4.35 million. In June 2024, Mr. Verdeschi received an initial equity grant of 59,849 restricted stock units, which vest ratably over four years.",https://www.sec.gov/Archives/edgar/data/316709/0001193125-24-184831.txt
0000078003-24-000144,executive_compensation_change,PFE,2024-07-26,True,0.0,,"The Compensation Committee of our Board of Directors approved modifications to outstanding Five-Year Total Shareholder Return Units and Performance Share Awards granted in 2022 and 2023 to approximately 9,000 eligible participants including the following named executive officers – Albert Bourla, David M. Denton, Mikael Dolsten, Aamir Malik, Angela Hwang and Douglas M. Lankler.",https://www.sec.gov/Archives/edgar/data/78003/0000078003-24-000144.txt
0000063908-24-000116,executive_compensation_change,MCD,2024-07-26,True,0.0,,"In connection with her appointment, Ms. Elting will be entitled to (i) an annual base salary of $375,000, (ii) an annual cash target incentive plan award with a target of 50% of her base salary, and (iii) beginning in 2025, an annual long-term incentive award in an amount that is determined based upon the guideline range for her level within the Company, with half of the award delivered in the form of performance-based restricted stock units. In addition, Ms. Elting will be entitled to receive a one-time restricted stock unit award valued at $800,000, scheduled to vest equally on the first three anniversaries of the grant date, subject to her continued employment with the Company. In addition, Ms. Elting will be entitled to receive a one-time cash bonus in the amount of $250,000, subject to her continued employment for at least one year.",https://www.sec.gov/Archives/edgar/data/63908/0000063908-24-000116.txt
0000012927-24-000058,executive_compensation_change,BA,2024-07-31,True,0.0,,"In connection with Mr. Ortberg's election, the Board approved the following compensation elements: (i) an annual base salary rate of $1,500,000, effective as of the Transition Date; (ii) an annual incentive award target of $3,000,000 for 2025; and (iii) a long-term incentive award target of $17,500,000 for 2025. The Board also approved relocation benefits under the Company's relocation program, as well as certain perquisites and benefits consistent with those historically provided to the position of the Company's Chief Executive Officer.",https://www.sec.gov/Archives/edgar/data/12927/0000012927-24-000058.txt
0000066740-24-000088,executive_compensation_change,MMM,2024-08-01,True,0.0,,"Mr. Maheshwari will receive an annual base salary of $1,050,000 and a target annual incentive compensation opportunity of $1,155,000, each of which will be prorated for 2024. He also will receive a hiring bonus of $3,150,000 and be eligible to participate in the Company's long-term incentive compensation, retirement and other benefit plans.",https://www.sec.gov/Archives/edgar/data/66740/0000066740-24-000088.txt
0000796343-24-000192,executive_compensation_change,ADBE,2024-08-08,True,0.0,,"In connection with her appointment, Ms. Forusz will receive an annual base salary of $515,000, a target annual cash bonus opportunity of 60% of base salary and a grant of 3,630 restricted stock units on the Effective Date. The RSU will vest quarterly over four years measured from the vesting commencement date, subject to Ms. Forusz's continued employment with the Company.",https://www.sec.gov/Archives/edgar/data/796343/0000796343-24-000192.txt
0001193125-24-200724,executive_compensation_change,SBUX,2024-08-14,True,0.0,,"Pursuant to the Offer Letter, during Mr. Niccol's employment with the Company, he will receive an initial base salary of $1,600,000 per year, and an annual cash incentive opportunity at a target of 225% of base salary and a maximum of 450% of base salary... Mr. Niccol will receive a cash signing bonus of $10,000,000... Mr. Niccol will also receive a replacement equity grant with a targeted grant date fair value of $75,000,000.",https://www.sec.gov/Archives/edgar/data/829224/0001193125-24-200724.txt
0000104169-24-000132,executive_compensation_change,WMT,2024-08-15,True,0.0,,"Upon his appointment to the Board, Mr. Moritz became entitled to a prorated portion of the non-management directors' compensation for the term ending on the date of Walmart's 2025 Annual Shareholders' Meeting. As part of his non-management director compensation, on August 15, 2024, Mr. Moritz will receive a prorated portion of the $200,000 annual stock award. He will also be entitled to receive a prorated portion of the $100,000 annual retainer payable to non-management directors.",https://www.sec.gov/Archives/edgar/data/104169/0000104169-24-000132.txt
0000059478-24-000213,executive_compensation_change,LLY,2024-09-09,True,0.0,,"In connection with his election as executive vice president and chief financial officer, effective September 9, 2024, Mr. Montarce will receive an annualized base salary of $1,000,000 and will be eligible for an annualized target bonus of $1,000,000.",https://www.sec.gov/Archives/edgar/data/59478/0000059478-24-000213.txt
0001193125-24-218877,executive_compensation_change,TMUS,2024-09-13,True,0.0,,"On September 12, 2024, T-Mobile US, Inc. entered into a compensation letter agreement with Peter Osvaldik, its Executive Vice President and Chief Financial Officer, that provides for his continued employment with the Company. Pursuant to the Letter Agreement, Mr. Osvaldik is entitled to (i) an annual base salary of no less than $975,000; (ii) an annual short-term cash incentive targeted at no less than 200% of Mr. Osvaldik's eligible base earnings; and (iii) annual long-term incentive awards with an aggregate grant-date target value of no less than 250% of the sum of Mr. Osvaldik's annual base salary and his target STI.",https://www.sec.gov/Archives/edgar/data/1283699/0001193125-24-218877.txt
0000005272-24-000101,executive_compensation_change,AIG,2024-09-18,True,0.0,,"Mr. Walsh will: (i) receive a base salary of $1,000,000 per year; (ii) be eligible for a target annual cash bonus of $1,500,000 under the AIG Short-Term Incentive Plan, with a guarantee of no less than target for the 2024 performance year; and (iii) be eligible for a target annual equity award of $2,500,000 under the AIG 2021 Omnibus Incentive Plan.",https://www.sec.gov/Archives/edgar/data/5272/0000005272-24-000101.txt
0000027419-24-000160,executive_compensation_change,TGT,2024-09-19,True,0.0,,"Mr. Lee will receive an annual base salary of $850,000, will be eligible for a pro-rated annual cash incentive under Target's Short-Term Incentive Plan for Fiscal 2024 with a target incentive opportunity of 100% of base salary, and will be granted stock-based awards under Target's 2020 Long-Term Incentive Plan with a pro-rated target payout value of $1.5 million. Mr. Lee will receive a cash sign-on bonus of $2.2 million and a sign-on award of restricted stock units with a target payout value of $6.95 million.",https://www.sec.gov/Archives/edgar/data/27419/0000027419-24-000160.txt
0000320187-24-000053,executive_compensation_change,NKE,2024-09-19,True,0.0,,"On September 19, 2024, the Company entered into an offer letter with Mr. Hill (the ""Offer Letter"") establishing his compensation as President and CEO. Under the Offer Letter, Mr. Hill's compensation as President and CEO will comprise an annual base salary of $1,500,000; a target annual bonus of 200% of base salary (prorated for the Company's fiscal year ending May 31, 2025 (the ""2025 fiscal year""), based on the Company's standard methodology); and an annual target long-term incentive award of $15,500,000.",https://www.sec.gov/Archives/edgar/data/320187/0000320187-24-000053.txt
0001193125-24-229532,executive_compensation_change,SCHW,2024-10-01,True,0.0,,"Following the Transition Date, Mr. Bettinger's compensation will be adjusted as follows: (i) his annual base salary will be set at $850,000, effective as of the Transition Date, (ii) his 2025 target annual cash incentive will be set at 250% of base salary, and (iii) his 2025 target long-term incentive award will be $2,875,000. In connection with his appointment as CEO, Mr. Wurster's compensation will be adjusted as follows: (i) his annual base salary will be set at $1,250,000, effective as of the Transition Date, (ii) his 2025 target annual cash incentive will be set at 325% of base salary, and (iii) his 2025 target long-term incentive award will be $12,687,500.",https://www.sec.gov/Archives/edgar/data/316709/0001193125-24-229532.txt
0000021344-24-000051,executive_compensation_change,KO,2024-10-17,True,0.0,,"Ms. Bajaria will participate in The Coca-Cola Company Directors' Plan (the ""Compensation Plan""), pursuant to which in 2024 she will be entitled to a prorated portion of the annual compensation paid to non-employee Directors, consisting of $90,000 to be paid in quarterly installments in cash and $200,000 to be paid in deferred share units.",https://www.sec.gov/Archives/edgar/data/21344/0000021344-24-000051.txt
0001193125-24-239193,executive_compensation_change,CVS,2024-10-18,True,0.08,,"In connection with Ms. Lynch's departure, she will be eligible to receive the separation benefits applicable upon a ""qualifying event"" and the Company and Ms. Lynch entered into a letter agreement setting forth benefits including a monthly advisory fee of $375,000 and continued Company-provided security services for a term of six months following her departure.",https://www.sec.gov/Archives/edgar/data/64803/0001193125-24-239193.txt
0001373715-24-000342,executive_compensation_change,NOW,2024-10-23,True,0.0,,"Pursuant to the Employment Agreement, Mr. Zavery will receive an initial annual base salary of $900,000 and a target annual cash bonus opportunity equal to 125% of his base salary. The Employment Agreement further provides Mr. Zavery a sign-on cash bonus of $3,000,000, subject to repayment under certain conditions. The Employment Agreement provides that Mr. Zavery is eligible to receive a grant of Company equity with a grant date value of $29,000,000 that will consist of a time-based restricted stock unit award and a performance-based restricted stock unit award.",https://www.sec.gov/Archives/edgar/data/1373715/0001373715-24-000342.txt
0000950103-24-015350,executive_compensation_change,MS,2024-10-24,True,0.0,,"In connection with this engagement, the Board approved the following arrangement for the two-year term: an annual fee of $400,000, continuation of current health benefits, access to a car and driver, office and administrative support for Company business, and rights with respect to the indemnification and advancement of expenses of directors and officers of the Company.",https://www.sec.gov/Archives/edgar/data/895421/0000950103-24-015350.txt
0000896878-24-000041,executive_compensation_change,INTU,2024-11-04,True,0.0,,"On October 31, 2024, Intuit's Board of Directors approved an amended Non-Employee Director Compensation Program, effective January 23, 2025. This represents a material change to director compensation arrangements.",https://www.sec.gov/Archives/edgar/data/896878/0000896878-24-000041.txt
0000950103-24-015969,executive_compensation_change,EMR,2024-11-05,True,0.0,,"On November 4, 2024, the Compensation Committee of the Board of Directors of the Company approved the adoption of the Emerson Nonqualified Deferred Compensation Plan (the 'Plan'), which will be effective as of January 1, 2025. The Plan is an unfunded, nonqualified deferred compensation plan that provides eligible management or other highly compensated employees (including named executive officers) with employer contributions in excess of certain qualified retirement plan benefits.",https://www.sec.gov/Archives/edgar/data/32604/0000950103-24-015969.txt
0000002488-24-000172,executive_compensation_change,AMD,2024-11-18,True,0.0,,"Pursuant to an offer letter dated October 9, 2024, between Mr. Carter and AMD (the 'Offer Letter'), Mr. Carter's base salary will be $400,000, and he will be eligible for an annual performance bonus target amount of 70% of his base salary under AMD's Annual Incentive Plan. Mr. Carter will also receive a cash sign-on bonus of $250,000, as well as an award of performance-based restricted stock units with a target value of $375,000 and a restricted stock unit award with a target value of $1,125,000 to be granted under AMD's 2023 Equity Incentive Plan.",https://www.sec.gov/Archives/edgar/data/2488/0000002488-24-000172.txt
0001193125-24-260405,executive_compensation_change,CVS,2024-11-18,True,0.0,,"On November 12, 2024, the MP&D Committee approved an increase in the compensation of Prem S. Shah, in connection with his appointment as Executive Vice President and Group President on November 6, 2024. As increased, Mr. Shah's annual total direct compensation opportunity will consist of an annual base salary of $1,100,000, a target annual bonus opportunity of $1,925,000 (equal to 175% of his base salary) and a target long-term annual incentive award opportunity of $9,000,000.",https://www.sec.gov/Archives/edgar/data/64803/0001193125-24-260405.txt
0001193125-24-261807,executive_compensation_change,BLK,2024-11-19,True,0.0,,"Mr. Ogunlesi is eligible to receive annual compensation in respect of his service as an employee of GIP, including an annual base salary of $250,000 and a target discretionary performance bonus for 2024 of no less than $3.75 million. Going forward, his future compensation may reflect carried interest distributions attributable to certain GIP funds, which will be reported as compensation when paid.",https://www.sec.gov/Archives/edgar/data/2012383/0001193125-24-261807.txt
0000829224-24-000059,executive_compensation_change,SBUX,2024-11-21,True,0.0,,"On November 19, 2024, Starbucks Corporation and Brian Niccol, the Company's chief executive officer and chairman of the Company's board of directors, agreed to amend Mr. Niccol's offer letter, dated August 11, 2024. Such amendments were made to (i) correctly capture the intent of the parties to the Offer Letter with respect to his performance-based equity grants and (ii) align with the Company's grant practices with respect to annual equity grants.",https://www.sec.gov/Archives/edgar/data/829224/0000829224-24-000059.txt
0001654954-24-015100,executive_compensation_change,LIN,2024-12-02,True,0.03,,"Mr. Panikar will remain employed in a non-executive officer role from November 1, 2024, through March 31, 2025, during which he will continue to earn salary at the same annual rate of $700,000, receive standard employee benefits, and be eligible to earn a potential variable compensation cash bonus for 2024. Following the Supplemental Release, Linde Inc. will pay Mr. Panikar: (i) a severance benefit of $525,000, payable in 18 semi-monthly installments; (ii) an additional lump sum severance benefit of $235,658; and (iii) an additional severance benefit equal to $665,000 multiplied by the actual Company corporate business performance factor for 2025.",https://www.sec.gov/Archives/edgar/data/1707925/0001654954-24-015100.txt
0000050863-24-000173,executive_compensation_change,INTC,2024-12-03,True,0.01,,"Mr. Gelsinger and the Company entered into a Retirement and Separation Agreement (the ""Separation Agreement""), pursuant to which Mr. Gelsinger will be eligible to receive a severance payment equal to the sum of (i) 18 months of his current base salary of $1,250,000 and (ii) 1.5 times his current target bonus of 275% his base salary, payable over a period of 18 months in accordance with the Company's regular payroll practices, and a pro rata payment equal to 11/12ths of the 2024 annual bonus.",https://www.sec.gov/Archives/edgar/data/50863/0000050863-24-000173.txt
0001552781-24-000626,executive_compensation_change,KO,2024-12-11,True,0.0,,"Pursuant to Mr. Braun's letter, his base salary will be $1,050,000 effective as of January 1, 2025. The Compensation Committee set Mr. Braun's target annual incentive at 175% of his annual base salary. Mr. Braun will continue to be eligible to participate in the Company's Annual Incentive Plan and Long-Term Incentive program.",https://www.sec.gov/Archives/edgar/data/21344/0001552781-24-000626.txt
0001104659-24-128413,executive_compensation_change,ABBV,2024-12-13,True,0.0,,"As of the Effective Date, Mr. Purdue's annual base salary will be $550,000. Mr. Purdue will be eligible to participate in AbbVie's Performance Incentive Plan or any successor annual bonus plan with a target bonus equal to 85% of his base salary, subject to the attainment of one or more pre-established performance targets.",https://www.sec.gov/Archives/edgar/data/1551152/0001104659-24-128413.txt
0001075531-24-000053,executive_compensation_change,BKNG,2024-12-18,True,0.0,,"On December 18, 2024, the Company and Mr. Goulden entered into an additional letter agreement, which supplements the Letter Agreement and provides that Mr. Goulden's part-time employment as Executive Vice President of Finance will extend from January 1, 2025 to March 31, 2025. The Additional Letter Agreement further provides that Mr. Goulden will receive a base salary of $315,000 (on an annualized basis) during the Additional Period and that Mr. Goulden's outstanding equity awards will not be eligible to vest following the Additional Period.",https://www.sec.gov/Archives/edgar/data/1075531/0001075531-24-000053.txt
0001373715-24-000426,executive_compensation_change,NOW,2024-12-27,True,0.0,,"On December 24, 2024, ServiceNow, Inc. entered into amendments to the previously filed employment agreements with, among others, William R. McDermott, Chairman and Chief Executive Officer; Gina Mastantuono, Chief Financial Officer; and Jaqueline Canney, Chief People Officer. The amendments, which become effective January 1, 2025, incorporate the terms of the new ServiceNow, Inc. Executive Severance Policy adopted by the Company to standardize severance payments and benefits for the Company's executive leadership team.",https://www.sec.gov/Archives/edgar/data/1373715/0001373715-24-000426.txt
0001140361-25-000228,executive_compensation_change,AAPL,2025-01-03,True,0.0,,"Mr. Parekh's annual salary was increased to $1 million, effective January 1, 2025, and he is eligible to participate in the Apple Inc. Executive Cash Incentive Plan for fiscal year 2025 on the same basis as Apple's other named executive officers, with a target opportunity of 175% of base salary. Mr. Parekh was previously awarded 36,767 performance-based restricted stock units ('RSUs'), and 36,767 time-based RSUs for fiscal year 2025 under the Apple Inc. 2022 Employee Stock Plan.",https://www.sec.gov/Archives/edgar/data/320193/0001140361-25-000228.txt
0001035267-25-000002,executive_compensation_change,ISRG,2025-01-06,True,0.0,,"In connection with Mr. Charlton's promotion, his annual base salary was increased from $600,000 to $670,000, and his target annual cash bonus opportunity (as a percentage of base salary) was increased from 65% to 100%.",https://www.sec.gov/Archives/edgar/data/1035267/0001035267-25-000002.txt
0001053507-25-000002,executive_compensation_change,AMT,2025-01-07,True,0.0,,"The Compensation Committee (the ""Committee"") of the Board of Directors (the ""Board"") of the Company considered the compensation arrangements with Mr. Noel in light of such promotion. Accordingly, on January 2, 2025, the Committee approved a new base salary and cash bonus incentive target for the year ending December 31, 2025 for Mr. Noel... Eugene M. Noel, Executive Vice President and Chief Operating Officer: 2025 Base Salary $630,000, 2025 Target Cash Bonus Potential 125% / $787,500. Mr. Noel will also be recommended to the Committee to receive an equity award with an aggregate value of $3 million... to be allocated as follows: (a) 40% to restricted stock units (""RSUs""), and (b) 60% to performance-based restricted stock units (""PSUs"").",https://www.sec.gov/Archives/edgar/data/1053507/0001053507-25-000002.txt
0001104659-25-002897,executive_compensation_change,DUK,2025-01-13,True,0.0,,"The independent members of the Board of Directors approved the following compensation levels: an annual base salary of $1,300,000, effective as of April 1, 2025, a short-term incentive opportunity equal to 150% of his annual base salary, and a long-term incentive opportunity equal to 750% of his annual base salary. The Board also approved an amendment to Mr. Sideris' Change in Control Agreement to increase the severance multiple from 2.00 times to 2.99 times his annual compensation.",https://www.sec.gov/Archives/edgar/data/1326160/0001104659-25-002897.txt
0001193125-25-008107,executive_compensation_change,GS,2025-01-17,True,0.0,,"On January 14, 2025 an allocation of carried interest points (carry points) was made to each of Mr. Solomon, Mr. Waldron, Chief Financial Officer Denis Coleman and Chief Legal Officer Kathryn Ruemmler and certain other senior leaders as part of 2024 annual compensation pursuant to a newly adopted Long Term Executive Carried Interest Incentive Program.",https://www.sec.gov/Archives/edgar/data/886982/0001193125-25-008107.txt
0001613103-25-000005,executive_compensation_change,MDT,2025-01-21,True,0.0,,"Mr. Pieton's initial annual base salary will be $850,000 and he will participate in the Medtronic Incentive Plan (MIP), with a target payout equal to 110% of his annual base salary for fiscal year 2025, prorated based on Mr. Pieton's Effective Date. In addition, Mr. Pieton will participate in the Company's 2021 Long-Term Incentive Plan (LTIP), with awards to be granted as of the Effective Date, with an aggregate target value of $2 million for fiscal year 2025, consisting of: (i) a $1 million target performance share unit (PSU) award, (ii) a stock option with a targeted grant date fair value of $600,000, and (iii) a restricted stock unit (RSU) award with a targeted grant date value of $400,000.",https://www.sec.gov/Archives/edgar/data/1613103/0001613103-25-000005.txt
0001193125-25-010401,executive_compensation_change,PYPL,2025-01-22,True,0.14,,"The Agreement provides for the payment of a severance pay benefit, fiscal year 2024 AIP bonus, health benefits, equity award treatment and outplacement services under and in accordance with Appendix A of the Plan, in exchange for a release of claims, continuing compliance with restrictive covenants and other valuable consideration.",https://www.sec.gov/Archives/edgar/data/1633917/0001193125-25-010401.txt
0000019617-25-000056,executive_compensation_change,JPM,2025-01-23,True,0.0,,"The independent members of the Board of Directors approved the annual compensation for 2024 for Mr. James Dimon, CEO, in the amount of $39,000,000, compared to last year's annual compensation of $36,000,000. Mr. Dimon's total compensation includes an annual base salary of $1,500,000 and performance-based variable incentive compensation of $37,500,000.",https://www.sec.gov/Archives/edgar/data/19617/0000019617-25-000056.txt
0001193125-25-012757,executive_compensation_change,TMUS,2025-01-27,True,0.0,,"Pursuant to the Agreement, Mr. Gopalan is entitled to (i) an annual base salary equal to $1,000,000; (ii) an annual short-term cash incentive targeted at no less than $2,000,000 (with a maximum award equal to 200% of target); (iii) employee benefits; (iv) company-paid or reimbursed tax preparation and financial planning services; (v) relocation assistance; and (vi) company-paid or reimbursed first-class round-trip airfare. Mr. Gopalan is also eligible for a one-time cash payment of $2,000,000 (the ""Sign-On Payment"") and annual long-term incentive awards with a target grant-date value of not less than $9,500,000.",https://www.sec.gov/Archives/edgar/data/1283699/0001193125-25-012757.txt
0001193125-25-014216,executive_compensation_change,USB,2025-01-28,True,0.0,,"She will receive an annual long-term incentive award, valued at $10 million as of the grant date of February 27, 2025. In accordance with the structure of all long-term incentive awards to be granted to executive officers on that date, 60% of the award's value will be granted in the form of performance-based restricted stock units and 40% in the form of restricted stock units.",https://www.sec.gov/Archives/edgar/data/36104/0001193125-25-014216.txt
0000796343-25-000036,executive_compensation_change,ADBE,2025-01-30,True,0.0,,"On January 24, 2025, the Executive Compensation Committee (the ""Committee"") of the Board of Directors (the ""Board"") of Adobe approved the 2025 Performance Share Program (the ""Program"") under the terms of the Company's 2019 Equity Incentive Plan, as amended (the ""2019 Plan""), and granted awards of performance shares (""Performance Shares"") thereunder to members of the Company's executive management team.",https://www.sec.gov/Archives/edgar/data/796343/0000796343-25-000036.txt
0000093410-25-000006,executive_compensation_change,CVX,2025-01-31,True,0.0,,"On January 29, 2025, the independent Directors of the Board also approved the equity grant target value of $17,500,000 to Mr. Wirth and ratified the following equity grant target values approved by the Committee under the 2022 Long-Term Incentive Plan of Chevron Corporation (""2022 LTIP"") with an award grant date of February 4, 2025 (the ""Grant Date""): (i) Ms. Bonner, $4,329,000; (ii) Mr. Nelson, $6,902,500; and (iii) Mr. Pate, $4,329,000.",https://www.sec.gov/Archives/edgar/data/93410/0000093410-25-000006.txt
0001140361-25-002798,executive_compensation_change,RTX,2025-02-03,True,0.0,low,"Following the recommendation of the Human Capital & Compensation Committee, on February 2, 2025, the Board approved the following compensation and benefits for Mr. Hayes for his service as Special Advisor to the Chief Executive Officer, effective, April 30, 2025: Continuation of his annual base salary of $1,100,000. Mr. Hayes will not be eligible for an annual incentive for the 2025 plan year and will not be granted any additional equity or long-term incentive awards in 2025.",https://www.sec.gov/Archives/edgar/data/101829/0001140361-25-002798.txt
0001193125-25-020881,executive_compensation_change,CRM,2025-02-05,True,0.0,,"In connection with her appointment as President and Chief Operating and Financial Officer, on February 5, 2025, the Company entered into an offer letter with Ms. Washington (the ""Offer Letter"") that provides for an initial base salary of $1,100,000 and an annual bonus target of 175% of base salary. Subject to Compensation Committee approval, the Company also intends to grant Ms. Washington restricted stock units with a grant date value of $9,000,000 and performance-based restricted stock units with a target grant date value of $9,000,000.",https://www.sec.gov/Archives/edgar/data/1108524/0001193125-25-020881.txt
0000927628-25-000044,executive_compensation_change,COF,2025-02-07,True,0.0,,"On February 4, 2025, the Compensation Committee and the independent members of the Board of Directors approved the 2025 compensation plans for Mr. Richard D. Fairbank, the Company's Chairman and Chief Executive Officer, and the Company's other current executives who are named executive officers. The compensation plans take effect immediately and are designed to directly link Mr. Fairbank's and the Named Executive Officers' compensation with the Company's performance over multiple time horizons.",https://www.sec.gov/Archives/edgar/data/927628/0000927628-25-000044.txt
0000070858-25-000087,executive_compensation_change,BAC,2025-02-07,True,0.0,,"Board of Directors approved 2024 total compensation for Chair and Chief Executive Officer Brian T. Moynihan of $35,000,000, compared to 2023 total compensation of $29,000,000.",https://www.sec.gov/Archives/edgar/data/70858/0000070858-25-000087.txt
0001141391-25-000007,executive_compensation_change,MA,2025-02-10,True,0.0,,"On February 6, 2025, the Human Resources and Compensation Committee of the Board of Directors of Mastercard Incorporated approved adjustments to the base salary and target annual incentive bonus opportunity for the Company's Chief Executive Officer, Michael Miebach, effective as of March 1, 2025. Base salary increased from $1,250,000 to $1,400,000 and target annual incentive bonus opportunity increased from 200% to 250% of base salary.",https://www.sec.gov/Archives/edgar/data/1141391/0001141391-25-000007.txt
0000950103-25-001971,executive_compensation_change,MS,2025-02-13,True,0.0,,"The Compensation Committee set Mr. Pick's total compensation for 2024 at $34 million. Consistent with previous years' Chief Executive Officer compensation, 75% of Mr. Pick's bonus is deferred over three years and is subject to cancellation, 100% of Mr. Pick's deferred bonus is delivered in the form of equity awards, and 60% of Mr. Pick's bonus is delivered in performance-vested equity.",https://www.sec.gov/Archives/edgar/data/895421/0000950103-25-001971.txt
0001193125-25-026705,executive_compensation_change,BLK,2025-02-14,True,0.0,,"On February 11, 2025, the Management Development and Compensation Committee (the ""MDCC"") of the Board of Directors (the ""Board"") of BlackRock, Inc. (""BlackRock"") approved an allocation of carried interest (""carry"") to BlackRock's Chairman and Chief Executive Officer (""CEO""), Laurence D. Fink. Pursuant to this allocation, Mr. Fink is entitled to receive a percentage of the carry distributions generated from a composite of BlackRock's flagship private markets investment funds that had fundraising activity in 2024.",https://www.sec.gov/Archives/edgar/data/2012383/0001193125-25-026705.txt
0001104659-25-014780,executive_compensation_change,C,2025-02-18,True,0.0,,"Ms. Giles will be paid a base salary at the rate of $500,000 per year and will receive replacement deferred equity and cash awards in connection with her joining Citi in the aggregate amount of approximately $13.7 million, which awards will vest over the period through January 2029. For 2025 and future years, Ms. Giles will be eligible for discretionary incentive compensation and benefits in accordance with Citi's plans and policies.",https://www.sec.gov/Archives/edgar/data/831001/0001104659-25-014780.txt
0000773840-25-000014,executive_compensation_change,HON,2025-02-18,True,0.0,,"In connection with his transition to Senior Vice President, Transformation and Senior Advisor, Mr. Lewis entered into an offer letter with the Company, pursuant to which Mr. Lewis's base salary is $750,000; his target annual incentive compensation opportunity is 100% of base salary; and he will be eligible for annual long-term incentive awards with a target value of $1,000,000. Between June 1, 2025 and December 31, 2025, on a date to be designated by the Company's CEO, Mr. Lewis is expected to transition to serve as Senior Advisor of the Company. At that time, his base salary will be $100,000, and he will not be eligible to participate in the Company's incentive compensation plan or to receive additional long-term incentive awards.",https://www.sec.gov/Archives/edgar/data/773840/0000773840-25-000014.txt
0001326801-25-000021,executive_compensation_change,META,2025-02-20,True,0.0,,"On February 13, 2025, the CNGC approved an increase in the target bonus percentage under the Bonus Plan for each of the Company's named executive officers (other than its Chief Executive Officer (the ""CEO"")) from 75% of each such named executive officer's base salary to 200% of each named executive officer's base salary, effective beginning with the 2025 annual performance period under the Bonus Plan.",https://www.sec.gov/Archives/edgar/data/1326801/0001326801-25-000021.txt
0000313616-25-000044,executive_compensation_change,DHR,2025-02-20,True,0.0,,"On February 20, 2025, the Board amended and restated the Company's 2007 Omnibus Incentive Plan to provide that upon termination of a participant's employment or service due to death or disability, generally all of the participant's unvested stock options and restricted stock units become fully vested, and with respect to performance stock units (PSUs) the participant receives the target number of shares.",https://www.sec.gov/Archives/edgar/data/313616/0000313616-25-000044.txt
0000002488-25-000026,executive_compensation_change,AMD,2025-02-24,True,0.0,,"On February 18, 2025, the Compensation and Leadership Resources Committee of the Board of Directors approved the following annual cash performance bonuses under the EIP to the following covered executive officers: Jean Hu, Executive Vice President, Chief Financial Officer and Treasurer $670,106; Phil Guido, Executive Vice President, Chief Commercial Officer $665,593; Forrest Norrod, Executive Vice President and General Manager, Data Center Solutions $658,825. On February 19, 2025, the Board of Directors approved the following annual cash performance bonus for the Company's Chair, President and Chief Executive Officer: Lisa T. Su $1,776,120.",https://www.sec.gov/Archives/edgar/data/2488/0000002488-25-000026.txt
0001321655-25-000033,executive_compensation_change,PLTR,2025-02-28,True,0.0,,"Mr. Buckley will receive an annual base salary of $400,000. Additionally, subject to the terms and conditions of the Company's 2020 Equity Incentive Plan and the forms of award agreements thereunder, Mr. Buckley will receive a restricted stock unit award upon the start of his service as Chief Accounting Officer that will cover $3,500,000 worth of shares of the Company's Class A common stock. Such award is scheduled to vest as to 1/7 of the award per quarter for four quarters, beginning in the second quarter of 2025, and 1/28 of the award each quarter thereafter.",https://www.sec.gov/Archives/edgar/data/1321655/0001321655-25-000033.txt
0000050863-25-000024,executive_compensation_change,INTC,2025-02-28,True,0.0,,"Commencing January 1, 2025, Ms. Johnston Holthaus' annual base salary increased to $1,000,000, her annual cash bonus target opportunity increased to 200% of her base salary or $2,000,000, and her annual long-term incentive equity award target value increased to approximately $16,000,000. She also received a one-time award of restricted stock units with an aggregate target value of approximately $5,000,000.",https://www.sec.gov/Archives/edgar/data/50863/0000050863-25-000024.txt
0000070858-25-000147,executive_compensation_change,BAC,2025-02-28,True,0.0,,"As the Corporation's Chief Accounting Officer, Mr. Okpara will receive an annual salary of $600,000 and will be granted an incentive award of no less than $5,400,000, subject to approval by the Compensation and Human Capital Committee of the Corporation's Board of Directors, for the performance year 2025.",https://www.sec.gov/Archives/edgar/data/70858/0000070858-25-000147.txt
0000829224-25-000016,executive_compensation_change,SBUX,2025-03-04,True,0.0,,"Pursuant to the Offer Letter, Ms. Smith will receive an initial base salary of $925,000 per year and an annual cash incentive opportunity at a target of 125% of base salary, which will be prorated for fiscal year 2025. Ms. Smith will receive a cash signing bonus of $5,000,000, a replacement equity grant with a target value of $6,400,000, and a fiscal year 2025 annual equity award with a target value of $4,500,000, each consisting of 60% performance-based restricted stock units and 40% time-based restricted stock units.",https://www.sec.gov/Archives/edgar/data/829224/0000829224-25-000016.txt
0001053507-25-000039,executive_compensation_change,AMT,2025-03-05,True,0.0,,"On February 27, 2025, the Compensation Committee of the Board of Directors of American Tower Corporation considered the compensation arrangements with the Company's executive officers. The information in the table below sets forth the determinations of the Compensation Committee with respect to base salaries and cash bonus incentive targets for the year ending December 31, 2025 for the Company's chief executive officer, chief financial officer and the three other most highly compensated executive officers.",https://www.sec.gov/Archives/edgar/data/1053507/0001053507-25-000039.txt
0001045810-25-000039,executive_compensation_change,NVDA,2025-03-07,True,0.0,,"On March 3, 2025, the Compensation Committee of the Board of Directors adopted the Variable Compensation Plan for Fiscal Year 2026, which provides eligible executive officers the opportunity to earn a variable cash payment based on the level of achievement by the Company of certain corporate performance goals. The Compensation Committee has set the Performance Goals for fiscal year 2026 based upon the achievement of specified fiscal year 2026 revenue and has established threshold compensation plan, base compensation plan, and stretch compensation plan levels.",https://www.sec.gov/Archives/edgar/data/1045810/0001045810-25-000039.txt
0000050863-25-000036,executive_compensation_change,INTC,2025-03-14,True,0.0,,"For his service in the role of Interim Executive Chair from December 2024 through the Effective Date, Mr. Yeary will receive restricted stock units (in accordance with prior elections he made) with a target valuation of $700,000 that will vest immediately and will be granted at the end of the first quarter of 2025.",https://www.sec.gov/Archives/edgar/data/50863/0000050863-25-000036.txt
0000753308-25-000019,executive_compensation_change,NEE,2025-03-17,True,0.0,,"The Compensation Committee of NEE's Board of Directors approved increases in the compensation of Messrs. Dunne and Gough. Effective March 17, 2025, Mr. Dunne's annual base salary is $850,000 and his annual incentive plan target is 70% of base salary and Mr. Gough's annual base salary is $385,000 and his annual incentive plan target is 45% of base salary. The 2025 equity compensation awards for Mr. Dunne is in the target amount of $2,555,000 and for Mr. Gough is $341,700.",https://www.sec.gov/Archives/edgar/data/37634/0000753308-25-000019.txt
0000732712-25-000015,executive_compensation_change,VZ,2025-03-19,True,0.0,,"Mr. Vestberg's target 2025 long term incentive opportunity increased from $18,000,000 to $25,000,000, and consistent with Mr. Vestberg's prior annual long-term incentive awards, the award is comprised of 67% performance stock units (PSUs) and 33% restricted stock units (RSUs).",https://www.sec.gov/Archives/edgar/data/732712/0000732712-25-000015.txt
0001193125-25-060233,executive_compensation_change,TMUS,2025-03-21,True,0.0,,"On March 18, 2025, the Company entered into a compensation letter agreement with Michael J. Katz, its President, Marketing, Strategy and Products, that provides for his continued employment with the Company. Pursuant to the Letter Agreement, Mr. Katz is entitled to (i) an annual base salary of no less than $975,000; (ii) an annual target short-term cash incentive (STI) opportunity of no less than 200% of Mr. Katz's eligible annual earnings; and (iii) annual target long-term incentive (LTI) awards with an aggregate target grant-date value of no less than $8,575,000.",https://www.sec.gov/Archives/edgar/data/1283699/0001193125-25-060233.txt
0001193125-25-072357,executive_compensation_change,TMUS,2025-04-03,True,0.0,,"the Section 16 Subcommittee of the Compensation Committee approved the grant, effective as of April 1, 2025, of stock-settled performance-based restricted stock units (the ""PRSUs"") under the Company's 2023 Incentive Award Plan to Mark W. Nelson (Executive Vice President and General Counsel), Michael J. Katz (President, Marketing, Strategy and Products), Jonathan A. Freier (President, Consumer Group), Callie R. Field (President, Business Group) and Ulf Ewaldsson (President, Technology).",https://www.sec.gov/Archives/edgar/data/1283699/0001193125-25-072357.txt
0000773840-25-000025,executive_compensation_change,HON,2025-04-08,True,0.0,,"In connection with her transition to Senior Vice President, Portfolio Transformation and Senior Advisor, Ms. Madden entered into an offer letter with the Company, pursuant to which, as of the Effective Date, Ms. Madden's base salary will be $750,000; her target annual incentive compensation opportunity will be 100% of base salary; and she will be eligible for annual long-term incentive awards with a target value of $2,000,000.",https://www.sec.gov/Archives/edgar/data/773840/0000773840-25-000025.txt
0001193125-25-079096,executive_compensation_change,TMUS,2025-04-11,True,0.0,,"On April 8, 2025, the Compensation Committee (the ""Committee"") of the Board of Directors of the Company approved new compensation terms for Mr. Drobac (the ""Drobac Compensation Terms"") effective May 1, 2025. Pursuant to the Drobac Compensation Terms, Mr. Drobac will receive an annual base salary of $400,000 and an annual short-term incentive (""STI"") award targeted at 75% of his base salary, payable based on the attainment of pre-established performance goals. Commencing with calendar year 2026, Mr. Drobac will also be eligible for annual long-term incentive awards with an annual aggregate grant-date target value equal to 100% of his target cash compensation, and he will be granted a one-time award of time-based restricted stock units (the ""RSUs"") on May 1, 2025 with an aggregate grant-date target value of $233,606.",https://www.sec.gov/Archives/edgar/data/1283699/0001193125-25-079096.txt
0001104659-25-034874,executive_compensation_change,CAT,2025-04-15,True,0.0,,"With respect to Mr. Umpleby's transition to Executive Chairman, the Compensation and Human Resources Committee approved the following actions: A decrease in Mr. Umpleby's base salary to $1,200,000, effective May 1, 2025; and A decrease in Mr. Umpleby's target award under the Company's Annual Incentive Plan to 125% of his base salary.",https://www.sec.gov/Archives/edgar/data/18230/0001104659-25-034874.txt
0001193125-25-082814,executive_compensation_change,USB,2025-04-16,True,0.0,,"Effective as of April 16, 2025, Ms. Kedia will receive an increase in her base salary to an annualized amount of $1,200,000, and she will be eligible to receive an annual cash incentive award with a target value of 275% of her base salary. In addition to the 2025 long-term incentive award Ms. Kedia received on February 27, 2025, the Company's Board of Directors and its Compensation and Human Resources Committee determined to award Ms. Kedia an additional long-term incentive award in the form of performance-based restricted stock units ('PRSUs'), valued at $1,500,000 as of the grant date of April 17, 2025.",https://www.sec.gov/Archives/edgar/data/36104/0001193125-25-082814.txt
0000050863-25-000063,executive_compensation_change,INTC,2025-04-17,True,0.0,,"In connection with the consummation of the Transaction, effective immediately prior to the date of the Closing, (i) restricted stock unit awards of the Company subject to time-based vesting ('Company RSU Awards') or restricted stock unit awards of the Company subject to performance-based vesting ('Company PSU Awards') held by employees of the Business...will be canceled and the Purchaser will grant replacement long-term cash awards with an aggregate value as of the Closing that is the per share value of Company common stock multiplied by the number of shares subject to the award",https://www.sec.gov/Archives/edgar/data/50863/0000050863-25-000063.txt
0000936468-25-000026,executive_compensation_change,LMT,2025-04-17,True,0.0,,"In connection with Mr. Scott's election as Chief Financial Officer, the Company approved increases in Mr. Scott's base salary to $850,000 and his target annual incentive award under the Lockheed Martin Corporation Management Incentive Compensation Plan to 125% of base salary. Mr. Scott will be eligible for a long-term incentive award in 2026 commensurate with his new role.",https://www.sec.gov/Archives/edgar/data/936468/0000936468-25-000026.txt
0000320187-25-000020,executive_compensation_change,NKE,2025-05-05,True,0.03,,"the Company and Ms. O'Neill entered into a letter agreement (the ""Letter Agreement"") setting forth Ms. O'Neill's transition and separation dates and providing that her annual base salary and employee benefit plan eligibility will remain unchanged through the Separation Date. The Letter Agreement also confirms that (i) Ms. O'Neill will be retirement eligible and her separation will constitute an involuntary termination without cause.",https://www.sec.gov/Archives/edgar/data/320187/0000320187-25-000020.txt
0000100885-25-000162,executive_compensation_change,UNP,2025-05-09,True,0.0,,"During the Transition Period, Ms. Whited will receive an annual base salary of $300,000, remain eligible to receive an annual bonus for the 2025 performance period, and continue to participate in the Company's employee benefit plans, but will not be eligible to participate in the Company's annual bonus program for any calendar year following 2025.",https://www.sec.gov/Archives/edgar/data/100885/0000100885-25-000162.txt
0001104659-25-047402,executive_compensation_change,ABBV,2025-05-13,True,0.0,,"On May 8, 2025, the Compensation Committee approved a change to Mr. Michael's compensation in recognition of his new responsibilities as Chairman. Mr. Michael's annual bonus target for 2025 will be 165% of his base salary.",https://www.sec.gov/Archives/edgar/data/1551152/0001104659-25-047402.txt
0000858877-25-000014,executive_compensation_change,CSCO,2025-05-13,True,0.0,,"In connection with his service as a director, Mr. Weil will receive Cisco's standard non-employee director cash and equity compensation. Mr. Weil will receive a pro rata portion of the $105,000 annual cash retainer, paid quarterly in arrears, for his service through the remaining portion of the year ending at Cisco's 2025 annual meeting of stockholders. Upon his appointment, pursuant to the Board's equity grant policy for non-employee directors, Mr. Weil automatically received a fully vested initial non-employee director equity award under Cisco's 2005 Stock Incentive Plan with a grant date fair value equal to a pro rata portion of $245,000.",https://www.sec.gov/Archives/edgar/data/858877/0000858877-25-000014.txt
0000731766-25-000134,executive_compensation_change,UNH,2025-05-14,True,0.0,,"On May 14, 2025, the Board and the Compensation and Human Resources Committee of the Board (the ""Committee""), after considering market data, advice from the Committee's independent compensation consultant, and other factors, approved the following compensation arrangements for Mr. Hemsley: An annual base salary of $1,000,000; No annual cash incentive award; One time $60,000,000 equity award in nonqualified stock options with cliff vesting after three years; Severance benefits include two times annual base salary and two times bonus (if any) and continued vesting of options during a 24-month severance period.",https://www.sec.gov/Archives/edgar/data/731766/0000731766-25-000134.txt
0001035267-25-000161,executive_compensation_change,ISRG,2025-05-15,True,0.0,,"Dr. Guthart's base salary will be decreased from $1,050,000 to $700,000, and he will no longer continue to be eligible for a bonus under the Company's Corporate Incentive Program on a going-forward basis. Additionally, in connection with Mr. Rosa's promotion, his annual base salary will be increased effective July 1, 2025 from $825,000 to $925,000, and his targeted bonus opportunity under the Company's Corporate Incentive Program for the fiscal year 2025 performance period was increased from 125% to 150% of his annualized base salary. Also, Mr. Rosa will receive, pursuant to the Company's Amended and Restated 2010 Incentive Award Plan, grants of (i) restricted stock units ('RSUs') with a value of $4,000,000 (the 'Target RSU Value') and (ii) performance stock units ('PSUs') with a value of $4,000,000 (the 'Target PSU Value').",https://www.sec.gov/Archives/edgar/data/1035267/0001035267-25-000161.txt
0000764180-25-000057,executive_compensation_change,MO,2025-05-19,True,0.0,,"As a result of her election, Ms. Patterson will become a salary band F employee effective August 1, 2025. The Compensation and Talent Development Committee of the Board set her annual base salary at $300,000, which is consistent with salaries for band F employees and market positioning for the role. Ms. Patterson's annual incentive award plan target will be 50% of base salary, her LTIP award target will be $112,900 over a three-year performance cycle and her annual equity award target will be $165,000.",https://www.sec.gov/Archives/edgar/data/764180/0000764180-25-000057.txt
0001193125-25-122059,executive_compensation_change,COF,2025-05-19,True,0.0,,"On May 16, 2025, the Board of Directors approved a special cash award in the amount of $500,000 to Andrew Young, the Company's Chief Financial Officer, in recognition of his exceptional contributions in connection with the Transaction.",https://www.sec.gov/Archives/edgar/data/927628/0001193125-25-122059.txt
0000027419-25-000094,executive_compensation_change,TGT,2025-05-21,True,0.79,,"Under that agreement, Ms. Tu will be eligible for severance under Target's Income Continuation Plan on account of her involuntary termination without cause. Ms. Tu will also receive vesting of a portion of her long-term incentives in accordance with the terms of such awards.",https://www.sec.gov/Archives/edgar/data/27419/0000027419-25-000094.txt
0000097745-25-000066,executive_compensation_change,TMO,2025-05-22,True,0.0,,"On May 21, 2025, the Board of Directors approved the grant of 5-year cliff vesting performance-based restricted stock units (the ""Award"") to Marc N. Casper, the Company's Chairman, President and Chief Executive Officer (""CEO""), to secure his continued leadership through at least May 2030. The approved 5-year cliff vesting Award has a target grant date fair value of approximately $60 million and is designed to drive substantial return to shareholders through TSR outperformance.",https://www.sec.gov/Archives/edgar/data/97745/0000097745-25-000066.txt
0001103982-25-000171,executive_compensation_change,MDLZ,2025-05-27,True,0.0,,"On May 20, 2025, in connection with a review of Mondelēz International, Inc.'s (the ""Company"") severance programs, the People and Compensation Committee of the Company (the ""Committee"") approved the Mondelēz International, Inc. Severance Plan for Key Executives (the ""Plan""). All of the Company's officers as defined for purposes of Section 16 of the Securities Exchange Act of 1934, along with any other employees designated by the Committee, are eligible to participate in the Plan.",https://www.sec.gov/Archives/edgar/data/1103982/0001103982-25-000171.txt
0000021665-25-000025,executive_compensation_change,CL,2025-05-29,True,0.0,,"The independent Personnel and Organization Committee (the ""Committee"") of the Board approved the following compensatory arrangements for Mr. Grant in his role as Chief Operating Officer, Americas of the Company, effective June 16, 2025. Mr. Grant will receive a base salary of $1,100,000. He will be eligible to receive an annual cash bonus for 2025 with a target award of 115% of base salary... Mr. Grant will also receive a replacement equity award of 90,000 restricted stock units... a one-time sign-on bonus of $1,000,000 and a transition allowance of $1,500,000... an annual grant of stock options (valued at $450,000) and time vested restricted stock units (valued at $300,000).",https://www.sec.gov/Archives/edgar/data/21665/0000021665-25-000025.txt
0001552781-25-000201,executive_compensation_change,UBER,2025-06-02,True,0.0,,"In connection with his promotion to President and Chief Operating Officer, Mr. Macdonald will receive a restricted stock unit award of $5,000,000, which is subject to time-based and performance-based vesting conditions.",https://www.sec.gov/Archives/edgar/data/1543151/0001552781-25-000201.txt
0001552781-25-000203,executive_compensation_change,UBER,2025-06-04,True,0.0,,"For his service on the Company's Board, Mr. Arora will participate in the Company's compensation program for non-employee directors, pursuant to which he will receive (i) a $60,000 annual cash retainer and (ii) an annual grant of restricted stock units, vesting prior to each annual stockholders meeting, with a fair value of $300,000, each as prorated for his partial year of service. He is also entitled to a cash retainer in connection with his service on the Nominating and Governance Committee and the Compensation Committee.",https://www.sec.gov/Archives/edgar/data/1543151/0001552781-25-000203.txt
0000829224-25-000036,executive_compensation_change,SBUX,2025-06-04,True,0.0,,"In connection with his appointment, Mr. Grams' base salary will be increased from $700,000 per year to $900,000 per year, and his annual incentive bonus target will be increased from 100% of base salary to 125% of base salary, which will, in each case, be prorated for fiscal year 2025.",https://www.sec.gov/Archives/edgar/data/829224/0000829224-25-000036.txt
0000927628-25-000201,executive_compensation_change,COF,2025-06-05,True,0.0,,"On June 3, 2025, the Compensation Committee and the independent members of the Board of Directors approved one-time awards of Restricted Stock Units (the 'Awards') for Mr. Richard D. Fairbank, the Company's Chairman and Chief Executive Officer, and the Company's other executives who are named executive officers, in recognition of their ongoing and anticipated work relating to the integration of the Discover business with Capital One.",https://www.sec.gov/Archives/edgar/data/927628/0000927628-25-000201.txt
0000858877-25-000046,executive_compensation_change,CSCO,2025-06-09,True,0.0,,"Mr. Patterson has been granted 47,832 restricted stock units ('RSUs'), which will vest over a 3-year period subject to a one-year (34%) cliff then quarterly (8.25%) thereafter. The RSUs are subject to the terms and conditions of the Cisco Systems, Inc. 2005 Stock Incentive Plan and form of stock unit agreement.",https://www.sec.gov/Archives/edgar/data/858877/0000858877-25-000046.txt
0001193125-25-137830,executive_compensation_change,GD,2025-06-09,True,0.0,,"The company also determined the compensation arrangement for Mr. Deep's new position. His base salary will be $1,200,000. His target annual incentive opportunity will be at 130% of his base salary. His long-term incentive, which is comprised of equity compensation, will be set pursuant to the approach described in the company's proxy statement for the 2025 annual meeting of shareholders.",https://www.sec.gov/Archives/edgar/data/40533/0001193125-25-137830.txt
0000909832-25-000036,executive_compensation_change,COST,2025-06-11,True,0.0,,"In her new role Ms. Barbre will receive: (a) an annual base salary of $340,000; (b) eligibility for an annual cash incentive bonus of $100,000, in accordance with the Company's fiscal 2025 Executive Bonus Plan, prorated for two months of service; and (c) eligibility for annual restricted stock unit grants, with an estimated target value of $2 million for fiscal 2026.",https://www.sec.gov/Archives/edgar/data/909832/0000909832-25-000036.txt
0000896878-25-000027,executive_compensation_change,INTU,2025-06-16,True,0.01,,"From August 1, 2025 to July 31, 2026, Ms. Fennell will be paid an annual base salary of $770,000 and will be eligible to receive a target annual cash bonus equal to 50% of this base salary. From August 1, 2026 to September 1, 2027, Ms. Fennell will be paid an annual base salary of $200,000 and will be eligible to receive a target annual cash bonus equal to 30% of this base salary.",https://www.sec.gov/Archives/edgar/data/896878/0000896878-25-000027.txt
0000829224-25-000048,executive_compensation_change,SBUX,2025-07-02,True,0.0,,"On June 29, 2025, the independent members of the Board of Directors and the Compensation and Management Development Committee of Starbucks Corporation approved a 'Back to Starbucks' grant of performance-based restricted stock units ('PRSUs') for each of the Company's continuing named executive officers. The awards have a target value of $6,000,000 and will be eligible to vest following our fiscal year 2027 based on achievement of the pre-determined goals.",https://www.sec.gov/Archives/edgar/data/829224/0000829224-25-000048.txt
0000002488-25-000099,executive_compensation_change,AMD,2025-07-02,True,0.0,,"On August 15, 2025 (the 'Grant Date'), the below-listed members of the Company's executive team will receive equity awards under the Company's 2023 Equity Incentive Plan (the 'Stock Plan'), having the following target award values: Lisa T. Su $33,000,000; Jean Hu $8,500,000; Mark Papermaster $10,000,000; Forrest Norrod $8,000,000; Ava Hahn $3,500,000. For Dr. Su, her Target Value will be converted into a mix of 75% performance-based restricted stock units ('PRSUs') and 25% time-based stock options ('Stock Options'). For Mses. Hu and Hahn and Messrs. Papermaster and Norrod, their respective Target Values will be converted into a mix of 60% PRSUs, 20% Stock Options and 20% time-based restricted stock units ('RSUs').",https://www.sec.gov/Archives/edgar/data/2488/0000002488-25-000099.txt
0000012927-25-000050,executive_compensation_change,BA,2025-07-03,True,0.0,,"Mr. Malave will receive an annual base salary of $1,050,000. He will be eligible to receive an annual incentive award with a target value of 120% of base salary, which shall not be pro-rated for 2025, and (beginning in 2026) long-term incentive awards with a target value of $6,500,000. Mr. Malave will receive relocation benefits under the Company's relocation program, as well as certain other perquisites and benefits consistent with the role of an Executive Vice President.",https://www.sec.gov/Archives/edgar/data/12927/0000012927-25-000050.txt
0000005272-25-000068,executive_compensation_change,AIG,2025-07-21,True,0.0,,"Mr. Neal will: (i) receive a base salary of $1,250,000 per year; (ii) be eligible for a target annual cash bonus of $3,750,000 under the AIG Short-Term Incentive Plan, with a guarantee of no less than target for the 2025 performance year; and (iii) be eligible for a target annual equity award of $5,000,000 under the AIG 2021 Omnibus Incentive Plan. On his start date, Mr. Neal will receive restricted stock units with an initial grant value of $4,500,000 that will vest ratably over three years and a cash payment of $2,700,000.",https://www.sec.gov/Archives/edgar/data/5272/0000005272-25-000068.txt
0000313616-25-000155,executive_compensation_change,DHR,2025-07-24,True,0.0,,"In connection with Mr. McGrew's change of role, on July 21, 2025 Danaher's Compensation Committee approved the following changes to Mr. McGrew's compensation: effective as of February 28, 2026, Mr. McGrew's annual base salary rate will be $700,000 and his target bonus percentage under the Company's annual cash incentive compensation program will be 125%; the target dollar value of equity compensation to be awarded to Mr. McGrew in 2026 will be $2,500,000, to be split equally between stock options and time-vested restricted stock units.",https://www.sec.gov/Archives/edgar/data/313616/0000313616-25-000155.txt
0001140361-25-027350,executive_compensation_change,BMY,2025-07-25,True,0.05,,"In connection with his departure, Dr. Hirawat will be entitled to (i) severance benefits in accordance with the Company's U.S. Severance Benefits Plan, (ii) pro-rated vesting of Market Share Units (MSUs) and Performance Share Units (PSUs), in each case, in accordance with the Company's equity award agreements under the Company's 2021 Stock Award and Incentive Plan, and (iii) a prorated annual incentive payout for 2025 in accordance with the Company's Senior Executive Performance Incentive Plan.",https://www.sec.gov/Archives/edgar/data/14272/0001140361-25-027350.txt
0000080424-25-000061,executive_compensation_change,PG,2025-07-28,True,0.0,,"Effective January 1, 2026, Mr. Moeller will receive an annual base salary of U.S. $1.2 million and will participate in the Company's annual incentive program with a target award equal to 150% of base salary. In relation to his election and in connection with the Company's annual equity grant cycle, the Board of Directors approved a long-term incentive award valued at $15 million, with approximately 50% of the long-term incentive value in the Company's Performance Stock Program and 50% in the Long-Term Incentive Program.",https://www.sec.gov/Archives/edgar/data/80424/0000080424-25-000061.txt
0001193125-25-169311,executive_compensation_change,MET,2025-07-30,True,0.0,,"Ms. O'Neill's annual base salary will be $525,000 and, for each full year of employment, she will be considered for a discretionary incentive award. Ms. O'Neill will also be eligible to receive certain sign-on cash payments, as well as certain sign-on stock-based long-term incentive awards with an aggregate grant date value of $1,950,000, which are intended to replace compensation forfeited from her current employer and assist with her transition.",https://www.sec.gov/Archives/edgar/data/1099219/0001193125-25-169311.txt
0000072971-25-000193,executive_compensation_change,WFC,2025-07-31,True,0.0,,"On July 29, 2025, the independent members of the Board of Directors awarded Chief Executive Officer and President Charles W. Scharf a one-time equity award consisting of Restricted Share Rights with a grant date value of approximately $30 million and 1.046 million Stock Options. Both the RSRs and Options will vest on a pro-rata basis following the fourth, fifth, and sixth anniversaries of the grant date.",https://www.sec.gov/Archives/edgar/data/72971/0000072971-25-000193.txt
0000731766-25-000232,executive_compensation_change,UNH,2025-07-31,True,0.0,,"In connection with the appointment, on July 25, 2025, Mr. DeVeydt entered into an employment agreement, effective on the Effective Date, setting forth the terms of his employment with the Company, including the following: An annual base salary of $1,000,000. Participate in the Company's incentive compensation plans, including an initial target annual bonus of 200% of his annual base salary. An annual stock award target with a fair value of $10,000,000; based on his hire date, a pro-rated 2025 annual stock plan award of $3,000,000. A sign-on bonus of $1,200,000. A sign-on stock award with a fair value of $5,000,000. Eligible to receive severance which equals to two times base salary plus the sum of the last two years' annual bonuses upon termination by the Company without 'cause' or by Mr. DeVeydt for 'good reason.'",https://www.sec.gov/Archives/edgar/data/731766/0000731766-25-000232.txt
0001104659-25-073263,executive_compensation_change,TSLA,2025-08-04,True,0.0,,"On August 3, 2025, the Company approved an award of 96 million shares of restricted stock (the '2025 CEO Interim Award') to Mr. Musk under the Company's 2019 Equity Incentive Plan. The 2025 CEO Interim Award consists of the following key terms: Number of Shares: 96 million shares of common stock; Vesting Schedule: The 2025 CEO Interim Award will vest upon the second anniversary of August 3, 2025, subject to Mr. Musk remaining in continuous service as CEO.",https://www.sec.gov/Archives/edgar/data/1318605/0001104659-25-073263.txt
0001091667-25-000158,executive_compensation_change,CHTR,2025-08-05,True,0.0,,"Charter entered into an employment agreement with Richard DiGeronimo, Charter's President, Product and Technology, effective August 1, 2025, providing an annual base salary of at least $1,500,000 and a target annual cash bonus opportunity of 225% of his annual base salary, along with participation in employee benefit plans and perquisites.",https://www.sec.gov/Archives/edgar/data/1271834/0001091667-25-000158.txt
0000080424-25-000111,executive_compensation_change,PG,2025-08-14,True,0.0,low,"At the time of her retirement, Ms. Keith will enter into the Company's standard Written Separation Agreement, which will not provide any cash severance payment, but will allow her to retain the remainder of her special equity award scheduled to vest in August 2026. All other equity awards will be retained or pro-rated as described in the applicable Award Agreement.",https://www.sec.gov/Archives/edgar/data/80424/0000080424-25-000111.txt
0000804328-25-000049,executive_compensation_change,QCOM,2025-08-25,True,0.0,,"In connection with her promotion, Ms. Grech will receive a base salary of $380,546 per year, and her target bonus under the Company's Annual Cash Incentive Plan will increase to 35% of her base salary beginning in fiscal year 2026. She will also receive a promotion grant of restricted stock units with a grant date fair value of $85,000.",https://www.sec.gov/Archives/edgar/data/804328/0000804328-25-000049.txt
0001193125-25-199281,executive_compensation_change,AVGO,2025-09-09,True,0.0,,"On September 3, 2025, the independent members of the Board granted Mr. Tan an award (the 'Tan PSU Award') of performance stock units (the 'PSUs') as part of the annual equity award program. The vesting of the PSUs under the Tan PSU Award is contingent on both (i) attainment of challenging AI-related revenue targets during a three-year performance period from the start of fiscal 2028 through the end of fiscal 2030 and (ii) continued service requirements from the Grant Date through the end of fiscal 2030.",https://www.sec.gov/Archives/edgar/data/1730168/0001193125-25-199281.txt
0001193125-25-209990,executive_compensation_change,TMUS,2025-09-22,True,0.0,,"On September 19, 2025, T-Mobile entered into... (ii) an amendment to the compensation term sheet, dated as of March 18, 2025, for Michael J. Katz, our President, Marketing, Strategy and Products (the ""Katz Amendment"")... The Katz Amendment provides that Mr. Katz will receive (i) an annual base salary of no less than $975,000, effective as of the Effective Date; and (ii) for each calendar year commencing after the Effective Date during Mr. Katz's employment term, annual LTI awards with an Annual LTI Target Value of no less than $8,575,000.",https://www.sec.gov/Archives/edgar/data/1283699/0001193125-25-209990.txt
0001193125-25-210089,executive_compensation_change,ORCL,2025-09-22,True,0.0,,"In connection with their promotions as Chief Executive Officers, Mr. Magouyrk and Mr. Sicilia will each receive stock option grants on September 24, 2025 with an exercise price equal to the fair market value of Oracle's common stock on the date of the grant. Mr. Magouyrk will receive a grant of stock options to purchase $250 million in shares of Oracle common stock with 80% of the grant consisting of time-based stock options and 20% of the grant consisting of performance-based stock options.",https://www.sec.gov/Archives/edgar/data/1341439/0001193125-25-210089.txt
0001744489-25-000141,executive_compensation_change,DIS,2025-10-01,True,0.0,,"The Amendment also increased Ms. Coleman's annual base salary to $1,000,000, effective on September 27, 2025, with future increases at the Company's discretion; increased her target annual bonus opportunity to 175% of her base salary, commencing with respect to the Company's fiscal year 2025; and increased her target long-term equity incentive annual award value to 375% of her base salary, commencing with the Company's fiscal year 2026.",https://www.sec.gov/Archives/edgar/data/1744489/0001744489-25-000141.txt
0001193125-25-228346,executive_compensation_change,FDX,2025-10-02,True,0.0,,"On September 29, 2025, the Board of Directors of FedEx approved an annual cash incentive compensation plan for FedEx's executive officers (other than the executive Chairman) and Chief Accounting Officer (the 'fiscal 2026 AIC Plan'). The fiscal 2026 AIC Plan includes three performance metrics: (1) adjusted consolidated operating income, weighted at 50% of the total payout opportunity; (2) incremental structural cost reduction benefits from DRIVE and Network 2.0, weighted at 25% of the total payout opportunity; and (3) on-time service performance, weighted at 25% of the total payout opportunity.",https://www.sec.gov/Archives/edgar/data/1048911/0001193125-25-228346.txt
0001193125-25-231018,executive_compensation_change,VZ,2025-10-06,True,0.0,,"In connection with his appointment as Special Advisor, Mr. Vestberg and Verizon entered into an agreement pursuant to which he will continue to receive base salary at the rate in effect on the date of the agreement through the end of his term as Special Advisor and will also remain eligible for an award under the 2025 short-term incentive program based on actual performance results. Mr. Vestberg's Verizon equity awards outstanding as of the date of the agreement will continue to vest during his term as Special Advisor.",https://www.sec.gov/Archives/edgar/data/732712/0001193125-25-231018.txt
0000077476-25-000055,executive_compensation_change,PEP,2025-10-09,True,0.0,,"In connection with the appointment of Mr. Schmitt, the Compensation Committee of the Board set Mr. Schmitt's annual base salary at $900,000 with an annual incentive target of 150% of base salary. Mr. Schmitt will receive a sign-on bonus of which $2,000,000 will be paid immediately and $1,500,000 will be paid on the first anniversary of the Effective Date. Mr. Schmitt will also be eligible to participate in PepsiCo's long-term incentive program and is expected to receive a March 1, 2026 award with a target grant date value of $5,000,000. Following commencement of employment, Mr. Schmitt will receive a special one-time restricted stock unit ('RSU') grant with a target grant date value of $7,000,000.",https://www.sec.gov/Archives/edgar/data/77476/0000077476-25-000055.txt
0001744489-25-000144,executive_compensation_change,DIS,2025-10-16,True,0.0,,"Pursuant to the Amendment, the term of Ms. Schake's employment agreement was extended to June 30, 2027. The Amendment also increased Ms. Schake's annual base salary to $875,000, effective on October 15, 2025, with future increases at the Company's discretion.",https://www.sec.gov/Archives/edgar/data/1744489/0001744489-25-000144.txt
0001628280-25-045223,executive_compensation_change,KO,2025-10-16,True,0.0,,"Mr. Levchin will participate in The Coca-Cola Company Directors' Plan (the ""Compensation Plan""), pursuant to which, in 2025, he will be entitled to a prorated portion of the annual compensation paid to non-employee Directors of the Company, which such total annual compensation consists of $90,000 to be paid in quarterly installments in cash and $200,000 to be paid in deferred share units.",https://www.sec.gov/Archives/edgar/data/21344/0001628280-25-045223.txt
0000104169-25-000168,executive_compensation_change,WMT,2025-10-22,True,0.0,,"Pursuant to the terms of Mr. Milum's promotion, he will receive an annual base salary of $600,000, subject to annual adjustment. He will also continue to be eligible for an annual cash incentive under the Company's Management Incentive Plan (the 'MIP'), based on performance criteria established by the Compensation and Management Development Committee (the 'CMDC') of the Company's Board of Directors. For the Company's fiscal year ending January 31, 2027 ('fiscal 2027'), Mr. Milum's target annual cash incentive payment under the MIP will be 50% of his base salary. He will also continue to be eligible to receive an annual equity award, generally consisting of a combination of performance-based restricted stock units and restricted stock. For fiscal 2027, Mr. Milum will receive performance-based restricted stock units with a target value of $1,125,000, which provide the right to receive shares of the Company's common stock, par value $0.10 per share, vesting on January 31, 2030, if performance goals for fiscal 2027 established by the CMDC are achieved. For fiscal 2027, Mr. Milum will also receive restricted stock valued at $375,000, vesting over a three-year period.",https://www.sec.gov/Archives/edgar/data/104169/0000104169-25-000168.txt
0001104659-25-101579,executive_compensation_change,C,2025-10-22,True,0.0,,"On October 22, 2025, the Compensation, Performance Management and Culture Committee of the Citigroup Inc. (Citi) Board of Directors (the Compensation Committee) unanimously voted to award Citi's Chief Executive Officer, Jane Fraser, a one-time equity award (the Award), consisting of Restricted Stock Units (RSUs) with a grant date value of $25 million and 1.055 million Citigroup stock options.",https://www.sec.gov/Archives/edgar/data/831001/0001104659-25-101579.txt
0001628280-25-048526,executive_compensation_change,PM,2025-11-04,True,0.0,,"On November 3, 2025, Mr. de Wilde entered into an Employment Agreement with Philip Morris Products S.A., the Company's indirect wholly-owned subsidiary, effective January 1, 2026, setting forth certain terms of his continued employment and compensation, including an increase in his annual base salary to CHF 1,250,002 (or $1,547,002).",https://www.sec.gov/Archives/edgar/data/1413329/0001628280-25-048526.txt
0001065280-25-000408,executive_compensation_change,NFLX,2025-11-04,True,0.0,,"On October 30, 2025, the Compensation Committee of the Board of Directors of Netflix, Inc. approved the amendments described herein to compensatory arrangements of co-Chief Executive Officers, Ted Sarandos and Greg Peters; Chief Financial Officer, Spencer Neumann; and Chief Legal Officer, David Hyman. The amendments apply to the Netflix, Inc. Executive Officer Severance Plan and outstanding restricted stock unit (RSU) and performance-based restricted stock unit (PSU) awards.",https://www.sec.gov/Archives/edgar/data/1065280/0001065280-25-000408.txt
0001104659-25-108507,executive_compensation_change,TSLA,2025-11-07,True,0.0,,"On September 3, 2025, Tesla granted Elon Musk, Tesla's Chief Executive Officer, a performance-based restricted stock award (the '2025 CEO Performance Award'), subject to receipt of certain approvals. On November 6, 2025, Tesla's shareholders approved the 2025 CEO Performance Award at the Annual Meeting.",https://www.sec.gov/Archives/edgar/data/1318605/0001104659-25-108507.txt
0001744489-25-000147,executive_compensation_change,DIS,2025-11-07,True,0.0,,"The Amendment increases Mr. Gutierrez's target long-term equity incentive annual award value to $12,365,000, commencing with the Company's current fiscal year. The amendment does not increase Mr. Gutierrez's current base salary or target annual bonus opportunity.",https://www.sec.gov/Archives/edgar/data/1744489/0001744489-25-000147.txt
0000927628-25-000280,executive_compensation_change,COF,2025-11-07,True,0.0,,"the Compensation Committee and the independent members of the Board of Directors of Capital One Financial Corporation (the ""Company"") approved a special cash award in the amount of $2,000,000 to Matthew Cooper, the Company's President, Discover Integration, General Counsel and Secretary, in recognition of his expanded role and his exceptional performance and contributions during the year.",https://www.sec.gov/Archives/edgar/data/927628/0000927628-25-000280.txt
0001744489-25-000149,executive_compensation_change,DIS,2025-11-12,True,0.0,,"The amendment increases Mr. Johnston's target long-term equity incentive annual award value to $16,500,000, commencing with the Company's current fiscal year. The amendment does not increase Mr. Johnston's current base salary or target annual bonus opportunity.",https://www.sec.gov/Archives/edgar/data/1744489/0001744489-25-000149.txt
0000104169-25-000172,executive_compensation_change,WMT,2025-11-14,True,0.01,,"Beginning February 1, 2026, Mr. McMillon's salary will be $1.5 million on an annual basis, he will not be eligible to participate in the Company's Management Incentive Plan following January 31, 2026, and his restricted stock and performance shares will continue to vest in the normal course through January 31, 2027. The Company will accelerate certain restricted stock grants for 11,524 shares that are scheduled to vest on January 11, 2028 and certain performance share grants for 195,898 shares (based on 100% performance, with the actual number of shares to be paid out based on fiscal 2026 performance) scheduled to vest on January 31, 2028 to instead vest on January 31, 2027.",https://www.sec.gov/Archives/edgar/data/104169/0000104169-25-000172.txt
0000032604-25-000091,executive_compensation_change,EMR,2025-11-14,True,0.0,,"On November 13, 2025, the Compensation Committee of the Board of Directors of Emerson Electric Co. approved the grant of a Special Performance-based Award to our President and Chief Executive Officer, Lal Karsanbhai, and to our Executive Vice President and Chief Operating Officer, Ram Krishnan. Each of Mr. Karsanbhai and Mr. Krishnan were awarded an aggregate of 350,000 stock options with exercise prices ranging from $128.46 to $256.92 per share, vesting pro rata over five years.",https://www.sec.gov/Archives/edgar/data/32604/0000032604-25-000091.txt
0000320187-25-000115,executive_compensation_change,NKE,2025-12-02,True,0.0,,"In connection with Mr. Alagirisamy's new role as Executive Vice President, Chief Operating Officer of the Company, effective as of the Appointment Date, Mr. Alagirisamy's annual base salary will be increased to $1,025,000. In addition, Mr. Alagirisamy's target bonus opportunity under the Executive Performance Sharing Plan will be increased to 120%. Mr. Alagirisamy will continue to be eligible to receive a long-term incentive award, with a target grant value increased to $5,500,000, comprising 50% performance-based restricted stock units (""PSUs""), which generally vest based on achievement of financial goals over a three-year performance period, and 25% stock options and 25% restricted stock units (""RSUs""), which each generally vest one-quarter per year on the anniversary of the date of grant.",https://www.sec.gov/Archives/edgar/data/320187/0000320187-25-000115.txt
0001193125-25-309762,executive_compensation_change,GD,2025-12-05,True,0.0,,"The company also determined the compensation arrangement for Mr. Deep's new position. His base salary will be $1,300,000. His target annual incentive opportunity will be at 150% of his base salary. His long-term incentive, which is comprised of equity compensation, will be set pursuant to the approach described in the company's proxy statement for the 2025 annual meeting of shareholders.",https://www.sec.gov/Archives/edgar/data/40533/0001193125-25-309762.txt
0001091667-25-000171,executive_compensation_change,CHTR,2025-12-05,True,0.0,,"The Compensation and Benefits Committee approved an amended and restated employment agreement between the Company and Christopher L. Winfrey effective December 1, 2025. Mr. Winfrey will receive an annual base salary of at least $2,500,000 and a target annual bonus opportunity of 300% of his annual base salary. Commencing in 2027 and during the term, Mr. Winfrey will be granted annual stock option awards with a grant date fair value of at least $23,000,000, each of which grant will vest in full on the third anniversary of the grant date.",https://www.sec.gov/Archives/edgar/data/1271833/0001091667-25-000171.txt
0001193125-25-312010,executive_compensation_change,TMUS,2025-12-09,True,0.0,,"In connection with Mr. Freier's appointment as COO, on December 8, 2025, T-Mobile entered into a compensation letter agreement (the ""Letter Agreement"") with Mr. Freier... Pursuant to the Letter Agreement, starting in 2026 Mr. Freier will receive (i) an annual base salary of $1,000,000; (ii) an annual target short-term cash incentive (""STI"") opportunity of no less than 200% of Mr. Freier's eligible annual earnings; and (iii) annual target long-term incentive (""LTI"") awards with an aggregate target grant-date value of no less than $9,000,000.",https://www.sec.gov/Archives/edgar/data/1283699/0001193125-25-312010.txt
0000764180-25-000133,executive_compensation_change,MO,2025-12-11,True,0.0,,"In connection with her election, Ms. Newman received a special grant of restricted stock units ('RSUs') valued at $1,500,000. The RSUs will vest on November 20, 2030.",https://www.sec.gov/Archives/edgar/data/764180/0000764180-25-000133.txt
0001193125-25-315973,executive_compensation_change,BK,2025-12-11,True,0.0,,"On December 8, 2025, the Human Resources and Compensation Committee (""HRCC"") of the Company unanimously voted to award the Company's Chairman and Chief Executive Officer, Robin Vince, an equity award (the ""Award""), consisting of Restricted Stock Units (""RSUs"") with a grant date value of $25.0 million and 869,263 stock options. The RSUs will vest and the options will become exercisable in two equal installments on the fifth and sixth anniversaries of the grant date, subject to Mr. Vince's continued employment with the Company through the applicable vesting date.",https://www.sec.gov/Archives/edgar/data/1390777/0001193125-25-315973.txt
0001104659-25-120496,executive_compensation_change,DUK,2025-12-12,True,0.0,,"The Compensation and People Development Committee of the Board of Directors of Duke Energy, effective as of March 1, 2026, approved Ms. Motsinger's total direct compensation, consisting of an annual base salary of $408,361, a short-term incentive opportunity of 50% of her annual base salary, and a long-term incentive opportunity of 95% of her annual base salary.",https://www.sec.gov/Archives/edgar/data/1326160/0001104659-25-120496.txt
0000002488-25-000182,executive_compensation_change,AMD,2025-12-15,True,0.0,low,"Pursuant to an offer letter dated November 12, 2025, between Mrs. Ellis and AMD (the ""Offer Letter""), Mrs. Ellis' base salary will be $425,000, and she will be eligible for an annual performance bonus target amount of 70% of her base salary under AMD's Annual Incentive Plan. Mrs. Ellis will also receive a cash sign-on bonus of $300,000, as well as a restricted stock unit award with a target value of $3,000,000 to be granted under AMD's 2023 Equity Incentive Plan.",https://www.sec.gov/Archives/edgar/data/2488/0000002488-25-000182.txt
0001628280-25-058790,executive_compensation_change,CMCSA,2025-12-23,True,0.0,,"Under the terms of the Agreement, Mr. Cavanagh will be entitled to an annual base salary of $2,750,000; his annual performance-based cash bonus target will continue to be 300% of his base salary. In connection with entering into the Agreement, Mr. Cavanagh also received an award of performance-based restricted stock units (the ""Performance Award"") that was valued at approximately $35 million, with the number of shares determined by using a five-day volume weighted-average price of Class A common stock for the period ending the day before the record date for the planned Versant spin-off.",https://www.sec.gov/Archives/edgar/data/1166691/0001628280-25-058790.txt
0001373715-25-000335,executive_compensation_change,NOW,2025-12-23,True,0.0,,"On December 23, 2025, ServiceNow, Inc. entered into an amendment to the previously filed employment agreement with William R. McDermott, Chairman and Chief Executive Officer. The amendment sets forth that in Mr. McDermott's role as CEO or co-CEO, his total compensation will be commensurate with the performance of the Company against its compensation peer group and, should he move into the role of Executive Chairman, his compensation will be commensurate with the level of responsibilities he is performing in the role.",https://www.sec.gov/Archives/edgar/data/1373715/0001373715-25-000335.txt
0000796343-24-000024,equity_compensation_grant,ADBE,2024-01-26,True,0.0,,"The target and maximum awards for the Performance Shares granted by the Committee to the Company's principal executive officer, the principal financial officer and the other named executive officers on January 24, 2024 are set forth below. [Table showing: Shantanu Narayen - 47,210 target / 94,420 maximum; Daniel Durn - 10,408 target / 20,816 maximum; Anil Chakravarthy - 16,320 target / 32,640 maximum; David Wadhwani - 16,320 target / 32,640 maximum; Scott Belsky - 9,159 target / 18,318 maximum]",https://www.sec.gov/Archives/edgar/data/796343/0000796343-24-000024.txt
0001140361-24-006724,equity_compensation_grant,AVGO,2024-02-09,True,0.0,,"Mr. Hao was granted an initial restricted stock unit (""RSU"") award with a value of $53,279 on February 5, 2024, which will vest in full on the earlier of (i) the first anniversary of the grant date or (ii) the date on which Broadcom's annual meeting of stockholders immediately following the grant date is held, subject to his continued service on the Board.",https://www.sec.gov/Archives/edgar/data/1730168/0001140361-24-006724.txt
0001193125-24-040151,equity_compensation_grant,TXN,2024-02-20,True,0.0,,"As a new director, Dr. DesRoches will receive (i) a one-time initial equity award of restricted stock units with a grant-date value of approximately $230,000, and (ii) a pro rata portion of the $110,000 annual retainer for his service through the remaining portion of the year.",https://www.sec.gov/Archives/edgar/data/97476/0001193125-24-040151.txt
0001193125-24-062267,equity_compensation_grant,GD,2024-03-07,True,0.0,,"The Compensation Committee of the Board of Directors of the company approved: (i) certain equity-based awards for Mr. Roualet with a grant date of March 6, 2024, comprised of non-statutory stock options and restricted stock units (collectively, the ""Grants"") under the company's Amended and Restated 2012 Equity Compensation Plan.",https://www.sec.gov/Archives/edgar/data/40533/0001193125-24-062267.txt
0000066740-24-000029,equity_compensation_grant,MMM,2024-03-12,True,0.0,,"In consideration of Mr. Brown's execution of the Protective Covenant Agreement and as an inducement for him to join 3M, the Offer Letter provides that he will receive (i) a special one-time inducement restricted stock unit grant covering a number of shares of 3M common stock determined by dividing $2,500,000 by the closing sales price... (ii) a special one-time inducement 2024 performance share award... (iii) a pro rata 2024 performance share award... and (iv) a pro rata 2024 stock option award.",https://www.sec.gov/Archives/edgar/data/66740/0000066740-24-000029.txt
0000950157-24-000595,equity_compensation_grant,DIS,2024-04-09,True,0.0,,"The Company's shareholders approved an amendment and restatement of the Company's Amended and Restated 2011 Stock Incentive Plan (the '2011 Plan') to increase the number of shares of the Company's common stock authorized for issuance thereunder by 115 million shares, from an aggregate of 179 million shares to 294 million shares.",https://www.sec.gov/Archives/edgar/data/1744489/0000950157-24-000595.txt
0001193125-24-100832,equity_compensation_grant,USB,2024-04-18,True,0.0,,"The shareholders of U.S. Bancorp approved the U.S. Bancorp 2024 Stock Incentive Plan (the '2024 Plan') at the Company's 2024 annual meeting of shareholders. The 2024 Plan permits the granting of stock options that are not qualified under Section 422 of the Internal Revenue Code of 1986, as amended, stock appreciation rights, restricted stock and restricted stock units, performance awards, dividend equivalents, stock awards not subject to restrictions, and other stock-based awards to any employee, officer, or non-employee director providing services to the Company or any of its affiliates.",https://www.sec.gov/Archives/edgar/data/36104/0001193125-24-100832.txt
0001104659-24-056383,equity_compensation_grant,C,2024-05-02,True,0.0,,The amendments to the 2019 Plan (i) extend the term of the 2019 Plan by five years to a date ending on the date of the 2029 Annual Meeting of Stockholders; (ii) increase the authorized number of shares available for grant under the 2019 Plan by 30 million,https://www.sec.gov/Archives/edgar/data/831001/0001104659-24-056383.txt
0001552781-24-000261,equity_compensation_grant,KO,2024-05-02,True,0.0,,"The 2024 Plan authorizes the following types of awards to be made to employees, officers or Directors of the Company and its consolidated subsidiaries: (1) stock options, (2) stock appreciation rights (""SARs""), (3) restricted stock and restricted stock units, (4) performance awards, and (5) other stock-based awards. The aggregate number of shares of Common Stock reserved and available for issuance pursuant to awards granted under the 2024 Plan is 240,000,000.",https://www.sec.gov/Archives/edgar/data/21344/0001552781-24-000261.txt
0000004962-24-000038,equity_compensation_grant,AXP,2024-05-08,True,0.0,,"At the Annual Meeting, the Company's shareholders approved the Second Amended and Restated American Express Company 2016 Incentive Compensation Plan (as amended and restated, the 'Plan') to, among other things, increase the number of common shares of the Company available for issuance under the Plan by 15 million shares and extend the expiration date of the Plan to May 6, 2034.",https://www.sec.gov/Archives/edgar/data/4962/0000004962-24-000038.txt
0000032604-24-000021,equity_compensation_grant,EMR,2024-05-08,True,0.0,,"On the Effective Date, Mr. Butler will receive an award of restricted stock units (""RSU""), representing a $87,500 pro rata award of the $175,000 RSU portion of the annual retainer previously paid to all non-management directors.",https://www.sec.gov/Archives/edgar/data/32604/0000032604-24-000021.txt
0001193125-24-141821,equity_compensation_grant,BLK,2024-05-17,True,0.0,low,"The shareholders approved the BlackRock, Inc. Third Amended and Restated 1999 Stock Award and Incentive Plan (the 'Restated Plan') which (i) extends the term of the Restated Plan for ten years, (ii) increases the number of shares of BlackRock common stock authorized for issuance under the Restated Plan by 7,000,000 shares, and (iii) makes certain other clarifying and conforming plan changes and updates.",https://www.sec.gov/Archives/edgar/data/1364742/0001193125-24-141821.txt
0001633917-24-000073,equity_compensation_grant,PYPL,2024-05-28,True,0.0,,"The stockholders, upon the recommendation of the Company's Board of Directors, approved the amendment and restatement of the PayPal Holdings, Inc. 2015 Equity Incentive Award Plan. The Amended Equity Plan increased the number of shares of common stock of the Company reserved for issuance under the 2015 Plan by an additional 20 million Shares.",https://www.sec.gov/Archives/edgar/data/1633917/0001633917-24-000073.txt
0000858877-24-000010,equity_compensation_grant,CSCO,2024-06-14,True,0.0,,"Upon her appointment, pursuant to the Board's equity grant policy for non-employee directors, Ms. Singh-Bushell automatically received a fully vested initial non-employee director equity award under Cisco's 2005 Stock Incentive Plan with a grant date fair value equal to a pro rata portion of $245,000 based on the portion of the year of her board service.",https://www.sec.gov/Archives/edgar/data/858877/0000858877-24-000010.txt
0000950142-24-001825,equity_compensation_grant,GE,2024-07-01,True,0.0,low,"The one-time equity performance award granted on July 1, 2024 is exclusively performance-based, in the form of performance stock units ('PSUs'). At target, the award represents 310,289 shares of common stock, with 0% to 150% of the target PSUs eligible to become earned based on the compound annual growth rate for adjusted earnings per share (EPS CAGR) over four fiscal years ending with, and subject to the satisfaction of service conditions through, December 31, 2027.",https://www.sec.gov/Archives/edgar/data/40545/0000950142-24-001825.txt
0000896878-24-000032,equity_compensation_grant,INTU,2024-07-25,True,0.0,,"Mr. Norrod will receive compensation for services as a non-employee director of the Company consistent with the compensation generally provided to other non-employee directors of the Company. This compensation includes a grant of restricted stock units with a grant date fair value of approximately $108,333 on July 25, 2024.",https://www.sec.gov/Archives/edgar/data/896878/0000896878-24-000032.txt
0000012927-24-000058,equity_compensation_grant,BA,2024-07-31,True,0.0,,"The Board also approved the following awards for Mr. Ortberg, which will be granted as of the Transition Date: A cash award of $1,250,000, payable in December 2024; An award of restricted stock units valued at approximately $8,000,000, which will vest in three annual installments; and An award of a performance option valued at approximately $8,000,000, which will vest in three installments of 25%, 25%, and 50% on each of the second, third and fourth anniversaries of the grant date.",https://www.sec.gov/Archives/edgar/data/12927/0000012927-24-000058.txt
0000804328-24-000064,equity_compensation_grant,QCOM,2024-10-09,True,0.0,,"Under the Director Compensation Plan, on October 8, 2024, Ms. Myers was granted 677 deferred stock units (DSUs), representing a pro rata portion of the value of a DSU award for a full year of service on the Board.",https://www.sec.gov/Archives/edgar/data/804328/0000804328-24-000064.txt
0001045810-24-000300,equity_compensation_grant,NVDA,2024-11-07,True,0.0,,"In connection with her appointment to the Board, Dr. Ochoa will be granted pursuant to our Amended and Restated 2007 Equity Incentive Plan, or the 2007 Plan: (a) an initial equity grant of 1,848 restricted stock units, vesting approximately semi-annually over three years, and (b) a pro-rated annual equity grant of 1,321 restricted stock units, all of which will vest on May 21, 2025.",https://www.sec.gov/Archives/edgar/data/1045810/0001045810-24-000300.txt
0001193125-24-260405,equity_compensation_grant,CVS,2024-11-18,True,0.0,,"On November 12, 2024, the MP&D Committee approved one time promotion stock awards for each of Mr. Joyner and Mr. Shah and a one-time retention award for Tilak Mandadi. The awards to Mr. Joyner and Mr. Shah are in the form of premium-priced stock options to acquire shares of Company common stock, with a grant date value of $12,000,000, in the case of Mr. Joyner, and $6,000,000, in the case of Mr. Shah.",https://www.sec.gov/Archives/edgar/data/64803/0001193125-24-260405.txt
0001193125-25-072357,equity_compensation_grant,TMUS,2025-04-03,True,0.0,low,"Each executive is eligible to vest in a number of PRSUs ranging from 80% to 120% of the target number of PRSUs granted, based on the Company's core adjusted EBITDA during the one-year performance period commencing on January 1, 2027 and ending on (and including) December 31, 2027, subject to the executive's continued employment with the Company and its affiliates through April 1, 2028. Each vested PRSU represents the right to receive payment in the form of one share of common stock of the Company.",https://www.sec.gov/Archives/edgar/data/1283699/0001193125-25-072357.txt
0000804328-25-000034,equity_compensation_grant,QCOM,2025-05-13,True,0.0,,"Under the Director Compensation Plan, on May 12, 2025, Mr. Young was granted 1,748 deferred stock units (DSUs), representing a pro rata portion of the value of a DSU award for a full year of service on the Board.",https://www.sec.gov/Archives/edgar/data/804328/0000804328-25-000034.txt
0000927628-25-000201,equity_compensation_grant,COF,2025-06-05,True,0.0,,"Mr. Fairbank was granted 153,351 RSUs, which had a grant date value of approximately $30.0 million. Mr. Fairbank's Award will vest in full on June 3, 2030, and will settle 50% in cash based on the Company's average stock price over the fifteen trading days preceding the vesting date, and 50% in stock. The Named Executive Officers were granted the following numbers of RSUs with the following approximate grant date values: Andrew M. Young: 15,336 RSUs ($3.0 million), Frank G. LaPrade, III: 12,780 RSUs ($2.5 million), Matthew W. Cooper: 28,115 RSUs ($5.5 million), and Sanjiv Yajnik: 12,780 RSUs ($2.5 million).",https://www.sec.gov/Archives/edgar/data/927628/0000927628-25-000201.txt
0001065280-25-000287,equity_compensation_grant,NFLX,2025-06-24,True,0.0,,"Ms. Mertz, like the Company's other non-employee directors, will receive stock options pursuant to the Director Equity Compensation Plan. The Director Equity Compensation Plan provides for a monthly grant of stock options to each non-employee director of the Company in consideration for services provided to the Company and subject to the terms and conditions of the Company's 2020 Stock Plan. The actual number of options to be granted will be determined by the following formula: $25,000 / ([fair market value on the date of grant] x 0.40).",https://www.sec.gov/Archives/edgar/data/1065280/0001065280-25-000287.txt
0001193125-25-153573,equity_compensation_grant,BLK,2025-07-01,True,0.0,,"In addition, certain restricted stock units relating to shares of the Company's common stock (""RSUs"") were issued to HPS employees, subject to certain vesting conditions.",https://www.sec.gov/Archives/edgar/data/2012383/0001193125-25-153573.txt
0000012927-25-000050,equity_compensation_grant,BA,2025-07-03,True,0.0,,"Mr. Malave will receive (1) a cash award of $1,500,000, subject to full repayment if he voluntarily leaves the Company within two years of commencement of employment; (2) an award of restricted stock units with a grant date value of $5,000,000 to vest in two equal installments on the first and second anniversaries of the grant date; and (3) an award of premium-priced non-qualified stock options to purchase shares of the Company's common stock with a grant date value of $4,500,000 to vest on the third anniversary of the grant date.",https://www.sec.gov/Archives/edgar/data/12927/0000012927-25-000050.txt
0000950142-25-002041,equity_compensation_grant,CVX,2025-07-29,True,0.01,,"On July 28, 2025, the Board also approved a prorated grant to Mr. Hess of the annual restricted stock unit award granted to non-employee Directors under the Chevron Non-Employee Directors' Equity Compensation and Deferral Plan (the ""NED Plan""), to be granted on the Effective Date. The number of restricted stock units to be received by Mr. Hess is equal to the product of (x) $235,000 and (y) a fraction, the numerator of which is the number of days remaining in the Annual Compensation Cycle.",https://www.sec.gov/Archives/edgar/data/93410/0000950142-25-002041.txt
0001104659-25-073263,equity_compensation_grant,TSLA,2025-08-04,True,0.0,,"On August 3, 2025, the Company approved an award of 96 million shares of restricted stock (the '2025 CEO Interim Award') to Mr. Musk under the Company's 2019 Equity Incentive Plan. The shares underlying the 2025 CEO Interim Award will be issued upon termination or expiration of the waiting period or periods under the Hart-Scott-Rodino Antitrust Improvements Act of 1976.",https://www.sec.gov/Archives/edgar/data/1318605/0001104659-25-073263.txt
0000804328-25-000054,equity_compensation_grant,QCOM,2025-09-02,True,0.0,,"Under the Director Compensation Plan, on September 2, 2025, Dr. Kolter was granted 1,049 deferred stock units (DSUs), representing a pro rata portion of the value of a DSU award for a full year of service on the Board.",https://www.sec.gov/Archives/edgar/data/804328/0000804328-25-000054.txt
0001193125-25-199281,equity_compensation_grant,AVGO,2025-09-09,True,0.0,,"The independent members of the Board granted Mr. Tan an award (the 'Tan PSU Award') of performance stock units (the 'PSUs') as part of the annual equity award program. The target number of Shares subject to the Tan PSU Award is 610,521 Shares (the 'Target PSUs') and the actual number of Shares earned by Mr. Tan on the Final Vesting Date (the 'Earned PSUs') will be the product of multiplying the Payout Percentage by the Target PSUs.",https://www.sec.gov/Archives/edgar/data/1730168/0001193125-25-199281.txt
0001193125-25-228346,equity_compensation_grant,FDX,2025-10-02,True,0.0,,"On September 28, 2025, the Compensation & HR Committee approved the one-time grant of performance stock units ('PSUs') to FedEx's executive officers other than the executive Chairman to be settled in shares of FedEx common stock. The PSUs will conditionally vest on December 31, 2028 subject to the achievement of the performance metric discussed below and accrue dividend equivalent rights that are reinvested in additional PSUs.",https://www.sec.gov/Archives/edgar/data/1048911/0001193125-25-228346.txt
0000034088-25-000063,equity_compensation_grant,XOM,2025-11-03,True,0.0,,"As with other non-employee directors of the Corporation, Mr. Garland will receive an initial one-time grant of 8,000 shares of restricted ExxonMobil common stock under the Corporation's 2004 Non-Employee Director Restricted Stock Plan.",https://www.sec.gov/Archives/edgar/data/34088/0000034088-25-000063.txt
0001091667-25-000171,equity_compensation_grant,CHTR,2025-12-05,True,0.0,,"On December 3, 2025, the Compensation and Benefits Committee approved the grant of a one-time contingent equity award to all Executive Vice Presidents, including all of the Named Executive Officers. The grant date value of the award for each executive will be equal to 1.5 times the executive's annual long-term incentive target and will be comprised of 50% stock options and 50% restricted stock units (RSUs).",https://www.sec.gov/Archives/edgar/data/1271833/0001091667-25-000171.txt
0000829224-24-000003,director_appointment,SBUX,2024-01-09,True,0.01,,"On January 9, 2024, the Board of Directors of Starbucks Corporation increased the number of directors from eight to 11 and appointed Neal Mohan, Daniel Javier Servitje Montull, and Michael Sievert to serve as directors on the Board, effective immediately. Mr. Servitje was appointed to serve on the Company's Environmental, Partner, and Community Impact Committee.",https://www.sec.gov/Archives/edgar/data/829224/0000829224-24-000003.txt
0000019617-24-000079,director_appointment,JPM,2024-01-16,True,0.0,,"JPMorgan Chase & Co. elected Mark Weinberger as a director, effective January 16, 2024, and the Board of Directors appointed him as a member of the Audit Committee. Mr. Weinberger was Global Chairman and Chief Executive Officer of Ernst & Young from 2013 to 2019.",https://www.sec.gov/Archives/edgar/data/19617/0000019617-24-000079.txt
0001103982-24-000016,director_appointment,MDLZ,2024-02-02,True,0.0,,"On February 1, 2024, we increased the size of the Mondelēz International Board of Directors (the ""Board"") from 10 to 11 members and appointed Brian J. McNamara to the Board. Mr. McNamara is currently Chief Executive Officer of Haleon plc (formerly GSK ConsumerHealthcare). Our Board appointed Mr. McNamara to serve as a member of the People and Compensation Committee and as a member of the Governance, Membership and Sustainability Committee.",https://www.sec.gov/Archives/edgar/data/1103982/0001103982-24-000016.txt
0001104659-24-010051,director_appointment,GILD,2024-02-02,True,0.0,,"On February 1, 2024, at a meeting of the Board of Directors (the ""Board"") of Gilead Sciences, Inc. (the ""Company""), the Board increased the size of the Board from nine directors to ten directors and elected Ted W. Love, M.D., to serve on the Board, effective immediately after the close of such meeting. The Board also selected Dr. Love to serve on the Audit Committee of the Board, effective immediately upon the conclusion of the 2024 Annual Meeting of Stockholders.",https://www.sec.gov/Archives/edgar/data/882095/0001104659-24-010051.txt
0001326801-24-000019,director_appointment,META,2024-02-14,True,0.03,,"On February 13, 2024, the Board of Directors (the ""Board"") of Meta Platforms, Inc. (the ""Company"") elected John Arnold and Hock Tan as members of the Board, effective immediately. The Board also appointed Messrs. Arnold and Tan as members of the Audit & Risk Oversight Committee of the Board, effective immediately.",https://www.sec.gov/Archives/edgar/data/1326801/0001326801-24-000019.txt
0001157523-24-000262,director_appointment,CL,2024-02-15,True,0.0,,"On February 15, 2024, the Board of Directors (the ""Board"") of Colgate-Palmolive Company (""Colgate"") elected Brian Newman, Executive Vice President and Chief Financial Officer of United Parcel Service, Inc. (""UPS""), to the Colgate Board, effective March 15, 2024. Mr. Newman, 55, will bring extensive financial and global business leadership experience and expertise in the consumer products industry to Colgate's Board. Prior to joining UPS in 2019, Mr. Newman spent 26 years at PepsiCo, Inc. (""PepsiCo""), where he served in a variety of finance leadership roles spanning Europe, Asia and North and South America.",https://www.sec.gov/Archives/edgar/data/21665/0001157523-24-000262.txt
0001193125-24-040151,director_appointment,TXN,2024-02-20,True,0.0,,"On February 15, 2024, the Board of Directors of Texas Instruments Incorporated (TI) elected Reginald DesRoches to the Board of Directors of TI and to the Board's Audit Committee effective March 1, 2024.",https://www.sec.gov/Archives/edgar/data/97476/0001193125-24-040151.txt
0001099219-24-000040,director_appointment,MET,2024-02-28,True,0.01,,"On February 27, 2024, the Board of Directors (the ""Board"") of MetLife, Inc. (the ""Company"") elected Laura J. Hay a director of the Company and appointed Ms. Hay to its Audit Committee and its Finance and Risk Committee, effective immediately. The Board has affirmatively determined that Ms. Hay is an independent director.",https://www.sec.gov/Archives/edgar/data/1099219/0001099219-24-000040.txt
0001654954-24-002268,director_appointment,LIN,2024-02-28,True,0.0,,"On February 27, 2024, the Board of Directors elected Paula Rosput Reynolds as a new independent member of the Board of Directors of Linde plc effective on that date. Ms. Reynolds will serve on the Audit Committee and the Sustainability Committee.",https://www.sec.gov/Archives/edgar/data/1707925/0001654954-24-002268.txt
0000927628-24-000103,director_appointment,COF,2024-02-29,True,0.0,,"On February 28, 2024, the Board of Directors (the ""Board"") of Capital One Financial Corporation (the ""Company"") appointed Suni P. Harford to serve as a director, effective April 1, 2024. The size of the Board was increased to thirteen members in connection with the appointment. Ms. Harford has been appointed to serve on the Audit Committee and the Risk Committee of the Board and will stand for election by the Company's stockholders at the Annual Meeting of Stockholders in May 2024.",https://www.sec.gov/Archives/edgar/data/927628/0000927628-24-000103.txt
0000732717-24-000012,director_appointment,T,2024-03-01,True,0.01,,"On March 1, 2024, the Board of Directors (the ""Board"") of AT&T Inc. increased the size of the Board from 10 to 11 members and elected Marissa A. Mayer as a Director to fill the resulting vacancy, effective immediately. The Board appointed Ms. Mayer to the Audit and Corporate Development and Finance Committees.",https://www.sec.gov/Archives/edgar/data/732717/0000732717-24-000012.txt
0000050863-24-000036,director_appointment,INTC,2024-03-13,True,0.02,,"On March 12, 2024, the Board appointed Stacy J. Smith to the Board, effective immediately. The Board determined that Mr. Smith qualifies as ""independent"" in accordance with the published listing requirements of Nasdaq, and he has been appointed to the Audit & Finance Committee. Mr. Smith was selected as a director based on his extensive experience in the semiconductor industry, as a chief financial officer and as a public company director.",https://www.sec.gov/Archives/edgar/data/50863/0000050863-24-000036.txt
0001053507-24-000067,director_appointment,AMT,2024-03-14,True,0.01,,"On March 14, 2024, the Board elected Neville R. Ray as a director, effective immediately. Mr. Ray most recently served as T-Mobile USA's President of Technology until 2023. Mr. Ray joined T-Mobile USA (then VoiceStream) in April 2000 and from December 2010 to November 2019, served as its Chief Technology Officer.",https://www.sec.gov/Archives/edgar/data/1053507/0001053507-24-000067.txt
0001035267-24-000171,director_appointment,ISRG,2024-04-30,True,0.0,,"On April 25, 2024, the Board of Directors (the ""Board"") appointed Lewis Chew to succeed Mark J. Rubash as Chair of the Audit Committee. This appointment took effect on April 25, 2024, in conjunction with Mr. Chew's election to the Board at the 2024 Annual Meeting of Stockholders.",https://www.sec.gov/Archives/edgar/data/1035267/0001035267-24-000171.txt
0000896878-24-000021,director_appointment,INTU,2024-05-02,True,0.0,,"On May 2, 2024, the Board of Directors (the ""Board"") of Intuit Inc. (the ""Company"") appointed Vasant Prabhu as a director of the Company, and the number of directors constituting the full Board was increased from 11 to 12. Mr. Prabhu was appointed to serve on the Acquisition Committee and the Audit and Risk Committee of the Board.",https://www.sec.gov/Archives/edgar/data/896878/0000896878-24-000021.txt
0000032604-24-000021,director_appointment,EMR,2024-05-08,True,0.0,,"On May 7, 2024, the Board of Directors of Emerson Electric Co. (the ""Company"") elected Calvin G. Butler, Jr. as a Director of the Company, effective as of August 1, 2024 (the ""Effective Date""). Mr. Butler was also appointed to serve as a member of the Corporate Governance and Nominating Committee, as of the Effective Date.",https://www.sec.gov/Archives/edgar/data/32604/0000032604-24-000021.txt
0000936468-24-000064,director_appointment,LMT,2024-05-22,True,0.0,,"On May 21, 2024, the Board of Directors of Lockheed Martin Corporation (the ""Company"") elected Dr. Heather Wilson as a director of the Company, effective May 22, 2024. Dr. Wilson will serve on the Company's Classified Business and Security Committee.",https://www.sec.gov/Archives/edgar/data/936468/0000936468-24-000064.txt
0000064803-24-000019,director_appointment,CVS,2024-05-22,True,0.0,,"At the Annual Meeting, the 12 nominees for director were elected to the Company's Board of Directors for a term of one year. The election, for one-year terms, of persons nominated for election as directors of the Company, as set forth in the Company's Proxy Statement, was approved by the following votes: Fernando Aguirre, Jeffrey R. Balser, M.D., Ph.D., C. David Brown II, Alecia A. DeCoudreaux, Nancy-Ann M. DeParle, Roger N. Farah, Anne M. Finucane, J. Scott Kirby, Karen S. Lynch, Michael F. Mahoney, Jean-Pierre Millon, Mary L. Schapiro.",https://www.sec.gov/Archives/edgar/data/64803/0000064803-24-000019.txt
0001053507-24-000095,director_appointment,AMT,2024-05-24,True,0.0,,"On May 23, 2024, the Board of Directors (the ""Board"") of American Tower Corporation (the ""Company"") appointed Neville R. Ray to the Compensation Committee of the Board. The Board had previously elected Mr. Ray as a director on March 14, 2024.",https://www.sec.gov/Archives/edgar/data/1053507/0001053507-24-000095.txt
0001193125-24-153221,director_appointment,AMGN,2024-06-03,True,0.0,,"On May 31, 2024, the Board appointed Dr. Klotman, a newly elected director, to serve on the Corporate Responsibility and Compliance Committee and the Governance and Nominating Committee, effective June 1, 2024.",https://www.sec.gov/Archives/edgar/data/318154/0001193125-24-153221.txt
0000858877-24-000010,director_appointment,CSCO,2024-06-14,True,0.0,,"On June 12, 2024, the Board of Directors (the ""Board"") of Cisco Systems, Inc. (""Cisco"") appointed Ekta Singh-Bushell, former Deputy to the First Vice President, Chief Operating Officer, Executive Office at the Federal Reserve Bank of New York, as a member of the Board effective June 14, 2024. In connection with her appointment, the Board determined that Ms. Singh-Bushell is ""independent"" under the applicable listing standards of The Nasdaq Stock Market LLC. The Board has also appointed Ms. Singh-Bushell to serve as a member of both the Audit Committee and the Environmental, Social, and Public Policy Committee.",https://www.sec.gov/Archives/edgar/data/858877/0000858877-24-000010.txt
0001140361-24-030533,director_appointment,BMY,2024-06-18,True,0.0,,"On June 18, 2024, the Board of Directors (the ""Board"") of Bristol-Myers Squibb Company (the ""Company"") elected Mr. Michael R. McMullen to serve as a member of the Board, effective July 1, 2024. Mr. McMullen is 63 years old and has more than 20 years of executive experience and leadership skills managing large businesses and global operations as well as a proven track record of delivering excellent shareholder returns. He will serve as a member of the Audit Committee, effective July 1, 2024.",https://www.sec.gov/Archives/edgar/data/14272/0001140361-24-030533.txt
0001193125-24-166956,director_appointment,GS,2024-06-24,True,0.0,,"Effective June 24, 2024, The Goldman Sachs Group, Inc. (the Registrant) appointed John B. Hess as an independent member of the Registrant's Board of Directors. Mr. Hess has also been appointed to each of the Registrant's Compensation, Corporate Governance and Nominating, and Risk Committees.",https://www.sec.gov/Archives/edgar/data/886982/0001193125-24-166956.txt
0001633917-24-000084,director_appointment,PYPL,2024-06-28,True,0.0,,"On June 25, 2024, the Board of Directors (the ""Board"") of PayPal Holdings, Inc. (the ""Company"") appointed Carmine Di Sibio as a new member of the Company's Board, effective July 1, 2024. Mr. Di Sibio fills a vacancy created by an increase in the size of the Board from 11 to 12, and his term of office will expire at the Company's 2025 annual meeting of stockholders or when his successor has been elected and qualified. As a non-employee director, Mr. Di Sibio will be entitled to receive compensation as described under ""Director Compensation"" in the Company's definitive proxy statement filed with the Securities and Exchange Commission on April 9, 2024. The Board has also appointed Mr. Di Sibio to the Audit, Risk and Compliance Committee of the Board, effective July 1, 2024.",https://www.sec.gov/Archives/edgar/data/1633917/0001633917-24-000084.txt
0000078003-24-000127,director_appointment,PFE,2024-07-01,True,0.01,,"On June 27, 2024, the Board of Directors (the ""Board"") of Pfizer Inc. (the ""Company"") elected Cyrus Taraporevala to serve as a member of the Company's Board, effective immediately. In addition, he was appointed to and will join the Audit Committee and the Compensation Committee of the Board.",https://www.sec.gov/Archives/edgar/data/78003/0000078003-24-000127.txt
0000753308-24-000044,director_appointment,NEE,2024-07-10,True,0.0,,"On July 9, 2024, NextEra Energy, Inc.'s (NEE) Board of Directors (Board) approved an increase in the size of the Board from eleven to twelve members and, upon the recommendation of the Governance & Nominating Committee of the Board, appointed Geoffrey S. Martha to fill the newly created directorship. In addition, on the same date, the Board approved the appointment of Mr. Martha to the Finance & Investment Committee of the Board.",https://www.sec.gov/Archives/edgar/data/753308/0000753308-24-000044.txt
0001193125-24-179705,director_appointment,USB,2024-07-16,True,0.02,,"On July 16, 2024, the Board of Directors of U.S. Bancorp (the ""Company"") elected Aleem Gillani as a director of the Company, effective immediately. Mr. Gillani will serve on the Audit and Risk Management Committees. He will receive compensation in accordance with the Company's standard compensation arrangements for non-employee directors.",https://www.sec.gov/Archives/edgar/data/36104/0001193125-24-179705.txt
0000896878-24-000032,director_appointment,INTU,2024-07-25,True,0.0,,"On July 24, 2024, the Board of Directors (the ""Board"") of Intuit Inc. (the ""Company"") appointed Forrest Norrod as a director of the Company, and the number of directors constituting the full Board was increased from 12 to 13. Mr. Norrod was appointed to serve on the Acquisition Committee and the Audit and Risk Committee of the Board.",https://www.sec.gov/Archives/edgar/data/896878/0000896878-24-000032.txt
0000012927-24-000058,director_appointment,BA,2024-07-31,True,0.0,,"On July 30, 2024, the Board of Directors (the ""Board"") of The Boeing Company (the ""Company"") elected Robert K. (Kelly) Ortberg to serve as President and Chief Executive Officer and as a member of the Board, in each case effective as of August 8, 2024 (the ""Transition Date"").",https://www.sec.gov/Archives/edgar/data/12927/0000012927-24-000058.txt
0001193125-24-200724,director_appointment,SBUX,2024-08-14,True,0.0,,"In connection with Mr. Niccol's appointment as chairman of the Board, the Board created a lead independent director position for the Board and, on August 11, 2024, appointed Mellody Hobson, who is the current chairman of the Board, as lead independent director, effective on the Effective Date.",https://www.sec.gov/Archives/edgar/data/829224/0001193125-24-200724.txt
0000104169-24-000132,director_appointment,WMT,2024-08-15,True,0.0,,"Effective as of August 15, 2024, the Board of Directors (the ""Board"") of Walmart Inc. (""Walmart"") appointed Robert E. Moritz, Jr. as a member of the Board. Mr. Moritz will become a member of the Audit Committee and the Technology and eCommerce Committee of the Board.",https://www.sec.gov/Archives/edgar/data/104169/0000104169-24-000132.txt
0001104659-24-096032,director_appointment,COP,2024-09-03,True,0.0,,"On September 3, 2024, the Board of Directors (the ""Board"") of ConocoPhillips (the ""Company"") voted to increase the size of the Board from 11 members to 12 members and to elect Ms. Nelda J. Connors to the Board of the Company, to serve until her successor shall have been duly elected and qualified or until her earlier resignation or removal. The Board appointed Ms. Connors to serve as a member of the Audit and Finance Committee and the Public Policy and Sustainability Committee.",https://www.sec.gov/Archives/edgar/data/1163165/0001104659-24-096032.txt
0000320187-24-000053,director_appointment,NKE,2024-09-19,True,0.01,,"the Board of Directors of the Company (the ""Board"") has appointed Elliott Hill as President and Chief Executive Officer (""CEO"") of the Company, as a member of the Board and as a member of the Executive Committee of the Board.",https://www.sec.gov/Archives/edgar/data/320187/0000320187-24-000053.txt
0000804328-24-000064,director_appointment,QCOM,2024-10-09,True,0.0,,"On October 8, 2024, the Board of Directors (the ""Board"") of QUALCOMM Incorporated (the ""Company"") elected Marie Myers, who currently serves as Executive Vice President and Chief Financial Officer of Hewlett Packard Enterprise Company, to the Board. Ms. Myers was elected for a term of office that expires at the Company's next annual meeting of stockholders. The Board also appointed Ms. Myers to its Audit Committee.",https://www.sec.gov/Archives/edgar/data/804328/0000804328-24-000064.txt
0000018230-24-000047,director_appointment,CAT,2024-10-11,True,0.0,,"On October 11, 2024, Caterpillar Inc. (the ""Company"") announced that, on October 9, 2024, the Board of Directors (the ""Board"") of the Company appointed Nazzic Keene to serve on the Board, effective November 1, 2024. In addition to serving as a Board member, Ms. Keene will serve as a member of the Board's Nominating & Governance Committee and Compensation & Human Resources Committee.",https://www.sec.gov/Archives/edgar/data/18230/0000018230-24-000047.txt
0000078003-24-000185,director_appointment,PFE,2024-10-15,True,0.02,,"On October 10, 2024, the Board of Directors (the ""Board"") of Pfizer Inc. (the ""Company"") elected Mortimer J. Buckley to serve as a member of the Company's Board, effective immediately. In addition, he was elected to the Governance & Sustainability Committee and the Audit Committee of the Board.",https://www.sec.gov/Archives/edgar/data/78003/0000078003-24-000185.txt
0000021344-24-000051,director_appointment,KO,2024-10-17,True,0.01,,"On October 17, 2024, the Board of Directors (the ""Board"") of The Coca-Cola Company (the ""Company"") increased the size of the Board to 12 members and elected Bela Bajaria as a Director of the Company, effective immediately. Ms. Bajaria was also appointed to the Board's Talent and Compensation Committee.",https://www.sec.gov/Archives/edgar/data/21344/0000021344-24-000051.txt
0000019617-24-000595,director_appointment,JPM,2024-10-17,True,0.0,,"JPMorgan Chase & Co. elected Brad Smith as a director, effective January 21, 2025. Mr. Smith is the President of Marshall University and served as Chief Executive Officer of Intuit from 2008 to 2018.",https://www.sec.gov/Archives/edgar/data/19617/0000019617-24-000595.txt
0001193125-24-239193,director_appointment,CVS,2024-10-18,True,0.0,,"In connection with Mr. Joyner's appointment as President and Chief Executive Officer of the Company, the Board appointed Mr. Joyner as a member of the Board and the Executive Committee of the Board.",https://www.sec.gov/Archives/edgar/data/64803/0001193125-24-239193.txt
0001558370-24-014080,director_appointment,DE,2024-11-01,True,0.02,,"On November 1, 2024, the Board of Directors (the ""Board"") of Deere & Company (the ""Company"") increased the size of the Board from 11 to 12 directors and appointed R. Preston Feight to the Board effective immediately. Mr. Feight is the chief executive officer of PACCAR Inc, a Bellevue, Washington-based public company that manufactures commercial trucks and diesel engines, distributes aftermarket parts for trucks and related commercial vehicles, and provides financing and leasing services to customers and dealers.",https://www.sec.gov/Archives/edgar/data/315189/0001558370-24-014080.txt
0001045810-24-000300,director_appointment,NVDA,2024-11-07,True,0.0,,"On November 7, 2024, the Board of Directors, or the Board, of NVIDIA Corporation appointed Ellen Ochoa as a member of the Board and the number of directors constituting the full Board was increased from twelve to thirteen. Dr. Ochoa is expected to be appointed to serve as a member of the Nominating and Corporate Governance Committee of the Board.",https://www.sec.gov/Archives/edgar/data/1045810/0001045810-24-000300.txt
0000012927-24-000084,director_appointment,BA,2024-11-18,True,0.0,,"On November 14, 2024, the Board of Directors of The Boeing Company (the ""Company"") elected Mortimer J. (Tim) Buckley, former Chairman and Chief Executive Officer of The Vanguard Group, as a director effective January 1, 2025. Mr. Buckley will serve on the Finance Committee and the Governance & Public Policy Committee.",https://www.sec.gov/Archives/edgar/data/12927/0000012927-24-000084.txt
0001193125-24-260405,director_appointment,CVS,2024-11-18,True,0.0,,"On November 17, 2024, Ms. Norwalk, Mr. Robbins, Mr. Sansone and Mr. Shulman were appointed to the Board. In connection with the appointments of Mr. Robbins, Ms. Norwalk, Mr. Sansone and Mr. Shulman, the size of the Board was increased from 12 to 16 members. Ms. Norwalk was appointed to the HS&T Committee of the Board, Mr. Sansone was appointed to the Audit Committee of the Board and Mr. Shulman was appointed to the Management Planning and Development Committee of the Board.",https://www.sec.gov/Archives/edgar/data/64803/0001193125-24-260405.txt
0001193125-24-261807,director_appointment,BLK,2024-11-19,True,0.0,,"On November 19, 2024, the Board of Directors (the ""Board"") of BlackRock, Inc. (the ""Company"") elected Adebayo Ogunlesi to serve as a director. Mr. Ogunlesi is a Founding Partner and the Chairman and Chief Executive Officer of GIP, a part of the Company. He is a Senior Managing Director of the Company, a member of the Company's Global Executive Committee and is based in New York.",https://www.sec.gov/Archives/edgar/data/2012383/0001193125-24-261807.txt
0000059478-24-000258,director_appointment,LLY,2024-11-19,True,0.0,,"On November 19, 2024, the Board of Directors (the ""Board"") of Eli Lilly and Company (the ""Company"") elected Jon Moeller as a new member of the Board, effective December 1, 2024. Mr. Moeller, 60, is the Chairman of the Board, President and Chief Executive Officer of Procter & Gamble (""P&G""). Mr. Moeller will serve on both the Board's Audit Committee and the Directors and Corporate Governance Committee.",https://www.sec.gov/Archives/edgar/data/59478/0000059478-24-000258.txt
0001467373-24-000334,director_appointment,ACN,2024-12-02,True,0.0,,"the Board has nominated Masahiko Uotani and Jennifer Nason for election to the Board at the Company's annual general meeting of shareholders to be held on February 6, 2025. Masahiko Uotani is the chairman and chief executive officer of Shiseido. Jennifer Nason is the Global Chair, Investment Banking at J.P. Morgan.",https://www.sec.gov/Archives/edgar/data/1467373/0001467373-24-000334.txt
0000050863-24-000180,director_appointment,INTC,2024-12-05,True,0.01,,"On December 4, 2024, the board of directors (the ""Board"") of Intel Corporation appointed Eric Meurice and Steve Sanghi to the Board, effective immediately. The Board determined that each of Mr. Meurice and Mr. Sanghi qualifies as ""independent"" in accordance with the published listing requirements of Nasdaq. Mr. Meurice and Mr. Sanghi were selected as directors based on their extensive experience in the semiconductor industry, including as chief executive officers and public company directors.",https://www.sec.gov/Archives/edgar/data/50863/0000050863-24-000180.txt
0000936468-24-000118,director_appointment,LMT,2024-12-11,True,0.0,,"On December 11, 2024, the Board of Directors of Lockheed Martin Corporation (the ""Company"") elected Admiral John C. Aquilino, U.S. Navy Retired as a director of the Company, effective December 11, 2024. Admiral Aquilino will serve on the Company's Classified Business and Security Committee.",https://www.sec.gov/Archives/edgar/data/936468/0000936468-24-000118.txt
0001326801-25-000005,director_appointment,META,2025-01-06,True,0.0,,"the Board of Directors (the ""Board"") of Meta Platforms, Inc. (the ""Company"") approved an increase in the size of the Board to thirteen (13) members and elected Dana White, John Elkann and Charles Songhurst as members of the Board, effective December 30, 2024. The Board has determined that each of Messrs. White, Elkann and Songhurst qualifies as an independent director under the corporate governance standards of the Nasdaq Stock Market LLC.",https://www.sec.gov/Archives/edgar/data/1326801/0001326801-25-000005.txt
0000070858-25-000055,director_appointment,BAC,2025-01-29,True,0.01,,"On January 29, 2025, the Board of Directors (the ""Board"") of Bank of America Corporation (the ""Corporation"") appointed Maria N. Martinez to serve on the Board and as a member of the Board's Corporate Governance, ESG, and Sustainability Committee and its Enterprise Risk Committee, effective immediately. Ms. Martinez is the former executive vice president and chief operating officer of Cisco Systems, Inc.",https://www.sec.gov/Archives/edgar/data/70858/0000070858-25-000055.txt
0000764180-25-000006,director_appointment,MO,2025-01-30,True,0.0,,"On January 29, 2025, Altria's Board of Directors (the 'Board') increased the size of the Board from 10 to 11 directors and elected Richard S. Stoddart to the Board, in each case, effective February 3, 2025. The Board also elected Mr. Stoddart to the Board's Audit, Innovation and Nominating, Corporate Governance and Social Responsibility Committees, effective February 3, 2025. The Board affirmatively determined that Mr. Stoddart qualifies as an independent director under the New York Stock Exchange listing standards and Altria's standards for director independence.",https://www.sec.gov/Archives/edgar/data/764180/0000764180-25-000006.txt
0001104659-25-008670,director_appointment,C,2025-02-03,True,0.0,low,"On January 31, 2025, the Board of Directors (the Board) of Citigroup Inc. (Citigroup) elected Titilope Cole as a director of Citigroup. Ms. Cole is the former Head of Legacy Franchises of Citigroup. Ms. Cole also serves on the Board of DataDog, Inc., a provider of cloud monitoring and security solutions.",https://www.sec.gov/Archives/edgar/data/831001/0001104659-25-008670.txt
0001053507-25-000012,director_appointment,AMT,2025-02-05,True,0.01,,"On February 5, 2025, the Board of Directors (the ""Board"") of American Tower Corporation (the ""Company"") elected Rajesh (""Raj"") Kalathur as a director and member of its Audit Committee, effective immediately. Mr. Kalathur is President of John Deere Financial and Chief Information Officer of Deere & Company, with more than 27 years of experience across finance, information technology, operations, and sales and marketing functions.",https://www.sec.gov/Archives/edgar/data/1053507/0001053507-25-000012.txt
0000097745-25-000007,director_appointment,TMO,2025-02-19,True,0.0,,"On February 19, 2025, the Board of Directors (the ""Board"") of Thermo Fisher Scientific Inc. (the ""Company"") increased its size to twelve members and elected Karen S. Lynch as a director of the Company, effective February 19, 2025, for a term expiring at the Company's 2025 annual meeting. The Board anticipates that Ms. Lynch will serve on the Audit Committee following re-election at the Company's 2025 annual meeting.",https://www.sec.gov/Archives/edgar/data/97745/0000097745-25-000007.txt
0000313616-25-000044,director_appointment,DHR,2025-02-20,True,0.0,,"On February 20, 2025, the Board of Directors of Danaher Corporation appointed Charles W. Lamanna to the Board, with a term expiring at Danaher's 2025 annual meeting of shareholders. Mr. Lamanna was also appointed to the Science & Technology Committee of the Board.",https://www.sec.gov/Archives/edgar/data/313616/0000313616-25-000044.txt
0001193125-25-036755,director_appointment,GS,2025-02-26,True,0.0,,"John Waldron, President and Chief Operating Officer, was appointed as a member of the Registrant's Board, effective February 26, 2025. Mr. Waldron is not independent and will not serve on any of the Board's committees.",https://www.sec.gov/Archives/edgar/data/886982/0001193125-25-036755.txt
0001193125-25-039258,director_appointment,MET,2025-02-27,True,0.0,,"On February 25, 2025, the Board increased the number of directors serving on the Board from thirteen to fourteen, and elected Christian Mumenthaler a director of the Company and appointed Mr. Mumenthaler to its Finance and Risk Committee and its Investment Committee, effective May 1, 2025. The Board has affirmatively determined that Mr. Mumenthaler is an independent director.",https://www.sec.gov/Archives/edgar/data/1099219/0001193125-25-039258.txt
0001090727-25-000028,director_appointment,UPS,2025-03-03,True,0.0,,"On March 3, 2025, the Board of Directors (the ""Board"") of United Parcel Service, Inc. (""UPS""), upon recommendation of the Board's Nominating and Corporate Governance Committee, increased the size of the Board to thirteen members and appointed Kevin P. Clark, age 62, to the Board. Mr. Clark is the Chairman and Chief Executive Officer of Aptiv PLC. If elected to the Board by shareowners at the UPS 2025 annual meeting of shareowners, Mr. Clark will then join the Audit Committee of the Board.",https://www.sec.gov/Archives/edgar/data/1090727/0001090727-25-000028.txt
0000004962-25-000022,director_appointment,AXP,2025-03-03,True,0.0,,"The Board of Directors of American Express Company (the ""Company"") elected Michael J. Angelakis as a director of the Company, effective March 3, 2025. Mr. Angelakis will serve as a member of the Board's Audit and Compliance Committee and Nominating, Governance and Public Responsibility Committee.",https://www.sec.gov/Archives/edgar/data/4962/0000004962-25-000022.txt
0001193125-25-050929,director_appointment,PYPL,2025-03-10,True,0.0,,"On March 10, 2025, the Board of Directors (the ""Board"") of PayPal Holdings, Inc. (the ""Company"") appointed Joy Chik as a new member of the Company's Board, effective March 10, 2025. Ms. Chik currently serves as the President of Identity and Network Access at Microsoft. Ms. Chik fills a vacancy created by an increase in the size of the Board from 11 to 12.",https://www.sec.gov/Archives/edgar/data/1633917/0001193125-25-050929.txt
0000773840-25-000019,director_appointment,HON,2025-04-01,True,0.0,,"Stephen Williamson, 58, Senior Vice President and Chief Financial Officer of Thermo Fisher Scientific Inc., was appointed to the Board of Directors of Honeywell International Inc. (the ""Company"") as an independent director and member of the Audit Committee, effective April 1, 2025. Mr. Williamson will stand for election at the Company's 2025 Annual Meeting of Shareowners.",https://www.sec.gov/Archives/edgar/data/773840/0000773840-25-000019.txt
0000950103-25-004156,director_appointment,MS,2025-04-01,True,0.0,,"On March 31, 2025, the Board of Directors nominated Douglas L. Peterson, the former Chief Executive Officer of S&P Global Inc., to stand for election to the Board at the Company's annual meeting of shareholders on May 15, 2025. Mr. Peterson has 40 years of experience in the financial services industry and brings an international and financial markets perspective to the Board. Effective upon his election by shareholders, Mr. Peterson will join the Risk Committee of the Board.",https://www.sec.gov/Archives/edgar/data/895421/0000950103-25-004156.txt
0001193125-25-082955,director_appointment,BK,2025-04-16,True,0.0,,"The election of 11 directors for a term expiring at the end of our 2026 Annual Meeting of Stockholders: Linda Z. Cook, Joseph J. Echevarria, M. Amy Gilliland, Jeffrey A. Goldstein, K. Guru Gowrappan, Ralph Izzo, Sandra E. 'Sandie' O'Connor, Elizabeth E. Robinson, Rakefet Russak-Aminoach, Robin Vince, Alfred W. 'Al' Zollar. Each nominee for director was elected by a majority of votes cast.",https://www.sec.gov/Archives/edgar/data/1390777/0001193125-25-082955.txt
0001104659-25-047402,director_appointment,ABBV,2025-05-13,True,0.0,,"On May 9, 2025, AbbVie Inc. expanded the size of its Board of Directors from fourteen directors to fifteen directors and appointed Thomas J. Falk as a Class III director. Mr. Falk was previously the Chairman and Chief Executive Officer of Kimberly-Clark Corporation. Mr. Falk has been appointed to the Audit Committee.",https://www.sec.gov/Archives/edgar/data/1551152/0001104659-25-047402.txt
0000858877-25-000014,director_appointment,CSCO,2025-05-13,True,0.0,,"On May 12, 2025, the Board of Directors of Cisco Systems, Inc. ('Cisco') appointed Kevin Weil, Chief Product Officer of OpenAI, as a member of the Board effective May 12, 2025. In connection with his appointment, the Board determined that Mr. Weil is 'independent' under the applicable listing standards of The Nasdaq Stock Market LLC.",https://www.sec.gov/Archives/edgar/data/858877/0000858877-25-000014.txt
0000804328-25-000034,director_appointment,QCOM,2025-05-13,True,0.0,,"On May 12, 2025, the Board of Directors (the ""Board"") of QUALCOMM Incorporated (the ""Company"") elected Christopher D. Young, former Executive Vice President, Business Development, Strategy, and Ventures of Microsoft Corporation, to the Board. Mr. Young was elected for a term of office that expires at the Company's next annual meeting of stockholders. The Board also appointed Mr. Young to its HR and Compensation Committee.",https://www.sec.gov/Archives/edgar/data/804328/0000804328-25-000034.txt
0001628280-25-026148,director_appointment,TSLA,2025-05-16,True,0.0,,"On May 15, 2025, John R. (Jack) Hartung was appointed to serve as a member of the Board of Directors (the ""Board"") of Tesla, Inc. (""Tesla""), as well as a member of the Audit Committee of the Board, effective as of June 1, 2025.",https://www.sec.gov/Archives/edgar/data/1318605/0001628280-25-026148.txt
0001090727-25-000054,director_appointment,UPS,2025-06-02,True,0.0,,"On June 2, 2025, the Board of Directors (the ""Board"") of United Parcel Service, Inc. (""UPS""), upon recommendation of the Board's Nominating and Corporate Governance Committee, increased the size of the Board to thirteen members and appointed John Morikis, age 61, to the Board, effective immediately. Mr. Morikis will join the Audit Committee of the Board. Mr. Morikis is the retired President and CEO of the Sherwin-Williams Company.",https://www.sec.gov/Archives/edgar/data/1090727/0001090727-25-000054.txt
0001552781-25-000203,director_appointment,UBER,2025-06-04,True,0.0,,"On May 31, 2025, the Board of Directors (the ""Board"") of Uber Technologies, Inc. (the ""Company"") appointed Nikesh Arora to the Board. Mr. Arora, 57, has served as the Chairman of the Board and Chief Executive Officer of Palo Alto Networks, a leading global cybersecurity company, since June 2018.",https://www.sec.gov/Archives/edgar/data/1543151/0001552781-25-000203.txt
0000080424-25-000052,director_appointment,PG,2025-06-09,True,0.0,,"On June 9, 2025, the Board of Directors of The Procter & Gamble Company (the ""Company"") appointed Craig Arnold, former Chairman and Chief Executive Officer of Eaton Corporation, as a Director of the Company, effective June 9. Mr. Arnold will serve on the Audit and Compensation & Leadership Development Committees.",https://www.sec.gov/Archives/edgar/data/80424/0000080424-25-000052.txt
0000200406-25-000152,director_appointment,JNJ,2025-06-10,True,0.0,,"Daniel Pinto was elected to the Board of Directors effective July 1, 2025. Mr. Pinto will serve on the Audit Committee and the Compensation & Benefits Committee.",https://www.sec.gov/Archives/edgar/data/200406/0000200406-25-000152.txt
0000950103-25-007460,director_appointment,MS,2025-06-16,True,0.0,low,"On June 14, 2025, the Board of Directors elected Lynn J. Good, the former Chair, Chief Executive Officer and President of Duke Energy Corporation, to the Board, effective July 18, 2025. The Board determined that Ms. Good is independent and will join the Audit Committee of the Board.",https://www.sec.gov/Archives/edgar/data/895421/0000950103-25-007460.txt
0001410578-25-001422,director_appointment,C,2025-06-18,True,0.0,,"On June 16, 2025, the Board of Directors (the Board) of Citigroup Inc. (Citigroup) elected Jonathan Moulds as a director of Citigroup and appointed him to the Board's Risk Management Committee and Transformation Oversight Committee. Mr. Moulds serves as Chair of the Board of Directors of Citigroup Global Markets Limited (CGML), Citigroup's international broker/dealer. Mr. Moulds previously served as Chief Operating Officer of Barclays PLC and in several roles at Bank of America Corporation.",https://www.sec.gov/Archives/edgar/data/831001/0001410578-25-001422.txt
0001613103-25-000094,director_appointment,MDT,2025-06-23,True,0.0,,"On June 18, 2025, the Board of Directors (Board) of Medtronic plc (Company) increased the size of the Board from 10 to 11 and appointed Dr. Joon Lee as a new director of the Company, in each case effective as of June 18, 2025. Dr. Lee has been appointed to serve on the Science and Technology Committee and the Compensation and Talent Committee of the Board.",https://www.sec.gov/Archives/edgar/data/1613103/0001613103-25-000094.txt
0001633917-25-000124,director_appointment,PYPL,2025-06-24,True,0.0,,"On June 24, 2025, the Board of Directors (the ""Board"") of PayPal Holdings, Inc. (the ""Company"") appointed Deirdre Stanley as a new member of the Company's Board, effective June 24, 2025. Ms. Stanley is the former Executive Vice President and General Counsel of The Estée Lauder Companies, Inc. Ms. Stanley fills a vacancy created by an increase in the size of the Board from 11 to 12. The Board has also appointed Ms. Stanley to the Corporate Governance and Nominating Committee and Risk and Compliance Committee of the Board, effective June 24, 2025.",https://www.sec.gov/Archives/edgar/data/1633917/0001633917-25-000124.txt
0001065280-25-000287,director_appointment,NFLX,2025-06-24,True,0.01,,"On June 22, 2025, Elinor Mertz was appointed to the Board of Directors (the ""Board"") of Netflix, Inc. (the ""Company"") effective immediately, for a term expiring at the Company's 2026 annual meeting of stockholders, or until her earlier resignation or removal. Ms. Mertz was also appointed to serve on the Audit Committee of the Board (the ""Audit Committee"").",https://www.sec.gov/Archives/edgar/data/1065280/0001065280-25-000287.txt
0001104659-25-064439,director_appointment,COP,2025-07-01,True,0.0,,"On July 1, 2025, the Board of Directors (the ""Board"") of ConocoPhillips (the ""Company"") voted to increase the size of the Board from 12 members to 13 members and to elect Kathleen (Katie) McGinty to the Board of the Company, to serve until her successor shall have been duly elected and qualified or until her earlier resignation or removal. The Board appointed Ms. McGinty to serve as a member of the Audit and Finance Committee and the Public Policy and Sustainability Committee.",https://www.sec.gov/Archives/edgar/data/1163165/0001104659-25-064439.txt
0000004962-25-000113,director_appointment,AXP,2025-07-23,True,0.0,,"The Board of Directors of American Express Company (the ""Company"") elected Randal K. Quarles and Noel Wallace as directors of the Company, effective July 23, 2025. Mr. Quarles will serve as a member of the Board's Nominating, Governance and Public Responsibility Committee and Risk Committee and Mr. Wallace will serve as a member of the Board's Audit and Compliance Committee and Compensation and Benefits Committee.",https://www.sec.gov/Archives/edgar/data/4962/0000004962-25-000113.txt
0000950142-25-002041,director_appointment,CVX,2025-07-29,True,0.0,,"On July 28, 2025, the board of directors (the ""Board"") of Chevron Corporation (the ""Corporation"") appointed John B. Hess as a member of the Board, effective July 28, 2025 (the ""Effective Date""). Mr. Hess will also serve as a member of the Public Policy and Sustainability Committee of the Board.",https://www.sec.gov/Archives/edgar/data/93410/0000950142-25-002041.txt
0001613103-25-000141,director_appointment,MDT,2025-08-19,True,0.0,,"On August 18, 2025, the Board of Directors (Board) of Medtronic plc (Company) increased the size of the Board from 11 to 13 and appointed John Groetelaars and William Jellison as new directors of the Company, in each case, effective as of August 19, 2025. Mr. Jellison has been appointed to serve on the newly created Growth committee of the Board and the newly created Operations committee of the Board, and Mr. Groetelaars has been appointed to serve on the newly created Growth committee of the Board.",https://www.sec.gov/Archives/edgar/data/1613103/0001613103-25-000141.txt
0001193125-25-183029,director_appointment,T,2025-08-19,True,0.0,,"On August 15, 2025 the Board of Directors (the ""Board"") of AT&T Inc. (""AT&T"") elected Kelly J. Grier as a Director, effective September 1, 2025. The Board appointed Ms. Grier to the Corporate Development and Finance and Human Resources Committees.",https://www.sec.gov/Archives/edgar/data/732717/0001193125-25-183029.txt
0000027419-25-000114,director_appointment,TGT,2025-08-20,True,0.0,,"appointed Michael J. Fiddelke, Target's current Executive Vice President and Chief Operating Officer, as Target's next Chief Executive Officer and a member of the Board, effective February 1, 2026.",https://www.sec.gov/Archives/edgar/data/27419/0000027419-25-000114.txt
0001053507-25-000124,director_appointment,AMT,2025-08-25,True,0.02,,"On August 22, 2025, the Board of Directors (the ""Board"") of American Tower Corporation (the ""Company"") elected Eugene (""Gene"") F. Reilly as a director and member of its Compensation Committee, effective immediately. In accordance with the Company's Amended and Restated By-Laws, Mr. Reilly will serve as a director until the Company's 2026 Annual Meeting of Stockholders and until his successor is duly elected and qualified.",https://www.sec.gov/Archives/edgar/data/1053507/0001053507-25-000124.txt
0000804328-25-000054,director_appointment,QCOM,2025-09-02,True,0.0,,"On September 2, 2025, the Board of Directors (the ""Board"") of QUALCOMM Incorporated (the ""Company"") elected Dr. Jeremy (Zico) Kolter, Professor and Department Head of the Machine Learning Department in the School of Computer Science at Carnegie Mellon University, to the Board. Dr. Kolter was elected for a term of office that expires at the Company's next annual meeting of stockholders. The Board also appointed Dr. Kolter to its Governance Committee.",https://www.sec.gov/Archives/edgar/data/804328/0000804328-25-000054.txt
0000200406-25-000190,director_appointment,JNJ,2025-09-09,True,0.0,,"On September 8, 2025, Johnson & Johnson (the Company) announced that John Morikis was elected to the Board of Directors. The Board has determined that Mr. Morikis satisfies the applicable independence requirements of the NYSE Listed Company Manual. Mr. Morikis will serve on the Audit Committee and Compensation & Benefits Committee.",https://www.sec.gov/Archives/edgar/data/200406/0000200406-25-000190.txt
0001410578-25-002261,director_appointment,DUK,2025-09-12,True,0.0,,"On September 11, 2025 the Board of Directors (the ""Board"") of Duke Energy Corporation (the ""Corporation"") appointed Jeffrey Guldner to the Board, effective September 15, 2025, with an initial term expiring at the 2026 Annual Meeting of Shareholders. The Board has also appointed Mr. Guldner to the Compensation and People Development Committee and the Finance and Risk Management Committee of the Board, effective September 15, 2025.",https://www.sec.gov/Archives/edgar/data/1326160/0001410578-25-002261.txt
0001193125-25-215340,director_appointment,TMUS,2025-09-24,True,0.0,,"On September 19, 2025, Abdurazak Mudesir was elected to the Board of Directors (the ""Board"") of T-Mobile US, Inc. (the ""Company""), effective immediately. Mr. Mudesir was selected as a designee of Deutsche Telekom AG (""Deutsche Telekom"") pursuant to that certain Second Amended and Restated Stockholders' Agreement, dated June 22, 2020. Mr. Mudesir currently serves as the Chief Technology Officer of Deutsche Telekom.",https://www.sec.gov/Archives/edgar/data/1283699/0001193125-25-215340.txt
0001403161-25-000064,director_appointment,V,2025-09-29,True,0.0,,"On September 29, 2025, the board of directors (the ""Board"") of Visa Inc. (the ""Company"") increased the size of the Board from 11 to 12 members and elected Bill Ready to the Board, effective September 29, 2025, for a term that will expire at the Company's 2026 Annual Meeting of Shareholders. The Board determined that Mr. Ready is an independent director within the meaning of the New York Stock Exchange listing standards. Mr. Ready has also been appointed to the Board's Finance Committee and Nominating and Corporate Governance Committee, effective September 29, 2025.",https://www.sec.gov/Archives/edgar/data/1403161/0001403161-25-000064.txt
0001628280-25-045223,director_appointment,KO,2025-10-16,True,0.02,,"On October 16, 2025, the Board of Directors (the ""Board"") of The Coca-Cola Company (the ""Company"") elected Max Levchin as a Director of the Company, effective immediately, and also appointed Mr. Levchin to the Board's Talent and Compensation Committee.",https://www.sec.gov/Archives/edgar/data/21344/0001628280-25-045223.txt
0000773840-25-000117,director_appointment,HON,2025-11-03,True,0.01,,"Mr. Craig Arnold, 65, Retired Chairman and CEO of Eaton Corporation, has been selected to serve as non-executive Chairman of the Board of Directors of Honeywell Aerospace following its planned spin-off. Mr. Arnold has been appointed, effective immediately, to serve on the Company's Board of Directors in the interim.",https://www.sec.gov/Archives/edgar/data/773840/0000773840-25-000117.txt
0000034088-25-000063,director_appointment,XOM,2025-11-03,True,0.0,,"On October 28, 2025, the Board of Directors of Exxon Mobil Corporation elected Greg C. Garland as a new non-employee director of the Corporation, effective November 3, 2025. The Board appointed Mr. Garland to serve as a member of the Audit Committee and the Finance Committee.",https://www.sec.gov/Archives/edgar/data/34088/0000034088-25-000063.txt
0000050863-25-000194,director_appointment,INTC,2025-11-12,True,0.01,,"On November 10, 2025, the board of directors (the ""Board"") of Intel Corporation appointed Dr. Craig H. Barratt to the Board, effective immediately. The Board determined that Dr. Barratt qualifies as ""independent"" in accordance with the published listing requirements of Nasdaq. Dr. Barratt was selected as a director based on his extensive experience in the semiconductor and technology industries, including as chief executive officer, in other executive roles and as a public company director.",https://www.sec.gov/Archives/edgar/data/50863/0000050863-25-000194.txt
0000059478-25-000271,director_appointment,LLY,2025-11-21,True,0.0,,"On November 18, 2025, the Board of Directors (the ""Board"") of Eli Lilly and Company (the ""Company"") elected Carolyn R. Bertozzi, Ph.D as a new member of the Board, effective December 8, 2025. Dr. Bertozzi, 59, is the Anne T. and Robert M. Bass Professor of Chemistry and Professor of Chemical & Systems Biology and Radiology at Stanford University, and an Investigator of the Howard Hughes Medical Institute. Dr. Bertozzi will serve on both the Board's Science and Technology Committee and the Ethics and Compliance Committee.",https://www.sec.gov/Archives/edgar/data/59478/0000059478-25-000271.txt
0000731766-25-000314,director_appointment,UNH,2025-11-21,True,0.03,,"On November 18, 2025, UnitedHealth Group Incorporated (the ""Company"") announced the appointment of Scott Gottlieb, M.D. to serve as an independent director of the Company, effective immediately. Dr. Gottlieb served as FDA commissioner from 2017 to 2019, where he became known for promoting transparency, strengthening patient safety and widening consumer choice.",https://www.sec.gov/Archives/edgar/data/731766/0000731766-25-000314.txt
0001628280-25-055122,director_appointment,BA,2025-12-03,True,0.0,low,"On December 1, 2025, the Board of Directors of The Boeing Company (the ""Company"") elected Bradley D. Tilden, former Chairman, President and Chief Executive Officer of Alaska Air Group, Inc., as a director effective December 3, 2025. Mr. Tilden will serve on the Aerospace Safety Committee and the Finance Committee.",https://www.sec.gov/Archives/edgar/data/12927/0001628280-25-055122.txt
0000773840-25-000120,director_appointment,HON,2025-12-10,True,0.0,,"Ms. Indra Nooyi, 70, former Chair and Chief Executive Officer of PepsiCo, Inc., has been appointed, effective January 1, 2026, to serve as an Independent Director on the Company's Board of Directors. Ms. Nooyi served as Chief Executive Officer of PepsiCo, Inc. from 2006 through 2018 and Chair of its board of directors from 2007 to 2019.",https://www.sec.gov/Archives/edgar/data/773840/0000773840-25-000120.txt
0000100885-25-000345,director_appointment,UNP,2025-12-12,True,0.0,,"The Board of Directors (the Board) of Union Pacific Corporation (the Company) elected W. Anthony Will, age 60, to serve on the Board as a director of the Company, effective January 5, 2026. Mr. Will will serve on the Board's Audit and Finance Committees.",https://www.sec.gov/Archives/edgar/data/100885/0000100885-25-000345.txt
0000066740-24-000029,ceo_appointment,MMM,2024-03-12,False,0.0,,"On March 8, 2024, the Board of Directors of 3M Company (the ""Company"") appointed William M. Brown chief executive officer, effective May 1, 2024, succeeding Michael F. Roman. Mr. Brown, 61, is the former chairman and chief executive officer of L3Harris Technologies... He joined Harris Corporation in November 2011 as president and chief executive officer.",https://www.sec.gov/Archives/edgar/data/66740/0000066740-24-000029.txt
0000012927-24-000058,ceo_appointment,BA,2024-07-31,False,0.0,,"On July 30, 2024, the Board of Directors (the ""Board"") of The Boeing Company (the ""Company"") elected Robert K. (Kelly) Ortberg to serve as President and Chief Executive Officer and as a member of the Board, in each case effective as of August 8, 2024 (the ""Transition Date""). Mr. Ortberg, 64, has more than 35 years of aerospace leadership.",https://www.sec.gov/Archives/edgar/data/12927/0000012927-24-000058.txt
0001193125-24-229532,ceo_appointment,SCHW,2024-10-01,False,0.0,low,"On September 30, 2024, the Board appointed Richard A. Wurster to succeed Mr. Bettinger as CEO, effective as of January 1, 2025 (the ""Transition Date""). Mr. Wurster, age 51, has served as President of the Company and President and director of Charles Schwab & Co., Inc., a subsidiary of the Company, since 2021.",https://www.sec.gov/Archives/edgar/data/316709/0001193125-24-229532.txt
0001104659-25-002897,ceo_appointment,DUK,2025-01-13,False,0.0,,"Mr. Harry K. Sideris was appointed as the President and Chief Executive Officer and as a member of the Board of Directors of Duke Energy, effective April 1, 2025. Mr. Sideris, age 53, was President of Duke Energy since April 2024.",https://www.sec.gov/Archives/edgar/data/1326160/0001104659-25-002897.txt
0001193125-25-014216,ceo_appointment,USB,2025-01-28,False,0.0,low,"At a meeting held on January 28, 2025, the Board of Directors of U.S. Bancorp (the ""Board"") elected Gunjan Kedia, 54, to the position of President and Chief Executive Officer of U.S. Bancorp and U.S. Bank National Association (""U.S. Bank""), its principal banking subsidiary, effective April 15, 2025.",https://www.sec.gov/Archives/edgar/data/36104/0001193125-25-014216.txt
0000050863-25-000036,ceo_appointment,INTC,2025-03-14,False,0.0,,"On March 10, 2025, the Board of Directors (the ""Board"") of Intel Corporation (""Intel"" or the ""Company"") appointed Lip-Bu Tan as Chief Executive Officer (""CEO"") and as a director of the Company, effective as of March 18, 2025 (the ""Effective Date""). Mr. Tan, age 65, previously served as Chief Executive Officer of Cadence Design Systems, a computational software company, from 2009 to December 2021, and as Executive Board Chair at Cadence from December 2021 to May 2023.",https://www.sec.gov/Archives/edgar/data/50863/0000050863-25-000036.txt
0001193125-25-082814,ceo_appointment,USB,2025-04-16,False,0.0,,"Gunjan Kedia was appointed as the Company's President and Chief Executive Officer, effective April 15, 2025. At its meeting on April 15, 2025, the Company's Board of Directors determined the base salary and target annual cash incentive award that Ms. Kedia will receive in recognition of the additional duties being assumed by her in her new role. Effective as of April 16, 2025, Ms. Kedia will receive an increase in her base salary to an annualized amount of $1,200,000, and she will be eligible to receive an annual cash incentive award with a target value of 275% of her base salary.",https://www.sec.gov/Archives/edgar/data/36104/0001193125-25-082814.txt
0001193125-25-115695,ceo_appointment,BRK.B,2025-05-08,False,0.0,,"On May 4, 2025, Berkshire's Board of Directors voted unanimously to appoint Mr. Abel to become Berkshire's President and CEO effective on January 1, 2026. Mr. Abel, age 62, has been a director of the Corporation and the Corporation's Vice Chairman – Non-Insurance Operations since 2018. Between 2008 and 2018, Mr. Abel served as the Chief Executive Officer of Berkshire Hathaway Energy Company.",https://www.sec.gov/Archives/edgar/data/1067983/0001193125-25-115695.txt
0001035267-25-000161,ceo_appointment,ISRG,2025-05-15,False,0.0,,"David J. Rosa, currently the Company's President, as Chief Executive Officer of the Company effective July 1, 2025. Mr. Rosa will replace Gary S. Guthart, Ph.D. David J. Rosa, age 57, joined Intuitive in March 1996 and during his 29 year tenure with the Company has held leadership roles across engineering, commercial operations, clinical and product development, marketing, commercial and regulatory and quality affairs, with more than a decade of service in executive leadership roles, including serving as President of the Company since May 2023 and as a Board member since July 2024.",https://www.sec.gov/Archives/edgar/data/1035267/0001035267-25-000161.txt
0001193125-25-209990,ceo_appointment,TMUS,2025-09-22,False,0.0,,"On September 19, 2025, the Board of Directors (the ""Board"") of T-Mobile US, Inc. (""T-Mobile,"" the ""Company,"" or ""us"") appointed Srinivasan Gopalan as President and Chief Executive Officer (""CEO"") of T-Mobile and as a member of the Board, effective November 1, 2025 (the ""Effective Date""). Mr. Gopalan, age 55, has served as our Chief Operating Officer since March 2025, bringing extensive experience in technology, telecommunications and business operations, along with a proven track record of operational excellence in digital transformation and customer-centric strategies.",https://www.sec.gov/Archives/edgar/data/1283699/0001193125-25-209990.txt
0001193125-25-210089,ceo_appointment,ORCL,2025-09-22,False,0.01,,"Clayton Magouyrk and Michael Sicilia were promoted to the roles of Chief Executive Officer of Oracle and members of the Board as of the Effective Date. Mr. Magouyrk, 39, has been Oracle's President, Oracle Cloud Infrastructure since June 2025.",https://www.sec.gov/Archives/edgar/data/1341439/0001193125-25-210089.txt
0001193125-25-229405,ceo_appointment,BRK.B,2025-10-03,False,0.0,,"On May 4, 2025, the Board voted unanimously to appoint Mr. Greg Abel to become the Company's President and Chief Executive Officer effective January 1, 2026. Mr. Abel will replace Mr. Warren Buffett, Berkshire's current Chief Executive Officer on that date.",https://www.sec.gov/Archives/edgar/data/1067983/0001193125-25-229405.txt
0001193125-25-231018,ceo_appointment,VZ,2025-10-06,False,0.18,low,"On October 4, 2025, the Verizon Board of Directors appointed Daniel H. Schulman as Chief Executive Officer, effective immediately. Mr. Schulman, 67, has served on Verizon's Board of Directors since 2018 and served as the Board's Independent Lead Director from December 2024. Mr. Schulman served as President and Chief Executive Officer of PayPal Holdings, Inc. from 2015 to 2023.",https://www.sec.gov/Archives/edgar/data/732712/0001193125-25-231018.txt
0000104169-25-000172,ceo_appointment,WMT,2025-11-14,False,0.0,,"On November 13, 2025, the Board appointed Mr. John R. Furner, age 51, as president and chief executive officer of the Company, effective February 1, 2026. Since November 2019, Mr. Furner has served as the Company's executive vice president and chief executive officer for Walmart U.S. and he will continue in that role through January 31, 2026.",https://www.sec.gov/Archives/edgar/data/104169/0000104169-25-000172.txt
0001552781-25-000454,ceo_appointment,KO,2025-12-10,False,0.0,,"On December 10, 2025, the Board of Directors (the ""Board"") of The Coca-Cola Company (the ""Company"") elected Henrique Braun, Executive Vice President and Chief Operating Officer, as Chief Executive Officer of the Company, effective March 31, 2026. Henrique Braun, age 57, was appointed Executive Vice President and Chief Operating Officer of the Company in January 2025, overseeing all the Company's operating units worldwide. He has served as Executive Vice President since 2024.",https://www.sec.gov/Archives/edgar/data/21344/0001552781-25-000454.txt
0000764180-25-000133,ceo_appointment,MO,2025-12-11,False,0.0,,"On December 10, 2025, the Board elected Salvatore Mancuso to become Altria's CEO and Heather A. Newman to become Altria's Executive Vice President and Chief Financial Officer ('CFO'), in each case, effective May 14, 2026 at the conclusion of the 2026 Annual Meeting. Mr. Mancuso, age 60, currently serves as Altria's Executive Vice President and CFO since 2020 and has been continuously employed by Altria or its subsidiaries in various positions since 1990.",https://www.sec.gov/Archives/edgar/data/764180/0000764180-25-000133.txt
0001628280-25-058790,ceo_appointment,CMCSA,2025-12-23,False,0.0,,"On December 19, 2025, Comcast Corporation (the ""Company"") entered into a new employment agreement (the ""Agreement"") with Michael J. Cavanagh in connection with his upcoming appointment as Co-Chief Executive Officer of the Company on January 2, 2026. The Agreement secures Mr. Cavanagh's employment through January 1, 2029.",https://www.sec.gov/Archives/edgar/data/1166691/0001628280-25-058790.txt
0000950103-24-000919,ceo_departure,MS,2024-01-19,False,0.0,,"Mr. Gorman stepped down as CEO of the Firm at the end of 2023 and became Executive Chairman of the Firm effective January 1, 2024.",https://www.sec.gov/Archives/edgar/data/895421/0000950103-24-000919.txt
0001104659-24-025262,ceo_departure,ABBV,2024-02-20,False,0.0,,"Mr. Gonzalez, who has served as CEO since the company's formation in 2013, will retire from the role of CEO and become Executive Chairman of the Board of Directors, effective July 1, 2024.",https://www.sec.gov/Archives/edgar/data/1551152/0001104659-24-025262.txt
0001053507-24-000015,ceo_departure,AMT,2024-03-01,False,0.0,,"Mr. Bartlett stepped down from his position as President and Chief Executive Officer, effective February 1, 2024, and will remain in his current role of advisor to the Chief Executive Officer until May 1, 2024.",https://www.sec.gov/Archives/edgar/data/1053507/0001053507-24-000015.txt
0000066740-24-000029,ceo_departure,MMM,2024-03-12,False,0.0,,"On March 8, 2024, the Board of Directors of 3M Company (the ""Company"") appointed William M. Brown chief executive officer, effective May 1, 2024, succeeding Michael F. Roman. Mr. Roman, 64, has served as 3M's chairman of the board since May 2019 and chief executive officer since July 2018.",https://www.sec.gov/Archives/edgar/data/66740/0000066740-24-000029.txt
0000012927-24-000014,ceo_departure,BA,2024-03-25,False,0.01,,David L. Calhoun decided to step down as President and Chief Executive Officer at the end of 2024.,https://www.sec.gov/Archives/edgar/data/12927/0000012927-24-000014.txt
0000092122-24-000062,ceo_departure,SO,2024-05-13,False,0.0,,"Stephen E. Kuczynski, Chairman and Chief Executive Officer of Southern Nuclear Operating Company, Inc. (""Southern Nuclear"") and a named executive officer of The Southern Company, notified Southern Nuclear of his retirement, effective June 28, 2024.",https://www.sec.gov/Archives/edgar/data/92122/0000092122-24-000062.txt
0000012927-24-000058,ceo_departure,BA,2024-07-31,False,0.01,,"Mr. Calhoun succeeds David L. Calhoun, who on July 30, 2024 tendered his resignation as President and Chief Executive Officer and as a director, effective as of the Transition Date. Mr. Calhoun will continue to be an employee of the Company and serve as a senior advisor to the Board until his retirement on March 1, 2025.",https://www.sec.gov/Archives/edgar/data/12927/0000012927-24-000058.txt
0001193125-24-200724,ceo_departure,SBUX,2024-08-14,False,0.97,,"On August 13, 2024, the Company announced that effective as of August 12, 2024, Laxman Narasimhan would no longer serve as the Company's chief executive officer or as a member of the Board. Mr. Narasimhan's departure is not related to any disagreement between Mr. Narasimhan and the Company. Mr. Narasimhan's separation from the Company is a termination by the Company ""without cause"" for purposes of all plan benefits as well as contractual entitlements.",https://www.sec.gov/Archives/edgar/data/829224/0001193125-24-200724.txt
0000320187-24-000053,ceo_departure,NKE,2024-09-19,False,0.0,,"On September 19, 2024, the Company also announced that, effective as of the Effective Date, John Donahoe will retire as the Company's President and CEO and as a member of the Board. Mr. Donahoe's departure is not related to any disagreement between Mr. Donahoe and the Company.",https://www.sec.gov/Archives/edgar/data/320187/0000320187-24-000053.txt
0001193125-24-229532,ceo_departure,SCHW,2024-10-01,False,0.0,,"On September 30, 2024, Walter W. Bettinger II notified the Board of Directors (the ""Board"") of The Charles Schwab Corporation (the ""Company"") of his intention to retire from his position as the Company's Chief Executive Officer (""CEO""), effective as of December 31, 2024.",https://www.sec.gov/Archives/edgar/data/316709/0001193125-24-229532.txt
0000050863-24-000173,ceo_departure,INTC,2024-12-03,False,1.0,high,"On December 1, 2024, Patrick Gelsinger, Chief Executive Officer and director of Intel Corporation (the ""Company""), resigned from the Company and the Board of Directors (the ""Board""), effective immediately.",https://www.sec.gov/Archives/edgar/data/50863/0000050863-24-000173.txt
0000731766-24-000340,ceo_departure,UNH,2024-12-04,False,1.0,,"On December 4, 2024, UnitedHealth Group Incorporated issued a press release regarding the passing of Brian Thompson, Chief Executive Officer of UnitedHealthcare.",https://www.sec.gov/Archives/edgar/data/731766/0000731766-24-000340.txt
0001104659-25-002897,ceo_departure,DUK,2025-01-13,False,0.0,low,"Ms. Lynn J. Good will retire as Chief Executive Officer of Duke Energy and Chair and Director of the Board of Directors of the Corporation, effective April 1, 2025. Ms. Good's retirement is not the result of any disagreement regarding any matter relating to the Corporation's operations, policies, or practices.",https://www.sec.gov/Archives/edgar/data/1326160/0001104659-25-002897.txt
0001193125-25-014216,ceo_departure,USB,2025-01-28,False,0.0,,"Andrew Cecere, who is currently serving as Chairman and Chief Executive Officer of U.S. Bancorp and U.S. Bank, will continue his service on the Board as Executive Chairman, effective April 15, 2025.",https://www.sec.gov/Archives/edgar/data/36104/0001193125-25-014216.txt
0000753308-25-000019,ceo_departure,NEE,2025-03-17,False,0.0,,"Rebecca Kujawa, President and Chief Executive Officer of NextEra Energy Resources, LLC (NEER), a subsidiary of NextEra Energy, Inc. (NEE), notified NEE that she plans to retire from those positions effective May 22, 2025 as part of a planned leadership succession process.",https://www.sec.gov/Archives/edgar/data/37634/0000753308-25-000019.txt
0001193125-25-082814,ceo_departure,USB,2025-04-16,False,0.0,,"Andrew Cecere, the Company's former Chairman and Chief Executive Officer, is continuing his service on the Board as Executive Chairman, effective following the Company's annual shareholders' meeting on April 15, 2025. At its meeting on April 15, 2025, the Board determined the terms of the compensation Mr. Cecere will receive as Executive Chairman. Effective as of April 16, 2025, Mr. Cecere will receive a base salary with an annualized amount of $1,400,000.",https://www.sec.gov/Archives/edgar/data/36104/0001193125-25-082814.txt
0001065280-25-000175,ceo_departure,NFLX,2025-04-17,False,0.0,,"On April 11, 2025, Reed Hastings informed the Company of his intent to transition from his executive officer position. Effective April 17, 2025, Reed Hastings will transition to serve as Chairman of the board of directors of the Company (the ""Board"") and non-executive director.",https://www.sec.gov/Archives/edgar/data/1065280/0001065280-25-000175.txt
0001193125-25-115695,ceo_departure,BRK.B,2025-05-08,False,0.0,,"On May 3, 2025, Mr. Warren Buffett, Berkshire's Chairman and CEO, announced that he was going to recommend to Berkshire's Board of Directors at its meeting to be held on May 4, 2025 that Mr. Greg Abel, Berkshire's Vice Chairman – Non-Insurance Operations, be appointed Berkshire's Chief Executive Officer to become effective on January 1, 2026. Mr. Buffett will remain as Chairman of the Board of Directors.",https://www.sec.gov/Archives/edgar/data/1067983/0001193125-25-115695.txt
0000731766-25-000134,ceo_departure,UNH,2025-05-14,False,0.47,,"On May 12, 2025, Andrew Witty, Chief Executive Officer of UnitedHealth Group Incorporated (the ""Company""), notified the Company of his decision to step down from his position, effective May 12, 2025 (the ""Effective Date""). Mr. Witty will continue as a senior advisor to the new Chief Executive Officer of the Company.",https://www.sec.gov/Archives/edgar/data/731766/0000731766-25-000134.txt
0001035267-25-000161,ceo_departure,ISRG,2025-05-15,False,0.0,low,"Gary S. Guthart, Ph.D., who will step down as Chief Executive Officer of the Company effective July 1, 2025 and will assume the position of Executive Chair of the Board as of that same date, and will continue to serve as a director.",https://www.sec.gov/Archives/edgar/data/1035267/0001035267-25-000161.txt
0000731766-25-000154,ceo_departure,UNH,2025-06-04,False,0.0,,"On June 2, 2025, the Compensation and Human Resources Committee of the Board of Directors of UnitedHealth Group Incorporated (the ""Company"") cancelled the performance-based restricted stock units granted to Andrew Witty, the Company's former Chief Executive Officer, on February 20, 2025. Mr. Witty agreed to the cancellation in connection with his retirement.",https://www.sec.gov/Archives/edgar/data/731766/0000731766-25-000154.txt
0000080424-25-000061,ceo_departure,PG,2025-07-28,False,0.0,,"Jon Moeller, Chairman of the Board, President and Chief Executive Officer, will transition into the role of Executive Chairman of the Board, effective January 1, 2026, to serve at the pleasure of the Board of Directors.",https://www.sec.gov/Archives/edgar/data/80424/0000080424-25-000061.txt
0000027419-25-000114,ceo_departure,TGT,2025-08-20,False,0.0,,"At that time, Brian C. Cornell will step down from his position as Chief Executive Officer and will continue to serve as Chair of the Board in an Executive Chair capacity.",https://www.sec.gov/Archives/edgar/data/27419/0000027419-25-000114.txt
0000050863-25-000149,ceo_departure,INTC,2025-09-08,False,0.05,,"On September 7, 2025, Michelle Johnston Holthaus, Chief Executive Officer of Intel Products, notified Intel Corporation ('Intel') of her decision to resign for Good Reason (as defined in her Offer Letter, dated as of February 28, 2025). In connection with her resignation, Ms. Johnston Holthaus has agreed to remain employed by Intel in a non-executive role through March 1, 2026 to ensure a smooth transition. Upon her departure on March 1, 2026, Ms. Johnston Holthaus will be entitled to severance benefits in accordance with the terms and conditions of the Intel Corporation Executive Severance Plan.",https://www.sec.gov/Archives/edgar/data/50863/0000050863-25-000149.txt
0001193125-25-210089,ceo_departure,ORCL,2025-09-22,False,0.0,,"In connection with these leadership transitions, Safra Catz will no longer serve as Chief Executive Officer and Principal Financial Officer of Oracle as of the Effective Date. Ms. Catz will take on a new role as Executive Vice Chair of the Board and will continue as a director of Oracle.",https://www.sec.gov/Archives/edgar/data/1341439/0001193125-25-210089.txt
0001193125-25-209990,ceo_departure,TMUS,2025-09-22,False,0.0,,"Following the Effective Date, G. Michael Sievert, our current President and CEO, will transition to a new executive role, Vice Chairman of the Company. He will also continue to serve as a member of the Board, holding the position of Vice Chairman.",https://www.sec.gov/Archives/edgar/data/1283699/0001193125-25-209990.txt
0001193125-25-229405,ceo_departure,BRK.B,2025-10-03,False,0.0,,"Mr. Abel will replace Mr. Warren Buffett, Berkshire's current Chief Executive Officer on that date. Mr. Buffett will continue to be Chairman of the Company's Board of Directors.",https://www.sec.gov/Archives/edgar/data/1067983/0001193125-25-229405.txt
0001193125-25-231018,ceo_departure,VZ,2025-10-06,False,0.0,,"Hans E. Vestberg stepped down as Chairman and Chief Executive Officer. Effective October 4, 2025, Mr. Vestberg was named Special Advisor and is expected to serve in that role through October 4, 2026. He is also expected to continue to serve on the Board of Directors for the remainder of his current term.",https://www.sec.gov/Archives/edgar/data/732712/0001193125-25-231018.txt
0000104169-25-000172,ceo_departure,WMT,2025-11-14,False,0.0,,"On November 11, 2025, C. Douglas McMillon, president and chief executive officer of Walmart Inc. (the ""Company""), notified the Company that he will retire from his position as president and chief executive officer, effective on the close of business on January 31, 2026. On February 1, 2026, Mr. McMillon will continue in his capacity as an executive officer of the Company, he will report to the Chairman of the Board of Directors and he will continue to be employed as an associate of the Company through January 31, 2027.",https://www.sec.gov/Archives/edgar/data/104169/0000104169-25-000172.txt
0001552781-25-000454,ceo_departure,KO,2025-12-10,False,0.0,,"James Quincey, the Company's current Chief Executive Officer, will transition to Executive Chairman on March 31, 2026, when Henrique Braun becomes Chief Executive Officer.",https://www.sec.gov/Archives/edgar/data/21344/0001552781-25-000454.txt
0000764180-25-000133,ceo_departure,MO,2025-12-11,False,0.0,,"William F. Gifford, Jr. informed the Board of Directors of Altria Group, Inc. of his decision to retire as a director of Altria and as Chief Executive Officer ('CEO'), effective May 14, 2026 at the conclusion of Altria's 2026 Annual Meeting of Shareholders, having completed more than 30 years of distinguished service, including over five years as CEO.",https://www.sec.gov/Archives/edgar/data/764180/0000764180-25-000133.txt
0001193125-24-003197,cfo_appointment,GD,2024-01-05,False,0.0,,"Kimberly A. Kuryea, currently Senior Vice President, Human Resources and Administration, will transition to Senior Vice President and Chief Financial Officer, effective February 15, 2024.",https://www.sec.gov/Archives/edgar/data/40533/0001193125-24-003197.txt
0000947871-24-000009,cfo_appointment,CVS,2024-01-05,False,0.0,,"The Board of Directors of CVS Health appointed Thomas F. Cowhey to serve as CVS Health's Executive Vice President and Chief Financial Officer, effective January 5, 2024. In connection with his appointment, Mr. Cowhey will receive a base salary of $1 million and will be eligible for a target annual cash incentive of 150% of eligible earnings and target annual equity award of $5.5 million.",https://www.sec.gov/Archives/edgar/data/64803/0000947871-24-000009.txt
0001075531-24-000003,cfo_appointment,BKNG,2024-01-19,False,0.0,,"the Company has appointed Ewout L. Steenbergen as its Executive Vice President and Chief Financial Officer effective as of March 15, 2024.",https://www.sec.gov/Archives/edgar/data/1075531/0001075531-24-000003.txt
0000909832-24-000008,cfo_appointment,COST,2024-02-09,False,0.0,,"The Board of Directors has appointed Gary Millerchip as an Executive Vice President, effective February 29, 2024, and Costco's Chief Financial Officer to succeed Mr. Galanti, effective March 15, 2024. Mr. Millerchip, age 52, previously served as Senior Vice President and Chief Financial Officer of The Kroger Co. from April 2019 to February 2024.",https://www.sec.gov/Archives/edgar/data/909832/0000909832-24-000008.txt
0001193125-24-154725,cfo_appointment,GOOGL,2024-06-05,False,0.0,,"On June 5, 2024, Alphabet Inc. announced the appointment of Anat Ashkenazi, age 51, as the new Chief Financial Officer and Senior Vice President of Alphabet and Google LLC, effective July 31, 2024. Ms. Ashkenazi has served as Executive Vice President and Chief Financial Officer of Eli Lilly and Company, where she has worked for over 23 years.",https://www.sec.gov/Archives/edgar/data/1652044/0001193125-24-154725.txt
0001193125-24-157498,cfo_appointment,GOOGL,2024-06-07,False,0.0,,"On June 5, 2024, Alphabet Inc. announced the appointment of Anat Ashkenazi as the new Chief Financial Officer and Senior Vice President of Alphabet and Google LLC, effective July 31, 2024.",https://www.sec.gov/Archives/edgar/data/1652044/0001193125-24-157498.txt
0001467373-24-000189,cfo_appointment,ACN,2024-06-11,False,0.0,,"On June 11, 2024, Accenture plc announced the appointment of Angie Park as Chief Financial Officer, effective December 1, 2024. Ms. Park, 52, has been Accenture's lead, Business and Commercial Finance since September 2023 and has been with Accenture since December 1995.",https://www.sec.gov/Archives/edgar/data/1467373/0001467373-24-000189.txt
0001613103-24-000076,cfo_appointment,MDT,2024-06-26,False,0.27,,"Gary Corona, currently Senior Vice President, Global Financial Planning and Analysis, has been appointed to serve as interim Chief Financial Officer (Interim CFO) of the Company, effective upon Ms. Parkhill's departure. Mr. Corona, age 50, has served as Senior Vice President, Global Financial Planning and Analysis since joining the Company in January 2023. Prior to his role at Medtronic, Mr. Corona served as Vice President, Corporate Finance at General Mills, Inc., where he held finance roles of increasing responsibility during his 26 year tenure.",https://www.sec.gov/Archives/edgar/data/1613103/0001613103-24-000076.txt
0001090727-24-000038,cfo_appointment,UPS,2024-07-09,False,0.07,low,"United Parcel Service, Inc. announced that it is appointing Brian M. Dykes as Executive Vice President and Chief Financial Officer, effective immediately. Mr. Dykes, age 46, has been employed by the Company for over 25 years, most recently serving as Senior Vice President, Global Finance and Planning since April 2023.",https://www.sec.gov/Archives/edgar/data/1090727/0001090727-24-000038.txt
0001193125-24-184831,cfo_appointment,SCHW,2024-07-25,False,0.0,,"On July 24, 2024, the Board of Directors (the ""Board"") of The Charles Schwab Corporation (the ""Company"") appointed Michael Verdeschi to succeed Peter B. Crawford as the Company's Managing Director and Chief Financial Officer, effective as of October 1, 2024. Mr. Verdeschi, age 56, has served as Managing Director and Deputy Chief Financial Officer of the Company since May 2024. Prior to joining the Company, Mr. Verdeschi spent over 30 years with Citigroup, Inc., a leading global bank, where he most recently served as Treasurer from 2017 to October 2023.",https://www.sec.gov/Archives/edgar/data/316709/0001193125-24-184831.txt
0000066740-24-000088,cfo_appointment,MMM,2024-08-01,False,0.0,low,"the Board of Directors of the Company has appointed Anurag Maheshwari as the Company's Executive Vice President and Chief Financial Officer, effective September 1, 2024. Mr. Maheshwari, 50, currently serves as Executive Vice President and Chief Financial Officer for Otis Worldwide Corporation (Otis), a position he has held since August 2022.",https://www.sec.gov/Archives/edgar/data/66740/0000066740-24-000088.txt
0001140361-24-038601,cfo_appointment,AAPL,2024-08-26,False,0.01,,"Kevan Parekh, Apple's Vice President of Financial Planning and Analysis, will become Chief Financial Officer and join the executive team.",https://www.sec.gov/Archives/edgar/data/320193/0001140361-24-038601.txt
0000773840-24-000086,cfo_appointment,HON,2024-09-05,False,0.01,,"Michael Stepniak, age 47, will succeed Greg Lewis, age 56, as Senior Vice President and Chief Financial Officer following the Company's announcement of its fourth quarter and full-year financial results for the 2024 fiscal year.",https://www.sec.gov/Archives/edgar/data/773840/0000773840-24-000086.txt
0000059478-24-000213,cfo_appointment,LLY,2024-09-09,False,0.0,,"On September 9, 2024, Eli Lilly and Company (the ""Company"" or ""Lilly"") announced that the Board of Directors of the Company elected Lucas Montarce, age 47, as executive vice president and chief financial officer of the Company following an internal and external search performed across industries. Since joining Lilly in 2001, Mr. Montarce has held a range of finance leadership roles.",https://www.sec.gov/Archives/edgar/data/59478/0000059478-24-000213.txt
0000005272-24-000101,cfo_appointment,AIG,2024-09-18,False,0.0,,"Keith Walsh, age 50, will serve as Executive Vice President and Chief Financial Officer, effective October 21, 2024. Since 2017, Mr. Walsh has served as the Chief Financial Officer of Marsh, a subsidiary of Marsh & McLennan Companies, Inc. (MMC).",https://www.sec.gov/Archives/edgar/data/5272/0000005272-24-000101.txt
0000027419-24-000160,cfo_appointment,TGT,2024-09-19,False,0.0,,"Jim Lee has been appointed to the position of Executive Vice President and Chief Financial Officer, effective September 22, 2024. Prior to joining Target, Mr. Lee, 50, held various leadership positions with PepsiCo, Inc., including most recently as deputy chief financial officer from November 2023 to September 2024.",https://www.sec.gov/Archives/edgar/data/27419/0000027419-24-000160.txt
0001140361-25-000228,cfo_appointment,AAPL,2025-01-03,False,0.0,,"Apple's Board of Directors appointed Kevan Parekh, 53, as Apple's Senior Vice President, Chief Financial Officer, effective January 1, 2025. Mr. Parekh succeeds Luca Maestri in the role of CFO. Mr. Parekh joined Apple in June 2013 and assumed his current position in January 2025.",https://www.sec.gov/Archives/edgar/data/320193/0001140361-25-000228.txt
0001613103-25-000005,cfo_appointment,MDT,2025-01-21,False,0.0,,"On January 21, 2025, Medtronic plc (Company) announced the appointment of Thierry Pieton, age 54, as the Company's Executive Vice President and Chief Financial Officer (CFO), effective as of March 3, 2025 (Effective Date). Thierry Pieton is a global finance executive with experience across many of the world's most operationally-focused companies and industries, including almost 16 years within the General Electric (GE) group of companies.",https://www.sec.gov/Archives/edgar/data/1613103/0001613103-25-000005.txt
0000773840-25-000014,cfo_appointment,HON,2025-02-18,False,0.0,,"On February 14, 2025, the Board elected Mr. Mike Stepniak, age 47, to serve as the Company's Senior Vice President and Chief Financial Officer, effective as of February 17, 2025. Mr. Stepniak will serve as the Company's principal financial officer and an executive officer, and he will report to the Chairman and CEO of the Company, Mr. Vimal Kapur.",https://www.sec.gov/Archives/edgar/data/773840/0000773840-25-000014.txt
0000753308-25-000019,cfo_appointment,NEE,2025-03-17,False,0.0,,"Michael H. Dunne, Treasurer of NEE and FPL and Assistant Secretary of NEE, was appointed to succeed Mr. Bolster as Executive Vice President, Finance and Chief Financial Officer of NEE and FPL effective May 22, 2025. Mr. Dunne, age 49, has served as Treasurer of NEE and FPL and Assistant Secretary of NEE since January 2023.",https://www.sec.gov/Archives/edgar/data/37634/0000753308-25-000019.txt
0001193125-25-075089,cfo_appointment,CVS,2025-04-08,False,0.0,,"On April 7, 2025, the Board of Directors of CVS Health Corporation appointed Brian O. Newman to serve as Executive Vice President and Chief Financial Officer of CVS Health, effective May 12, 2025. Mr. Newman will receive an annualized base salary of $1.0 million and will be eligible to participate in CVS Health's annual bonus plan with a target annual cash bonus opportunity of 150% of his base salary. Mr. Newman's target annual equity award compensation will be $7.0 million, which for calendar year 2025 will be comprised of 60% performance stock units, 20% restricted stock units and 20% stock options.",https://www.sec.gov/Archives/edgar/data/64803/0001193125-25-075089.txt
0000936468-25-000026,cfo_appointment,LMT,2025-04-17,False,0.02,,"On April 17, 2025, Lockheed Martin also announced that Evan T. Scott has been appointed Chief Financial Officer to replace Mr. Malave effective April 17, 2025. Mr. Scott, age 48, has served as Vice President and Chief Financial Officer of the Missiles and Fire Control business segment of the Company since January 1, 2024.",https://www.sec.gov/Archives/edgar/data/936468/0000936468-25-000026.txt
0000858877-25-000021,cfo_appointment,CSCO,2025-05-14,False,0.0,,"On May 10, 2025, Cisco appointed Mark Patterson to succeed Mr. Herren as Executive Vice President and Chief Financial Officer of Cisco effective July 27, 2025. Mr. Patterson currently serves as Executive Vice President and Chief Strategy Officer of Cisco.",https://www.sec.gov/Archives/edgar/data/858877/0000858877-25-000021.txt
0000012927-25-000050,cfo_appointment,BA,2025-07-03,False,0.0,,"On June 29, 2025, the Board of Directors of The Boeing Company (the ""Company"") elected Jesus (Jay) Malave to serve as the Company's Executive Vice President and Chief Financial Officer, effective August 15, 2025 (the ""Effective Date""), succeeding Brian J. West in that role. Mr. Malave, 56, served as Chief Financial Officer of Lockheed Martin Corporation (""Lockheed"") from January 2022 to April 2025.",https://www.sec.gov/Archives/edgar/data/12927/0000012927-25-000050.txt
0000092122-25-000068,cfo_appointment,SO,2025-07-11,False,0.0,,"On July 10, 2025, the Board of Directors of The Southern Company appointed David P. Poroch, currently Comptroller of Southern Company, to serve as Executive Vice President and Chief Financial Officer of Southern Company, effective July 31, 2025.",https://www.sec.gov/Archives/edgar/data/92122/0000092122-25-000068.txt
0000097745-25-000095,cfo_appointment,TMO,2025-07-23,False,0.0,,"The Board of Directors approved the appointment of James R. Meyer, 46, currently Vice President, Financial Operations of the Company, to succeed Williamson as Senior Vice President and CFO of the Company, effective March 1, 2026. Mr. Meyer joined Thermo Fisher in July 2009 and has served in a number of finance roles of increasing responsibility across the Company.",https://www.sec.gov/Archives/edgar/data/97745/0000097745-25-000095.txt
0000313616-25-000155,cfo_appointment,DHR,2025-07-24,False,0.0,,"Effective February 28, 2026, Matthew E. Gugino will succeed Mr. McGrew as Executive Vice President-Chief Financial Officer. Mr. Gugino, 43, currently serves as Danaher's Vice President-Corporate FP&A and Group CFO with responsibility for the Life Sciences Innovations businesses. Since joining Danaher in 2013, Mr. Gugino has served in a series of progressively more responsible positions in the Company's finance and investor relations organizations.",https://www.sec.gov/Archives/edgar/data/313616/0000313616-25-000155.txt
0000731766-25-000232,cfo_appointment,UNH,2025-07-31,False,0.0,,"Wayne S. DeVeydt has been appointed its Chief Financial Officer, effective September 2, 2025. Mr. DeVeydt, age 55, currently serves as Managing Director of Bain Capital, a role he has held since 2022. He has also served as Executive Chairman of the Board of Directors of Surgery Partners since 2020.",https://www.sec.gov/Archives/edgar/data/731766/0000731766-25-000232.txt
0001193125-25-210089,cfo_appointment,ORCL,2025-09-22,False,0.0,,"Douglas Kehring was promoted to Executive Vice President, Principal Financial Officer of Oracle as of the Effective Date. Mr. Kehring, 52, has been Oracle's Executive Vice President, Operations since March 2015.",https://www.sec.gov/Archives/edgar/data/1341439/0001193125-25-210089.txt
0000077476-25-000055,cfo_appointment,PEP,2025-10-09,False,0.0,,"On October 7, 2025, the Board of Directors (the 'Board') of PepsiCo appointed Stephen ('Steve') Schmitt, 52, as PepsiCo's Executive Vice President and Chief Financial Officer, effective November 10, 2025. Mr. Schmitt has served as Executive Vice President and Chief Financial Officer for Walmart U.S. since 2021, overseeing the finance function for Walmart's multi-billion-dollar omni-channel U.S. organization.",https://www.sec.gov/Archives/edgar/data/77476/0000077476-25-000055.txt
0001104659-25-114632,cfo_appointment,C,2025-11-20,False,0.0,,"On November 19, 2025, the Board of Directors of Citigroup Inc. (Citi) appointed Gonzalo Luchetti, currently Citi's Head of U.S. Personal Banking, to be Citi's Chief Financial Officer, effective in early March 2026. Mr. Luchetti joined Citi in 2006 and assumed his current position in February 2021. Prior to his current role, he served as Head of Citi's Consumer Bank in Asia and EMEA.",https://www.sec.gov/Archives/edgar/data/831001/0001104659-25-114632.txt
0000034088-25-000122,cfo_appointment,XOM,2025-12-09,False,0.0,,"On December 8, 2025, the Corporation elected Neil A. Hansen as Senior Vice President and Chief Financial Officer (principal financial officer) of the Corporation effective February 1, 2026. Mr. Hansen, age 51, has served as President of ExxonMobil Global Business Solutions since May 2025. He previously served as Senior Vice President, Energy Products for ExxonMobil Product Solutions Company from April 2022 to May 2025... In connection with his election as Senior Vice President and Chief Financial Officer he will have an annual salary of $1.02 million per year.",https://www.sec.gov/Archives/edgar/data/34088/0000034088-25-000122.txt
0001193125-25-314935,cfo_appointment,BRK.B,2025-12-11,False,0.0,low,"Charles C. Chang, age 57, will succeed Mr. Hamburg as Berkshire's Senior Vice President and Chief Financial Officer on June 1, 2026. Mr. Chang has been Berkshire Hathaway Energy's Senior Vice President and Chief Financial Officer since joining BHE on October 1, 2024. Prior to joining BHE, Mr. Chang had been a partner at PricewaterhouseCoopers since 2002.",https://www.sec.gov/Archives/edgar/data/1067983/0001193125-25-314935.txt
0000764180-25-000133,cfo_appointment,MO,2025-12-11,False,0.0,,"On December 10, 2025, the Board elected Salvatore Mancuso to become Altria's CEO and Heather A. Newman to become Altria's Executive Vice President and Chief Financial Officer ('CFO'), in each case, effective May 14, 2026 at the conclusion of the 2026 Annual Meeting. Ms. Newman, age 48, currently serves as Altria's Senior Vice President, Chief Strategy & Growth Officer since March 2022.",https://www.sec.gov/Archives/edgar/data/764180/0000764180-25-000133.txt
0000947871-24-000009,cfo_departure,CVS,2024-01-05,False,0.99,,"On January 5, 2024, CVS Health also announced that Shawn M. Guertin, who was on a personal leave of absence since October 13, 2023, will step down from his role as CVS Health's Executive Vice President, Chief Financial Officer and President of Health Services due to family health reasons, effective immediately.",https://www.sec.gov/Archives/edgar/data/64803/0000947871-24-000009.txt
0001075531-24-000003,cfo_departure,BKNG,2024-01-19,False,0.02,low,"Upon Mr. Steenbergen's commencement of employment, David I. Goulden will no longer serve as the Company's Chief Financial Officer.",https://www.sec.gov/Archives/edgar/data/1075531/0001075531-24-000003.txt
0000909832-24-000008,cfo_departure,COST,2024-02-09,False,0.0,,"Richard Galanti will retire as Costco's Chief Financial Officer, effective March 15, 2024, following nearly forty years of distinguished service to the Company. Mr. Galanti will remain an Executive Vice President and a member of the Board of Directors.",https://www.sec.gov/Archives/edgar/data/909832/0000909832-24-000008.txt
0001090727-24-000031,cfo_departure,UPS,2024-05-06,False,0.0,,"Brian O. Newman will depart as the Company's Executive Vice President and Chief Financial Officer, effective June 1, 2024. The Company and Mr. Newman intend to enter into a separation agreement memorializing the terms of his departure from the Company.",https://www.sec.gov/Archives/edgar/data/1090727/0001090727-24-000031.txt
0001193125-24-140547,cfo_departure,SCHW,2024-05-16,False,0.0,,Peter B. Crawford notified the Company of his intent to retire from his Managing Director and Chief Financial Officer position at the Company following a planned transition period with the effective date of his retirement to be determined in the future.,https://www.sec.gov/Archives/edgar/data/316709/0001193125-24-140547.txt
0000059478-24-000146,cfo_departure,LLY,2024-06-05,False,0.01,,Anat Ashkenazi resigned as Executive Vice President and Chief Financial Officer of the Company to pursue another career opportunity outside of the pharmaceutical industry. Ms. Ashkenazi will continue to serve at full capacity in her role and as a member of the Company's Executive Committee through July 2024.,https://www.sec.gov/Archives/edgar/data/59478/0000059478-24-000146.txt
0001467373-24-000189,cfo_departure,ACN,2024-06-11,False,0.0,,"Ms. Park succeeds KC McClure, who is retiring after 36 years of service with Accenture. Ms. McClure will step down as Chief Financial Officer and member of the Global Management Committee on November 30, 2024, and retire on March 31, 2025.",https://www.sec.gov/Archives/edgar/data/1467373/0001467373-24-000189.txt
0001613103-24-000076,cfo_departure,MDT,2024-06-26,False,0.51,,"Karen L. Parkhill, Executive Vice President and Chief Financial Officer of Medtronic plc (Company), notified the Company of her decision to resign from the Company, effective August 2, 2024.",https://www.sec.gov/Archives/edgar/data/1613103/0001613103-24-000076.txt
0000059478-24-000164,cfo_departure,LLY,2024-07-10,False,0.22,,Anat Ashkenazi resigned as executive vice president and chief financial officer of the Company to pursue another career opportunity outside of the pharmaceutical industry.,https://www.sec.gov/Archives/edgar/data/59478/0000059478-24-000164.txt
0000066740-24-000070,cfo_departure,MMM,2024-07-10,False,0.0,low,"Monish Patolawala, President and Chief Financial Officer, has announced his intention to resign from 3M Company, effective July 31, 2024. Mr. Patolawala will remain in his current role at 3M through July 31, 2024 to help ensure a smooth transition.",https://www.sec.gov/Archives/edgar/data/66740/0000066740-24-000070.txt
0001193125-24-184831,cfo_departure,SCHW,2024-07-25,False,0.0,,"Michael Verdeschi to succeed Peter B. Crawford as the Company's Managing Director and Chief Financial Officer, effective as of October 1, 2024.",https://www.sec.gov/Archives/edgar/data/316709/0001193125-24-184831.txt
0000066740-24-000088,cfo_departure,MMM,2024-08-01,False,0.0,,"Pending Mr. Maheshwari's assumption of the CFO role on September 1, 2024, the Board of Directors of the Company has appointed Theresa ('Teri') Reinseth as Interim Chief Financial Officer, effective August 1, 2024, as successor following the previously announced departure of Monish Patolawala, who served as the Company's CFO through July 31, 2024.",https://www.sec.gov/Archives/edgar/data/66740/0000066740-24-000088.txt
0001140361-24-038601,cfo_departure,AAPL,2024-08-26,False,0.0,,"Chief Financial Officer Luca Maestri will transition from his role on January 1, 2025. Mr. Maestri will continue to lead Corporate Services teams, including information systems and technology, information security, and real estate and development, reporting to Apple CEO Tim Cook.",https://www.sec.gov/Archives/edgar/data/320193/0001140361-24-038601.txt
0001108524-24-000020,cfo_departure,CRM,2024-08-28,False,0.0,,"On August 28, 2024, the Company announced that Amy Weaver will step down from her role as President and Chief Financial Officer of the Company effective upon the appointment of her successor or upon the filing of the Company's annual report on Form 10-K for the fiscal year ending January 31, 2025.",https://www.sec.gov/Archives/edgar/data/1108524/0001108524-24-000020.txt
0000773840-24-000086,cfo_departure,HON,2024-09-05,False,0.0,,"Greg Lewis, age 56, as Senior Vice President and Chief Financial Officer... Following the Transition, Mr. Lewis will serve as Senior Vice President, Honeywell Accelerator and Senior Advisor.",https://www.sec.gov/Archives/edgar/data/773840/0000773840-24-000086.txt
0000005272-24-000101,cfo_departure,AIG,2024-09-18,False,0.0,,"Mr. Walsh succeeds Executive Vice President and Chief Financial Officer Sabra Purtill who, upon Mr. Walsh's commencement of employment, will work on strategic projects and act as an advisor to Mr. Walsh to enable a smooth transition.",https://www.sec.gov/Archives/edgar/data/5272/0000005272-24-000101.txt
0001140361-25-000228,cfo_departure,AAPL,2025-01-03,False,0.0,,"As part of Apple Inc.'s previously announced Chief Financial Officer transition plan, Apple's Board of Directors appointed Kevan Parekh, 53, as Apple's Senior Vice President, Chief Financial Officer, effective January 1, 2025. Mr. Parekh succeeds Luca Maestri in the role of CFO.",https://www.sec.gov/Archives/edgar/data/320193/0001140361-25-000228.txt
0000909832-25-000008,cfo_departure,COST,2025-02-03,False,0.0,,"As announced by the Company in the Form 8-K filed on February 9, 2024, Mr. Galanti retired as the Company's Chief Financial Officer effective March 15, 2024.",https://www.sec.gov/Archives/edgar/data/909832/0000909832-25-000008.txt
0000773840-25-000014,cfo_departure,HON,2025-02-18,False,0.0,,"Mr. Stepniak succeeds Mr. Gregory P. Lewis, who has been elected by the Board to the newly-created position of Senior Vice President, Transformation and Senior Advisor, effective as of February 17, 2025. In this role, Mr. Lewis will continue to report to Mr. Kapur but will no longer be an executive officer of the Company.",https://www.sec.gov/Archives/edgar/data/773840/0000773840-25-000014.txt
0000829224-25-000016,cfo_departure,SBUX,2025-03-04,False,0.56,,"On March 4, 2025, the Company also announced that Rachel Ruggeri would no longer serve as the Company's executive vice president, chief financial officer and principal financial officer and principal accounting officer, effective, in each case, as of a date to be determined. Ms. Ruggeri's separation from the Company meets the conditions of the ""without cause"" provisions of the Company's Executive Severance and Change in Control Plan for purposes of all plan benefits thereunder.",https://www.sec.gov/Archives/edgar/data/829224/0000829224-25-000016.txt
0000753308-25-000019,cfo_departure,NEE,2025-03-17,False,0.75,,"Brian W. Bolster, Executive Vice President, Finance and Chief Financial Officer of NEE and Florida Power & Light Company (FPL), resigned from those positions effective May 22, 2025.",https://www.sec.gov/Archives/edgar/data/37634/0000753308-25-000019.txt
0001193125-25-075089,cfo_departure,CVS,2025-04-08,False,0.0,,"On April 7, 2025, the Board of Directors of the Company also determined that Thomas F. Cowhey, currently the Executive Vice President and Chief Financial Officer of CVS Health, will cease to serve as Executive Vice President and Chief Financial Officer of CVS Health as of the Effective Date. Thereafter, Mr. Cowhey will continue to be employed by the Company as Strategic Advisor to the President and Chief Executive Officer of CVS Health and assisting in the transition of his duties until his departure from the Company, which date has not yet been determined.",https://www.sec.gov/Archives/edgar/data/64803/0001193125-25-075089.txt
0000858877-25-000021,cfo_departure,CSCO,2025-05-14,False,0.0,,"On May 9, 2025, Scott Herren notified Cisco Systems, Inc. of his decision to retire as Executive Vice President and Chief Financial Officer of Cisco effective July 26, 2025. Mr. Herren will remain employed by Cisco as an Executive Advisor through May 1, 2026.",https://www.sec.gov/Archives/edgar/data/858877/0000858877-25-000021.txt
0000012927-25-000050,cfo_departure,BA,2025-07-03,False,0.01,,"As of the Effective Date, Mr. West will cease to be the Company's Executive Vice President and Chief Financial Officer and will assume the role of Special Advisor to the Chief Executive Officer.",https://www.sec.gov/Archives/edgar/data/12927/0000012927-25-000050.txt
0000092122-25-000068,cfo_departure,SO,2025-07-11,False,0.0,,"Daniel S. Tucker, who, on July 10, 2025, announced he will retire from Southern Company, effective October 1, 2025. Mr. Tucker will step down as Executive Vice President and Chief Financial Officer of Southern Company, effective July 31, 2025, and will continue employment as a senior advisor to the Chief Executive Officer of Southern Company through his retirement on October 1, 2025.",https://www.sec.gov/Archives/edgar/data/92122/0000092122-25-000068.txt
0000313616-25-000155,cfo_departure,DHR,2025-07-24,False,0.0,,"Matthew M. McGrew, Executive Vice President and Chief Financial Officer of Danaher Corporation (the ""Company"" or ""Danaher""), notified the Company that he plans to relinquish his role as Chief Financial Officer as of February 28, 2026, after which he will continue as an Executive Vice President of the Company.",https://www.sec.gov/Archives/edgar/data/313616/0000313616-25-000155.txt
0000731766-25-000232,cfo_departure,UNH,2025-07-31,False,0.0,,"John F. Rex, who joined the Company in 2012 and has been its Chief Financial Officer since 2016, will, on the Effective Date, become a Strategic Advisor to the Company's Chief Executive Officer in accordance with his employment contract executed in 2016.",https://www.sec.gov/Archives/edgar/data/731766/0000731766-25-000232.txt
0000077476-25-000055,cfo_departure,PEP,2025-10-09,False,0.0,,"Upon the Effective Date, Mr. Schmitt will succeed Jamie Caulfield, Executive Vice President and Chief Financial Officer, as PepsiCo's principal financial officer. Mr. Caulfield will retire from PepsiCo at the end of the transition arrangement described below.",https://www.sec.gov/Archives/edgar/data/77476/0000077476-25-000055.txt
0001104659-25-114632,cfo_departure,C,2025-11-20,False,0.01,low,"Mr. Luchetti will replace Mark A. L. Mason, who has accepted the position of Executive Vice Chair of Citi and Senior Executive Advisor to Citi's Chair and CEO Jane Fraser, effective as of the same time.",https://www.sec.gov/Archives/edgar/data/831001/0001104659-25-114632.txt
0000034088-25-000122,cfo_departure,XOM,2025-12-09,False,0.33,,"On December 8, 2025, Kathryn A. Mikells announced her intention to retire from her position as Senior Vice President and Chief Financial Officer (principal financial officer) of the Corporation effective February 1, 2026. In recent months, Ms. Mikells has undergone a series of procedures and surgeries to address a debilitating but non-life-threatening health issue. She has decided to retire from the Corporation to focus full-time on her recovery.",https://www.sec.gov/Archives/edgar/data/34088/0000034088-25-000122.txt
0001193125-25-314935,cfo_departure,BRK.B,2025-12-11,False,0.0,,"Marc D. Hamburg, Berkshire's Senior Vice President and Chief Financial Officer will retire from Berkshire on June 1, 2027. Mr. Hamburg will resign as Berkshire's Chief Financial Officer on June 1, 2026 and work with his replacement from that date until his retirement on June 1, 2027 to ensure a smooth and seamless transition.",https://www.sec.gov/Archives/edgar/data/1067983/0001193125-25-314935.txt
0000050863-24-000003,executive_officer_appointment,INTC,2024-01-03,False,0.0,,"Sandra L. Rivera will assume the role of Chief Executive Officer of Programmable Solutions Group (""PSG""), an Intel standalone business, on January 1, 2024.",https://www.sec.gov/Archives/edgar/data/50863/0000050863-24-000003.txt
0000101829-24-000003,executive_officer_appointment,RTX,2024-01-04,False,0.0,,"Phil Jasper, currently president of Mission Systems at the Company's Collins Aerospace business unit, will assume the role of president of Raytheon effective January 7, 2024.",https://www.sec.gov/Archives/edgar/data/101829/0000101829-24-000003.txt
0000947871-24-000009,executive_officer_appointment,CVS,2024-01-05,False,0.0,,"The Board also appointed Mike Pykosz as President of Health Care Delivery, effective January 5, 2024. Mr. Pykosz has been serving as CVS Health's interim President of Health Care Delivery since October 13, 2023.",https://www.sec.gov/Archives/edgar/data/64803/0000947871-24-000009.txt
0000027419-24-000003,executive_officer_appointment,TGT,2024-01-18,False,0.0,,"Target Corporation appointed Michael J. Fiddelke to the position of Executive Vice President and Chief Operating Officer, effective February 4, 2024. In connection with his appointment, Mr. Fiddelke will receive an annual base salary of $900,000.",https://www.sec.gov/Archives/edgar/data/27419/0000027419-24-000003.txt
0000804328-24-000005,executive_officer_appointment,QCOM,2024-01-23,False,0.1,,"On January 22, 2024, the Board of Directors (the ""Board"") of QUALCOMM Incorporated (the ""Company""), appointed Akash Palkhiwala, the Company's Chief Financial Officer, to also serve as the Company's Chief Operating Officer, effective immediately. In this expanded role, Mr. Palkhiwala will now also be responsible for the global go-to-market organization and operations.",https://www.sec.gov/Archives/edgar/data/804328/0000804328-24-000005.txt
0001140361-24-008198,executive_officer_appointment,BMY,2024-02-15,False,0.0,,"Effective February 15, 2024, Mr. Phil Holzer will be appointed Senior Vice President and Controller of Bristol-Myers Squibb Company. Mr. Holzer, 48, joined the Company in 2001. Most recently, from 2021 to 2024, he served as Senior Vice President, Finance, Treasury and Tax Operations.",https://www.sec.gov/Archives/edgar/data/14272/0001140361-24-008198.txt
0001193125-24-064820,executive_officer_appointment,FDX,2024-03-11,False,0.0,,"Sriram Krishnasamy will become Executive Vice President - Chief Digital and Information Officer-Elect and Chief Transformation Officer effective March 11, 2024 and Executive Vice President - Chief Digital and Information Officer and Chief Transformation Officer effective July 1, 2024. In these roles, Mr. Krishnasamy will continue to lead FedEx Dataworks.",https://www.sec.gov/Archives/edgar/data/1048911/0001193125-24-064820.txt
0001104659-24-034815,executive_officer_appointment,DUK,2024-03-15,False,0.0,,"Mr. Harry K. Sideris has been appointed as President, effective April 1, 2024. Mr. Sideris, age 53, has served as Executive Vice President, Customer Experience, Solutions and Services since May 2021.",https://www.sec.gov/Archives/edgar/data/1326160/0001104659-24-034815.txt
0000012927-24-000014,executive_officer_appointment,BA,2024-03-25,False,0.02,,"The Board elected Stephanie F. Pope, Executive Vice President and Chief Operating Officer, to replace Stanley A. Deal as President and Chief Executive Officer, Boeing Commercial Airplanes, effective March 25, 2024.",https://www.sec.gov/Archives/edgar/data/12927/0000012927-24-000014.txt
0000731766-24-000122,executive_officer_appointment,UNH,2024-03-28,False,0.0,,"effective April 1, 2024, John Rex, the Company's Chief Financial Officer, has been appointed to serve as the Company's President in addition to continuing with his existing responsibilities as Chief Financial Officer.",https://www.sec.gov/Archives/edgar/data/731766/0000731766-24-000122.txt
0000040545-24-000089,executive_officer_appointment,GE,2024-04-08,False,0.0,low,"On April 5, 2024, GE Aerospace (General Electric Company or the ""Company"") elected new officers following the Company's completion of its spin-off of GE Vernova Inc. This included the appointment of Robert Giglietti, 53, as Chief Accounting Officer, Controller and Treasurer, succeeding Thomas S. Timko as principal accounting officer.",https://www.sec.gov/Archives/edgar/data/40545/0000040545-24-000089.txt
0001193125-24-094012,executive_officer_appointment,GS,2024-04-12,False,0.04,,"Effective May 1, 2024, Carey Halio will become Global Treasurer of the Registrant, with transition to such role to begin immediately.",https://www.sec.gov/Archives/edgar/data/886982/0001193125-24-094012.txt
0001552781-24-000261,executive_officer_appointment,KO,2024-05-02,False,0.0,,"Erin ""Ellie"" May, currently Senior Vice President and Controller, was appointed to the additional role of Chief Accounting Officer, the Company's Principal Accounting Officer, effective June 1, 2024. Ms. May, age 45, has been Senior Vice President since January 1, 2024 and Controller since she joined the Company on May 1, 2023.",https://www.sec.gov/Archives/edgar/data/21344/0001552781-24-000261.txt
0001193125-24-130532,executive_officer_appointment,USB,2024-05-03,False,0.14,,"On May 3, 2024, U.S. Bancorp announced the promotion of Gunjan Kedia, 53, to the position of President of U.S. Bancorp and U.S. Bank National Association, effective immediately. Ms. Kedia had been serving as Vice Chair, Wealth, Corporate, Commercial & Institutional Banking of U.S. Bancorp and U.S. Bank since June 2023.",https://www.sec.gov/Archives/edgar/data/36104/0001193125-24-130532.txt
0000731766-24-000159,executive_officer_appointment,UNH,2024-05-15,False,0.0,,"Chris Zaetta, Chief Legal Officer of Optum, will succeed Mr. Bondy to assume the role of the Company's Executive Vice President, Chief Legal Officer and Corporate Secretary on the Effective Date.",https://www.sec.gov/Archives/edgar/data/731766/0000731766-24-000159.txt
0001193125-24-139371,executive_officer_appointment,CSCO,2024-05-15,False,0.0,,"Effective May 15, 2024, as part of organizational changes with respect to Cisco's executive leadership team, Cisco appointed Gary Steele as President, Go-to-Market. As part of Mr. Steele's new role, he will assume responsibility for Cisco's global sales, partner, and marketing operations.",https://www.sec.gov/Archives/edgar/data/858877/0001193125-24-139371.txt
0001633917-24-000075,executive_officer_appointment,PYPL,2024-06-03,False,0.0,,"On June 3, 2024, PayPal Holdings, Inc. (the ""Company,"" and collectively with its consolidated subsidiaries, ""PayPal"") announced the appointment of Christopher Natali as the Company's Vice President, Chief Accounting Officer, effective June 20, 2024.",https://www.sec.gov/Archives/edgar/data/1633917/0001633917-24-000075.txt
0001467373-24-000189,executive_officer_appointment,ACN,2024-06-11,False,0.0,,"Mauro Macchi, who currently serves as Accenture's market unit lead for Italy, Central Europe, and Greece (ICEG) and as a member of the Global Management Committee, has been appointed as Chief Executive Officer, EMEA, effective September 1, 2024, succeeding Mr. Ollagnier.",https://www.sec.gov/Archives/edgar/data/1467373/0001467373-24-000189.txt
0001193125-24-167894,executive_officer_appointment,GM,2024-06-25,False,0.01,,"On June 24, 2024, the General Motors Company (the ""Company"") Board of Directors (the ""Board"") approved the election of Craig B. Glidden to a new role as the Company's Executive Vice President and Strategic Advisor, a position he will hold through December 31, 2024.",https://www.sec.gov/Archives/edgar/data/1467858/0001193125-24-167894.txt
0000101829-24-000022,executive_officer_appointment,RTX,2024-07-17,False,0.01,,"Troy Brunk, currently president of Collins Aerospace's Mission Systems business, has been appointed president of Collins Aerospace.",https://www.sec.gov/Archives/edgar/data/101829/0000101829-24-000022.txt
0001373715-24-000269,executive_officer_appointment,NOW,2024-07-24,False,0.63,,"The Company has appointed Chris Bedi as Interim Chief Product Officer, effective immediately. Mr. Bedi has been at the Company for nearly a decade with roles including Chief Digital Information Officer and Chief Customer Officer.",https://www.sec.gov/Archives/edgar/data/1373715/0001373715-24-000269.txt
0000063908-24-000116,executive_officer_appointment,MCD,2024-07-26,False,0.0,,"On July 25, 2024, the Board of Directors (the ""Board"") of McDonald's Corporation (the ""Company"") appointed Lauren B. Elting to serve as the Company's ""principal accounting officer,"" effective October 1, 2024. Ms. Elting will join the Company on July 30, 2024 as a Vice President to ensure a smooth transition prior to Catherine A. Hoovel's retirement on October 1, 2024.",https://www.sec.gov/Archives/edgar/data/63908/0000063908-24-000116.txt
0000093410-24-000037,executive_officer_appointment,CVX,2024-08-02,False,0.0,,"Mark A. Nelson, the Company's Vice Chairman, will also assume the position of Executive Vice President, Oil, Products & Gas, effective October 1, 2024.",https://www.sec.gov/Archives/edgar/data/93410/0000093410-24-000037.txt
0001552781-24-000415,executive_officer_appointment,UBER,2024-08-02,False,0.04,,"Katie Waitzman, the Company's Chief Deputy General Counsel, will assume Mr. West's duties as General Counsel, and Elizabeth Coleman, the Company's Deputy General Counsel and Deputy Corporate Secretary, will assume Mr. West's duties as Corporate Secretary during such leave of absence.",https://www.sec.gov/Archives/edgar/data/1543151/0001552781-24-000415.txt
0000796343-24-000192,executive_officer_appointment,ADBE,2024-08-08,False,0.0,,"On August 5, 2024, the Company's Board of Directors appointed Jillian Forusz as the Company's Principal Accounting Officer, to be effective as of August 9, 2024. Starting August 9, 2024, Ms. Forusz, age 50, will serve as Senior Vice President and Chief Accounting Officer of the Company.",https://www.sec.gov/Archives/edgar/data/796343/0000796343-24-000192.txt
0001104659-24-098637,executive_officer_appointment,C,2024-09-10,False,0.56,,"On September 10, 2024, Robert Walsh, age 54, agreed to become interim Chief Accounting Officer of Citi, effective immediately, while a search for a permanent replacement is conducted. Mr. Walsh has been the Controller for the Services business since November 2023.",https://www.sec.gov/Archives/edgar/data/831001/0001104659-24-098637.txt
0001193125-24-238769,executive_officer_appointment,GOOGL,2024-10-17,False,0.39,,"Prabhakar Raghavan, Senior Vice President, Knowledge and Information, will be transitioning to the newly created role of Chief Technologist of Google LLC, effective immediately.",https://www.sec.gov/Archives/edgar/data/1652044/0001193125-24-238769.txt
0001373715-24-000342,executive_officer_appointment,NOW,2024-10-23,False,0.0,,"On October 21, 2024, the Board of Directors of the Company appointed Amit Zavery, age 53, as President, Chief Product Officer and Chief Operating Officer of the Company, effective October 28, 2024.",https://www.sec.gov/Archives/edgar/data/1373715/0001373715-24-000342.txt
0001654954-24-013677,executive_officer_appointment,LIN,2024-11-04,False,0.0,,"Binod Patwari, who currently serves as the Managing Director of Linde's South Pacific Region, has been appointed as Senior Vice President-APAC, succeeding Mr. Panikar, effective November 1, 2024. Mr. Patwari will be responsible for all APAC operations, executing the business plan and developing strategies for the APAC region.",https://www.sec.gov/Archives/edgar/data/1707925/0001654954-24-013677.txt
0001193125-24-251673,executive_officer_appointment,CVS,2024-11-06,False,0.0,,"On November 6, 2024, CVS Health Corporation (the ""Company"") appointed Prem S. Shah as Executive Vice President and Group President, a newly created position within the Company. As Group President, Mr. Shah will be responsible for the operational performance and integrated value creation from CVS Caremark, CVS Pharmacy, and the Company's Health Care Delivery businesses, including Oak Street Health and Signify Health.",https://www.sec.gov/Archives/edgar/data/64803/0001193125-24-251673.txt
0000002488-24-000172,executive_officer_appointment,AMD,2024-11-18,False,0.0,,"On November 13, 2024, the Board of Directors of AMD appointed Mr. Philip Carter, 46, as AMD's Corporate Vice President, Chief Accounting Officer and principal accounting officer effective as of November 18, 2024. Mr. Carter previously served as Corporate Vice President, Chief Accounting Officer at Skyworks Solutions, Inc. where he had worked since February 2017.",https://www.sec.gov/Archives/edgar/data/2488/0000002488-24-000172.txt
0001193125-24-269487,executive_officer_appointment,MDLZ,2024-12-03,False,0.0,,"On December 3, 2024, the Company issued a press release announcing Mr. Gruber's retirement and Volker Kuhn's appointment as the Company's Executive Vice President and President, Europe, effective April 1, 2025. Mr. Kuhn will join the Company on January 6, 2025.",https://www.sec.gov/Archives/edgar/data/1103982/0001193125-24-269487.txt
0001193125-24-271502,executive_officer_appointment,BK,2024-12-05,False,0.0,,"Rajashree Datta will join the Company as Deputy Chief Risk Officer on December 15, 2024.",https://www.sec.gov/Archives/edgar/data/1390777/0001193125-24-271502.txt
0000092122-24-000093,executive_officer_appointment,SO,2024-12-10,False,0.0,,"Stanley W. Connally, Jr. will assume the role of Executive Vice President and Chief Operating Officer of the Company, effective January 1, 2025. Mr. Connally, 55, was first elected as an executive officer of the Company in 2012. He has served as Executive Vice President for Operations of the Company and Chairman, President, and Chief Executive Officer of Southern Company Services, Inc.",https://www.sec.gov/Archives/edgar/data/92122/0000092122-24-000093.txt
0001552781-24-000626,executive_officer_appointment,KO,2024-12-11,False,0.0,,"Henrique Braun, age 56, has been named Executive Vice President and Chief Operating Officer of the Company, effective January 1, 2025. In this expanded role, Mr. Braun will be responsible for all the Company's operating units worldwide.",https://www.sec.gov/Archives/edgar/data/21344/0001552781-24-000626.txt
0000804328-24-000079,executive_officer_appointment,QCOM,2024-12-12,False,0.0,,"Dr. Baaziz Achour, who currently serves as Deputy CTO, will serve as CTO-elect effective immediately. Dr. Achour will commence his service as CTO upon Dr. Thompson's retirement from the position on February 3, 2025.",https://www.sec.gov/Archives/edgar/data/804328/0000804328-24-000079.txt
0001104659-24-128413,executive_officer_appointment,ABBV,2024-12-13,False,0.0,,"David R. Purdue, 47, has been appointed Senior Vice President, Controller effective March 1, 2025 (the ""Effective Date""). Mr. Purdue has been AbbVie's Vice President, Controller, Commercial Operations since 2022.",https://www.sec.gov/Archives/edgar/data/1551152/0001104659-24-128413.txt
0001035267-25-000002,executive_officer_appointment,ISRG,2025-01-06,False,0.0,,"Effective January 1, 2025, Henry L. Charlton was promoted to serve as Executive Vice President, Chief Commercial and Marketing Officer of the Company. Mr. Charlton previously served as Senior Vice President, Chief Commercial and Marketing Officer.",https://www.sec.gov/Archives/edgar/data/1035267/0001035267-25-000002.txt
0001053507-25-000002,executive_officer_appointment,AMT,2025-01-07,False,0.0,,"On January 7, 2025, American Tower Corporation (the ""Company"") announced that, effective January 13, 2025, Eugene M. Noel will become Executive Vice President and Chief Operating Officer of the Company. Mr. Noel, 56, joined the Company in 2011 as Senior Vice President, U.S. Tower Operations... He brings over 25 years of experience in wireless real estate development and operations, including leadership positions held at Sprint Nextel and LightSquared prior to joining the Company.",https://www.sec.gov/Archives/edgar/data/1053507/0001053507-25-000002.txt
0001193125-25-006009,executive_officer_appointment,JPM,2025-01-14,False,0.27,,"Jennifer A. Piepszak, 54, Co-Chief Executive Officer of the Commercial & Investment Bank, has been named as a Chief Operating Officer of the Firm, effective immediately.",https://www.sec.gov/Archives/edgar/data/19617/0001193125-25-006009.txt
0001193125-25-012757,executive_officer_appointment,TMUS,2025-01-27,False,0.0,,"On January 27, 2025, the Board of Directors (the ""Board"") of T-Mobile US, Inc. (""T-Mobile"") appointed Srinivasan Gopalan as Chief Operating Officer (""COO"") of T-Mobile, effective as of March 1, 2025 (the ""Effective Date"").",https://www.sec.gov/Archives/edgar/data/1283699/0001193125-25-012757.txt
0001103982-25-000012,executive_officer_appointment,MDLZ,2025-01-27,False,0.0,,"Brian Stevens has been appointed as our Senior Vice President, Corporate Controller & Chief Accounting Officer, effective February 10, 2025. Mr. Stevens, age 50, served with Baxter International, a multinational healthcare company, as Senior Vice President, Chief Accounting Officer and Controller (from December 2018 to September 2024).",https://www.sec.gov/Archives/edgar/data/1103982/0001103982-25-000012.txt
0001104659-25-006571,executive_officer_appointment,COP,2025-01-28,False,0.0,,"Philip M. Gresh, currently vice president, Investor Relations, will become vice president, Investor Relations and Treasurer, effective March 1, 2025.",https://www.sec.gov/Archives/edgar/data/1163165/0001104659-25-006571.txt
0000072971-25-000043,executive_officer_appointment,WFC,2025-01-30,False,0.87,,"Fernando Rivas, who joined the Company in May 2024 as Co-CEO of CIB, will become CIB's sole CEO effective immediately.",https://www.sec.gov/Archives/edgar/data/72971/0000072971-25-000043.txt
0001193125-25-020881,executive_officer_appointment,CRM,2025-02-05,False,0.0,,"On February 5, 2025, Salesforce, Inc. (the ""Company"" or ""Salesforce"") announced the appointment of Robin Washington to serve as the Company's President and Chief Operating and Financial Officer, effective as of March 21, 2025 (the ""Effective Date""). Ms. Washington, age 62, has served as a member of the Salesforce Board of Directors (the ""Board"") since 2013, and Lead Independent Director since 2022.",https://www.sec.gov/Archives/edgar/data/1108524/0001193125-25-020881.txt
0000066740-25-000012,executive_officer_appointment,MMM,2025-02-10,False,0.0,,"Also on February 4, 2025, the 3M Board of Directors appointed William M. Brown, Chief Executive Officer of 3M, to serve as Chairman of the Board of Directors of 3M, effective March 1, 2025.",https://www.sec.gov/Archives/edgar/data/66740/0000066740-25-000012.txt
0001104659-25-014780,executive_officer_appointment,C,2025-02-18,False,0.0,,"On February 13, 2025, Nicole Giles was appointed Chief Accounting Officer of Citigroup Inc. (Citi), effective as of February 21, 2025, and Controller of Citi, effective immediately. Ms. Giles, 53, has held various positions at J.P.Morgan Chase & Co., since 1996, including Controller & Chief Accounting Officer from 2017 through 2020, and more recently Chief Financial Officer, Commercial & Investment Banking since March 2024.",https://www.sec.gov/Archives/edgar/data/831001/0001104659-25-014780.txt
0001193125-25-032029,executive_officer_appointment,TMUS,2025-02-21,False,0.0,,"Srini Gopalan notified the Board of his decision to resign from the Board and its Compensation Committee, effective as of February 28, 2025, due to his acceptance of a new role at the Company as the Company's Chief Operating Officer.",https://www.sec.gov/Archives/edgar/data/1283699/0001193125-25-032029.txt
0001141391-25-000023,executive_officer_appointment,MA,2025-02-26,False,0.0,,"Effective May 1, 2025, Richard Verma will re-join Mastercard and succeed Mr. Murphy as Chief Administrative Officer.",https://www.sec.gov/Archives/edgar/data/1141391/0001141391-25-000023.txt
0000050863-25-000024,executive_officer_appointment,INTC,2025-02-28,False,0.0,,"On December 1, 2024, Intel Corporation appointed Michelle Johnston Holthaus as Chief Executive Officer of the Intel Products business.",https://www.sec.gov/Archives/edgar/data/50863/0000050863-25-000024.txt
0001321655-25-000033,executive_officer_appointment,PLTR,2025-02-28,False,0.0,,"On February 27, 2025, the Board of Directors of the Company (the ""Board"") welcomed back Jeffrey Buckley as the Chief Accounting Officer of the Company and designated him as the principal accounting officer, to be effective on March 24, 2025 (the ""Effective Time""). Mr. Buckley, age 41, most recently served as the Chief Accounting Officer of Human Interest, a private financial services company.",https://www.sec.gov/Archives/edgar/data/1321655/0001321655-25-000033.txt
0000070858-25-000147,executive_officer_appointment,BAC,2025-02-28,False,0.0,,"On February 25, 2025, Johnbull Okpara (53) was appointed the Corporation's Chief Accounting Officer, effective March 1, 2025. Mr. Okpara joined the Corporation as Incoming Chief Accounting Officer in November 2024. Prior to joining the Corporation, Mr. Okpara was the Chief Accounting Officer and Controller of Citigroup Inc. from November 2020 to September 2024.",https://www.sec.gov/Archives/edgar/data/70858/0000070858-25-000147.txt
0000063908-25-000017,executive_officer_appointment,MCD,2025-03-11,False,0.01,,"the Board appointed Manuel JM Steijaert, currently the Company's Executive Vice President – Global Chief Customer Officer, to replace Ms. McDonald as Executive Vice President – President, IOM, on or about May 1, 2025.",https://www.sec.gov/Archives/edgar/data/63908/0000063908-25-000017.txt
0001104659-25-023012,executive_officer_appointment,GILD,2025-03-12,False,0.4,,"The Company's Board of Directors has appointed Diane E. Wilfong as the Company's interim Corporate Controller and Chief Accounting Officer, and designated her as the interim principal accounting officer, effective immediately.",https://www.sec.gov/Archives/edgar/data/882095/0001104659-25-023012.txt
0001613103-25-000034,executive_officer_appointment,MDT,2025-03-17,False,0.0,low,"The Company has appointed Denise L. Blomquist, currently the Company's Assistant Global Controller, to succeed Ms. Kirk as the Company's Global Controller and Principal Accounting Officer, effective March 17, 2025. Ms. Blomquist has been employed at the Company since 2004 and has held roles of increasing responsibility within the finance organization during her 21-year tenure.",https://www.sec.gov/Archives/edgar/data/1613103/0001613103-25-000034.txt
0000753308-25-000019,executive_officer_appointment,NEE,2025-03-17,False,0.01,,"James M. May, Vice President, Controller and Chief Accounting Officer of NEE, resigned from those positions effective May 22, 2025 and was appointed to serve as Treasurer of NEE and FPL and Assistant Secretary of NEE effective May 22, 2025.",https://www.sec.gov/Archives/edgar/data/37634/0000753308-25-000019.txt
0000773840-25-000025,executive_officer_appointment,HON,2025-04-08,False,0.0,,"Ms. Su Ping Lu, age 49, will succeed Ms. Anne T. Madden, age 60, as Senior Vice President and General Counsel, effective May 5, 2025. Ms. Lu will be an executive officer of the Company, reporting to Chairman and CEO Mr. Vimal Kapur, and continue to serve as Corporate Secretary.",https://www.sec.gov/Archives/edgar/data/773840/0000773840-25-000025.txt
0001193125-25-075089,executive_officer_appointment,CVS,2025-04-08,False,0.0,,"Also on April 7, 2025, the Board of Directors of CVS Health appointed Amy L. Compton-Phillips, M.D. to serve as Executive Vice President and Chief Medical Officer of CVS Health, effective May 19, 2025.",https://www.sec.gov/Archives/edgar/data/64803/0001193125-25-075089.txt
0001193125-25-079096,executive_officer_appointment,TMUS,2025-04-11,False,0.0,,"On April 8, 2025, T-Mobile US, Inc. (the ""Company"") appointed Daniel J. Drobac as Vice President and Chief Accounting Officer (""CAO"") of the Company, effective as of May 1, 2025. Mr. Drobac, age 49, has served as Vice President, Accounting and Controller at the Company since August 2017. Prior to that he served as a Practice Fellow at the Financial Accounting Standards Board from 2015 to 2017 and served in various leadership roles at PricewaterhouseCoopers LLP from 2000 to 2015.",https://www.sec.gov/Archives/edgar/data/1283699/0001193125-25-079096.txt
0001373715-25-000124,executive_officer_appointment,NOW,2025-04-23,False,0.0,,"He is succeeded by Paul Fipps, who was appointed President of Global Customer Operations. Mr. Fipps has a distinguished track record as a U.S. Army veteran and a C-level technology leader.",https://www.sec.gov/Archives/edgar/data/1373715/0001373715-25-000124.txt
0000731766-25-000125,executive_officer_appointment,UNH,2025-04-29,False,0.0,,"Heather Cianfrocco, currently Chief Executive Officer of Optum, has been appointed to serve in the enterprise-wide role of Executive Vice President, Governance, Compliance and Information Security of the Company, effective May 6, 2025.",https://www.sec.gov/Archives/edgar/data/731766/0000731766-25-000125.txt
0000100885-25-000162,executive_officer_appointment,UNP,2025-05-09,False,0.02,,"On May 8, 2025, the Board of Directors of the Company approved the appointment of Carrie J. Powers as Vice President, Controller, and Chief Accounting Officer and to serve as principal accounting officer, effective immediately. Ms. Powers, age 55, has served as Assistant Vice President-Financial Reporting and Analysis since 2019.",https://www.sec.gov/Archives/edgar/data/100885/0000100885-25-000162.txt
0001104659-25-047402,executive_officer_appointment,ABBV,2025-05-13,False,0.0,,"On February 14, 2025, AbbVie filed a Form 8-K to announce that the Board elected Robert A. Michael to succeed Mr. Gonzalez as the Company's Chairman, effective July 1, 2025.",https://www.sec.gov/Archives/edgar/data/1551152/0001104659-25-047402.txt
0000858877-25-000021,executive_officer_appointment,CSCO,2025-05-14,False,0.0,,"On May 10, 2025, Cisco also appointed Jeetu Patel as President and Chief Product Officer effective May 14, 2025. Mr. Patel currently serves as Executive Vice President and Chief Product Officer of Cisco.",https://www.sec.gov/Archives/edgar/data/858877/0000858877-25-000021.txt
0000764180-25-000057,executive_officer_appointment,MO,2025-05-19,False,0.0,,"On May 15, 2025, Altria's Board of Directors (the 'Board') elected Katie F. Patterson to become Vice President and Controller of Altria, effective upon Mr. D'Ambrosia's retirement. Ms. Patterson, age 39, currently serves as Senior Director, External Reporting, Corporate and Benefits, Altria Client Services LLC, a wholly owned subsidiary of Altria, a position she has held since June 2024.",https://www.sec.gov/Archives/edgar/data/764180/0000764180-25-000057.txt
0001613103-25-000078,executive_officer_appointment,MDT,2025-05-21,False,0.0,,"Skip Kiil would be assuming the role of EVP and President, Cardiovascular Portfolio, effective May 21, 2025.",https://www.sec.gov/Archives/edgar/data/1613103/0001613103-25-000078.txt
0000021665-25-000025,executive_officer_appointment,CL,2025-05-29,False,0.0,,"Colgate-Palmolive Company (the ""Company"") announced that its Board of Directors (the ""Board"") had elected Shane Grant as the Company's Chief Operating Officer, Americas, reporting to Chairman, President and Chief Executive Officer, Noel R. Wallace, effective June 16, 2025.",https://www.sec.gov/Archives/edgar/data/21665/0000021665-25-000025.txt
0001552781-25-000201,executive_officer_appointment,UBER,2025-06-02,False,0.25,,"the appointment of Andrew ""Mac"" Macdonald as President & Chief Operating Officer, effective immediately. Mr. Macdonald, 41, joined Uber in 2012 and has served in a range of leadership roles at the Company, including as Senior Vice President, Mobility & Business Operations since 2019.",https://www.sec.gov/Archives/edgar/data/1543151/0001552781-25-000201.txt
0000829224-25-000036,executive_officer_appointment,SBUX,2025-06-04,False,0.05,,"On June 4, 2025, the Board of Directors (the ""Board"") of Starbucks Corporation (the ""Company"") appointed Mike Grams, currently evp, North America chief coffeehouse officer, to the position of chief operating officer (""coo""), a reinstated position in the Company's executive leadership team, effective immediately.",https://www.sec.gov/Archives/edgar/data/829224/0000829224-25-000036.txt
0001193125-25-134976,executive_officer_appointment,GD,2025-06-04,False,0.0,,Amy Gilliland has been promoted to executive vice president and will remain president of General Dynamics Information Technology.,https://www.sec.gov/Archives/edgar/data/40533/0001193125-25-134976.txt
0001193125-25-137830,executive_officer_appointment,GD,2025-06-09,False,0.01,,"Danny Deep, currently executive vice president, Combat Systems, has been promoted to executive vice president, Global Operations.",https://www.sec.gov/Archives/edgar/data/40533/0001193125-25-137830.txt
0000909832-25-000036,executive_officer_appointment,COST,2025-06-11,False,0.0,,"Tiffany Barbre, 51, has been appointed as Senior Vice President, Corporate Controller and Principal Accounting Officer, effective July 1, 2025. Ms. Barbre joined Costco in 2005 and was promoted to Assistant Vice President in June 2010. In 2016, she was promoted to her current role as Vice President, Assistant Corporate Controller.",https://www.sec.gov/Archives/edgar/data/909832/0000909832-25-000036.txt
0000896878-25-000027,executive_officer_appointment,INTU,2025-06-16,False,0.0,,"Caryl Hilliard, the Company's Senior Vice President, People & Places, will serve as the Company's Chief People & Places Officer effective August 1, 2025.",https://www.sec.gov/Archives/edgar/data/896878/0000896878-25-000027.txt
0001467373-25-000170,executive_officer_appointment,ACN,2025-06-20,False,0.0,,"Manish Sharma, Accenture's current CEO of the Americas. Mr. Sharma will become Accenture's first Chief Services Officer, effective September 1, 2025.",https://www.sec.gov/Archives/edgar/data/1467373/0001467373-25-000170.txt
0001140361-25-025275,executive_officer_appointment,AAPL,2025-07-09,False,0.0,,"Jeff Williams will transition his role as Chief Operating Officer later this month to Sabih Khan, Apple's Senior Vice President of Operations, as part of a long-planned succession.",https://www.sec.gov/Archives/edgar/data/320193/0001140361-25-025275.txt
0000005272-25-000068,executive_officer_appointment,AIG,2025-07-21,False,0.0,,"John Neal, age 60, will serve as President, effective December 1, 2025. Mr. Neal is currently employed by Lloyd's of London where he served as Chief Executive Officer from October 2018 to January 2025.",https://www.sec.gov/Archives/edgar/data/5272/0000005272-25-000068.txt
0000092122-25-000072,executive_officer_appointment,SO,2025-07-23,False,0.0,,"On July 21, 2025, the Board of Directors of the Company appointed Matthew M. Kim as Comptroller of the Company, effective July 31, 2025. In his new role, Mr. Kim's base salary will be $425,000 per year, his annual incentive compensation target will be 50% of base salary and his annual long-term equity incentive compensation target will be 70% of base salary.",https://www.sec.gov/Archives/edgar/data/92122/0000092122-25-000072.txt
0001140361-25-027340,executive_officer_appointment,AAPL,2025-07-25,False,0.0,,"Apple's Board of Directors appointed Sabih Khan, 58, as Apple's Chief Operating Officer, effective July 25, 2025. Mr. Khan succeeds Jeff Williams in the role of COO.",https://www.sec.gov/Archives/edgar/data/320193/0001140361-25-027340.txt
0001193125-25-169311,executive_officer_appointment,MET,2025-07-30,False,0.0,,"On July 30, 2025, MetLife, Inc. (the ""Company"") announced the appointment of Adrienne O'Neill as Executive Vice President and Chief Accounting Officer, effective September 2, 2025. Ms. O'Neill, age 44, has served as Chief Financial Officer, Asia Segment, of Manulife Financial Corporation since February 2025.",https://www.sec.gov/Archives/edgar/data/1099219/0001193125-25-169311.txt
0001654954-25-009209,executive_officer_appointment,LIN,2025-08-07,False,0.0,,"Desiree Bacher, who currently serves as Senior Vice President-Communications, AI, & Corporate Procurement, has been appointed as Senior Vice President-Chief Human Resources Officer, succeeding Mr. Strauss, effective September 1, 2025.",https://www.sec.gov/Archives/edgar/data/1707925/0001654954-25-009209.txt
0000909832-25-000064,executive_officer_appointment,COST,2025-08-07,False,0.0,,"Caton Frates, Executive Vice President, COO Southwest Division, will be appointed Senior Executive Vice President, Warehouse Operations - U.S. and Mexico, effective February 2026.",https://www.sec.gov/Archives/edgar/data/909832/0000909832-25-000064.txt
0000882095-25-000035,executive_officer_appointment,GILD,2025-08-14,False,0.0,low,"On August 10, 2025, the Board of Directors of Gilead Sciences, Inc., a Delaware corporation (the ""Company""), appointed Erin Burkhart as Senior Vice President, Controllership and principal accounting officer of the Company, effective as of September 22, 2025 (the ""Transition Date"").",https://www.sec.gov/Archives/edgar/data/882095/0000882095-25-000035.txt
0000773840-25-000074,executive_officer_appointment,HON,2025-08-22,False,0.0,,"On August 22, 2025, Honeywell International Inc. (the ""Company"" or ""Honeywell"") announced the appointment of Mr. Peter Lau, age 46, as President and CEO of its Industrial Automation segment (""IA""), effective October 15, 2025. Mr. Lau will be an executive officer of the Company, reporting to Chairman and CEO Mr. Vimal Kapur.",https://www.sec.gov/Archives/edgar/data/773840/0000773840-25-000074.txt
0000804328-25-000049,executive_officer_appointment,QCOM,2025-08-25,False,0.04,,"On August 25, 2025, the Company appointed Patricia Grech to serve as its Senior Vice President and Chief Accounting Officer (Principal Accounting Officer) effective immediately. Ms. Grech, age 53, served as Vice President, Finance and Controller of the Company since December 2022 and as Vice President, Finance of the Company from May 2017 to December 2022.",https://www.sec.gov/Archives/edgar/data/804328/0000804328-25-000049.txt
0001193125-25-187812,executive_officer_appointment,TMUS,2025-08-25,False,0.0,,"The Company also appointed John Saw, the Company's current Chief Technology Officer and former EVP, Advanced and Emerging Technologies, as its President of Technology. In his expanded role, Mr. Saw will oversee all aspects of the Company's network team.",https://www.sec.gov/Archives/edgar/data/1283699/0001193125-25-187812.txt
0001558370-25-011829,executive_officer_appointment,DE,2025-09-02,False,0.0,,"On August 27, 2025, the Board of Directors of Deere & Company (the ""Company"") elected Cory Reed as President, Lifecycle Solutions, Supply Management, and Customer Success, effective November 3, 2025.",https://www.sec.gov/Archives/edgar/data/315189/0001558370-25-011829.txt
0000070858-25-000350,executive_officer_appointment,BAC,2025-09-12,False,0.01,,"Dean C. Athanasia, President, Regional Banking, and James P. DeMare, President, Global Markets, have been appointed Co-Presidents of the Corporation and Alastair M. Borthwick has been appointed the Corporation's Executive Vice President, in addition to his current role as Chief Financial Officer.",https://www.sec.gov/Archives/edgar/data/70858/0000070858-25-000350.txt
0000070858-25-000359,executive_officer_appointment,BAC,2025-09-15,False,0.05,,"On September 12, 2025, Bank of America Corporation appointed Dean C. Athanasia, President, Regional Banking, and James P. DeMare, President, Global Markets, as Co-Presidents of the Corporation, and Alastair M. Borthwick as Executive Vice President of the Corporation, in addition to his current role as Chief Financial Officer, effective immediately.",https://www.sec.gov/Archives/edgar/data/70858/0000070858-25-000359.txt
0001193125-25-209990,executive_officer_appointment,TMUS,2025-09-22,False,0.0,,"Pursuant to the Sievert Amendment, effective as of the Effective Date, Mr. Sievert will cease to serve as President and CEO of the Company and, thereafter, will be employed as Vice Chairman of T-Mobile and serve as Vice Chairman of the Board.",https://www.sec.gov/Archives/edgar/data/1283699/0001193125-25-209990.txt
0001654954-25-011182,executive_officer_appointment,LIN,2025-09-29,False,0.0,,"Linde's Board of Directors has appointed Sean Durbin, currently EVP-North America, as Chief Operating Officer ('COO') of Linde reporting to Linde's CEO effective October 1, 2025. Durbin, 54, has served as Executive Vice President, North America effective September 1, 2023.",https://www.sec.gov/Archives/edgar/data/1707925/0001654954-25-011182.txt
0001744489-25-000141,executive_officer_appointment,DIS,2025-10-01,False,0.0,,"Ms. Coleman's title was changed to Senior Executive Vice President and Chief People Officer. The Amendment also extended the term of Ms. Coleman's employment agreement was extended to June 30, 2028.",https://www.sec.gov/Archives/edgar/data/1744489/0001744489-25-000141.txt
0000773840-25-000099,executive_officer_appointment,HON,2025-10-22,False,0.0,,"Following the realignment, the Company's reportable business segments will be Aerospace Technologies, Building Automation, Process Automation and Technology, and Industrial Automation. Following the spin-off of the Aerospace Technologies business, Honeywell's businesses will continue to be led by Billal Hammoud as president and CEO of Building Automation; Peter Lau as president and CEO of Industrial Automation; Jim Masso as president and CEO of Process Automation; and Ken West as president and CEO of Process Technology.",https://www.sec.gov/Archives/edgar/data/773840/0000773840-25-000099.txt
0000104169-25-000168,executive_officer_appointment,WMT,2025-10-22,False,0.0,,"David Chojnowski will continue to serve as the Company's Senior Vice President and Controller until the close of business on January 31, 2026, at which time he will transition to the role of Senior Vice President, Treasurer and Tax.",https://www.sec.gov/Archives/edgar/data/104169/0000104169-25-000168.txt
0000093410-25-000105,executive_officer_appointment,CVX,2025-11-03,False,0.0,,"On October 29, 2025, the Board of Directors of Chevron elected Amit R. Ghai to the position of Controller of Chevron, effective March 1, 2026. In this role, Mr. Ghai will serve as Chevron's principal accounting officer.",https://www.sec.gov/Archives/edgar/data/93410/0000093410-25-000105.txt
0001628280-25-048526,executive_officer_appointment,PM,2025-11-04,False,0.0,,"Effective January 1, 2026, Mr. Volpetti will transition to the position of Chief Global Growth Officer – leading the new enterprise-level Global Growth function to help drive mid- to long-term growth opportunities in smoke-free, consumer wellness and new categories – and report to Mr. Olczak.",https://www.sec.gov/Archives/edgar/data/1413329/0001628280-25-048526.txt
0001744489-25-000147,executive_officer_appointment,DIS,2025-11-07,False,0.0,,"Mr. Gutierrez's title was changed to Senior Executive Vice President, Chief Legal and Global Affairs Officer. The term of Mr. Gutierrez's employment agreement was extended to September 30, 2028.",https://www.sec.gov/Archives/edgar/data/1744489/0001744489-25-000147.txt
0001193125-25-300649,executive_officer_appointment,BAC,2025-11-26,False,0.0,,"On November 20, 2025, the Board of Directors (the ""Board"") of Bank of America Corporation (the ""Corporation"") designated certain members of management as ""executive officers"" of the Corporation. The Corporation's executive officers are Brian T. Moynihan, Chair and Chief Executive Officer, and the following officers who report directly to Mr. Moynihan: Dean C. Athanasia, Co-President; Alastair M. Borthwick, Executive Vice President and Chief Financial Officer; Sheri Bronstein, Chief People Officer; James P. DeMare, Co-President; Hari Gopalkrishnan, Chief Technology & Information Officer; Geoffrey S. Greener, Chief Risk Officer; Bernard A. Mensah, President, International; Lauren A. Mogensen, Global General Counsel; Thong Nguyen, Vice Chair, Head of Global Strategy & Enterprise Platforms; Thomas M. Scrivener, Chief Operations Executive; Bruce R. Thompson, Vice Chair, Head of Enterprise Credit.",https://www.sec.gov/Archives/edgar/data/70858/0001193125-25-300649.txt
0000320187-25-000115,executive_officer_appointment,NKE,2025-12-02,False,0.0,,"On December 2, 2025, NIKE, Inc. (the ""Company"") announced certain organizational changes, including the appointment of Venkatesh Alagirisamy, currently the Company's Chief Supply Chain Officer, as Executive Vice President, Chief Operating Officer of the Company, effective as of December 8, 2025.",https://www.sec.gov/Archives/edgar/data/320187/0000320187-25-000115.txt
0001193125-25-309762,executive_officer_appointment,GD,2025-12-05,False,0.0,,"Danny Deep, currently executive vice president, Global Operations of General Dynamics Corporation (the ""company""), has been promoted to president of the company, effective December 3, 2025. Mr. Deep has been with the company for over 20 years. Prior to his role as executive vice president, Global Operations, he held various operating roles with the company, including executive vice president, Combat Systems, and vice president of the company and president of General Dynamics Land Systems.",https://www.sec.gov/Archives/edgar/data/40533/0001193125-25-309762.txt
0000093410-25-000122,executive_officer_appointment,CVX,2025-12-05,False,0.0,,"On December 3, 2025, the Board approved an updated list of executive officers as set forth below. The updated list reflects the addition of two executive officers (as indicated below), as well as changes in certain officer titles to modernize and align them with prevailing practice. Robert C. Neff, Jr.* | President, Upstream and Andrew B. Walz* | President, Downstream, Midstream and Chemicals (* New appointment)",https://www.sec.gov/Archives/edgar/data/93410/0000093410-25-000122.txt
0001140361-25-044561,executive_officer_appointment,AAPL,2025-12-05,False,0.0,,"Jennifer Newstead will become Apple's general counsel on March 1, 2026... Ms. Newstead will join Apple as senior vice president in January, reporting to CEO Tim Cook and serving on Apple's executive team.",https://www.sec.gov/Archives/edgar/data/320193/0001140361-25-044561.txt
0001193125-25-312010,executive_officer_appointment,TMUS,2025-12-09,False,0.01,,"On December 5, 2025, T-Mobile US, Inc. appointed Jonathan A. Freier as the Chief Operating Officer (""COO"") of T-Mobile, effective December 5, 2025. Mr. Freier, age 50, has served as our President, Consumer Group since September 2021... Mr. Freier has over 25 years of experience in the telecommunications industry.",https://www.sec.gov/Archives/edgar/data/1283699/0001193125-25-312010.txt
0001104659-25-120496,executive_officer_appointment,DUK,2025-12-12,False,0.0,,"Ms. Abigail L. Motsinger has been appointed to the position of Senior Vice President, Chief Accounting Officer and Controller, effective March 1, 2026. Ms. Motsinger, 42, has served as Vice President, Investor Relations, since November 16, 2022.",https://www.sec.gov/Archives/edgar/data/1326160/0001104659-25-120496.txt
0000002488-25-000182,executive_officer_appointment,AMD,2025-12-15,False,0.0,,"On December 12, 2025, the Board of Directors of Advanced Micro Devices, Inc. (""AMD"") appointed Emily Ellis, 43, as AMD's Corporate Vice President, Chief Accounting Officer and principal accounting officer effective as of December 15, 2025. Mrs. Ellis previously served as Vice President Controller at Palo Alto Networks, Inc. since March 2024. Prior to that, she was a Partner at PricewaterhouseCoopers LLP from July 2019 to March 2024.",https://www.sec.gov/Archives/edgar/data/2488/0000002488-25-000182.txt
0000077476-25-000062,executive_officer_appointment,PEP,2025-12-15,False,0.0,,"Steven Williams, Chief Executive Officer, North America, will transition to the role of Executive Vice President & Vice Chairman, Global Chief Commercial Officer & Corporate Affairs, effective December 28, 2025.",https://www.sec.gov/Archives/edgar/data/77476/0000077476-25-000062.txt
0000004962-24-000004,business_line_exit,AXP,2024-01-16,False,0.0,,"American Express signed an agreement with technology private equity firm Accel-KKR to sell fraud prevention solutions provider Accertify, a wholly owned subsidiary acquired by American Express in 2010.",https://www.sec.gov/Archives/edgar/data/4962/0000004962-24-000004.txt
0000732712-24-000007,business_line_exit,VZ,2024-01-23,False,0.04,,Non-strategic business shutdown relates to the shutdown of our BlueJeans business offering in 2023.,https://www.sec.gov/Archives/edgar/data/732712/0000732712-24-000007.txt
0001104659-24-025567,business_line_exit,C,2024-02-20,False,0.0,low,"Reset Citi's strategy to focus on five interconnected businesses and to exit 14 international consumer markets. Under her leadership, Citi has...Closed nine of the 14 international consumer business exits, and wound down over 70% of our total retail loans and deposits in Russia, Korea and China.",https://www.sec.gov/Archives/edgar/data/831001/0001104659-24-025567.txt
0001613103-24-000006,business_line_exit,MDT,2024-02-20,False,0.05,,"The Company announced on February 20, 2024 its decision to wind down and exit the ventilator business and combine the remaining businesses within its Patient Monitoring and Respiratory Interventions operating units into a single operating unit.",https://www.sec.gov/Archives/edgar/data/1613103/0001613103-24-000006.txt
0000732712-24-000025,business_line_exit,VZ,2024-04-22,False,0.04,,Non-strategic business shutdown relates to the shutdown of our BlueJeans business offering in 2023.,https://www.sec.gov/Archives/edgar/data/732712/0000732712-24-000025.txt
0000050863-24-000147,business_line_exit,INTC,2024-10-31,False,0.03,,"In connection with the Company's decision to exit and outsource manufacturing capabilities for internal-use test hardware, the Company is recognizing pre-tax impairment charges of $442 million in the third quarter of 2024 for certain construction in progress assets.",https://www.sec.gov/Archives/edgar/data/50863/0000050863-24-000147.txt
0001613103-25-000078,business_line_exit,MDT,2025-05-21,False,0.02,low,"On May 21, 2025, Medtronic announced its intent to separate its Diabetes business into a new standalone public company.",https://www.sec.gov/Archives/edgar/data/1613103/0001613103-25-000078.txt
0000021344-25-000047,business_line_exit,KO,2025-06-26,False,0.0,low,"Effective January 1, 2025, The Coca-Cola Company ('Company') sunset its Global Ventures operating segment to streamline and simplify the Company's operating structure. Effective January 1, 2025, the results of the Costa (excluding the ready-to-drink business), innocent and doğadan businesses are reported within the Company's Europe, Middle East and Africa operating segment.",https://www.sec.gov/Archives/edgar/data/21344/0000021344-25-000047.txt
0000050863-25-000107,business_line_exit,INTC,2025-07-24,False,0.02,,"The Company is recognizing non-cash asset impairment charges of $416 million in the second quarter of 2025, resulting from the exit of certain non-core lines of business and the consolidation and exit of certain real estate properties.",https://www.sec.gov/Archives/edgar/data/50863/0000050863-25-000107.txt
0000200406-25-000201,business_line_exit,JNJ,2025-10-14,False,0.01,,"On October 14, 2025, the Company issued the attached press release (Exhibit 99.3) announcing its intent to separate the Company's Orthopaedics business.",https://www.sec.gov/Archives/edgar/data/200406/0000200406-25-000201.txt
0001104659-25-124865,business_line_exit,C,2025-12-29,False,0.0,,"On December 29, 2025, the Citigroup Inc. (Citi) Board of Directors approved a plan to sell AO Citibank, which conducts Citi's remaining operations in Russia. Citi will report its remaining business in Russia as 'held for sale' as of the fourth quarter 2025, with the sale anticipated to sign and close in the first half of 2026.",https://www.sec.gov/Archives/edgar/data/831001/0001104659-25-124865.txt
0001193125-24-011295,cybersecurity_incident,MSFT,2024-01-19,False,1.0,high,"On January 12, 2024, Microsoft detected that beginning in late November 2023, a nation-state associated threat actor had gained access to and exfiltrated information from a very small percentage of employee email accounts including members of our senior leadership team and employees in our cybersecurity, legal, and other functions. We were able to remove the threat actor's access to the email accounts on or about January 13, 2024.",https://www.sec.gov/Archives/edgar/data/789019/0001193125-24-011295.txt
0000731766-24-000045,cybersecurity_incident,UNH,2024-02-22,False,1.0,high,"On February 21, 2024, UnitedHealth Group identified a suspected nation-state associated cyber security threat actor had gained access to some of the Change Healthcare information technology systems. Immediately upon detection of this outside threat, the Company proactively isolated the impacted systems from other connecting systems in the interest of protecting our partners and patients, to contain, assess and remediate the incident.",https://www.sec.gov/Archives/edgar/data/731766/0000731766-24-000045.txt
0000732717-24-000046,cybersecurity_incident,T,2024-07-12,False,1.0,,"On April 19, 2024, AT&T Inc. learned that a threat actor claimed to have unlawfully accessed and copied AT&T call logs. Based on its investigation, AT&T believes that threat actors unlawfully accessed an AT&T workspace on a third-party cloud platform and, between April 14 and April 25, 2024, exfiltrated files containing AT&T records of customer call and text interactions.",https://www.sec.gov/Archives/edgar/data/732717/0000732717-24-000046.txt
0000101829-25-000036,cybersecurity_incident,RTX,2025-09-24,False,1.0,,"On September 19, 2025, RTX Corporation (the ""Company"") became aware of a product cybersecurity incident involving ransomware on systems that support its Multi-User System Environment (""MUSE"") passenger processing software. This software enables multiple airlines to share check-in and gate resources at airports, including baggage handling.",https://www.sec.gov/Archives/edgar/data/101829/0000101829-25-000036.txt
0000354950-24-000002,director_departure,HD,2024-01-10,False,0.02,,"Linda Gooden, a member of the Board of Directors (the ""Board"") of The Home Depot, Inc. (the ""Company""), notified the Company of her decision not to stand for re-election at the Company's 2024 Annual Meeting of Shareholders for personal reasons.",https://www.sec.gov/Archives/edgar/data/354950/0000354950-24-000002.txt
0001326801-24-000003,director_departure,META,2024-01-18,False,0.01,,"On January 16, 2024, Sheryl Sandberg notified Meta Platforms, Inc. (the ""Company"") that she has decided not to stand for re-election to the Company's Board of Directors at the Company's 2024 Annual Meeting of Shareholders (the ""Annual Meeting""). Ms. Sandberg will continue to serve as a director until the date of the Annual Meeting.",https://www.sec.gov/Archives/edgar/data/1326801/0001326801-24-000003.txt
0001193125-24-011362,director_departure,GS,2024-01-19,False,0.0,,"Adebayo Ogunlesi, the Lead Director and Chair of the Governance Committee, shall not stand for re-election at the Company's 2024 Annual Meeting, at which time he will retire from our Board.",https://www.sec.gov/Archives/edgar/data/886982/0001193125-24-011362.txt
0001193125-24-013874,director_departure,VZ,2024-01-24,False,0.0,,"On January 18, 2024, Melanie L. Healey, a member of the Board of Directors of Verizon Communications Inc. (Verizon), informed Verizon that she will not stand for re-election when her term expires at Verizon's 2024 annual meeting of shareholders.",https://www.sec.gov/Archives/edgar/data/732712/0001193125-24-013874.txt
0000773840-24-000006,director_departure,HON,2024-02-01,False,0.0,,"At such time, Mr. Adamczyk will retire from the Board and serve as Senior Advisor to the Company.",https://www.sec.gov/Archives/edgar/data/773840/0000773840-24-000006.txt
0000005272-24-000007,director_departure,AIG,2024-02-01,False,0.01,,"On January 26, 2024, Therese M. Vaughan notified the Board of Directors (the ""Board"") of American International Group, Inc. (the ""Company"") of her decision to retire from the Board, effective January 31, 2024. Ms. Vaughan did not cite any disagreement on any matter relating to the Company's operations, policies or practices. In connection with Ms. Vaughan's retirement, the Board decreased its size from 11 to 10 directors.",https://www.sec.gov/Archives/edgar/data/5272/0000005272-24-000007.txt
0001140361-24-006724,director_departure,AVGO,2024-02-09,False,0.02,,"Raul Fernandez notified the Board that he does not intend to stand for re-election at Broadcom's 2024 annual meeting of stockholders (the ""2024 Annual Meeting""), effective February 5, 2024. Mr. Fernandez's decision not to stand for re-election is not due to any disagreement with Broadcom.",https://www.sec.gov/Archives/edgar/data/1730168/0001140361-24-006724.txt
0000313616-24-000046,director_departure,DHR,2024-02-14,False,0.0,,"Walter G. Lohr, Jr. notified Danaher's Board of Directors that he has decided not to stand for reelection at the Company's annual meeting of shareholders to be held on May 7, 2024, and will retire from the Danaher Board as of the annual meeting. Mr. Lohr's decision was not the result of any disagreement with the Company on any matter relating to the Company's operations, policies or practices.",https://www.sec.gov/Archives/edgar/data/313616/0000313616-24-000046.txt
0001157523-24-000262,director_departure,CL,2024-02-15,False,0.0,,"In accordance with Colgate's mandatory director retirement policy, Stephen I. Sadove, 72, will retire as a director at the end of his current term and will not stand for reelection to the Board at the Annual Meeting of Stockholders to be held on May 10, 2024.",https://www.sec.gov/Archives/edgar/data/21665/0001157523-24-000262.txt
0001104659-24-025524,director_departure,MRK,2024-02-20,False,0.0,,"On February 15, 2024, Peter C. Wendell gave notice to Merck & Co., Inc. (the ""Company"") of his intention to retire from the Board of Directors of the Company (the ""Board"") as of the Company's 2024 Annual Meeting of Shareholders on May 28, 2024. Mr. Wendell's retirement from the Board is not due to any disagreement with the Company with respect to any matter relating to the Company's operations, policies or practices.",https://www.sec.gov/Archives/edgar/data/310158/0001104659-24-025524.txt
0000764180-24-000015,director_departure,MO,2024-02-26,False,0.93,,"On February 23, 2024, Jacinto J. Hernandez, a director of Altria Group, Inc. ('Altria'), notified Altria of his decision to retire from service on its Board of Directors effective immediately.",https://www.sec.gov/Archives/edgar/data/764180/0000764180-24-000015.txt
0000034088-24-000015,director_departure,XOM,2024-02-28,False,0.0,,"On February 27, 2024, Dr. Susan K. Avery announced her intention not to stand for re-election to the board at the annual meeting of shareholders on May 29, 2024, for reasons unrelated to the company. Dr. Avery will remain on the board and continue to serve until the annual meeting.",https://www.sec.gov/Archives/edgar/data/34088/0000034088-24-000015.txt
0001193125-24-063290,director_departure,GS,2024-03-08,False,0.0,,"On March 4, 2024, Jessica Uhl, a member of the Board of Directors of The Goldman Sachs Group, Inc. (the Registrant) informed the Board that she will not stand for re-election and will retire from the Board at the Registrant's 2024 Annual Meeting to focus on her new role as President of GE Vernova.",https://www.sec.gov/Archives/edgar/data/886982/0001193125-24-063290.txt
0001053507-24-000067,director_departure,AMT,2024-03-14,False,0.01,,"On March 14, 2024, Samme L. Thompson notified the Corporate Secretary of the Company of his decision to not stand for re-election at the Annual Meeting. Mr. Thompson's decision to not stand for re-election did not involve any disagreements with the Company.",https://www.sec.gov/Archives/edgar/data/1053507/0001053507-24-000067.txt
0001104659-24-034493,director_departure,GILD,2024-03-14,False,0.0,,"On March 10, 2024, Kevin E. Lofton notified the Board of Directors (the ""Board"") of Gilead Sciences, Inc., a Delaware corporation (the ""Company""), of his decision to retire from the Board, effective as of the conclusion of his term at the Company's next annual meeting of stockholders to be held on May 8, 2024. Mr. Lofton's decision to retire was not a result of any disagreement with the Board or management of the Company.",https://www.sec.gov/Archives/edgar/data/882095/0001104659-24-034493.txt
0001140361-24-013978,director_departure,BMY,2024-03-18,False,0.0,,"On March 13, 2024, Mr. Gerald Storch notified the Board of Directors (the ""Board"") of Bristol-Myers Squibb Company (the ""Company"") that he will not stand for re-election to the Board of the Company at the 2024 Annual Meeting of Shareholders.",https://www.sec.gov/Archives/edgar/data/14272/0001140361-24-013978.txt
0000063908-24-000081,director_departure,MCD,2024-03-19,False,0.0,,"Enrique ""Rick"" Hernandez, Jr., Retires After a Distinguished 28 Years on the Board, Including Eight Years As Chairman",https://www.sec.gov/Archives/edgar/data/63908/0000063908-24-000081.txt
0000012927-24-000014,director_departure,BA,2024-03-25,False,0.01,,"Lawrence W. Kellner, independent Chair of the Board, decided not to stand for re-election at the Company's 2024 Annual Meeting of Shareholders.",https://www.sec.gov/Archives/edgar/data/12927/0000012927-24-000014.txt
0001193125-24-080875,director_departure,BLK,2024-03-28,False,0.0,,"Murry S. Gerber, who serves as the Lead Independent Director of the Board, has agreed to stand for re-election at the Company's upcoming Annual Meeting of Shareholders on May 15, 2024 and, if elected, remain Lead Independent Director for one additional year. He will not stand for re-election in 2025.",https://www.sec.gov/Archives/edgar/data/1364742/0001193125-24-080875.txt
0001193125-24-080896,director_departure,PYPL,2024-03-28,False,0.0,,"On March 25, 2024, Belinda Johnson informed PayPal Holdings, Inc. that she will not stand for re-election to PayPal's Board of Directors when her current term expires at PayPal's 2024 Annual Meeting of Stockholders. Ms. Johnson's decision was not a result of any disagreement with the Company.",https://www.sec.gov/Archives/edgar/data/1633917/0001193125-24-080896.txt
0000018230-24-000012,director_departure,CAT,2024-04-03,False,0.01,,"On April 1, David L. Calhoun communicated to the Board of Directors (the ""Board"") of Caterpillar Inc. (the ""Company"") of his decision not to stand for re-election to the Board at the Company's 2024 Annual Meeting of Shareholders. Mr. Calhoun's decision was not the result of any disagreement with the Company.",https://www.sec.gov/Archives/edgar/data/18230/0000018230-24-000012.txt
0000019617-24-000275,director_departure,JPM,2024-04-08,False,0.0,,"Two of its directors, Timothy P. Flynn and Michael A. Neal, have decided to retire from the Board of Directors of the Firm when their terms expire on the eve of the 2024 Annual Meeting of Shareholders.",https://www.sec.gov/Archives/edgar/data/19617/0000019617-24-000275.txt
0000080424-24-000030,director_departure,PG,2024-04-09,False,0.0,,"On April 9, 2024, Angela F. Braly notified The Procter & Gamble Company (the ""Company"") of her decision to retire from the Company's Board of Directors effective June 11, 2024. Ms. Braly made the decision in order to provide more time for her to focus on a range of activities and personal pursuits.",https://www.sec.gov/Archives/edgar/data/80424/0000080424-24-000030.txt
0001035267-24-000171,director_departure,ISRG,2024-04-30,False,0.01,,"Alan J. Levy, Ph.D., who did not stand for re-election at the Annual Meeting",https://www.sec.gov/Archives/edgar/data/1035267/0001035267-24-000171.txt
0001654954-24-005281,director_departure,LIN,2024-04-30,False,0.0,,"Martin H. Richenhagen retired from the Board of Directors effective April 29, 2024.",https://www.sec.gov/Archives/edgar/data/1707925/0001654954-24-005281.txt
0000019617-24-000411,director_departure,JPM,2024-05-23,False,0.0,,"Timothy P. Flynn and Michael A. Neal, who served as directors of the Firm since 2012 and 2014, respectively, retired from the Board.",https://www.sec.gov/Archives/edgar/data/19617/0000019617-24-000411.txt
0000936468-24-000066,director_departure,LMT,2024-05-24,False,0.3,,"On May 21, 2024, Ilene S. Gordon notified the Board of Directors of Lockheed Martin Corporation (the ""Company"") that she was resigning from the Board of Directors, effective May 24, 2024. Ms. Gordon's resignation does not involve a disagreement on any matter relating to the Company's operations, policies or practices.",https://www.sec.gov/Archives/edgar/data/936468/0000936468-24-000066.txt
0000950103-24-007114,director_departure,MS,2024-05-24,False,0.0,,"On May 23, 2024, Morgan Stanley (the ""Company"") announced that James P. Gorman will step down as Executive Chairman and as a member of the Board of Directors of the Company, effective December 31, 2024.",https://www.sec.gov/Archives/edgar/data/895421/0000950103-24-007114.txt
0000829224-24-000033,director_departure,SBUX,2024-05-31,False,0.99,,"On May 30, 2024, Satya Nadella informed Starbucks Corporation that he is resigning from the Board of Directors (the ""Board"") effective immediately. Effective May 30, 2024, the size of the Board was reduced by one.",https://www.sec.gov/Archives/edgar/data/829224/0000829224-24-000033.txt
0000320187-24-000024,director_departure,NKE,2024-06-05,False,0.01,,"On June 1, 2024, Alan B. Graf, Jr. notified NIKE, Inc. (the ""Company"") of his decision to resign as a director of the Board of Directors of the Company (the ""Board"") effective as of the date of the Company's 2024 annual meeting of stockholders (the ""2024 Annual Meeting""). As a result, Mr. Graf will not stand for re-election at the 2024 Annual Meeting.",https://www.sec.gov/Archives/edgar/data/320187/0000320187-24-000024.txt
0000005272-24-000058,director_departure,AIG,2024-06-10,False,0.71,,"The deconsolidation is a result of the resignation of Christopher Schaper, AIG Executive Vice President, Global Chief Underwriting Officer from the Board and AIG's waiver of its right to include a majority of the candidates for election on each Corebridge Slate. Following Mr. Schaper's resignation, the Board's size has been reduced to twelve directors.",https://www.sec.gov/Archives/edgar/data/5272/0000005272-24-000058.txt
0001104659-24-077344,director_departure,COP,2024-07-02,False,0.42,,"On June 26, 2024, Mr. Eric D. Mullins resigned as a member of the Board of Directors (the ""Board"") of ConocoPhillips. Mr. Mullins' decision to resign was not the result of any disagreement with management or the Board.",https://www.sec.gov/Archives/edgar/data/1163165/0001104659-24-077344.txt
0001744489-24-000226,director_departure,DIS,2024-07-19,False,0.84,,"On July 18, 2024, Safra A. Catz, a director on the Board of Directors (the ""Board"") of The Walt Disney Company (the ""Company""), informed the Company of her resignation from the Board as of the same date. Following Ms. Catz's resignation from the Board, the Board reduced the size of the Board from 12 to 11 directors.",https://www.sec.gov/Archives/edgar/data/1744489/0001744489-24-000226.txt
0000021344-24-000040,director_departure,KO,2024-07-23,False,0.0,,"Barry Diller, Alexis Herman and Marc Bolland, three members of the Board of Directors (the ""Board"") of The Coca-Cola Company (the ""Company""), each notified the Company of his or her decision to retire from the Board, effective August 1, 2024.",https://www.sec.gov/Archives/edgar/data/21344/0000021344-24-000040.txt
0001193125-24-184940,director_departure,PYPL,2024-07-25,False,1.0,,"On July 23, 2024, John Donahoe notified PayPal Holdings, Inc. (the ""Company"") of his decision to resign as Chair and member of the Board of Directors of the Company (the ""Board"") effective immediately. Mr. Donahoe served as Chair of the Board since the Company became an independent public company in July 2015.",https://www.sec.gov/Archives/edgar/data/1633917/0001193125-24-184940.txt
0000012927-24-000058,director_departure,BA,2024-07-31,False,0.05,,"Mr. Calhoun succeeds David L. Calhoun, who on July 30, 2024 tendered his resignation as President and Chief Executive Officer and as a director, effective as of the Transition Date.",https://www.sec.gov/Archives/edgar/data/12927/0000012927-24-000058.txt
0001140361-24-035034,director_departure,RTX,2024-07-31,False,0.39,,"On July 30, 2024, Robert K. (Kelly) Ortberg notified the Board of Directors (the ""Board"") of RTX Corporation (the ""Company"") of his intention to resign as a director of the Company, effective as of July 31, 2024. Mr. Ortberg's resignation was not the result of any dispute or disagreement with the Company or the Board on any matter relating to the operations, policies or practices of the Company.",https://www.sec.gov/Archives/edgar/data/101829/0001140361-24-035034.txt
0000059478-24-000196,director_departure,LLY,2024-08-16,False,0.0,,"On August 13, 2024, Dr. Marschall S. Runge notified the Board of Directors (the ""Board"") of Eli Lilly and Company (the ""Company"") of his decision to retire from the Board, effective as of August 31, 2024. Dr. Runge's decision to retire as a director did not arise from any disagreement with the Company on any matter relating to the Company's operations, policies or practices.",https://www.sec.gov/Archives/edgar/data/59478/0000059478-24-000196.txt
0000050863-24-000134,director_departure,INTC,2024-08-22,False,0.99,,"On August 19, 2024, Lip-Bu Tan informed the board of directors (the ""Board"") of Intel Corporation (the ""Company"") that he was resigning from the Board, effective immediately. Mr. Tan's decision is a result of demands on his time.",https://www.sec.gov/Archives/edgar/data/50863/0000050863-24-000134.txt
0000200406-24-000081,director_departure,JNJ,2024-09-10,False,0.0,,"On September 10, 2024, D. S. Davis retired as a Director of Johnson & Johnson after the successful transition of Audit Committee Chair responsibilities to D. Adamczyk. His retirement is for personal reasons and not as a result of any disagreement with management on any matter relating to the Company's operations, policies, or practices.",https://www.sec.gov/Archives/edgar/data/200406/0000200406-24-000081.txt
0000320187-24-000053,director_departure,NKE,2024-09-19,False,0.12,,"as of the Effective Date, he will resign from the Board and any other director, officer, manager, committee member or other positions that he holds with the Company and its subsidiaries (including the Executive Committee of the Board)",https://www.sec.gov/Archives/edgar/data/320187/0000320187-24-000053.txt
0001193125-24-236734,director_departure,CSCO,2024-10-11,False,0.03,low,"On October 7, 2024, Ekta Singh-Bushell notified Cisco Systems, Inc. ('Cisco') of her decision not to stand for re-election at Cisco's 2024 annual meeting of stockholders (the '2024 Annual Meeting'). Ms. Singh-Bushell will continue to serve as a director until the 2024 Annual Meeting.",https://www.sec.gov/Archives/edgar/data/858877/0001193125-24-236734.txt
0000034088-24-000062,director_departure,XOM,2024-10-18,False,0.1,,"On October 17, 2024, Mr. Gregory J. Goff resigned as a member of the board of directors of Exxon Mobil Corporation to pursue other business opportunities.",https://www.sec.gov/Archives/edgar/data/34088/0000034088-24-000062.txt
0001193125-24-239193,director_departure,CVS,2024-10-18,False,0.79,,Karen S. Lynch ceased to serve as President and Chief Executive Officer of the Company and resigned as a member of the Board on the same day.,https://www.sec.gov/Archives/edgar/data/64803/0001193125-24-239193.txt
0001744489-24-000262,director_departure,DIS,2024-10-21,False,0.01,,"On October 18, 2024, Mark G. Parker, Chairman and director on the Board of Directors (the ""Board"") of The Walt Disney Company (the ""Company""), informed the Company of his decision to resign from the Board, effective as of January 2, 2025.",https://www.sec.gov/Archives/edgar/data/1744489/0001744489-24-000262.txt
0000936468-24-000112,director_departure,LMT,2024-11-13,False,0.65,,"On November 13, 2024, Jeh C. Johnson notified the Board of Directors of Lockheed Martin Corporation (the ""Company"") that he was resigning from the Board of Directors, effective November 13, 2024. Mr. Johnson's resignation does not involve a disagreement on any matter relating to the Company's operations, policies or practices.",https://www.sec.gov/Archives/edgar/data/936468/0000936468-24-000112.txt
0000059478-24-000258,director_departure,LLY,2024-11-19,False,0.0,,"On November 19, 2024, Karen Walker notified the Board of her resignation from the Board effective December 31, 2024. Ms. Walker has served on the Board since 2018, including as a member of the Board's Audit and Talent and Compensation Committees. Ms. Walker's decision to resign from the Board did not arise from any disagreement with the Company on any matter relating to the Company's operations, policies or practices.",https://www.sec.gov/Archives/edgar/data/59478/0000059478-24-000258.txt
0000050863-24-000173,director_departure,INTC,2024-12-03,False,1.0,,"Patrick Gelsinger, Chief Executive Officer and director of Intel Corporation (the ""Company""), resigned from the Company and the Board of Directors (the ""Board""), effective immediately.",https://www.sec.gov/Archives/edgar/data/50863/0000050863-24-000173.txt
0000313616-24-000251,director_departure,DHR,2024-12-11,False,0.08,,"On December 9, 2024, Pardis C. Sabeti notified Danaher's Board of Directors of her retirement from the Danaher Board as of December 10, 2024, due to time commitments related to her other professional obligations. Dr. Sabeti's decision was not the result of any disagreement with the Company on any matter relating to the Company's operations, policies or practices.",https://www.sec.gov/Archives/edgar/data/313616/0000313616-24-000251.txt
0001552781-24-000634,director_departure,KO,2024-12-16,False,0.13,,"On December 13, 2024, Helene D. Gayle notified The Coca-Cola Company (""Company"") of her decision to retire from the Board of Directors, effective December 13, 2024.",https://www.sec.gov/Archives/edgar/data/21344/0001552781-24-000634.txt
0000950103-24-018085,director_departure,MS,2024-12-20,False,0.06,,"On December 19, 2024, Stephen Luczo tendered his resignation as a member of the Board of Directors (the ""Board"") of Morgan Stanley (the ""Company""), effective December 31, 2024. Mr. Luczo's resignation was for personal reasons and was not due to any disagreement with the Company, the Company's management, or the Board on any matter relating to the Company's operations, policies or practices.",https://www.sec.gov/Archives/edgar/data/895421/0000950103-24-018085.txt
0001104659-25-002897,director_departure,DUK,2025-01-13,False,0.0,,"Ms. Lynn J. Good will retire as Chief Executive Officer of Duke Energy and Chair and Director of the Board of Directors of the Corporation, effective April 1, 2025.",https://www.sec.gov/Archives/edgar/data/1326160/0001104659-25-002897.txt
0000829224-25-000003,director_departure,SBUX,2025-01-16,False,0.01,,"On January 14, 2025, Mellody Hobson informed Starbucks Corporation (the ""Company"") that she will not stand for reelection at the Company's 2025 Annual Meeting of Shareholders. Ms. Hobson will continue to serve through the remainder of her current term.",https://www.sec.gov/Archives/edgar/data/829224/0000829224-25-000003.txt
0000063908-25-000003,director_departure,MCD,2025-01-17,False,0.0,,"On January 13, 2025, Director John J. Mulligan notified McDonald's Corporation (the ""Company"") of his decision to retire from the Company's Board of Directors, effective as of the date of the Company's 2025 Annual Shareholders' Meeting. The retirement is not because of a disagreement with the Company on any matter relating to the Company's operations, policies, or practices.",https://www.sec.gov/Archives/edgar/data/63908/0000063908-25-000003.txt
0001193125-25-018421,director_departure,USB,2025-01-31,False,0.0,,Scott W. Wine notified the Board that he does not intend to stand for re-election to the Company's Board of Directors following expiration of his current term at the Company's 2025 Annual Meeting of Shareholders. Mr. Wine's decision not to stand for re-election was for personal reasons following his dedicated service on the Board for ten years and not due to any disagreement with the Company.,https://www.sec.gov/Archives/edgar/data/36104/0001193125-25-018421.txt
0001140361-25-002798,director_departure,RTX,2025-02-03,False,0.0,,"Gregory J. Hayes, RTX's current Executive Chairman, has informed the Board of Directors of his intention to not stand for re-election and to step down as Executive Chairman and as a member of the Board, effective April 30, 2025.",https://www.sec.gov/Archives/edgar/data/101829/0001140361-25-002798.txt
0000732717-25-000010,director_departure,T,2025-02-05,False,0.0,,"On January 30, 2025, Glenn H. Hutchins informed AT&T Inc. that he will not stand for re-election as a Director at AT&T's 2025 Annual Meeting of Stockholders. Mr. Hutchins will continue as a Director until the Annual Meeting.",https://www.sec.gov/Archives/edgar/data/732717/0000732717-25-000010.txt
0001552781-25-000025,director_departure,UBER,2025-02-07,False,0.01,,"On February 4, 2025, Wan Ling Martello, a member of the board of directors of Uber Technologies, Inc. (the ""Company""), informed the Company of her intention not to stand for re-election at the Company's 2025 Annual Meeting of Shareholders in May. Ms. Martello's decision was not the result of any disagreement between Ms. Martello and the Company, its management, board of directors or any committee thereof, or with respect to any matter relating to the Company's operations, policies or practices.",https://www.sec.gov/Archives/edgar/data/1543151/0001552781-25-000025.txt
0001193125-25-023131,director_departure,VZ,2025-02-10,False,0.0,,"On February 5, 2025, Rodney E. Slater, a member of the Board of Directors of Verizon Communications Inc. (Verizon), informed Verizon that he will not stand for re-election when his term expires at Verizon's 2025 annual meeting of shareholders.",https://www.sec.gov/Archives/edgar/data/732712/0001193125-25-023131.txt
0000066740-25-000012,director_departure,MMM,2025-02-10,False,0.0,,"Michael F. Roman, Executive Chairman of the Board of Directors of 3M Company ('3M'), announced February 4, 2025, that he will retire as Executive Chairman of the Board of Directors, and as a Director, effective March 1, 2025.",https://www.sec.gov/Archives/edgar/data/66740/0000066740-25-000012.txt
0001193125-25-025166,director_departure,SCHW,2025-02-12,False,0.05,,"On February 12, 2025 (the ""effective date""), TD's common ownership percentage was reduced below 5%, and therefore, TD is no longer entitled to designate members of the board of directors of the Company. Pursuant to the terms of the TD stockholder agreement and the resignation letters, Mr. Levitt and Mr. Masrani resigned from the board of directors of the Company as of the effective date. The resignation of Mr. Levitt and Mr. Masrani did not result from any disagreement with the Company on any matter relating to the Company's operations, policies or practices.",https://www.sec.gov/Archives/edgar/data/316709/0001193125-25-025166.txt
0001104659-25-013467,director_departure,ABBV,2025-02-14,False,0.0,,"On February 13, 2025, Glenn F. Tilton informed the Company of his decision to retire as a director, effective July 1, 2025.",https://www.sec.gov/Archives/edgar/data/1551152/0001104659-25-013467.txt
0000773840-25-000014,director_departure,HON,2025-02-18,False,0.01,,"On February 14, 2025, Ms. Robin L. Washington notified the Board of Directors (the ""Board"") of Honeywell International Inc. (the ""Company"") that she intends to resign from the Board, effective as of March 31, 2025. Ms. Washington's decision to resign from the Board follows her recently announced appointment to serve as President and Chief Operating and Financial Officer of Salesforce, Inc.",https://www.sec.gov/Archives/edgar/data/773840/0000773840-25-000014.txt
0001193125-25-032029,director_departure,TMUS,2025-02-21,False,0.01,,"On February 18, 2025, Kelvin Westbrook notified T-Mobile US, Inc. (the ""Company"") of his decision to not to stand for re-election to the Board of Directors (the ""Board"") of the Company at the 2025 Annual Meeting of Stockholders (the ""Annual Meeting""). Mr. Westbrook's departure from the Board and its Compensation Committee will be effective immediately after the conclusion of the Annual Meeting.",https://www.sec.gov/Archives/edgar/data/1283699/0001193125-25-032029.txt
0000012927-25-000018,director_departure,BA,2025-02-25,False,0.02,,"On February 19, 2025, Sabrina Soussan and the Board of Directors of the Company decided that Ms. Soussan would not stand for re-election at the Company's 2025 Annual Meeting of Shareholders. The decision was not due to any disagreement with the Company on any matter relating to its operations, policies or practices.",https://www.sec.gov/Archives/edgar/data/12927/0000012927-25-000018.txt
0000950103-25-003340,director_departure,EMR,2025-03-12,False,0.54,,"Leticia Gonçalves Lourenco tendered her resignation from the Board of Directors (the ""Board"") following a change in company and position relating to her principal occupation. On March 10, 2025, the Board accepted her resignation, effective immediately.",https://www.sec.gov/Archives/edgar/data/32604/0000950103-25-003340.txt
0000950103-25-003639,director_departure,CMCSA,2025-03-19,False,0.0,,"David Novak, a director of Comcast, will become non-executive Chairman of the Board of Directors of SpinCo upon completion of the spin-off, which is expected to occur by the end of 2025. At such time, Mr. Novak will vacate his current position on Comcast's Board of Directors.",https://www.sec.gov/Archives/edgar/data/1166691/0000950103-25-003639.txt
0001053507-25-000087,director_departure,AMT,2025-03-20,False,0.01,,"On March 17, 2025, JoAnn A. Reed notified the Corporate Secretary of American Tower Corporation (the ""Company"") of her decision to not stand for re-election at the Company's 2025 Annual Meeting of Stockholders (the ""Annual Meeting""). Ms. Reed's decision to not stand for re-election did not involve any disagreements with the Company.",https://www.sec.gov/Archives/edgar/data/1053507/0001053507-25-000087.txt
0001193125-25-062555,director_departure,USB,2025-03-25,False,0.97,,"On March 24, 2025, Kimberly J. Harris, a director of U.S. Bancorp (the ""Company""), notified the Company's Board of Directors (the ""Board"") of her decision to resign from the Board, effective immediately, and not stand for re-election at the Company's 2025 annual meeting of shareholders. Ms. Harris's resignation was for personal reasons to focus on her health and recovery from a recent medical issue and not due to any disagreement with the Company on any matter relating to the Company's operations, policies or practices.",https://www.sec.gov/Archives/edgar/data/36104/0001193125-25-062555.txt
0001193125-25-067184,director_departure,MET,2025-03-28,False,0.0,,"On March 27, 2025, David L. Herzog, a director of MetLife, Inc. (the ""Company""), notified the Company's Board of Directors (the ""Board"") of his decision to resign from the Board, effective May 1, 2025, and not to stand for re-election at the Company's 2025 annual meeting of shareholders.",https://www.sec.gov/Archives/edgar/data/1099219/0001193125-25-067184.txt
0001193125-25-070439,director_departure,SCHW,2025-04-01,False,0.0,,"On March 31, 2025, Todd M. Ricketts notified the Board of Directors (the ""Board"") of The Charles Schwab Corporation of his intention to retire from the Board effective October 7, 2025.",https://www.sec.gov/Archives/edgar/data/316709/0001193125-25-070439.txt
0001193125-25-074696,director_departure,PYPL,2025-04-07,False,0.0,,"On April 4, 2025, Rodney Adkins informed PayPal Holdings, Inc. that he will not stand for re-election to PayPal's Board of Directors when his current term expires at PayPal's 2025 Annual Meeting of Stockholders. Mr. Adkins' decision was not a result of any disagreement with the Company.",https://www.sec.gov/Archives/edgar/data/1633917/0001193125-25-074696.txt
0001104659-25-033418,director_departure,CAT,2025-04-09,False,0.01,,"On April 7, 2025, Daniel M. Dickinson communicated to the Board of Directors (the ""Board"") of Caterpillar Inc. (the ""Company"") his decision not to stand for re-election to the Board at the Company's 2025 Annual Meeting of Shareholders. Mr. Dickinson's decision was not the result of any disagreement with the Company.",https://www.sec.gov/Archives/edgar/data/18230/0001104659-25-033418.txt
0001065280-25-000175,director_departure,NFLX,2025-04-17,False,0.01,,"On April 11, 2025, Timothy Haley informed the Company of his decision to not stand for re-election as a director at the Company's 2025 annual meeting of stockholders (the ""Annual Meeting""). Mr. Haley's current term will expire at the Annual Meeting.",https://www.sec.gov/Archives/edgar/data/1065280/0001065280-25-000175.txt
0001075531-25-000014,director_departure,BKNG,2025-04-22,False,0.0,,"Wei Hopeman has informed Booking Holdings Inc. (the ""Company"") that she has decided to retire from the Company's Board of Directors (the ""Board""), effective at the Company's Annual Meeting in June 2025 (the ""Annual Meeting""), and therefore is not standing for re-election at the Annual Meeting.",https://www.sec.gov/Archives/edgar/data/1075531/0001075531-25-000014.txt
0000200406-25-000141,director_departure,JNJ,2025-04-30,False,0.0,,"D. Adamczyk notified the Company that he intends to retire from the Company's Board of Directors in connection with an announcement on April 23rd that he will join Goldman Sachs as a Partner. The retirement will be effective May 31, 2025.",https://www.sec.gov/Archives/edgar/data/200406/0000200406-25-000141.txt
0001193125-25-117791,director_departure,FDX,2025-05-12,False,0.44,high,"On May 9, 2025, following his appointment as United States Postmaster General, David P. Steiner notified FedEx Corporation that he was resigning, effective May 9, 2025, from the FedEx Board of Directors.",https://www.sec.gov/Archives/edgar/data/1048911/0001193125-25-117791.txt
0001104659-25-047402,director_departure,ABBV,2025-05-13,False,0.0,,"The Board also determined that the size of the Board will decrease from fifteen directors to thirteen directors upon the retirement of Richard A. Gonzalez and Glenn F. Tilton from the Board, effective July 1, 2025.",https://www.sec.gov/Archives/edgar/data/1551152/0001104659-25-047402.txt
0000731766-25-000150,director_departure,UNH,2025-05-21,False,0.91,,"On May 20, 2025, the Board of Directors of UnitedHealth Group Incorporated (the ""Company"") accepted Andrew Witty's resignation as a director of the Company, effective immediately. Accordingly, Mr. Witty will not stand for re-election as a director in connection with the Company's 2025 annual shareholder meeting to be held on June 2, 2025.",https://www.sec.gov/Archives/edgar/data/731766/0000731766-25-000150.txt
0001065280-25-000286,director_departure,NFLX,2025-06-06,False,0.02,,"At the Annual Meeting, Mr. Jay Hoag did not receive a majority of votes cast in his election to the board of directors (the ""Board""). In accordance with the Company's director resignation policy (the ""Resignation Policy""), on June 5, 2025, Mr. Hoag offered his resignation from the Board, conditioned upon Board acceptance.",https://www.sec.gov/Archives/edgar/data/1065280/0001065280-25-000286.txt
0000320187-25-000026,director_departure,NKE,2025-06-18,False,0.0,,"On June 13, 2025, Cathleen Benko notified NIKE, Inc. (the ""Company"") of her decision to retire as a member of the Board of Directors of the Company (the ""Board"") effective as of the Company's 2025 annual meeting of shareholders (the ""2025 Annual Meeting""). Therefore, Ms. Benko will not stand for re-election at the 2025 Annual Meeting.",https://www.sec.gov/Archives/edgar/data/320187/0000320187-25-000026.txt
0001193125-25-144345,director_departure,FDX,2025-06-23,False,1.0,,"Frederick W. Smith, the Company's founder and Executive Chairman and Chairman of the FedEx Board of Directors (the ""Board""), had passed away on June 21, 2025.",https://www.sec.gov/Archives/edgar/data/1048911/0001193125-25-144345.txt
0001045810-25-000197,director_departure,NVDA,2025-08-05,False,0.98,,"On July 31, 2025, Ellen Ochoa resigned from the Board of Directors, or the Board, of NVIDIA Corporation, or the Company, including as a member of the Nominating and Corporate Governance Committee of the Board, effective immediately. Dr. Ochoa's resignation is for personal reasons and not because of any disagreement with the Company on any matter relating to the Company's operations, policies or practices.",https://www.sec.gov/Archives/edgar/data/1045810/0001045810-25-000197.txt
0000066740-25-000068,director_departure,MMM,2025-08-15,False,0.01,,"Gregory R. Page retired from the 3M Company Board of Directors, effective August 11, 2025, due to personal and professional commitments, including those related to his service in leadership positions on the boards of directors of other public companies.",https://www.sec.gov/Archives/edgar/data/66740/0000066740-25-000068.txt
0001193125-25-183029,director_departure,T,2025-08-19,False,0.0,,"With the election of Ms. Grier, Scott T. Ford notified AT&T of his plan to retire as a Director, effective September 1, 2025.",https://www.sec.gov/Archives/edgar/data/732717/0001193125-25-183029.txt
0001193125-25-187812,director_departure,TMUS,2025-08-25,False,0.2,,"Following his appointment, on August 22, 2025, Mr. Almeida notified the Company of his resignation from the Board and its committees effective as of August 31st. Mr. Almeida's resignation from the Board is not the result of any disagreement between Mr. Almeida and the Company on any matter relating to the operations, policies or practices of the Company.",https://www.sec.gov/Archives/edgar/data/1283699/0001193125-25-187812.txt
0001654954-25-011182,director_departure,LIN,2025-09-29,False,0.0,,"On September 29, 2025, Stephen F. Angel, Chairman of the Board of Linde plc ('Linde'), announced that he will retire from Linde's Board of Directors effective January 31, 2026.",https://www.sec.gov/Archives/edgar/data/1707925/0001654954-25-011182.txt
0001193125-25-225125,director_departure,MSFT,2025-09-30,False,0.01,,"On September 24, 2025, Carlos A. Rodriguez, a member of the Board of Directors of Microsoft Corporation (the ""Company""), informed the Company of his decision not to stand for re-election at the Company's 2025 annual shareholder meeting (the ""Annual Meeting""). Mr. Rodriguez will continue to serve as a director until the Annual Meeting. His decision not to stand for re-election is for personal reasons and not as a result of any disagreement with management.",https://www.sec.gov/Archives/edgar/data/789019/0001193125-25-225125.txt
0000040545-25-000126,director_departure,GE,2025-10-01,False,0.0,,"Following the announcement of current director Stephen Angel's new role as CEO of CSX Corp., Mr. Angel plans to resign from the Board effective December 4, 2025.",https://www.sec.gov/Archives/edgar/data/40545/0000040545-25-000126.txt
0000005272-25-000142,director_departure,AIG,2025-10-03,False,0.0,,"On October 1, 2025, Paola Bergamaschi and the Board of Directors (the ""Board"") of American International Group, Inc. (the ""Company"") mutually agreed that Ms. Bergamaschi will resign from the Board, effective October 15, 2025.",https://www.sec.gov/Archives/edgar/data/5272/0000005272-25-000142.txt
0000764180-25-000124,director_departure,MO,2025-10-09,False,0.0,,"On October 3, 2025, George Muñoz, a director of Altria Group, Inc. (""Altria"") since 2004, notified Altria of his decision to retire from service on its Board of Directors (""Board"") following the completion of his current term. Consequently, Mr. Muñoz will not stand for re-election to the Board at Altria's 2026 Annual Meeting of Shareholders.",https://www.sec.gov/Archives/edgar/data/764180/0000764180-25-000124.txt
0000077476-25-000055,director_departure,PEP,2025-10-09,False,0.0,,"On October 3, 2025, Darren Walker notified PepsiCo of his intent to retire from the Board, effective November 19, 2025. Mr. Walker's decision to retire was not the result of any disagreement with PepsiCo on any matter relating to PepsiCo's operations, policies or practices and was based on his desire to pursue other professional opportunities.",https://www.sec.gov/Archives/edgar/data/77476/0000077476-25-000055.txt
0000950103-25-013275,director_departure,TXN,2025-10-16,False,0.0,,"Richard K. Templeton notified the Board of Directors of Texas Instruments Incorporated (the ""Company"") that he will retire as executive chairman and as a member of the Board on December 31, 2025.",https://www.sec.gov/Archives/edgar/data/97476/0000950103-25-013275.txt
0000773840-25-000096,director_departure,HON,2025-10-16,False,0.0,,"Ms. Rose Lee notified the Board of Directors that, in connection with the anticipated spin-off of the Company's Advanced Materials business, she will be resigning from the Board, effective as of immediately prior to and conditioned upon the consummation of the Spin-Off.",https://www.sec.gov/Archives/edgar/data/773840/0000773840-25-000096.txt
0000858877-25-000145,director_departure,CSCO,2025-10-17,False,0.01,,"On October 15, 2025, Wesley G. Bush notified Cisco Systems, Inc. (""Cisco"") of his decision not to stand for re-election at Cisco's 2025 annual meeting of stockholders (the ""2025 Annual Meeting""). Mr. Bush will continue to serve as a director until the 2025 Annual Meeting.",https://www.sec.gov/Archives/edgar/data/858877/0000858877-25-000145.txt
0000313616-25-000198,director_departure,DHR,2025-11-06,False,0.0,,"On November 6, 2025, John T. Schwieters notified Danaher's Board of Directors that he has decided not to stand for reelection at the Company's 2026 annual meeting of shareholders and will retire from the Danaher Board as of the 2026 Annual Meeting.",https://www.sec.gov/Archives/edgar/data/313616/0000313616-25-000198.txt
0000019617-25-001100,director_departure,JPM,2025-12-08,False,0.6,,"On December 7, 2025, Todd A. Combs notified JPMorgan Chase & Co. (the ""Company"") of his intention to resign as a member of the Board of Directors, effective December 7, 2025. Mr. Combs' resignation is not the result of any disagreement with the Company.",https://www.sec.gov/Archives/edgar/data/19617/0000019617-25-001100.txt
0000764180-25-000133,director_departure,MO,2025-12-11,False,0.0,,"William F. Gifford, Jr. informed the Board of Directors of Altria Group, Inc. of his decision to retire as a director of Altria and as Chief Executive Officer ('CEO'), effective May 14, 2026 at the conclusion of Altria's 2026 Annual Meeting of Shareholders. Accordingly, Mr. Gifford will not stand for reelection to the Board at the 2026 Annual Meeting.",https://www.sec.gov/Archives/edgar/data/764180/0000764180-25-000133.txt
0001091667-25-000174,director_departure,CHTR,2025-12-12,False,0.0,,"On December 11, 2025, David C. Merritt, a director of Charter Communications, Inc. (the ""Company""), informed the Board of Directors (the ""Board"") of his intention to retire from the Board, effective January 26, 2026. Mr. Merritt's resignation as a director is not the result of any dispute or disagreement with the Company on any matter relating to the operations, policies or practices of the Company.",https://www.sec.gov/Archives/edgar/data/1271834/0001091667-25-000174.txt
0000804328-25-000098,director_departure,QCOM,2025-12-16,False,0.0,,"On December 10, 2025, Kornelis (Neil) Smit, a member of the Board of Directors (the ""Board"") of QUALCOMM Incorporated (the ""Company""), informed the Board that he will be retiring from the Board effective as of the Company's 2026 Annual Meeting of Stockholders. Mr. Smit will conclude his time on the Board after nearly 8 years of distinguished service.",https://www.sec.gov/Archives/edgar/data/804328/0000804328-25-000098.txt
0001628280-25-058337,director_departure,META,2025-12-19,False,1.0,,"On December 19, 2025, Dina Powell McCormick notified Meta Platforms, Inc. (the ""Company"") that she will resign as a member of the Board of Directors of the Company, effective immediately.",https://www.sec.gov/Archives/edgar/data/1326801/0001628280-25-058337.txt
0001104659-24-002981,strategic_initiative,C,2024-01-10,False,0.0,,"As of the fourth quarter of 2023, Citi completed these changes to its operating model, which, among other things, included eliminating the Institutional Clients Group and Personal Banking and Wealth Management operating segments and establishing a new financial reporting structure consisting of five reportable operating segments—Services, Markets, Banking, U.S. Personal Banking and Wealth.",https://www.sec.gov/Archives/edgar/data/831001/0001104659-24-002981.txt
0000316709-24-000011,strategic_initiative,SCHW,2024-01-17,False,0.0,,"The primary objective coming into 2023 was a successful Ameritrade conversion. By the end of the year, we had transitioned approximately 90% of client assets and accounts with no significant disruptions.",https://www.sec.gov/Archives/edgar/data/316709/0000316709-24-000011.txt
0000773840-24-000007,strategic_initiative,HON,2024-02-01,False,0.0,,"As previously announced in October 2023, starting in 2024 Honeywell International Inc. expects to realign its business units comprising its Performance Materials and Technologies and Safety and Productivity Solutions reportable business segments by forming two new business segments: Industrial Automation and Energy and Sustainability Solutions.",https://www.sec.gov/Archives/edgar/data/773840/0000773840-24-000007.txt
0001104659-24-025567,strategic_initiative,C,2024-02-20,False,0.0,,"Ms. Fraser's strategic and other priorities include simplifying Citi; aligning Citi's organizational structure to its business strategy and increasing accountability, transparency and focus of execution for Citi's businesses; exiting or winding down Citi's remaining international consumer markets; and executing on Citi's risk and control Transformation.",https://www.sec.gov/Archives/edgar/data/831001/0001104659-24-025567.txt
0001413329-24-000071,strategic_initiative,PM,2024-02-27,False,0.0,,"Following the combination and the progress in 2023 toward the integration of the Swedish Match business into the existing PMI regional structure, the Company is updating its segment reporting by including its Swedish Match segment results into the four existing geographical segments, and that as of the first quarter of 2024, PMI will begin to report on this basis.",https://www.sec.gov/Archives/edgar/data/1413329/0001413329-24-000071.txt
0000050863-24-000068,strategic_initiative,INTC,2024-04-02,False,0.0,,"Intel Corporation previously announced the implementation of our internal foundry operating model, which took effect in the first quarter of 2024, and creates a foundry relationship between our Intel Products business and our Intel Foundry business. Our internal foundry model is a key component of our strategy and is designed to reshape our operational dynamics and drive greater transparency, accountability, and focus on costs and efficiency.",https://www.sec.gov/Archives/edgar/data/50863/0000050863-24-000068.txt
0000773840-24-000054,strategic_initiative,HON,2024-04-25,False,0.0,,"Effective the first quarter of 2024, the Company realigned its business units by forming two new business segments: Industrial Automation and Energy and Sustainability Solutions. Industrial Automation includes Sensing and Safety Technologies, Productivity Solutions and Services, and Warehouse and Workflow Solutions, which were previously included in Safety and Productivity Solutions, in addition to Process Solutions, which was previously included in Performance Materials and Technologies.",https://www.sec.gov/Archives/edgar/data/773840/0000773840-24-000054.txt
0000050863-24-000074,strategic_initiative,INTC,2024-04-25,False,0.0,,"Intel Corporation previously announced the implementation of our internal foundry operating model, which took effect in the first quarter of 2024. Our internal foundry model is a key component of our strategy and is designed to reshape our operational dynamics and drive greater transparency, accountability, and focus on costs and efficiency.",https://www.sec.gov/Archives/edgar/data/50863/0000050863-24-000074.txt
0000002488-24-000054,strategic_initiative,AMD,2024-04-30,False,0.0,,AMD expanded its commercial AI PC processor portfolio with the launch of new AMD Ryzen PRO notebook and desktop processors with leadership AI and compute performance and advanced security. The new AMD Embedded+ architecture combines x86 embedded processors with adaptive SoCs to accelerate time to market for edge AI applications.,https://www.sec.gov/Archives/edgar/data/2488/0000002488-24-000054.txt
0000019617-24-000402,strategic_initiative,JPM,2024-05-15,False,0.0,,"The reorganization of the Firm's reportable business segments that became effective in the second quarter of 2024, resulting in the combination of the Corporate & Investment Bank and Commercial Banking business segments to form one segment called Commercial & Investment Bank (""CIB"").",https://www.sec.gov/Archives/edgar/data/19617/0000019617-24-000402.txt
0001193125-24-183387,strategic_initiative,TMUS,2024-07-24,False,0.0,,"T-Mobile will acquire Metronet's residential fiber retail operations and customers, and a Fiber-to-the-Premises Master Framework Agreement, pursuant to which T-Mobile will purchase wholesale fiber services from Metronet and become the exclusive seller of Metronet's residential fiber services. T-Mobile will market and sell such services under the T-Mobile brand.",https://www.sec.gov/Archives/edgar/data/1283699/0001193125-24-183387.txt
0000093410-24-000037,strategic_initiative,CVX,2024-08-02,False,0.0,,"The Company announced the relocation of the Company's corporate headquarters from San Ramon, California, to Houston, Texas, which will be effective January 1, 2025.",https://www.sec.gov/Archives/edgar/data/93410/0000093410-24-000037.txt
0000950170-24-102826,strategic_initiative,FDX,2024-09-03,False,0.0,,"In the fourth quarter of fiscal 2023, FedEx Corporation announced one FedEx, a consolidation plan to bring FedEx Ground Package System, Inc. and FedEx Corporate Services, Inc. into Federal Express Corporation, becoming a single company operating a unified, fully integrated air-ground express network under the respected FedEx brand.",https://www.sec.gov/Archives/edgar/data/1048911/0000950170-24-102826.txt
0000732712-24-000065,strategic_initiative,VZ,2024-10-22,False,0.0,,"Verizon hosted a sell side analyst meeting where it shared a strategic broadband update. Asset and business rationalization recorded during 2024 predominately relates to the decision to cease use of certain real estate assets and exit non-strategic portions of certain businesses, as part of our continued transformation initiatives.",https://www.sec.gov/Archives/edgar/data/732712/0000732712-24-000065.txt
0000050863-24-000169,strategic_initiative,INTC,2024-11-27,False,0.0,low,"The Awards are related to (i) the construction, modernization, tool purchase and installation in, and operation of, twelve microchip fabrication facilities and advanced packaging facilities located in Arizona, New Mexico, Ohio and Oregon and (ii) workforce activities related to the Projects.",https://www.sec.gov/Archives/edgar/data/50863/0000050863-24-000169.txt
0000950170-24-132722,strategic_initiative,MSFT,2024-12-03,False,0.0,,"In August 2024, we announced changes to the composition of our segments, most notably bringing the commercial components of Microsoft 365 together in the Productivity and Business Processes segment. Beginning in fiscal year 2025, the information that our chief operating decision maker is regularly provided and reviews for purposes of allocating resources and assessing performance reflects these segment changes.",https://www.sec.gov/Archives/edgar/data/789019/0000950170-24-132722.txt
0001193125-24-274879,strategic_initiative,MET,2024-12-11,False,0.0,,"MetLife is targeting initially ceding approximately $10 billion of statutory reserves of structured settlement and group annuity contracts associated with pension risk transfers to Chariot Re, which is subject to adjustment based on the final amount of initial equity raised to support Chariot Re.",https://www.sec.gov/Archives/edgar/data/1099219/0001193125-24-274879.txt
0000829224-25-000006,strategic_initiative,SBUX,2025-01-17,False,0.0,,"On January 17, 2025, Starbucks Corporation (the ""Company"") issued a partner (employee) communication introducing the next phase in its Back to Starbucks initiative, which will focus on transforming the Company's support organization.",https://www.sec.gov/Archives/edgar/data/829224/0000829224-25-000006.txt
0001193125-25-010837,strategic_initiative,FDX,2025-01-23,False,0.0,,"The Exchange Offers and Consent Solicitations were commenced in connection with the proposed Separation. The 'Separation' means any sale, exchange, transfer, distribution, or other disposition of assets and/or capital stock of one or more subsidiaries of FedEx resulting in the separation of the FedEx Freight business through the capital markets to create a new publicly traded company.",https://www.sec.gov/Archives/edgar/data/1048911/0001193125-25-010837.txt
0001099219-25-000039,strategic_initiative,MET,2025-02-05,False,0.0,,"At the December 2024 Investor Day, we introduced our New Frontier five-year strategy which is designed to accelerate growth across our global platform while delivering attractive returns and all-weather performance. Our New Frontier strategy builds upon the success of our five-year Next Horizon strategy, which we announced in 2019, with an aim to focus, simplify and differentiate the Company.",https://www.sec.gov/Archives/edgar/data/1099219/0001099219-25-000039.txt
0000773840-25-000005,strategic_initiative,HON,2025-02-06,False,0.0,,"On February 6, 2025, the Company issued a press release announcing its intention to pursue a full separation of Automation and Aerospace Technologies. The planned separation, coupled with the previously announced plan to spin Advanced Materials, would result in three standalone publicly listed companies.",https://www.sec.gov/Archives/edgar/data/773840/0000773840-25-000005.txt
0001193125-25-022292,strategic_initiative,FDX,2025-02-07,False,0.0,,"The Exchange Offers and Consent Solicitations were commenced in connection with the proposed Separation, which means any sale, exchange, transfer, distribution, or other disposition of assets and/or capital stock of one or more subsidiaries of FedEx resulting in the separation of the FedEx Freight business through the capital markets to create a new publicly traded company.",https://www.sec.gov/Archives/edgar/data/1048911/0001193125-25-022292.txt
0001193125-25-026705,strategic_initiative,BLK,2025-02-14,False,0.0,,"The carry incentive further aligns CEO compensation to both the evolution of BlackRock's private markets platform and associated creation of long-term shareholder value, as well as the corresponding expansion of Mr. Fink's executive responsibilities. BlackRock has made significant long-term investments to develop its private markets platform over a number of years in order to better serve clients across their whole portfolios, including through the completed or announced acquisitions of two leading private markets investment firms.",https://www.sec.gov/Archives/edgar/data/2012383/0001193125-25-026705.txt
0000021344-25-000019,strategic_initiative,KO,2025-03-27,False,0.0,,"Effective January 1, 2025, The Coca-Cola Company sunset its Global Ventures operating segment to streamline and simplify the company's operating structure. The Global Ventures operating segment was established primarily to oversee the company's ownership of Costa Limited, innocent and doğadan, as well as the fees earned pursuant to distribution coordination agreements between the company and Monster Beverage Corporation.",https://www.sec.gov/Archives/edgar/data/21344/0000021344-25-000019.txt
0001193125-25-115181,strategic_initiative,HON,2025-05-08,False,0.0,,"Honeywell has elected to enter into the Term Loan Agreement to provide financial flexibility as it manages the separation of its Automation, Aerospace and Solstice Advanced Materials businesses into three independent public companies, while continuing to execute on its capital deployment plan.",https://www.sec.gov/Archives/edgar/data/773840/0001193125-25-115181.txt
0001467373-25-000170,strategic_initiative,ACN,2025-06-20,False,0.01,,"Accenture will bring all of its services—Strategy, Consulting, Song, Technology and Operations, together into a single, integrated business unit called Reinvention Services under the leadership of Manish Sharma, Accenture's current CEO of the Americas.",https://www.sec.gov/Archives/edgar/data/1467373/0001467373-25-000170.txt
0000021344-25-000047,strategic_initiative,KO,2025-06-26,False,0.0,,"Effective January 1, 2025, The Coca-Cola Company ('Company') sunset its Global Ventures operating segment to streamline and simplify the Company's operating structure. The Global Ventures operating segment was established in 2019 primarily to oversee the Company's ownership of Costa Limited ('Costa'), innocent and doğadan, as well as the fees earned pursuant to distribution coordination agreements between the Company and Monster Beverage Corporation ('Monster').",https://www.sec.gov/Archives/edgar/data/21344/0000021344-25-000047.txt
0001467858-25-000136,strategic_initiative,GM,2025-10-14,False,0.01,high,"Following recent U.S. Government policy changes, including the termination of certain consumer tax incentives for EV purchases and the reduction in the stringency of emissions regulations, we expect the adoption rate of EVs to slow. These developments have caused us to reassess our EV capacity and manufacturing footprint. On October 7, 2025, the Audit Committee of the Company's Board of Directors approved charges of $1.6 billion in GM North America (GMNA) in the three months ended September 30, 2025, based on a planned strategic realignment of our EV capacity and manufacturing footprint to consumer demand.",https://www.sec.gov/Archives/edgar/data/1467858/0001467858-25-000136.txt
0000773840-25-000099,strategic_initiative,HON,2025-10-22,False,0.0,,"Honeywell International Inc. announced that, expected to be effective the first quarter of 2026, it will realign its business units comprising its Industrial Automation and Energy and Sustainability Solutions reportable business segments. This realignment will form a new reportable business segment, Process Automation and Technology, and result in a new composition of the Industrial Automation reportable business segment.",https://www.sec.gov/Archives/edgar/data/773840/0000773840-25-000099.txt
0000829224-25-000079,strategic_initiative,SBUX,2025-11-03,False,0.0,,"Starbucks expects the total value of its China retail business to exceed $13 billion, composed of three sources: proceeds from the sale of a controlling interest in the joint venture to Boyu Capital, the value of Starbucks retained interest in the joint venture, and the net present value of ongoing licensing economics payable to Starbucks over the next decade or more.",https://www.sec.gov/Archives/edgar/data/829224/0000829224-25-000079.txt
0001628280-25-048526,strategic_initiative,PM,2025-11-04,False,0.0,,"the Company's Board of Directors approved the appointment of Frederic de Wilde...in connection with the New Organizational Model, which is designed to enhance the Company's agility and support its journey to becoming a smoke-free company. The New Organizational Model will be effective January 1, 2026.",https://www.sec.gov/Archives/edgar/data/1413329/0001628280-25-048526.txt
0000032604-25-000094,strategic_initiative,EMR,2025-11-20,False,0.0,,"Emerson Electric Co. announced on November 20, 2025, that with the completion of the Company's transformation, it has revised its management organization and updated its reportable segments. Beginning in fiscal 2026, Emerson will now report results for five segments.",https://www.sec.gov/Archives/edgar/data/32604/0000032604-25-000094.txt
0000896878-25-000050,strategic_initiative,INTU,2025-11-20,False,0.0,,"effective August 1, 2025, Intuit Inc. (the Company) combined its Consumer, Credit Karma, and ProTax businesses into a single Consumer business in order to better serve the diverse financial needs of its customers as one consumer platform.",https://www.sec.gov/Archives/edgar/data/896878/0000896878-25-000050.txt
0000773840-25-000125,strategic_initiative,HON,2025-12-22,False,0.0,,"Beginning in the first quarter of 2026, Honeywell International Inc. intends to realign its business units comprising its Industrial Automation and Energy and Sustainability Solutions reportable business segments. This realignment will result in the formation of a new reportable business segment, Process Automation and Technology, and also result in a new composition of the Industrial Automation reportable business segment.",https://www.sec.gov/Archives/edgar/data/773840/0000773840-25-000125.txt
0001104659-24-013692,acquisition_completion,ABBV,2024-02-12,False,0.0,,"On February 12, 2024, AbbVie Inc. (the ""Company"") issued a press release announcing the completion of its acquisition of ImmunoGen, Inc.",https://www.sec.gov/Archives/edgar/data/1551152/0001104659-24-013692.txt
0001140361-24-013726,acquisition_completion,BMY,2024-03-18,False,0.0,,"On March 18, 2024, Bristol-Myers Squibb Company (""BMS"") issued a press release announcing the completion of its previously announced acquisition (the ""Acquisition"") of Karuna Therapeutics, Inc. (""Karuna""). In the Acquisition, each share of Karuna common stock issued and outstanding immediately prior to the effective time of the Acquisition was automatically converted into the right to receive $330.00 in cash, without interest, and subject to any required withholding taxes.",https://www.sec.gov/Archives/edgar/data/14272/0001140361-24-013726.txt
0001104659-24-037619,acquisition_completion,GILD,2024-03-22,False,0.0,,"On March 22, 2024, Gilead Sciences, Inc., a Delaware corporation (""Parent"" or ""Gilead""), issued a press release announcing the completion of the acquisition of the CymaBay Therapeutics, Inc., a Delaware corporation (the ""Company"").",https://www.sec.gov/Archives/edgar/data/882095/0001104659-24-037619.txt
0000950103-24-006322,acquisition_completion,XOM,2024-05-03,False,0.0,,"At the effective time and as a result of the Merger, each share of common stock, par value $0.01 per share, of Pioneer (""Pioneer common stock""), outstanding immediately prior to the effective time of the Merger, other than certain excluded shares held by Pioneer as treasury stock or owned by the Company or Merger Sub, was canceled and automatically converted into the right to receive 2.3234 shares of common stock, without par value, of the Company (""Company common stock""), together with cash proceeds from the sale of fractional shares (the ""Merger Consideration"").",https://www.sec.gov/Archives/edgar/data/34088/0000950103-24-006322.txt
0000773840-24-000066,acquisition_completion,HON,2024-06-03,False,0.0,,"On June 3, 2024 Honeywell International Inc. (the ""Company"") announced the completion of the acquisition of the Global Access Solutions business of Carrier Global Corporation and updated its 2024 outlook",https://www.sec.gov/Archives/edgar/data/773840/0000773840-24-000066.txt
0000050863-24-000110,acquisition_completion,INTC,2024-06-14,False,0.0,,"On June 12, 2024, following satisfaction of the closing conditions of the Purchase and Sale Agreement, Intel and the parties thereto consummated the Closing. Co-Investor acquired from Intel Ireland a 49% ownership interest in Grange Newco LLC...for approximately $11 billion.",https://www.sec.gov/Archives/edgar/data/50863/0000050863-24-000110.txt
0000354950-24-000177,acquisition_completion,HD,2024-06-18,False,0.0,,"On the Closing Date, following the satisfaction or waiver of the applicable closing conditions, including receipt of the requisite regulatory approvals, the Company completed the acquisition of SRS through the Merger. Pursuant to the Merger Agreement, the Company paid aggregate purchase price of $18,250,000,000, subject to customary adjustments for SRS's debt, cash, transaction expenses and net working capital to determine the consideration paid to SRS equityholders.",https://www.sec.gov/Archives/edgar/data/354950/0000354950-24-000177.txt
0001140361-24-032566,acquisition_completion,AVGO,2024-07-08,False,0.0,,"Broadcom Inc. (the ""Company"") completed its acquisition of VMware, Inc. (""VMware"", and such acquisition, the ""VMware Merger"") on November 22, 2023.",https://www.sec.gov/Archives/edgar/data/1730168/0001140361-24-032566.txt
0000950157-24-000978,acquisition_completion,TMO,2024-07-10,False,0.0,,"On July 10, 2024, Thermo Fisher Scientific Inc. ('Thermo Fisher') issued a press release announcing the expiration and results of the previously announced tender offer by Orion Acquisition AB, a direct, wholly owned subsidiary of Thermo Fisher, to purchase all of the outstanding common shares and all of the outstanding American Depositary Receipts, each representing one common share, of Olink Holding AB (publ).",https://www.sec.gov/Archives/edgar/data/97745/0000950157-24-000978.txt
0001193125-24-261807,acquisition_completion,BLK,2024-11-19,False,0.0,,"As previously disclosed, Mr. Ogunlesi joined the Board in connection with the Company's acquisition of 100% of the issued and outstanding limited liability company interests of Global Infrastructure Management, LLC (""GIP"") for a total consideration of $3 billion in cash and approximately 12 million shares of Company common stock (the ""GIP Contribution"").",https://www.sec.gov/Archives/edgar/data/2012383/0001193125-24-261807.txt
0001193125-25-044184,acquisition_completion,BLK,2025-03-03,False,0.0,low,"BlackRock, Inc. (the ""Company"") announced that it had completed its previously announced acquisition of Preqin Holding Limited (together with its subsidiaries, ""Preqin""), a leading independent provider of private markets data. The Company, through one of its wholly owned subsidiaries, acquired 100% of the shares of Preqin Holding Limited for an enterprise value of £2.55 billion (or approximately $3.2 billion based on the GBP/USD foreign exchange rate at December 31, 2024) in cash.",https://www.sec.gov/Archives/edgar/data/2012383/0001193125-25-044184.txt
0001193125-25-067902,acquisition_completion,AMD,2025-03-31,False,0.0,,"On the Closing Date, pursuant to the terms of the Purchase Agreement, AMD (a) issued to the Sellers and the Company Warrant Holders (as defined in the Purchase Agreement) 8,335,849 shares of AMD common stock ('AMD Stock'), and (b) paid, or will cause to be paid, to the Sellers, the Company Warrant Holders and the holders of Company RSUs (as defined in the Purchase Agreement) $3.375 billion in cash, subject to certain purchase price adjustments (collectively, the 'Closing Consideration').",https://www.sec.gov/Archives/edgar/data/2488/0001193125-25-067902.txt
0001193125-25-153573,acquisition_completion,BLK,2025-07-01,False,0.0,,"This Current Report on Form 8-K is being filed in connection with the completion on July 1, 2025 (the ""Closing Date"") of BlackRock, Inc.'s (the ""Company"") previously announced acquisition of 100% of the business and assets of HPS Investment Partners (""HPS""), a leading global credit investment manager (the ""Acquisition"").",https://www.sec.gov/Archives/edgar/data/2012383/0001193125-25-153573.txt
0000950142-25-001949,acquisition_completion,CVX,2025-07-18,False,0.0,,"On July 18, 2025, Chevron completed the previously announced Merger contemplated by the Agreement and Plan of Merger, dated as of October 22, 2023 (the 'Merger Agreement'), by and among Hess, Chevron and Yankee Merger Sub Inc., a Delaware corporation and a direct, wholly owned subsidiary of Chevron ('Merger Subsidiary'). At the effective time of the Merger on July 18, 2025, in accordance with the Merger Agreement, Merger Subsidiary merged with and into Hess (the 'Merger'), with Hess continuing as the surviving corporation and a direct, wholly owned subsidiary of Chevron.",https://www.sec.gov/Archives/edgar/data/93410/0000950142-25-001949.txt
0000950142-25-002041,acquisition_completion,CVX,2025-07-29,False,0.0,,"On July 14, 2025, in anticipation of and subject to the closing of the Corporation's previously announced acquisition of Hess, which closed on July 18, 2025 (the ""Closing""), Chevron U.S.A. Inc., a Pennsylvania corporation and a wholly owned subsidiary of the Corporation (""Chevron USA""), and HFO Holdings LLC, a Delaware limited liability company wholly owned by Mr. Hess (""HFO""), entered into a non-binding memorandum of understanding.",https://www.sec.gov/Archives/edgar/data/93410/0000950142-25-002041.txt
0001193125-25-173566,acquisition_completion,TMUS,2025-08-05,False,0.0,,"The Company, together with T-Mobile USA, Inc., its wholly-owned subsidiary, settled the previously announced exchange offers and consent solicitations in connection with the Company's acquisition of certain assets from Array Digital Infrastructure, Inc. (formerly known as United States Cellular Corporation), which closed on August 1, 2025.",https://www.sec.gov/Archives/edgar/data/1283699/0001193125-25-173566.txt
0001193125-25-195398,acquisition_completion,TMUS,2025-09-04,False,0.0,,"T-Mobile US, Inc. (the ""Company"") issued a press release providing updated guidance for its recently closed acquisition of United States Cellular Corporation",https://www.sec.gov/Archives/edgar/data/1283699/0001193125-25-195398.txt
0001193125-25-200108,acquisition_completion,AVGO,2025-09-10,False,0.0,,"Broadcom Inc. (the ""Company"") completed its acquisition of VMware, Inc. (""VMware"", and such acquisition, the ""VMware Merger"") on November 22, 2023.",https://www.sec.gov/Archives/edgar/data/1730168/0001193125-25-200108.txt
0000050863-25-000153,acquisition_completion,INTC,2025-09-15,False,0.0,low,"Following the satisfaction of the closing conditions of the Transaction Agreement, the closing of the Transaction was consummated on September 12, 2025, at which time: (i) the Purchaser acquired 51% of the equity interests of Altera for an equity value of approximately $3.3 billion, with Intel retaining the remaining 49% interest; (ii) each of Intel and the Purchaser contributed such equity interests in Altera to a newly formed limited partnership (the 'Partnership'); and (iii) Intel and the Purchaser entered into an amended and restated limited partnership agreement.",https://www.sec.gov/Archives/edgar/data/50863/0000050863-25-000153.txt
0000060667-25-000199,acquisition_completion,LOW,2025-10-09,False,0.0,,"On October 9, 2025, the Company completed the Transaction. Pursuant to the Purchase Agreement, the purchase price paid by the Company upon the completion of the Transaction was $8.8 billion in cash, subject to customary adjustments as set forth in the Purchase Agreement.",https://www.sec.gov/Archives/edgar/data/60667/0000060667-25-000199.txt
0001193125-25-250803,acquisition_completion,AMD,2025-10-27,False,0.0,low,"On the Closing Date, pursuant to the terms of the Purchase Agreement, Sanmina (a) issued to the Seller 1,151,052 shares of Sanmina common stock, and (b) paid, or will cause to be paid, to the Seller $2.4 billion in cash, subject to certain purchase price adjustments (collectively, the 'Closing Consideration'). In addition, pursuant to the terms of the Purchase Agreement, the Seller is eligible to receive additional consideration of up to $450 million of cash to the extent certain conditions are met following the closing of the Equity Sale.",https://www.sec.gov/Archives/edgar/data/2488/0001193125-25-250803.txt
0000078003-25-000159,acquisition_completion,PFE,2025-11-13,False,0.0,,"On November 13, 2025, Pfizer Inc. completed the previously announced acquisition of Metsera, Inc., a Delaware corporation, pursuant to the Agreement and Plan of Merger. Each issued and outstanding share of Metsera common stock was converted into the right to receive $65.60 in cash at closing, representing an enterprise value of approximately $7.0 billion, and one non-transferable contingent value right entitling holders to potential additional payments of up to $20.65 per share in cash tied to the achievement of three specific milestones.",https://www.sec.gov/Archives/edgar/data/78003/0000078003-25-000159.txt
0001628280-25-055825,acquisition_completion,BA,2025-12-08,False,0.0,,"On December 8, 2025, The Boeing Company (the ""Company"") issued a press release announcing the completion of its acquisition of Spirit AeroSystems Holdings, Inc, a Delaware corporation.",https://www.sec.gov/Archives/edgar/data/12927/0001628280-25-055825.txt
0001099219-25-000241,acquisition_completion,MET,2025-12-30,False,0.0,,"On December 30, 2025, MetLife, Inc. issued a news release announcing the closing of the acquisition (the ""Acquisition"") by MetLife Investment Management of PineBridge Investments, LLC and certain of its affiliates (collectively, ""PineBridge"").",https://www.sec.gov/Archives/edgar/data/1099219/0001099219-25-000241.txt
0000936468-24-000101,significant_contract_award,LMT,2024-08-27,False,0.01,low,"The U.S. government's F-35 Joint Program Office (the ""JPO"") and the Company have reached an agreement for the acceptance and delivery of Technology Refresh 3 (""TR-3"") enabled aircraft with robust combat training capability. As part of the agreement, the JPO will withhold a portion of final aircraft delivery payments from the Company until TR-3 combat capability is qualified and delivered.",https://www.sec.gov/Archives/edgar/data/936468/0000936468-24-000101.txt
0000050863-24-000169,significant_contract_award,INTC,2024-11-27,False,0.02,low,"On November 25, 2024, Intel Corporation entered into a direct funding agreement with the U.S. Department of Commerce under which the DOC agrees to award Intel funding under the Creating Helpful Incentives to Produce Semiconductors and Science Act of 2022. Under the Direct Funding Agreement, the DOC has agreed to award Intel up to $7.8 billion in direct funding and $65 million in workforce development funding.",https://www.sec.gov/Archives/edgar/data/50863/0000050863-24-000169.txt
0001193125-25-152035,significant_contract_award,ORCL,2025-06-30,False,0.04,low,We signed multiple large cloud services agreements including one that is expected to contribute more than $30 billion in annual revenue starting in FY28.,https://www.sec.gov/Archives/edgar/data/1341439/0001193125-25-152035.txt
0000019617-24-000049,quarterly_earnings,JPM,2024-01-12,False,0.0,,"JPMorgan Chase & Co. reported 2023 fourth quarter net income of $9.3 billion, or $3.04 per share, compared with net income of $11.0 billion, or $3.57 per share, in the fourth quarter of 2022.",https://www.sec.gov/Archives/edgar/data/19617/0000019617-24-000049.txt
0000070858-24-000011,quarterly_earnings,BAC,2024-01-12,False,0.0,,"Bank of America Corporation announced financial results for the fourth quarter and year ended December 31, 2023, reporting fourth quarter net income of $3.1 billion, or $0.35 per diluted share, and net income for the year of $26.5 billion, or $3.08 per diluted share.",https://www.sec.gov/Archives/edgar/data/70858/0000070858-24-000011.txt
0000950170-24-004107,quarterly_earnings,BLK,2024-01-12,False,0.0,,"On January 12, 2024, BlackRock, Inc. (the ""Company"") reported results of operations for the three months and year ended December 31, 2023. A copy of the earnings release issued by the Company is attached as Exhibit 99.1 to this Form 8-K.",https://www.sec.gov/Archives/edgar/data/1364742/0000950170-24-004107.txt
0000316709-24-000011,quarterly_earnings,SCHW,2024-01-17,False,0.0,,"The Charles Schwab Corporation announced today that its net income for the fourth quarter of 2023 was $1.0 billion compared with $2.0 billion for the fourth quarter of 2022. Net income for the twelve months ended December 31, 2023 was $5.1 billion, compared with $7.2 billion for the year-earlier period.",https://www.sec.gov/Archives/edgar/data/316709/0000316709-24-000011.txt
0000066740-24-000005,quarterly_earnings,MMM,2024-01-23,False,0.0,,3M Company issued a press release reporting fourth-quarter and full-year 2023 financial results and provided its 2024 financial outlook,https://www.sec.gov/Archives/edgar/data/66740/0000066740-24-000005.txt
0000732712-24-000007,quarterly_earnings,VZ,2024-01-23,False,0.0,,"Attached as Exhibit 99.1 hereto are a press release and financial tables, dated January 23, 2024, issued by Verizon Communications Inc. (Verizon). Attached as Exhibit 99.2 hereto is commentary, dated January 23, 2024, discussing Verizon's financial and operating results for the fourth quarter and full year of 2023.",https://www.sec.gov/Archives/edgar/data/732712/0000732712-24-000007.txt
0000200406-24-000004,quarterly_earnings,JNJ,2024-01-23,False,0.0,,"Johnson & Johnson issued the attached press release (Exhibit 99.1) announcing its sales and earnings for the fourth quarter and full year ended December 31, 2023.",https://www.sec.gov/Archives/edgar/data/200406/0000200406-24-000004.txt
0000732717-24-000004,quarterly_earnings,T,2024-01-24,False,0.03,,"We announced on January 24, 2024 that fourth-quarter 2023 income from continuing operations totaled $2.6 billion, or $0.30 per diluted share. Fourth-quarter 2023 earnings per diluted share includes amounts totaling to $(2.6) billion (pre-tax) resulting from the following significant items (per share): $(0.18) from a loss on actuarial remeasurement of pension and postretirement benefit plan assets and obligations, $(0.06) from restructuring and impairment charges, $(0.03) from our proportionate share of DIRECTV intangible amortization and $(0.01) of benefit related market-driven adjustments and other items, partially offset by $0.04 of benefit from tax items.",https://www.sec.gov/Archives/edgar/data/732717/0000732717-24-000004.txt
0001099219-24-000028,quarterly_earnings,MET,2024-01-31,False,0.0,,"On January 31, 2024, MetLife, Inc. issued (i) a news release announcing its results for the quarter and full year ended December 31, 2023 (the ""Earnings Release""), a copy of which is attached hereto as Exhibit 99.1 and is incorporated herein by reference, (ii) a Quarterly Financial Supplement for the quarter ended December 31, 2023 (the ""Quarterly Financial Supplement""), a copy of which is attached hereto as Exhibit 99.2 and is incorporated herein by reference.",https://www.sec.gov/Archives/edgar/data/1099219/0001099219-24-000028.txt
0000773840-24-000007,quarterly_earnings,HON,2024-02-01,False,0.0,,"On February 1, 2024, Honeywell International Inc. (the ""Company"") issued a press release announcing its fourth quarter and full year 2023 earnings, which is furnished herewith as Exhibit 99.1.",https://www.sec.gov/Archives/edgar/data/773840/0000773840-24-000007.txt
0001104659-24-009109,quarterly_earnings,MRK,2024-02-01,False,0.0,,"Incorporated by reference is a press release issued by Merck & Co., Inc. on February 1, 2024, regarding earnings for the fourth quarter and year end of 2023, attached as Exhibit 99.1.",https://www.sec.gov/Archives/edgar/data/310158/0001104659-24-009109.txt
0000059478-24-000032,quarterly_earnings,LLY,2024-02-06,False,0.0,,"Attached hereto as Exhibit 99.1 and incorporated by reference into this Item 2.02 is a copy of the press release, dated February 6, 2024, announcing the financial results of Eli Lilly and Company for the quarter and year ended December 31, 2023.",https://www.sec.gov/Archives/edgar/data/59478/0000059478-24-000032.txt
0001413329-24-000012,quarterly_earnings,PM,2024-02-08,False,0.0,,"Philip Morris International Inc. (the ""Company"") issued a press release announcing its financial results for the quarter and the fiscal year ended December 31, 2023, as well as the accompanying glossary of key terms, definitions, explanatory notes, select financial information and reconciliations of non-GAAP financial measures.",https://www.sec.gov/Archives/edgar/data/1413329/0001413329-24-000012.txt
0000077476-24-000010,quarterly_earnings,PEP,2024-02-09,False,0.0,,"Attached as Exhibit 99.1 and incorporated by reference into this Item 2.02 is a copy of the press release issued by PepsiCo, Inc. ('PepsiCo'), dated February 9, 2024, reporting PepsiCo's financial results for the 16 and 52 weeks ended December 30, 2023.",https://www.sec.gov/Archives/edgar/data/77476/0000077476-24-000010.txt
0001075531-24-000011,quarterly_earnings,BKNG,2024-02-22,False,0.0,,"On February 22, 2024, Booking Holdings Inc. announced its financial results for the fourth quarter ended December 31, 2023. Copies of Booking Holdings' consolidated balance sheet at December 31, 2023, consolidated statements of operations for the three and twelve months ended December 31, 2023, and consolidated statement of cash flows for the twelve months ended December 31, 2023, are included in the financial and statistical supplement attached to the press release.",https://www.sec.gov/Archives/edgar/data/1075531/0001075531-24-000011.txt
0000950170-24-034726,quarterly_earnings,FDX,2024-03-21,False,0.0,,"Attached as Exhibit 99.1 and incorporated herein by reference is a copy of FedEx Corporation's press release, dated March 21, 2024, announcing its financial results for the fiscal quarter ended February 29, 2024.",https://www.sec.gov/Archives/edgar/data/1048911/0000950170-24-034726.txt
0000019617-24-000315,quarterly_earnings,JPM,2024-04-12,False,0.0,,"JPMorgan Chase & Co. reported 2024 first quarter net income of $13.4 billion, or $4.44 per share, compared with net income of $12.6 billion, or $4.10 per share, in the first quarter of 2023.",https://www.sec.gov/Archives/edgar/data/19617/0000019617-24-000315.txt
0000200406-24-000031,quarterly_earnings,JNJ,2024-04-16,False,0.0,,"Johnson & Johnson issued the attached press release announcing its sales and earnings for the first quarter ended March 31, 2024.",https://www.sec.gov/Archives/edgar/data/200406/0000200406-24-000031.txt
0000070858-24-000144,quarterly_earnings,BAC,2024-04-16,False,0.0,,"Bank of America Corporation announced financial results for the first quarter ended March 31, 2024, reporting first quarter net income of $6.7 billion, or $0.76 per diluted share.",https://www.sec.gov/Archives/edgar/data/70858/0000070858-24-000144.txt
0000895421-24-000315,quarterly_earnings,MS,2024-04-16,False,0.0,,"On April 16, 2024, Morgan Stanley (the ""Company"") released financial information with respect to its quarter ended March 31, 2024. A copy of the press release containing this information is annexed as Exhibit 99.1 to this Report and by this reference incorporated herein and made a part hereof. In addition, a copy of the Company's Financial Data Supplement for its quarter ended March 31, 2024 is annexed as Exhibit 99.2 to this Report and by this reference incorporated herein and made a part hereof.",https://www.sec.gov/Archives/edgar/data/895421/0000895421-24-000315.txt
0000732712-24-000025,quarterly_earnings,VZ,2024-04-22,False,0.0,,"Attached as Exhibit 99.1 hereto are a press release and financial tables, dated April 22, 2024, issued by Verizon Communications Inc. (Verizon). Attached as Exhibit 99.2 hereto is commentary, dated April 22, 2024, discussing Verizon's financial and operating results for the first quarter of 2024.",https://www.sec.gov/Archives/edgar/data/732712/0000732712-24-000025.txt
0000077476-24-000019,quarterly_earnings,PEP,2024-04-23,False,0.0,,"Attached as Exhibit 99.1 and incorporated by reference into this Item 2.02 is a copy of the press release issued by PepsiCo, Inc. ('PepsiCo'), dated April 23, 2024, reporting PepsiCo's financial results for the 12 weeks ended March 23, 2024.",https://www.sec.gov/Archives/edgar/data/77476/0000077476-24-000019.txt
0001413329-24-000083,quarterly_earnings,PM,2024-04-23,False,0.0,,"Philip Morris International Inc. (the ""Company"") issued a press release announcing its financial results for the quarter ended March 31, 2024, as well as the accompanying glossary of key terms, definitions, explanatory notes, select financial information and reconciliations of non-GAAP financial measures.",https://www.sec.gov/Archives/edgar/data/1413329/0001413329-24-000083.txt
0000732717-24-000016,quarterly_earnings,T,2024-04-24,False,0.0,,"We announced on April 24, 2024 that first-quarter 2024 net income attributable to common stock totaled $3.4 billion, or $0.47 per diluted share. Operating revenues in the first quarter of 2024 were $30.0 billion, down 0.4 percent from the first quarter of 2023.",https://www.sec.gov/Archives/edgar/data/732717/0000732717-24-000016.txt
0001104659-24-051517,quarterly_earnings,MRK,2024-04-25,False,0.0,,"Incorporated by reference is a press release issued by Merck & Co., Inc. on April 25, 2024, regarding earnings for the first quarter of 2024, attached as Exhibit 99.1. Also incorporated by reference is certain supplemental information not included in the press release, attached as Exhibit 99.2.",https://www.sec.gov/Archives/edgar/data/310158/0001104659-24-051517.txt
0000034088-24-000025,quarterly_earnings,XOM,2024-04-26,False,0.0,,"The Registrant hereby furnishes the information set forth in its News Release, dated April 26, 2024, announcing first quarter 2024 results, a copy of which is included as Exhibit 99.1, and furnishes the information in the related 1Q24 Investor Relations Data Summary, a copy of which is included as Exhibit 99.2.",https://www.sec.gov/Archives/edgar/data/34088/0000034088-24-000025.txt
0000093410-24-000017,quarterly_earnings,CVX,2024-04-26,False,0.0,,"On April 26, 2024, Chevron Corporation (the ""Company"") issued a news release announcing unaudited first quarter 2024 earnings of $5.5 billion.",https://www.sec.gov/Archives/edgar/data/93410/0000093410-24-000017.txt
0000002488-24-000054,quarterly_earnings,AMD,2024-04-30,False,0.0,,"AMD (NASDAQ:AMD) today announced revenue for the first quarter of 2024 of $5.5 billion, gross margin of 47%, operating income of $36 million, net income of $123 million and diluted earnings per share of $0.07.",https://www.sec.gov/Archives/edgar/data/2488/0000002488-24-000054.txt
0000059478-24-000116,quarterly_earnings,LLY,2024-04-30,False,0.0,,"Attached hereto as Exhibit 99.1 and incorporated by reference into this Item 2.02 is a copy of the press release, dated April 30, 2024, announcing the financial results of Eli Lilly and Company for the quarter ended March 31, 2024.",https://www.sec.gov/Archives/edgar/data/59478/0000059478-24-000116.txt
0000021344-24-000013,quarterly_earnings,KO,2024-04-30,False,0.0,,"Attached as Exhibit 99.1 is a copy of a press release of The Coca-Cola Company (""Company""), dated April 30, 2024, reporting the Company's financial results for the first quarter 2024.",https://www.sec.gov/Archives/edgar/data/21344/0000021344-24-000013.txt
0001099219-24-000139,quarterly_earnings,MET,2024-05-01,False,0.0,,"On May 1, 2024, MetLife, Inc. issued (i) a news release announcing its results for the quarter ended March 31, 2024 (the ""Earnings Release""), a copy of which is attached hereto as Exhibit 99.1 and is incorporated herein by reference, (ii) a Quarterly Financial Supplement for the quarter ended March 31, 2024 (the ""Quarterly Financial Supplement""), a copy of which is attached hereto as Exhibit 99.2 and is incorporated herein by reference.",https://www.sec.gov/Archives/edgar/data/1099219/0001099219-24-000139.txt
0000200406-24-000048,quarterly_earnings,JNJ,2024-05-01,False,0.03,,"On May 1, 2024, Johnson & Johnson issued the attached earnings schedules for the first quarter ended March 31, 2024. Previously reported earnings per share (EPS) for the fiscal first quarter ended March 31, 2024 is reduced from $2.20 to $1.34.",https://www.sec.gov/Archives/edgar/data/200406/0000200406-24-000048.txt
0001075531-24-000026,quarterly_earnings,BKNG,2024-05-02,False,0.0,,"On May 2, 2024, Booking Holdings Inc. announced its financial results for the first quarter ended March 31, 2024. The press release is attached as Exhibit 99.1 to this Current Report on Form 8-K and is incorporated herein by reference. Copies of Booking Holdings' consolidated balance sheet at March 31, 2024, consolidated statement of operations for the three months ended March 31, 2024, and consolidated statement of cash flows for the three months ended March 31, 2024, are included in the financial and statistical supplement attached to the press release.",https://www.sec.gov/Archives/edgar/data/1075531/0001075531-24-000026.txt
0000796343-24-000140,quarterly_earnings,ADBE,2024-06-13,False,0.0,,"On June 13, 2024, Adobe Inc. issued a press release announcing financial results for its second quarter fiscal year 2024 ended May 31, 2024. The attached press release includes non-GAAP adjusted or constant currency revenue growth rates, non-GAAP operating income, non-GAAP net income, and non-GAAP diluted net income per share.",https://www.sec.gov/Archives/edgar/data/796343/0000796343-24-000140.txt
0000950170-24-077290,quarterly_earnings,FDX,2024-06-25,False,0.0,,"Attached as Exhibit 99.1 and incorporated herein by reference is a copy of FedEx Corporation's press release, dated June 25, 2024, announcing its financial results for the fiscal quarter and year ended May 31, 2024.",https://www.sec.gov/Archives/edgar/data/1048911/0000950170-24-077290.txt
0000077476-24-000043,quarterly_earnings,PEP,2024-07-11,False,0.0,,"Attached as Exhibit 99.1 and incorporated by reference into this Item 2.02 is a copy of the press release issued by PepsiCo, Inc. (""PepsiCo""), dated July 11, 2024, reporting PepsiCo's financial results for the 12 and 24 weeks ended June 15, 2024.",https://www.sec.gov/Archives/edgar/data/77476/0000077476-24-000043.txt
0000019617-24-000446,quarterly_earnings,JPM,2024-07-12,False,0.0,,"JPMorgan Chase & Co. reported 2024 second quarter net income of $18.1 billion, or $6.12 per share, compared with net income of $14.5 billion, or $4.75 per share, in the second quarter of 2023.",https://www.sec.gov/Archives/edgar/data/19617/0000019617-24-000446.txt
0000072971-24-000170,quarterly_earnings,WFC,2024-07-12,False,0.0,,"Wells Fargo & Company (the ""Company"") issued a news release regarding its results of operations and financial condition for the quarter ended June 30, 2024, and posted on its website its 2Q24 Quarterly Supplement, which contains certain additional information about the Company's financial results for the quarter ended June 30, 2024.",https://www.sec.gov/Archives/edgar/data/72971/0000072971-24-000170.txt
0000950170-24-083381,quarterly_earnings,BLK,2024-07-15,False,0.0,,"On July 15, 2024, BlackRock, Inc. (the ""Company"") reported results of operations for the three and six months ended June 30, 2024. A copy of the earnings release issued by the Company is attached as Exhibit 99.1 to this Form 8-K.",https://www.sec.gov/Archives/edgar/data/1364742/0000950170-24-083381.txt
0000895421-24-000398,quarterly_earnings,MS,2024-07-16,False,0.0,,"On July 16, 2024, Morgan Stanley (the ""Company"") released financial information with respect to its quarter ended June 30, 2024. A copy of the press release containing this information is annexed as Exhibit 99.1 to this Report and by this reference incorporated herein and made a part hereof. In addition, a copy of the Company's Financial Data Supplement for its quarter ended June 30, 2024 is annexed as Exhibit 99.2 to this Report and by this reference incorporated herein and made a part hereof.",https://www.sec.gov/Archives/edgar/data/895421/0000895421-24-000398.txt
0000070858-24-000186,quarterly_earnings,BAC,2024-07-16,False,0.0,,"Bank of America Corporation announced financial results for the second quarter ended June 30, 2024, reporting second quarter net income of $6.9 billion, or $0.83 per diluted share.",https://www.sec.gov/Archives/edgar/data/70858/0000070858-24-000186.txt
0000200406-24-000071,quarterly_earnings,JNJ,2024-07-17,False,0.0,,"Johnson & Johnson issued the attached press release (Exhibit 99.1) announcing its sales and earnings for the second quarter ended June 30, 2024.",https://www.sec.gov/Archives/edgar/data/200406/0000200406-24-000071.txt
0001193125-24-180020,quarterly_earnings,BLK,2024-07-17,False,0.0,,"On July 15, 2024, BlackRock, Inc. (""BlackRock"") reported results of operations for the three and six months ended June 30, 2024. Revenue $4,805 million, Operating income $1,800 million, Net income attributable to BlackRock, Inc. $1,495 million, Diluted EPS $9.99.",https://www.sec.gov/Archives/edgar/data/1364742/0001193125-24-180020.txt
0000732712-24-000049,quarterly_earnings,VZ,2024-07-22,False,0.0,,"Attached as Exhibit 99.1 hereto are a press release and financial tables, dated July 22, 2024, issued by Verizon Communications Inc. (Verizon). Attached as Exhibit 99.2 hereto is commentary, dated July 22, 2024, discussing Verizon's financial and operating results for the second quarter of 2024.",https://www.sec.gov/Archives/edgar/data/732712/0000732712-24-000049.txt
0001413329-24-000140,quarterly_earnings,PM,2024-07-23,False,0.0,,"Philip Morris International Inc. (the ""Company"") issued a press release announcing its financial results for the second quarter and the first half-year ended June 30, 2024, as well as the accompanying glossary of key terms, definitions, explanatory notes, select financial information and reconciliations of non-GAAP financial measures.",https://www.sec.gov/Archives/edgar/data/1413329/0001413329-24-000140.txt
0000021344-24-000037,quarterly_earnings,KO,2024-07-23,False,0.0,,"Attached as Exhibit 99.1 is a copy of a press release of The Coca-Cola Company (""Company""), dated July 23, 2024, reporting the Company's financial results for the second quarter 2024.",https://www.sec.gov/Archives/edgar/data/21344/0000021344-24-000037.txt
0000051143-24-000033,quarterly_earnings,IBM,2024-07-24,False,0.0,low,"The registrant's press release dated July 24, 2024, regarding its financial results for the period ended June 30, 2024, including consolidated financial statements for the period ended June 30, 2024, is Exhibit 99.1 of this Form 8-K.",https://www.sec.gov/Archives/edgar/data/51143/0000051143-24-000033.txt
0000773840-24-000081,quarterly_earnings,HON,2024-07-25,False,0.0,,"On July 25, 2024, Honeywell International Inc. (the ""Company"") issued a press release announcing its second quarter 2024 earnings, which is furnished herewith as Exhibit 99.",https://www.sec.gov/Archives/edgar/data/773840/0000773840-24-000081.txt
0000066740-24-000077,quarterly_earnings,MMM,2024-07-26,False,0.0,,"On July 26, 2024, 3M Company issued a press release reporting second-quarter financial results and updating its full-year 2024 guidance",https://www.sec.gov/Archives/edgar/data/66740/0000066740-24-000077.txt
0001104659-24-083722,quarterly_earnings,MRK,2024-07-30,False,0.0,,"Incorporated by reference is a press release issued by Merck & Co., Inc. on July 30, 2024, regarding earnings for the second quarter of 2024, attached as Exhibit 99.1. Also incorporated by reference is certain supplemental information not included in the press release, attached as Exhibit 99.2.",https://www.sec.gov/Archives/edgar/data/310158/0001104659-24-083722.txt
0001099219-24-000196,quarterly_earnings,MET,2024-07-31,False,0.0,,"On July 31, 2024, MetLife, Inc. issued (i) a news release announcing its results for the quarter ended June 30, 2024 (the ""Earnings Release""), a copy of which is attached hereto as Exhibit 99.1 and is incorporated herein by reference, (ii) a Quarterly Financial Supplement for the quarter ended June 30, 2024 (the ""Quarterly Financial Supplement""), a copy of which is attached hereto as Exhibit 99.2 and is incorporated herein by reference and (iii) a fact sheet setting forth its total assets under management as of June 30, 2024.",https://www.sec.gov/Archives/edgar/data/1099219/0001099219-24-000196.txt
0001075531-24-000039,quarterly_earnings,BKNG,2024-08-01,False,0.0,,"On August 1, 2024, Booking Holdings Inc. announced its financial results for the second quarter ended June 30, 2024. The press release is attached as Exhibit 99.1 to this Current Report on Form 8-K and is incorporated herein by reference. Copies of Booking Holdings' consolidated balance sheet at June 30, 2024, consolidated statement of operations for the three and six months ended June 30, 2024, and consolidated statement of cash flows for the six months ended June 30, 2024, are included in the financial and statistical supplement attached to the press release.",https://www.sec.gov/Archives/edgar/data/1075531/0001075531-24-000039.txt
0000034088-24-000048,quarterly_earnings,XOM,2024-08-02,False,0.0,,"The Registrant hereby furnishes the information set forth in its News Release, dated August 2, 2024, announcing second quarter 2024 results, a copy of which is included as Exhibit 99.1, and furnishes the information in the related 2Q24 Investor Relations Data Summary, a copy of which is included as Exhibit 99.2.",https://www.sec.gov/Archives/edgar/data/34088/0000034088-24-000048.txt
0000093410-24-000035,quarterly_earnings,CVX,2024-08-02,False,0.0,,"On August 2, 2024, Chevron Corporation (the ""Company"") issued a news release announcing unaudited second quarter 2024 earnings of $4.4 billion.",https://www.sec.gov/Archives/edgar/data/93410/0000093410-24-000035.txt
0000059478-24-000185,quarterly_earnings,LLY,2024-08-08,False,0.0,,"Attached hereto as Exhibit 99.1 and incorporated by reference into this Item 2.02 is a copy of the press release, dated August 8, 2024, announcing the financial results of Eli Lilly and Company for the quarter ended June 30, 2024.",https://www.sec.gov/Archives/edgar/data/59478/0000059478-24-000185.txt
0000796343-24-000200,quarterly_earnings,ADBE,2024-09-12,False,0.0,,"On September 12, 2024, Adobe Inc. issued a press release announcing financial results for its third quarter fiscal year 2024 ended August 30, 2024. The attached press release includes non-GAAP adjusted or constant currency revenue growth rates, non-GAAP operating income, non-GAAP net income, and non-GAAP diluted net income per share.",https://www.sec.gov/Archives/edgar/data/796343/0000796343-24-000200.txt
0000950170-24-108098,quarterly_earnings,FDX,2024-09-19,False,0.0,,"Attached as Exhibit 99.1 and incorporated herein by reference is a copy of FedEx Corporation's press release, dated September 19, 2024, announcing its financial results for the fiscal quarter ended August 31, 2024.",https://www.sec.gov/Archives/edgar/data/1048911/0000950170-24-108098.txt
0000077476-24-000054,quarterly_earnings,PEP,2024-10-08,False,0.0,,"Attached as Exhibit 99.1 and incorporated by reference into this Item 2.02 is a copy of the press release issued by PepsiCo, Inc. ('PepsiCo'), dated October 8, 2024, reporting PepsiCo's financial results for the 12 and 36 weeks ended September 7, 2024.",https://www.sec.gov/Archives/edgar/data/77476/0000077476-24-000054.txt
0000019617-24-000555,quarterly_earnings,JPM,2024-10-11,False,0.0,,"JPMorgan Chase & Co. reported 2024 third quarter net income of $12.9 billion, or $4.37 per share, compared with net income of $13.2 billion, or $4.33 per share, in the third quarter of 2023.",https://www.sec.gov/Archives/edgar/data/19617/0000019617-24-000555.txt
0000950170-24-114208,quarterly_earnings,BLK,2024-10-11,False,0.0,,"On October 11, 2024, BlackRock, Inc. (the ""Company"") reported results of operations for the three and nine months ended September 30, 2024. A copy of the earnings release issued by the Company is attached as Exhibit 99.1 to this Form 8-K.",https://www.sec.gov/Archives/edgar/data/2012383/0000950170-24-114208.txt
0000070858-24-000266,quarterly_earnings,BAC,2024-10-15,False,0.0,,"Bank of America Corporation announced financial results for the third quarter ended September 30, 2024, reporting third quarter net income of $6.9 billion, or $0.81 per diluted share.",https://www.sec.gov/Archives/edgar/data/70858/0000070858-24-000266.txt
0000200406-24-000088,quarterly_earnings,JNJ,2024-10-15,False,0.0,,"Johnson & Johnson issued the attached press release (Exhibit 99.1) announcing its sales and earnings for the third quarter ended September 29, 2024.",https://www.sec.gov/Archives/edgar/data/200406/0000200406-24-000088.txt
0000895421-24-000484,quarterly_earnings,MS,2024-10-16,False,0.0,,"On October 16, 2024, Morgan Stanley (the ""Company"") released financial information with respect to its quarter ended September 30, 2024. A copy of the press release containing this information is annexed as Exhibit 99.1 to this Report and by this reference incorporated herein and made a part hereof. In addition, a copy of the Company's Financial Data Supplement for its quarter ended September 30, 2024 is annexed as Exhibit 99.2 to this Report and by this reference incorporated herein and made a part hereof.",https://www.sec.gov/Archives/edgar/data/895421/0000895421-24-000484.txt
0000732712-24-000062,quarterly_earnings,VZ,2024-10-22,False,0.0,,"Attached as Exhibit 99.1 hereto are a press release and financial tables, dated October 22, 2024, issued by Verizon Communications Inc. (Verizon). Attached as Exhibit 99.2 hereto is commentary, dated October 22, 2024, discussing Verizon's financial and operating results for the third quarter of 2024.",https://www.sec.gov/Archives/edgar/data/732712/0000732712-24-000062.txt
0000066740-24-000098,quarterly_earnings,MMM,2024-10-22,False,0.0,,"On October 22, 2024, 3M Company issued a press release reporting third-quarter financial results and updating its full-year 2024 guidance",https://www.sec.gov/Archives/edgar/data/66740/0000066740-24-000098.txt
0001413329-24-000167,quarterly_earnings,PM,2024-10-22,False,0.0,,"Philip Morris International Inc. (the ""Company"") issued a press release announcing its financial results for the third quarter and the nine months ended September 30, 2024, as well as the accompanying glossary of key terms, definitions, explanatory notes, select financial information and reconciliations of non-GAAP financial measures.",https://www.sec.gov/Archives/edgar/data/1413329/0001413329-24-000167.txt
0000051143-24-000043,quarterly_earnings,IBM,2024-10-23,False,0.0,,"The registrant's press release dated October 23, 2024, regarding its financial results for the period ended September 30, 2024, including consolidated financial statements for the period ended September 30, 2024, is Exhibit 99.1 of this Form 8-K.",https://www.sec.gov/Archives/edgar/data/51143/0000051143-24-000043.txt
0000021344-24-000056,quarterly_earnings,KO,2024-10-23,False,0.0,,"Attached as Exhibit 99.1 is a copy of a press release of The Coca-Cola Company ('Company'), dated October 23, 2024, reporting the Company's financial results for the third quarter 2024.",https://www.sec.gov/Archives/edgar/data/21344/0000021344-24-000056.txt
0000059478-24-000242,quarterly_earnings,LLY,2024-10-30,False,0.0,,"Attached hereto as Exhibit 99.1 and incorporated by reference into this Item 2.02 is a copy of the press release, dated October 30, 2024, announcing the financial results of Eli Lilly and Company for the quarter ended September 30, 2024.",https://www.sec.gov/Archives/edgar/data/59478/0000059478-24-000242.txt
0001099219-24-000255,quarterly_earnings,MET,2024-10-30,False,0.0,,"On October 30, 2024, MetLife, Inc. issued (i) a news release announcing its results for the quarter ended September 30, 2024 (the ""Earnings Release""), a copy of which is attached hereto as Exhibit 99.1 and is incorporated herein by reference, (ii) a Quarterly Financial Supplement for the quarter ended September 30, 2024 (the ""Quarterly Financial Supplement""), a copy of which is attached hereto as Exhibit 99.2 and is incorporated herein by reference and (iii) a fact sheet setting forth its total assets under management as of September 30, 2024 (the ""Total AUM Fact Sheet""), a copy of which is attached hereto as Exhibit 99.3 and is incorporated herein by reference.",https://www.sec.gov/Archives/edgar/data/1099219/0001099219-24-000255.txt
0001075531-24-000047,quarterly_earnings,BKNG,2024-10-30,False,0.0,,"On October 30, 2024, Booking Holdings Inc. announced its financial results for the third quarter ended September 30, 2024. The press release is attached as Exhibit 99.1 to this Current Report on Form 8-K and is incorporated herein by reference. Copies of Booking Holdings' consolidated balance sheet at September 30, 2024, consolidated statement of operations for the three and nine months ended September 30, 2024, and consolidated statement of cash flows for the nine months ended September 30, 2024, are included in the financial and statistical supplement attached to the press release.",https://www.sec.gov/Archives/edgar/data/1075531/0001075531-24-000047.txt
0001104659-24-112841,quarterly_earnings,MRK,2024-10-31,False,0.0,,"Incorporated by reference is a press release issued by Merck & Co., Inc. on October 31, 2024, regarding earnings for the third quarter of 2024, attached as Exhibit 99.1. Also incorporated by reference is certain supplemental information not included in the press release, attached as Exhibit 99.2.",https://www.sec.gov/Archives/edgar/data/310158/0001104659-24-112841.txt
0000034088-24-000066,quarterly_earnings,XOM,2024-11-01,False,0.0,,"The Registrant hereby furnishes the information set forth in its News Release, dated November 1, 2024, announcing third quarter 2024 results, a copy of which is included as Exhibit 99.1, and furnishes the information in the related 3Q24 Investor Relations Data Summary, a copy of which is included as Exhibit 99.2.",https://www.sec.gov/Archives/edgar/data/34088/0000034088-24-000066.txt
0000093410-24-000055,quarterly_earnings,CVX,2024-11-01,False,0.0,,"On November 1, 2024, Chevron Corporation (the ""Company"") issued a news release announcing unaudited third quarter 2024 earnings of $4.5 billion.",https://www.sec.gov/Archives/edgar/data/93410/0000093410-24-000055.txt
0000950170-24-138448,quarterly_earnings,FDX,2024-12-19,False,0.0,,"Attached as Exhibit 99.1 and incorporated herein by reference is a copy of FedEx Corporation's press release, dated December 19, 2024, announcing its financial results for the fiscal quarter ended November 30, 2024.",https://www.sec.gov/Archives/edgar/data/1048911/0000950170-24-138448.txt
0000950170-25-005629,quarterly_earnings,BLK,2025-01-15,False,0.0,,"On January 15, 2025, BlackRock, Inc. (the ""Company"") reported results of operations for the three months and year ended December 31, 2024. A copy of the earnings release issued by the Company is attached as Exhibit 99.1 to this Form 8-K.",https://www.sec.gov/Archives/edgar/data/2012383/0000950170-25-005629.txt
0000019617-25-000040,quarterly_earnings,JPM,2025-01-15,False,0.0,,"JPMorgan Chase & Co. reported 2024 fourth quarter net income of $14.0 billion, or $4.81 per share, compared with net income of $9.3 billion, or $3.04 per share, in the fourth quarter of 2023.",https://www.sec.gov/Archives/edgar/data/19617/0000019617-25-000040.txt
0000200406-25-000003,quarterly_earnings,JNJ,2025-01-22,False,0.0,,"Johnson & Johnson issued the attached press release (Exhibit 99.1) announcing its sales and earnings for the fourth quarter and full year ended December 29, 2024.",https://www.sec.gov/Archives/edgar/data/200406/0000200406-25-000003.txt
0000732712-25-000003,quarterly_earnings,VZ,2025-01-24,False,0.0,,"Attached as Exhibit 99.1 hereto are a press release and financial tables, dated January 24, 2025, issued by Verizon Communications Inc. (Verizon). Attached as Exhibit 99.2 hereto is commentary, dated January 24, 2025, discussing Verizon's financial and operating results for the fourth quarter and full year of 2024.",https://www.sec.gov/Archives/edgar/data/732712/0000732712-25-000003.txt
0000732717-25-000005,quarterly_earnings,T,2025-01-27,False,0.0,,"We announced on January 27, 2025 that fourth-quarter 2024 net income attributable to common stock totaled $4.0 billion, or $0.56 per diluted share. Fourth-quarter 2024 earnings per diluted share includes amounts totaling to $0.1 billion resulting from the following significant items (per share): $0.03 of benefit from tax items, offset by net $(0.01) from a loss on actuarial remeasurement of pension and postretirement benefit plan assets and obligations and other items.",https://www.sec.gov/Archives/edgar/data/732717/0000732717-25-000005.txt
0001467858-25-000030,quarterly_earnings,GM,2025-01-28,False,0.0,,"On January 28, 2025, General Motors Company (GM) issued a news release and supplemental materials on the subject of its 2024 fourth quarter and full year consolidated earnings.",https://www.sec.gov/Archives/edgar/data/1467858/0001467858-25-000030.txt
0000093410-25-000004,quarterly_earnings,CVX,2025-01-31,False,0.0,,"On January 31, 2025, Chevron Corporation (the ""Company"") issued a news release announcing unaudited fourth quarter 2024 earnings of $3.2 billion.",https://www.sec.gov/Archives/edgar/data/93410/0000093410-25-000004.txt
0000077476-25-000008,quarterly_earnings,PEP,2025-02-04,False,0.0,,"Attached as Exhibit 99.1 and incorporated by reference into this Item 2.02 is a copy of the press release issued by PepsiCo, Inc. (""PepsiCo""), dated February 4, 2025, reporting PepsiCo's financial results for the 16 and 52 weeks ended December 28, 2024.",https://www.sec.gov/Archives/edgar/data/77476/0000077476-25-000008.txt
0001104659-25-008863,quarterly_earnings,MRK,2025-02-04,False,0.0,,"Incorporated by reference is a press release issued by Merck & Co., Inc. on February 4, 2025, regarding earnings for the fourth quarter and year end of 2024, attached as Exhibit 99.1.",https://www.sec.gov/Archives/edgar/data/310158/0001104659-25-008863.txt
0001099219-25-000039,quarterly_earnings,MET,2025-02-05,False,0.0,,"On February 5, 2025, MetLife, Inc. issued (i) a news release announcing its results for the quarter and full year ended December 31, 2024 (the ""Earnings Release""), a copy of which is attached hereto as Exhibit 99.1 and is incorporated herein by reference, (ii) a Quarterly Financial Supplement for the quarter ended December 31, 2024 (the ""Quarterly Financial Supplement""), a copy of which is attached hereto as Exhibit 99.2 and is incorporated herein by reference.",https://www.sec.gov/Archives/edgar/data/1099219/0001099219-25-000039.txt
0000773840-25-000005,quarterly_earnings,HON,2025-02-06,False,0.0,,"On February 6, 2025, Honeywell International Inc. (the ""Company"") issued a press release announcing its fourth quarter and full year 2024 earnings, which is furnished herewith as Exhibit 99.1.",https://www.sec.gov/Archives/edgar/data/773840/0000773840-25-000005.txt
0000059478-25-000037,quarterly_earnings,LLY,2025-02-06,False,0.0,,"Attached hereto as Exhibit 99.1 and incorporated by reference into this Item 2.02 is a copy of the press release, dated February 6, 2025, announcing the financial results of Eli Lilly and Company for the quarter and year ended December 31, 2024.",https://www.sec.gov/Archives/edgar/data/59478/0000059478-25-000037.txt
0001413329-25-000011,quarterly_earnings,PM,2025-02-06,False,0.0,,"Philip Morris International Inc. (the ""Company"") issued a press release announcing its financial results for the quarter and the fiscal year ended December 31, 2024, as well as the accompanying glossary of key terms, definitions, explanatory notes, select financial information and reconciliations of non-GAAP financial measures.",https://www.sec.gov/Archives/edgar/data/1413329/0001413329-25-000011.txt
0000950103-25-001971,quarterly_earnings,MS,2025-02-13,False,0.0,,"The Firm achieved strong financial performance in terms of revenues, net income and earnings per share. Firm net revenues were a record at $61.8 billion (up approximately 14% year over year) with net income applicable to Morgan Stanley of approximately $13.4 billion, and earnings per share of $7.95. The Firm delivered pre-tax profit of $17.6 billion (up approximately 49% year-over-year). The Firm reported full year ROTCE of 18.8% and an efficiency ratio of 71%.",https://www.sec.gov/Archives/edgar/data/895421/0000950103-25-001971.txt
0001075531-25-000009,quarterly_earnings,BKNG,2025-02-20,False,0.0,,"On February 20, 2025, Booking Holdings Inc. announced its financial results for the fourth quarter ended December 31, 2024. Copies of Booking Holdings' consolidated balance sheet at December 31, 2024, consolidated statement of operations for the three and twelve months ended December 31, 2024, and consolidated statement of cash flows for the twelve months ended December 31, 2024, are included in the financial and statistical supplement attached to the press release.",https://www.sec.gov/Archives/edgar/data/1075531/0001075531-25-000009.txt
0000950170-25-042661,quarterly_earnings,FDX,2025-03-20,False,0.0,,"Attached as Exhibit 99.1 and incorporated herein by reference is a copy of FedEx Corporation's press release, dated March 20, 2025, announcing its financial results for the fiscal quarter ended February 28, 2025.",https://www.sec.gov/Archives/edgar/data/1048911/0000950170-25-042661.txt
0000019617-25-000332,quarterly_earnings,JPM,2025-04-11,False,0.0,,"JPMorgan Chase & Co. reported 2025 first quarter net income of $14.6 billion, or $5.07 per share, compared with net income of $13.4 billion, or $4.44 per share, in the first quarter of 2024.",https://www.sec.gov/Archives/edgar/data/19617/0000019617-25-000332.txt
0000950170-25-053022,quarterly_earnings,BLK,2025-04-11,False,0.0,,"On April 11, 2025, BlackRock, Inc. (the ""Company"") reported results of operations for the three months ended March 31, 2025. A copy of the earnings release issued by the Company is attached as Exhibit 99.1 to this Form 8-K.",https://www.sec.gov/Archives/edgar/data/2012383/0000950170-25-053022.txt
0000070858-25-000187,quarterly_earnings,BAC,2025-04-15,False,0.0,,"Bank of America Corporation announced financial results for the first quarter ended March 31, 2025, reporting first quarter net income of $7.4 billion, or $0.90 per diluted share.",https://www.sec.gov/Archives/edgar/data/70858/0000070858-25-000187.txt
0001413329-25-000091,quarterly_earnings,PM,2025-04-23,False,0.0,low,"Philip Morris International Inc. (the ""Company"") issued a press release announcing its financial results for the quarter ended March 31, 2025, as well as the accompanying glossary of key terms, definitions, explanatory notes, select financial information and reconciliations of non-GAAP financial measures.",https://www.sec.gov/Archives/edgar/data/1413329/0001413329-25-000091.txt
0000077476-25-000022,quarterly_earnings,PEP,2025-04-24,False,0.0,,"Attached as Exhibit 99.1 and incorporated by reference into this Item 2.02 is a copy of the press release issued by PepsiCo, Inc. ('PepsiCo'), dated April 24, 2025, reporting PepsiCo's financial results for the 12 weeks ended March 22, 2025.",https://www.sec.gov/Archives/edgar/data/77476/0000077476-25-000022.txt
0001104659-25-038301,quarterly_earnings,MRK,2025-04-24,False,0.0,,"Incorporated by reference is a press release issued by Merck & Co., Inc. on April 24, 2025, regarding earnings for the first quarter of 2025, attached as Exhibit 99.1. Also incorporated by reference is certain supplemental information not included in the press release, attached as Exhibit 99.2.",https://www.sec.gov/Archives/edgar/data/310158/0001104659-25-038301.txt
0000021344-25-000024,quarterly_earnings,KO,2025-04-29,False,0.0,,"Attached as Exhibit 99.1 is a copy of a press release of The Coca-Cola Company ('company'), dated April 29, 2025, reporting the Company's financial results for the first quarter 2025.",https://www.sec.gov/Archives/edgar/data/21344/0000021344-25-000024.txt
0001075531-25-000021,quarterly_earnings,BKNG,2025-04-29,False,0.0,,"On April 29, 2025, Booking Holdings Inc. announced its financial results for the first quarter ended March 31, 2025. The press release is attached as Exhibit 99.1 to this Current Report on Form 8-K and is incorporated herein by reference. Copies of Booking Holdings' consolidated balance sheet at March 31, 2025, consolidated statement of operations for the three months ended March 31, 2025, and consolidated statement of cash flows for the three months ended March 31, 2025, are included in the financial and statistical supplement attached to the press release.",https://www.sec.gov/Archives/edgar/data/1075531/0001075531-25-000021.txt
0001099219-25-000133,quarterly_earnings,MET,2025-04-30,False,0.0,,"On April 30, 2025, MetLife, Inc. issued (i) a news release announcing its results for the quarter ended March 31, 2025 (the ""Earnings Release""), a copy of which is attached hereto as Exhibit 99.1 and is incorporated herein by reference, (ii) a Quarterly Financial Supplement for the quarter ended March 31, 2025 (the ""Quarterly Financial Supplement""), a copy of which is attached hereto as Exhibit 99.2 and is incorporated herein by reference and (iii) a fact sheet setting forth its total assets under management as of March 31, 2025.",https://www.sec.gov/Archives/edgar/data/1099219/0001099219-25-000133.txt
0000059478-25-000129,quarterly_earnings,LLY,2025-05-01,False,0.0,,"Attached hereto as Exhibit 99.1 and incorporated by reference into this Item 2.02 is a copy of the press release, dated May 1, 2025, announcing the financial results of Eli Lilly and Company for the quarter ended March 31, 2025.",https://www.sec.gov/Archives/edgar/data/59478/0000059478-25-000129.txt
0000034088-25-000022,quarterly_earnings,XOM,2025-05-02,False,0.0,,"The Registrant hereby furnishes the information set forth in its News Release, dated May 2, 2025, announcing first quarter 2025 results, a copy of which is included as Exhibit 99.1, and furnishes the information in the related 1Q25 Investor Relations Data Summary, a copy of which is included as Exhibit 99.2.",https://www.sec.gov/Archives/edgar/data/34088/0000034088-25-000022.txt
0001045810-25-000115,quarterly_earnings,NVDA,2025-05-28,False,0.0,,"On May 28, 2025, NVIDIA Corporation, or the Company, issued a press release announcing its results for the quarter ended April 27, 2025. The press release is attached as Exhibit 99.1 and is incorporated herein by reference.",https://www.sec.gov/Archives/edgar/data/1045810/0001045810-25-000115.txt
0001048911-25-000005,quarterly_earnings,FDX,2025-06-24,False,0.0,,"Attached as Exhibit 99.1 and incorporated herein by reference is a copy of FedEx Corporation's press release, dated June 24, 2025, announcing its financial results for the fiscal quarter and year ended May 31, 2025.",https://www.sec.gov/Archives/edgar/data/1048911/0001048911-25-000005.txt
0000019617-25-000518,quarterly_earnings,JPM,2025-07-15,False,0.0,,"JPMorgan Chase & Co. reported 2025 second quarter net income of $15.0 billion, or $5.24 per share, compared with net income of $18.1 billion, or $6.12 per share, in the second quarter of 2024.",https://www.sec.gov/Archives/edgar/data/19617/0000019617-25-000518.txt
0000950170-25-095711,quarterly_earnings,BLK,2025-07-15,False,0.0,,"On July 15, 2025, BlackRock, Inc. (the ""Company"") reported results of operations for the three and six months ended June 30, 2025. A copy of the earnings release issued by the Company is attached as Exhibit 99.1 to this Form 8-K.",https://www.sec.gov/Archives/edgar/data/2012383/0000950170-25-095711.txt
0000070858-25-000254,quarterly_earnings,BAC,2025-07-16,False,0.0,,"Bank of America Corporation announced financial results for the second quarter ended June 30, 2025, reporting second quarter net income of $7.1 billion, or $0.89 per diluted share.",https://www.sec.gov/Archives/edgar/data/70858/0000070858-25-000254.txt
0000077476-25-000046,quarterly_earnings,PEP,2025-07-17,False,0.0,,"Attached as Exhibit 99.1 and incorporated by reference into this Item 2.02 is a copy of the press release issued by PepsiCo, Inc. (""PepsiCo""), dated July 17, 2025, reporting PepsiCo's financial results for the 12 and 24 weeks ended June 14, 2025.",https://www.sec.gov/Archives/edgar/data/77476/0000077476-25-000046.txt
0000066740-25-000061,quarterly_earnings,MMM,2025-07-18,False,0.0,,"On July 18, 2025, 3M Company issued a press release reporting second-quarter 2025 financial results and updating its full-year 2025 guidance",https://www.sec.gov/Archives/edgar/data/66740/0000066740-25-000061.txt
0001413329-25-000145,quarterly_earnings,PM,2025-07-22,False,0.0,,"Philip Morris International Inc. (the ""Company"") issued a press release announcing its financial results for the second quarter and the first half-year ended June 30, 2025, as well as the accompanying glossary of key terms, definitions, explanatory notes, select financial information and reconciliations of non-GAAP financial measures.",https://www.sec.gov/Archives/edgar/data/1413329/0001413329-25-000145.txt
0001075531-25-000035,quarterly_earnings,BKNG,2025-07-29,False,0.0,,"On July 29, 2025, Booking Holdings Inc. announced its financial results for the second quarter ended June 30, 2025. The press release is attached as Exhibit 99.1 to this Current Report on Form 8-K and is incorporated herein by reference. Copies of Booking Holdings' consolidated balance sheet at June 30, 2025, consolidated statement of operations for the three and six months ended June 30, 2025, and consolidated statement of cash flows for the six months ended June 30, 2025, are included in the financial and statistical supplement attached to the press release.",https://www.sec.gov/Archives/edgar/data/1075531/0001075531-25-000035.txt
0001104659-25-071380,quarterly_earnings,MRK,2025-07-29,False,0.0,,"Incorporated by reference is a press release issued by Merck & Co., Inc. on July 29, 2025, regarding earnings for the second quarter of 2025, attached as Exhibit 99.1. Also incorporated by reference is certain supplemental information not included in the press release, attached as Exhibit 99.2.",https://www.sec.gov/Archives/edgar/data/310158/0001104659-25-071380.txt
0000034088-25-000040,quarterly_earnings,XOM,2025-08-01,False,0.0,,"The Registrant hereby furnishes the information set forth in its News Release, dated August 1, 2025, announcing second quarter 2025 results, a copy of which is included as Exhibit 99.1, and furnishes the information in the related 2Q25 Investor Relations Data Summary, a copy of which is included as Exhibit 99.2.",https://www.sec.gov/Archives/edgar/data/34088/0000034088-25-000040.txt
0000093410-25-000058,quarterly_earnings,CVX,2025-08-01,False,0.0,,"On August 1, 2025, Chevron Corporation (the ""Company"") issued a news release announcing unaudited second quarter 2025 earnings of $2.5 billion.",https://www.sec.gov/Archives/edgar/data/93410/0000093410-25-000058.txt
0001099219-25-000191,quarterly_earnings,MET,2025-08-06,False,0.0,,"On August 6, 2025, MetLife, Inc. issued (i) a news release announcing its results for the quarter ended June 30, 2025 (the ""Earnings Release""), a copy of which is attached hereto as Exhibit 99.1 and is incorporated herein by reference, (ii) a Quarterly Financial Supplement for the quarter ended June 30, 2025 (the ""Quarterly Financial Supplement""), a copy of which is attached hereto as Exhibit 99.2 and is incorporated herein by reference and (iii) a fact sheet setting forth its total assets under management as of June 30, 2025.",https://www.sec.gov/Archives/edgar/data/1099219/0001099219-25-000191.txt
0000059478-25-000202,quarterly_earnings,LLY,2025-08-07,False,0.0,,"Attached hereto as Exhibit 99.1 and incorporated by reference into this Item 2.02 is a copy of the press release, dated August 7, 2025, announcing the financial results of Eli Lilly and Company for the quarter ended June 30, 2025.",https://www.sec.gov/Archives/edgar/data/59478/0000059478-25-000202.txt
0000077476-25-000055,quarterly_earnings,PEP,2025-10-09,False,0.0,,"Attached as Exhibit 99.1 and incorporated by reference into this Item 2.02 is a copy of the press release issued by PepsiCo, Inc. ('PepsiCo'), dated October 9, 2025, reporting PepsiCo's financial results for the 12 and 36 weeks ended September 6, 2025.",https://www.sec.gov/Archives/edgar/data/77476/0000077476-25-000055.txt
0001628280-25-044845,quarterly_earnings,JPM,2025-10-14,False,0.0,,"JPMorgan Chase & Co. reported 2025 third quarter net income of $14.4 billion, or $5.07 per share, compared with net income of $12.9 billion, or $4.37 per share, in the third quarter of 2024.",https://www.sec.gov/Archives/edgar/data/19617/0001628280-25-044845.txt
0001193125-25-237960,quarterly_earnings,BLK,2025-10-14,False,0.0,low,"On October 14, 2025, BlackRock, Inc. (the ""Company"") reported results of operations for the three and nine months ended September 30, 2025. A copy of the earnings release issued by the Company is attached as Exhibit 99.1 to this Form 8-K.",https://www.sec.gov/Archives/edgar/data/2012383/0001193125-25-237960.txt
0000200406-25-000201,quarterly_earnings,JNJ,2025-10-14,False,0.0,,"Johnson & Johnson (the ""Company"") issued the attached press release (Exhibit 99.1) announcing its sales and earnings for the third quarter ended September 28, 2025.",https://www.sec.gov/Archives/edgar/data/200406/0000200406-25-000201.txt
0000070858-25-000390,quarterly_earnings,BAC,2025-10-15,False,0.0,,"Bank of America Corporation announced financial results for the third quarter ended September 30, 2025, reporting third quarter net income of $8.5 billion, or $1.06 per diluted share.",https://www.sec.gov/Archives/edgar/data/70858/0000070858-25-000390.txt
0000004962-25-000218,quarterly_earnings,AXP,2025-10-17,False,0.0,,"On October 17, 2025, American Express Company (the ""Company"") reported financial results for the third quarter of 2025. A copy of the Company's earnings release is attached to this report as Exhibit 99.1 and additional information relating to the Company's financial results for the third quarter of 2025 is attached to this report as Exhibit 99.2.",https://www.sec.gov/Archives/edgar/data/4962/0000004962-25-000218.txt
0001628280-25-045577,quarterly_earnings,KO,2025-10-21,False,0.0,,"Attached as Exhibit 99.1 is a copy of a press release of The Coca-Cola Company ('company'), dated October 21, 2025, reporting the Company's financial results for the third quarter 2025.",https://www.sec.gov/Archives/edgar/data/21344/0001628280-25-045577.txt
0001628280-25-045579,quarterly_earnings,PM,2025-10-21,False,0.0,,"Philip Morris International Inc. (the ""Company"") issued a press release announcing its financial results for the third quarter and the nine months ended September 30, 2025, as well as the accompanying glossary of key terms, definitions, explanatory notes, select financial information and reconciliations of non-GAAP financial measures.",https://www.sec.gov/Archives/edgar/data/1413329/0001628280-25-045579.txt
0001075531-25-000050,quarterly_earnings,BKNG,2025-10-28,False,0.0,,"On October 28, 2025, Booking Holdings Inc. announced its financial results for the third quarter ended September 30, 2025. The press release is attached as Exhibit 99.1 to this Current Report on Form 8-K and is incorporated herein by reference. Copies of Booking Holdings' consolidated balance sheet at September 30, 2025, consolidated statement of operations for the three and nine months ended September 30, 2025, and consolidated statement of cash flows for the nine months ended September 30, 2025, are included in the financial and statistical supplement attached to the press release.",https://www.sec.gov/Archives/edgar/data/1075531/0001075531-25-000050.txt
0001104659-25-103974,quarterly_earnings,MRK,2025-10-30,False,0.0,,"Incorporated by reference is a press release issued by Merck & Co., Inc. on October 30, 2025, regarding earnings for the third quarter of 2025, attached as Exhibit 99.1. Also incorporated by reference is certain supplemental information not included in the press release, attached as Exhibit 99.2.",https://www.sec.gov/Archives/edgar/data/310158/0001104659-25-103974.txt
0000059478-25-000251,quarterly_earnings,LLY,2025-10-30,False,0.0,,"Attached hereto as Exhibit 99.1 and incorporated by reference into this Item 2.02 is a copy of the press release, dated October 30, 2025, announcing the financial results of Eli Lilly and Company for the quarter ended September 30, 2025.",https://www.sec.gov/Archives/edgar/data/59478/0000059478-25-000251.txt
0000034088-25-000059,quarterly_earnings,XOM,2025-10-31,False,0.0,,"The Registrant hereby furnishes the information set forth in its News Release, dated October 31, 2025, announcing third quarter 2025 results, a copy of which is included as Exhibit 99.1, and furnishes the information in the related 3Q25 Investor Relations Data Summary, a copy of which is included as Exhibit 99.2.",https://www.sec.gov/Archives/edgar/data/34088/0000034088-25-000059.txt
0000093410-25-000103,quarterly_earnings,CVX,2025-10-31,False,0.0,,"On October 31, 2025, Chevron Corporation (the ""Company"") issued a news release announcing unaudited third quarter 2025 earnings of $3.5 billion.",https://www.sec.gov/Archives/edgar/data/93410/0000093410-25-000103.txt
0001099219-25-000227,quarterly_earnings,MET,2025-11-05,False,0.0,,"On November 5, 2025, MetLife, Inc. issued (i) a news release announcing its results for the quarter ended September 30, 2025 (the ""Earnings Release""), a copy of which is attached hereto as Exhibit 99.1 and is incorporated herein by reference, (ii) a Quarterly Financial Supplement for the quarter ended September 30, 2025 (the ""Quarterly Financial Supplement""), a copy of which is attached hereto as Exhibit 99.2 and is incorporated herein by reference.",https://www.sec.gov/Archives/edgar/data/1099219/0001099219-25-000227.txt
0001048911-25-000076,quarterly_earnings,FDX,2025-12-18,False,0.0,,"Attached as Exhibit 99.1 and incorporated herein by reference is a copy of FedEx Corporation's press release, dated December 18, 2025, announcing its financial results for the fiscal quarter ended November 30, 2025.",https://www.sec.gov/Archives/edgar/data/1048911/0001048911-25-000076.txt
0001104659-24-003582,debt_issuance,DUK,2024-01-12,,,,"On January 12, 2024, Duke Energy Corporation (the ""Company"") consummated the issuance and sale of the securities described below pursuant to an underwriting agreement, dated January 9, 2024 (the ""Underwriting Agreement""), with Wells Fargo Securities, LLC, as underwriter (the ""Underwriter""), pursuant to which the Company agreed to issue and sell to the Underwriter $50,000,000 aggregate principal amount of the Company's 4.850% Senior Notes due 2027 (the ""2027 Notes"") and $100,000,000 aggregate principal amount of the Company's 4.850% Senior Notes due 2029 (the ""2029 Notes"", and together with the 2027 Notes, the ""Securities"").",https://www.sec.gov/Archives/edgar/data/1326160/0001104659-24-003582.txt
0001193125-24-013029,debt_issuance,WFC,2024-01-23,,,,"On January 23, 2024, the Company issued the following Medium-Term Notes, Series W: (i) $2,750,000,000 Senior Redeemable Fixed-to-Floating Rate Notes due January 23, 2030; and (ii) $3,000,000,000 Senior Redeemable Fixed-to-Floating Rate Notes due January 23, 2035",https://www.sec.gov/Archives/edgar/data/72971/0001193125-24-013029.txt
0001628280-24-001950,debt_issuance,JPM,2024-01-23,,,,"JPMorgan Chase & Co. closed public offerings of (i) $500,000,000 aggregate principal amount of Floating Rate Notes due 2028, (ii) $2,500,000,000 aggregate principal amount of Fixed-to-Floating Rate Notes due 2028, (iii) $2,500,000,000 aggregate principal amount of Fixed-to-Floating Rate Notes due 2030 and (iv) $3,000,000,000 aggregate principal amount of Fixed-to-Floating Rate Notes due 2035.",https://www.sec.gov/Archives/edgar/data/19617/0001628280-24-001950.txt
0001193125-24-018146,debt_issuance,PG,2024-01-29,,,,"The Procter & Gamble Company closed an underwritten public offering of $600,000,000 aggregate principal amount of 4.350% Notes due January 29, 2029 and $750,000,000 aggregate principal amount of 4.550% Notes due January 29, 2034 under the Company's Registration Statement on Form S-3.",https://www.sec.gov/Archives/edgar/data/80424/0001193125-24-018146.txt
0000936468-24-000015,debt_issuance,LMT,2024-01-29,,,,"On January 29, 2024, Lockheed Martin Corporation (the ""Company"") completed the issuance and sale of a total of $2,000,000,000 of senior unsecured notes, consisting of $650,000,000 aggregate principal amount of 4.500% Notes due 2029, $600,000,000 aggregate principal amount of 4.800% Notes due 2034 and $750,000,000 aggregate principal amount of 5.200% Notes due 2064, pursuant to an underwriting agreement dated January 25, 2024.",https://www.sec.gov/Archives/edgar/data/936468/0000936468-24-000015.txt
0000753308-24-000004,debt_issuance,NEE,2024-01-31,,,,"NextEra Energy Capital Holdings, Inc., a wholly-owned subsidiary of NextEra Energy, Inc. (NEE), sold $1 billion principal amount of its 4.95% Debentures, Series due January 29, 2026, $900 million principal amount of its 4.90% Debentures, Series due March 15, 2029, $1.1 billion principal amount of its 5.25% Debentures, Series due March 15, 2034, $800 million principal amount of its 5.55% Debentures, Series due March 15, 2054 (Fixed Rate Debentures) and $600 million of its Floating Rate Debentures, Series due January 29, 2026. The Floating Rate Debentures will bear interest at a rate equal to Compounded SOFR plus 0.76%.",https://www.sec.gov/Archives/edgar/data/753308/0000753308-24-000004.txt
0001193125-24-021852,debt_issuance,COF,2024-02-01,,,,"Capital One Financial Corporation closed the public offering of $1,000,000,000 aggregate principal amount of its 5.700% Fixed-to-Floating Rate Senior Notes due 2030 and $1,000,000,000 aggregate principal amount of its 6.051% Fixed-to-Floating Rate Senior Notes due 2035, pursuant to an underwriting agreement dated January 29, 2024.",https://www.sec.gov/Archives/edgar/data/927628/0001193125-24-021852.txt
0001193125-24-028127,debt_issuance,TXN,2024-02-08,,,,"On February 8, 2024, Texas Instruments Incorporated consummated the issuance and sale of $650,000,000 aggregate principal amount of its 4.600% Notes due 2027, $650,000,000 aggregate principal amount of its 4.600% Notes due 2029, $600,000,000 aggregate principal amount of its 4.850% Notes due 2034, $750,000,000 aggregate principal amount of its 5.150% Notes due 2054 and $350,000,000 aggregate principal amount of its 5.050% Notes due 2063.",https://www.sec.gov/Archives/edgar/data/97476/0001193125-24-028127.txt
0001193125-24-028387,debt_issuance,SBUX,2024-02-08,,,,"On February 8, 2024, Starbucks Corporation completed a public offering pursuant to an underwriting agreement dated February 5, 2024, under which Starbucks agreed to issue and sell (i) $1,000,000,000 aggregate principal amount of its 4.850% Senior Notes due 2027, (ii) $500,000,000 aggregate principal amount of its 4.900% Senior Notes due 2031 and (iii) $500,000,000 aggregate principal amount of its 5.000% Senior Notes due 2034.",https://www.sec.gov/Archives/edgar/data/829224/0001193125-24-028387.txt
0001193125-24-029551,debt_issuance,LLY,2024-02-09,,,,"On February 7, 2024, Eli Lilly and Company entered into an underwriting agreement for the issuance and sale by the Company of $1,000,000,000 aggregate principal amount of its 4.500% Notes due 2027, $1,000,000,000 aggregate principal amount of its 4.500% Notes due 2029, $1,500,000,000 aggregate principal amount of its 4.700% Notes due 2034, $1,500,000,000 aggregate principal amount of its 5.000% Notes due 2054 and $1,500,000,000 aggregate principal amount of its 5.100% Notes due 2064.",https://www.sec.gov/Archives/edgar/data/59478/0001193125-24-029551.txt
0001104659-24-019869,debt_issuance,PM,2024-02-13,,,,"On February 13, 2024, Philip Morris International Inc. issued $750,000,000 aggregate principal amount of its 4.750% Notes due 2027, $1,000,000,000 aggregate principal amount of its 4.875% Notes due 2029, $1,250,000,000 aggregate principal amount of its 5.125% Notes due 2031 and $1,750,000,000 aggregate principal amount of its 5.250% Notes due 2034.",https://www.sec.gov/Archives/edgar/data/1413329/0001104659-24-019869.txt
0001193125-24-033711,debt_issuance,C,2024-02-13,,,,"Terms Agreement, dated February 6, 2024, among Citigroup Inc. (the ""Company"") and the underwriters named therein, relating to the offer and sale of the Company's 5.174% Fixed Rate / Floating Rate Callable Senior Notes due February 13, 2030.",https://www.sec.gov/Archives/edgar/data/831001/0001193125-24-033711.txt
0001193125-24-033696,debt_issuance,C,2024-02-13,,,,"Terms Agreement, dated February 6, 2024, among Citigroup Inc. (the ""Company"") and the underwriters named therein, relating to the offer and sale of the Company's 5.827% Fixed Rate / Floating Rate Callable Subordinated Notes due February 13, 2035.",https://www.sec.gov/Archives/edgar/data/831001/0001193125-24-033696.txt
0001193125-24-036171,debt_issuance,LIN,2024-02-14,,,,"On February 14, 2024, Linde plc (the ""Company"") issued €700 million aggregate principal amount of 3.000% Notes due 2028 (the ""2028 Notes""), €850 million aggregate principal amount of 3.200% Notes due 2031 (the ""2031 Notes"") and €700 million aggregate principal amount of 3.400% Notes due 2036 (the ""2036 Notes""). The net proceeds of the offering were approximately €2,238 million, after giving effect to the fees to the Managers but before other fees and expenses of the offering. Net proceeds of the offering will be used for general corporate purposes.",https://www.sec.gov/Archives/edgar/data/1707925/0001193125-24-036171.txt
0001104659-24-024927,debt_issuance,PEP,2024-02-16,,,,"On February 12, 2024, PepsiCo, Inc. announced an offering of $300,000,000 aggregate principal amount of Floating Rate Notes due 2027, $550,000,000 aggregate principal amount of 4.650% Senior Notes due 2027, $450,000,000 aggregate principal amount of 4.550% Senior Notes due 2029 and $450,000,000 aggregate principal amount of 4.700% Senior Notes due 2034, each issued by PepsiCo Singapore Financing I Pte. Ltd., a wholly owned subsidiary of PepsiCo. The Notes are fully and unconditionally guaranteed by PepsiCo on a senior unsecured basis.",https://www.sec.gov/Archives/edgar/data/77476/0001104659-24-024927.txt
0000004962-24-000016,debt_issuance,AXP,2024-02-16,,,,"issuance by American Express Company (the ""Company""), on February 16, 2024, of $1,700,000,000 aggregate principal amount of 5.098% Fixed-to-Floating Rate Notes due February 16, 2028 (the ""Fixed-to-Floating Rate Notes"") and $300,000,000 aggregate principal amount of Floating Rate Notes due February 16, 2028 (the ""Floating Rate Notes"" and, together with the Fixed-to-Floating Rate Notes, the ""Notes"")",https://www.sec.gov/Archives/edgar/data/4962/0000004962-24-000016.txt
0001140361-24-009810,debt_issuance,MMM,2024-02-27,,,,"On February 27, 2024, Solventum Corporation issued and sold $1,000,000,000 aggregate principal amount of 5.450% senior notes due 2027, $1,500,000,000 aggregate principal amount of 5.400% senior notes due 2029, $1,000,000,000 aggregate principal amount of 5.450% senior notes due 2031, $1,650,000,000 aggregate principal amount of 5.600% senior notes due 2034, $1,250,000,000 aggregate principal amount of 5.900% senior notes due 2054 and $500,000,000 aggregate principal amount of 6.000% senior notes due 2064.",https://www.sec.gov/Archives/edgar/data/66740/0001140361-24-009810.txt
0000753308-24-000010,debt_issuance,NEE,2024-02-28,,,,"NextEra Energy Capital Holdings, Inc. (NEECH), the offering and pricing of $900 million in aggregate principal amount of its 3.00% Exchangeable Senior Notes due 2027 (the notes), as well as an option to purchase up to an additional $100 million of the notes...in a private offering that is exempt from the registration requirements of the Securities Act of 1933, as amended.",https://www.sec.gov/Archives/edgar/data/753308/0000753308-24-000010.txt
0000092122-24-000034,debt_issuance,SO,2024-02-28,,,,"The Southern Company entered into Underwriting Agreements covering the issue and sale of an additional $400,000,000 aggregate principal amount of its Series 2023D 5.50% Senior Notes due March 15, 2029 and an additional $400,000,000 aggregate principal amount of its Series 2023E 5.70% Senior Notes due March 15, 2034.",https://www.sec.gov/Archives/edgar/data/92122/0000092122-24-000034.txt
0000753308-24-000013,debt_issuance,NEE,2024-03-01,,,,"NextEra Energy Capital Holdings, Inc. (NEECH), a wholly-owned subsidiary of NextEra Energy, Inc. (NEE), sold $1.0 billion principal amount of its Series Q Junior Subordinated Debentures due September 1, 2054. The Junior Subordinated Debentures bear interest at a rate of 6.70% to September 1, 2029 and thereafter will bear interest at a rate equal to the Five-Year Treasury Rate plus 2.364%, reset every five years.",https://www.sec.gov/Archives/edgar/data/753308/0000753308-24-000013.txt
0001193125-24-055985,debt_issuance,HON,2024-03-01,,,,"On March 1, 2024, Honeywell International Inc. (the ""Company"") completed public offerings of €750,000,000 aggregate principal amount of its 3.375% Senior Notes due 2030 and €750,000,000 aggregate principal amount of its 3.750% Senior Notes due 2036 (collectively, the ""Euro Notes"") and $500,000,000 aggregate principal amount of its 4.875% Senior Notes due 2029, $500,000,000 aggregate principal amount of its 4.950% Senior Notes due 2031, $750,000,000 aggregate principal amount of its 5.000% Senior Notes due 2035, $1,750,000,000 aggregate principal amount of its 5.250% Senior Notes due 2054 and $650,000,000 aggregate principal amount of its 5.350% Senior Notes due 2064 (collectively, the ""U.S. Notes"" and, together with the Euro Notes, the ""Notes"").",https://www.sec.gov/Archives/edgar/data/773840/0001193125-24-055985.txt
0001053507-24-000023,debt_issuance,AMT,2024-03-04,,,,"American Tower Corporation issued a press release announcing that it had priced its registered public offering of senior unsecured notes due 2029 (the ""2029 notes"") in an aggregate principal amount of $650.0 million and senior unsecured notes due 2034 (the ""2034 notes"") in an aggregate principal amount of $650.0 million. The 2029 notes will have an interest rate of 5.200% per annum and are being issued at a price equal to 99.638% of their face value. The 2034 notes will have an interest rate of 5.450% per annum and are being issued at a price equal to 99.285% of their face value.",https://www.sec.gov/Archives/edgar/data/1053507/0001053507-24-000023.txt
0001193125-24-060868,debt_issuance,BLK,2024-03-06,,,,"BlackRock Funding agreed to sell to the Underwriters $500,000,000 aggregate principal amount of 4.700% Notes due 2029, $1,000,000,000 aggregate principal amount of 5.000% Notes due 2034 and $1,500,000,000 aggregate principal amount of 5.250% Notes due 2054 (collectively, the ""Notes"") for resale by the Underwriters pursuant to the registration statement on Form S-3.",https://www.sec.gov/Archives/edgar/data/1364742/0001193125-24-060868.txt
0001193125-24-062192,debt_issuance,AMT,2024-03-07,,,,"On March 7, 2024, American Tower Corporation (the ""Company"") completed a registered public offering of $650.0 million aggregate principal amount of its 5.200% senior unsecured notes due 2029 (the ""2029 notes"") and $650.0 million aggregate principal amount of its 5.450% senior unsecured notes due 2034 (the ""2034 notes"" and, together with the 2029 notes, the ""Notes""), which resulted in aggregate net proceeds to the Company of approximately $1,281.3 million, after deducting commissions and estimated expenses.",https://www.sec.gov/Archives/edgar/data/1053507/0001193125-24-062192.txt
0000753308-24-000017,debt_issuance,NEE,2024-03-07,,,,"NextEra Energy Capital Holdings, Inc., a wholly-owned subsidiary of NextEra Energy, Inc. (NEE), sold C$1.0 billion principal amount of its 4.85% Debentures, Series due April 30, 2031 (Debentures), which are guaranteed by NEE.",https://www.sec.gov/Archives/edgar/data/753308/0000753308-24-000017.txt
0001193125-24-068013,debt_issuance,BK,2024-03-14,,,,"The Bank of New York Mellon Corporation issued $1,000,000,000 aggregate principal amount of its 4.975% Fixed Rate / Floating Rate Callable Senior Medium-Term Notes Series J due 2030 and $1,000,000,000 aggregate principal amount of its 5.188% Fixed Rate / Floating Rate Callable Senior Medium-Term Notes Series J due 2035. The Notes were registered under the Securities Act of 1933, as amended, pursuant to a registration statement on Form S-3.",https://www.sec.gov/Archives/edgar/data/1390777/0001193125-24-068013.txt
0001193125-24-068012,debt_issuance,BLK,2024-03-14,,,,"BlackRock Funding, Inc. completed its underwritten public offering of $500,000,000 aggregate principal amount of 4.700% Notes due 2029, $1,000,000,000 aggregate principal amount of 5.000% Notes due 2034 and $1,500,000,000 aggregate principal amount of 5.250% Notes due 2054 pursuant to the registration statement on Form S-3.",https://www.sec.gov/Archives/edgar/data/1364742/0001193125-24-068012.txt
0001193125-24-073887,debt_issuance,UNH,2024-03-21,,,,"UnitedHealth Group Incorporated agreed to sell its (i) 4.600% Notes due April 15, 2027 in the aggregate principal amount of $500,000,000, (ii) 4.700% Notes due April 15, 2029 in the aggregate principal amount of $400,000,000, (iii) 4.900% Notes due April 15, 2031 in the aggregate principal amount of $1,000,000,000, (iv) 5.000% Notes due April 15, 2034 in the aggregate principal amount of $1,250,000,000, (v) 5.375% Notes due April 15, 2054 in the aggregate principal amount of $1,750,000,000 and (vi) 5.500% Notes due April 15, 2064 in the aggregate principal amount of $1,100,000,000, pursuant to the Underwriting Agreement and Pricing Agreement.",https://www.sec.gov/Archives/edgar/data/731766/0001193125-24-073887.txt
0001193125-24-087244,debt_issuance,ADBE,2024-04-04,,,,"Adobe entered into an underwriting agreement providing for the issuance and sale of (i) $500,000,000 aggregate principal amount of the Company's 4.850% Notes due 2027, (ii) $750,000,000 aggregate principal amount of the Company's 4.800% Notes due 2029 and (iii) $750,000,000 aggregate principal amount of the Company's 4.950% Notes due 2034. The net proceeds from the sale of the Notes were approximately $1.99 billion after deducting underwriting discounts and estimated offering expenses.",https://www.sec.gov/Archives/edgar/data/796343/0001193125-24-087244.txt
0001193125-24-105007,debt_issuance,WFC,2024-04-22,,,,"On April 22, 2024, the Company issued the following Medium-Term Notes, Series W: (i) $3,250,000,000 Senior Redeemable Fixed-to-Floating Rate Notes due April 22, 2028; and (ii) $1,000,000,000 Senior Redeemable Floating Rate Notes due April 22, 2028 (collectively, the ""Notes"").",https://www.sec.gov/Archives/edgar/data/72971/0001193125-24-105007.txt
0001193125-24-104926,debt_issuance,JPM,2024-04-22,,,,"JPMorgan Chase & Co. closed public offerings of (i) $750,000,000 aggregate principal amount of Floating Rate Notes due 2028, (ii) $2,500,000,000 aggregate principal amount of Fixed-to-Floating Rate Notes due 2028, (iii) $2,750,000,000 aggregate principal amount of Fixed-to-Floating Rate Notes due 2030 and (iv) $3,000,000,000 aggregate principal amount of Fixed-to-Floating Rate Notes due 2035.",https://www.sec.gov/Archives/edgar/data/19617/0001193125-24-104926.txt
0001193125-24-107105,debt_issuance,WFC,2024-04-23,,,,"On April 23, 2024, the Company issued CAD1,250,000,000 5.083% Fixed-to-Floating Rate Notes Due April 26, 2028 (the ""Notes"").",https://www.sec.gov/Archives/edgar/data/72971/0001193125-24-107105.txt
0000004962-24-000033,debt_issuance,AXP,2024-04-25,,,,"Issuance by the Company, on April 25, 2024, of $500,000,000 aggregate principal amount of 5.915% Fixed-to-Floating Rate Subordinated Notes due April 25, 2035 pursuant to a Prospectus Supplement dated April 22, 2023.",https://www.sec.gov/Archives/edgar/data/4962/0000004962-24-000033.txt
0001193125-24-113929,debt_issuance,GS,2024-04-25,,,,"issuance of the following debt securities by The Goldman Sachs Group, Inc. (the ""Company"") on April 25, 2024: $2,500,000,000 5.727% Fixed/Floating Rate Notes due 2030 and $2,500,000,000 5.851% Fixed/Floating Rate Notes due 2035",https://www.sec.gov/Archives/edgar/data/886982/0001193125-24-113929.txt
0000004962-24-000033,debt_issuance,AXP,2024-04-25,,,,"Issuance by American Express Company, on April 25, 2024, of $1,300,000,000 aggregate principal amount of 5.645% Fixed-to-Floating Rate Notes due April 23, 2027, $1,400,000,000 aggregate principal amount of 5.532% Fixed-to-Floating Rate Notes due April 25, 2030 and $300,000,000 aggregate principal amount of Floating Rate Notes due April 23, 2027 pursuant to a Prospectus Supplement dated April 22, 2024.",https://www.sec.gov/Archives/edgar/data/4962/0000004962-24-000033.txt
0001193125-24-116833,debt_issuance,BRK.B,2024-04-26,,,,"On April 25, 2024, Berkshire Hathaway Inc. issued (i) ¥169,000,000,000 aggregate principal amount of its 0.974% Senior Notes due 2027, (ii) ¥22,000,000,000 aggregate principal amount of its 1.143% Senior Notes due 2029, (iii) ¥5,200,000,000 aggregate principal amount of its 1.287% Senior Notes due 2030, (iv) ¥35,300,000,000 aggregate principal amount of its 1.457% Senior Notes due 2031, (v) ¥9,500,000,000 aggregate principal amount of its 1.680% Senior Notes due 2034, (vi) ¥7,000,000,000 aggregate principal amount of its 2.278% Senior Notes due 2044, and (vii) ¥15,300,000,000 aggregate principal amount of its 2.498% Senior Notes due 2054.",https://www.sec.gov/Archives/edgar/data/1067983/0001193125-24-116833.txt
0001193125-24-122221,debt_issuance,C,2024-04-29,,,,"Terms Agreement, dated April 22, 2024, among Citigroup Inc. (the ""Company"") and the underwriters named therein, relating to the offer and sale of the Company's 5.070% Fixed Rate / Floating Rate Callable Senior Notes due April 29, 2028.",https://www.sec.gov/Archives/edgar/data/831001/0001193125-24-122221.txt
0001193125-24-122626,debt_issuance,PG,2024-04-29,,,,"The Procter & Gamble Company closed an underwritten public offering of €650,000,000 aggregate principal amount of 3.150% Notes due April 29, 2028 and €850,000,000 aggregate principal amount of 3.200% Notes due April 29, 2034 under the Company's Registration Statement on Form S-3.",https://www.sec.gov/Archives/edgar/data/80424/0001193125-24-122626.txt
0000092122-24-000055,debt_issuance,SO,2024-05-06,,,,"The Southern Company issued a press release announcing a proposed offering of $1,100,000,000 aggregate principal amount of convertible senior notes in a private offering to persons reasonably believed to be qualified institutional buyers pursuant to Rule 144A under the Securities Act of 1933, as amended. In addition, the Company expects to grant the initial purchasers an option to purchase, for settlement within a period of 13 days from, and including, the date the convertible senior notes are first issued, up to an additional $200,000,000 aggregate principal amount of convertible senior notes.",https://www.sec.gov/Archives/edgar/data/92122/0000092122-24-000055.txt
0001552781-24-000299,debt_issuance,KO,2024-05-08,,,,"On May 6, 2024, The Coca-Cola Company entered into an underwriting agreement in connection with the Company's public offering of $1,000,000,000 aggregate principal amount of its 5.000% Notes due 2034, $1,100,000,000 aggregate principal amount of its 5.300% Notes due 2054 and $900,000,000 aggregate principal amount of its 5.400% Notes due 2064.",https://www.sec.gov/Archives/edgar/data/21344/0001552781-24-000299.txt
0001552781-24-000299,debt_issuance,KO,2024-05-08,,,,"On May 7, 2024, the Company entered into an underwriting agreement in connection with the Company's public offering of €500,000,000 aggregate principal amount of its 3.125% Notes due 2032 and €500,000,000 aggregate principal amount of its 3.500% Notes due 2044.",https://www.sec.gov/Archives/edgar/data/21344/0001552781-24-000299.txt
0001193125-24-134280,debt_issuance,CVS,2024-05-08,,,,"the Company agreed to issue and sell to the Underwriters $1,000,000,000 aggregate principal amount of the Company's 5.400% Senior Notes due 2029, $1,000,000,000 aggregate principal amount of the Company's 5.550% Senior Notes due 2031, $1,250,000,000 aggregate principal amount of the Company's 5.700% Senior Notes due 2034, $750,000,000 aggregate principal amount of the Company's 6.000% Senior Notes due 2044, and $1,000,000,000 aggregate principal amount of the Company's 6.050% Senior Notes due 2054",https://www.sec.gov/Archives/edgar/data/64803/0001193125-24-134280.txt
0001193125-24-135252,debt_issuance,MA,2024-05-09,,,,"On May 9, 2024, Mastercard Incorporated (the ""Company"") completed an offering of $1,000,000,000 aggregate principal amount of its 4.875% Notes due 2034 (the ""Notes"").",https://www.sec.gov/Archives/edgar/data/1141391/0001193125-24-135252.txt
0001193125-24-135296,debt_issuance,CVS,2024-05-09,,,,"On May 9, 2024, CVS Health Corporation issued and sold $1,000,000,000 aggregate principal amount of the Company's 5.400% Senior Notes due 2029, $1,000,000,000 aggregate principal amount of the Company's 5.550% Senior Notes due 2031, $1,250,000,000 aggregate principal amount of the Company's 5.700% Senior Notes due 2034, $750,000,000 aggregate principal amount of the Company's 6.000% Senior Notes due 2044, and $1,000,000,000 aggregate principal amount of the Company's 6.050% Senior Notes due 2054.",https://www.sec.gov/Archives/edgar/data/64803/0001193125-24-135296.txt
0001552781-24-000313,debt_issuance,KO,2024-05-13,,,,"On May 13, 2024, The Coca-Cola Company completed its previously announced public offering of $1,000,000,000 aggregate principal amount of its 5.000% Notes due 2034, $1,100,000,000 aggregate principal amount of its 5.300% Notes due 2054 and $900,000,000 aggregate principal amount of its 5.400% Notes due 2064.",https://www.sec.gov/Archives/edgar/data/21344/0001552781-24-000313.txt
0001552781-24-000325,debt_issuance,KO,2024-05-14,,,,"On May 14, 2024, The Coca-Cola Company (the ""Company"") completed its previously announced public offering of €500,000,000 aggregate principal amount of its 3.125% Notes due 2032 and €500,000,000 aggregate principal amount of its 3.500% Notes due 2044 (collectively, the ""Euro Notes"").",https://www.sec.gov/Archives/edgar/data/21344/0001552781-24-000325.txt
0000063908-24-000097,debt_issuance,MCD,2024-05-20,,,,"McDonald's Corporation issued $500,000,000 of its 5.000% Medium-Term Notes due 2029 and $500,000,000 of its 5.200% Medium-Term Notes due 2034. The Notes were issued pursuant to the Company's medium-term notes program, as set forth in the Company's Registration Statement on Form S-3.",https://www.sec.gov/Archives/edgar/data/63908/0000063908-24-000097.txt
0001193125-24-142828,debt_issuance,JNJ,2024-05-20,,,,"Johnson & Johnson completed the previously announced public offerings of: (1) $1,150,000,000 aggregate principal amount of 4.800% Notes due 2029; (2) $1,150,000,000 aggregate principal amount of 4.900% Notes due 2031; (3) $850,000,000 aggregate principal amount of 4.950% Notes due 2034; (4) $850,000,000 aggregate principal amount of 5.250% Notes due 2054; (5) €700,000,000 aggregate principal amount of 3.200% Notes due 2032; (6) €800,000,000 aggregate principal amount of 3.350% Notes due 2036; and (7) €1,000,000,000 aggregate principal amount of 3.550% Notes due 2044.",https://www.sec.gov/Archives/edgar/data/200406/0001193125-24-142828.txt
0001193125-24-144012,debt_issuance,PYPL,2024-05-21,,,,"PayPal Holdings, Inc. (the ""Company"") entered into an Underwriting Agreement with BofA Securities, Inc., Deutsche Bank Securities Inc., Goldman Sachs & Co. LLC and J.P. Morgan Securities LLC with respect to the Company's issuance and sale of $1.25 billion aggregate principal amount of senior notes, consisting of $850 million aggregate principal amount of 5.150% notes due 2034 and $400 million aggregate principal amount of 5.500% notes due 2054.",https://www.sec.gov/Archives/edgar/data/1633917/0001193125-24-144012.txt
0001193125-24-144958,debt_issuance,CMCSA,2024-05-22,,,,"Comcast consummated the issuance and sale of $750,000,000 aggregate principal amount of its 5.100% Notes due 2029, $1,300,000,000 aggregate principal amount of its 5.300% Notes due 2034 and $1,200,000,000 aggregate principal amount of its 5.650% Notes due 2054, pursuant to an underwriting agreement dated May 20, 2024.",https://www.sec.gov/Archives/edgar/data/1166691/0001193125-24-144958.txt
0001104659-24-064258,debt_issuance,UPS,2024-05-22,,,,"the Company agreed to sell and the Underwriters agreed to purchase from the Company, subject to and upon the terms and conditions set forth in the Underwriting Agreement, $900,000,000 principal amount of 5.150% Senior Notes due 2034, $1,100,000,000 principal amount of 5.500% Senior Notes due 2054 and $600,000,000 principal amount of 5.600% Senior Notes due 2064",https://www.sec.gov/Archives/edgar/data/1090727/0001104659-24-064258.txt
0001053507-24-000091,debt_issuance,AMT,2024-05-22,,,,American Tower Corporation issued a press release announcing that it had priced its registered public offering of senior unsecured notes due 2030 in an aggregate principal amount of 500.0 million euros and senior unsecured notes due 2034 in an aggregate principal amount of 500.0 million EUR. The 2030 notes will have an interest rate of 3.900% per annum and are being issued at a price equal to 99.622% of their face value. The 2034 notes will have an interest rate of 4.100% per annum and are being issued at a price equal to 99.306% of their face value.,https://www.sec.gov/Archives/edgar/data/1053507/0001053507-24-000091.txt
0001104659-24-065573,debt_issuance,UPS,2024-05-28,,,,"On May 23, 2024, the Company entered into an agreement (the ""Underwriting Agreement"") with the underwriters listed on Schedule I thereto (the ""Underwriters""), whereby the Company agreed to sell and the Underwriters agreed to purchase from the Company, subject to and upon the terms and conditions set forth in the Underwriting Agreement, $213,003,000 principal amount of Floating Rate Senior Notes due 2074 (the ""Transaction"").",https://www.sec.gov/Archives/edgar/data/1090727/0001104659-24-065573.txt
0001193125-24-148078,debt_issuance,PYPL,2024-05-28,,,,"On May 28, 2024, PayPal Holdings, Inc. (the ""Company"") issued and sold $1.25 billion aggregate principal amount of senior notes, consisting of $850,000,000 aggregate principal amount of 5.150% notes due 2034 (the ""2034 Notes"") and $400,000,000 aggregate principal amount of 5.500% notes due 2054 (the ""2054 Notes"").",https://www.sec.gov/Archives/edgar/data/1633917/0001193125-24-148078.txt
0001193125-24-149168,debt_issuance,AMT,2024-05-29,,,,"On May 29, 2024, American Tower Corporation (the ""Company"") completed a registered public offering of 500.0 million euros (""EUR"") aggregate principal amount of its 3.900% senior unsecured notes due 2030 (the ""2030 notes"") and 500.0 million EUR aggregate principal amount of its 4.100% senior unsecured notes due 2034 (the ""2034 notes""), which resulted in aggregate net proceeds to the Company of approximately 988.4 million EUR (approximately $1,074.2 million).",https://www.sec.gov/Archives/edgar/data/1053507/0001193125-24-149168.txt
0001628280-24-025800,debt_issuance,MRK,2024-05-30,,,,"MSD Netherlands, a wholly-owned subsidiary of the Company, closed an underwritten public offering of €850,000,000 aggregate principal amount of 3.250% Notes due 2032, €850,000,000 aggregate principal amount of 3.500% Notes due 2037, €850,000,000 aggregate principal amount of 3.700% Notes due 2044 and €850,000,000 aggregate principal amount of 3.750% Notes due 2054. The Notes are fully and unconditionally guaranteed on an unsecured senior basis by the Company.",https://www.sec.gov/Archives/edgar/data/310158/0001628280-24-025800.txt
0001193125-24-154299,debt_issuance,LIN,2024-06-04,,,,"On June 4, 2024, Linde plc (the ""Company"") issued €750 million aggregate principal amount of 3.375% Notes due 2030 (the ""2030 Notes""), €750 million aggregate principal amount of 3.500% Notes due 2034 (the ""2034 Notes"") and €700 million aggregate principal amount of 3.750% Notes due 2044 (the ""2044 Notes""). The net proceeds of the offering were approximately €2,176 million, after giving effect to the fees to the Managers but before other fees and expenses of the offering. Net proceeds of the offering will be used for general corporate purposes.",https://www.sec.gov/Archives/edgar/data/1707925/0001193125-24-154299.txt
0001193125-24-155141,debt_issuance,MET,2024-06-05,,,,"On June 5, 2024, MetLife, Inc. (the ""Company"") issued $500,000,000 aggregate principal amount of its 5.300% Senior Notes due 2034 (the ""Senior Notes""). The Senior Notes were issued pursuant to the Senior Indenture, dated as of November 9, 2001... as supplemented by the Forty-Sixth Supplemental Indenture, dated as of June 5, 2024, with respect to the Senior Notes.",https://www.sec.gov/Archives/edgar/data/1099219/0001193125-24-155141.txt
0001104659-24-069077,debt_issuance,PM,2024-06-06,,,,"On June 6, 2024, Philip Morris International Inc. (PMI) issued €500,000,000 aggregate principal amount of its 3.750% Notes due 2031. Interest on the Notes is payable annually in arrears on January 15 of each year, commencing January 15, 2025. The Notes will mature on January 15, 2031.",https://www.sec.gov/Archives/edgar/data/1413329/0001104659-24-069077.txt
0000753308-24-000033,debt_issuance,NEE,2024-06-07,,,,"NextEra Energy Capital Holdings, Inc. (NEECH), a wholly-owned subsidiary of NextEra Energy, Inc. (NEE), sold $1.2 billion principal amount of its Series R Junior Subordinated Debentures due June 15, 2054. The Junior Subordinated Debentures bear interest at a rate of 6.75% to June 15, 2034 and thereafter will bear interest at a rate equal to the Five-Year Treasury Rate plus 2.457%, reset every five years.",https://www.sec.gov/Archives/edgar/data/753308/0000753308-24-000033.txt
0001193125-24-159106,debt_issuance,C,2024-06-11,,,,"Terms Agreement, dated June 4, 2024, among Citigroup Inc. (the ""Company"") and the underwriters named therein, relating to the offer and sale of the Company's 5.449% Fixed Rate / Floating Rate Callable Senior Notes due June 11, 2035.",https://www.sec.gov/Archives/edgar/data/831001/0001193125-24-159106.txt
0001104659-24-072918,debt_issuance,HD,2024-06-18,,,,"The Company entered into an Underwriting Agreement relating to a public offering of $600,000,000 aggregate principal amount of Floating Rate Notes due December 24, 2025, $900,000,000 aggregate principal amount of 5.100% Notes due December 24, 2025, $1,500,000,000 aggregate principal amount of 5.150% Notes due June 25, 2026, $1,000,000,000 aggregate principal amount of 4.875% Notes due June 25, 2027, $1,250,000,000 aggregate principal amount of 4.750% Notes due June 25, 2029, $1,000,000,000 aggregate principal amount of 4.850% Notes due June 25, 2031, $1,750,000,000 aggregate principal amount of 4.950% Notes due June 25, 2034, $1,500,000,000 aggregate principal amount of 5.300% Notes due June 25, 2054, and $500,000,000 aggregate principal amount of 5.400% Notes due June 25, 2064.",https://www.sec.gov/Archives/edgar/data/354950/0001104659-24-072918.txt
0000753308-24-000037,debt_issuance,NEE,2024-06-20,,,,"Each equity unit was issued in a stated amount of $50 consisting of a contract to purchase NEE common stock (stock purchase contract) and, initially, a 5% undivided beneficial ownership interest in a Series N Debenture due June 1, 2029, issued in the principal amount of $1,000 by NextEra Energy Capital Holdings, Inc. (NEECH). Total annual distributions on the equity units will be at the rate of 7.299%, consisting of interest on the debentures and payments under the stock purchase contracts.",https://www.sec.gov/Archives/edgar/data/753308/0000753308-24-000037.txt
0001104659-24-074754,debt_issuance,HD,2024-06-25,,,,"On June 25, 2024, The Home Depot, Inc. (the ""Company"") completed a public offering of $600,000,000 aggregate principal amount of Floating Rate Notes due December 24, 2025, $900,000,000 aggregate principal amount of 5.100% Notes due December 24, 2025, $1,500,000,000 aggregate principal amount of 5.150% Notes due June 25, 2026, $1,000,000,000 aggregate principal amount of 4.875% Notes due June 25, 2027, $1,250,000,000 aggregate principal amount of 4.750% Notes due June 25, 2029, $1,000,000,000 aggregate principal amount of 4.850% Notes due June 25, 2031, $1,750,000,000 aggregate principal amount of 4.950% Notes due June 25, 2034, $1,500,000,000 aggregate principal amount of 5.300% Notes due June 25, 2054, and $500,000,000 aggregate principal amount of 5.400% Notes due June 25, 2064 (collectively, the ""Notes"").",https://www.sec.gov/Archives/edgar/data/354950/0001104659-24-074754.txt
0000753308-24-000042,debt_issuance,NEE,2024-07-01,,,,"On July 1, 2024, Florida Power & Light Company sold $167,105,000 principal amount of its Floating Rate Notes, Series due July 2, 2074 (Notes). The Notes bear interest at a rate equal to Compounded SOFR (a compounded Secured Overnight Financing Rate as specified in the Notes) minus 0.35%, calculated quarterly.",https://www.sec.gov/Archives/edgar/data/753308/0000753308-24-000042.txt
0001628280-24-031094,debt_issuance,MDLZ,2024-07-03,,,,"On July 3, 2024, we issued an aggregate principal amount of C$650 million of CAD-denominated senior notes due 2031 (the ""Notes""). The Notes were issued pursuant to an Indenture, dated as of March 6, 2015...as further supplemented and modified in respect of the Notes by an officers' certificate under Section 301 of the Indenture, dated as of July 3, 2024.",https://www.sec.gov/Archives/edgar/data/1103982/0001628280-24-031094.txt
0001140361-24-033072,debt_issuance,AVGO,2024-07-12,,,,"On July 8, 2024, the Company entered into an underwriting agreement (the ""Underwriting Agreement"") with BofA Securities, Inc., BNP Paribas Securities Corp. and HSBC Securities (USA) Inc., pursuant to which the Company agreed to issue and sell to the Underwriters $5,000,000,000 aggregate principal amount of its senior notes, consisting of $1,250,000,000 aggregate principal amount of its 5.050% senior notes due 2027, $2,250,000,000 aggregate principal amount of its 5.050% senior notes due 2029 and $1,500,000,000 aggregate principal amount of its 5.150% senior notes due 2031.",https://www.sec.gov/Archives/edgar/data/1730168/0001140361-24-033072.txt
0001104659-24-080566,debt_issuance,PEP,2024-07-17,,,,"PepsiCo announced an offering of $850,000,000 aggregate principal amount of its 4.500% Senior Notes due 2029, $650,000,000 aggregate principal amount of its 4.800% Senior Notes due 2034 and $750,000,000 aggregate principal amount of its 5.250% Senior Notes due 2054. PepsiCo received net proceeds of approximately $2,232 million, after deducting underwriting discounts and estimated offering expenses. The net proceeds will be used for general corporate purposes, including the repayment of commercial paper.",https://www.sec.gov/Archives/edgar/data/77476/0001104659-24-080566.txt
0001193125-24-181046,debt_issuance,BLK,2024-07-18,,,,"BlackRock Funding agreed to sell to the Underwriters $800,000,000 aggregate principal amount of 4.600% Notes due 2027, $500,000,000 aggregate principal amount of 4.900% Notes due 2035 and $1,200,000,000 aggregate principal amount of 5.350% Notes due 2055 (collectively, the ""Notes""), for resale by the Underwriters (the ""Offering"") pursuant to the registration statement on Form S-3.",https://www.sec.gov/Archives/edgar/data/1364742/0001193125-24-181046.txt
0001193125-24-182287,debt_issuance,BK,2024-07-22,,,,"The Bank of New York Mellon Corporation issued $600,000,000 aggregate principal amount of its 4.890% Fixed Rate / Floating Rate Callable Senior Medium-Term Notes Series J due 2028, $300,000,000 aggregate principal amount of its Floating Rate Callable Senior Medium-Term Notes Series J due 2028, $1,100,000,000 aggregate principal amount of its 5.060% Fixed Rate / Floating Rate Callable Senior Medium-Term Notes Series J due 2032 and $500,000,000 aggregate principal amount of its 5.606% Fixed Rate / Floating Rate Callable Senior Subordinated Medium-Term Notes Series K due 2039.",https://www.sec.gov/Archives/edgar/data/1390777/0001193125-24-182287.txt
0001193125-24-182227,debt_issuance,JPM,2024-07-22,,,,"JPMorgan Chase & Co. closed public offerings of (i) $750,000,000 aggregate principal amount of Floating Rate Notes due 2028, (ii) $2,000,000,000 aggregate principal amount of Fixed-to-Floating Rate Notes due 2028, (iii) $2,750,000,000 aggregate principal amount of Fixed-to-Floating Rate Notes due 2030 and (iv) $3,500,000,000 aggregate principal amount of Fixed-to-Floating Rate Notes due 2035.",https://www.sec.gov/Archives/edgar/data/19617/0001193125-24-182227.txt
0001193125-24-182875,debt_issuance,GS,2024-07-23,,,,"issuance of the following debt securities by The Goldman Sachs Group, Inc. (the ""Company"") on July 23, 2024: $2,500,000,000 5.049% Fixed/Floating Rate Notes due 2030 and $3,000,000,000 5.330% Fixed/Floating Rate Notes due 2035",https://www.sec.gov/Archives/edgar/data/886982/0001193125-24-182875.txt
0000731766-24-000255,debt_issuance,UNH,2024-07-25,,,,"UnitedHealth Group Incorporated agreed to sell its (i) Floating Rate Notes due July 15, 2026 in the aggregate principal amount of $500,000,000, (ii) 4.750% Notes due July 15, 2026 in the aggregate principal amount of $650,000,000, (iii) 4.800% Notes due January 15, 2030 in the aggregate principal amount of $1,250,000,000, (iv) 4.950% Notes due January 15, 2032 in the aggregate principal amount of $1,500,000,000, (v) 5.150% Notes due July 15, 2034 in the aggregate principal amount of $2,000,000,000, (vi) 5.500% Notes due July 15, 2044 in the aggregate principal amount of $1,500,000,000, (vii) 5.625% Notes due July 15, 2054 in the aggregate principal amount of $2,750,000,000 and (viii) 5.750% Notes due July 15, 2064 in the aggregate principal amount of $1,850,000,000.",https://www.sec.gov/Archives/edgar/data/731766/0000731766-24-000255.txt
0001193125-24-186203,debt_issuance,COF,2024-07-26,,,,"Capital One Financial Corporation (the ""Company"") closed the public offering of $1,000,000,000 aggregate principal amount of its 5.463% Fixed-to-Floating Rate Senior Notes due 2030 (the ""2030 Fixed-to-Floating Rate Notes"") and $1,000,000,000 aggregate principal amount of its 5.884% Fixed-to-Floating Rate Senior Notes due 2035 (the ""2035 Fixed-to-Floating Rate Notes"").",https://www.sec.gov/Archives/edgar/data/927628/0001193125-24-186203.txt
0000004962-24-000054,debt_issuance,AXP,2024-07-26,,,,"issuance by American Express Company (the ""Company""), on July 26, 2024, of $1,200,000,000 aggregate principal amount of 5.043% Fixed-to-Floating Rate Notes due July 26, 2028, $1,700,000,000 aggregate principal amount of 5.284% Fixed-to-Floating Rate Notes due July 26, 2035 and $500,000,000 aggregate principal amount of Floating Rate Notes due July 26, 2028 pursuant to a Prospectus Supplement dated July 22, 2024",https://www.sec.gov/Archives/edgar/data/4962/0000004962-24-000054.txt
0001193125-24-186274,debt_issuance,BLK,2024-07-26,,,,"BlackRock Funding, Inc. completed its underwritten public offering of $800,000,000 aggregate principal amount of 4.600% Notes due 2027, $500,000,000 aggregate principal amount of 4.900% Notes due 2035 and $1,200,000,000 aggregate principal amount of 5.350% Notes due 2055 pursuant to the registration statement on Form S-3. The Notes are BlackRock Funding's unsecured and unsubordinated debt obligations and are fully and unconditionally guaranteed, on a senior unsecured basis, by BlackRock.",https://www.sec.gov/Archives/edgar/data/1364742/0001193125-24-186274.txt
0000753308-24-000052,debt_issuance,NEE,2024-07-30,,,,"On July 30, 2024, Florida Power & Light Company sold $350 million principal amount of its 5.00% First Mortgage Bonds, Series due August 1, 2034 (Bonds). The Bonds were registered under the Securities Act of 1933 pursuant to Registration Statement Nos. 333-278184, 333-278184-01 and 333-278184-02.",https://www.sec.gov/Archives/edgar/data/37634/0000753308-24-000052.txt
0001140361-24-035325,debt_issuance,NFLX,2024-08-01,,,,"Netflix, Inc. completed a registered public offering of $1 billion in aggregate principal amount of 4.90% senior unsecured notes due 2034 and $800 million in aggregate principal amount of 5.40% senior unsecured notes due 2054 pursuant to an underwriting agreement with Morgan Stanley & Co. LLC, Goldman Sachs & Co. LLC, J.P. Morgan Securities LLC and Wells Fargo Securities, LLC.",https://www.sec.gov/Archives/edgar/data/1065280/0001140361-24-035325.txt
0001193125-24-191800,debt_issuance,HON,2024-08-02,,,,"On August 1, 2024, Honeywell International Inc. (the ""Company"") completed a public offering of $1,150,000,000 aggregate principal amount of its 4.650% Senior Notes due 2027, $1,000,000,000 aggregate principal amount of its 4.700% Senior Notes due 2030, $650,000,000 aggregate principal amount of its 4.750% Senior Notes due 2032 and $700,000,000 aggregate principal amount of its 5.000% Senior Notes due 2035.",https://www.sec.gov/Archives/edgar/data/773840/0001193125-24-191800.txt
0001193125-24-197873,debt_issuance,META,2024-08-09,,,,"Meta Platforms, Inc. (the ""Company"") completed an offering of $1,000,000,000 aggregate principal amount of its 4.300% Senior Notes due 2029, $1,000,000,000 aggregate principal amount of its 4.550% Senior Notes due 2031, $2,500,000,000 aggregate principal amount of its 4.750% Senior Notes due 2034, $3,250,000,000 aggregate principal amount of its 5.400% Senior Notes due 2054 and $2,750,000,000 aggregate principal amount of its 5.550% Senior Notes due 2064.",https://www.sec.gov/Archives/edgar/data/1326801/0001193125-24-197873.txt
0001552781-24-000465,debt_issuance,KO,2024-08-09,,,,"On August 8, 2024, the Company entered into an underwriting agreement in connection with the Company's public offering of €500,000,000 aggregate principal amount of its 3.375% Notes due 2037 and €500,000,000 aggregate principal amount of its 3.750% Notes due 2053.",https://www.sec.gov/Archives/edgar/data/21344/0001552781-24-000465.txt
0001552781-24-000465,debt_issuance,KO,2024-08-09,,,,"On August 7, 2024, The Coca-Cola Company entered into an underwriting agreement in connection with the Company's public offering of $750,000,000 aggregate principal amount of its 4.650% Notes due 2034, $1,500,000,000 aggregate principal amount of its 5.200% Notes due 2055 and $750,000,000 aggregate principal amount of its 5.400% Notes due 2064.",https://www.sec.gov/Archives/edgar/data/21344/0001552781-24-000465.txt
0001193125-24-200435,debt_issuance,LLY,2024-08-14,,,,"Eli Lilly and Company entered into an underwriting agreement for the issuance and sale by the Company of $750,000,000 aggregate principal amount of its 4.150% Notes due 2027, $1,000,000,000 aggregate principal amount of its 4.200% Notes due 2029, $1,250,000,000 aggregate principal amount of its 4.600% Notes due 2034, $1,250,000,000 aggregate principal amount of its 5.050% Notes due 2054 and $750,000,000 aggregate principal amount of its 5.200% Notes due 2064.",https://www.sec.gov/Archives/edgar/data/59478/0001193125-24-200435.txt
0001552781-24-000487,debt_issuance,KO,2024-08-14,,,,"The Coca-Cola Company completed its previously announced public offering of $750,000,000 aggregate principal amount of its 4.650% Notes due 2034, $1,500,000,000 aggregate principal amount of its 5.200% Notes due 2055 and $750,000,000 aggregate principal amount of its 5.400% Notes due 2064. The offering was made pursuant to the Company's shelf registration statement on Form S-3.",https://www.sec.gov/Archives/edgar/data/21344/0001552781-24-000487.txt
0001552781-24-000497,debt_issuance,KO,2024-08-15,,,,"The Coca-Cola Company completed its previously announced public offering of €500,000,000 aggregate principal amount of its 3.375% Notes due 2037 and €500,000,000 aggregate principal amount of its 3.750% Notes due 2053. The Company intends to use the net proceeds from the offering of the Euro Notes for general corporate purposes, which may include working capital, capital expenditures, acquisitions of or investments in businesses or assets and redemption and repayment of short-term or long-term borrowings.",https://www.sec.gov/Archives/edgar/data/21344/0001552781-24-000497.txt
0001104659-24-092007,debt_issuance,DUK,2024-08-22,,,,"the Company consummated the issuance and sale of $1,000,000,000 aggregate principal amount of the Company's 6.45% Fixed-to-Fixed Reset Rate Junior Subordinated Debentures due 2054. The Securities were sold to the Underwriters at a discount to their principal amount.",https://www.sec.gov/Archives/edgar/data/1326160/0001104659-24-092007.txt
0001628280-24-038307,debt_issuance,MDLZ,2024-08-23,,,,"On August 22, 2024, we announced and priced an offering (the ""Notes Offering"") of senior notes due 2034 (the ""Notes""). In connection with the Notes Offering, on August 22, 2024, we entered into a Terms Agreement in respect of the Notes (the ""Terms Agreement"") with BBVA Securities Inc., J.P. Morgan Securities LLC, Mizuho Securities USA LLC, and Wells Fargo Securities, LLC, as representatives of the several underwriters named therein (the ""Underwriters""), pursuant to which we agreed to issue and sell the Notes to the Underwriters.",https://www.sec.gov/Archives/edgar/data/1103982/0001628280-24-038307.txt
0001628280-24-038666,debt_issuance,MDLZ,2024-08-28,,,,"On August 28, 2024, we issued an aggregate principal amount of $500 million of the senior notes due 2034 (the ""Notes""). The Notes were issued pursuant to an Indenture, dated as of March 6, 2015...as further supplemented and modified in respect of the Notes by an officers' certificate under Section 301 of the Indenture, dated as of August 28, 2024.",https://www.sec.gov/Archives/edgar/data/1103982/0001628280-24-038666.txt
0001193125-24-214198,debt_issuance,MA,2024-09-05,,,,"On September 5, 2024, Mastercard Incorporated (the ""Company"") completed an offering of $750,000,000 aggregate principal amount of its 4.100% Notes due 2028 (the ""2028 Notes""), $1,150,000,000 aggregate principal amount of its 4.350% Notes due 2032 (the ""2032 Notes"") and $1,100,000,000 aggregate principal amount of its 4.550% Notes due 2035 (the ""2035 Notes"").",https://www.sec.gov/Archives/edgar/data/1141391/0001193125-24-214198.txt
0001628280-24-039644,debt_issuance,TGT,2024-09-06,,,,"Target Corporation closed the sale of $750 million aggregate principal amount of its 4.500% Notes due 2034 pursuant to an Underwriting Agreement dated September 3, 2024 among Target and Deutsche Bank Securities Inc., J.P. Morgan Securities LLC, and Wells Fargo Securities, LLC, as representatives of the several underwriters.",https://www.sec.gov/Archives/edgar/data/27419/0001628280-24-039644.txt
0000092122-24-000085,debt_issuance,SO,2024-09-09,,,,"The Southern Company entered into an Underwriting Agreement covering the issue and sale of $750,000,000 aggregate principal amount of its Series 2024B 4.85% Senior Notes due March 15, 2035. The Series 2024B Senior Notes were registered under the Securities Act of 1933, as amended, pursuant to the shelf registration statement.",https://www.sec.gov/Archives/edgar/data/92122/0000092122-24-000085.txt
0001552781-24-000524,debt_issuance,UBER,2024-09-09,,,,"On September 9, 2024, Uber Technologies, Inc. (the ""Company"") completed a registered public offering of $1,250,000,000 aggregate principal amount of the Company's 4.300% Senior Notes due 2030 (the ""2030 Notes""), $1,500,000,000 aggregate principal amount of the Company's 4.800% Senior Notes due 2034 (the ""2034 Notes""), and $1,250,000,000 aggregate principal amount of the Company's 5.350% Senior Notes due 2054 (the ""2054 Notes""). The Notes are the Company's senior unsecured debt obligations.",https://www.sec.gov/Archives/edgar/data/1543151/0001552781-24-000524.txt
0001193125-24-222190,debt_issuance,C,2024-09-19,,,,"Terms Agreement, dated September 12, 2024, among Citigroup Inc. (the ""Company"") and the underwriters named therein, relating to the offer and sale of the Company's 4.542% Fixed Rate / Floating Rate Callable Senior Notes due September 19, 2030 and 5.411% Fixed Rate Reset Callable Subordinated Notes due September 19, 2039.",https://www.sec.gov/Archives/edgar/data/831001/0001193125-24-222190.txt
0001193125-24-222476,debt_issuance,USB,2024-09-20,,,,"U.S. Bancorp (the ""Company"") agreed to issue $10,000,000 of its Senior Medium-Term Notes, Series CC Callable Fixed Rate Notes due September 20, 2029 (the ""Notes due 2029""), pursuant to the Company's medium-term note program",https://www.sec.gov/Archives/edgar/data/36104/0001193125-24-222476.txt
0001193125-24-226980,debt_issuance,TMUS,2024-09-26,,,,"On September 26, 2024, T-Mobile USA, Inc. closed an underwritten public offering of $700 million in aggregate principal amount of its 4.200% Senior Notes due 2029, $900 million in aggregate principal amount of its 4.700% Senior Notes due 2035 and $900 million in aggregate principal amount of its 5.250% Senior Notes due 2055 pursuant to an underwriting agreement, dated as of September 23, 2024, with the several underwriters named therein.",https://www.sec.gov/Archives/edgar/data/1283699/0001193125-24-226980.txt
0001193125-24-226937,debt_issuance,CMCSA,2024-09-26,,,,"On September 26, 2024, Comcast Corporation consummated the issuance and sale of €900,000,000 aggregate principal amount of its 3.250% Notes due 2032, €900,000,000 aggregate principal amount of its 3.550% Notes due 2036 and £750,000,000 aggregate principal amount of its 5.250% Notes due 2040, pursuant to an underwriting agreement dated September 23, 2024.",https://www.sec.gov/Archives/edgar/data/1166691/0001193125-24-226937.txt
0001193125-24-227971,debt_issuance,ORCL,2024-09-27,,,,"On September 27, 2024, Oracle Corporation consummated the issuance and sale of $1,500,000,000 aggregate principal amount of its 4.200% Notes due 2029, $1,750,000,000 aggregate principal amount of its 4.700% Notes due 2034, $1,750,000,000 aggregate principal amount of its 5.375% Notes due 2054 and $1,250,000,000 aggregate principal amount of its 5.500% Notes due 2064 (collectively, the 'Notes'), pursuant to an underwriting agreement dated September 25, 2024.",https://www.sec.gov/Archives/edgar/data/1341439/0001193125-24-227971.txt
0001193125-24-229033,debt_issuance,MET,2024-09-30,,,,"On September 30, 2024, MetLife, Inc. (the ""Company"") issued $250,000,000 in additional aggregate principal amount of its 5.300% Senior Notes due 2034 (the ""New Senior Notes""). The New Senior Notes were issued as additional notes pursuant to the Senior Indenture, dated as of November 9, 2001... and the Forty-Seventh Supplemental Indenture, dated as of September 30, 2024, pursuant to which the New Senior Notes were issued.",https://www.sec.gov/Archives/edgar/data/1099219/0001193125-24-229033.txt
0001193125-24-231159,debt_issuance,AVGO,2024-10-02,,,,"the Company agreed to issue and sell to the Underwriters $5,000,000,000 aggregate principal amount of its senior notes, consisting of $875,000,000 aggregate principal amount of its 4.150% senior notes due 2028, $1,500,000,000 aggregate principal amount of its 4.350% senior notes due 2030, $875,000,000 aggregate principal amount of its 4.550% senior notes due 2032 and $1,750,000,000 aggregate principal amount of its 4.800% senior notes due 2034.",https://www.sec.gov/Archives/edgar/data/1730168/0001193125-24-231159.txt
0001193125-24-232937,debt_issuance,ACN,2024-10-04,,,,"Accenture Capital Inc. closed the sale of $1,100,000,000 aggregate principal amount of its 3.900% notes due 2027, $1,200,000,000 aggregate principal amount of its 4.050% notes due 2029, $1,200,000,000 aggregate principal amount of its 4.250% notes due 2031 and $1,500,000,000 aggregate principal amount of its 4.500% notes due 2034. The aggregate public offering price of the Notes was $4.993 billion and the estimated net proceeds from the offering were approximately $4.974 billion.",https://www.sec.gov/Archives/edgar/data/1467373/0001193125-24-232937.txt
0001193125-24-234137,debt_issuance,XOM,2024-10-08,,,,"Exxon Mobil Corporation entered into an underwriting agreement for the issuance and sale by the Company of $171,968,000 aggregate principal amount of its Floating Rate Notes due 2074.",https://www.sec.gov/Archives/edgar/data/34088/0001193125-24-234137.txt
0001193125-24-241062,debt_issuance,JPM,2024-10-22,,,,"JPMorgan Chase & Co. closed public offerings of (i) $500,000,000 aggregate principal amount of Floating Rate Notes due 2028, (ii) $2,000,000,000 aggregate principal amount of Fixed-to-Floating Rate Notes due 2028, (iii) $2,500,000,000 aggregate principal amount of Fixed-to-Floating Rate Notes due 2030 and (iv) $3,000,000,000 aggregate principal amount of Fixed-to-Floating Rate Notes due 2035.",https://www.sec.gov/Archives/edgar/data/19617/0001193125-24-241062.txt
0001193125-24-241941,debt_issuance,BRK.B,2024-10-23,,,,"On October 23, 2024, Berkshire Hathaway Inc. issued (i) ¥155,400,000,000 aggregate principal amount of its 1.031% Senior Notes due 2027, (ii) ¥58,000,000,000 aggregate principal amount of its 1.265% Senior Notes due 2029, (iii) ¥23,300,000,000 aggregate principal amount of its 1.465% Senior Notes due 2031, (iv) ¥16,000,000,000 aggregate principal amount of its 1.737% Senior Notes due 2034, (v) ¥11,800,000,000 aggregate principal amount of its 2.373% Senior Notes due 2044, (vi) ¥5,000,000,000 aggregate principal amount of its 2.577% Senior Notes due 2052, and (vii) ¥12,300,000,000 aggregate principal amount of its 2.625% Senior Notes due 2054.",https://www.sec.gov/Archives/edgar/data/1067983/0001193125-24-241941.txt
0001193125-24-241885,debt_issuance,GS,2024-10-23,,,,"issuance of the following debt securities by The Goldman Sachs Group, Inc. (the ""Company"") on October 23, 2024: $2,000,000,000 4.692% Fixed/Floating Rate Notes due 2030 and $3,500,000,000 5.016% Fixed/Floating Rate Notes due 2035",https://www.sec.gov/Archives/edgar/data/886982/0001193125-24-241885.txt
0001193125-24-242887,debt_issuance,PG,2024-10-24,,,,"The Procter & Gamble Company closed an underwritten public offering of $500,000,000 aggregate principal amount of 4.150% Notes due October 24, 2029 and $500,000,000 aggregate principal amount of 4.550% Notes due October 24, 2034 under the Company's Registration Statement on Form S-3.",https://www.sec.gov/Archives/edgar/data/80424/0001193125-24-242887.txt
0000753308-24-000059,debt_issuance,NEE,2024-10-31,,,,"Each equity unit consists of a contract to purchase NEE common stock (stock purchase contract) and, initially, a 5% undivided beneficial ownership interest in a Series O Debenture due November 1, 2029, issued in the principal amount of $1,000 by NextEra Energy Capital Holdings, Inc. (NEECH). Total annual distributions on the equity units will be at the rate of 7.234%, consisting of interest on the debentures and payments under the stock purchase contracts.",https://www.sec.gov/Archives/edgar/data/753308/0000753308-24-000059.txt
0001104659-24-113481,debt_issuance,PM,2024-11-01,,,,"On November 1, 2024, Philip Morris International Inc. ('PMI') issued $750,000,000 aggregate principal amount of its 4.375% Notes due 2027, $750,000,000 aggregate principal amount of its 4.625% Notes due 2029, $750,000,000 aggregate principal amount of its 4.750% Notes due 2031 and $750,000,000 aggregate principal amount of its 4.900% Notes due 2034.",https://www.sec.gov/Archives/edgar/data/1413329/0001104659-24-113481.txt
0001193125-24-261736,debt_issuance,GS,2024-11-19,,,,"issuance of the following debt securities by The Goldman Sachs Group, Inc. (the ""Company"") on November 19, 2024 pursuant to the Company's shelf registration statement on Form S-3... $3,000,000,000 5.561% Fixed/Floating Rate Notes due 2045",https://www.sec.gov/Archives/edgar/data/886982/0001193125-24-261736.txt
0001193125-24-261720,debt_issuance,C,2024-11-19,,,,"Terms Agreement, dated November 12, 2024, among the Company and the underwriters named therein, relating to the offer and sale of the Company's 5.592% Fixed Rate Reset Callable Subordinated Notes due November 19, 2034.",https://www.sec.gov/Archives/edgar/data/831001/0001193125-24-261720.txt
0001053507-24-000138,debt_issuance,AMT,2024-11-19,,,,"American Tower Corporation issued a press release announcing that it had priced its registered public offering of senior unsecured notes due 2030 (the ""2030 notes"") in an aggregate principal amount of $600.0 million and senior unsecured notes due 2035 (the ""2035 notes"") in an aggregate principal amount of $600.0 million. The 2030 notes will have an interest rate of 5.000% per annum and are being issued at a price equal to 99.622% of their face value. The 2035 notes will have an interest rate of 5.400% per annum and are being issued at a price equal to 99.455% of their face value.",https://www.sec.gov/Archives/edgar/data/1053507/0001053507-24-000138.txt
0001104659-24-121025,debt_issuance,GILD,2024-11-20,,,,"The Tenth Supplemental Indenture relates to the Company's issuance of (a) $750,000,000 aggregate principal amount of the Company's 4.80% Senior Notes due 2029, (b) $1,000,000,000 aggregate principal amount of the Company's 5.10% Senior Notes due 2035, (c) $1,000,000,000 aggregate principal amount of the Company's 5.50% Senior Notes due 2054 and (d) $750,000,000 aggregate principal amount of the Company's 5.60% Senior Notes due 2064. The 2029 Notes will pay interest semi-annually at a rate of 4.80% per annum until November 15, 2029. The 2035 Notes will pay interest semi-annually at a rate of 5.10% per annum until June 15, 2035. The 2054 Notes will pay interest semi-annually at a rate of 5.50% per annum until November 15, 2054. The 2064 Notes will pay interest semi-annually at a rate of 5.60% per annum until November 15, 2064.",https://www.sec.gov/Archives/edgar/data/882095/0001104659-24-121025.txt
0001193125-24-262579,debt_issuance,BK,2024-11-20,,,,"The Bank of New York Mellon Corporation issued $750,000,000 aggregate principal amount of its 5.225% Fixed Rate / Floating Rate Callable Senior Medium-Term Notes Series J due 2035 (the ""Notes""). The Notes were registered under the Securities Act of 1933, as amended, pursuant to a registration statement on Form S-3.",https://www.sec.gov/Archives/edgar/data/1390777/0001193125-24-262579.txt
0001104659-24-121522,debt_issuance,BKNG,2024-11-21,,,,"On November 21, 2024, Booking Holdings Inc. executed three Officers' Certificates in connection with the sale of €600,000,000 aggregate principal amount of the Company's 3.250% Senior Notes due 2032, €500,000,000 aggregate principal amount of the Company's 3.750% Senior Notes due 2037, and €700,000,000 aggregate principal amount of the Company's 3.875% Senior Notes due 2045.",https://www.sec.gov/Archives/edgar/data/1075531/0001104659-24-121522.txt
0001193125-24-263434,debt_issuance,AMT,2024-11-21,,,,"American Tower Corporation (the ""Company"") completed a registered public offering of $600.0 million aggregate principal amount of its 5.000% senior unsecured notes due 2030 (the ""2030 notes"") and $600.0 million aggregate principal amount of its 5.400% senior unsecured notes due 2035 (the ""2035 notes"" and, together with the 2030 notes, the ""Notes""), which resulted in aggregate net proceeds to the Company of approximately $1,183.7 million.",https://www.sec.gov/Archives/edgar/data/1053507/0001193125-24-263434.txt
0001104659-24-123741,debt_issuance,AIG,2024-11-27,,,,"On November 27, 2024, American International Group, Inc. (AIG) closed the sale of ¥77,100,000,000 aggregate principal amount of its 1.580% Notes Due 2028, ¥10,300,000,000 aggregate principal amount of its 1.757% Notes Due 2029 and ¥12,600,000,000 aggregate principal amount of its 2.137% Notes Due 2034.",https://www.sec.gov/Archives/edgar/data/5272/0001104659-24-123741.txt
0001193125-24-268103,debt_issuance,JPM,2024-11-29,,,,"JPMorgan Chase & Co. closed a public offering of $2,500,000,000 aggregate principal amount of Fixed-to-Floating Rate Notes due 2045. The offering of the Notes was registered under the Securities Act of 1933, as amended, pursuant to a registration statement on Form S-3.",https://www.sec.gov/Archives/edgar/data/19617/0001193125-24-268103.txt
0001193125-24-269996,debt_issuance,WFC,2024-12-03,,,,"On December 3, 2024, the Company issued the following Medium-Term Notes, Series W: $2,500,000,000 Senior Redeemable Fixed-to-Floating Rate Notes due December 3, 2035 (the ""Notes"").",https://www.sec.gov/Archives/edgar/data/72971/0001193125-24-269996.txt
0001193125-24-270867,debt_issuance,CVS,2024-12-05,,,,"CVS Health Corporation entered into an Underwriting Agreement pursuant to which the Company agreed to issue and sell to the Underwriters $2,250,000,000 aggregate principal amount of its 7.000% Series A Junior Subordinated Notes due 2055 and $750,000,000 aggregate principal amount of its 6.750% Series B Junior Subordinated Notes due 2054.",https://www.sec.gov/Archives/edgar/data/64803/0001193125-24-270867.txt
0001104659-24-125909,debt_issuance,COP,2024-12-05,,,,"ConocoPhillips Company entered into a Terms Agreement relating to the underwritten public offering of $1,350,000,000 aggregate principal amount of its 4.700% Notes due 2030, $650,000,000 aggregate principal amount of its 4.850% Notes due 2032, $1,250,000,000 aggregate principal amount of its 5.000% Notes due 2035, $1,300,000,000 aggregate principal amount of its 5.500% Notes due 2055 and $650,000,000 aggregate principal amount of its 5.650% Notes due 2065, in each case fully and unconditionally guaranteed by ConocoPhillips.",https://www.sec.gov/Archives/edgar/data/1163165/0001104659-24-125909.txt
0001193125-24-274362,debt_issuance,CVS,2024-12-10,,,,"On December 10, 2024, CVS Health Corporation issued and sold $2,250,000,000 aggregate principal amount of the Company's 7.000% Fixed-to-Fixed Rate Series A Junior Subordinated Notes due 2055 and $750,000,000 aggregate principal amount of the Company's 6.750% Fixed-to-Fixed Rate Series B Junior Subordinated Notes due 2054.",https://www.sec.gov/Archives/edgar/data/64803/0001193125-24-274362.txt
0000936468-24-000120,debt_issuance,LMT,2024-12-11,,,,"On December 11, 2024, Lockheed Martin Corporation (the ""Company"") completed the issuance and sale of a total of $1,000,000,000 of senior unsecured notes, consisting of $600,000,000 aggregate principal amount of 4.700% Notes due 2031 (the ""2031 Notes"") and an additional $400,000,000 aggregate principal amount of 5.200% Notes due 2055 (the ""2055 Notes"").",https://www.sec.gov/Archives/edgar/data/936468/0000936468-24-000120.txt
0001104659-24-132514,debt_issuance,COP,2024-12-30,,,,"On the Settlement Date, CPCo issued (i) $227,925,000 in aggregate principal amount of its 4.400% Notes due 2027, (ii) $58,635,000 in aggregate principal amount of its 5.300% Notes due 2029, (iii) $102,042,000 in aggregate principal amount of its 6.800% Notes due 2032, (iv) $63,047,000 in aggregate principal amount of its 5.700% Notes due 2034, (v) $259,050,000 in aggregate principal amount of its 6.600% Notes due 2037, and (vi) $151,419,000 in aggregate principal amount of its 5.200% Notes due 2045 (collectively, the 'New Notes').",https://www.sec.gov/Archives/edgar/data/1163165/0001104659-24-132514.txt
0001193125-25-004476,debt_issuance,AVGO,2025-01-10,,,,"the Company agreed to issue and sell to the Underwriters $3,000,000,000 aggregate principal amount of its senior notes, consisting of $1,100,000,000 aggregate principal amount of its 4.800% senior notes due 2028, $800,000,000 aggregate principal amount of its 5.050% senior notes due 2030 and $1,100,000,000 aggregate principal amount of its 5.200% senior notes due 2032.",https://www.sec.gov/Archives/edgar/data/1730168/0001193125-25-004476.txt
0000092122-25-000008,debt_issuance,SO,2025-01-13,,,,"The Southern Company entered into an Underwriting Agreement covering the issue and sale of $500,000,000 aggregate principal amount of its Series 2025A 6.50% Junior Subordinated Notes due March 15, 2085, with an option to purchase up to an additional $75,000,000, resulting in a total issuance of $565,000,000 aggregate principal amount.",https://www.sec.gov/Archives/edgar/data/92122/0000092122-25-000008.txt
0001558370-25-000246,debt_issuance,DE,2025-01-16,,,,"Deere & Company (the ""Company"") agreed to sell $1,250,000,000 aggregate principal amount of 5.450% Notes due January 16, 2035 (the ""2035 Notes""), and $750,000,000 aggregate principal amount of 5.700% Notes due January 19, 2055 (the ""2055 Notes""). Interest on the 2035 Notes is payable on January 16 and July 16 of each year, beginning on July 16, 2025, and interest on the 2055 Notes is payable on January 19 and July 19 of each year, beginning on July 19, 2025. The Notes are unsecured and have the same rank as the Company's other unsecured and unsubordinated debt.",https://www.sec.gov/Archives/edgar/data/315189/0001558370-25-000246.txt
0001193125-25-008409,debt_issuance,ADBE,2025-01-17,,,,"Adobe entered into an underwriting agreement providing for the issuance and sale of (i) $800,000,000 aggregate principal amount of 4.750% Notes due 2028, (ii) $700,000,000 aggregate principal amount of 4.950% Notes due 2030 and (iii) $500,000,000 aggregate principal amount of 5.300% Notes due 2035. The net proceeds from the sale of the Notes were approximately $1.99 billion after deducting underwriting discounts and estimated offering expenses.",https://www.sec.gov/Archives/edgar/data/796343/0001193125-25-008409.txt
0001193125-25-012199,debt_issuance,WFC,2025-01-24,,,,"On January 24, 2025, the Company issued the following Medium-Term Notes, Series W: (i) $3,000,000,000 Senior Redeemable Fixed-to-Floating Rate Notes due January 24, 2031; (ii) $2,350,000,000 Senior Redeemable Fixed-to-Floating Rate Notes due January 24, 2028; and (iii) $650,000,000 Senior Redeemable Floating Rate Notes due January 24, 2028.",https://www.sec.gov/Archives/edgar/data/72971/0001193125-25-012199.txt
0001193125-25-012304,debt_issuance,C,2025-01-24,,,,"Terms Agreement, dated January 16, 2025, among Citigroup Inc. (the ""Company"") and the underwriters named therein, relating to the offer and sale of the Company's 6.020% Fixed Rate / Floating Rate Callable Subordinated Notes due January 24, 2036.",https://www.sec.gov/Archives/edgar/data/831001/0001193125-25-012304.txt
0001193125-25-012230,debt_issuance,JPM,2025-01-24,,,,"JPMorgan Chase & Co. closed public offerings of (i) $750,000,000 aggregate principal amount of Floating Rate Notes due 2029, (ii) $2,000,000,000 aggregate principal amount of Fixed-to-Floating Rate Notes due 2029, (iii) $2,500,000,000 aggregate principal amount of Fixed-to-Floating Rate Notes due 2031 and (iv) $2,750,000,000 aggregate principal amount of Fixed-to-Floating Rate Notes due 2036.",https://www.sec.gov/Archives/edgar/data/19617/0001193125-25-012230.txt
0001193125-25-014385,debt_issuance,GS,2025-01-28,,,,"The Goldman Sachs Group, Inc. issued $400,000,000 Floating Rate Notes due 2031, $2,100,000,000 5.207% Fixed/Floating Rate Notes due 2031, $3,000,000,000 5.536% Fixed/Floating Rate Notes due 2036, and $3,000,000,000 5.734% Fixed/Floating Rate Notes due 2056 on January 28, 2025 pursuant to the Company's shelf registration statement on Form S-3.",https://www.sec.gov/Archives/edgar/data/886982/0001193125-25-014385.txt
0000004962-25-000011,debt_issuance,AXP,2025-01-30,,,,"issuance by American Express Company (the ""Company""), on January 30, 2025, of $1,450,000,000 aggregate principal amount of 5.085% Fixed-to-Floating Rate Notes due January 30, 2031, $1,250,000,000 aggregate principal amount of 5.442% Fixed-to-Floating Rate Notes due January 30, 2036 and $300,000,000 aggregate principal amount of Floating Rate Notes due January 30, 2031 pursuant to a Prospectus Supplement dated January 28, 2025",https://www.sec.gov/Archives/edgar/data/4962/0000004962-25-000011.txt
0001193125-25-017228,debt_issuance,COF,2025-01-30,,,,"Capital One Financial Corporation (the ""Company"") closed the public offering of $1,750,000,000 aggregate principal amount of its 6.183% Fixed-to-Floating Rate Subordinated Notes due 2036 (the ""Notes""), pursuant to an underwriting agreement (the ""Underwriting Agreement""), dated January 28, 2025, with Goldman Sachs & Co. LLC, J.P. Morgan Securities LLC, Morgan Stanley & Co. LLC, Wells Fargo Securities, LLC and Capital One Securities, Inc., as representatives of the several underwriters listed therein.",https://www.sec.gov/Archives/edgar/data/927628/0001193125-25-017228.txt
0001193125-25-019281,debt_issuance,ORCL,2025-02-03,,,,"On February 3, 2025, Oracle Corporation consummated the issuance and sale of $500,000,000 aggregate principal amount of its Floating Rate Notes due 2028, $1,500,000,000 aggregate principal amount of its 4.800% Notes due 2028, $1,250,000,000 aggregate principal amount of its 5.250% Notes due 2032, $1,750,000,000 aggregate principal amount of its 5.500% Notes due 2035, $1,750,000,000 aggregate principal amount of its 6.000% Notes due 2055 and $1,000,000,000 aggregate principal amount of its 6.125% Notes due 2065 (collectively, the 'Notes'), pursuant to an underwriting agreement dated January 30, 2025.",https://www.sec.gov/Archives/edgar/data/1341439/0001193125-25-019281.txt
0000753308-25-000005,debt_issuance,NEE,2025-02-04,,,,"NextEra Energy Capital Holdings, Inc., a wholly-owned subsidiary of NextEra Energy, Inc. (NEE), sold $1 billion principal amount of its 4.85% Debentures, Series due February 4, 2028, $1 billion principal amount of its 5.05% Debentures, Series due March 15, 2030, $750 million principal amount of its 5.30% Debentures, Series due March 15, 2032, $1 billion principal amount of its 5.45% Debentures, Series due March 15, 2035, $750 million principal amount of its 5.90% Debentures, Series due March 15, 2055 (Fixed Rate Debentures) and $500 million of its Floating Rate Debentures, Series due February 4, 2028. The Floating Rate Debentures will bear interest at a rate equal to Compounded SOFR plus 0.80%.",https://www.sec.gov/Archives/edgar/data/753308/0000753308-25-000005.txt
0000753308-25-000008,debt_issuance,NEE,2025-02-06,,,,"NextEra Energy Capital Holdings, Inc. (NEECH), a wholly-owned subsidiary of NextEra Energy, Inc. (NEE), sold $1.5 billion principal amount of its Series S Junior Subordinated Debentures due August 15, 2055 and $1 billion principal amount of its Series T Junior Subordinated Debenture due August 15, 2055. The Series S Junior Subordinated Debentures bear interest at a rate of 6.375% to August 15, 2030 and thereafter will bear interest at a rate equal to the Five-Year Treasury Rate plus 2.053%, reset every five years, and the Series T Junior Subordinated Debentures bear interest at a rate of 6.50% to August 15, 2035 and thereafter will bear interest at a rate equal to the Five-Year Treasury Rate plus 1.979%, reset every five years.",https://www.sec.gov/Archives/edgar/data/753308/0000753308-25-000008.txt
0001193125-25-021816,debt_issuance,MO,2025-02-06,,,,"On February 6, 2025, Altria Group, Inc. (the ""Company"") issued $500,000,000 aggregate principal amount of its 4.875% Notes due 2028 (the ""2028 Notes"") and $500,000,000 aggregate principal amount of its 5.625% Notes due 2035 (the ""2035 Notes""). Interest on the 2028 Notes is payable semiannually on February 4 and August 4 of each year, commencing August 4, 2025. The 2028 Notes will mature on February 4, 2028 and the 2035 Notes will mature on February 6, 2035.",https://www.sec.gov/Archives/edgar/data/764180/0001193125-25-021816.txt
0001104659-25-010578,debt_issuance,PEP,2025-02-07,,,,"PepsiCo announced an offering of $500,000,000 aggregate principal amount of its 4.400% Senior Notes due 2027, $750,000,000 aggregate principal amount of its 4.450% Senior Notes due 2028, $1,000,000,000 aggregate principal amount of its 4.600% Senior Notes due 2030 and $1,250,000,000 aggregate principal amount of its 5.000% Senior Notes due 2035. PepsiCo received net proceeds of approximately $3,483 million, after deducting underwriting discounts and estimated offering expenses payable by PepsiCo. The net proceeds will be used for general corporate purposes, including the repayment of commercial paper.",https://www.sec.gov/Archives/edgar/data/77476/0001104659-25-010578.txt
0001193125-25-024378,debt_issuance,BK,2025-02-11,,,,"The Bank of New York Mellon Corporation issued $1,250,000,000 aggregate principal amount of its 4.942% Fixed Rate / Floating Rate Callable Senior Medium-Term Notes Series J due 2031 (the ""Notes""). The Notes were registered under the Securities Act of 1933, as amended, pursuant to a registration statement on Form S-3.",https://www.sec.gov/Archives/edgar/data/1390777/0001193125-25-024378.txt
0001193125-25-024359,debt_issuance,TMUS,2025-02-11,,,,"T-Mobile USA, Inc. closed an underwritten public offering of €1.0 billion in aggregate principal amount of its 3.150% Senior Notes due 2032, €1.0 billion in aggregate principal amount of its 3.500% Senior Notes due 2037 and €750 million in aggregate principal amount of its 3.800% Senior Notes due 2045 pursuant to an underwriting agreement, dated February 4, 2025.",https://www.sec.gov/Archives/edgar/data/1283699/0001193125-25-024359.txt
0001193125-25-025057,debt_issuance,LLY,2025-02-12,,,,"Eli Lilly and Company entered into an underwriting agreement for the issuance and sale by the Company of $1,000,000,000 aggregate principal amount of its 4.550% Notes due 2028, $1,250,000,000 aggregate principal amount of its 4.750% Notes due 2030, $1,000,000,000 aggregate principal amount of its 4.900% Notes due 2032, $1,250,000,000 aggregate principal amount of its 5.100% Notes due 2035, $1,250,000,000 aggregate principal amount of its 5.500% Notes due 2055 and $750,000,000 aggregate principal amount of its 5.600% Notes due 2065.",https://www.sec.gov/Archives/edgar/data/59478/0001193125-25-025057.txt
0000100885-25-000077,debt_issuance,UNP,2025-02-13,,,,"Union Pacific Corporation entered into an Underwriting Agreement for the sale of $1,000,000,000 in aggregate principal amount of its 5.100% Notes due 2035 and $1,000,000,000 in aggregate principal amount of its 5.600% Notes due 2054. The Notes are issuable pursuant to an Indenture, dated as of April 1, 1999.",https://www.sec.gov/Archives/edgar/data/100885/0000100885-25-000077.txt
0001193125-25-028599,debt_issuance,LIN,2025-02-18,,,,"On February 18, 2025, Linde plc (the ""Company"") issued €850 million aggregate principal amount of 2.625% Notes due 2029, issued €750 million aggregate principal amount of 3.000% Notes due 2033 and issued €650 million aggregate principal amount of 3.250% Notes due 2037. The net proceeds of the offering were approximately €2,234 million, after giving effect to the fees to the Managers but before other fees and expenses of the offering.",https://www.sec.gov/Archives/edgar/data/1707925/0001193125-25-028599.txt
0001104659-25-015015,debt_issuance,ABBV,2025-02-19,,,,"AbbVie agreed to issue and sell to the Underwriters $1,250,000,000 in aggregate principal amount of its 4.650% senior notes due 2028, $1,000,000,000 in aggregate principal amount of its 4.875% senior notes due 2030, $1,000,000,000 in aggregate principal amount of its 5.2000% senior notes due 2035 and $750,000,000 in aggregate principal amount of its 5.600% senior notes due 2055.",https://www.sec.gov/Archives/edgar/data/1551152/0001104659-25-015015.txt
0001193125-25-030851,debt_issuance,JNJ,2025-02-20,,,,"Johnson & Johnson completed the previously announced public offerings of: (1) $750,000,000 aggregate principal amount of 4.500% Notes due 2027; (2) $750,000,000 aggregate principal amount of 4.550% Notes due 2028; (3) $1,000,000,000 aggregate principal amount of 4.700% Notes due 2030; (4) $1,250,000,000 aggregate principal amount of 4.850% Notes due 2032; and (5) $1,250,000,000 aggregate principal amount of 5.000% Notes due 2035.",https://www.sec.gov/Archives/edgar/data/200406/0001193125-25-030851.txt
0001193125-25-033389,debt_issuance,CSCO,2025-02-24,,,,"On February 24, 2025, Cisco Systems, Inc. (the ""Company"") issued $1,000,000,000 principal amount of its 4.550% Senior Notes due 2028, $1,000,000,000 principal amount of its 4.750% Senior Notes due 2030, $1,000,000,000 principal amount of its 4.950% Senior Notes due 2032, $1,250,000,000 principal amount of its 5.100% Senior Notes due 2035 and $750,000,000 principal amount of its 5.500% Senior Notes due 2055. The Notes are governed by an Indenture...between the Company and The Bank of New York Mellon Trust Company, N.A., the trustee.",https://www.sec.gov/Archives/edgar/data/858877/0001193125-25-033389.txt
0001193125-25-036821,debt_issuance,CVX,2025-02-26,,,,"On February 26, 2025, Chevron U.S.A. Inc. issued its 4.405% Notes Due 2027 in the aggregate principal amount of $750,000,000, its Floating Rate Notes Due 2027 in the aggregate principal amount of $750,000,000, its 4.475% Notes Due 2028 in the aggregate principal amount of $1,000,000,000, its Floating Rate Notes Due 2028 in the aggregate principal amount of $500,000,000, its 4.687% Notes Due 2030 in the aggregate principal amount of $1,100,000,000, its 4.819% Notes Due 2032 in the aggregate principal amount of $650,000,000, and its 4.980% Notes Due 2035 in the aggregate principal amount of $750,000,000.",https://www.sec.gov/Archives/edgar/data/93410/0001193125-25-036821.txt
0001193125-25-036894,debt_issuance,FDX,2025-02-26,,,,"In connection with the settlement of the Exchange Offers and Consent Solicitations, on February 26, 2025, FedEx issued the following Notes in exchange for Existing Notes of the corresponding series tendered and accepted by FedEx: [detailed list of USD and Euro Notes with principal amounts, interest rates, and maturity dates ranging from 2028 to 2065].",https://www.sec.gov/Archives/edgar/data/1048911/0001193125-25-036894.txt
0001193125-25-036773,debt_issuance,JNJ,2025-02-26,,,,"Johnson & Johnson completed the previously announced public offerings of €600,000,000 aggregate principal amount of 2.700% Notes due 2029, €700,000,000 aggregate principal amount of 3.050% Notes due 2033, €1,000,000,000 aggregate principal amount of 3.350% Notes due 2037, €700,000,000 aggregate principal amount of 3.600% Notes due 2045, and €1,000,000,000 aggregate principal amount of 3.700% Notes due 2055.",https://www.sec.gov/Archives/edgar/data/200406/0001193125-25-036773.txt
0001104659-25-017490,debt_issuance,ABBV,2025-02-26,,,,"AbbVie completed its previously announced underwritten public offering of $1,250,000,000 in aggregate principal amount of its 4.650% senior notes due 2028, $1,000,000,000 in aggregate principal amount of its 4.875% senior notes due 2030, $1,000,000,000 in aggregate principal amount of its 5.200% senior notes due 2035 and $750,000,000 in aggregate principal amount of its 5.600% senior notes due 2055. The Notes are unsecured, unsubordinated obligations of AbbVie and will rank equally in right of payment with all of AbbVie's existing and future unsecured, unsubordinated indebtedness.",https://www.sec.gov/Archives/edgar/data/1551152/0001104659-25-017490.txt
0001193125-25-039253,debt_issuance,MA,2025-02-27,,,,"Mastercard Incorporated completed an offering of $300,000,000 aggregate principal amount of its Floating Rate Notes due 2028, $450,000,000 aggregate principal amount of its 4.550% Notes due 2028 and $500,000,000 aggregate principal amount of its 4.950% Notes due 2032.",https://www.sec.gov/Archives/edgar/data/1141391/0001193125-25-039253.txt
0001140361-25-006525,debt_issuance,EMR,2025-02-28,,,,"On February 25, 2025, Emerson Electric Co. entered into a pricing agreement in connection with the public offering of €500,000,000 aggregate principal amount of the Company's 3.000% Notes due 2031 and €500,000,000 aggregate principal amount of the Company's 3.500% Notes due 2037, and $500,000,000 aggregate principal amount of the Company's 5.000% Notes due 2035. The closing is expected to occur on March 4, 2025.",https://www.sec.gov/Archives/edgar/data/32604/0001140361-25-006525.txt
0000092122-25-000028,debt_issuance,SO,2025-02-28,,,,"The Southern Company entered into an Underwriting Agreement covering the issue and sale of $1,800,000,000 aggregate principal amount of its Series 2025B 6.375% Fixed-to-Fixed Reset Rate Junior Subordinated Notes due March 15, 2055.",https://www.sec.gov/Archives/edgar/data/92122/0000092122-25-000028.txt
0001140361-25-006938,debt_issuance,EMR,2025-03-04,,,,"On March 4, 2025, Emerson Electric Co. completed its previously announced public offering of €500,000,000 aggregate principal amount of the Company's 3.000% Notes due 2031 and €500,000,000 aggregate principal amount of the Company's 3.500% Notes due 2037, and its previously announced public offering of $500,000,000 aggregate principal amount of the Company's 5.000% Notes due 2035.",https://www.sec.gov/Archives/edgar/data/32604/0001140361-25-006938.txt
0001193125-25-045581,debt_issuance,C,2025-03-04,,,,"Terms Agreement, dated February 25, 2025, among Citigroup Inc. (the ""Company"") and the underwriters named therein, relating to the offer and sale of the Company's 4.786% Fixed Rate / Floating Rate Senior Notes due March 4, 2029; 5.612% Fixed Rate / Floating Rate Senior Notes due March 4, 2056; and Floating Rate Senior Notes due March 4, 2029.",https://www.sec.gov/Archives/edgar/data/831001/0001193125-25-045581.txt
0000063908-25-000014,debt_issuance,MCD,2025-03-04,,,,"McDonald's Corporation issued $600,000,000 of its 4.600% Medium-Term Notes due 2030 and $900,000,000 of its 4.950% Medium-Term Notes due 2035. The Notes were issued pursuant to the Company's medium-term notes program, as set forth in the Company's Registration Statement on Form S-3.",https://www.sec.gov/Archives/edgar/data/63908/0000063908-25-000014.txt
0001193125-25-045644,debt_issuance,MET,2025-03-04,,,,"the Trust completed the issuance and sale of 1,250,000 of its Pre-Capitalized Trust Securities redeemable February 15, 2055 (the ""P-Caps"") for an aggregate purchase price of $1,250,000,000 in private placements pursuant to Rule 144A under the Securities Act of 1933, as amended (the ""Securities Act""), as a contingent funding arrangement that provides the Company the right at any time over a thirty-year period to issue its 5.740% Senior Notes due 2055 (the ""Senior Notes"") to the Trust, at its election.",https://www.sec.gov/Archives/edgar/data/1099219/0001193125-25-045644.txt
0001193125-25-048492,debt_issuance,PYPL,2025-03-06,,,,"On March 6, 2025, PayPal Holdings, Inc. (the ""Company"") issued and sold $1.5 billion aggregate principal amount of senior notes, consisting of $450,000,000 aggregate principal amount of floating rate notes due 2028, $450,000,000 aggregate principal amount of 4.450% notes due 2028 and $600,000,000 aggregate principal amount of 5.100% notes due 2035.",https://www.sec.gov/Archives/edgar/data/1633917/0001193125-25-048492.txt
0001053507-25-000044,debt_issuance,AMT,2025-03-11,,,,"American Tower Corporation issued a press release announcing that it had priced its registered public offering of senior unsecured notes due 2030 (the ""2030 notes"") in an aggregate principal amount of $650.0 million and senior unsecured notes due 2035 (the ""2035 notes"") in an aggregate principal amount of $350.0 million. The 2030 notes will have an interest rate of 4.900% per annum and are being issued at a price equal to 99.846% of their face value. The 2035 notes will have an interest rate of 5.350% per annum and are being issued at a price equal to 99.724% of their face value.",https://www.sec.gov/Archives/edgar/data/1053507/0001053507-25-000044.txt
0001193125-25-052173,debt_issuance,AMD,2025-03-12,,,,"Advanced Micro Devices, Inc. entered into an underwriting agreement relating to the public offering by the Company of $1.5 billion aggregate principal amount of senior notes, consisting of $875 million aggregate principal amount of its 4.212% Senior Notes due 2026 and $625 million aggregate principal amount of its 4.319% Senior Notes due 2028. The 2026 Notes will mature on September 24, 2026 and will bear interest at a rate of 4.212% per annum, and the 2028 Notes will mature on March 24, 2028 and will bear interest at a rate of 4.319% per annum.",https://www.sec.gov/Archives/edgar/data/2488/0001193125-25-052173.txt
0001193125-25-053957,debt_issuance,MET,2025-03-13,,,,"On March 13, 2025, MetLife, Inc. (the ""Company"") issued $1,000,000,000 aggregate principal amount of its 6.350% Fixed-to-Fixed Reset Rate Subordinated Debentures due 2055 (the ""Debentures""). The Debentures were issued pursuant to the Indenture, dated as of June 21, 2005... as supplemented by the Thirteenth Supplemental Indenture, dated as of March 13, 2025, with respect to the Debentures.",https://www.sec.gov/Archives/edgar/data/1099219/0001193125-25-053957.txt
0001104659-25-023448,debt_issuance,MMM,2025-03-13,,,,"3M Company entered into an Underwriting Agreement relating to the sale of $550,000,000 aggregate principal amount of the Company's 4.800% Notes due 2030 and $550,000,000 aggregate principal amount of the Company's 5.150% Notes due 2035. The closing of the offering of Notes occurred on March 13, 2025.",https://www.sec.gov/Archives/edgar/data/66740/0001104659-25-023448.txt
0001193125-25-054806,debt_issuance,AMT,2025-03-14,,,,"American Tower Corporation (the ""Company"") completed a registered public offering of $650.0 million aggregate principal amount of its 4.900% senior unsecured notes due 2030 (the ""2030 notes"") and $350.0 million aggregate principal amount of its 5.350% senior unsecured notes due 2035 (the ""2035 notes"" and, together with the 2030 notes, the ""Notes""), which resulted in aggregate net proceeds to the Company of approximately $988.9 million, after deducting commissions and estimated expenses.",https://www.sec.gov/Archives/edgar/data/1053507/0001193125-25-054806.txt
0001193125-25-061366,debt_issuance,AMD,2025-03-24,,,,"On March 24, 2025 (the ""Closing Date""), Advanced Micro Devices, Inc. (the ""Company"") closed its previously announced public offering (the ""Offering"") of $1.5 billion aggregate principal amount of senior notes, consisting of $875 million aggregate principal amount of its 4.212% Senior Notes due 2026 (the ""2026 Notes"") and $625 million aggregate principal amount of its 4.319% Senior Notes due 2028 (the ""2028 Notes""). The 2026 Notes mature on September 24, 2026 and bear interest at a rate of 4.212% per annum and the 2028 Notes mature on March 24, 2028 and bear interest at a rate of 4.319% per annum.",https://www.sec.gov/Archives/edgar/data/2488/0001193125-25-061366.txt
0001628280-25-014713,debt_issuance,TGT,2025-03-25,,,,"Target Corporation closed the sale of $1.0 billion aggregate principal amount of its 5.000% Notes due 2035 pursuant to an Underwriting Agreement dated March 20, 2025 among Target and Citigroup Global Markets Inc., Deutsche Bank Securities Inc., and Wells Fargo Securities, LLC, as representatives of the several underwriters.",https://www.sec.gov/Archives/edgar/data/27419/0001628280-25-014713.txt
0001193125-25-064112,debt_issuance,BLK,2025-03-26,,,,"BlackRock agreed to sell to the Underwriters €1,000,000,000 aggregate principal amount of its 3.750% Notes due 2035 (the ""Notes""), for resale by the Underwriters (the ""Offering"") pursuant to BlackRock's registration statement on Form S-3. The Notes are expected to be issued on or around April 3, 2025.",https://www.sec.gov/Archives/edgar/data/2012383/0001193125-25-064112.txt
0001193125-25-065576,debt_issuance,TMUS,2025-03-27,,,,"On March 27, 2025, T-Mobile USA, Inc. closed an underwritten public offering of $1.25 billion in aggregate principal amount of its 5.125% Senior Notes due 2032, $1.0 billion in aggregate principal amount of its 5.300% Senior Notes due 2035 and $1.25 billion in aggregate principal amount of its 5.875% Senior Notes due 2055 pursuant to an underwriting agreement, dated March 24, 2025.",https://www.sec.gov/Archives/edgar/data/1283699/0001193125-25-065576.txt
0001193125-25-065496,debt_issuance,C,2025-03-27,,,,"Terms Agreement, dated March 20, 2025, among Citigroup Inc. (the ""Company"") and the underwriters named therein, relating to the offer and sale of the Company's 5.333% Fixed Rate / Floating Rate Senior Notes due March 27, 2036.",https://www.sec.gov/Archives/edgar/data/831001/0001193125-25-065496.txt
0001193125-25-068736,debt_issuance,T,2025-03-31,,,,"AT&T closed its sale of €1,000,000,000 aggregate principal amount of its 3.150% Global Notes due 2030, €1,000,000,000 aggregate principal amount of its 3.600% Global Notes due 2033 and €750,000,000 aggregate principal amount of its 4.050% Global Notes due 2037 pursuant to an Underwriting Agreement, dated March 24, 2025.",https://www.sec.gov/Archives/edgar/data/732717/0001193125-25-068736.txt
0001193125-25-070417,debt_issuance,XOM,2025-04-01,,,,"Exxon Mobil Corporation entered into an underwriting agreement for the issuance and sale by the Company of $192,803,000 aggregate principal amount of its Floating Rate Notes due 2075.",https://www.sec.gov/Archives/edgar/data/34088/0001193125-25-070417.txt
0001193125-25-072429,debt_issuance,BLK,2025-04-03,,,,"BlackRock completed its underwritten public offering of €1,000,000,000 aggregate principal amount of 3.750% Notes due 2035. The Notes are BlackRock's unsecured and unsubordinated debt obligations and are fully and unconditionally guaranteed, on a senior unsecured basis, by BlackRock Finance, Inc.",https://www.sec.gov/Archives/edgar/data/2012383/0001193125-25-072429.txt
0001193125-25-084458,debt_issuance,BRK.B,2025-04-17,,,,"On April 17, 2025, Berkshire Hathaway Inc. issued (i) ¥48,600,000,000 aggregate principal amount of its 1.352% Senior Notes due 2028, (ii) ¥19,500,000,000 aggregate principal amount of its 1.593% Senior Notes due 2030, (iii) ¥3,500,000,000 aggregate principal amount of its 1.797% Senior Notes due 2032, (iv) ¥9,100,000,000 aggregate principal amount of its 2.090% Senior Notes due 2035, (v) ¥6,000,000,000 aggregate principal amount of its 2.492% Senior Notes due 2040 and (vi) ¥3,300,000,000 aggregate principal amount of its 3.117% Senior Notes due 2055 under a registration statement on Form S-3.",https://www.sec.gov/Archives/edgar/data/1067983/0001193125-25-084458.txt
0001193125-25-089203,debt_issuance,JPM,2025-04-22,,,,"JPMorgan Chase & Co. closed public offerings of (i) $2,500,000,000 aggregate principal amount of Fixed-to-Floating Rate Notes due 2031 and (ii) $3,500,000,000 aggregate principal amount of Fixed-to-Floating Rate Notes due 2036. The offerings of the Notes were registered under the Securities Act of 1933, as amended, pursuant to a registration statement on Form S-3.",https://www.sec.gov/Archives/edgar/data/19617/0001193125-25-089203.txt
0001193125-25-091460,debt_issuance,WFC,2025-04-23,,,,"On April 23, 2025, the Company issued the following Medium-Term Notes, Series W: (i) $3,000,000,000 Senior Redeemable Fixed-to-Floating Rate Notes due April 23, 2036; (ii) $2,250,000,000 Senior Redeemable Fixed-to-Floating Rate Notes due April 23, 2031; (iii) $2,250,000,000 Senior Redeemable Fixed-to-Floating Rate Notes due April 23, 2029; and (iv) $500,000,000 Senior Redeemable Floating Rate Notes due April 23, 2029.",https://www.sec.gov/Archives/edgar/data/72971/0001193125-25-091460.txt
0001193125-25-091404,debt_issuance,GS,2025-04-23,,,,"issuance of the following debt securities by The Goldman Sachs Group, Inc. (the ""Company"") on April 23, 2025: $500,000,000 Floating Rate Notes due 2028, $2,500,000,000 4.937% Fixed/Floating Rate Notes due 2028, and $3,000,000,000 5.218% Fixed/Floating Rate Notes due 2031",https://www.sec.gov/Archives/edgar/data/886982/0001193125-25-091404.txt
0000004962-25-000048,debt_issuance,AXP,2025-04-25,,,,"issuance by American Express Company (the ""Company""), on April 25, 2025, of $1,600,000,000 aggregate principal amount of 4.731% Fixed-to-Floating Rate Notes due April 25, 2029, $1,500,000,000 aggregate principal amount of 5.016% Fixed-to-Floating Rate Notes due April 25, 2031, $1,500,000,000 aggregate principal amount of 5.667% Fixed-to-Floating Rate Notes due April 25, 2036 and $400,000,000 aggregate principal amount of Floating Rate Notes due April 25, 2029",https://www.sec.gov/Archives/edgar/data/4962/0000004962-25-000048.txt
0001193125-25-098253,debt_issuance,WMT,2025-04-28,,,,"Walmart Inc. has agreed to sell to the Underwriters $750,000,000 aggregate principal amount of Floating Rate Notes Due 2027, $750,000,000 of 4.100% Notes Due 2027, $1,000,000,000 of 4.350% Notes Due 2030 and $1,500,000,000 of 4.900% Notes Due 2035. The Notes will be senior, unsecured debt securities of the Company and will rank equally with each other and with all of the other senior, unsecured debt obligations of the Company.",https://www.sec.gov/Archives/edgar/data/104169/0001193125-25-098253.txt
0001193125-25-103770,debt_issuance,C,2025-04-29,,,,"Terms Agreement, dated April 22, 2025, among Citigroup Inc. (the ""Company"") and the underwriters named therein, relating to the offer and sale of the Company's 4.113% Fixed Rate / Floating Rate Senior Notes due April 29, 2036 and Floating Rate Senior Notes due April 29, 2029.",https://www.sec.gov/Archives/edgar/data/831001/0001193125-25-103770.txt
0001104659-25-042567,debt_issuance,PM,2025-04-30,,,,"On April 30, 2025, Philip Morris International Inc. ('PMI') issued $400,000,000 aggregate principal amount of its Floating Rate Notes due 2028, $750,000,000 aggregate principal amount of its 4.125% Notes due 2028, $750,000,000 aggregate principal amount of its 4.375% Notes due 2030 and $600,000,000 aggregate principal amount of its 4.875% Notes due 2035.",https://www.sec.gov/Archives/edgar/data/1413329/0001104659-25-042567.txt
0001193125-25-110020,debt_issuance,GOOGL,2025-05-01,,,,"Alphabet Inc. closed its underwritten public offering of $750,000,000 aggregate principal amount of 4.000% notes due 2030, $1,250,000,000 aggregate principal amount of 4.500% notes due 2035, $1,500,000,000 aggregate principal amount of 5.250% notes due 2055 and $1,500,000,000 aggregate principal amount of 5.300% notes due 2065 pursuant to Alphabet's registration statement on Form S-3.",https://www.sec.gov/Archives/edgar/data/1652044/0001193125-25-110020.txt
0001193125-25-110040,debt_issuance,PG,2025-05-01,,,,"The Procter & Gamble Company closed an underwritten public offering of $700,000,000 aggregate principal amount of 4.050% Notes due May 1, 2030 and $550,000,000 aggregate principal amount of 4.600% Notes due May 1, 2035 under the Company's Registration Statement on Form S-3.",https://www.sec.gov/Archives/edgar/data/80424/0001193125-25-110040.txt
0001104659-25-044105,debt_issuance,CL,2025-05-02,,,,"Colgate-Palmolive Company executed an underwriting agreement with Citigroup Global Markets Inc. and Scotia Capital (USA) Inc. with regard to the issuance and sale by the Company of $500,000,000 aggregate principal amount of its 4.200% Senior Notes due 2030.",https://www.sec.gov/Archives/edgar/data/21665/0001104659-25-044105.txt
0001193125-25-113864,debt_issuance,GOOGL,2025-05-06,,,,"Alphabet Inc. closed its underwritten public offering of €1,500,000,000 aggregate principal amount of 2.500% notes due 2029, €1,500,000,000 aggregate principal amount of 3.000% notes due 2033, €1,250,000,000 aggregate principal amount of 3.375% notes due 2037, €1,250,000,000 aggregate principal amount of 3.875% notes due 2045 and €1,250,000,000 aggregate principal amount of 4.000% notes due 2054 pursuant to Alphabet's registration statement on Form S-3.",https://www.sec.gov/Archives/edgar/data/1652044/0001193125-25-113864.txt
0001628280-25-022707,debt_issuance,MDLZ,2025-05-06,,,,"On May 6, 2025, we issued an aggregate principal amount of $1.6 billion of the Notes. The Notes were issued pursuant to an Indenture, dated as of March 6, 2015...senior notes due 2028 (the '2028 Notes'), senior notes due 2030 (the '2030 Notes') and senior notes due 2035 (the '2035 Notes').",https://www.sec.gov/Archives/edgar/data/1103982/0001628280-25-022707.txt
0001104659-25-045555,debt_issuance,AIG,2025-05-07,,,,"On May 7, 2025, American International Group, Inc. (""AIG"") closed the sale of $625,000,000 aggregate principal amount of its 4.850% Notes Due 2030 (the ""2030 Notes"") and $625,000,000 aggregate principal amount of its 5.450% Notes Due 2035 (the ""2035 Notes"" and, together with the 2030 Notes, the ""Notes"").",https://www.sec.gov/Archives/edgar/data/5272/0001104659-25-045555.txt
0001193125-25-114881,debt_issuance,C,2025-05-07,,,,"Terms Agreement, dated May 1, 2025, among Citigroup Inc. (the ""Company"") and the underwriters named therein, relating to the offer and sale of the Company's 4.643% Fixed Rate / Floating Rate Senior Notes due May 7, 2028; 4.952% Fixed Rate / Floating Rate Senior Notes due May 7, 2031; Floating Rate Senior Notes due May 7, 2028; and Floating Rate Senior Notes due May 7, 2031.",https://www.sec.gov/Archives/edgar/data/831001/0001193125-25-114881.txt
0001193125-25-114935,debt_issuance,GM,2025-05-07,,,,"the Company agreed to sell to the Underwriters, and the Underwriters agreed to purchase from the Company, $2.0 billion aggregate principal amount of the Company's senior notes, consisting of $750.0 million aggregate principal amount of 5.350% Senior Notes due 2028, $750.0 million aggregate principal amount of the Company's 5.625% Senior Notes due 2030 and $500.0 million aggregate principal amount of 6.250% Senior Notes due 2035",https://www.sec.gov/Archives/edgar/data/1467858/0001193125-25-114935.txt
0001193125-25-114911,debt_issuance,GD,2025-05-07,,,,"On May 7, 2025, General Dynamics Corporation (the ""Corporation"") completed the sale of $750,000,000 aggregate principal amount of 4.950% Notes due 2035 (the ""notes""). The notes were issued pursuant to the Fourth Supplemental Indenture, dated as of May 7, 2025, under the Indenture, dated as of March 22, 2018.",https://www.sec.gov/Archives/edgar/data/40533/0001193125-25-114911.txt
0001193125-25-115996,debt_issuance,CMCSA,2025-05-08,,,,"On May 8, 2025, Comcast Corporation consummated the issuance and sale of $650,000,000 aggregate principal amount of its 4.950% Notes due 2032, $850,000,000 aggregate principal amount of its 5.300% Notes due 2035 and $1,000,000,000 aggregate principal amount of its 6.050% Notes due 2055, pursuant to an underwriting agreement dated May 5, 2025.",https://www.sec.gov/Archives/edgar/data/1166691/0001193125-25-115996.txt
0001213900-25-041096,debt_issuance,SBUX,2025-05-08,,,,"Starbucks completed a public offering of (i) $750,000,000 aggregate principal amount of its 4.500% Senior Notes due 2028, (ii) $500,000,000 aggregate principal amount of its 4.800% Senior Notes due 2030 and (iii) $500,000,000 aggregate principal amount of its 5.400% Senior Notes due 2035.",https://www.sec.gov/Archives/edgar/data/829224/0001213900-25-041096.txt
0001104659-25-046766,debt_issuance,BKNG,2025-05-09,,,,"On May 9, 2025, Booking Holdings Inc. executed three Officers' Certificates in connection with the sale of €500,000,000 aggregate principal amount of the Company's 3.125% Senior Notes due 2031, €750,000,000 aggregate principal amount of the Company's 4.125% Senior Notes due 2038, and €500,000,000 aggregate principal amount of the Company's 4.500% Senior Notes due 2046.",https://www.sec.gov/Archives/edgar/data/1075531/0001104659-25-046766.txt
0001140361-25-018400,debt_issuance,AAPL,2025-05-12,,,,"On May 12, 2025, Apple Inc. consummated the issuance and sale of $1,500,000,000 aggregate principal amount of its 4.000% Notes due 2028, $1,000,000,000 aggregate principal amount of its 4.200% Notes due 2030, $1,000,000,000 aggregate principal amount of its 4.500% Notes due 2032 and $1,000,000,000 aggregate principal amount of its 4.750% Notes due 2035, pursuant to an underwriting agreement dated May 5, 2025.",https://www.sec.gov/Archives/edgar/data/320193/0001140361-25-018400.txt
0001104659-25-048497,debt_issuance,UPS,2025-05-14,,,,"On May 12, 2025, the Company entered into an agreement (the ""Underwriting Agreement"") with the underwriters listed on Schedule II thereto (the ""Underwriters""), whereby the Company agreed to sell and the Underwriters agreed to purchase from the Company, subject to and upon the terms and conditions set forth in the Underwriting Agreement, $500,000,000 principal amount of 4.650% Senior Notes due 2030, $1,250,000,000 principal amount of 5.250% Senior Notes due 2035, $1,250,000,000 principal amount of 5.950% Senior Notes due 2055 and $1,000,000,000 principal amount of 6.050% Senior Notes due 2065 (the ""Transaction"").",https://www.sec.gov/Archives/edgar/data/1090727/0001104659-25-048497.txt
0001104659-25-049132,debt_issuance,CAT,2025-05-15,,,,"Caterpillar Inc. entered into an Underwriting Agreement with respect to the offering and sale of $1.7 billion aggregate principal amount of the Company's 5.200% Senior Notes due 2035 and $300 million aggregate principal amount of the Company's 5.500% Senior Notes due 2055. The 2035 Notes will bear interest at the rate of 5.200% per year and will mature on May 15, 2035. The 2055 Notes will bear interest at the rate of 5.500% per year and will mature on May 15, 2055.",https://www.sec.gov/Archives/edgar/data/18230/0001104659-25-049132.txt
0000753308-25-000026,debt_issuance,NEE,2025-05-15,,,,"NextEra Energy Capital Holdings, Inc. (NEECH), a wholly-owned subsidiary of NextEra Energy, Inc. (NEE), sold $875 million principal amount of its Series U Junior Subordinated Debentures due June 1, 2085. The Junior Subordinated Debentures bear interest at a rate of 6.50% per year, payable quarterly. NEECH, at its option, may redeem some or all of the Junior Subordinated Debentures beginning in June 2030.",https://www.sec.gov/Archives/edgar/data/753308/0000753308-25-000026.txt
0001628280-25-025899,debt_issuance,V,2025-05-15,,,,"On April 30, 2025, Visa Inc. announced an offering of €1,250,000,000 of its 2.250% Senior Notes due 2028, €1,000,000,000 of its 3.125% Senior Notes due 2033, €650,000,000 of its 3.500% Senior Notes due 2037, and €600,000,000 of its 3.875% Senior Notes due 2044. The Notes were issued on May 15, 2025 pursuant to an indenture dated as of December 14, 2015 between the Company and U.S. Bank Trust Company, National Association, as trustee. The Notes are unsecured obligations of the Company.",https://www.sec.gov/Archives/edgar/data/1403161/0001628280-25-025899.txt
0001193125-25-122480,debt_issuance,PFE,2025-05-19,,,,"Pfizer Netherlands International Finance B.V. completed a public offering of €750,000,000 aggregate principal amount of 2.875% Notes due 2029, €1,000,000,000 aggregate principal amount of 3.250% Notes due 2032, €750,000,000 aggregate principal amount of 3.875% Notes due 2037 and €800,000,000 aggregate principal amount of 4.250% Notes due 2045. The Notes are fully and unconditionally guaranteed on a senior unsecured basis by the Company.",https://www.sec.gov/Archives/edgar/data/78003/0001193125-25-122480.txt
0001552781-25-000191,debt_issuance,UBER,2025-05-20,,,,"On May 20, 2025, Uber Technologies, Inc. (the ""Company"") completed its previously announced private offering of $1.15 billion aggregate principal amount of its 0.0% Exchangeable Senior Notes due 2028 (the ""Notes"") to an investment bank acting as initial purchaser (the ""Initial Purchaser""), including the exercise in full by the Initial Purchaser of its option to purchase up to an additional $150.0 million aggregate principal amount of the Notes.",https://www.sec.gov/Archives/edgar/data/1543151/0001552781-25-000191.txt
0001104659-25-050984,debt_issuance,UPS,2025-05-20,,,,"On May 15, 2025, the Company entered into an agreement (the ""Underwriting Agreement"") with the underwriters listed on Schedule I thereto (the ""Underwriters""), whereby the Company agreed to sell and the Underwriters agreed to purchase from the Company, subject to and upon the terms and conditions set forth in the Underwriting Agreement, $170,673,000 principal amount of Floating Rate Senior Notes due 2075 (the ""Transaction"").",https://www.sec.gov/Archives/edgar/data/1090727/0001104659-25-050984.txt
0000004962-25-000063,debt_issuance,AXP,2025-05-20,,,,"issuance by American Express Company (the ""Company""), on May 20, 2025, of €1,000,000,000 aggregate principal amount of 3.433% Fixed-to-Floating Rate Notes due May 20, 2032 (the ""Notes"") pursuant to a Prospectus Supplement dated May 13, 2025",https://www.sec.gov/Archives/edgar/data/4962/0000004962-25-000063.txt
0000092122-25-000052,debt_issuance,SO,2025-05-21,,,,"The Southern Company issued a press release announcing the upsize and pricing of an offering of $1.45 billion aggregate principal amount of its Series 2025A 3.25% Convertible Senior Notes due June 15, 2028 (the ""Convertible Notes"") in a private offering to persons reasonably believed to be qualified institutional buyers pursuant to Rule 144A under the Securities Act of 1933, as amended, reflecting an upsize of $200 million over the previously announced offering size.",https://www.sec.gov/Archives/edgar/data/92122/0000092122-25-000052.txt
0001053507-25-000109,debt_issuance,AMT,2025-05-21,,,,"American Tower Corporation issued a press release announcing that it had priced its registered public offering of senior unsecured notes due 2032 (the ""2032 notes"") in an aggregate principal amount of 500.0 million euros. The 2032 notes will have an interest rate of 3.625% per annum and are being issued at a price equal to 99.994% of their face value.",https://www.sec.gov/Archives/edgar/data/1053507/0001053507-25-000109.txt
0001104659-25-051981,debt_issuance,QCOM,2025-05-22,,,,"the sale of $500,000,000 in aggregate principal amount of the Company's 4.500% Notes due 2030 (the 2030 Notes), $400,000,000 in aggregate principal amount of the Company's 4.750% Notes due 2032 (the 2032 Notes) and $600,000,000 in aggregate principal amount of the Company's 5.000% Notes due 2035 (the 2035 Notes). The 2030 Notes mature on May 20, 2030, the 2032 Notes mature on May 20, 2032 and the 2035 Notes mature on May 20, 2035. The 2030 Notes will bear interest at the rate of 4.500% per year, the 2032 Notes will bear interest at the rate of 4.750% per year and the 2035 Notes will bear interest at the rate of 5.000% per year.",https://www.sec.gov/Archives/edgar/data/804328/0001104659-25-051981.txt
0001193125-25-125915,debt_issuance,TXN,2025-05-23,,,,"On May 23, 2025, Texas Instruments Incorporated consummated the issuance and sale of $550,000,000 aggregate principal amount of its 4.500% Notes due 2030 and $650,000,000 aggregate principal amount of its 5.100% Notes due 2035, pursuant to an underwriting agreement dated May 20, 2025 among Texas Instruments and Barclays Capital Inc., Morgan Stanley & Co. LLC and MUFG Securities Americas Inc., as underwriters.",https://www.sec.gov/Archives/edgar/data/97476/0001193125-25-125915.txt
0000092122-25-000060,debt_issuance,SO,2025-05-27,,,,"On May 23, 2025, The Southern Company (the ""Company"") issued $1,650,000,000 aggregate principal amount of its Series 2025A 3.25% Convertible Senior Notes due June 15, 2028... Interest on the Series 2025A Convertible Senior Notes is payable semiannually in arrears on the 15th day of June and December of each year, beginning December 15, 2025. The Series 2025A Convertible Senior Notes will mature on June 15, 2028.",https://www.sec.gov/Archives/edgar/data/92122/0000092122-25-000060.txt
0001193125-25-131504,debt_issuance,AMT,2025-05-30,,,,"American Tower Corporation (the ""Company"") completed a registered public offering of 500.0 million euros (""EUR"") aggregate principal amount of its 3.625% senior unsecured notes due 2032 (the ""notes""), which resulted in aggregate net proceeds to the Company of approximately 496.8 million EUR (approximately $558.4 million at the EUR/U.S. dollar exchange rate of 1.00 EUR = $1.1240, as reported by Bloomberg on May 19, 2025), after deducting commissions and estimated expenses.",https://www.sec.gov/Archives/edgar/data/1053507/0001193125-25-131504.txt
0001193125-25-134108,debt_issuance,T,2025-06-03,,,,"AT&T closed its sale of $1,000,000,000 aggregate principal amount of its 4.700% Global Notes due 2030, $1,250,000,000 aggregate principal amount of its 5.375% Global Notes due 2035 and $1,250,000,000 aggregate principal amount of its 6.050% Global Notes due 2056 pursuant to an Underwriting Agreement, dated May 28, 2025.",https://www.sec.gov/Archives/edgar/data/732717/0001193125-25-134108.txt
0001193125-25-134112,debt_issuance,C,2025-06-03,,,,"Terms Agreement, dated May 27, 2025, among Citigroup Inc. (the ""Company"") and the underwriters named therein, relating to the offer and sale of the Company's 4.550% Fixed Rate / Floating Rate Subordinated Notes due 2035.",https://www.sec.gov/Archives/edgar/data/831001/0001193125-25-134112.txt
0001193125-25-135992,debt_issuance,LIN,2025-06-05,,,,"On May 21, 2025, Linde plc (the ""Company"") issued ₣225 million aggregate principal amount of 0.6150% Notes due 2029 (the ""2029 Notes""), and issued ₣275 million aggregate principal amount of 1.0629% Notes due 2033 (the ""2033 Notes""). The net proceeds of the offering were approximately ₣498.6 million, after giving effect to the fees to the Managers but before other fees and expenses of the offering. Net proceeds of the offering will be used for general corporate purposes.",https://www.sec.gov/Archives/edgar/data/1707925/0001193125-25-135992.txt
0001552781-25-000205,debt_issuance,UBER,2025-06-06,,,,The Notes will have maturities of up to 397 days from the date of issue. The Notes will rank at least pari passu in right payment with all of the Company's other unsecured and unsubordinated indebtedness... The Company intends to use the net proceeds of the Notes for general corporate purposes.,https://www.sec.gov/Archives/edgar/data/1543151/0001552781-25-000205.txt
0001104659-25-057314,debt_issuance,PM,2025-06-06,,,,"On June 6, 2025, Philip Morris International Inc. issued €500,000,000 aggregate principal amount of its 2.750% Notes due 2029 and €500,000,000 aggregate principal amount of its 3.250% Notes due 2032. The Notes were issued pursuant to an Indenture dated as of April 25, 2008, by and between PMI and HSBC Bank USA, National Association, as trustee.",https://www.sec.gov/Archives/edgar/data/1413329/0001104659-25-057314.txt
0001193125-25-138504,debt_issuance,BK,2025-06-10,,,,"The Bank of New York Mellon Corporation issued $750,000,000 aggregate principal amount of its 4.441% Fixed Rate / Floating Rate Callable Senior Medium-Term Notes Series J due 2028, $500,000,000 aggregate principal amount of its Floating Rate Callable Senior Medium-Term Notes Series J due 2028 and $750,000,000 aggregate principal amount of its 5.316% Fixed Rate / Floating Rate Callable Senior Medium-Term Notes Series J due 2036.",https://www.sec.gov/Archives/edgar/data/1390777/0001193125-25-138504.txt
0001628280-25-030471,debt_issuance,TGT,2025-06-10,,,,"Target closed the sale of $500 million aggregate principal amount of its 4.350% Notes due 2028 and $500 million aggregate principal amount of its 5.250% Notes due 2036 pursuant to an Underwriting Agreement dated June 5, 2025.",https://www.sec.gov/Archives/edgar/data/27419/0001628280-25-030471.txt
0000753308-25-000032,debt_issuance,NEE,2025-06-12,,,,"NextEra Energy Capital Holdings, Inc., a wholly-owned subsidiary of NextEra Energy, Inc. (NEE), sold C$600 million principal amount of its 3.83% Debentures, Series due June 12, 2030 and C$1.4 billion principal amount of its 4.67% Debentures, Series due June 12, 2035 (together, the Debentures), both of which are guaranteed by NEE.",https://www.sec.gov/Archives/edgar/data/753308/0000753308-25-000032.txt
0001193125-25-142086,debt_issuance,MET,2025-06-17,,,,"MetLife, Inc. entered into a Note Purchase Agreement on June 17, 2025 for the offer and sale in a private placement of an aggregate principal amount of ¥87,840,000,000 of the Company's yen-denominated senior notes consisting of six series with rates ranging from 2.14% to 3.62% and maturities from 2032 to 2055. The Notes bear interest on the outstanding principal balance at the stated rates per annum, payable semiannually on June 17 and December 17 of each year, commencing December 17, 2025.",https://www.sec.gov/Archives/edgar/data/1099219/0001193125-25-142086.txt
0001193125-25-143717,debt_issuance,UNH,2025-06-20,,,,"UnitedHealth Group Incorporated agreed to sell its (i) 4.400% Notes due June 15, 2028 in the aggregate principal amount of $500,000,000, (ii) 4.650% Notes due January 15, 2031 in the aggregate principal amount of $750,000,000, (iii) 5.300% Notes due June 15, 2035 in the aggregate principal amount of $1,000,000,000 and (iv) 5.950% Notes due June 15, 2055 in the aggregate principal amount of $750,000,000, pursuant to the Underwriting Agreement and the Pricing Agreement.",https://www.sec.gov/Archives/edgar/data/731766/0001193125-25-143717.txt
0001193125-25-158202,debt_issuance,AVGO,2025-07-11,,,,"On July 7, 2025, the Company entered into an underwriting agreement pursuant to which the Company agreed to issue and sell to the Underwriters $6,000,000,000 aggregate principal amount of its senior notes, consisting of $1,750,000,000 aggregate principal amount of its 4.600% senior notes due 2030, $1,750,000,000 aggregate principal amount of its 4.900% senior notes due 2032 and $2,500,000,000 aggregate principal amount of its 5.200% senior notes due 2035.",https://www.sec.gov/Archives/edgar/data/1730168/0001193125-25-158202.txt
0001104659-25-070029,debt_issuance,PEP,2025-07-23,,,,"PepsiCo announced an offering of $750,000,000 aggregate principal amount of its 4.100% Senior Notes due 2029, $650,000,000 aggregate principal amount of its 4.300% Senior Notes due 2030, $850,000,000 aggregate principal amount of its 4.650% Senior Notes due 2032 and $1,250,000,000 aggregate principal amount of its 5.000% Senior Notes due 2035. PepsiCo received net proceeds of approximately $3,484 million, after deducting underwriting discounts and estimated offering expenses.",https://www.sec.gov/Archives/edgar/data/77476/0001104659-25-070029.txt
0001193125-25-163423,debt_issuance,JPM,2025-07-23,,,,"JPMorgan Chase & Co. closed a public offering of $4,000,000,000 aggregate principal amount of Fixed-to-Floating Rate Subordinated Notes due 2036. The offering of the Subordinated Notes was registered under the Securities Act of 1933, as amended, pursuant to a registration statement on Form S-3.",https://www.sec.gov/Archives/edgar/data/19617/0001193125-25-163423.txt
0000930413-25-002225,debt_issuance,GE,2025-07-24,,,,"entered into an underwriting agreement by and among the Company and J.P. Morgan Securities LLC, BofA Securities, Inc., and Morgan Stanley & Co. LLC, as Representatives of the several underwriters named therein with respect to the issuance and sale of $1,000,000,000 aggregate principal amount of 4.300% Notes due 2030 and $1,000,000,000 aggregate principal amount of 4.900% Notes due 2036",https://www.sec.gov/Archives/edgar/data/40545/0000930413-25-002225.txt
0001104659-25-070392,debt_issuance,FDX,2025-07-24,,,,"FedEx Corporation entered into an underwriting agreement in connection with the issuance and sale by the Company of €500,000,000 aggregate principal amount of the Company's 3.500% Notes due 2032 and €350,000,000 aggregate principal amount of the Company's 4.125% Notes due 2037.",https://www.sec.gov/Archives/edgar/data/1048911/0001104659-25-070392.txt
0000004962-25-000128,debt_issuance,AXP,2025-07-25,,,,"issuance by American Express Company (the ""Company""), on July 25, 2025, of $1,500,000,000 aggregate principal amount of 4.351% Fixed-to-Floating Rate Notes due July 20, 2029, $1,750,000,000 aggregate principal amount of 4.918% Fixed-to-Floating Rate Notes due July 20, 2033 and $750,000,000 aggregate principal amount of Floating Rate Notes due July 20, 2029 pursuant to a Prospectus Supplement dated July 21, 2025",https://www.sec.gov/Archives/edgar/data/4962/0000004962-25-000128.txt
0001104659-25-071182,debt_issuance,PEP,2025-07-28,,,,"PepsiCo announced an offering of €500,000,000 aggregate principal amount of its 3.450% Senior Notes due 2037 and €500,000,000 aggregate principal amount of its 4.050% Senior Notes due 2055. PepsiCo received net proceeds of approximately €989 million, after deducting underwriting discounts and estimated offering expenses. The net proceeds will be used for general corporate purposes, including the repayment of commercial paper.",https://www.sec.gov/Archives/edgar/data/77476/0001104659-25-071182.txt
0000936468-25-000050,debt_issuance,LMT,2025-07-28,,,,"On July 28, 2025, Lockheed Martin Corporation (the ""Company"") completed the issuance and sale of a total of $2,000,000,000 of senior unsecured notes, consisting of $500,000,000 aggregate principal amount of 4.150% Notes due 2028, $750,000,000 aggregate principal amount of 4.400% Notes due 2030 and $750,000,000 aggregate principal amount of 5.000% Notes due 2035, pursuant to an underwriting agreement dated July 23, 2025.",https://www.sec.gov/Archives/edgar/data/936468/0000936468-25-000050.txt
0000930413-25-002289,debt_issuance,GE,2025-07-29,,,,"On July 29, 2025, General Electric Company, operating as GE Aerospace (the ""Company""), closed its previously announced public offering (the ""Offering"") of $1,000,000,000 aggregate principal amount of 4.300% Notes due 2030 (the ""2030 Notes"") and $1,000,000,000 aggregate principal amount of 4.900% Notes due 2036 (the ""2036 Notes"" and, together with the 2030 Notes, the ""Notes"").",https://www.sec.gov/Archives/edgar/data/40545/0000930413-25-002289.txt
0001193125-25-168083,debt_issuance,WFC,2025-07-29,,,,"On July 29, 2025, the Company issued $1,500,000,000 Medium-Term Notes, Series W, Senior Redeemable Fixed-to-Floating Rate Notes due April 23, 2031 (the ""Notes"").",https://www.sec.gov/Archives/edgar/data/72971/0001193125-25-168083.txt
0001104659-25-072164,debt_issuance,FDX,2025-07-30,,,,"On July 30, 2025, FedEx Corporation issued €500,000,000 aggregate principal amount of its 3.500% Notes due 2032 and €350,000,000 aggregate principal amount of its 4.125% Notes due 2037.",https://www.sec.gov/Archives/edgar/data/1048911/0001104659-25-072164.txt
0001193125-25-173566,debt_issuance,TMUS,2025-08-05,,,,"T-Mobile USA issued $488,860,000 million in aggregate principal amount of its 6.700% Senior Notes due 2033, $393,481,525 million in aggregate principal amount of its 6.250% Senior Notes due 2069, $400,797,075 million in aggregate principal amount of its 5.500% Senior Notes due March 2070 and $394,753,475 million in aggregate principal amount of its 5.500% Senior Notes due June 2070. The Notes were issued pursuant to an Indenture dated as of September 15, 2022.",https://www.sec.gov/Archives/edgar/data/1283699/0001193125-25-173566.txt
0001193125-25-174546,debt_issuance,MO,2025-08-06,,,,"On August 6, 2025, Altria Group, Inc. (the ""Company"") issued $500,000,000 aggregate principal amount of its 4.500% Notes due 2030 (the ""2030 Notes"") and $500,000,000 aggregate principal amount of its 5.250% Notes due 2035 (the ""2035 Notes""). Interest on the 2030 Notes is payable semiannually on February 6 and August 6 of each year, commencing February 6, 2026. The 2030 Notes will mature on August 6, 2030 and the 2035 Notes will mature on August 6, 2035.",https://www.sec.gov/Archives/edgar/data/764180/0001193125-25-174546.txt
0001193125-25-179846,debt_issuance,CVX,2025-08-13,,,,"On August 13, 2025, Chevron U.S.A. Inc. issued its 3.950% Notes Due 2027 in the aggregate principal amount of $500,000,000, its 4.050% Notes Due 2028 in the aggregate principal amount of $650,000,000, its Floating Rate Notes Due 2028-B in the aggregate principal amount of $600,000,000, its 4.300% Notes Due 2030 in the aggregate principal amount of $1,200,000,000, its Floating Rate Notes Due 2030 in the aggregate principal amount of $400,000,000, its 4.500% Notes Due 2032 in the aggregate principal amount of $1,250,000,000 and its 4.850% Notes Due 2035 in the aggregate principal amount of $900,000,000.",https://www.sec.gov/Archives/edgar/data/93410/0001193125-25-179846.txt
0001193125-25-181862,debt_issuance,CVS,2025-08-15,,,,"CVS Health Corporation entered into an Underwriting Agreement pursuant to which the Company agreed to issue and sell to the Underwriters $750,000,000 aggregate principal amount of its 5.000% Senior Notes due 2032, $1,500,000,000 aggregate principal amount of its 5.450% Senior Notes due 2035, $1,250,000,000 aggregate principal amount of its 6.200% Senior Notes due 2055 and $500,000,000 aggregate principal amount of its 6.250% Senior Notes due 2065. The net proceeds to the Company from the sale of the Notes, after deducting the Underwriters' discounts and the estimated offering expenses payable by the Company, are approximately $3,958,207,500.",https://www.sec.gov/Archives/edgar/data/64803/0001193125-25-181862.txt
0001193125-25-184093,debt_issuance,LLY,2025-08-20,,,,"Eli Lilly and Company entered into an underwriting agreement for the issuance and sale by the Company of $750,000,000 aggregate principal amount of its Floating Rate Notes due 2028, $1,000,000,000 aggregate principal amount of its 4.000% Notes due 2028, $750,000,000 aggregate principal amount of its 4.250% Notes due 2031, $1,000,000,000 aggregate principal amount of its 4.550% Notes due 2032, $1,250,000,000 aggregate principal amount of its 4.900% Notes due 2035, $1,000,000,000 aggregate principal amount of its 5.550% Notes due 2055 and $1,000,000,000 aggregate principal amount of its 5.650% Notes due 2065.",https://www.sec.gov/Archives/edgar/data/59478/0001193125-25-184093.txt
0001104659-25-080972,debt_issuance,CHTR,2025-08-20,,,,"Charter Communications Operating, LLC and other guarantors entered into an underwriting agreement with respect to the issuance and sale of (i) an aggregate of $1,250,000,000 principal amount of 5.850% Senior Secured Notes due 2035 and (ii) an aggregate of $750,000,000 principal amount of 6.700% Senior Secured Notes due 2055.",https://www.sec.gov/Archives/edgar/data/1271834/0001104659-25-080972.txt
0000063908-25-000042,debt_issuance,MCD,2025-08-27,,,,"McDonald's Corporation issued $550,000,000 of its 4.400% Medium-Term Notes due 2031 and $750,000,000 of its 5.000% Medium-Term Notes due 2036. The Notes were issued pursuant to the Company's medium-term notes program.",https://www.sec.gov/Archives/edgar/data/63908/0000063908-25-000042.txt
0001104659-25-086395,debt_issuance,CHTR,2025-09-02,,,,"On September 2, 2025, Charter Communications Operating, LLC and Charter Communications Operating Capital Corp. issued (i) $1,250,000,000 aggregate principal amount of 5.850% Senior Secured Notes due 2035 and (ii) $750,000,000 aggregate principal amount of 6.700% Senior Secured Notes due 2055. Interest is payable on the 2035 Notes on each June 1 and December 1, commencing June 1, 2026, and on the 2055 Notes on each June 1 and December 1, commencing June 1, 2026.",https://www.sec.gov/Archives/edgar/data/1091667/0001104659-25-086395.txt
0000310158-25-000047,debt_issuance,MRK,2025-09-09,,,,"On September 9, 2025, Merck & Co., Inc. (the ""Company"") closed an underwritten public offering of $500,000,000 aggregate principal amount of Floating Rate Notes due 2027, $750,000,000 aggregate principal amount of 3.850% Notes due 2027, $750,000,000 aggregate principal amount of 4.150% Notes due 2030, $1,000,000,000 aggregate principal amount of 4.550% Notes due 2032, $1,750,000,000 aggregate principal amount of 4.950% Notes due 2035 and $1,250,000,000 aggregate principal amount of 5.700% Notes due 2055.",https://www.sec.gov/Archives/edgar/data/310158/0000310158-25-000047.txt
0001104659-25-089060,debt_issuance,HD,2025-09-10,,,,"The Company entered into an Underwriting Agreement relating to a public offering of $500,000,000 aggregate principal amount of 3.750% Notes due September 15, 2028, $500,000,000 aggregate principal amount of 3.950% Notes due September 15, 2030, and $1,000,000,000 aggregate principal amount of 4.650% Notes due September 15, 2035.",https://www.sec.gov/Archives/edgar/data/354950/0001104659-25-089060.txt
0001410578-25-002058,debt_issuance,DUK,2025-09-11,,,,"On September 11, 2025, Duke Energy Corporation (the ""Company"") consummated the issuance and sale of the securities described below pursuant to an underwriting agreement, dated September 8, 2025... the Company agreed to issue and sell to the Underwriters $1,000,000,000 aggregate principal amount of the Company's 4.95% Senior Notes due 2035 and $750,000,000 aggregate principal amount of the Company's 5.70% Senior Notes due 2055.",https://www.sec.gov/Archives/edgar/data/1326160/0001410578-25-002058.txt
0001552781-25-000287,debt_issuance,UBER,2025-09-11,,,,"On September 11, 2025, Uber Technologies, Inc. (the ""Company"") completed a registered public offering of $1,000,000,000 aggregate principal amount of the Company's 4.150% Senior Notes due 2031 (the ""2031 Notes"") and $1,250,000,000 aggregate principal amount of the Company's 4.800% Senior Notes due 2035 (the ""2035 Notes"" and together with the 2031 Notes, the ""Notes""). The Notes are the Company's senior unsecured debt obligations.",https://www.sec.gov/Archives/edgar/data/1543151/0001552781-25-000287.txt
0001053507-25-000132,debt_issuance,AMT,2025-09-11,,,,"American Tower Corporation issued a press release announcing that it had priced its registered public offering of senior unsecured notes due 2030 (the ""2030 notes"") in an aggregate principal amount of $200.0 million and senior unsecured notes due 2035 (the ""2035 notes"") in an aggregate principal amount of $375.0 million. The 2030 notes will have an interest rate of 4.900% per annum and are being issued at a price equal to 102.452% of their face value. The 2035 notes will have an interest rate of 5.350% per annum and are being issued at a price equal to 103.567% of their face value.",https://www.sec.gov/Archives/edgar/data/1053507/0001053507-25-000132.txt
0001193125-25-201421,debt_issuance,COF,2025-09-11,,,,"Capital One Financial Corporation closed the public offering of $1,250,000,000 aggregate principal amount of its 4.493% Fixed-to-Floating Rate Senior Notes due 2031 and $1,500,000,000 aggregate principal amount of its 5.197% Fixed-to-Floating Rate Senior Notes due 2036, pursuant to an underwriting agreement dated September 8, 2025.",https://www.sec.gov/Archives/edgar/data/927628/0001193125-25-201421.txt
0001193125-25-203752,debt_issuance,WFC,2025-09-15,,,,"On September 15, 2025, the Company issued the following Medium-Term Notes, Series Y: (i) $1,500,000,000 Senior Redeemable Fixed-to-Floating Rate Notes due September 15, 2029; (ii) $750,000,000 Senior Redeemable Floating Rate Notes due September 15, 2029; and (iii) $1,750,000,000 Senior Redeemable Fixed-to-Floating Rate Notes due September 15, 2036.",https://www.sec.gov/Archives/edgar/data/72971/0001193125-25-203752.txt
0001104659-25-090021,debt_issuance,HD,2025-09-15,,,,"The Home Depot, Inc. (the ""Company"") completed a public offering of $500,000,000 aggregate principal amount of 3.750% Notes due September 15, 2028, $500,000,000 aggregate principal amount of 3.950% Notes due September 15, 2030, and $1,000,000,000 aggregate principal amount of 4.650% Notes due September 15, 2035 (collectively, the ""Notes"").",https://www.sec.gov/Archives/edgar/data/354950/0001104659-25-090021.txt
0001193125-25-205072,debt_issuance,T,2025-09-16,,,,"AT&T closed its sale of €2,250,000,000 aggregate principal amount of its Floating Rate Global Notes due 2027 pursuant to an Underwriting Agreement, dated September 9, 2025. The Notes were issued pursuant to that certain Indenture, dated as of May 15, 2013, between AT&T and The Bank of New York Mellon Trust Company, N.A., as Trustee.",https://www.sec.gov/Archives/edgar/data/732717/0001193125-25-205072.txt
0001193125-25-205004,debt_issuance,AMT,2025-09-16,,,,"American Tower Corporation completed a registered public offering of $200.0 million aggregate principal amount of its 4.900% senior unsecured notes due 2030 and $375.0 million aggregate principal amount of its 5.350% senior unsecured notes due 2035, which resulted in aggregate net proceeds to the Company of approximately $587.8 million, after deducting commissions and estimated expenses.",https://www.sec.gov/Archives/edgar/data/1053507/0001193125-25-205004.txt
0001193125-25-205061,debt_issuance,MDT,2025-09-16,,,,"Medtronic, Inc., an indirect wholly owned subsidiary of Medtronic plc, will issue and sell €750,000,000 aggregate principal amount of its 2.950% Senior Notes due 2030 (the ""2030 Notes"") and €750,000,000 aggregate principal amount of its 4.200% Senior Notes due 2045 (the ""2045 Notes"" and together with the 2030 Notes, the ""Notes"") to the underwriters, in an underwritten offering (the ""Offering"").",https://www.sec.gov/Archives/edgar/data/1613103/0001193125-25-205061.txt
0001193125-25-215530,debt_issuance,T,2025-09-24,,,,"AT&T closed its sale of $1,150,000,000 aggregate principal amount of its 4.550% Global Notes due 2032, $1,250,000,000 aggregate principal amount of its 4.900% Global Notes due 2035, $1,100,000,000 aggregate principal amount of its 5.550% Global Notes due 2045 and $1,500,000,000 aggregate principal amount of its 5.700% Global Notes due 2054 pursuant to an Underwriting Agreement, dated September 18, 2025.",https://www.sec.gov/Archives/edgar/data/732717/0001193125-25-215530.txt
0001193125-25-220445,debt_issuance,ORCL,2025-09-26,,,,"On September 26, 2025, Oracle Corporation consummated the issuance and sale of $3,000,000,000 aggregate principal amount of its 4.450% Notes due 2030, $3,000,000,000 aggregate principal amount of its 4.800% Notes due 2032, $4,000,000,000 aggregate principal amount of its 5.200% Notes due 2035, $2,500,000,000 aggregate principal amount of its 5.875% Notes due 2045, $3,500,000,000 aggregate principal amount of its 5.950% Notes due 2055 and $2,000,000,000 aggregate principal amount of its 6.100% Notes due 2065 (collectively, the 'Notes'), pursuant to an underwriting agreement dated September 24, 2025.",https://www.sec.gov/Archives/edgar/data/1341439/0001193125-25-220445.txt
0001193125-25-223202,debt_issuance,AVGO,2025-09-29,,,,"the Company agreed to issue and sell to the Underwriters $5,000,000,000 aggregate principal amount of its senior notes, consisting of $1,000,000,000 aggregate principal amount of its 4.200% senior notes due 2030, $2,250,000,000 aggregate principal amount of its 4.800% senior notes due 2036 and $1,750,000,000 aggregate principal amount of its 4.900% senior notes due 2038.",https://www.sec.gov/Archives/edgar/data/1730168/0001193125-25-223202.txt
0001193125-25-221819,debt_issuance,MDT,2025-09-29,,,,"On September 29, 2025, Medtronic, Inc., an indirect wholly owned subsidiary of Medtronic public limited company issued €750,000,000 aggregate principal amount of its 2.950% Senior Notes due 2030 and €750,000,000 aggregate principal amount of its 4.200% Senior Notes due 2045, in an underwritten offering. Medtronic, Inc. expects to receive net proceeds from the Offering of approximately €1.49 billion, after deducting the underwriting discount and estimated offering expenses.",https://www.sec.gov/Archives/edgar/data/1613103/0001193125-25-221819.txt
0001193125-25-224995,debt_issuance,LOW,2025-09-30,,,,"On September 30, 2025, Lowe's Companies, Inc. (the ""Company"") issued an aggregate of $5.0 billion of unsecured notes, consisting of $650 million aggregate principal amount of its 3.950% Notes due October 15, 2027, $750 million aggregate principal amount of its 4.000% Notes due October 15, 2028, $1.1 billion aggregate principal amount of its 4.250% Notes due March 15, 2031, $1.3 billion aggregate principal amount of its 4.500% Notes due October 15, 2032 and $1.2 billion aggregate principal amount of its 4.850% Notes due October 15, 2035.",https://www.sec.gov/Archives/edgar/data/60667/0001193125-25-224995.txt
0000773840-25-000090,debt_issuance,HON,2025-10-01,,,,"On September 30, 2025, Solstice issued 5.625% Senior Notes due 2033 in an aggregate principal amount of $1 billion. The Notes bear interest at a rate of 5.625% per year. The Notes will mature on September 30, 2033. The Notes were sold in private placements to qualified institutional buyers in accordance with Rule 144A under the Securities Act, and outside the United States to non-U.S. persons in reliance on Regulation S under the Securities Act.",https://www.sec.gov/Archives/edgar/data/773840/0000773840-25-000090.txt
0000950103-25-012777,debt_issuance,CMCSA,2025-10-02,,,,"Comcast issued $691,967,000 in aggregate principal amount of the New Notes. The New Notes will bear interest at a rate of 5.168% per year and will mature on January 15, 2037. The Company will pay interest on the New Notes on January 15 and July 15 of each year, beginning on January 15, 2026.",https://www.sec.gov/Archives/edgar/data/1166691/0000950103-25-012777.txt
0001140361-25-037501,debt_issuance,TMO,2025-10-07,,,,"On October 7, 2025, Thermo Fisher Scientific Inc. (the ""Company"") issued $500,000,000 aggregate principal amount of 4.200% Senior Notes due 2031, $750,000,000 aggregate principal amount of 4.473% Senior Notes due 2032, $750,000,000 aggregate principal amount of 4.794% Senior Notes due 2035 and $500,000,000 aggregate principal amount of 4.894% Senior Notes due 2037 in a public offering pursuant to a registration statement on Form S-3ASR.",https://www.sec.gov/Archives/edgar/data/97745/0001140361-25-037501.txt
0000950103-25-013042,debt_issuance,CMCSA,2025-10-09,,,,"On October 9, 2025, Comcast completed the Exchange Offers and the Cash Offers. Pursuant to the Exchange Offers, the Company issued $480,046,000 in aggregate principal amount of the New Notes. The New Notes will bear interest at a rate of 5.168% per year and will mature on January 15, 2037.",https://www.sec.gov/Archives/edgar/data/1166691/0000950103-25-013042.txt
0001140361-25-037817,debt_issuance,TMUS,2025-10-09,,,,"T-Mobile USA, Inc. closed an underwritten public offering of $800 million in aggregate principal amount of its 4.625% Senior Notes due 2033, $1.0 billion in aggregate principal amount of its 4.950% Senior Notes due 2035 and $1.0 billion in aggregate principal amount of its 5.700% Senior Notes due 2056 pursuant to an underwriting agreement, dated October 6, 2025.",https://www.sec.gov/Archives/edgar/data/1283699/0001140361-25-037817.txt
0001104659-25-098401,debt_issuance,DE,2025-10-09,,,,"Deere Funding Canada Corporation (the ""Issuer"") agreed to sell $500,000,000 aggregate principal amount of 4.150% Notes due October 9, 2030 (the ""Notes""). The Notes will be fully and unconditionally guaranteed on a senior unsecured basis by the Guarantor. Interest on the Notes is payable on April 9 and October 9 of each year, beginning on April 9, 2026.",https://www.sec.gov/Archives/edgar/data/315189/0001104659-25-098401.txt
0001193125-25-245194,debt_issuance,GS,2025-10-21,,,,"The Goldman Sachs Group, Inc. issued $500,000,000 Floating Rate Notes due 2029, $2,500,000,000 4.153% Fixed/Floating Rate Notes due 2029, $500,000,000 Floating Rate Notes due 2031, $3,000,000,000 4.369% Fixed/Floating Rate Notes due 2031, and $3,500,000,000 4.939% Fixed/Floating Rate Notes due 2036 on October 21, 2025 pursuant to the Company's shelf registration statement on Form S-3.",https://www.sec.gov/Archives/edgar/data/886982/0001193125-25-245194.txt
0001193125-25-246803,debt_issuance,JPM,2025-10-22,,,,"JPMorgan Chase & Co. closed public offerings of (i) $2,000,000,000 aggregate principal amount of Fixed-to-Floating Rate Notes due 2031 and (ii) $3,000,000,000 aggregate principal amount of Fixed-to-Floating Rate Notes due 2036. The offerings of the Notes were registered under the Securities Act of 1933, as amended, pursuant to a registration statement on Form S-3.",https://www.sec.gov/Archives/edgar/data/19617/0001193125-25-246803.txt
0000004962-25-000231,debt_issuance,AXP,2025-10-24,,,,"issuance by American Express Company (the ""Company""), on October 24, 2025, of $2,000,000,000 aggregate principal amount of 4.804% Fixed-to-Floating Rate Notes due October 24, 2036 (the ""Notes"") pursuant to a Prospectus Supplement dated October 20, 2025",https://www.sec.gov/Archives/edgar/data/4962/0000004962-25-000231.txt
0001104659-25-103715,debt_issuance,PM,2025-10-29,,,,"On October 29, 2025, Philip Morris International Inc. ('PMI') issued $300,000,000 aggregate principal amount of its Floating Rate Notes due 2028, $750,000,000 aggregate principal amount of its 3.875% Notes due 2028, $750,000,000 aggregate principal amount of its 4.000% Notes due 2030, $850,000,000 aggregate principal amount of its 4.250% Notes due 2032 and $850,000,000 aggregate principal amount of its 4.625% Notes due 2035.",https://www.sec.gov/Archives/edgar/data/1413329/0001104659-25-103715.txt
0001193125-25-262609,debt_issuance,PG,2025-11-03,,,,"On November 3, 2025, The Procter & Gamble Company (the ""Company"") closed an underwritten public offering of €500,000,000 aggregate principal amount of 2.900% Notes due November 3, 2033 and €500,000,000 aggregate principal amount of 3.650% Notes due November 3, 2045 under the Company's Registration Statement on Form S-3. Additionally, on November 3, 2025, the Company closed an underwritten public offering of $750,000,000 aggregate principal amount of 4.100% Notes due November 3, 2032 and $500,000,000 aggregate principal amount of 4.350% Notes due November 3, 2035.",https://www.sec.gov/Archives/edgar/data/80424/0001193125-25-262609.txt
0001193125-25-262593,debt_issuance,META,2025-11-03,,,,"Meta Platforms, Inc. (the ""Company"") completed an offering of $4,000,000,000 aggregate principal amount of its 4.200% Senior Notes due 2030, $4,000,000,000 aggregate principal amount of its 4.600% Senior Notes due 2032, $6,500,000,000 aggregate principal amount of its 4.875% Senior Notes due 2035, $4,500,000,000 aggregate principal amount of its 5.500% Senior Notes due 2045, $6,500,000,000 aggregate principal amount of its 5.625% Senior Notes due 2055, and $4,500,000,000 aggregate principal amount of its 5.750% Senior Notes due 2065.",https://www.sec.gov/Archives/edgar/data/1326801/0001193125-25-262593.txt
0001193125-25-264728,debt_issuance,PG,2025-11-04,,,,"The Procter & Gamble Company closed an underwritten public offering of $258,889,000 aggregate principal amount of Floating Rate Notes due November 4, 2075 under the Company's Registration Statement on Form S-3.",https://www.sec.gov/Archives/edgar/data/80424/0001193125-25-264728.txt
0001193125-25-269979,debt_issuance,GOOGL,2025-11-06,,,,"On November 6, 2025, Alphabet Inc. closed its concurrent underwritten public offerings of $17.5 billion aggregate principal amount of U.S. dollar-denominated senior notes and €6.5 billion aggregate principal amount of euro-denominated senior notes pursuant to Alphabet's registration statement on Form S-3. The Euro Notes consist of €1,000,000,000 aggregate principal amount of 2.375% notes due 2028, €1,000,000,000 aggregate principal amount of 2.875% notes due 2031, €1,000,000,000 aggregate principal amount of 3.125% notes due 2034, €1,000,000,000 aggregate principal amount of 3.500% notes due 2038, €1,250,000,000 aggregate principal amount of 4.000% notes due 2044 and €1,250,000,000 aggregate principal amount of 4.375% notes due 2064. The U.S. Notes consist of $500,000,000 aggregate principal amount of floating rate notes due 2028, $1,000,000,000 aggregate principal amount of 3.875% notes due 2028, $2,500,000,000 aggregate principal amount of 4.100% notes due 2030, $1,250,000,000 aggregate principal amount of 4.375% notes due 2032, $3,500,000,000 aggregate principal amount of 4.700% notes due 2035, $2,000,000,000 aggregate principal amount of 5.350% notes due 2045, $4,000,000,000 aggregate principal amount of 5.450% notes due 2055 and $2,750,000,000 aggregate principal amount of 5.700% notes due 2075.",https://www.sec.gov/Archives/edgar/data/1652044/0001193125-25-269979.txt
0000092122-25-000094,debt_issuance,SO,2025-11-06,,,,"Each Corporate Unit is comprised of a 1/40 undivided beneficial ownership interest in $1,000 principal amount of the Company's Series 2025B Remarketable Senior Notes due 2030 and a 1/40 undivided beneficial ownership interest in $1,000 principal amount of the Company's Series 2025C Remarketable Senior Notes due 2033, with interest on the RSNs in the amount of 4.15% per year.",https://www.sec.gov/Archives/edgar/data/92122/0000092122-25-000094.txt
0001104659-25-108511,debt_issuance,BKNG,2025-11-07,,,,"On November 7, 2025, Booking Holdings Inc. executed two Officers' Certificates in connection with the sale of €750,000,000 aggregate principal amount of the Company's 3.000% Senior Notes due 2030 and €750,000,000 aggregate principal amount of the Company's 3.625% Senior Notes due 2035. The 2030 Notes will mature on November 7, 2030 and the 2035 Notes will mature on November 7, 2035.",https://www.sec.gov/Archives/edgar/data/1075531/0001104659-25-108511.txt
0001140361-25-041380,debt_issuance,BMY,2025-11-10,,,,"On November 10, 2025, BMS Ireland Capital Funding Designated Activity Company completed the public offering of (i) €750,000,000 aggregate principal amount of 2.973% Notes due 2030, (ii) €1,150,000,000 aggregate principal amount of 3.363% Notes due 2033, (iii) €1,150,000,000 aggregate principal amount of 3.857% Notes due 2038, (iv) €750,000,000 aggregate principal amount of 4.289% Notes due 2045 and (v) €1,200,000,000 aggregate principal amount of 4.581% Notes due 2055. The Notes are fully and unconditionally guaranteed on a senior unsecured basis by the Company.",https://www.sec.gov/Archives/edgar/data/14272/0001140361-25-041380.txt
0001193125-25-273787,debt_issuance,VZ,2025-11-10,,,,"On November 10, 2025, Verizon closed the sale of £1,000,000,000 aggregate principal amount of its 5.7420% Fixed-to-Fixed Rate Junior Subordinated Notes due 2056, pursuant to a purchase agreement with the Purchasers.",https://www.sec.gov/Archives/edgar/data/732712/0001193125-25-273787.txt
0001193125-25-273787,debt_issuance,VZ,2025-11-10,,,,"On November 10, 2025, Verizon Communications Inc. closed the sale of €2,250,000,000 aggregate principal amount of its 3.9962% Fixed-to-Fixed Rate Junior Subordinated Notes due 2056, pursuant to a purchase agreement with BNP PARIBAS, Merrill Lynch International, Goldman Sachs & Co. LLC, J.P. Morgan Securities plc, Mizuho International plc, Morgan Stanley & Co. International plc, Deutsche Bank AG, London Branch, Scotiabank (Ireland) Designated Activity Company, SMBC Bank International plc, HSBC Bank plc and NatWest Markets Plc.",https://www.sec.gov/Archives/edgar/data/732712/0001193125-25-273787.txt
0001104659-25-109135,debt_issuance,CL,2025-11-10,,,,"Colgate-Palmolive Company executed an underwriting agreement with Barclays Bank PLC and Banco Bilbao Vizcaya Argentaria, S.A. with regard to the issuance and sale by the Company of €600,000,000 aggregate principal amount of its 3.250% Senior Notes due 2035.",https://www.sec.gov/Archives/edgar/data/21665/0001104659-25-109135.txt
0000753308-25-000058,debt_issuance,NEE,2025-11-12,,,,"NextEra Energy Capital Holdings, Inc. (NEECH), a wholly-owned subsidiary of NextEra Energy, Inc. (NEE), sold €1.25 billion principal amount of its Series V Junior Subordinated Debentures due May 15, 2056 and €1.25 billion principal amount of its Series W Junior Subordinated Debentures due May 15, 2056. The Series V Junior Subordinated Debentures bear interest at an annual rate of 3.996% to May 15, 2031. The Series W Junior Subordinated Debentures bear interest at an annual rate of 4.496% to May 15, 2034.",https://www.sec.gov/Archives/edgar/data/753308/0000753308-25-000058.txt
0001193125-25-279379,debt_issuance,XOM,2025-11-13,,,,"Exxon Mobil Corporation entered into an underwriting agreement for the issuance and sale by the Company of $111,949,000 aggregate principal amount of its Floating Rate Notes due 2075. The Notes will be issued pursuant to an indenture entered into by the Company on March 20, 2014 with Deutsche Bank Trust Company Americas, as trustee.",https://www.sec.gov/Archives/edgar/data/34088/0001193125-25-279379.txt
0001193125-25-283263,debt_issuance,SCHW,2025-11-14,,,,"On November 14, 2025, The Charles Schwab Corporation issued $1,000,000,000 aggregate principal amount of 4.343% Fixed-to-Floating Rate Senior Notes due 2031 and $1,000,000,000 aggregate principal amount of 4.914% Fixed-to-Floating Rate Senior Notes due 2036. The net proceeds of the offering of the Notes were approximately $1,986,000,000, after deducting underwriting discounts and commissions and estimated offering expenses.",https://www.sec.gov/Archives/edgar/data/316709/0001193125-25-283263.txt
0001104659-25-114647,debt_issuance,AMZN,2025-11-20,,,,"On November 20, 2025, Amazon.com, Inc. (the ""Company"") closed the sale of $2,500,000,000 aggregate principal amount of its 3.900% notes due 2028, $2,500,000,000 aggregate principal amount of its 4.100% notes due 2030, $1,500,000,000 aggregate principal amount of its 4.350% notes due 2033, $3,500,000,000 aggregate principal amount of its 4.650% notes due 2035, $3,000,000,000 aggregate principal amount of its 5.450% notes due 2055, and $2,000,000,000 aggregate principal amount of its 5.550% notes due 2065 pursuant to an Underwriting Agreement dated November 17, 2025. The aggregate public offering price of the Notes was $14.961 billion and the estimated net proceeds from the offering were approximately $14.926 billion.",https://www.sec.gov/Archives/edgar/data/1018724/0001104659-25-114647.txt
0001193125-25-289724,debt_issuance,LIN,2025-11-20,,,,"On November 20, 2025, Linde plc (the ""Company"") issued €600 million aggregate principal amount of Floating Rate Notes due 2027 (the ""2027 Notes""), issued €650 million aggregate principal amount of 3.125% Notes due 2032 (the ""2032 Notes"") and issued €500 million aggregate principal amount of 3.750% Notes due 2038 (the ""2038 Notes"").",https://www.sec.gov/Archives/edgar/data/1707925/0001193125-25-289724.txt
0001193125-25-290864,debt_issuance,BRK.B,2025-11-21,,,,"On November 20, 2025, Berkshire Hathaway Inc. issued (i) ¥123,700,000,000 aggregate principal amount of its 1.510% Senior Notes due 2028, (ii) ¥53,300,000,000 aggregate principal amount of its 1.826% Senior Notes due 2030, (iii) ¥26,100,000,000 aggregate principal amount of its 2.422% Senior Notes due 2035 and (iv) ¥7,000,000,000 aggregate principal amount of its 2.810% Senior Notes due 2040 under a registration statement on Form S-3.",https://www.sec.gov/Archives/edgar/data/1067983/0001193125-25-290864.txt
0001193125-25-291406,debt_issuance,PFE,2025-11-21,,,,"Pfizer Inc. completed a public offering of $500,000,000 aggregate principal amount of Floating Rate Notes due 2027, $1,000,000,000 aggregate principal amount of 3.875% Notes due 2027, $1,000,000,000 aggregate principal amount of 4.200% Notes due 2030, $1,250,000,000 aggregate principal amount of 4.500% Notes due 2032, $1,250,000,000 aggregate principal amount of 4.875% Notes due 2035, $500,000,000 aggregate principal amount of 5.600% Notes due 2055 and $500,000,000 aggregate principal amount of 5.700% Notes due 2065.",https://www.sec.gov/Archives/edgar/data/78003/0001193125-25-291406.txt
0001140361-25-043790,debt_issuance,TMO,2025-12-01,,,,"On December 1, 2025, Thermo Fisher Scientific (Finance I) B.V. issued €1,000,000,000 aggregate principal amount of Floating Rate Senior Notes due 2027 and €1,100,000,000 aggregate principal amount of 3.628% Senior Notes due 2035 in a public offering. The Company has fully and unconditionally guaranteed the Notes on a senior unsecured basis.",https://www.sec.gov/Archives/edgar/data/97745/0001140361-25-043790.txt
0001053507-25-000155,debt_issuance,AMT,2025-12-02,,,,"American Tower Corporation issued a press release announcing that it had priced its registered public offering of senior unsecured notes due 2032 (the ""2032 notes"") in an aggregate principal amount of $850.0 million. The 2032 notes will have an interest rate of 4.700% per annum and are being issued at a price equal to 99.685% of their face value.",https://www.sec.gov/Archives/edgar/data/1053507/0001053507-25-000155.txt
0001628280-25-055388,debt_issuance,MRK,2025-12-04,,,,"On December 4, 2025, Merck & Co., Inc. (the ""Company"") closed an underwritten public offering of $500,000,000 aggregate principal amount of Floating Rate Notes due 2029, $750,000,000 aggregate principal amount of 3.850% Notes due 2029, $1,000,000,000 aggregate principal amount of 4.150% Notes due 2031, $1,000,000,000 aggregate principal amount of 4.450% Notes due 2032, $1,500,000,000 aggregate principal amount of 4.750% Notes due 2035, $750,000,000 aggregate principal amount of 5.500% Notes due 2046, $1,500,000,000 aggregate principal amount of 5.550% Notes due 2055 and $1,000,000,000 aggregate principal amount of 5.700% Notes due 2065.",https://www.sec.gov/Archives/edgar/data/310158/0001628280-25-055388.txt
0001193125-25-309718,debt_issuance,AMT,2025-12-05,,,,"American Tower Corporation (the ""Company"") completed a registered public offering of $850.0 million aggregate principal amount of its 4.700% senior unsecured notes due 2032 (the ""Notes""), which resulted in aggregate net proceeds to the Company of approximately $839.5 million, after deducting commissions and estimated expenses. The Notes will mature on December 15, 2032 and bear interest at a rate of 4.700% per annum.",https://www.sec.gov/Archives/edgar/data/1053507/0001193125-25-309718.txt
0001193125-25-312771,debt_issuance,CVX,2025-12-09,,,,"On December 9, 2025, Chevron U.S.A. Inc. issued its Floating Rate Notes Due 2075 in the aggregate principal amount of $154,204,000. The Notes will bear interest at a floating rate equal to Compounded SOFR minus 45 bps and will mature on December 9, 2075.",https://www.sec.gov/Archives/edgar/data/93410/0001193125-25-312771.txt
0000896878-24-000030,facility_closure,INTU,2024-07-10,,,,The Company will close its Boise and Edmonton sites in service to growing technology teams and capabilities in strategic locations. The charges include approximately $33 million in non-cash charges for share-based compensation and charges associated with the site closures.,https://www.sec.gov/Archives/edgar/data/896878/0000896878-24-000030.txt
0000050863-24-000147,facility_closure,INTC,2024-10-31,,,,"In connection with the Company's real estate consolidation and exits, the Company expects to recognize pre-tax charges of $307 million related to certain owned and operating leased assets and related leasehold improvements. The Company is recognizing $86 million of non-cash impairments for operating leased assets and related leasehold improvements in the third quarter of 2024.",https://www.sec.gov/Archives/edgar/data/50863/0000050863-24-000147.txt
0000050863-25-000107,facility_closure,INTC,2025-07-24,,,,"The Company is recognizing non-cash asset impairment charges of $416 million in the second quarter of 2025, resulting from the exit of certain non-core lines of business and the consolidation and exit of certain real estate properties.",https://www.sec.gov/Archives/edgar/data/50863/0000050863-25-000107.txt
0000829224-25-000067,facility_closure,SBUX,2025-09-25,,,,"It will close those coffeehouses that do not meet these criteria. The Company expects that a majority of the store closures will be completed by the end of this fiscal year. The Company estimates that it will incur approximately $1 billion related to the store closures, support organization transformation, and other restructuring activities, with 90% of the expenses attributable to the North America business.",https://www.sec.gov/Archives/edgar/data/829224/0000829224-25-000067.txt
0000947871-24-000009,guidance_issuance_or_update,CVS,2024-01-05,,,,"The Company will reaffirm its previously announced full-year 2024 GAAP diluted EPS guidance of at least $7.26, its full-year 2024 Adjusted EPS guidance of at least $8.50 and its full-year 2024 cash flow from operations guidance of at least $12.5 billion.",https://www.sec.gov/Archives/edgar/data/64803/0000947871-24-000009.txt
0001551152-24-000002,guidance_issuance_or_update,ABBV,2024-01-05,,,,"AbbVie's full-year 2023 adjusted diluted earnings per share guidance range, including the impact of fourth quarter 2023 acquired IPR&D and milestones expense, is $11.04 - $11.08. AbbVie's fourth quarter 2023 adjusted diluted earnings per share guidance range, including the impact of fourth quarter 2023 acquired IPR&D and milestones expense, is $2.72 - $2.76.",https://www.sec.gov/Archives/edgar/data/1551152/0001551152-24-000002.txt
0000947871-24-000009,guidance_issuance_or_update,CVS,2024-01-05,,,,"During the meetings and webcast, the senior management team will reaffirm the Company's previously announced full-year 2023 GAAP diluted earnings per share ('EPS') guidance range of $6.37 to $6.61 and its full-year 2023 Adjusted EPS guidance range of $8.50 to $8.70. The Company expects its full-year 2023 Adjusted EPS to be in the upper half of the guidance range.",https://www.sec.gov/Archives/edgar/data/64803/0000947871-24-000009.txt
0000313616-24-000004,guidance_issuance_or_update,DHR,2024-01-08,,,,Danaher Corporation issued a press release regarding the Company's anticipated financial performance for the fourth quarter of 2023 and the presentation slides contain certain information regarding Danaher's anticipated financial performance for 2023.,https://www.sec.gov/Archives/edgar/data/313616/0000313616-24-000004.txt
0000066740-24-000005,guidance_issuance_or_update,MMM,2024-01-23,,,,3M Company issued a press release reporting fourth-quarter and full-year 2023 financial results and provided its 2024 financial outlook,https://www.sec.gov/Archives/edgar/data/66740/0000066740-24-000005.txt
0000080424-24-000015,guidance_issuance_or_update,PG,2024-01-23,,,,"FY 2024 (Estimate) | +2% to +4% | +1% to +2% | +4% to +5% for organic sales growth guidance, and Core EPS Growth guidance of +8% to +9% with Currency-Neutral Core EPS Growth of 15% to +16%.",https://www.sec.gov/Archives/edgar/data/80424/0000080424-24-000015.txt
0001099219-24-000028,guidance_issuance_or_update,MET,2024-01-31,,,,"Based on the forward yield curve as of December 31, 2023, we expect long-term interest rates to remain largely unchanged in 2024 with the yield curve steepening, as short-term interest rates decline... we expect to maintain the two-year average annual ratio of free cash flow to adjusted earnings, excluding total notable items, at 65% to 75%... we are maintaining our target for adjusted return on equity, excluding accumulated other comprehensive income other than foreign currency translation adjustments and total notable items, of 13% to 15% over the near-term.",https://www.sec.gov/Archives/edgar/data/1099219/0001099219-24-000028.txt
0000092122-24-000003,guidance_issuance_or_update,SO,2024-02-01,,,,"Georgia Power now projects that the Unit 4 in-service date will occur during the second quarter 2024. This schedule extension is not expected to affect the total project capital cost forecast; however, any extension of the in-service date beyond the second quarter 2024 is estimated to result in additional base capital costs for Georgia Power of up to $15 million per month, which would be charged to income.",https://www.sec.gov/Archives/edgar/data/92122/0000092122-24-000003.txt
0001552781-24-000039,guidance_issuance_or_update,UBER,2024-02-14,,,,"Over the next three years, the Company expects: Gross Bookings growth in the mid to high teens (CAGR), Adjusted EBITDA growth in the high 30s to 40% (CAGR), Free cash flow as a percentage of Adjusted EBITDA to be 90% or higher annually",https://www.sec.gov/Archives/edgar/data/1543151/0001552781-24-000039.txt
0000064803-24-000009,guidance_issuance_or_update,CVS,2024-03-05,,,,"During the meetings and webcast, the senior management team will reaffirm the Company's previously announced full-year 2024 GAAP diluted earnings per share ('EPS') guidance of at least $7.06, its full-year 2024 Adjusted EPS guidance of at least $8.30, and its full-year 2024 cash flow from operations guidance of at least $12.0 billion.",https://www.sec.gov/Archives/edgar/data/64803/0000064803-24-000009.txt
0000036104-24-000028,guidance_issuance_or_update,USB,2024-03-05,,,,"Mr. Stern confirmed full year net interest income guidance expectations of $16.6 billion, to up slightly, fee revenue being up mid-single digits for the full year, and core expenses being flat on a year-over-year basis. He also confirmed first quarter net interest income expectations of between $4.0 billion and $4.1 billion.",https://www.sec.gov/Archives/edgar/data/36104/0000036104-24-000028.txt
0001551152-24-000013,guidance_issuance_or_update,ABBV,2024-04-03,,,,"AbbVie's full-year 2024 adjusted diluted earnings per share guidance range, including the impact of first quarter 2024 acquired IPR&D and milestones expense, is $10.97 - $11.17. AbbVie's first quarter 2024 adjusted diluted earnings per share guidance range, including the impact of first quarter 2024 acquired IPR&D and milestones expense, is $2.18 - $2.22.",https://www.sec.gov/Archives/edgar/data/1551152/0001551152-24-000013.txt
0000080424-24-000048,guidance_issuance_or_update,PG,2024-04-19,,,,"FY 2024 (Estimate) | +2% to +4% | +1% to +2% | +4% to +5% for organic sales growth guidance, and FY 2024 (Estimate) | +1% to +2% | +9% | +10% to +11% for Core EPS growth guidance",https://www.sec.gov/Archives/edgar/data/80424/0000080424-24-000048.txt
0001283699-24-000062,guidance_issuance_or_update,TMUS,2024-04-25,,,,"Press release, dated April 25, 2024, entitled ""T-Mobile Delivers Industry-Leading Customer, Service Revenue and Profitability Growth in Q1 2024, and Raises 2024 Guidance""",https://www.sec.gov/Archives/edgar/data/1283699/0001283699-24-000062.txt
0000002488-24-000054,guidance_issuance_or_update,AMD,2024-04-30,,,,"For the second quarter of 2024, AMD expects revenue to be approximately $5.7 billion, plus or minus $300 million. At the mid-point of the revenue range, this represents year-over-year growth of approximately 6% and sequential growth of approximately 4%. Non-GAAP gross margin is expected to be approximately 53%.",https://www.sec.gov/Archives/edgar/data/2488/0000002488-24-000054.txt
0000066740-24-000051,guidance_issuance_or_update,MMM,2024-04-30,,,,3M Company issued a press release reporting first-quarter financial results and initiating its full-year 2024 guidance reflecting completion of Solventum spin,https://www.sec.gov/Archives/edgar/data/66740/0000066740-24-000051.txt
0000050863-24-000086,guidance_issuance_or_update,INTC,2024-05-08,,,,"the Company expects revenue for the second quarter of 2024 to remain in the original range of $12.5 billion to $13.5 billion, but below the midpoint. For full year 2024, the Company continues to expect revenue and earnings per share to grow year-over-year compared to 2023.",https://www.sec.gov/Archives/edgar/data/50863/0000050863-24-000086.txt
0001552781-24-000318,guidance_issuance_or_update,UBER,2024-05-14,,,,"We expect the acquisition to contribute at least $150 million annualized run-rate of Delivery Adjusted EBITDA, inclusive of synergies, to our business within 12 months of closing.",https://www.sec.gov/Archives/edgar/data/1543151/0001552781-24-000318.txt
0000773840-24-000066,guidance_issuance_or_update,HON,2024-06-03,,,,announced the completion of the acquisition of the Global Access Solutions business of Carrier Global Corporation and updated its 2024 outlook and issued the press release attached hereto as Exhibit 99,https://www.sec.gov/Archives/edgar/data/773840/0000773840-24-000066.txt
0000753308-24-000035,guidance_issuance_or_update,NEE,2024-06-11,,,,"NEE is reaffirming its adjusted earnings per share expectations for 2024, 2025 and 2026, and introducing its adjusted earnings per share expectations for 2027. NEE continues to expect adjusted earnings per share for 2024, 2025 and 2026 to be in the range of $3.23 to $3.43, $3.45 to $3.70 and $3.63 to $4.00, respectively, and now expects 2027 adjusted earnings per share to be in the range of $3.85 to $4.32.",https://www.sec.gov/Archives/edgar/data/753308/0000753308-24-000035.txt
0001551152-24-000024,guidance_issuance_or_update,ABBV,2024-07-03,,,,"AbbVie's full-year 2024 adjusted diluted earnings per share guidance range, including the impact of second quarter 2024 acquired IPR&D and milestones expense, is $10.61 - $10.81. AbbVie's second quarter 2024 adjusted diluted earnings per share guidance range, including the impact of second quarter 2024 acquired IPR&D and milestones expense, is $2.53 - $2.57.",https://www.sec.gov/Archives/edgar/data/1551152/0001551152-24-000024.txt
0000936468-24-000088,guidance_issuance_or_update,LMT,2024-07-19,,,,"Our expectation remains that we will continue with a production rate of 156 aircraft per year and deliver between 75 and 110 aircraft in the second half of 2024, primarily in the TR-3 configuration.",https://www.sec.gov/Archives/edgar/data/936468/0000936468-24-000088.txt
0000066740-24-000077,guidance_issuance_or_update,MMM,2024-07-26,,,,"On July 26, 2024, 3M Company issued a press release reporting second-quarter financial results and updating its full-year 2024 guidance",https://www.sec.gov/Archives/edgar/data/66740/0000066740-24-000077.txt
0001283699-24-000109,guidance_issuance_or_update,TMUS,2024-07-31,,,,"Press release, dated July 31, 2024, entitled ""T-Mobile Delivers Industry-Leading Growth in Customers, Service Revenues and Profitability in Q2, Raises 2024 Customer and Cash Flow Guidance""",https://www.sec.gov/Archives/edgar/data/1283699/0001283699-24-000109.txt
0001437749-24-029518,guidance_issuance_or_update,UNP,2024-09-19,,,,expect revenue (excluding fuel surcharge revenue) will grow faster than volume (excluding coal) which will outpace the markets the Company serves over the next 3 years; anticipate pricing dollars will be accretive to operating ratio starting in 2025; maintain an industry leading operating ratio; forecast an earnings per share compound annual growth rate in the high single to low double digit range,https://www.sec.gov/Archives/edgar/data/100885/0001437749-24-029518.txt
0001551152-24-000033,guidance_issuance_or_update,ABBV,2024-10-03,,,,"AbbVie's full-year 2024 adjusted diluted earnings per share guidance range, including the impact of third quarter 2024 acquired IPR&D and milestones expense, is $10.67 - $10.87. AbbVie's third quarter 2024 adjusted diluted earnings per share guidance range, including the impact of third quarter 2024 acquired IPR&D and milestones expense, is $2.88 - $2.92.",https://www.sec.gov/Archives/edgar/data/1551152/0001551152-24-000033.txt
0000066740-24-000098,guidance_issuance_or_update,MMM,2024-10-22,,,,"On October 22, 2024, 3M Company issued a press release reporting third-quarter financial results and updating its full-year 2024 guidance",https://www.sec.gov/Archives/edgar/data/66740/0000066740-24-000098.txt
0001283699-24-000141,guidance_issuance_or_update,TMUS,2024-10-23,,,,"Press release, dated October 23, 2024, entitled ""T-Mobile Delivers Industry-Leading Growth in Customers, Service Revenues, Profitability and Cash Flows in Q3, Raises 2024 Guidance Across the Board""",https://www.sec.gov/Archives/edgar/data/1283699/0001283699-24-000141.txt
0001141391-24-000211,guidance_issuance_or_update,MA,2024-11-13,,,,"On November 13, 2024, Mastercard Incorporated (the ""Company"") provided its performance objectives for 2025-2027 as follows: Net revenue compound annual growth rate (""CAGR"") % High-end of low-double-digits; Annual operating margin percentage Minimum 55%; Earnings per share CAGR % Mid-teens",https://www.sec.gov/Archives/edgar/data/1141391/0001141391-24-000211.txt
0000896878-24-000051,guidance_issuance_or_update,INTU,2024-11-21,,,,"On November 21, 2024, Intuit Inc. announced its financial results for the fiscal quarter ended October 31, 2024 and provided forward-looking guidance.",https://www.sec.gov/Archives/edgar/data/896878/0000896878-24-000051.txt
0000773840-24-000102,guidance_issuance_or_update,HON,2024-12-02,,,,"On December 2, 2024, Honeywell International Inc. issued the press release attached hereto as Exhibit 99 which, among other things, includes an update to the Company's full-year sales, organic growth, segment margin, adjusted earnings per share, operating cash flow, and free cash flow guidance.",https://www.sec.gov/Archives/edgar/data/773840/0000773840-24-000102.txt
0000731766-24-000338,guidance_issuance_or_update,UNH,2024-12-03,,,,"UnitedHealth Group Incorporated (the ""Company"") issued a press release regarding its 2024 financial outlook and initial projections for 2025.",https://www.sec.gov/Archives/edgar/data/731766/0000731766-24-000338.txt
0000078003-24-000195,guidance_issuance_or_update,PFE,2024-12-17,,,,"On December 17, 2024, Pfizer Inc. issued a press release that provided its full-year 2025 guidance and reaffirmed its full-year 2024 financial guidance.",https://www.sec.gov/Archives/edgar/data/78003/0000078003-24-000195.txt
0001551152-25-000002,guidance_issuance_or_update,ABBV,2025-01-06,,,,"AbbVie's full-year 2024 adjusted diluted earnings per share guidance range, including the impact of fourth quarter 2024 acquired IPR&D and milestones expense, is $10.02 - $10.06. AbbVie's fourth quarter 2024 adjusted diluted earnings per share guidance range, including the impact of fourth quarter 2024 acquired IPR&D and milestones expense, is $2.06 - $2.10.",https://www.sec.gov/Archives/edgar/data/1551152/0001551152-25-000002.txt
0000066740-25-000002,guidance_issuance_or_update,MMM,2025-01-21,,,,3M Company issued a press release reporting fourth-quarter and full-year 2024 results and provided its 2025 financial guidance,https://www.sec.gov/Archives/edgar/data/66740/0000066740-25-000002.txt
0000050863-25-000004,guidance_issuance_or_update,INTC,2025-01-30,,,,"On January 30, 2025, Intel Corporation issued a press release announcing the financial results of its fourth quarter ended December 28, 2024 and forward-looking statements relating to its first quarter of 2025.",https://www.sec.gov/Archives/edgar/data/50863/0000050863-25-000004.txt
0001099219-25-000039,guidance_issuance_or_update,MET,2025-02-05,,,,"Based on the forward yield curve as of December 31, 2024, we expect long-term interest rates to remain stable in 2025 with the yield curve steepening, as short-term interest rates decline. We expect to maintain this holding company cash target. We have also returned a total of approximately $21.0 billion to shareholders from 2020 through 2024, and we expect to generate approximately $25.0 billion in free cash flow over the next five years.",https://www.sec.gov/Archives/edgar/data/1099219/0001099219-25-000039.txt
0001193125-25-034283,guidance_issuance_or_update,PYPL,2025-02-25,,,,"The Company issued a press release which, among other things, reaffirms the Company's full year 2025 financial guidance and provides an outlook by 2027 and for other periods.",https://www.sec.gov/Archives/edgar/data/1633917/0001193125-25-034283.txt
0000732712-25-000010,guidance_issuance_or_update,VZ,2025-03-11,,,,Verizon announced that it expected that Verizon Consumer Group (Consumer) postpaid phone net additions for the first quarter of 2025 would be affected by (i) 3-5 basis points of churn incremental to the prior year period attributable to recent pricing actions and (ii) postpaid phone gross additions that are flat to slightly down from the prior year period.,https://www.sec.gov/Archives/edgar/data/732712/0000732712-25-000010.txt
0001551152-25-000023,guidance_issuance_or_update,ABBV,2025-04-03,,,,"AbbVie's full-year 2025 adjusted diluted earnings per share guidance range, including the impact of first quarter 2025 acquired IPR&D and milestones expense, is $11.99 - $12.19. AbbVie's first quarter 2025 adjusted diluted earnings per share guidance range, including the impact of first quarter 2025 acquired IPR&D and milestones expense, is $2.34 - $2.38.",https://www.sec.gov/Archives/edgar/data/1551152/0001551152-25-000023.txt
0001467858-25-000093,guidance_issuance_or_update,GM,2025-05-01,,,,"On May 1, 2025, General Motors Company (the ""Company"") updated its 2025 full-year earnings guidance as follows: Net income attributable to stockholders $8.2 billion - $10.1 billion, EBIT-adjusted $10.0 billion - $12.5 billion, Automotive operating cash flow $17.3 billion - $20.8 billion, and EPS-diluted $8.82 - $10.57.",https://www.sec.gov/Archives/edgar/data/1467858/0001467858-25-000093.txt
0000896878-25-000020,guidance_issuance_or_update,INTU,2025-05-22,,,,"On May 22, 2025, Intuit Inc. announced its financial results for the fiscal quarter ended April 30, 2025 and provided forward-looking guidance.",https://www.sec.gov/Archives/edgar/data/896878/0000896878-25-000020.txt
0000796343-25-000064,guidance_issuance_or_update,ADBE,2025-06-12,,,,"Press release issued on June 12, 2025 entitled ""Adobe Reports Record Revenue in Q2 and Raises FY25 Revenue and EPS Targets""",https://www.sec.gov/Archives/edgar/data/796343/0000796343-25-000064.txt
0001551152-25-000034,guidance_issuance_or_update,ABBV,2025-07-03,,,,"AbbVie's full-year 2025 adjusted diluted earnings per share guidance range, including the impact of second quarter 2025 acquired IPR&D and milestones expense, is $11.67 - $11.87. AbbVie's second quarter 2025 adjusted diluted earnings per share guidance range, including the impact of second quarter 2025 acquired IPR&D and milestones expense, is $2.84 - $2.88.",https://www.sec.gov/Archives/edgar/data/1551152/0001551152-25-000034.txt
0000066740-25-000061,guidance_issuance_or_update,MMM,2025-07-18,,,,"On July 18, 2025, 3M Company issued a press release reporting second-quarter 2025 financial results and updating its full-year 2025 guidance",https://www.sec.gov/Archives/edgar/data/66740/0000066740-25-000061.txt
0001283699-25-000116,guidance_issuance_or_update,TMUS,2025-07-23,,,,"Press release, dated July 23, 2025, entitled ""T-Mobile Delivers Record Quarter with Outsized Customer and Financial Growth, and Raises Full Year 2025 Guidance""",https://www.sec.gov/Archives/edgar/data/1283699/0001283699-25-000116.txt
0000896878-25-000031,guidance_issuance_or_update,INTU,2025-08-21,,,,"On August 21, 2025, Intuit Inc. announced its financial results for the fiscal quarter and year ended July 31, 2025 and provided forward-looking guidance.",https://www.sec.gov/Archives/edgar/data/896878/0000896878-25-000031.txt
0001104659-25-084800,guidance_issuance_or_update,CAT,2025-08-28,,,,"Based on the changes and clarifications announced since August 5, 2025 and expected to be in place as of August 31, 2025, the Company now expects the net impact from incremental tariffs introduced in 2025 will be between approximately $500 million to $600 million for the third quarter and approximately $1.5 to $1.8 billion for 2025. Including the net impact from incremental tariffs, the Company now expects its full year adjusted operating profit margin to be near the bottom of the target margin range.",https://www.sec.gov/Archives/edgar/data/18230/0001104659-25-084800.txt
0000731766-25-000245,guidance_issuance_or_update,UNH,2025-09-08,,,,"Senior leaders from UnitedHealth Group Incorporated (the ""Company"") will be meeting with investors and analysts between September 8, 2025 and September 10, 2025, during which the Company intends to reaffirm our adjusted 2025 earnings per share expectations previously disclosed by the Company on July 29, 2025.",https://www.sec.gov/Archives/edgar/data/731766/0000731766-25-000245.txt
0000796343-25-000102,guidance_issuance_or_update,ADBE,2025-09-11,,,,"Press release issued on September 11, 2025 entitled ""Adobe Raises FY25 Digital Media ARR Growth, Total Revenue, and EPS Targets""",https://www.sec.gov/Archives/edgar/data/796343/0000796343-25-000102.txt
0000050863-25-000153,guidance_issuance_or_update,INTC,2025-09-15,,,,Intel has revised its full-year 2025 non-GAAP operating expense target to $16.8 billion (from $17 billion) to reflect the deconsolidation of Altera. Intel's full-year 2026 operating expense target of $16 billion remains unchanged.,https://www.sec.gov/Archives/edgar/data/50863/0000050863-25-000153.txt
0001099219-25-000222,guidance_issuance_or_update,MET,2025-09-22,,,,"Based on preliminary results received to date, for the quarter ended September 30, 2025, the Company estimates that its variable investment income will meet its quarterly target of $425 million (pre-tax) (based on full-year 2025 guidance of approximately $1.7 billion (pre-tax)).",https://www.sec.gov/Archives/edgar/data/1099219/0001099219-25-000222.txt
0001551152-25-000043,guidance_issuance_or_update,ABBV,2025-10-03,,,,"AbbVie's full-year 2025 adjusted diluted earnings per share guidance range, including the impact of third quarter 2025 acquired IPR&D and milestones expense, is $10.38 - $10.58. AbbVie's third quarter 2025 adjusted diluted earnings per share guidance range, including the impact of third quarter 2025 acquired IPR&D and milestones expense, is $1.74 - $1.78.",https://www.sec.gov/Archives/edgar/data/1551152/0001551152-25-000043.txt
0001108524-25-000168,guidance_issuance_or_update,CRM,2025-10-16,,,,"Salesforce, Inc. (the ""Company"") issued a press release regarding its Investor Day event at Dreamforce, announcing, among other things, a new long-term revenue target and a new profitable growth framework.",https://www.sec.gov/Archives/edgar/data/1108524/0001108524-25-000168.txt
0000066740-25-000086,guidance_issuance_or_update,MMM,2025-10-21,,,,"On October 21, 2025, 3M Company issued a press release reporting third-quarter 2025 financial results and updating its full-year 2025 guidance",https://www.sec.gov/Archives/edgar/data/66740/0000066740-25-000086.txt
0001283699-25-000153,guidance_issuance_or_update,TMUS,2025-10-23,,,,"Press release entitled ""T-Mobile Delivers Record Customer Growth, Fueled By Widening Differentiation and Focus on Durable and Profitable Financial Growth, Raises Guidance Across the Board""",https://www.sec.gov/Archives/edgar/data/1283699/0001283699-25-000153.txt
0000753308-25-000064,guidance_issuance_or_update,NEE,2025-12-08,,,,"NEE now expects adjusted earnings per share for 2025 and 2026 to be between $3.62 and $3.70 and between $3.92 and $4.02, respectively, and expects compound annual growth in adjusted earnings per share of at least 8% annually through 2032, based on the expected 2025 adjusted earnings per share range. In addition, NEE is targeting long-term adjusted earnings per share growth of at least 8% through 2035.",https://www.sec.gov/Archives/edgar/data/753308/0000753308-25-000064.txt
0000077476-25-000059,guidance_issuance_or_update,PEP,2025-12-08,,,,"On December 8, 2025, PepsiCo, Inc. issued a press release announcing priorities to enhance shareholder value and providing preliminary 2026 financial outlook.",https://www.sec.gov/Archives/edgar/data/77476/0000077476-25-000059.txt
0000064803-25-000082,guidance_issuance_or_update,CVS,2025-12-09,,,,"CVS Health Corporation issued a press release that, among other things, discussed its strategic priorities, updated its 2025 full-year financial guidance and provided its 2026 full-year financial guidance.",https://www.sec.gov/Archives/edgar/data/64803/0000064803-25-000082.txt
0000078003-25-000167,guidance_issuance_or_update,PFE,2025-12-16,,,,"On December 16, 2025, Pfizer Inc. issued a press release that provided its full-year 2026 guidance and revised its full-year 2025 Revenue guidance while reaffirming all other components of its full-year 2025 financial guidance.",https://www.sec.gov/Archives/edgar/data/78003/0000078003-25-000167.txt
0001099219-25-000239,guidance_issuance_or_update,MET,2025-12-22,,,,"for the quarter ending December 31, 2025, the Company estimates that its variable investment income will be approximately $385 million to $435 million (pre-tax), relative to its quarterly target of $425 million (pre-tax) (based on full-year 2025 guidance of approximately $1.7 billion (pre-tax)). Additionally, for its outlook in 2026, the Company will incorporate an assumed 9% annual return on its private equity portfolio, which would contribute to $1.6 billion (pre-tax) of total estimated variable investment income for full year 2026.",https://www.sec.gov/Archives/edgar/data/1099219/0001099219-25-000239.txt
0001104659-24-002981,restructuring_plan,C,2024-01-10,,,,"Citi recorded approximately $780 million in restructuring charges in the quarter, largely driven by severance, non-cash asset impairments and other related charges, as part of Citi's implementation of its organizational and management simplification initiatives as of year-end 2023.",https://www.sec.gov/Archives/edgar/data/831001/0001104659-24-002981.txt
0000316709-24-000011,restructuring_plan,SCHW,2024-01-17,,,,"We took steps to unlock incremental efficiency, including identifying at least $500 million in cost savings beyond the pre-committed Ameritrade synergies. As part of this effort, we reduced our workforce by approximately 6% of staff, which helped streamline the organization and enables us to prioritize investments in key client initiatives.",https://www.sec.gov/Archives/edgar/data/316709/0000316709-24-000011.txt
0001104659-24-009109,restructuring_plan,MRK,2024-02-01,,,,"On January 29, 2024, the Company approved a new restructuring program (the '2024 Restructuring Program') intended to continue the optimization of the Company's Human Health global manufacturing network as the future pipeline shifts to new modalities and also optimize the Animal Health global manufacturing network to improve supply reliability and increase efficiency. The actions contemplated under the 2024 Restructuring Program are expected to be substantially completed by the end of 2031, with the cumulative pretax costs to be incurred by the Company to implement the program estimated to be approximately $4.0 billion.",https://www.sec.gov/Archives/edgar/data/310158/0001104659-24-009109.txt
0001193125-24-036201,restructuring_plan,CSCO,2024-02-14,,,,"On February 14, 2024, Cisco announced a restructuring plan in order to realign the organization and enable further investment in key priority areas. This restructuring plan will impact approximately 5 percent of Cisco's global workforce. Cisco currently estimates that it will recognize pre-tax charges to its GAAP financial results of approximately $800 million consisting of severance and other one-time termination benefits and other costs.",https://www.sec.gov/Archives/edgar/data/858877/0001193125-24-036201.txt
0000078003-24-000113,restructuring_plan,PFE,2024-05-22,,,,"In the second quarter of 2024, Pfizer announced it is launching a multi-year program to reduce our cost of goods sold. This cost reduction program (the ""program"") will span multiple years, and is expected to include operational efficiencies, network structure changes, and product portfolio enhancements. The first phase of the program is focused on operational efficiencies and is expected to deliver savings of approximately $1.5 billion by the end of 2027, some of which is expected to begin being realized in 2025. The one-time costs to achieve the savings associated with the first phase of the program are expected to be approximately $1.7 billion and primarily include severance and implementation costs.",https://www.sec.gov/Archives/edgar/data/78003/0000078003-24-000113.txt
0000896878-24-000030,restructuring_plan,INTU,2024-07-10,,,,"On July 10, 2024, Intuit Inc. announced a plan of reorganization (the ""Plan"") focused on reallocating resources to the Company's key growth areas. As part of the Plan, approximately 1,800 employees will exit the Company and the Company will close its Boise and Edmonton sites. The Company estimates that it will incur approximately $250 million to $260 million in charges in connection with the Plan, primarily in its fourth fiscal quarter ending July 31, 2024.",https://www.sec.gov/Archives/edgar/data/896878/0000896878-24-000030.txt
0001193125-24-200636,restructuring_plan,CSCO,2024-08-14,,,,"On August 14, 2024, Cisco announced a restructuring plan to allow it to invest in key growth opportunities and drive more efficiencies in its business. This restructuring plan is expected to impact approximately 7 percent of Cisco's global workforce. Cisco currently estimates that it will recognize pre-tax charges to its GAAP financial results of up to $1 billion consisting of severance and other one-time termination benefits, and other costs.",https://www.sec.gov/Archives/edgar/data/858877/0001193125-24-200636.txt
0000050863-24-000147,restructuring_plan,INTC,2024-10-31,,,,"On October 28, 2024, the Audit & Finance Committee approved a series of cost and capital reduction initiatives designed to adjust spending to current business trends while enabling Intel's new operating model. These initiatives include reducing headcount by 16,500 employees, consolidating and reducing the Company's global real estate footprint, conducting portfolio reviews of the Company's business under a 'clean sheet' view, rationalizing capital investments and deployments based upon demand signals and capacity requirements, and reducing the Company's overall operating expenses. The Company expects to recognize $3.0 billion of restructuring charges related to these actions, of which the Company is recognizing $2.8 billion in the third quarter of 2024.",https://www.sec.gov/Archives/edgar/data/50863/0000050863-24-000147.txt
0000078003-25-000111,restructuring_plan,PFE,2025-04-29,,,,"On April 29, 2025, Pfizer announced approximately $1.2 billion of additional anticipated savings associated with its ongoing cost realignment program (the 'Realigning Our Cost Base Program' or the 'Program') expected to be achieved by the end of 2027, designed to further reduce costs primarily in selling, information and administrative expenses ('SI&A') driven in large part by enhanced digital enablement, including automation and artificial intelligence ('AI'), and simplification of business processes. Pfizer expects one-time costs to achieve the additional savings to be incurred through 2027 and to total approximately $1.6 billion, primarily representing cash expenditures for severance, digital enablement and implementation.",https://www.sec.gov/Archives/edgar/data/78003/0000078003-25-000111.txt
0000050863-25-000107,restructuring_plan,INTC,2025-07-24,,,,"The Audit Committee approved an enterprise-wide initiative to fundamentally transform culture and operations, designed to simplify the way we do business. As part of this transformation, the Company implemented the 2025 Restructuring Plan to lower expenses, streamline organizational structure and reduce management layers. The Company expects these headcount reduction initiatives will reduce core Intel workforce by 15% by the end of fiscal 2025.",https://www.sec.gov/Archives/edgar/data/50863/0000050863-25-000107.txt
0001104659-25-071380,restructuring_plan,MRK,2025-07-29,,,,"On July 25, 2025, the Company approved a new restructuring program (2025 Restructuring Program) designed to position the Company for its next chapter of growth and to successfully advance its pipeline and launch new products across multiple therapeutic areas. The cumulative pretax costs to be incurred by the Company to implement the program are estimated to be approximately $3.0 billion, of which approximately 60% will be cash, relating primarily to employee separation expense and contractual termination costs. The Company expects the actions under the 2025 Restructuring Program to result in annual cost savings of approximately $1.7 billion, which will be substantially realized by the end of 2027.",https://www.sec.gov/Archives/edgar/data/310158/0001104659-25-071380.txt
0000021665-25-000040,restructuring_plan,CL,2025-08-01,,,,"On July 31, 2025, the Company's Board of Directors approved a new three-year productivity program to drive future growth and support the Company's 2030 strategy (the ""Productivity Program""). The program includes initiatives to better align the Company's organizational structure to support its strategic initiatives, optimize the Company's global supply chain to drive agility and efficiencies and simplify and streamline its organizational structure to reduce overhead costs. The Productivity Program is projected to result in cumulative pre-tax charges, once all initiatives are approved and implemented, totaling between $200 and $300 million over the course of the three-year program.",https://www.sec.gov/Archives/edgar/data/21665/0000021665-25-000040.txt
0000829224-25-000067,restructuring_plan,SBUX,2025-09-25,,,,"On September 23, 2025, the Board of Directors of Starbucks Corporation (the ""Company"") approved a restructuring plan involving the closure of coffeehouses, and the further transformation of the Company's support organization, as part of the Company's ""Back to Starbucks"" strategy. The Company expects that a majority of the store closures will be completed by the end of this fiscal year. The Company estimates that it will incur approximately $1 billion related to the store closures, support organization transformation, and other restructuring activities, with 90% of the expenses attributable to the North America business.",https://www.sec.gov/Archives/edgar/data/829224/0000829224-25-000067.txt
0000021665-25-000052,restructuring_plan,CL,2025-10-31,,,,"The Strategic Growth and Productivity Program is estimated to result in cumulative pre-tax charges, once all initiatives are approved and implemented, totaling between $200 and $300 million, which is currently estimated to be comprised of the following: employee-related costs, including severance and other termination benefits (65% to 75%) and asset-related costs and other charges (25% to 35%), which include accelerated depreciation, asset write-offs, contract termination and other exit costs.",https://www.sec.gov/Archives/edgar/data/21665/0000021665-25-000052.txt
0000947871-24-000009,share_repurchase_program,CVS,2024-01-05,,,,"During the fourth quarter of 2023, the Company entered into a $3.0 billion fixed dollar accelerated share repurchase transaction, which became effective on January 3, 2024.",https://www.sec.gov/Archives/edgar/data/64803/0000947871-24-000009.txt
0001326801-24-000010,share_repurchase_program,META,2024-02-01,,,,"On February 1, 2024, Meta announced an increase of $50 billion in the amount authorized for repurchases under the program. As of December 31, 2023, $30.93 billion remained available and authorized for repurchases under the program.",https://www.sec.gov/Archives/edgar/data/1326801/0001326801-24-000010.txt
0000764180-24-000007,share_repurchase_program,MO,2024-02-01,,,,"On January 31, 2024, Altria's Board of Directors (the 'Board') authorized a new $1 billion share repurchase program. The timing of share repurchases under this program depends upon marketplace conditions and other factors, and the program remains subject to the discretion of the Board.",https://www.sec.gov/Archives/edgar/data/764180/0000764180-24-000007.txt
0001744489-24-000079,share_repurchase_program,DIS,2024-02-07,,,,"The Board of Directors of the Company approved a new program, effective February 7, 2024, for the repurchase of shares of the Company's common stock in the amount of up to 400 million shares (the 'Share Repurchase Program'). The Company is targeting to repurchase up to $3 billion in aggregate of the Company's common stock in fiscal 2024 under the Share Repurchase Program.",https://www.sec.gov/Archives/edgar/data/1744489/0001744489-24-000079.txt
0001552781-24-000039,share_repurchase_program,UBER,2024-02-14,,,,"On February 6, 2024, the Board of Directors of Uber Technologies, Inc. (the ""Company"") authorized the repurchase of up to $7,000,000,000 in shares of the Company's outstanding common stock. The timing, manner, price and amount of any repurchases are determined by the discretion of management, depending on market conditions and other factors.",https://www.sec.gov/Archives/edgar/data/1543151/0001552781-24-000039.txt
0001108524-24-000002,share_repurchase_program,CRM,2024-02-28,,,,"On February 28, 2024, the Company announced an increase of $10.0 billion in the amount authorized for repurchases under the Share Repurchase Program. As of January 31, 2024, approximately $8.0 billion remained available and authorized for repurchase under the Share Repurchase Program.",https://www.sec.gov/Archives/edgar/data/1108524/0001108524-24-000002.txt
0000040545-24-000056,share_repurchase_program,GE,2024-03-07,,,,"the Company's Board of Directors (the ""Board"") has provided a new authorization for up to $15 billion of common share repurchases. This authorization will take effect and replace the prior $3 billion authorization from 2022 after the completion of the planned spin-off of GE Vernova, at which time the Company will operate as GE Aerospace.",https://www.sec.gov/Archives/edgar/data/40545/0000040545-24-000056.txt
0000796343-24-000057,share_repurchase_program,ADBE,2024-03-14,,,,"On March 14, 2024, Adobe announced that our Board of Directors approved a new stock repurchase program granting Adobe authority to repurchase up to $25 billion in common stock through March 14, 2028.",https://www.sec.gov/Archives/edgar/data/796343/0000796343-24-000057.txt
0001193125-24-071340,share_repurchase_program,MO,2024-03-19,,,,"On March 15, 2024, Altria entered into accelerated share repurchase (""ASR"") transactions under separate agreements with each of Morgan Stanley & Co. LLC and Goldman Sachs & Co. LLC (collectively, the ""ASR Agreements""), to repurchase an aggregate of $2.4 billion (the ""Repurchase Price"") of Altria common stock (""Common Stock""). The ASR transactions are part of Altria's existing share repurchase program, which was expanded to $3.4 billion in connection with the Secondary Offering and the Share Repurchase and is expected to be completed by December 31, 2024.",https://www.sec.gov/Archives/edgar/data/764180/0001193125-24-071340.txt
0001652044-24-000047,share_repurchase_program,GOOGL,2024-04-25,,,,Alphabet's Board of Directors also authorized the Company to repurchase up to an additional $70.0 billion of the Company's Class A and Class C shares.,https://www.sec.gov/Archives/edgar/data/1652044/0001652044-24-000047.txt
0001099219-24-000139,share_repurchase_program,MET,2024-05-01,,,,"On May 1, 2024, MetLife, Inc. announced that its Board of Directors approved a new $3 billion authorization to repurchase its common stock.",https://www.sec.gov/Archives/edgar/data/1099219/0001099219-24-000139.txt
0001104659-24-071748,share_repurchase_program,CAT,2024-06-14,,,,"On the same date, the Board added $20.0 billion to the Company's current share repurchase authorization, which was launched in 2022 with no expiration date. With the new authorization, the Company may repurchase up to approximately $21.8 billion of its common stock.",https://www.sec.gov/Archives/edgar/data/18230/0001104659-24-071748.txt
0000950103-24-009168,share_repurchase_program,MS,2024-06-28,,,,"The Board reauthorized a multi-year common equity share repurchase program of up to $20 billion, without a set expiration date, beginning in the third quarter. The share repurchases will be exercised from time to time at prices the Company deems appropriate, subject to various considerations, including current market conditions, the Company's capital position and future economic and earnings outlook.",https://www.sec.gov/Archives/edgar/data/895421/0000950103-24-009168.txt
0000070858-24-000194,share_repurchase_program,BAC,2024-07-24,,,,"the Corporation's Board of Directors (the ""Board"") authorized the Corporation's $25 billion common stock repurchase program, effective August 1, 2024, to replace the Corporation's current common stock repurchase program adopted by the Board in October 2021, and modified by the Board in September 2023, which will expire on August 1, 2024.",https://www.sec.gov/Archives/edgar/data/70858/0000070858-24-000194.txt
0001193125-24-217446,share_repurchase_program,USB,2024-09-12,,,,"U.S. Bancorp announced that its board of directors authorized a share repurchase program to repurchase up to $5 billion of the Company's outstanding common stock, effective September 13, 2024. This share repurchase program replaces the Company's existing share repurchase program announced on December 22, 2020, which is terminated effective on September 12, 2024.",https://www.sec.gov/Archives/edgar/data/36104/0001193125-24-217446.txt
0001140361-24-049266,share_repurchase_program,TMUS,2024-12-13,,,,"The Board has authorized a new shareholder return program of up to an initial $14.0 billion that will run through December 31, 2025 (the '2025 Shareholder Return Program'). The 2025 Shareholder Return Program is expected to consist of additional repurchases of shares of the Company's common stock, par value $0.00001 per share, and payment of cash dividends.",https://www.sec.gov/Archives/edgar/data/1283699/0001140361-24-049266.txt
0001065280-25-000033,share_repurchase_program,NFLX,2025-01-21,,,,"In December 2024, the Board of Directors (the ""Board"") of Netflix, Inc. (the ""Company"") authorized the repurchase of an additional $15 billion of the Company's common stock, in addition to the repurchase program authorized in September 2023, each without an expiration date. Following the increase, the Company had approximately $17.1 billion available for repurchases as of December 31, 2024.",https://www.sec.gov/Archives/edgar/data/1065280/0001065280-25-000033.txt
0001373715-25-000007,share_repurchase_program,NOW,2025-01-29,,,,"On January 29, 2025, ServiceNow announced that its Board of Directors authorized an additional $3.0 billion in repurchases under its share repurchase program. This authorization is an increase to the original $1.5 billion repurchase authorization announced in May 2023, of which approximately $266 million remained available as of December 31, 2024.",https://www.sec.gov/Archives/edgar/data/1373715/0001373715-25-000007.txt
0000764180-25-000006,share_repurchase_program,MO,2025-01-30,,,,"On January 29, 2025, the Board authorized a new $1 billion share repurchase program. The timing of share repurchases under this program depends upon marketplace conditions and other factors, and the program remains subject to the discretion of the Board.",https://www.sec.gov/Archives/edgar/data/764180/0000764180-25-000006.txt
0001193125-25-023158,share_repurchase_program,SCHW,2025-02-10,,,,"On February 9, 2025, the Company entered into a stock repurchase agreement with the selling stockholder pursuant to which the Company agreed to repurchase $1.5 billion of the Company's nonvoting common stock directly from the selling stockholder, in a private transaction, at the price per share at which the shares of common stock are sold to the public in the offering, less the underwriting discount per share (the ""repurchase"").",https://www.sec.gov/Archives/edgar/data/316709/0001193125-25-023158.txt
0000100885-25-000082,share_repurchase_program,UNP,2025-02-18,,,,"Union Pacific Corporation (the ""Company"") established accelerated share repurchase programs (""ASRs"") with each of Barclays Bank PLC (""Barclays"") and Citibank, N.A. (""Citi"") to repurchase an aggregate of $1.5 billion of the Company's shares of common stock. Approximately 4,815,022 shares of common stock repurchased under the ASRs will be received by the Company on February 18, 2025.",https://www.sec.gov/Archives/edgar/data/100885/0000100885-25-000082.txt
0001467858-25-000063,share_repurchase_program,GM,2025-02-26,,,,"On February 24, 2025, the Board of Directors (the ""Board"") of the Company authorized an increase under the Company's share repurchase program to an aggregate of $6.3 billion, of which $0.3 billion of capacity was remaining under the Company's previously authorized program. Following the completion of the transactions contemplated in the ASR Agreements, the Company expects to have $4.3 billion in share repurchase capacity for additional, opportunistic share repurchases.",https://www.sec.gov/Archives/edgar/data/1467858/0001467858-25-000063.txt
0000005272-25-000017,share_repurchase_program,AIG,2025-03-31,,,,"On March 29, 2025, the Board of Directors of the Company (the ""Board"") authorized the repurchase of up to $7.5 billion of the Company's common stock (inclusive of the approximately $3.4 billion remaining under the Board's prior share repurchase authorization), effective April 1, 2025.",https://www.sec.gov/Archives/edgar/data/5272/0000005272-25-000017.txt
0001652044-25-000040,share_repurchase_program,GOOGL,2025-04-24,,,,"On April 23, 2025, Alphabet's Board of Directors authorized the Company to repurchase up to an additional $70.0 billion of the Company's Class A and Class C shares.",https://www.sec.gov/Archives/edgar/data/1652044/0001652044-25-000040.txt
0001099219-25-000133,share_repurchase_program,MET,2025-04-30,,,,"On April 30, 2025, MetLife, Inc. announced that its Board of Directors approved a new $3.0 billion authorization to repurchase its common stock.",https://www.sec.gov/Archives/edgar/data/1099219/0001099219-25-000133.txt
0001035267-25-000156,share_repurchase_program,ISRG,2025-05-05,,,,"On May 1, 2025, the Board of Directors of the Company increased the authorized amount available under the Company's common stock repurchase program (the ""Repurchase Program"") to an aggregate of $4.0 billion, including amounts remaining under previous authorization.",https://www.sec.gov/Archives/edgar/data/1035267/0001035267-25-000156.txt
0000950103-25-008285,share_repurchase_program,MS,2025-07-01,,,,"The Board reauthorized a multi-year common equity share repurchase program of up to $20 billion, without a set expiration date, beginning in the third quarter. The share repurchases will be exercised from time to time at prices the Company deems appropriate, subject to various considerations, including current market conditions, the Company's capital position and future economic and earnings outlook.",https://www.sec.gov/Archives/edgar/data/895421/0000950103-25-008285.txt
0001104659-25-064857,share_repurchase_program,C,2025-07-02,,,,"As previously announced, Citi commenced a $20 billion multi-year share repurchase program in January 2025, of which $3.75 billion has been repurchased year-to-date.",https://www.sec.gov/Archives/edgar/data/831001/0001104659-25-064857.txt
0000070858-25-000257,share_repurchase_program,BAC,2025-07-23,,,,"the Corporation's Board of Directors (the ""Board"") authorized the Corporation's $40 billion common stock repurchase program, effective August 1, 2025, to replace the Corporation's current common stock repurchase program authorized by the Board on July 24, 2024, which will expire on August 1, 2025.",https://www.sec.gov/Archives/edgar/data/70858/0000070858-25-000257.txt
0001543151-25-000020,share_repurchase_program,UBER,2025-08-06,,,,"On July 28, 2025, the Board of Directors of the Company authorized the repurchase of up to an additional $20,000,000,000 in shares of the Company's outstanding common stock. Repurchases may be made through several methods, including open market purchases and accelerated share repurchases.",https://www.sec.gov/Archives/edgar/data/1543151/0001543151-25-000020.txt
0001108524-25-000083,share_repurchase_program,CRM,2025-09-03,,,,"On September 3, 2025, the Company announced an increase of $20.0 billion in the amount authorized for repurchases under the Share Repurchase Program. As of July 31, 2025, approximately $5.7 billion remained available and authorized for repurchase under the Share Repurchase Program.",https://www.sec.gov/Archives/edgar/data/1108524/0001108524-25-000083.txt
0000313616-25-000178,share_repurchase_program,DHR,2025-09-10,,,,"On September 9, 2025, the Board of Directors of the Company approved a new share repurchase program authorizing the repurchase of up to 35 million shares of the Company's common stock from time to time on the open market (including through the use of trading plans intended to qualify under Rule 10b5-1 under the Exchange Act of 1934, as amended), in privately negotiated transactions or by other methods, at the Company's discretion.",https://www.sec.gov/Archives/edgar/data/313616/0000313616-25-000178.txt
0000927628-25-000267,share_repurchase_program,COF,2025-10-21,,,,"On October 20, 2025, the Company authorized the repurchase of up to $16 billion of shares of its common stock. This new authorization replaces the Company's prior authorization to repurchase its common stock approved by the Board on April 1, 2022. Repurchases under the new share repurchase program are authorized to begin on October 21, 2025.",https://www.sec.gov/Archives/edgar/data/927628/0000927628-25-000267.txt
0000764180-25-000128,share_repurchase_program,MO,2025-10-30,,,,"On October 29, 2025, Altria's Board of Directors (Board) authorized the expansion of Altria's existing share repurchase program from $1 billion to $2 billion. The expanded share repurchase program expires on December 31, 2026.",https://www.sec.gov/Archives/edgar/data/764180/0000764180-25-000128.txt
0000032604-25-000079,share_repurchase_program,EMR,2025-11-05,,,,"On November 5, 2025, Emerson Electric Co. (the ""Company"") announced that its Board of Directors has authorized the Company to repurchase up to 50 million shares of its common stock over the next several years. The authorization is in addition to the 60 million share repurchase authorization approved in March of 2020, which has approximately 20 million shares remaining available.",https://www.sec.gov/Archives/edgar/data/32604/0000032604-25-000079.txt
0001193125-25-315998,share_repurchase_program,TMUS,2025-12-11,,,,"The Board has authorized a new shareholder return program of up to $14.6 billion that will run through December 31, 2026. The 2026 Shareholder Return Program is expected to consist of additional repurchases of shares of the Company's common stock, and payment of cash dividends.",https://www.sec.gov/Archives/edgar/data/1283699/0001193125-25-315998.txt
0001104659-24-003582,underwriting_agreement,DUK,2024-01-12,,,,"On January 12, 2024, Duke Energy Corporation (the ""Company"") consummated the issuance and sale of the securities described below pursuant to an underwriting agreement, dated January 9, 2024 (the ""Underwriting Agreement""), with Wells Fargo Securities, LLC, as underwriter (the ""Underwriter""), pursuant to which the Company agreed to issue and sell to the Underwriter $50,000,000 aggregate principal amount of the Company's 4.850% Senior Notes due 2027 (the ""2027 Notes"") and $100,000,000 aggregate principal amount of the Company's 4.850% Senior Notes due 2029 (the ""2029 Notes"").",https://www.sec.gov/Archives/edgar/data/1326160/0001104659-24-003582.txt
0000936468-24-000015,underwriting_agreement,LMT,2024-01-29,,,,"The Notes were sold in a public offering pursuant to the Company's effective registration statement on Form S-3 and the base prospectus included in that registration statement, as supplemented by the final prospectus supplement, dated January 25, 2024, with Morgan Stanley & Co. LLC, Mizuho Securities USA LLC and SMBC Nikko Securities America, Inc., as representatives of the several underwriters.",https://www.sec.gov/Archives/edgar/data/936468/0000936468-24-000015.txt
0001193125-24-021852,underwriting_agreement,COF,2024-02-01,,,,"The Notes were issued pursuant to an underwriting agreement (the 'Underwriting Agreement'), dated January 29, 2024, with BofA Securities, Inc., Citigroup Global Markets Inc., J.P. Morgan Securities LLC, Morgan Stanley & Co. LLC and Capital One Securities, Inc., as representatives of the several underwriters listed therein.",https://www.sec.gov/Archives/edgar/data/927628/0001193125-24-021852.txt
0001193125-24-028127,underwriting_agreement,TXN,2024-02-08,,,,"The Notes were issued pursuant to an underwriting agreement filed herewith as Exhibit 1.1 dated February 5, 2024 among Texas Instruments and BofA Securities, Inc., Citigroup Global Markets Inc. and Mizuho Securities USA LLC, as underwriters.",https://www.sec.gov/Archives/edgar/data/97476/0001193125-24-028127.txt
0001193125-24-028387,underwriting_agreement,SBUX,2024-02-08,,,,"Starbucks Corporation completed a public offering pursuant to an underwriting agreement (the 'Underwriting Agreement'), dated February 5, 2024, with Goldman Sachs & Co. LLC, J.P. Morgan Securities LLC, U.S. Bancorp Investments, Inc. and Wells Fargo Securities, LLC, as representatives of the several underwriters named therein.",https://www.sec.gov/Archives/edgar/data/829224/0001193125-24-028387.txt
0001193125-24-029551,underwriting_agreement,LLY,2024-02-09,,,,"On February 7, 2024, Eli Lilly and Company entered into an underwriting agreement with BofA Securities, Inc., Barclays Capital Inc., Citigroup Global Markets Inc., Deutsche Bank Securities Inc. and Mizuho Securities USA LLC, as representatives of the several underwriters named therein, for the issuance and sale by the Company of Notes.",https://www.sec.gov/Archives/edgar/data/59478/0001193125-24-029551.txt
0001104659-24-019869,underwriting_agreement,PM,2024-02-13,,,,"PMI entered into a Terms Agreement with Barclays Capital Inc., Citigroup Global Markets Inc., Mizuho Securities USA LLC, BBVA Securities Inc., BofA Securities, Inc., Deutsche Bank Securities Inc., Goldman Sachs & Co. LLC, HSBC Securities (USA) Inc., Santander US Capital Markets LLC, SMBC Nikko Securities America, Inc., Standard Chartered Bank, UBS Securities LLC and Wells Fargo Securities, LLC, as representatives of the several underwriters named therein, pursuant to which PMI agreed to issue and sell the Notes to the Underwriters.",https://www.sec.gov/Archives/edgar/data/1413329/0001104659-24-019869.txt
0001104659-24-024927,underwriting_agreement,PEP,2024-02-16,,,,"Deutsche Bank AG, Singapore Branch, Goldman Sachs (Singapore) Pte., Mizuho Securities (Singapore) Pte. Ltd. and Morgan Stanley Asia (Singapore) Pte. were joint book-running and joint lead managers for the offering of the Securities. The Securities were offered and sold pursuant to a Terms Agreement dated February 12, 2024 (incorporating the PepsiCo Singapore Underwriting Agreement Standard Provisions dated as of February 12, 2024).",https://www.sec.gov/Archives/edgar/data/77476/0001104659-24-024927.txt
0001628280-24-005656,underwriting_agreement,MDLZ,2024-02-20,,,,"On February 15, 2024, we entered into a Terms Agreement in respect of the Notes (the 'Terms Agreement') with BBVA Securities Inc., J.P. Morgan Securities LLC, Mizuho Securities USA LLC, and Wells Fargo Securities, LLC, as representatives of the several underwriters named therein (the 'Underwriters'), pursuant to which we agreed to issue and sell the Notes to the Underwriters.",https://www.sec.gov/Archives/edgar/data/1103982/0001628280-24-005656.txt
0000092122-24-000034,underwriting_agreement,SO,2024-02-28,,,,"On February 26, 2024, The Southern Company entered into Underwriting Agreements covering the issue and sale of an additional $400,000,000 aggregate principal amount of its Series 2023D 5.50% Senior Notes due March 15, 2029 and an additional $400,000,000 aggregate principal amount of its Series 2023E 5.70% Senior Notes due March 15, 2034, among the Company and BofA Securities, Inc., Morgan Stanley & Co. LLC, RBC Capital Markets, LLC, Scotia Capital (USA) Inc. and U.S. Bancorp Investments, Inc., as representatives of the several Underwriters.",https://www.sec.gov/Archives/edgar/data/92122/0000092122-24-000034.txt
0001193125-24-060868,underwriting_agreement,BLK,2024-03-06,,,,"BlackRock, Inc. and its wholly owned subsidiary, BlackRock Funding, Inc., entered into an underwriting agreement (the ""Underwriting Agreement"") with Morgan Stanley & Co. LLC, BofA Securities, Inc., Citigroup Global Markets Inc. and J.P. Morgan Securities LLC, as representatives of the several underwriters named therein.",https://www.sec.gov/Archives/edgar/data/1364742/0001193125-24-060868.txt
0001193125-24-071340,underwriting_agreement,MO,2024-03-19,,,,"Altria and ABI entered into an underwriting agreement with Morgan Stanley & Co. LLC, J.P. Morgan Securities LLC and J.P. Morgan SE, as representatives (the ""Representatives"") of several underwriters named therein (the ""Underwriters"" and such agreement, the ""Underwriting Agreement""). Pursuant to the Underwriting Agreement, Altria agreed to sell to the Underwriters 35,000,000 Ordinary Shares... In connection with the Secondary Offering, Altria granted the Underwriters an option to purchase up to 5,250,000 additional ADSs, exercisable within 30 days following the date of the Underwriting Agreement.",https://www.sec.gov/Archives/edgar/data/764180/0001193125-24-071340.txt
0001193125-24-073887,underwriting_agreement,UNH,2024-03-21,,,,"The Notes were issued pursuant to the Underwriting Agreement, dated March 19, 2024, and the Pricing Agreement, dated March 19, 2024, both among the Company and BofA Securities, Inc., Barclays Capital Inc., J.P. Morgan Securities LLC and Mizuho Securities USA LLC, as representatives of the several underwriters.",https://www.sec.gov/Archives/edgar/data/731766/0001193125-24-073887.txt
0001193125-24-087244,underwriting_agreement,ADBE,2024-04-04,,,,"On April 1, 2024, Adobe Inc. entered into an underwriting agreement with BofA Securities, Inc., J.P. Morgan Securities LLC, SG Americas Securities, LLC, U.S. Bancorp Investments, Inc. and Wells Fargo Securities, LLC, as representatives of the several underwriters. The Underwriting Agreement contains customary representations, warranties and agreements by Adobe, and customary closing conditions, indemnification rights and termination provisions.",https://www.sec.gov/Archives/edgar/data/796343/0001193125-24-087244.txt
0001193125-24-107105,underwriting_agreement,WFC,2024-04-23,,,,The purpose of this Current Report is to file with the SEC the following documents: (i) the Underwriting Agreement for the Notes; (ii) the form of the Notes; and (iii) the opinion of Faegre Drinker Biddle & Reath LLP regarding the Notes.,https://www.sec.gov/Archives/edgar/data/72971/0001193125-24-107105.txt
0001193125-24-116833,underwriting_agreement,BRK.B,2024-04-26,,,,"The Notes were sold pursuant to an underwriting agreement entered into on April 18, 2024, by and among (a) Berkshire and (b) Merrill Lynch International and Mizuho Securities USA LLC.",https://www.sec.gov/Archives/edgar/data/1067983/0001193125-24-116833.txt
0000092122-24-000051,underwriting_agreement,SO,2024-05-03,,,,"The Southern Company entered into a Distribution Agreement dated May 3, 2024 with Barclays Capital Inc., BofA Securities, Inc., Citigroup Global Markets Inc., Goldman Sachs & Co. LLC, J.P. Morgan Securities LLC, Mizuho Securities USA LLC, Morgan Stanley & Co. LLC, MUFG Securities Americas Inc., RBC Capital Markets, LLC, Scotia Capital (USA) Inc., Truist Securities, Inc. and Wells Fargo Securities, LLC, as sales agents for the offer and sale of common stock.",https://www.sec.gov/Archives/edgar/data/92122/0000092122-24-000051.txt
0001552781-24-000299,underwriting_agreement,KO,2024-05-08,,,,"The Company entered into an underwriting agreement among the Company and Citigroup Global Markets Inc., Barclays Capital Inc. and Santander US Capital Markets LLC, as representatives of the several underwriters named therein, in connection with the Company's public offering of the Dollar Notes.",https://www.sec.gov/Archives/edgar/data/21344/0001552781-24-000299.txt
0001552781-24-000299,underwriting_agreement,KO,2024-05-08,,,,The Company entered into an underwriting agreement among the Company and the underwriters named therein in connection with the Company's public offering of the Euro Notes.,https://www.sec.gov/Archives/edgar/data/21344/0001552781-24-000299.txt
0001193125-24-134280,underwriting_agreement,CVS,2024-05-08,,,,"CVS Health Corporation, a Delaware corporation (the ""Company""), entered into an Underwriting Agreement (the ""Underwriting Agreement"") with BofA Securities, Inc., Barclays Capital Inc., Goldman Sachs & Co. LLC, J.P. Morgan Securities LLC and Wells Fargo Securities, LLC as representatives of the several underwriters",https://www.sec.gov/Archives/edgar/data/64803/0001193125-24-134280.txt
0001193125-24-135252,underwriting_agreement,MA,2024-05-09,,,,"In connection with the issuance of the Notes, the Company entered into an Underwriting Agreement dated as of May 7, 2024 (the ""Underwriting Agreement"") with Citigroup Global Markets Inc., Deutsche Bank Securities Inc., MUFG Securities Americas Inc., Santander US Capital Markets LLC and U.S. Bancorp Investments, Inc., as representatives (the ""Representatives"") of the several underwriters listed in Schedule II to the Underwriting Agreement.",https://www.sec.gov/Archives/edgar/data/1141391/0001193125-24-135252.txt
0001193125-24-142828,underwriting_agreement,JNJ,2024-05-20,,,,"In connection with the offering of the U.S. Dollar Notes, the Company entered into an underwriting agreement on May 13, 2024, with J.P. Morgan Securities LLC, BofA Securities, Inc. and Citigroup Global Markets Inc., as representatives of the several Underwriters. In connection with the offering of the Euro Notes, the Company entered into an underwriting agreement on May 14, 2024, with J.P. Morgan Securities plc, Citigroup Global Markets Limited, Deutsche Bank AG, London Branch and the several Underwriters named therein.",https://www.sec.gov/Archives/edgar/data/200406/0001193125-24-142828.txt
0001193125-24-144012,underwriting_agreement,PYPL,2024-05-21,,,,"On May 20, 2024, PayPal Holdings, Inc. (the ""Company"") entered into an Underwriting Agreement (the ""Underwriting Agreement"") with BofA Securities, Inc., Deutsche Bank Securities Inc., Goldman Sachs & Co. LLC and J.P. Morgan Securities LLC, as the representatives of the several underwriters named on Schedule 1 thereto, with respect to the Company's issuance and sale of $1.25 billion aggregate principal amount of senior notes.",https://www.sec.gov/Archives/edgar/data/1633917/0001193125-24-144012.txt
0001104659-24-064258,underwriting_agreement,UPS,2024-05-22,,,,"On May 20, 2024, the Company entered into an agreement (the 'Underwriting Agreement') with the underwriters listed on Schedule II thereto (the 'Underwriters'), whereby the Company agreed to sell and the Underwriters agreed to purchase from the Company",https://www.sec.gov/Archives/edgar/data/1090727/0001104659-24-064258.txt
0001193125-24-144958,underwriting_agreement,CMCSA,2024-05-22,,,,"The Notes were issued pursuant to an underwriting agreement dated May 20, 2024 among Comcast, the Guarantors and Barclays Capital Inc., Citigroup Global Markets Inc. and Santander US Capital Markets LLC, as representatives of the several underwriters named therein.",https://www.sec.gov/Archives/edgar/data/1166691/0001193125-24-144958.txt
0001104659-24-065573,underwriting_agreement,UPS,2024-05-28,,,,"On May 23, 2024, the Company entered into an agreement (the ""Underwriting Agreement"") with the underwriters listed on Schedule I thereto (the ""Underwriters""), whereby the Company agreed to sell and the Underwriters agreed to purchase from the Company, subject to and upon the terms and conditions set forth in the Underwriting Agreement, $213,003,000 principal amount of Floating Rate Senior Notes due 2074.",https://www.sec.gov/Archives/edgar/data/1090727/0001104659-24-065573.txt
0001193125-24-155141,underwriting_agreement,MET,2024-06-05,,,,"On June 3, 2024, the Company entered into (i) an underwriting agreement (attached hereto as Exhibit 1.1 and incorporated herein by reference) and (ii) a pricing agreement (attached hereto as Exhibit 1.2 and incorporated herein by reference) (the ""Pricing Agreement"") relating to the sale of the Senior Notes, each among the Company and Citigroup Global Markets Inc., Deutsche Bank Securities, Inc., Goldman Sachs & Co. LLC, HSBC Securities (USA) Inc. and Wells Fargo Securities, LLC, as representatives of the several underwriters.",https://www.sec.gov/Archives/edgar/data/1099219/0001193125-24-155141.txt
0001104659-24-069077,underwriting_agreement,PM,2024-06-06,,,,"On June 3, 2024, PMI entered into a Terms Agreement with the underwriters named therein, pursuant to which PMI agreed to issue and sell the Notes to the Underwriters. The provisions of an Underwriting Agreement, dated as of April 25, 2008, are incorporated by reference in the Terms Agreement.",https://www.sec.gov/Archives/edgar/data/1413329/0001104659-24-069077.txt
0001104659-24-072918,underwriting_agreement,HD,2024-06-18,,,,"The Home Depot, Inc. entered into an Underwriting Agreement among the Company and J.P. Morgan Securities LLC, BofA Securities, Inc., Goldman Sachs & Co. LLC, and Morgan Stanley & Co. LLC, as representatives of the several underwriters. Pursuant to the Underwriting Agreement, the Company agreed to sell the Notes to the Underwriters, and the Underwriters agreed to purchase the Notes for resale to the public.",https://www.sec.gov/Archives/edgar/data/354950/0001104659-24-072918.txt
0001628280-24-030660,underwriting_agreement,MDLZ,2024-07-01,,,,"In connection with the Notes Offering, on June 26, 2024, we entered into a Terms Agreement in respect of the Notes (the ""Terms Agreement"") with CIBC World Markets Inc., Merrill Lynch Canada Inc., RBC Dominion Securities Inc., TD Securities Inc., BNP Paribas (Canada) Securities Inc., Deutsche Bank Securities Inc., HSBC Securities (USA) Inc. and SG Americas Securities, LLC (collectively, the ""Underwriters""), pursuant to which we agreed to issue and sell the Notes to the Underwriters.",https://www.sec.gov/Archives/edgar/data/1103982/0001628280-24-030660.txt
0001104659-24-080566,underwriting_agreement,PEP,2024-07-17,,,,"BofA Securities, Inc., Citigroup Global Markets Inc. and J.P. Morgan Securities LLC were joint book-running managers for the offering of the Notes. The Notes were offered and sold pursuant to a Terms Agreement dated July 15, 2024 (incorporating the PepsiCo, Inc. Underwriting Agreement Standard Provisions dated as of November 18, 2019) among PepsiCo and the representatives of the several underwriters.",https://www.sec.gov/Archives/edgar/data/77476/0001104659-24-080566.txt
0001193125-24-181046,underwriting_agreement,BLK,2024-07-18,,,,"BlackRock and its wholly owned subsidiary, BlackRock Funding, Inc. entered into an underwriting agreement (the ""Underwriting Agreement"") with Morgan Stanley & Co. LLC, J.P. Morgan Securities LLC, BofA Securities, Inc. and Wells Fargo Securities, LLC, as representatives of the several underwriters named therein (the ""Underwriters"").",https://www.sec.gov/Archives/edgar/data/1364742/0001193125-24-181046.txt
0001193125-24-182694,underwriting_agreement,WFC,2024-07-23,,,,"Underwriting Agreement, dated July 16, 2024, among the Company and Wells Fargo Securities, LLC, as representative of the several underwriters named therein.",https://www.sec.gov/Archives/edgar/data/72971/0001193125-24-182694.txt
0000731766-24-000255,underwriting_agreement,UNH,2024-07-25,,,,"The Notes were issued pursuant to the Underwriting Agreement, dated July 23, 2024, and the Pricing Agreement, dated July 23, 2024, both among the Company and Wells Fargo Securities, LLC, Citigroup Global Markets Inc., J.P. Morgan Securities LLC, PNC Capital Markets LLC, RBC Capital Markets, LLC and U.S. Bancorp Investments, Inc., as representatives of the several underwriters.",https://www.sec.gov/Archives/edgar/data/731766/0000731766-24-000255.txt
0001193125-24-186203,underwriting_agreement,COF,2024-07-26,,,,"The Notes were issued pursuant to an underwriting agreement (the ""Underwriting Agreement""), dated July 24, 2024, with Barclays Capital Inc., Citigroup Global Markets Inc., Morgan Stanley & Co. LLC, RBC Capital Markets, LLC and Capital One Securities, Inc., as representatives of the several underwriters listed therein.",https://www.sec.gov/Archives/edgar/data/927628/0001193125-24-186203.txt
0001140361-24-035325,underwriting_agreement,NFLX,2024-08-01,,,,"The Notes were issued pursuant to an underwriting agreement (the 'Underwriting Agreement') with Morgan Stanley & Co. LLC, Goldman Sachs & Co. LLC, J.P. Morgan Securities LLC and Wells Fargo Securities, LLC, as representatives of the several underwriters named therein.",https://www.sec.gov/Archives/edgar/data/1065280/0001140361-24-035325.txt
0001193125-24-197873,underwriting_agreement,META,2024-08-09,,,,"In connection with the issuance of the Notes, the Company entered into an Underwriting Agreement dated as of August 7, 2024 with BofA Securities, Inc., J.P. Morgan Securities LLC and Morgan Stanley & Co. LLC, as representatives of the several underwriters listed in Schedule II to the Underwriting Agreement.",https://www.sec.gov/Archives/edgar/data/1326801/0001193125-24-197873.txt
0001552781-24-000465,underwriting_agreement,KO,2024-08-09,,,,The Company entered into an underwriting agreement among the Company and the underwriters named therein in connection with the Company's public offering of the Euro Notes.,https://www.sec.gov/Archives/edgar/data/21344/0001552781-24-000465.txt
0001552781-24-000465,underwriting_agreement,KO,2024-08-09,,,,"The Coca-Cola Company entered into an underwriting agreement among the Company and Barclays Capital Inc., BofA Securities, Inc., Citigroup Global Markets Inc., Deutsche Bank Securities Inc., Goldman Sachs & Co. LLC and Morgan Stanley & Co. LLC, as representatives of the several underwriters named therein, in connection with the Company's public offering of the Dollar Notes.",https://www.sec.gov/Archives/edgar/data/21344/0001552781-24-000465.txt
0001193125-24-200435,underwriting_agreement,LLY,2024-08-14,,,,"On August 12, 2024, Eli Lilly and Company entered into an underwriting agreement with BNP Paribas Securities Corp., Citigroup Global Markets Inc., Goldman Sachs & Co. LLC, J.P. Morgan Securities LLC and Morgan Stanley & Co. LLC, as representatives of the several underwriters named therein, for the issuance and sale by the Company of Notes.",https://www.sec.gov/Archives/edgar/data/59478/0001193125-24-200435.txt
0001104659-24-092007,underwriting_agreement,DUK,2024-08-22,,,,"pursuant to an underwriting agreement, dated August 19, 2024 (the 'Underwriting Agreement'), with BofA Securities, Inc., Goldman Sachs & Co. LLC, J.P. Morgan Securities LLC, Morgan Stanley & Co. LLC, RBC Capital Markets, LLC, Santander US Capital Markets LLC and Truist Securities, Inc., as representatives of the several underwriters",https://www.sec.gov/Archives/edgar/data/1326160/0001104659-24-092007.txt
0001628280-24-038307,underwriting_agreement,MDLZ,2024-08-23,,,,"In connection with the Notes Offering, on August 22, 2024, we entered into a Terms Agreement in respect of the Notes (the ""Terms Agreement"") with BBVA Securities Inc., J.P. Morgan Securities LLC, Mizuho Securities USA LLC, and Wells Fargo Securities, LLC, as representatives of the several underwriters named therein (the ""Underwriters""), pursuant to which we agreed to issue and sell the Notes to the Underwriters. The provisions of an Amended and Restated Underwriting Agreement dated as of February 28, 2011 (the ""Underwriting Agreement"") are incorporated by reference into the Terms Agreement.",https://www.sec.gov/Archives/edgar/data/1103982/0001628280-24-038307.txt
0001193125-24-214198,underwriting_agreement,MA,2024-09-05,,,,"In connection with the issuance of the Notes, the Company entered into an Underwriting Agreement dated as of September 3, 2024 (the ""Underwriting Agreement"") with BofA Securities, Inc., Barclays Capital Inc., Credit Agricole Securities (USA) Inc., J.P. Morgan Securities LLC, Mizuho Securities USA LLC and Wells Fargo Securities, LLC, as representatives (the ""Representatives"") of the several underwriters listed in Schedule II to the Underwriting Agreement.",https://www.sec.gov/Archives/edgar/data/1141391/0001193125-24-214198.txt
0001552781-24-000524,underwriting_agreement,UBER,2024-09-09,,,,"In connection with the issuance of the Notes, the Company entered into an underwriting agreement dated September 4, 2024 (the ""Underwriting Agreement"") with Morgan Stanley & Co. LLC, BofA Securities, Inc. and J.P. Morgan Securities LLC, as representatives of the several underwriters listed in Schedule II to the Underwriting Agreement.",https://www.sec.gov/Archives/edgar/data/1543151/0001552781-24-000524.txt
0000092122-24-000085,underwriting_agreement,SO,2024-09-09,,,,"On September 4, 2024, The Southern Company entered into an Underwriting Agreement covering the issue and sale of $750,000,000 aggregate principal amount of its Series 2024B 4.85% Senior Notes due March 15, 2035, among the Company and BofA Securities, Inc., Mizuho Securities USA LLC, Morgan Stanley & Co. LLC, PNC Capital Markets LLC and RBC Capital Markets, LLC, as representatives of the several Underwriters.",https://www.sec.gov/Archives/edgar/data/92122/0000092122-24-000085.txt
0001193125-24-226980,underwriting_agreement,TMUS,2024-09-26,,,,"The Notes were issued pursuant to an underwriting agreement, dated as of September 23, 2024 (the 'Underwriting Agreement'), with the several underwriters named therein, for which J.P. Morgan Securities LLC, Morgan Stanley & Co. LLC, RBC Capital Markets, LLC and Wells Fargo Securities, LLC acted as representatives.",https://www.sec.gov/Archives/edgar/data/1283699/0001193125-24-226980.txt
0001193125-24-226937,underwriting_agreement,CMCSA,2024-09-26,,,,"The Notes were issued pursuant to an underwriting agreement dated September 23, 2024 among Comcast, the Guarantors and the underwriters named therein.",https://www.sec.gov/Archives/edgar/data/1166691/0001193125-24-226937.txt
0001193125-24-229033,underwriting_agreement,MET,2024-09-30,,,,"On September 26, 2024, the Company entered into (i) an underwriting agreement (attached hereto as Exhibit 1.1 and incorporated herein by reference) and (ii) a pricing agreement (attached hereto as Exhibit 1.2 and incorporated herein by reference) (the ""Pricing Agreement"") relating to the sale of the New Senior Notes, each among the Company and Morgan Stanley & Co. LLC, BofA Securities, Inc. and Wells Fargo Securities, LLC, as representatives of the several underwriters.",https://www.sec.gov/Archives/edgar/data/1099219/0001193125-24-229033.txt
0001193125-24-231159,underwriting_agreement,AVGO,2024-10-02,,,,"On September 26, 2024, Broadcom Inc. entered into an underwriting agreement with J.P. Morgan Securities LLC, TD Securities (USA) LLC and Truist Securities, Inc., acting for themselves and as representatives of the several underwriters named therein, pursuant to which the Company agreed to issue and sell to the Underwriters $5,000,000,000 aggregate principal amount of its senior notes.",https://www.sec.gov/Archives/edgar/data/1730168/0001193125-24-231159.txt
0001193125-24-232937,underwriting_agreement,ACN,2024-10-04,,,,"The Notes were issued pursuant to an Underwriting Agreement dated October 1, 2024 among Accenture Capital, as issuer, Accenture, as guarantor, and J.P. Morgan Securities LLC, BofA Securities, Inc., Citigroup Global Markets Inc. and BNP Paribas Securities Corp., as managers of the several underwriters.",https://www.sec.gov/Archives/edgar/data/1467373/0001193125-24-232937.txt
0001193125-24-234137,underwriting_agreement,XOM,2024-10-08,,,,"On October 4, 2024, Exxon Mobil Corporation entered into an underwriting agreement with Morgan Stanley & Co. LLC, UBS Securities LLC, RBC Capital Markets, LLC and Deutsche Bank Securities Inc., as managers of the several underwriters named therein, for the issuance and sale by the Company of $171,968,000 aggregate principal amount of its Floating Rate Notes due 2074.",https://www.sec.gov/Archives/edgar/data/34088/0001193125-24-234137.txt
0001193125-24-241941,underwriting_agreement,BRK.B,2024-10-23,,,,"The Notes were sold pursuant to an underwriting agreement entered into on October 10, 2024, by and among (a) Berkshire and (b) Merrill Lynch International and Mizuho Securities USA LLC.",https://www.sec.gov/Archives/edgar/data/1067983/0001193125-24-241941.txt
0001193125-24-247611,underwriting_agreement,BA,2024-10-30,,,,"On October 28, 2024, The Boeing Company entered into an underwriting agreement with Goldman Sachs & Co. LLC, BofA Securities, Inc., Citigroup Global Markets Inc. and J.P. Morgan Securities LLC, as the representatives of the underwriters, pursuant to which the Company agreed to issue and sell 112,500,000 shares of common stock.",https://www.sec.gov/Archives/edgar/data/12927/0001193125-24-247611.txt
0001193125-24-248743,underwriting_agreement,BA,2024-10-31,,,,"On October 28, 2024, The Boeing Company entered into an underwriting agreement (the ""Underwriting Agreement"") with Goldman Sachs & Co. LLC, BofA Securities, Inc., Citigroup Global Markets Inc. and J.P. Morgan Securities LLC, as the representatives of the underwriters, pursuant to which the Company agreed to issue and sell 100,000,000 depositary shares, each representing a 1/20th interest in a share of 6.00% Series A Mandatory Convertible Preferred Stock.",https://www.sec.gov/Archives/edgar/data/12927/0001193125-24-248743.txt
0001104659-24-113481,underwriting_agreement,PM,2024-11-01,,,,"On October 30, 2024, PMI entered into a Terms Agreement with BBVA Securities Inc., BofA Securities, Inc., Deutsche Bank Securities Inc., Goldman Sachs & Co. LLC, Wells Fargo Securities, LLC, Barclays Capital Inc., Citigroup Global Markets Inc., Mizuho Securities USA LLC and UBS Securities LLC, as representatives of the several underwriters named therein, pursuant to which PMI agreed to issue and sell the Notes to the Underwriters.",https://www.sec.gov/Archives/edgar/data/1413329/0001104659-24-113481.txt
0001104659-24-121025,underwriting_agreement,GILD,2024-11-20,,,,"On November 13, 2024, the Company entered into an underwriting agreement (the 'Underwriting Agreement') with Barclays Capital Inc. and BofA Securities, Inc., as representatives of the several underwriters listed in Schedule 1 thereto, relating to the issuance and sale by the Company of the Notes.",https://www.sec.gov/Archives/edgar/data/882095/0001104659-24-121025.txt
0001104659-24-121522,underwriting_agreement,BKNG,2024-11-21,,,,"On November 18, 2024, the Company entered into an underwriting agreement with Citigroup Global Markets Limited, Deutsche Bank AG, London Branch, HSBC Bank plc, and J.P. Morgan Securities plc, as representatives of the several underwriters, pursuant to which the Company agreed to issue and sell to the Underwriters €1,800,000,000 aggregate principal amount of Senior Notes in a registered public offering.",https://www.sec.gov/Archives/edgar/data/1075531/0001104659-24-121522.txt
0001104659-24-125909,underwriting_agreement,COP,2024-12-05,,,,"On November 25, 2024, ConocoPhillips Company entered into a Terms Agreement (including the provisions of the Underwriting Agreement incorporated by reference in the Terms Agreement), dated November 25, 2024, among CPCo, ConocoPhillips and the several Underwriters named in Schedule A to the Terms Agreement, relating to the underwritten public offering.",https://www.sec.gov/Archives/edgar/data/1163165/0001104659-24-125909.txt
0001193125-24-270867,underwriting_agreement,CVS,2024-12-05,,,,"On December 3, 2024, CVS Health Corporation entered into an Underwriting Agreement with Barclays Capital Inc., Citigroup Global Markets Inc. and Goldman Sachs & Co. LLC, as representatives of the several underwriters named in Schedule I thereto, pursuant to which the Company agreed to issue and sell to the Underwriters $2,250,000,000 aggregate principal amount of its 7.000% Series A Junior Subordinated Notes due 2055 and $750,000,000 aggregate principal amount of its 6.750% Series B Junior Subordinated Notes due 2054.",https://www.sec.gov/Archives/edgar/data/64803/0001193125-24-270867.txt
0001193125-25-004476,underwriting_agreement,AVGO,2025-01-10,,,,"On January 6, 2025, Broadcom Inc. entered into an underwriting agreement with Wells Fargo Securities, LLC, Citigroup Global Markets Inc., PNC Capital Markets LLC and Scotia Capital (USA) Inc., acting for themselves and as representatives of the several underwriters named therein, pursuant to which the Company agreed to issue and sell to the Underwriters $3,000,000,000 aggregate principal amount of its senior notes.",https://www.sec.gov/Archives/edgar/data/1730168/0001193125-25-004476.txt
0000092122-25-000008,underwriting_agreement,SO,2025-01-13,,,,"The Southern Company entered into an Underwriting Agreement with BofA Securities, Inc., J.P. Morgan Securities LLC, Morgan Stanley & Co. LLC, RBC Capital Markets, LLC and Wells Fargo Securities, LLC, as representatives of the several Underwriters, covering the issue and sale of the Series 2025A Junior Subordinated Notes.",https://www.sec.gov/Archives/edgar/data/92122/0000092122-25-000008.txt
0001558370-25-000246,underwriting_agreement,DE,2025-01-16,,,,"The Company entered into a terms agreement (the ""Terms Agreement"") with Barclays Capital Inc., BofA Securities, Inc., Citigroup Global Markets Inc., HSBC Securities (USA) Inc., J.P. Morgan Securities LLC, MUFG Securities Americas Inc., RBC Capital Markets, LLC and TD Securities (USA) LLC, as representatives of the underwriters named therein.",https://www.sec.gov/Archives/edgar/data/315189/0001558370-25-000246.txt
0001193125-25-008409,underwriting_agreement,ADBE,2025-01-17,,,,"Adobe Inc. entered into an underwriting agreement with J.P. Morgan Securities LLC, BofA Securities, Inc., SG Americas Securities, LLC, U.S. Bancorp Investments, Inc. and Wells Fargo Securities, LLC, as representatives of the several underwriters. The Underwriting Agreement contains customary representations, warranties and agreements by Adobe, and customary closing conditions, indemnification rights and termination provisions.",https://www.sec.gov/Archives/edgar/data/796343/0001193125-25-008409.txt
0001193125-25-021816,underwriting_agreement,MO,2025-02-06,,,,"On February 4, 2025, the Company and PM USA entered into a Terms Agreement (the ""Terms Agreement"") with Deutsche Bank Securities Inc., Santander US Capital Markets LLC, Scotia Capital (USA) Inc. and Wells Fargo Securities, LLC, as representatives of the several underwriters named therein (the ""Underwriters""), pursuant to which the Company agreed to issue and sell the Notes to the Underwriters.",https://www.sec.gov/Archives/edgar/data/764180/0001193125-25-021816.txt
0001104659-25-010578,underwriting_agreement,PEP,2025-02-07,,,,"BNP Paribas Securities Corp., Deutsche Bank Securities Inc., Goldman Sachs & Co. LLC and Morgan Stanley & Co. LLC were joint book-running managers for the offering of the Notes. The Notes were offered and sold pursuant to a Terms Agreement dated February 5, 2025 (incorporating the PepsiCo, Inc. Underwriting Agreement Standard Provisions dated as of November 18, 2019) among PepsiCo and the representatives of the several underwriters.",https://www.sec.gov/Archives/edgar/data/77476/0001104659-25-010578.txt
0001104659-25-010555,underwriting_agreement,IBM,2025-02-07,,,,"Underwriting Agreement dated February 5, 2025 among International Business Machines Corporation and BNP Paribas Securities Corp., Barclays Capital Inc., Deutsche Bank Securities Inc., RBC Capital Markets, LLC, Santander US Capital Markets LLC, SG Americas Securities, LLC, SMBC Nikko Securities America, Inc., U.S. Bancorp Investments, Inc. and Wells Fargo Securities, LLC, as the Representatives of the Underwriters",https://www.sec.gov/Archives/edgar/data/51143/0001104659-25-010555.txt
0001193125-25-024359,underwriting_agreement,TMUS,2025-02-11,,,,"The Notes were issued pursuant to an underwriting agreement, dated February 4, 2025 (the 'Underwriting Agreement'), with the several underwriters named therein.",https://www.sec.gov/Archives/edgar/data/1283699/0001193125-25-024359.txt
0001193125-25-025166,underwriting_agreement,SCHW,2025-02-12,,,,"In connection with the offering, the Company entered into an underwriting agreement (the ""underwriting agreement""), dated February 10, 2025, by and among the Company, the selling stockholder and TD Securities (USA) LLC and Goldman Sachs & Co. LLC, as representatives of the several underwriters named therein (the ""underwriters"").",https://www.sec.gov/Archives/edgar/data/316709/0001193125-25-025166.txt
0001193125-25-025100,underwriting_agreement,C,2025-02-12,,,,"Underwriting Agreement, dated February 5, 2025, among Citigroup Inc. and the underwriters named therein, relating to the offer and sale of Depositary Shares each representing a 1/25th interest in a share of 6.950% Fixed Rate Reset Noncumulative Preferred Stock, Series FF, of Citigroup Inc.",https://www.sec.gov/Archives/edgar/data/831001/0001193125-25-025100.txt
0001193125-25-025057,underwriting_agreement,LLY,2025-02-12,,,,"On February 10, 2025, Eli Lilly and Company entered into an underwriting agreement with Barclays Capital Inc., BofA Securities, Inc., Citigroup Global Markets Inc., Deutsche Bank Securities Inc. and Goldman Sachs & Co. LLC, as representatives of the several underwriters named therein, for the issuance and sale by the Company of Notes.",https://www.sec.gov/Archives/edgar/data/59478/0001193125-25-025057.txt
0000100885-25-000077,underwriting_agreement,UNP,2025-02-13,,,,"Attached as Exhibit 1.1 is the Underwriting Agreement (including the Terms Agreement), dated February 10, 2025, between the Company and BoA Securities, Inc., Citigroup Global Markets Inc., Morgan & Stanley Co. LLC, and Wells Fargo Securities, LLC, as representatives of the several underwriters named therein, pursuant to which the Company has agreed to sell, and the underwriters have agreed to purchase, subject to the terms and conditions contained therein, the Notes.",https://www.sec.gov/Archives/edgar/data/100885/0000100885-25-000077.txt
0001104659-25-015015,underwriting_agreement,ABBV,2025-02-19,,,,"On February 18, 2025, AbbVie Inc. entered into an underwriting agreement with BofA Securities, Inc., J.P. Morgan Securities LLC, Morgan Stanley & Co. LLC, Barclays Capital Inc. and Mizuho Securities USA LLC, acting for themselves and as representatives of the several underwriters named in Schedule II therein, pursuant to which AbbVie agreed to issue and sell to the Underwriters [the Notes].",https://www.sec.gov/Archives/edgar/data/1551152/0001104659-25-015015.txt
0001193125-25-030851,underwriting_agreement,JNJ,2025-02-20,,,,"In connection with the offering of the Notes, the Company entered into an underwriting agreement on February 18, 2025, with Citigroup Global Markets Inc., BofA Securities, Inc. and J.P. Morgan Securities LLC, as representatives of the several Underwriters named therein, pursuant to which the Company agreed to issue and sell the Notes to the Underwriters.",https://www.sec.gov/Archives/edgar/data/200406/0001193125-25-030851.txt
0001193125-25-033389,underwriting_agreement,CSCO,2025-02-24,,,,"The Notes were sold pursuant to an underwriting agreement, dated February 19, 2025 (the ""Underwriting Agreement""), among the Company and BNP Paribas Securities Corp., Goldman Sachs & Co. LLC, HSBC Securities (USA) Inc., Morgan Stanley & Co. LLC and Wells Fargo Securities, LLC on behalf of the several underwriters named therein.",https://www.sec.gov/Archives/edgar/data/858877/0001193125-25-033389.txt
0001193125-25-036821,underwriting_agreement,CVX,2025-02-26,,,,"On February 24, 2025, CUSA and the Corporation entered into an Underwriting Agreement with Barclays Capital Inc., BofA Securities, Inc., and J.P. Morgan Securities LLC, as representatives of the several underwriters named therein, pursuant to which CUSA agreed to issue and sell the Notes to the Underwriters, and the Corporation agreed to guarantee the Notes.",https://www.sec.gov/Archives/edgar/data/93410/0001193125-25-036821.txt
0001193125-25-036773,underwriting_agreement,JNJ,2025-02-26,,,,"In connection with the offering of the Notes, the Company entered into an underwriting agreement on February 19, 2025, with Citigroup Global Markets Limited, Deutsche Bank AG, London Branch, Goldman Sachs & Co. LLC and the several underwriters named therein, pursuant to which the Company agreed to issue and sell the Notes to the Underwriters.",https://www.sec.gov/Archives/edgar/data/200406/0001193125-25-036773.txt
0001193125-25-039253,underwriting_agreement,MA,2025-02-27,,,,"In connection with the issuance of the Notes, the Company entered into an Underwriting Agreement dated as of February 18, 2025 with Deutsche Bank Securities Inc., Citigroup Global Markets Inc., HSBC Securities (USA) Inc., NatWest Markets Securities Inc., PNC Capital Markets LLC and SG Americas Securities, LLC, as representatives of the several underwriters.",https://www.sec.gov/Archives/edgar/data/1141391/0001193125-25-039253.txt
0001140361-25-006525,underwriting_agreement,EMR,2025-02-28,,,,"The Company entered into pricing agreements dated February 25, 2025 with J.P. Morgan Securities plc, Goldman Sachs & Co. LLC and Merrill Lynch International, as representatives of the several underwriters, in connection with the public offering of the Notes. The 2031 Notes are being sold to the Euro Notes Underwriters at an issue price of 99.561% of the principal amount thereof, and the Euro Notes Underwriters offered the 2031 Notes to the public at a price of 99.936% of the principal amount thereof.",https://www.sec.gov/Archives/edgar/data/32604/0001140361-25-006525.txt
0000092122-25-000028,underwriting_agreement,SO,2025-02-28,,,,"On February 25, 2025, The Southern Company entered into an Underwriting Agreement with Barclays Capital Inc., Citigroup Global Markets Inc., Mizuho Securities USA LLC, MUFG Securities Americas Inc., PNC Capital Markets LLC and Truist Securities, Inc., as representatives of the several Underwriters.",https://www.sec.gov/Archives/edgar/data/92122/0000092122-25-000028.txt
0001193125-25-045581,underwriting_agreement,C,2025-03-04,,,,"Terms Agreement, dated February 25, 2025, among Citigroup Inc. (the ""Company"") and the underwriters named therein, relating to the offer and sale of the Company's senior notes with specified rates and maturity dates.",https://www.sec.gov/Archives/edgar/data/831001/0001193125-25-045581.txt
0001193125-25-051003,underwriting_agreement,BK,2025-03-10,,,,"On March 3, 2025, the Registrant entered into an underwriting agreement (the ""Underwriting Agreement"") with Deutsche Bank Securities Inc., Goldman Sachs & Co. LLC, Morgan Stanley & Co. LLC, RBC Capital Markets, LLC, UBS Securities LLC and BNY Mellon Capital Markets, LLC, as underwriters (the ""Underwriters""), relating to the public offering (the ""Offering"") of 500,000 depositary shares. The Underwriting Agreement contains various representations, warranties and agreements by the Registrant, conditions to closing, indemnification rights and obligations of the parties and termination provisions.",https://www.sec.gov/Archives/edgar/data/1390777/0001193125-25-051003.txt
0001193125-25-052173,underwriting_agreement,AMD,2025-03-12,,,,"Advanced Micro Devices, Inc. entered into an underwriting agreement with J.P. Morgan Securities LLC, BofA Securities, Inc., Barclays Capital Inc., Citigroup Global Markets Inc., and Wells Fargo Securities, LLC, as representatives of the several underwriters named therein, relating to the public offering by the Company of $1.5 billion aggregate principal amount of senior notes.",https://www.sec.gov/Archives/edgar/data/2488/0001193125-25-052173.txt
0001193125-25-053957,underwriting_agreement,MET,2025-03-13,,,,"On March 11, 2025, the Company entered into (i) an underwriting agreement... and (ii) a pricing agreement... relating to the sale of the Debentures, each among the Company and BNP Paribas Securities Corp., BofA Securities, Inc., Deutsche Bank Securities Inc., J.P. Morgan Securities LLC, Morgan Stanley & Co. LLC, and TD Securities (USA) LLC, as representatives of the several underwriters.",https://www.sec.gov/Archives/edgar/data/1099219/0001193125-25-053957.txt
0001104659-25-023448,underwriting_agreement,MMM,2025-03-13,,,,"On March 4, 2025, 3M Company entered into an Underwriting Agreement with BofA Securities, Inc., Citigroup Global Markets Inc., Deutsche Bank Securities Inc. and J.P. Morgan Securities LLC, as representatives of the several underwriters named therein, relating to the sale of $550,000,000 aggregate principal amount of the Company's 4.800% Notes due 2030 and $550,000,000 aggregate principal amount of the Company's 5.150% Notes due 2035.",https://www.sec.gov/Archives/edgar/data/66740/0001104659-25-023448.txt
0001193125-25-054816,underwriting_agreement,BK,2025-03-14,,,,"On March 7, 2025, the Registrant entered into an underwriting agreement (the ""Underwriting Agreement"") with Morgan Stanley & Co. LLC, UBS Securities LLC, Deutsche Bank Securities Inc., Goldman Sachs & Co. LLC, RBC Capital Markets, LLC and BNY Mellon Capital Markets, LLC, as underwriters (the ""Underwriters""), relating to the public offering (the ""Offering"") of 20,000,000 depositary shares (the ""Depositary Shares""), each representing a 1/4,000th interest in a share of the Series K Preferred Stock.",https://www.sec.gov/Archives/edgar/data/1390777/0001193125-25-054816.txt
0001193125-25-064112,underwriting_agreement,BLK,2025-03-26,,,,"BlackRock, Inc. and its wholly owned subsidiary, BlackRock Finance, Inc. entered into an underwriting agreement (the ""Underwriting Agreement"") with BNP PARIBAS, Deutsche Bank AG, London Branch and J.P. Morgan Securities plc, as representatives of the several underwriters named therein (the ""Underwriters"").",https://www.sec.gov/Archives/edgar/data/2012383/0001193125-25-064112.txt
0001193125-25-065576,underwriting_agreement,TMUS,2025-03-27,,,,"The Notes were issued pursuant to an underwriting agreement, dated March 24, 2025, with the several underwriters named in Schedule 1 thereto, for which Barclays Capital Inc., Deutsche Bank Securities Inc., Morgan Stanley & Co. LLC and UBS Securities LLC acted as representatives.",https://www.sec.gov/Archives/edgar/data/1283699/0001193125-25-065576.txt
0001193125-25-068736,underwriting_agreement,T,2025-03-31,,,,"The Notes were issued pursuant to an Underwriting Agreement, dated March 24, 2025, between AT&T and the several Underwriters named on Schedule II thereto.",https://www.sec.gov/Archives/edgar/data/732717/0001193125-25-068736.txt
0001193125-25-070417,underwriting_agreement,XOM,2025-04-01,,,,"On March 28, 2025, Exxon Mobil Corporation entered into an underwriting agreement with Morgan Stanley & Co. LLC, UBS Securities LLC, RBC Capital Markets, LLC, Deutsche Bank Securities Inc. and J.P. Morgan Securities LLC, as managers of the several underwriters named therein, for the issuance and sale by the Company of $192,803,000 aggregate principal amount of its Floating Rate Notes due 2075.",https://www.sec.gov/Archives/edgar/data/34088/0001193125-25-070417.txt
0001193125-25-084458,underwriting_agreement,BRK.B,2025-04-17,,,,"The Notes were sold pursuant to an underwriting agreement entered into on April 11, 2025, by and among (a) Berkshire and (b) Merrill Lynch International and Mizuho Securities USA LLC.",https://www.sec.gov/Archives/edgar/data/1067983/0001193125-25-084458.txt
0001193125-25-098253,underwriting_agreement,WMT,2025-04-28,,,,"Walmart Inc. and the Underwriters (BofA Securities, Inc., Goldman Sachs & Co. LLC, Wells Fargo Securities, LLC, Barclays Capital Inc., BNP Paribas Securities Corp. and Mizuho Securities USA LLC) have entered into a Pricing Agreement, dated April 23, 2025, and an Underwriting Agreement, dated April 23, 2025, pursuant to which the Company has agreed to sell the Notes to the Underwriters.",https://www.sec.gov/Archives/edgar/data/104169/0001193125-25-098253.txt
0001193125-25-103911,underwriting_agreement,BAC,2025-04-29,,,,"Underwriting Agreement, dated April 24, 2025 with respect to the offering of 3,000,000 Depositary Shares, each representing a 1/25th interest in a share of Series OO Preferred Stock",https://www.sec.gov/Archives/edgar/data/70858/0001193125-25-103911.txt
0001104659-25-042567,underwriting_agreement,PM,2025-04-30,,,,"On April 28, 2025, PMI entered into a Terms Agreement with Barclays Capital Inc., Mizuho Securities USA LLC, SMBC Nikko Securities America, Inc., Santander US Capital Markets LLC and Standard Chartered Bank, as representatives of the several underwriters named therein, pursuant to which PMI agreed to issue and sell the Notes to the Underwriters.",https://www.sec.gov/Archives/edgar/data/1413329/0001104659-25-042567.txt
0001104659-25-044105,underwriting_agreement,CL,2025-05-02,,,,"On April 28, 2025, Colgate-Palmolive Company executed an underwriting agreement (the 'Underwriting Agreement') with Citigroup Global Markets Inc. and Scotia Capital (USA) Inc., as representatives of the several underwriters named therein. The Underwriting Agreement includes customary representations, warranties and covenants by the Company.",https://www.sec.gov/Archives/edgar/data/21665/0001104659-25-044105.txt
0001628280-25-022707,underwriting_agreement,MDLZ,2025-05-06,,,,"On May 1, 2025, we entered into a Terms Agreement in respect of the Notes (the 'Terms Agreement') with BNP Paribas Securities Corp., Citigroup Global Markets Inc., Mizuho Securities USA LLC, and SMBC Nikko Securities America, Inc., as representatives of the several underwriters named therein (the 'Underwriters'), pursuant to which we agreed to issue and sell the Notes to the Underwriters.",https://www.sec.gov/Archives/edgar/data/1103982/0001628280-25-022707.txt
0001193125-25-114911,underwriting_agreement,GD,2025-05-07,,,,"The notes were sold pursuant to an Underwriting Agreement, dated as of April 28, 2025, among the Corporation, the Guarantors named therein and BofA Securities, Inc., J.P. Morgan Securities LLC and Wells Fargo Securities, LLC, as representatives of the underwriters named therein.",https://www.sec.gov/Archives/edgar/data/40533/0001193125-25-114911.txt
0001193125-25-114881,underwriting_agreement,C,2025-05-07,,,,"Terms Agreement, dated May 1, 2025, among Citigroup Inc. (the ""Company"") and the underwriters named therein, relating to the offer and sale of the Company's Senior Notes with multiple series and maturity dates.",https://www.sec.gov/Archives/edgar/data/831001/0001193125-25-114881.txt
0001193125-25-114935,underwriting_agreement,GM,2025-05-07,,,,"General Motors Company (the ""Company"") entered into an Underwriting Agreement (the ""Underwriting Agreement"") with Citigroup Global Markets Inc., Goldman Sachs & Co. LLC and Wells Fargo Securities, LLC, each acting as representative of the several other underwriters named therein (collectively, the ""Underwriters"")",https://www.sec.gov/Archives/edgar/data/1467858/0001193125-25-114935.txt
0001193125-25-115996,underwriting_agreement,CMCSA,2025-05-08,,,,"The Notes were issued pursuant to an underwriting agreement dated May 5, 2025 among Comcast, the Guarantors and BofA Securities, Inc., Mizuho Securities USA LLC and Wells Fargo Securities, LLC, as representatives of the several underwriters named therein.",https://www.sec.gov/Archives/edgar/data/1166691/0001193125-25-115996.txt
0001213900-25-041096,underwriting_agreement,SBUX,2025-05-08,,,,"Starbucks completed a public offering pursuant to an underwriting agreement (the 'Underwriting Agreement'), dated May 6, 2025, with BofA Securities, Inc., Citigroup Global Markets Inc., Morgan Stanley & Co. LLC and Scotia Capital (USA) Inc., as representatives of the several underwriters named therein.",https://www.sec.gov/Archives/edgar/data/829224/0001213900-25-041096.txt
0001104659-25-046766,underwriting_agreement,BKNG,2025-05-09,,,,"On May 6, 2025, the Company entered into an underwriting agreement with Banco Santander, S.A., BNP PARIBAS, Deutsche Bank AG, London Branch, Goldman Sachs & Co. LLC, and Merrill Lynch International, as representatives of the several underwriters, pursuant to which the Company agreed to issue and sell to the Underwriters €1,750,000,000 aggregate principal amount of Senior Notes in a registered public offering.",https://www.sec.gov/Archives/edgar/data/1075531/0001104659-25-046766.txt
0001140361-25-018400,underwriting_agreement,AAPL,2025-05-12,,,,"The Notes are being issued pursuant to an underwriting agreement (the 'Underwriting Agreement') dated May 5, 2025 among Apple and Goldman Sachs & Co. LLC, Barclays Capital Inc., BofA Securities, Inc. and J.P. Morgan Securities LLC, as representatives of the several underwriters named therein.",https://www.sec.gov/Archives/edgar/data/320193/0001140361-25-018400.txt
0001104659-25-048497,underwriting_agreement,UPS,2025-05-14,,,,"the Company entered into an agreement (the ""Underwriting Agreement"") with the underwriters listed on Schedule II thereto (the ""Underwriters""), whereby the Company agreed to sell and the Underwriters agreed to purchase from the Company, subject to and upon the terms and conditions set forth in the Underwriting Agreement",https://www.sec.gov/Archives/edgar/data/1090727/0001104659-25-048497.txt
0001628280-25-025899,underwriting_agreement,V,2025-05-15,,,,"The Notes were offered and sold pursuant to an Underwriting Agreement dated April 30, 2025 among the Company and the several underwriters named therein, under the Company's automatic shelf registration statement as amended on Form S-3.",https://www.sec.gov/Archives/edgar/data/1403161/0001628280-25-025899.txt
0001104659-25-049132,underwriting_agreement,CAT,2025-05-15,,,,"Caterpillar Inc. entered into an Underwriting Agreement with Barclays Capital Inc., Citigroup Global Markets Inc. and SG Americas Securities, LLC, as representatives of the several underwriters named therein, with respect to the offering and sale of $1.7 billion aggregate principal amount of the Company's 5.200% Senior Notes due 2035 and $300 million aggregate principal amount of the Company's 5.500% Senior Notes due 2055.",https://www.sec.gov/Archives/edgar/data/18230/0001104659-25-049132.txt
0001193125-25-122480,underwriting_agreement,PFE,2025-05-19,,,,"In connection with the offering of the Notes, the Issuer and the Company entered into an underwriting agreement (the 'Underwriting Agreement') and related pricing agreement (the 'Pricing Agreement'), each dated May 14, 2025, with the several underwriters listed on Schedule I to the Pricing Agreement.",https://www.sec.gov/Archives/edgar/data/78003/0001193125-25-122480.txt
0001104659-25-050984,underwriting_agreement,UPS,2025-05-20,,,,"the Company entered into an agreement (the ""Underwriting Agreement"") with the underwriters listed on Schedule I thereto (the ""Underwriters""), whereby the Company agreed to sell and the Underwriters agreed to purchase from the Company, subject to and upon the terms and conditions set forth in the Underwriting Agreement",https://www.sec.gov/Archives/edgar/data/1090727/0001104659-25-050984.txt
0001104659-25-051981,underwriting_agreement,QCOM,2025-05-22,,,,"On May 19, 2025, the Company entered into an underwriting agreement (the Underwriting Agreement) with J.P. Morgan Securities LLC, BofA Securities, Inc., Barclays Capital Inc., Goldman Sachs & Co. LLC and Morgan Stanley & Co. LLC, on behalf of the several Underwriters listed in Schedule I thereto (the Underwriters), pursuant to which the Company agreed to issue and sell the Notes to the Underwriters in a registered public offering (the Offering).",https://www.sec.gov/Archives/edgar/data/804328/0001104659-25-051981.txt
0001193125-25-125915,underwriting_agreement,TXN,2025-05-23,,,,"The Notes were issued pursuant to an underwriting agreement filed herewith as Exhibit 1.1 dated May 20, 2025 among Texas Instruments and Barclays Capital Inc., Morgan Stanley & Co. LLC and MUFG Securities Americas Inc., as underwriters.",https://www.sec.gov/Archives/edgar/data/97476/0001193125-25-125915.txt
0001193125-25-134108,underwriting_agreement,T,2025-06-03,,,,"The Notes were issued pursuant to an Underwriting Agreement, dated May 28, 2025, between AT&T and Deutsche Bank Securities Inc., RBC Capital Markets, LLC, Santander US Capital Markets LLC, SMBC Nikko Securities America, Inc., TD Securities (USA) LLC and Wells Fargo Securities, LLC, as the representatives of the several Underwriters.",https://www.sec.gov/Archives/edgar/data/732717/0001193125-25-134108.txt
0001104659-25-057314,underwriting_agreement,PM,2025-06-06,,,,"On June 3, 2025, PMI entered into a Terms Agreement with the underwriters named therein, pursuant to which PMI agreed to issue and sell the Notes to the Underwriters. The provisions of an Underwriting Agreement, dated as of April 25, 2008, are incorporated by reference in the Terms Agreement.",https://www.sec.gov/Archives/edgar/data/1413329/0001104659-25-057314.txt
0001193125-25-143717,underwriting_agreement,UNH,2025-06-20,,,,"The Notes were issued pursuant to the Underwriting Agreement, dated June 17, 2025, and the Pricing Agreement, dated June 17, 2025, both among the Company and BofA Securities, Inc., Barclays Capital Inc., Citigroup Global Markets Inc. and J.P. Morgan Securities LLC.",https://www.sec.gov/Archives/edgar/data/731766/0001193125-25-143717.txt
0001104659-25-070029,underwriting_agreement,PEP,2025-07-23,,,,"BofA Securities, Inc., Citigroup Global Markets Inc. and J.P. Morgan Securities LLC were joint book-running managers for the offering of the Notes. The Notes were offered and sold pursuant to a Terms Agreement dated July 21, 2025 (incorporating the PepsiCo, Inc. Underwriting Agreement Standard Provisions dated as of November 18, 2019).",https://www.sec.gov/Archives/edgar/data/77476/0001104659-25-070029.txt
0001193125-25-164439,underwriting_agreement,BAC,2025-07-24,,,,"Underwriting Agreement, dated July 21, 2025 with respect to the offering of 2,500,000 Depositary Shares, each representing a 1/25th interest in a share of Series UU Preferred Stock",https://www.sec.gov/Archives/edgar/data/70858/0001193125-25-164439.txt
0000930413-25-002225,underwriting_agreement,GE,2025-07-24,,,,"General Electric Company, operating as GE Aerospace entered into an underwriting agreement by and among the Company and J.P. Morgan Securities LLC, BofA Securities, Inc., and Morgan Stanley & Co. LLC, as Representatives of the several underwriters named therein",https://www.sec.gov/Archives/edgar/data/40545/0000930413-25-002225.txt
0001104659-25-070392,underwriting_agreement,FDX,2025-07-24,,,,"FedEx Corporation and the Company's wholly owned subsidiaries entered into an underwriting agreement dated July 23, 2025, with BNP PARIBAS, Goldman Sachs & Co. LLC and J.P. Morgan Securities plc, on behalf of themselves and as representatives of the several underwriters named on Schedule B to the Underwriting Agreement.",https://www.sec.gov/Archives/edgar/data/1048911/0001104659-25-070392.txt
0000936468-25-000050,underwriting_agreement,LMT,2025-07-28,,,,"The Notes were sold in a public offering pursuant to the Company's effective registration statement on Form S-3 and the base prospectus included in that registration statement, as supplemented by the final prospectus supplement, dated July 23, 2025, among the Company and Citigroup Global Markets Inc., Credit Agricole Securities (USA) Inc. and J.P. Morgan Securities LLC, as representatives of the several underwriters.",https://www.sec.gov/Archives/edgar/data/936468/0000936468-25-000050.txt
0001104659-25-071182,underwriting_agreement,PEP,2025-07-28,,,,"Deutsche Bank AG, London Branch, HSBC Bank plc and Mizuho International plc were joint book-running managers for the offering of the Notes. The Notes were offered and sold pursuant to a Terms Agreement dated July 21, 2025 (incorporating the PepsiCo, Inc. Underwriting Agreement Standard Provisions dated as of November 18, 2019) among PepsiCo and the several underwriters.",https://www.sec.gov/Archives/edgar/data/77476/0001104659-25-071182.txt
0001193125-25-174546,underwriting_agreement,MO,2025-08-06,,,,"On August 4, 2025, the Company and PM USA entered into a Terms Agreement (the ""Terms Agreement"") with Barclays Capital Inc., Citigroup Global Markets Inc., Goldman Sachs & Co. LLC and J.P. Morgan Securities LLC, as representatives of the several underwriters named therein (the ""Underwriters""), pursuant to which the Company agreed to issue and sell the Notes to the Underwriters.",https://www.sec.gov/Archives/edgar/data/764180/0001193125-25-174546.txt
0001193125-25-179846,underwriting_agreement,CVX,2025-08-13,,,,"On August 11, 2025, CUSA and the Corporation entered into an Underwriting Agreement with Barclays Capital Inc., BofA Securities, Inc. and Citigroup Global Markets Inc., as representatives of the several underwriters named therein, pursuant to which CUSA agreed to issue and sell the Notes to the Underwriters, and the Corporation agreed to guarantee the Notes.",https://www.sec.gov/Archives/edgar/data/93410/0001193125-25-179846.txt
0001193125-25-181862,underwriting_agreement,CVS,2025-08-15,,,,"On August 11, 2025, CVS Health Corporation entered into an Underwriting Agreement with Barclays Capital Inc., J.P. Morgan Securities LLC and Wells Fargo Securities, LLC as representatives of the several underwriters named in Schedule I thereto, pursuant to which the Company agreed to issue and sell to the Underwriters the Notes.",https://www.sec.gov/Archives/edgar/data/64803/0001193125-25-181862.txt
0001193125-25-184093,underwriting_agreement,LLY,2025-08-20,,,,"On August 18, 2025, Eli Lilly and Company entered into an underwriting agreement with Citigroup Global Markets Inc., Goldman Sachs & Co. LLC, J.P. Morgan Securities LLC, Mizuho Securities USA LLC and Morgan Stanley & Co. LLC, as representatives of the several underwriters named therein, for the issuance and sale by the Company of Notes.",https://www.sec.gov/Archives/edgar/data/59478/0001193125-25-184093.txt
0001104659-25-080972,underwriting_agreement,CHTR,2025-08-20,,,,"Charter Communications Operating, LLC, a Delaware limited liability company ('CCO'), Charter Communications Operating Capital Corp., a Delaware corporation, CCO Holdings, LLC, a Delaware limited liability company, and the other guarantors party thereto entered into an underwriting agreement (the 'Underwriting Agreement') with Citigroup Global Markets Inc., J.P. Morgan Securities LLC and Morgan Stanley & Co. LLC, as representatives of the several underwriters.",https://www.sec.gov/Archives/edgar/data/1271834/0001104659-25-080972.txt
0001193125-25-200101,underwriting_agreement,BK,2025-09-10,,,,"On September 3, 2025, the Registrant entered into an underwriting agreement (the ""Underwriting Agreement"") with Barclays Capital Inc., BofA Securities, Inc., Citigroup Global Markets Inc., J.P. Morgan Securities LLC and BNY Mellon Capital Markets, LLC, as underwriters (the ""Underwriters""), relating to the public offering (the ""Offering"") of 500,000 depositary shares (the ""Depositary Shares"").",https://www.sec.gov/Archives/edgar/data/1390777/0001193125-25-200101.txt
0001104659-25-089060,underwriting_agreement,HD,2025-09-10,,,,"The Company entered into an Underwriting Agreement among the Company and J.P. Morgan Securities LLC, BofA Securities, Inc., Barclays Capital Inc., Deutsche Bank Securities Inc. and Wells Fargo Securities, LLC, as representatives of the several underwriters. Pursuant to the Underwriting Agreement, the Company agreed to sell the Notes to the Underwriters, and the Underwriters agreed to purchase the Notes for resale to the public.",https://www.sec.gov/Archives/edgar/data/354950/0001104659-25-089060.txt
0001552781-25-000287,underwriting_agreement,UBER,2025-09-11,,,,"In connection with the issuance of the Notes, the Company entered into an underwriting agreement (the ""Underwriting Agreement"") with Goldman Sachs & Co. LLC, Barclays Capital Inc. and J.P. Morgan Securities LLC, as representatives of the several underwriters listed in Schedule II to the Underwriting Agreement.",https://www.sec.gov/Archives/edgar/data/1543151/0001552781-25-000287.txt
0001193125-25-201421,underwriting_agreement,COF,2025-09-11,,,,"The Notes were issued pursuant to an underwriting agreement (the 'Underwriting Agreement'), dated September 8, 2025, with Citigroup Global Markets Inc., Goldman Sachs & Co. LLC, Morgan Stanley & Co. LLC, RBC Capital Markets, LLC and Capital One Securities, Inc., as representatives of the several underwriters listed therein.",https://www.sec.gov/Archives/edgar/data/927628/0001193125-25-201421.txt
0001410578-25-002058,underwriting_agreement,DUK,2025-09-11,,,,"the Company consummated the issuance and sale of the securities described below pursuant to an underwriting agreement, dated September 8, 2025 (the ""Underwriting Agreement""), with Citigroup Global Markets Inc., Goldman Sachs & Co. LLC, Mizuho Securities USA LLC, MUFG Securities Americas Inc., PNC Capital Markets LLC, Truist Securities, Inc., and Wells Fargo Securities, LLC, as representatives of the several underwriters named therein (the ""Underwriters"")",https://www.sec.gov/Archives/edgar/data/1326160/0001410578-25-002058.txt
0001193125-25-205061,underwriting_agreement,MDT,2025-09-16,,,,"On September 15, 2025, Medtronic, Inc., Medtronic plc and Medtronic Luxco entered into an underwriting agreement (the ""Underwriting Agreement"") with the underwriters listed therein, for which Deutsche Bank AG, London Branch and Goldman Sachs & Co. LLC acted as representatives.",https://www.sec.gov/Archives/edgar/data/1613103/0001193125-25-205061.txt
0001193125-25-205072,underwriting_agreement,T,2025-09-16,,,,"The Notes were issued pursuant to an Underwriting Agreement, dated September 9, 2025, between AT&T and the several Underwriters named on Schedule II thereto. The Notes have been registered under the Securities Act of 1933, as amended, pursuant to a Registration Statement on Form S-3.",https://www.sec.gov/Archives/edgar/data/732717/0001193125-25-205072.txt
0001193125-25-220445,underwriting_agreement,ORCL,2025-09-26,,,,"The Notes were issued pursuant to an underwriting agreement dated September 24, 2025 among Oracle and BofA Securities, Inc., Citigroup Global Markets Inc., Deutsche Bank Securities Inc., Goldman Sachs & Co. LLC, HSBC Securities (USA) Inc. and J.P. Morgan Securities LLC, as representatives of the several underwriters named therein.",https://www.sec.gov/Archives/edgar/data/1341439/0001193125-25-220445.txt
0001193125-25-223202,underwriting_agreement,AVGO,2025-09-29,,,,"Broadcom Inc. entered into an underwriting agreement with J.P. Morgan Securities LLC, BofA Securities, Inc. and BNP Paribas Securities Corp., acting for themselves and as representatives of the several underwriters named therein, pursuant to which the Company agreed to issue and sell to the Underwriters $5,000,000,000 aggregate principal amount of its senior notes.",https://www.sec.gov/Archives/edgar/data/1730168/0001193125-25-223202.txt
0001193125-25-224995,underwriting_agreement,LOW,2025-09-30,,,,"On September 23, 2025, the Company entered into an Underwriting Agreement (the ""Underwriting Agreement"") with BofA Securities, Inc., Goldman Sachs & Co. LLC and Wells Fargo Securities, LLC, as representatives of the several underwriters named therein (together, the ""Underwriters""), to sell to the Underwriters, who severally agreed to purchase, the Notes.",https://www.sec.gov/Archives/edgar/data/60667/0001193125-25-224995.txt
0001140361-25-037501,underwriting_agreement,TMO,2025-10-07,,,,"The sale of the Notes was made pursuant to the terms of an Underwriting Agreement, which the Company entered into on September 30, 2025, with J.P. Morgan Securities LLC, ING Financial Markets LLC, Mizuho Securities USA LLC and Scotia Capital (USA) Inc., as representatives of the several underwriters named in Schedule A to the Underwriting Agreement.",https://www.sec.gov/Archives/edgar/data/97745/0001140361-25-037501.txt
0001104659-25-098401,underwriting_agreement,DE,2025-10-09,,,,"On October 2, 2025, the Issuer and the Guarantor entered into a terms agreement (the ""Terms Agreement"") with Goldman Sachs & Co. LLC, MUFG Securities Americas Inc., RBC Capital Markets, LLC and TD Securities (USA) LLC, as representatives of the underwriters named therein.",https://www.sec.gov/Archives/edgar/data/315189/0001104659-25-098401.txt
0001140361-25-037817,underwriting_agreement,TMUS,2025-10-09,,,,"The Notes were issued pursuant to an underwriting agreement, dated October 6, 2025, with the several underwriters named in Schedule 1 thereto, for which Barclays Capital Inc., Citigroup Global Markets Inc., Goldman Sachs & Co. LLC and Wells Fargo Securities, LLC acted as representatives.",https://www.sec.gov/Archives/edgar/data/1283699/0001140361-25-037817.txt
0001104659-25-103715,underwriting_agreement,PM,2025-10-29,,,,"On October 27, 2025, PMI entered into a Terms Agreement with BBVA Securities Inc., BofA Securities, Inc., Citigroup Global Markets Inc., Deutsche Bank Securities Inc., Wells Fargo Securities, LLC, Goldman Sachs & Co. LLC, HSBC Securities (USA) Inc. and UBS Securities LLC, as representatives of the several underwriters named therein, pursuant to which PMI agreed to issue and sell the Notes to the Underwriters.",https://www.sec.gov/Archives/edgar/data/1413329/0001104659-25-103715.txt
0001193125-25-262593,underwriting_agreement,META,2025-11-03,,,,"In connection with the issuance of the Notes, the Company entered into an Underwriting Agreement dated as of October 30, 2025 with Citigroup Global Markets Inc. and Morgan Stanley & Co. LLC, as representatives of the several underwriters listed in Schedule II to the Underwriting Agreement.",https://www.sec.gov/Archives/edgar/data/1326801/0001193125-25-262593.txt
0000092122-25-000094,underwriting_agreement,SO,2025-11-06,,,,"On November 3, 2025, The Southern Company entered into an underwriting agreement (the 'Underwriting Agreement') with the underwriters named in Schedule I thereto (the 'Underwriters'), for whom BofA Securities, Inc., J.P. Morgan Securities LLC and Mizuho Securities USA LLC are acting as representatives, covering the issuance and sale of 35,000,000 equity units.",https://www.sec.gov/Archives/edgar/data/92122/0000092122-25-000094.txt
0001104659-25-108511,underwriting_agreement,BKNG,2025-11-07,,,,"On November 4, 2025, the Company entered into an underwriting agreement with Citigroup Global Markets Limited, Deutsche Bank AG, London Branch, Goldman Sachs & Co. LLC, HSBC Bank plc and J.P. Morgan Securities plc, as representatives of the several underwriters, pursuant to which the Company agreed to issue and sell to the Underwriters €1,500,000,000 aggregate principal amount of Senior Notes in a registered public offering.",https://www.sec.gov/Archives/edgar/data/1075531/0001104659-25-108511.txt
0001140361-25-041380,underwriting_agreement,BMY,2025-11-10,,,,"The Notes were sold pursuant to an underwriting agreement, dated November 5, 2025, by and among the Issuer, the Company and the several underwriters named in Schedule V thereto. The Underwriting Agreement contains certain representations, warranties, covenants and indemnification obligations of the Issuer, the Company and the Underwriters, as applicable, as well as other customary provisions.",https://www.sec.gov/Archives/edgar/data/14272/0001140361-25-041380.txt
0001104659-25-109135,underwriting_agreement,CL,2025-11-10,,,,"On November 3, 2025, Colgate-Palmolive Company executed an underwriting agreement (the 'Underwriting Agreement') with Barclays Bank PLC and Banco Bilbao Vizcaya Argentaria, S.A., as representatives of the several underwriters named therein with regard to the issuance and sale by the Company of €600,000,000 aggregate principal amount of its 3.250% Senior Notes due 2035.",https://www.sec.gov/Archives/edgar/data/21665/0001104659-25-109135.txt
0001193125-25-279379,underwriting_agreement,XOM,2025-11-13,,,,"On November 7, 2025, Exxon Mobil Corporation entered into an underwriting agreement (the 'Underwriting Agreement') with RBC Capital Markets, LLC, Citigroup Global Markets Inc., Deutsche Bank Securities Inc., J.P. Morgan Securities LLC and UBS Securities LLC, as managers of the several underwriters named therein, for the issuance and sale by the Company of $111,949,000 aggregate principal amount of its Floating Rate Notes due 2075.",https://www.sec.gov/Archives/edgar/data/34088/0001193125-25-279379.txt
0001193125-25-283263,underwriting_agreement,SCHW,2025-11-14,,,,"On November 12, 2025, CSC entered into an Underwriting Agreement with BofA Securities, Inc., Citigroup Global Markets Inc., Goldman Sachs & Co. LLC, J.P. Morgan Securities LLC, Morgan Stanley & Co. LLC and Wells Fargo Securities, LLC, as representatives of the several underwriters named therein, pursuant to which CSC agreed to issue and sell the Notes to the Underwriters.",https://www.sec.gov/Archives/edgar/data/316709/0001193125-25-283263.txt
0001193125-25-290864,underwriting_agreement,BRK.B,2025-11-21,,,,"The Notes were sold pursuant to an underwriting agreement entered into on November 14, 2025, by and among (a) Berkshire and (b) Mizuho Securities USA LLC and Merrill Lynch International.",https://www.sec.gov/Archives/edgar/data/1067983/0001193125-25-290864.txt
0001193125-25-291406,underwriting_agreement,PFE,2025-11-21,,,,"In connection with the offering of the Notes, the Company entered into an underwriting agreement (the 'Underwriting Agreement') and related pricing agreement (the 'Pricing Agreement'), each dated November 18, 2025, with Citigroup Global Markets Inc., Deutsche Bank Securities Inc., J.P. Morgan Securities LLC and Mizuho Securities USA LLC, as representatives of the several underwriters.",https://www.sec.gov/Archives/edgar/data/78003/0001193125-25-291406.txt
0001140361-25-043790,underwriting_agreement,TMO,2025-12-01,,,,"The sale of the Securities was made pursuant to the terms of an Underwriting Agreement, dated November 24, 2025, among Thermo Fisher International, as issuer, the Company, as parent guarantor, and Barclays Bank PLC, BNP PARIBAS, HSBC Continental Europe Morgan Stanley & Co. International plc, as lead managers of the several underwriters.",https://www.sec.gov/Archives/edgar/data/97745/0001140361-25-043790.txt
0001193125-25-312771,underwriting_agreement,CVX,2025-12-09,,,,"On December 4, 2025, CUSA and the Corporation entered into an Underwriting Agreement with Morgan Stanley & Co. LLC, J.P. Morgan Securities LLC, RBC Capital Markets, LLC and UBS Securities LLC as representatives of the several underwriters, pursuant to which CUSA agreed to issue and sell the Notes to the Underwriters.",https://www.sec.gov/Archives/edgar/data/93410/0001193125-25-312771.txt
0001193125-24-036201,workforce_reduction,CSCO,2024-02-14,,,,This restructuring plan will impact approximately 5 percent of Cisco's global workforce. Cisco currently estimates that it will recognize pre-tax charges to its GAAP financial results of approximately $800 million consisting of severance and other one-time termination benefits and other costs.,https://www.sec.gov/Archives/edgar/data/858877/0001193125-24-036201.txt
0000950170-24-044588,workforce_reduction,TSLA,2024-04-16,,,,"On April 15, 2024, Tesla announced a company-wide restructuring that reduces our headcount by more than 10% globally. With this rapid growth, there has been a duplication of roles and job functions in certain areas.",https://www.sec.gov/Archives/edgar/data/1318605/0000950170-24-044588.txt
0001558370-24-008911,workforce_reduction,DE,2024-06-05,,,,"On May 31, 2024, the Company announced to its employees a plan to reduce its production and salaried workforce to help the Company meet its strategic priorities while reducing overlap and redundancy in roles and responsibilities. It is anticipated that the activities related to salaried employees will occur during the third quarter of fiscal year 2024.",https://www.sec.gov/Archives/edgar/data/315189/0001558370-24-008911.txt
0001193125-24-159578,workforce_reduction,FDX,2024-06-12,,,,"Federal Express Corporation announced a workforce reduction plan in Europe as part of its ongoing measures to reduce structural costs. The plan will impact between 1,700 and 2,000 employees in Europe across back-office and commercial functions. We expect the pre-tax cost of the severance benefits and legal and professional fees to be provided under and related to the plan to range from $250 million to $375 million in cash expenditures.",https://www.sec.gov/Archives/edgar/data/1048911/0001193125-24-159578.txt
0000896878-24-000030,workforce_reduction,INTU,2024-07-10,,,,"Approximately 1,800 employees will exit the Company. These charges consist of approximately $217 million to $227 million in future cash expenditures related to severance payments and employee benefits.",https://www.sec.gov/Archives/edgar/data/896878/0000896878-24-000030.txt
0001193125-24-200636,workforce_reduction,CSCO,2024-08-14,,,,"This restructuring plan is expected to impact approximately 7 percent of Cisco's global workforce. Cisco currently estimates that it will recognize pre-tax charges to its GAAP financial results of up to $1 billion consisting of severance and other one-time termination benefits, and other costs.",https://www.sec.gov/Archives/edgar/data/858877/0001193125-24-200636.txt
0000732712-24-000056,workforce_reduction,VZ,2024-09-12,,,,"In June 2024, Verizon announced a voluntary separation program for select U.S.-based management employees. Approximately 4,800 eligible employees will separate from Verizon under this program by the end of March 2025, with over half of these employees exiting in September of 2024.",https://www.sec.gov/Archives/edgar/data/732712/0000732712-24-000056.txt
0000050863-24-000147,workforce_reduction,INTC,2024-10-31,,,,"These initiatives include reducing headcount by 16,500 employees. In connection with the headcount reductions, the Company is recognizing pre-tax employee severance and related employee exit charges of $2.2 billion in the third quarter of 2024, substantially all of which will entail future cash expenditures.",https://www.sec.gov/Archives/edgar/data/50863/0000050863-24-000147.txt
0000080424-25-000050,workforce_reduction,PG,2025-06-05,,,,"The Company also expects to reduce up to 7,000 roles, or approximately 15% of our current non-manufacturing workforce.",https://www.sec.gov/Archives/edgar/data/80424/0000080424-25-000050.txt
0000050863-25-000107,workforce_reduction,INTC,2025-07-24,,,,"The Company expects these headcount reduction initiatives will reduce our core Intel workforce by 15% by the end of fiscal 2025. The Company is recognizing pre-tax employee severance and related employee exit charges of $1.4 billion in the second quarter of 2025, the substantial majority of which will be cash settled in future periods.",https://www.sec.gov/Archives/edgar/data/50863/0000050863-25-000107.txt
0000732712-25-000119,workforce_reduction,VZ,2025-11-20,,,,"Verizon announced that it expects to record a severance charge in the range of $1.6 billion to $1.8 billion in the fourth quarter of 2025 in connection with its plans to reduce its workforce as it implements its previously announced plan to reduce its cost structure. The workforce reduction will include the elimination of over 13,000 positions, with over 80% of the affected employees exiting the business in December 2025.",https://www.sec.gov/Archives/edgar/data/732712/0000732712-25-000119.txt
