tag,event_ticker,event_entry,ticker,filing_date,event_date,t_0,t_pre
shareholder_proposal_outcome,INTU,2024-01-23,INTU,2024-02-27,2024-02-27,2024-02-27,2024-02-26
shareholder_proposal_outcome,INTU,2024-01-23,INTU,2024-03-05,2024-03-05,2024-03-05,2024-03-04
shareholder_proposal_outcome,INTU,2024-01-23,INTU,2024-03-12,2024-03-12,2024-03-12,2024-03-11
shareholder_proposal_outcome,INTU,2024-01-23,INTU,2024-03-19,2024-03-19,2024-03-19,2024-03-18
shareholder_proposal_outcome,INTU,2024-01-23,INTU,2024-03-26,2024-03-26,2024-03-26,2024-03-25
shareholder_proposal_outcome,EMR,2024-02-12,EMR,2024-01-08,2024-01-08,2024-01-08,2024-01-05
shareholder_proposal_outcome,EMR,2024-02-12,EMR,2024-03-11,2024-03-11,2024-03-11,2024-03-08
shareholder_proposal_outcome,EMR,2024-02-12,EMR,2024-03-18,2024-03-18,2024-03-18,2024-03-15
shareholder_proposal_outcome,EMR,2024-02-12,EMR,2024-03-25,2024-03-25,2024-03-25,2024-03-22
shareholder_proposal_outcome,AAPL,2024-02-29,AAPL,2024-01-04,2024-01-04,2024-01-04,2024-01-03
shareholder_proposal_outcome,AAPL,2024-02-29,AAPL,2024-01-11,2024-01-11,2024-01-11,2024-01-10
shareholder_proposal_outcome,AAPL,2024-02-29,AAPL,2024-01-18,2024-01-18,2024-01-18,2024-01-17
shareholder_proposal_outcome,AAPL,2024-02-29,AAPL,2024-01-25,2024-01-25,2024-01-25,2024-01-24
shareholder_proposal_outcome,DE,2024-03-04,DE,2024-01-08,2024-01-08,2024-01-08,2024-01-05
shareholder_proposal_outcome,DE,2024-03-04,DE,2024-01-22,2024-01-22,2024-01-22,2024-01-19
shareholder_proposal_outcome,DE,2024-03-04,DE,2024-01-29,2024-01-29,2024-01-29,2024-01-26
shareholder_proposal_outcome,DIS,2024-04-10,DIS,2024-05-15,2024-05-15,2024-05-15,2024-05-14
shareholder_proposal_outcome,DIS,2024-04-10,DIS,2024-05-22,2024-05-22,2024-05-22,2024-05-21
shareholder_proposal_outcome,DIS,2024-04-10,DIS,2024-05-29,2024-05-29,2024-05-29,2024-05-28
shareholder_proposal_outcome,DIS,2024-04-10,DIS,2024-06-05,2024-06-05,2024-06-05,2024-06-04
shareholder_proposal_outcome,DIS,2024-04-10,DIS,2024-06-12,2024-06-12,2024-06-12,2024-06-11
shareholder_proposal_outcome,BK,2024-04-11,BK,2024-05-16,2024-05-16,2024-05-16,2024-05-15
shareholder_proposal_outcome,BK,2024-04-11,BK,2024-05-23,2024-05-23,2024-05-23,2024-05-22
shareholder_proposal_outcome,BK,2024-04-11,BK,2024-05-30,2024-05-30,2024-05-30,2024-05-29
shareholder_proposal_outcome,BK,2024-04-11,BK,2024-06-06,2024-06-06,2024-06-06,2024-06-05
shareholder_proposal_outcome,BK,2024-04-11,BK,2024-06-13,2024-06-13,2024-06-13,2024-06-12
shareholder_proposal_outcome,BK,2024-04-11,BK,2024-06-20,2024-06-20,2024-06-20,2024-06-18
shareholder_proposal_outcome,BAC,2024-04-29,BAC,2024-06-03,2024-06-03,2024-06-03,2024-05-31
shareholder_proposal_outcome,BAC,2024-04-29,BAC,2024-06-10,2024-06-10,2024-06-10,2024-06-07
shareholder_proposal_outcome,KO,2024-05-03,KO,2024-06-14,2024-06-14,2024-06-14,2024-06-13
shareholder_proposal_outcome,KO,2024-05-03,KO,2024-06-21,2024-06-21,2024-06-21,2024-06-20
shareholder_proposal_outcome,GD,2024-05-06,GD,2024-06-03,2024-06-03,2024-06-03,2024-05-31
shareholder_proposal_outcome,GD,2024-05-06,GD,2024-06-10,2024-06-10,2024-06-10,2024-06-07
shareholder_proposal_outcome,GD,2024-05-06,GD,2024-06-17,2024-06-17,2024-06-17,2024-06-14
shareholder_proposal_outcome,GD,2024-05-06,GD,2024-06-24,2024-06-24,2024-06-24,2024-06-21
shareholder_proposal_outcome,COF,2024-05-06,COF,2024-04-01,2024-04-01,2024-04-01,2024-03-28
shareholder_proposal_outcome,COF,2024-05-06,COF,2024-06-03,2024-06-03,2024-06-03,2024-05-31
shareholder_proposal_outcome,COF,2024-05-06,COF,2024-06-10,2024-06-10,2024-06-10,2024-06-07
shareholder_proposal_outcome,COF,2024-05-06,COF,2024-06-17,2024-06-17,2024-06-17,2024-06-14
shareholder_proposal_outcome,COF,2024-05-06,COF,2024-06-24,2024-06-24,2024-06-24,2024-06-21
shareholder_proposal_outcome,IBM,2024-05-06,IBM,2024-04-01,2024-04-01,2024-04-01,2024-03-28
shareholder_proposal_outcome,IBM,2024-05-06,IBM,2024-06-03,2024-06-03,2024-06-03,2024-05-31
shareholder_proposal_outcome,IBM,2024-05-06,IBM,2024-06-10,2024-06-10,2024-06-10,2024-06-07
shareholder_proposal_outcome,IBM,2024-05-06,IBM,2024-06-17,2024-06-17,2024-06-17,2024-06-14
shareholder_proposal_outcome,LMT,2024-05-06,LMT,2024-04-01,2024-04-01,2024-04-01,2024-03-28
shareholder_proposal_outcome,RTX,2024-05-07,RTX,2024-04-02,2024-04-02,2024-04-02,2024-04-01
shareholder_proposal_outcome,RTX,2024-05-07,RTX,2024-06-11,2024-06-11,2024-06-11,2024-06-10
shareholder_proposal_outcome,UPS,2024-05-07,UPS,2024-04-02,2024-04-02,2024-04-02,2024-04-01
shareholder_proposal_outcome,AXP,2024-05-09,AXP,2024-06-13,2024-06-13,2024-06-13,2024-06-12
shareholder_proposal_outcome,AXP,2024-05-09,AXP,2024-06-20,2024-06-20,2024-06-20,2024-06-18
shareholder_proposal_outcome,DHR,2024-05-10,DHR,2024-04-05,2024-04-05,2024-04-05,2024-04-04
shareholder_proposal_outcome,DHR,2024-05-10,DHR,2024-06-14,2024-06-14,2024-06-14,2024-06-13
shareholder_proposal_outcome,DHR,2024-05-10,DHR,2024-06-21,2024-06-21,2024-06-21,2024-06-20
shareholder_proposal_outcome,DHR,2024-05-10,DHR,2024-06-28,2024-06-28,2024-06-28,2024-06-27
shareholder_proposal_outcome,GILD,2024-05-10,GILD,2024-06-14,2024-06-14,2024-06-14,2024-06-13
shareholder_proposal_outcome,GILD,2024-05-10,GILD,2024-06-21,2024-06-21,2024-06-21,2024-06-20
shareholder_proposal_outcome,GILD,2024-05-10,GILD,2024-06-28,2024-06-28,2024-06-28,2024-06-27
shareholder_proposal_outcome,UBER,2024-05-13,UBER,2024-04-01,2024-04-01,2024-04-01,2024-03-28
shareholder_proposal_outcome,UBER,2024-05-13,UBER,2024-04-08,2024-04-08,2024-04-08,2024-04-05
shareholder_proposal_outcome,UBER,2024-05-13,UBER,2024-06-17,2024-06-17,2024-06-17,2024-06-14
shareholder_proposal_outcome,UBER,2024-05-13,UBER,2024-06-24,2024-06-24,2024-06-24,2024-06-21
shareholder_proposal_outcome,UNP,2024-05-13,UNP,2024-04-01,2024-04-01,2024-04-01,2024-03-28
shareholder_proposal_outcome,UNP,2024-05-13,UNP,2024-04-08,2024-04-08,2024-04-08,2024-04-05
shareholder_proposal_outcome,UNP,2024-05-13,UNP,2024-06-10,2024-06-10,2024-06-10,2024-06-07
shareholder_proposal_outcome,UNP,2024-05-13,UNP,2024-06-17,2024-06-17,2024-06-17,2024-06-14
shareholder_proposal_outcome,UNP,2024-05-13,UNP,2024-06-24,2024-06-24,2024-06-24,2024-06-21
shareholder_proposal_outcome,VZ,2024-05-14,VZ,2024-06-18,2024-06-18,2024-06-18,2024-06-17
shareholder_proposal_outcome,CL,2024-05-16,CL,2024-04-04,2024-04-04,2024-04-04,2024-04-03
shareholder_proposal_outcome,CL,2024-05-16,CL,2024-04-11,2024-04-11,2024-04-11,2024-04-10
shareholder_proposal_outcome,CL,2024-05-16,CL,2024-06-20,2024-06-20,2024-06-20,2024-06-18
shareholder_proposal_outcome,CL,2024-05-16,CL,2024-06-27,2024-06-27,2024-06-27,2024-06-26
shareholder_proposal_outcome,COP,2024-05-17,COP,2024-04-05,2024-04-05,2024-04-05,2024-04-04
shareholder_proposal_outcome,COP,2024-05-17,COP,2024-04-12,2024-04-12,2024-04-12,2024-04-11
shareholder_proposal_outcome,BA,2024-05-20,BA,2024-06-17,2024-06-17,2024-06-17,2024-06-14
shareholder_proposal_outcome,BA,2024-05-20,BA,2024-06-24,2024-06-24,2024-06-24,2024-06-21
shareholder_proposal_outcome,MO,2024-05-21,MO,2024-06-25,2024-06-25,2024-06-25,2024-06-24
shareholder_proposal_outcome,MDLZ,2024-05-23,MDLZ,2024-04-04,2024-04-04,2024-04-04,2024-04-03
shareholder_proposal_outcome,MDLZ,2024-05-23,MDLZ,2024-04-11,2024-04-11,2024-04-11,2024-04-10
shareholder_proposal_outcome,MDLZ,2024-05-23,MDLZ,2024-04-18,2024-04-18,2024-04-18,2024-04-17
shareholder_proposal_outcome,HD,2024-05-23,HD,2024-04-04,2024-04-04,2024-04-04,2024-04-03
shareholder_proposal_outcome,HD,2024-05-23,HD,2024-04-11,2024-04-11,2024-04-11,2024-04-10
shareholder_proposal_outcome,HD,2024-05-23,HD,2024-04-18,2024-04-18,2024-04-18,2024-04-17
shareholder_proposal_outcome,NOW,2024-05-24,NOW,2024-04-05,2024-04-05,2024-04-05,2024-04-04
shareholder_proposal_outcome,NOW,2024-05-24,NOW,2024-04-12,2024-04-12,2024-04-12,2024-04-11
shareholder_proposal_outcome,NOW,2024-05-24,NOW,2024-04-19,2024-04-19,2024-04-19,2024-04-18
shareholder_proposal_outcome,MCD,2024-05-28,MCD,2024-06-25,2024-06-25,2024-06-25,2024-06-24
shareholder_proposal_outcome,TMO,2024-05-28,TMO,2024-04-02,2024-04-02,2024-04-02,2024-04-01
shareholder_proposal_outcome,TMO,2024-05-28,TMO,2024-04-09,2024-04-09,2024-04-09,2024-04-08
shareholder_proposal_outcome,TMO,2024-05-28,TMO,2024-04-16,2024-04-16,2024-04-16,2024-04-15
shareholder_proposal_outcome,TMO,2024-05-28,TMO,2024-04-23,2024-04-23,2024-04-23,2024-04-22
shareholder_proposal_outcome,SO,2024-05-28,SO,2024-04-02,2024-04-02,2024-04-02,2024-04-01
shareholder_proposal_outcome,SO,2024-05-28,SO,2024-06-25,2024-06-25,2024-06-25,2024-06-24
shareholder_proposal_outcome,AMZN,2024-05-28,AMZN,2024-04-02,2024-04-02,2024-04-02,2024-04-01
shareholder_proposal_outcome,AMZN,2024-05-28,AMZN,2024-04-09,2024-04-09,2024-04-09,2024-04-08
shareholder_proposal_outcome,AMZN,2024-05-28,AMZN,2024-04-16,2024-04-16,2024-04-16,2024-04-15
shareholder_proposal_outcome,AMZN,2024-05-28,AMZN,2024-04-23,2024-04-23,2024-04-23,2024-04-22
shareholder_proposal_outcome,AMZN,2024-05-28,AMZN,2024-06-25,2024-06-25,2024-06-25,2024-06-24
shareholder_proposal_outcome,NEE,2024-05-29,NEE,2024-04-10,2024-04-10,2024-04-10,2024-04-09
shareholder_proposal_outcome,NEE,2024-05-29,NEE,2024-04-17,2024-04-17,2024-04-17,2024-04-16
shareholder_proposal_outcome,NEE,2024-05-29,NEE,2024-04-24,2024-04-24,2024-04-24,2024-04-23
shareholder_proposal_outcome,SCHW,2024-05-30,SCHW,2024-04-04,2024-04-04,2024-04-04,2024-04-03
shareholder_proposal_outcome,SCHW,2024-05-30,SCHW,2024-04-11,2024-04-11,2024-04-11,2024-04-10
shareholder_proposal_outcome,META,2024-06-03,META,2024-04-01,2024-04-01,2024-04-01,2024-03-28
shareholder_proposal_outcome,META,2024-06-03,META,2024-04-08,2024-04-08,2024-04-08,2024-04-05
shareholder_proposal_outcome,META,2024-06-03,META,2024-04-15,2024-04-15,2024-04-15,2024-04-12
shareholder_proposal_outcome,META,2024-06-03,META,2024-04-22,2024-04-22,2024-04-22,2024-04-19
shareholder_proposal_outcome,META,2024-06-03,META,2024-04-29,2024-04-29,2024-04-29,2024-04-26
shareholder_proposal_outcome,GM,2024-06-07,GM,2024-04-05,2024-04-05,2024-04-05,2024-04-04
shareholder_proposal_outcome,GM,2024-06-07,GM,2024-04-12,2024-04-12,2024-04-12,2024-04-11
shareholder_proposal_outcome,GM,2024-06-07,GM,2024-04-19,2024-04-19,2024-04-19,2024-04-18
shareholder_proposal_outcome,GM,2024-06-07,GM,2024-04-26,2024-04-26,2024-04-26,2024-04-25
shareholder_proposal_outcome,GM,2024-06-07,GM,2024-05-03,2024-05-03,2024-05-03,2024-05-02
shareholder_proposal_outcome,NFLX,2024-06-10,NFLX,2024-04-01,2024-04-01,2024-04-01,2024-03-28
shareholder_proposal_outcome,NFLX,2024-06-10,NFLX,2024-04-08,2024-04-08,2024-04-08,2024-04-05
shareholder_proposal_outcome,NFLX,2024-06-10,NFLX,2024-04-15,2024-04-15,2024-04-15,2024-04-12
shareholder_proposal_outcome,NFLX,2024-06-10,NFLX,2024-04-22,2024-04-22,2024-04-22,2024-04-19
shareholder_proposal_outcome,NFLX,2024-06-10,NFLX,2024-04-29,2024-04-29,2024-04-29,2024-04-26
shareholder_proposal_outcome,NFLX,2024-06-10,NFLX,2024-05-06,2024-05-06,2024-05-06,2024-05-03
shareholder_proposal_outcome,WMT,2024-06-10,WMT,2024-04-01,2024-04-01,2024-04-01,2024-03-28
shareholder_proposal_outcome,WMT,2024-06-10,WMT,2024-04-08,2024-04-08,2024-04-08,2024-04-05
shareholder_proposal_outcome,WMT,2024-06-10,WMT,2024-04-15,2024-04-15,2024-04-15,2024-04-12
shareholder_proposal_outcome,WMT,2024-06-10,WMT,2024-04-22,2024-04-22,2024-04-22,2024-04-19
shareholder_proposal_outcome,WMT,2024-06-10,WMT,2024-04-29,2024-04-29,2024-04-29,2024-04-26
shareholder_proposal_outcome,WMT,2024-06-10,WMT,2024-05-06,2024-05-06,2024-05-06,2024-05-03
shareholder_proposal_outcome,CMCSA,2024-06-13,CMCSA,2024-04-04,2024-04-04,2024-04-04,2024-04-03
shareholder_proposal_outcome,CMCSA,2024-06-13,CMCSA,2024-04-11,2024-04-11,2024-04-11,2024-04-10
shareholder_proposal_outcome,CMCSA,2024-06-13,CMCSA,2024-04-18,2024-04-18,2024-04-18,2024-04-17
shareholder_proposal_outcome,CAT,2024-06-17,CAT,2024-05-06,2024-05-06,2024-05-06,2024-05-03
shareholder_proposal_outcome,CAT,2024-06-17,CAT,2024-05-13,2024-05-13,2024-05-13,2024-05-10
shareholder_proposal_outcome,TGT,2024-06-17,TGT,2024-04-01,2024-04-01,2024-04-01,2024-03-28
shareholder_proposal_outcome,TGT,2024-06-17,TGT,2024-04-08,2024-04-08,2024-04-08,2024-04-05
shareholder_proposal_outcome,TGT,2024-06-17,TGT,2024-04-15,2024-04-15,2024-04-15,2024-04-12
shareholder_proposal_outcome,TGT,2024-06-17,TGT,2024-04-22,2024-04-22,2024-04-22,2024-04-19
shareholder_proposal_outcome,TGT,2024-06-17,TGT,2024-04-29,2024-04-29,2024-04-29,2024-04-26
shareholder_proposal_outcome,TGT,2024-06-17,TGT,2024-05-06,2024-05-06,2024-05-06,2024-05-03
shareholder_proposal_outcome,TGT,2024-06-17,TGT,2024-05-13,2024-05-13,2024-05-13,2024-05-10
shareholder_proposal_outcome,MA,2024-06-24,MA,2024-04-01,2024-04-01,2024-04-01,2024-03-28
shareholder_proposal_outcome,MA,2024-06-24,MA,2024-04-08,2024-04-08,2024-04-08,2024-04-05
shareholder_proposal_outcome,FDX,2024-09-25,FDX,2024-07-31,2024-07-31,2024-07-31,2024-07-30
shareholder_proposal_outcome,PG,2024-10-11,PG,2024-11-29,2024-11-29,2024-11-29,2024-11-27
shareholder_proposal_outcome,PG,2024-10-11,PG,2024-12-06,2024-12-06,2024-12-06,2024-12-05
shareholder_proposal_outcome,PG,2024-10-11,PG,2024-12-13,2024-12-13,2024-12-13,2024-12-12
shareholder_proposal_outcome,PG,2024-10-11,PG,2024-12-20,2024-12-20,2024-12-20,2024-12-19
shareholder_proposal_outcome,PG,2024-10-11,PG,2024-12-27,2024-12-27,2024-12-27,2024-12-26
shareholder_proposal_outcome,ORCL,2024-11-19,ORCL,2024-12-24,2024-12-24,2024-12-24,2024-12-23
shareholder_proposal_outcome,ORCL,2024-11-19,ORCL,2024-12-31,2024-12-31,2024-12-31,2024-12-30
shareholder_proposal_outcome,MSFT,2024-12-12,MSFT,2024-10-03,2024-10-03,2024-10-03,2024-10-02
shareholder_proposal_outcome,MSFT,2024-12-12,MSFT,2024-10-10,2024-10-10,2024-10-10,2024-10-09
shareholder_proposal_outcome,MSFT,2024-12-12,MSFT,2024-10-17,2024-10-17,2024-10-17,2024-10-16
shareholder_proposal_outcome,MSFT,2024-12-12,MSFT,2024-10-24,2024-10-24,2024-10-24,2024-10-23
shareholder_proposal_outcome,MSFT,2024-12-12,MSFT,2024-10-31,2024-10-31,2024-10-31,2024-10-30
shareholder_proposal_outcome,COST,2025-01-28,COST,2025-03-11,2025-03-11,2025-03-11,2025-03-10
shareholder_proposal_outcome,COST,2025-01-28,COST,2025-03-18,2025-03-18,2025-03-18,2025-03-17
shareholder_proposal_outcome,COST,2025-01-28,COST,2025-03-25,2025-03-25,2025-03-25,2025-03-24
shareholder_proposal_outcome,V,2025-01-30,V,2025-03-06,2025-03-06,2025-03-06,2025-03-05
shareholder_proposal_outcome,V,2025-01-30,V,2025-03-13,2025-03-13,2025-03-13,2025-03-12
shareholder_proposal_outcome,V,2025-01-30,V,2025-03-20,2025-03-20,2025-03-20,2025-03-19
shareholder_proposal_outcome,V,2025-01-30,V,2025-03-27,2025-03-27,2025-03-27,2025-03-26
shareholder_proposal_outcome,DE,2025-03-03,DE,2025-03-31,2025-03-31,2025-03-31,2025-03-28
shareholder_proposal_outcome,QCOM,2025-03-21,QCOM,2025-01-17,2025-01-17,2025-01-17,2025-01-16
shareholder_proposal_outcome,QCOM,2025-03-21,QCOM,2025-01-24,2025-01-24,2025-01-24,2025-01-23
shareholder_proposal_outcome,QCOM,2025-03-21,QCOM,2025-01-31,2025-01-31,2025-01-31,2025-01-30
shareholder_proposal_outcome,QCOM,2025-03-21,QCOM,2025-02-07,2025-02-07,2025-02-07,2025-02-06
shareholder_proposal_outcome,QCOM,2025-03-21,QCOM,2025-02-14,2025-02-14,2025-02-14,2025-02-13
shareholder_proposal_outcome,USB,2025-04-21,USB,2025-05-19,2025-05-19,2025-05-19,2025-05-16
shareholder_proposal_outcome,USB,2025-04-21,USB,2025-06-02,2025-06-02,2025-06-02,2025-05-30
shareholder_proposal_outcome,USB,2025-04-21,USB,2025-06-09,2025-06-09,2025-06-09,2025-06-06
shareholder_proposal_outcome,USB,2025-04-21,USB,2025-06-16,2025-06-16,2025-06-16,2025-06-13
shareholder_proposal_outcome,USB,2025-04-21,USB,2025-06-23,2025-06-23,2025-06-23,2025-06-20
shareholder_proposal_outcome,USB,2025-04-21,USB,2025-06-30,2025-06-30,2025-06-30,2025-06-27
shareholder_proposal_outcome,GS,2025-04-25,GS,2025-05-30,2025-05-30,2025-05-30,2025-05-29
shareholder_proposal_outcome,GS,2025-04-25,GS,2025-06-06,2025-06-06,2025-06-06,2025-06-05
shareholder_proposal_outcome,GS,2025-04-25,GS,2025-06-13,2025-06-13,2025-06-13,2025-06-12
shareholder_proposal_outcome,GS,2025-04-25,GS,2025-06-20,2025-06-20,2025-06-20,2025-06-18
shareholder_proposal_outcome,GS,2025-04-25,GS,2025-06-27,2025-06-27,2025-06-27,2025-06-26
shareholder_proposal_outcome,BA,2025-04-25,BA,2025-05-30,2025-05-30,2025-05-30,2025-05-29
shareholder_proposal_outcome,BAC,2025-04-25,BAC,2025-05-30,2025-05-30,2025-05-30,2025-05-29
shareholder_proposal_outcome,BAC,2025-04-25,BAC,2025-06-06,2025-06-06,2025-06-06,2025-06-05
shareholder_proposal_outcome,BAC,2025-04-25,BAC,2025-06-13,2025-06-13,2025-06-13,2025-06-12
shareholder_proposal_outcome,PFE,2025-04-29,PFE,2025-06-24,2025-06-24,2025-06-24,2025-06-23
shareholder_proposal_outcome,AXP,2025-05-02,AXP,2025-06-20,2025-06-20,2025-06-20,2025-06-18
shareholder_proposal_outcome,WFC,2025-05-05,WFC,2025-06-02,2025-06-02,2025-06-02,2025-05-30
shareholder_proposal_outcome,WFC,2025-05-05,WFC,2025-06-09,2025-06-09,2025-06-09,2025-06-06
shareholder_proposal_outcome,WFC,2025-05-05,WFC,2025-06-16,2025-06-16,2025-06-16,2025-06-13
shareholder_proposal_outcome,WFC,2025-05-05,WFC,2025-06-23,2025-06-23,2025-06-23,2025-06-20
shareholder_proposal_outcome,DUK,2025-05-06,DUK,2025-04-01,2025-04-01,2025-04-01,2025-03-31
shareholder_proposal_outcome,DUK,2025-05-06,DUK,2025-06-10,2025-06-10,2025-06-10,2025-06-09
shareholder_proposal_outcome,DUK,2025-05-06,DUK,2025-06-17,2025-06-17,2025-06-17,2025-06-16
shareholder_proposal_outcome,DUK,2025-05-06,DUK,2025-06-24,2025-06-24,2025-06-24,2025-06-23
shareholder_proposal_outcome,RTX,2025-05-06,RTX,2025-04-01,2025-04-01,2025-04-01,2025-03-31
shareholder_proposal_outcome,RTX,2025-05-06,RTX,2025-06-10,2025-06-10,2025-06-10,2025-06-09
shareholder_proposal_outcome,RTX,2025-05-06,RTX,2025-06-17,2025-06-17,2025-06-17,2025-06-16
shareholder_proposal_outcome,RTX,2025-05-06,RTX,2025-06-24,2025-06-24,2025-06-24,2025-06-23
shareholder_proposal_outcome,BMY,2025-05-08,BMY,2025-04-03,2025-04-03,2025-04-03,2025-04-02
shareholder_proposal_outcome,BMY,2025-05-08,BMY,2025-06-12,2025-06-12,2025-06-12,2025-06-11
shareholder_proposal_outcome,COF,2025-05-09,COF,2025-04-04,2025-04-04,2025-04-04,2025-04-03
shareholder_proposal_outcome,GILD,2025-05-09,GILD,2025-06-13,2025-06-13,2025-06-13,2025-06-12
shareholder_proposal_outcome,GILD,2025-05-09,GILD,2025-06-20,2025-06-20,2025-06-20,2025-06-18
shareholder_proposal_outcome,GILD,2025-05-09,GILD,2025-06-27,2025-06-27,2025-06-27,2025-06-26
shareholder_proposal_outcome,PEP,2025-05-12,PEP,2025-06-09,2025-06-09,2025-06-09,2025-06-06
shareholder_proposal_outcome,PEP,2025-05-12,PEP,2025-06-16,2025-06-16,2025-06-16,2025-06-13
shareholder_proposal_outcome,UNP,2025-05-12,UNP,2025-04-07,2025-04-07,2025-04-07,2025-04-04
shareholder_proposal_outcome,UNP,2025-05-12,UNP,2025-06-09,2025-06-09,2025-06-09,2025-06-06
shareholder_proposal_outcome,UNP,2025-05-12,UNP,2025-06-16,2025-06-16,2025-06-16,2025-06-13
shareholder_proposal_outcome,UNP,2025-05-12,UNP,2025-06-23,2025-06-23,2025-06-23,2025-06-20
shareholder_proposal_outcome,UNP,2025-05-12,UNP,2025-06-30,2025-06-30,2025-06-30,2025-06-27
shareholder_proposal_outcome,INTC,2025-05-12,INTC,2025-06-09,2025-06-09,2025-06-09,2025-06-06
shareholder_proposal_outcome,INTC,2025-05-12,INTC,2025-06-16,2025-06-16,2025-06-16,2025-06-13
shareholder_proposal_outcome,INTC,2025-05-12,INTC,2025-06-23,2025-06-23,2025-06-23,2025-06-20
shareholder_proposal_outcome,UPS,2025-05-13,UPS,2025-04-08,2025-04-08,2025-04-08,2025-04-07
shareholder_proposal_outcome,COP,2025-05-16,COP,2025-04-04,2025-04-04,2025-04-04,2025-04-03
shareholder_proposal_outcome,COP,2025-05-16,COP,2025-04-11,2025-04-11,2025-04-11,2025-04-10
shareholder_proposal_outcome,CVS,2025-05-21,CVS,2025-06-25,2025-06-25,2025-06-25,2025-06-24
shareholder_proposal_outcome,AMZN,2025-05-23,AMZN,2025-04-04,2025-04-04,2025-04-04,2025-04-03
shareholder_proposal_outcome,AMZN,2025-05-23,AMZN,2025-04-11,2025-04-11,2025-04-11,2025-04-10
shareholder_proposal_outcome,AMZN,2025-05-23,AMZN,2025-06-27,2025-06-27,2025-06-27,2025-06-26
shareholder_proposal_outcome,MCD,2025-05-27,MCD,2025-04-15,2025-04-15,2025-04-15,2025-04-14
shareholder_proposal_outcome,MCD,2025-05-27,MCD,2025-04-22,2025-04-22,2025-04-22,2025-04-21
shareholder_proposal_outcome,MCD,2025-05-27,MCD,2025-06-24,2025-06-24,2025-06-24,2025-06-23
shareholder_proposal_outcome,HON,2025-05-27,HON,2025-06-24,2025-06-24,2025-06-24,2025-06-23
shareholder_proposal_outcome,MDLZ,2025-05-28,MDLZ,2025-04-02,2025-04-02,2025-04-02,2025-04-01
shareholder_proposal_outcome,SO,2025-05-28,SO,2025-04-02,2025-04-02,2025-04-02,2025-04-01
shareholder_proposal_outcome,SO,2025-05-28,SO,2025-04-09,2025-04-09,2025-04-09,2025-04-08
shareholder_proposal_outcome,SO,2025-05-28,SO,2025-04-16,2025-04-16,2025-04-16,2025-04-15
shareholder_proposal_outcome,VZ,2025-05-29,VZ,2025-04-24,2025-04-24,2025-04-24,2025-04-23
shareholder_proposal_outcome,HD,2025-05-29,HD,2025-04-03,2025-04-03,2025-04-03,2025-04-02
shareholder_proposal_outcome,HD,2025-05-29,HD,2025-04-10,2025-04-10,2025-04-10,2025-04-09
shareholder_proposal_outcome,HD,2025-05-29,HD,2025-04-17,2025-04-17,2025-04-17,2025-04-16
shareholder_proposal_outcome,HD,2025-05-29,HD,2025-04-24,2025-04-24,2025-04-24,2025-04-23
shareholder_proposal_outcome,TMO,2025-05-29,TMO,2025-04-03,2025-04-03,2025-04-03,2025-04-02
shareholder_proposal_outcome,TMO,2025-05-29,TMO,2025-04-10,2025-04-10,2025-04-10,2025-04-09
shareholder_proposal_outcome,TMO,2025-05-29,TMO,2025-04-17,2025-04-17,2025-04-17,2025-04-16
shareholder_proposal_outcome,CVX,2025-06-02,CVX,2025-04-07,2025-04-07,2025-04-07,2025-04-04
shareholder_proposal_outcome,CVX,2025-06-02,CVX,2025-04-14,2025-04-14,2025-04-14,2025-04-11
shareholder_proposal_outcome,CVX,2025-06-02,CVX,2025-04-21,2025-04-21,2025-04-21,2025-04-17
shareholder_proposal_outcome,CVX,2025-06-02,CVX,2025-04-28,2025-04-28,2025-04-28,2025-04-25
shareholder_proposal_outcome,META,2025-06-02,META,2025-04-07,2025-04-07,2025-04-07,2025-04-04
shareholder_proposal_outcome,META,2025-06-02,META,2025-04-14,2025-04-14,2025-04-14,2025-04-11
shareholder_proposal_outcome,META,2025-06-02,META,2025-04-21,2025-04-21,2025-04-21,2025-04-17
shareholder_proposal_outcome,META,2025-06-02,META,2025-04-28,2025-04-28,2025-04-28,2025-04-25
shareholder_proposal_outcome,META,2025-06-02,META,2025-06-30,2025-06-30,2025-06-30,2025-06-27
shareholder_proposal_outcome,NVDA,2025-07-02,NVDA,2025-09-10,2025-09-10,2025-09-10,2025-09-09
shareholder_proposal_outcome,NVDA,2025-07-02,NVDA,2025-09-17,2025-09-17,2025-09-17,2025-09-16
shareholder_proposal_outcome,NVDA,2025-07-02,NVDA,2025-09-24,2025-09-24,2025-09-24,2025-09-23
shareholder_proposal_outcome,FDX,2025-10-03,FDX,2025-11-07,2025-11-07,2025-11-07,2025-11-06
shareholder_proposal_outcome,FDX,2025-10-03,FDX,2025-11-14,2025-11-14,2025-11-14,2025-11-13
shareholder_proposal_outcome,TSLA,2025-11-10,TSLA,2025-10-06,2025-10-06,2025-10-06,2025-10-03
shareholder_proposal_outcome,TSLA,2025-11-10,TSLA,2025-12-08,2025-12-08,2025-12-08,2025-12-05
shareholder_proposal_outcome,TSLA,2025-11-10,TSLA,2025-12-15,2025-12-15,2025-12-15,2025-12-12
shareholder_proposal_outcome,TSLA,2025-11-10,TSLA,2025-12-22,2025-12-22,2025-12-22,2025-12-19
shareholder_proposal_outcome,TSLA,2025-11-10,TSLA,2025-12-29,2025-12-29,2025-12-29,2025-12-26
shareholder_proposal_outcome,MSFT,2025-12-09,MSFT,2025-11-04,2025-11-04,2025-11-04,2025-11-03
annual_meeting_results,INTU,2024-01-23,INTU,2024-02-27,2024-02-27,2024-02-27,2024-02-26
annual_meeting_results,INTU,2024-01-23,INTU,2024-03-05,2024-03-05,2024-03-05,2024-03-04
annual_meeting_results,INTU,2024-01-23,INTU,2024-03-12,2024-03-12,2024-03-12,2024-03-11
annual_meeting_results,INTU,2024-01-23,INTU,2024-03-19,2024-03-19,2024-03-19,2024-03-18
annual_meeting_results,INTU,2024-01-23,INTU,2024-03-26,2024-03-26,2024-03-26,2024-03-25
annual_meeting_results,COST,2024-01-23,COST,2024-03-12,2024-03-12,2024-03-12,2024-03-11
annual_meeting_results,COST,2024-01-23,COST,2024-03-19,2024-03-19,2024-03-19,2024-03-18
annual_meeting_results,COST,2024-01-23,COST,2024-03-26,2024-03-26,2024-03-26,2024-03-25
annual_meeting_results,EMR,2024-02-12,EMR,2024-01-08,2024-01-08,2024-01-08,2024-01-05
annual_meeting_results,EMR,2024-02-12,EMR,2024-03-11,2024-03-11,2024-03-11,2024-03-08
annual_meeting_results,EMR,2024-02-12,EMR,2024-03-18,2024-03-18,2024-03-18,2024-03-15
annual_meeting_results,EMR,2024-02-12,EMR,2024-03-25,2024-03-25,2024-03-25,2024-03-22
annual_meeting_results,DE,2024-03-04,DE,2024-01-08,2024-01-08,2024-01-08,2024-01-05
annual_meeting_results,DE,2024-03-04,DE,2024-01-22,2024-01-22,2024-01-22,2024-01-19
annual_meeting_results,DE,2024-03-04,DE,2024-01-29,2024-01-29,2024-01-29,2024-01-26
annual_meeting_results,DIS,2024-04-10,DIS,2024-05-15,2024-05-15,2024-05-15,2024-05-14
annual_meeting_results,DIS,2024-04-10,DIS,2024-05-22,2024-05-22,2024-05-22,2024-05-21
annual_meeting_results,DIS,2024-04-10,DIS,2024-05-29,2024-05-29,2024-05-29,2024-05-28
annual_meeting_results,DIS,2024-04-10,DIS,2024-06-05,2024-06-05,2024-06-05,2024-06-04
annual_meeting_results,DIS,2024-04-10,DIS,2024-06-12,2024-06-12,2024-06-12,2024-06-11
annual_meeting_results,BK,2024-04-11,BK,2024-05-16,2024-05-16,2024-05-16,2024-05-15
annual_meeting_results,BK,2024-04-11,BK,2024-05-23,2024-05-23,2024-05-23,2024-05-22
annual_meeting_results,BK,2024-04-11,BK,2024-05-30,2024-05-30,2024-05-30,2024-05-29
annual_meeting_results,BK,2024-04-11,BK,2024-06-06,2024-06-06,2024-06-06,2024-06-05
annual_meeting_results,BK,2024-04-11,BK,2024-06-13,2024-06-13,2024-06-13,2024-06-12
annual_meeting_results,BK,2024-04-11,BK,2024-06-20,2024-06-20,2024-06-20,2024-06-18
annual_meeting_results,AVGO,2024-04-25,AVGO,2024-05-30,2024-05-30,2024-05-30,2024-05-29
annual_meeting_results,AVGO,2024-04-25,AVGO,2024-06-06,2024-06-06,2024-06-06,2024-06-05
annual_meeting_results,TXN,2024-04-29,TXN,2024-06-03,2024-06-03,2024-06-03,2024-05-31
annual_meeting_results,TXN,2024-04-29,TXN,2024-06-10,2024-06-10,2024-06-10,2024-06-07
annual_meeting_results,TXN,2024-04-29,TXN,2024-06-17,2024-06-17,2024-06-17,2024-06-14
annual_meeting_results,TXN,2024-04-29,TXN,2024-06-24,2024-06-24,2024-06-24,2024-06-21
annual_meeting_results,BAC,2024-04-29,BAC,2024-06-03,2024-06-03,2024-06-03,2024-05-31
annual_meeting_results,BAC,2024-04-29,BAC,2024-06-10,2024-06-10,2024-06-10,2024-06-07
annual_meeting_results,ABT,2024-04-30,ABT,2024-06-04,2024-06-04,2024-06-04,2024-06-03
annual_meeting_results,ABT,2024-04-30,ABT,2024-06-11,2024-06-11,2024-06-11,2024-06-10
annual_meeting_results,ABT,2024-04-30,ABT,2024-06-18,2024-06-18,2024-06-18,2024-06-17
annual_meeting_results,ABT,2024-04-30,ABT,2024-06-25,2024-06-25,2024-06-25,2024-06-24
annual_meeting_results,ISRG,2024-05-01,ISRG,2024-06-05,2024-06-05,2024-06-05,2024-06-04
annual_meeting_results,ISRG,2024-05-01,ISRG,2024-06-12,2024-06-12,2024-06-12,2024-06-11
annual_meeting_results,ISRG,2024-05-01,ISRG,2024-06-26,2024-06-26,2024-06-26,2024-06-25
annual_meeting_results,WFC,2024-05-03,WFC,2024-06-07,2024-06-07,2024-06-07,2024-06-06
annual_meeting_results,KO,2024-05-03,KO,2024-06-14,2024-06-14,2024-06-14,2024-06-13
annual_meeting_results,KO,2024-05-03,KO,2024-06-21,2024-06-21,2024-06-21,2024-06-20
annual_meeting_results,GD,2024-05-06,GD,2024-06-03,2024-06-03,2024-06-03,2024-05-31
annual_meeting_results,GD,2024-05-06,GD,2024-06-10,2024-06-10,2024-06-10,2024-06-07
annual_meeting_results,GD,2024-05-06,GD,2024-06-17,2024-06-17,2024-06-17,2024-06-14
annual_meeting_results,GD,2024-05-06,GD,2024-06-24,2024-06-24,2024-06-24,2024-06-21
annual_meeting_results,IBM,2024-05-06,IBM,2024-04-01,2024-04-01,2024-04-01,2024-03-28
annual_meeting_results,IBM,2024-05-06,IBM,2024-06-03,2024-06-03,2024-06-03,2024-05-31
annual_meeting_results,IBM,2024-05-06,IBM,2024-06-10,2024-06-10,2024-06-10,2024-06-07
annual_meeting_results,IBM,2024-05-06,IBM,2024-06-17,2024-06-17,2024-06-17,2024-06-14
annual_meeting_results,COF,2024-05-06,COF,2024-04-01,2024-04-01,2024-04-01,2024-03-28
annual_meeting_results,COF,2024-05-06,COF,2024-06-03,2024-06-03,2024-06-03,2024-05-31
annual_meeting_results,COF,2024-05-06,COF,2024-06-10,2024-06-10,2024-06-10,2024-06-07
annual_meeting_results,COF,2024-05-06,COF,2024-06-17,2024-06-17,2024-06-17,2024-06-14
annual_meeting_results,COF,2024-05-06,COF,2024-06-24,2024-06-24,2024-06-24,2024-06-21
annual_meeting_results,LMT,2024-05-06,LMT,2024-04-01,2024-04-01,2024-04-01,2024-03-28
annual_meeting_results,RTX,2024-05-07,RTX,2024-04-02,2024-04-02,2024-04-02,2024-04-01
annual_meeting_results,RTX,2024-05-07,RTX,2024-06-11,2024-06-11,2024-06-11,2024-06-10
annual_meeting_results,UPS,2024-05-07,UPS,2024-04-02,2024-04-02,2024-04-02,2024-04-01
annual_meeting_results,DHR,2024-05-10,DHR,2024-04-05,2024-04-05,2024-04-05,2024-04-04
annual_meeting_results,DHR,2024-05-10,DHR,2024-06-14,2024-06-14,2024-06-14,2024-06-13
annual_meeting_results,DHR,2024-05-10,DHR,2024-06-21,2024-06-21,2024-06-21,2024-06-20
annual_meeting_results,DHR,2024-05-10,DHR,2024-06-28,2024-06-28,2024-06-28,2024-06-27
annual_meeting_results,UNP,2024-05-13,UNP,2024-04-01,2024-04-01,2024-04-01,2024-03-28
annual_meeting_results,UNP,2024-05-13,UNP,2024-04-08,2024-04-08,2024-04-08,2024-04-05
annual_meeting_results,UNP,2024-05-13,UNP,2024-06-10,2024-06-10,2024-06-10,2024-06-07
annual_meeting_results,UNP,2024-05-13,UNP,2024-06-17,2024-06-17,2024-06-17,2024-06-14
annual_meeting_results,UNP,2024-05-13,UNP,2024-06-24,2024-06-24,2024-06-24,2024-06-21
annual_meeting_results,VZ,2024-05-14,VZ,2024-06-18,2024-06-18,2024-06-18,2024-06-17
annual_meeting_results,CL,2024-05-16,CL,2024-04-04,2024-04-04,2024-04-04,2024-04-03
annual_meeting_results,CL,2024-05-16,CL,2024-04-11,2024-04-11,2024-04-11,2024-04-10
annual_meeting_results,CL,2024-05-16,CL,2024-06-20,2024-06-20,2024-06-20,2024-06-18
annual_meeting_results,CL,2024-05-16,CL,2024-06-27,2024-06-27,2024-06-27,2024-06-26
annual_meeting_results,COP,2024-05-17,COP,2024-04-05,2024-04-05,2024-04-05,2024-04-04
annual_meeting_results,COP,2024-05-17,COP,2024-04-12,2024-04-12,2024-04-12,2024-04-11
annual_meeting_results,BA,2024-05-20,BA,2024-06-17,2024-06-17,2024-06-17,2024-06-14
annual_meeting_results,BA,2024-05-20,BA,2024-06-24,2024-06-24,2024-06-24,2024-06-21
annual_meeting_results,AIG,2024-05-20,AIG,2024-04-01,2024-04-01,2024-04-01,2024-03-28
annual_meeting_results,AIG,2024-05-20,AIG,2024-04-08,2024-04-08,2024-04-08,2024-04-05
annual_meeting_results,AIG,2024-05-20,AIG,2024-04-15,2024-04-15,2024-04-15,2024-04-12
annual_meeting_results,HD,2024-05-23,HD,2024-04-04,2024-04-04,2024-04-04,2024-04-03
annual_meeting_results,HD,2024-05-23,HD,2024-04-11,2024-04-11,2024-04-11,2024-04-10
annual_meeting_results,HD,2024-05-23,HD,2024-04-18,2024-04-18,2024-04-18,2024-04-17
annual_meeting_results,MDLZ,2024-05-23,MDLZ,2024-04-04,2024-04-04,2024-04-04,2024-04-03
annual_meeting_results,MDLZ,2024-05-23,MDLZ,2024-04-11,2024-04-11,2024-04-11,2024-04-10
annual_meeting_results,MDLZ,2024-05-23,MDLZ,2024-04-18,2024-04-18,2024-04-18,2024-04-17
annual_meeting_results,CVS,2024-05-23,CVS,2024-06-27,2024-06-27,2024-06-27,2024-06-26
annual_meeting_results,NOW,2024-05-24,NOW,2024-04-05,2024-04-05,2024-04-05,2024-04-04
annual_meeting_results,NOW,2024-05-24,NOW,2024-04-12,2024-04-12,2024-04-12,2024-04-11
annual_meeting_results,NOW,2024-05-24,NOW,2024-04-19,2024-04-19,2024-04-19,2024-04-18
annual_meeting_results,AMT,2024-05-28,AMT,2024-04-16,2024-04-16,2024-04-16,2024-04-15
annual_meeting_results,AMZN,2024-05-28,AMZN,2024-04-02,2024-04-02,2024-04-02,2024-04-01
annual_meeting_results,AMZN,2024-05-28,AMZN,2024-04-09,2024-04-09,2024-04-09,2024-04-08
annual_meeting_results,AMZN,2024-05-28,AMZN,2024-04-16,2024-04-16,2024-04-16,2024-04-15
annual_meeting_results,AMZN,2024-05-28,AMZN,2024-04-23,2024-04-23,2024-04-23,2024-04-22
annual_meeting_results,AMZN,2024-05-28,AMZN,2024-06-25,2024-06-25,2024-06-25,2024-06-24
annual_meeting_results,TMO,2024-05-28,TMO,2024-04-02,2024-04-02,2024-04-02,2024-04-01
annual_meeting_results,TMO,2024-05-28,TMO,2024-04-09,2024-04-09,2024-04-09,2024-04-08
annual_meeting_results,TMO,2024-05-28,TMO,2024-04-16,2024-04-16,2024-04-16,2024-04-15
annual_meeting_results,TMO,2024-05-28,TMO,2024-04-23,2024-04-23,2024-04-23,2024-04-22
annual_meeting_results,SO,2024-05-28,SO,2024-04-02,2024-04-02,2024-04-02,2024-04-01
annual_meeting_results,SO,2024-05-28,SO,2024-06-25,2024-06-25,2024-06-25,2024-06-24
annual_meeting_results,NEE,2024-05-29,NEE,2024-04-10,2024-04-10,2024-04-10,2024-04-09
annual_meeting_results,NEE,2024-05-29,NEE,2024-04-17,2024-04-17,2024-04-17,2024-04-16
annual_meeting_results,NEE,2024-05-29,NEE,2024-04-24,2024-04-24,2024-04-24,2024-04-23
annual_meeting_results,SCHW,2024-05-30,SCHW,2024-04-04,2024-04-04,2024-04-04,2024-04-03
annual_meeting_results,SCHW,2024-05-30,SCHW,2024-04-11,2024-04-11,2024-04-11,2024-04-10
annual_meeting_results,AMGN,2024-06-04,AMGN,2024-04-02,2024-04-02,2024-04-02,2024-04-01
annual_meeting_results,AMGN,2024-06-04,AMGN,2024-04-09,2024-04-09,2024-04-09,2024-04-08
annual_meeting_results,AMGN,2024-06-04,AMGN,2024-04-16,2024-04-16,2024-04-16,2024-04-15
annual_meeting_results,AMGN,2024-06-04,AMGN,2024-04-23,2024-04-23,2024-04-23,2024-04-22
annual_meeting_results,AMGN,2024-06-04,AMGN,2024-04-30,2024-04-30,2024-04-30,2024-04-29
annual_meeting_results,LOW,2024-06-06,LOW,2024-04-04,2024-04-04,2024-04-04,2024-04-03
annual_meeting_results,LOW,2024-06-06,LOW,2024-04-11,2024-04-11,2024-04-11,2024-04-10
annual_meeting_results,LOW,2024-06-06,LOW,2024-04-18,2024-04-18,2024-04-18,2024-04-17
annual_meeting_results,LOW,2024-06-06,LOW,2024-04-25,2024-04-25,2024-04-25,2024-04-24
annual_meeting_results,LOW,2024-06-06,LOW,2024-05-02,2024-05-02,2024-05-02,2024-05-01
annual_meeting_results,WMT,2024-06-10,WMT,2024-04-01,2024-04-01,2024-04-01,2024-03-28
annual_meeting_results,WMT,2024-06-10,WMT,2024-04-08,2024-04-08,2024-04-08,2024-04-05
annual_meeting_results,WMT,2024-06-10,WMT,2024-04-15,2024-04-15,2024-04-15,2024-04-12
annual_meeting_results,WMT,2024-06-10,WMT,2024-04-22,2024-04-22,2024-04-22,2024-04-19
annual_meeting_results,WMT,2024-06-10,WMT,2024-04-29,2024-04-29,2024-04-29,2024-04-26
annual_meeting_results,WMT,2024-06-10,WMT,2024-05-06,2024-05-06,2024-05-06,2024-05-03
annual_meeting_results,PLTR,2024-06-11,PLTR,2024-04-02,2024-04-02,2024-04-02,2024-04-01
annual_meeting_results,PLTR,2024-06-11,PLTR,2024-04-09,2024-04-09,2024-04-09,2024-04-08
annual_meeting_results,PLTR,2024-06-11,PLTR,2024-04-16,2024-04-16,2024-04-16,2024-04-15
annual_meeting_results,PLTR,2024-06-11,PLTR,2024-04-23,2024-04-23,2024-04-23,2024-04-22
annual_meeting_results,PLTR,2024-06-11,PLTR,2024-04-30,2024-04-30,2024-04-30,2024-04-29
annual_meeting_results,PLTR,2024-06-11,PLTR,2024-05-07,2024-05-07,2024-05-07,2024-05-06
annual_meeting_results,CMCSA,2024-06-13,CMCSA,2024-04-04,2024-04-04,2024-04-04,2024-04-03
annual_meeting_results,CMCSA,2024-06-13,CMCSA,2024-04-11,2024-04-11,2024-04-11,2024-04-10
annual_meeting_results,CMCSA,2024-06-13,CMCSA,2024-04-18,2024-04-18,2024-04-18,2024-04-17
annual_meeting_results,MA,2024-06-24,MA,2024-04-01,2024-04-01,2024-04-01,2024-03-28
annual_meeting_results,MA,2024-06-24,MA,2024-04-08,2024-04-08,2024-04-08,2024-04-05
annual_meeting_results,NVDA,2024-07-03,NVDA,2024-08-07,2024-08-07,2024-08-07,2024-08-06
annual_meeting_results,NVDA,2024-07-03,NVDA,2024-08-14,2024-08-14,2024-08-14,2024-08-13
annual_meeting_results,NVDA,2024-07-03,NVDA,2024-08-21,2024-08-21,2024-08-21,2024-08-20
annual_meeting_results,NVDA,2024-07-03,NVDA,2024-08-28,2024-08-28,2024-08-28,2024-08-27
annual_meeting_results,NVDA,2024-07-03,NVDA,2024-09-04,2024-09-04,2024-09-04,2024-09-03
annual_meeting_results,NVDA,2024-07-03,NVDA,2024-09-11,2024-09-11,2024-09-11,2024-09-10
annual_meeting_results,NVDA,2024-07-03,NVDA,2024-09-18,2024-09-18,2024-09-18,2024-09-17
annual_meeting_results,NVDA,2024-07-03,NVDA,2024-09-25,2024-09-25,2024-09-25,2024-09-24
annual_meeting_results,FDX,2024-09-25,FDX,2024-07-31,2024-07-31,2024-07-31,2024-07-30
annual_meeting_results,PG,2024-10-11,PG,2024-11-29,2024-11-29,2024-11-29,2024-11-27
annual_meeting_results,PG,2024-10-11,PG,2024-12-06,2024-12-06,2024-12-06,2024-12-05
annual_meeting_results,PG,2024-10-11,PG,2024-12-13,2024-12-13,2024-12-13,2024-12-12
annual_meeting_results,PG,2024-10-11,PG,2024-12-20,2024-12-20,2024-12-20,2024-12-19
annual_meeting_results,PG,2024-10-11,PG,2024-12-27,2024-12-27,2024-12-27,2024-12-26
annual_meeting_results,MDT,2024-10-22,MDT,2024-11-26,2024-11-26,2024-11-26,2024-11-25
annual_meeting_results,MDT,2024-10-22,MDT,2024-12-03,2024-12-03,2024-12-03,2024-12-02
annual_meeting_results,MDT,2024-10-22,MDT,2024-12-10,2024-12-10,2024-12-10,2024-12-09
annual_meeting_results,MDT,2024-10-22,MDT,2024-12-17,2024-12-17,2024-12-17,2024-12-16
annual_meeting_results,MSFT,2024-12-12,MSFT,2024-10-03,2024-10-03,2024-10-03,2024-10-02
annual_meeting_results,MSFT,2024-12-12,MSFT,2024-10-10,2024-10-10,2024-10-10,2024-10-09
annual_meeting_results,MSFT,2024-12-12,MSFT,2024-10-17,2024-10-17,2024-10-17,2024-10-16
annual_meeting_results,MSFT,2024-12-12,MSFT,2024-10-24,2024-10-24,2024-10-24,2024-10-23
annual_meeting_results,MSFT,2024-12-12,MSFT,2024-10-31,2024-10-31,2024-10-31,2024-10-30
annual_meeting_results,INTU,2025-01-28,INTU,2025-03-04,2025-03-04,2025-03-04,2025-03-03
annual_meeting_results,INTU,2025-01-28,INTU,2025-03-11,2025-03-11,2025-03-11,2025-03-10
annual_meeting_results,INTU,2025-01-28,INTU,2025-03-18,2025-03-18,2025-03-18,2025-03-17
annual_meeting_results,INTU,2025-01-28,INTU,2025-03-25,2025-03-25,2025-03-25,2025-03-24
annual_meeting_results,COST,2025-01-28,COST,2025-03-11,2025-03-11,2025-03-11,2025-03-10
annual_meeting_results,COST,2025-01-28,COST,2025-03-18,2025-03-18,2025-03-18,2025-03-17
annual_meeting_results,COST,2025-01-28,COST,2025-03-25,2025-03-25,2025-03-25,2025-03-24
annual_meeting_results,V,2025-01-30,V,2025-03-06,2025-03-06,2025-03-06,2025-03-05
annual_meeting_results,V,2025-01-30,V,2025-03-13,2025-03-13,2025-03-13,2025-03-12
annual_meeting_results,V,2025-01-30,V,2025-03-20,2025-03-20,2025-03-20,2025-03-19
annual_meeting_results,V,2025-01-30,V,2025-03-27,2025-03-27,2025-03-27,2025-03-26
annual_meeting_results,EMR,2025-02-10,EMR,2025-01-06,2025-01-06,2025-01-06,2025-01-03
annual_meeting_results,DE,2025-03-03,DE,2025-03-31,2025-03-31,2025-03-31,2025-03-28
annual_meeting_results,QCOM,2025-03-21,QCOM,2025-01-17,2025-01-17,2025-01-17,2025-01-16
annual_meeting_results,QCOM,2025-03-21,QCOM,2025-01-24,2025-01-24,2025-01-24,2025-01-23
annual_meeting_results,QCOM,2025-03-21,QCOM,2025-01-31,2025-01-31,2025-01-31,2025-01-30
annual_meeting_results,QCOM,2025-03-21,QCOM,2025-02-07,2025-02-07,2025-02-07,2025-02-06
annual_meeting_results,QCOM,2025-03-21,QCOM,2025-02-14,2025-02-14,2025-02-14,2025-02-13
annual_meeting_results,DIS,2025-03-25,DIS,2025-01-07,2025-01-07,2025-01-07,2025-01-06
annual_meeting_results,DIS,2025-03-25,DIS,2025-01-14,2025-01-14,2025-01-14,2025-01-13
annual_meeting_results,DIS,2025-03-25,DIS,2025-01-21,2025-01-21,2025-01-21,2025-01-17
annual_meeting_results,DIS,2025-03-25,DIS,2025-01-28,2025-01-28,2025-01-28,2025-01-27
annual_meeting_results,DIS,2025-03-25,DIS,2025-02-04,2025-02-04,2025-02-04,2025-02-03
annual_meeting_results,DIS,2025-03-25,DIS,2025-02-11,2025-02-11,2025-02-11,2025-02-10
annual_meeting_results,DIS,2025-03-25,DIS,2025-02-18,2025-02-18,2025-02-18,2025-02-14
annual_meeting_results,USB,2025-04-21,USB,2025-05-19,2025-05-19,2025-05-19,2025-05-16
annual_meeting_results,USB,2025-04-21,USB,2025-06-02,2025-06-02,2025-06-02,2025-05-30
annual_meeting_results,USB,2025-04-21,USB,2025-06-09,2025-06-09,2025-06-09,2025-06-06
annual_meeting_results,USB,2025-04-21,USB,2025-06-16,2025-06-16,2025-06-16,2025-06-13
annual_meeting_results,USB,2025-04-21,USB,2025-06-23,2025-06-23,2025-06-23,2025-06-20
annual_meeting_results,USB,2025-04-21,USB,2025-06-30,2025-06-30,2025-06-30,2025-06-27
annual_meeting_results,AVGO,2025-04-23,AVGO,2025-05-28,2025-05-28,2025-05-28,2025-05-27
annual_meeting_results,AVGO,2025-04-23,AVGO,2025-06-04,2025-06-04,2025-06-04,2025-06-03
annual_meeting_results,BAC,2025-04-25,BAC,2025-05-30,2025-05-30,2025-05-30,2025-05-29
annual_meeting_results,BAC,2025-04-25,BAC,2025-06-06,2025-06-06,2025-06-06,2025-06-05
annual_meeting_results,BAC,2025-04-25,BAC,2025-06-13,2025-06-13,2025-06-13,2025-06-12
annual_meeting_results,GS,2025-04-25,GS,2025-05-30,2025-05-30,2025-05-30,2025-05-29
annual_meeting_results,GS,2025-04-25,GS,2025-06-06,2025-06-06,2025-06-06,2025-06-05
annual_meeting_results,GS,2025-04-25,GS,2025-06-13,2025-06-13,2025-06-13,2025-06-12
annual_meeting_results,GS,2025-04-25,GS,2025-06-20,2025-06-20,2025-06-20,2025-06-18
annual_meeting_results,GS,2025-04-25,GS,2025-06-27,2025-06-27,2025-06-27,2025-06-26
annual_meeting_results,CHTR,2025-04-28,CHTR,2025-06-02,2025-06-02,2025-06-02,2025-05-30
annual_meeting_results,CHTR,2025-04-28,CHTR,2025-06-09,2025-06-09,2025-06-09,2025-06-06
annual_meeting_results,CHTR,2025-04-28,CHTR,2025-06-16,2025-06-16,2025-06-16,2025-06-13
annual_meeting_results,CHTR,2025-04-28,CHTR,2025-06-23,2025-06-23,2025-06-23,2025-06-20
annual_meeting_results,CHTR,2025-04-28,CHTR,2025-06-30,2025-06-30,2025-06-30,2025-06-27
annual_meeting_results,ABT,2025-04-29,ABT,2025-06-03,2025-06-03,2025-06-03,2025-06-02
annual_meeting_results,ABT,2025-04-29,ABT,2025-06-10,2025-06-10,2025-06-10,2025-06-09
annual_meeting_results,ABT,2025-04-29,ABT,2025-06-17,2025-06-17,2025-06-17,2025-06-16
annual_meeting_results,ABT,2025-04-29,ABT,2025-06-24,2025-06-24,2025-06-24,2025-06-23
annual_meeting_results,PFE,2025-04-29,PFE,2025-06-24,2025-06-24,2025-06-24,2025-06-23
annual_meeting_results,WFC,2025-05-05,WFC,2025-06-02,2025-06-02,2025-06-02,2025-05-30
annual_meeting_results,WFC,2025-05-05,WFC,2025-06-09,2025-06-09,2025-06-09,2025-06-06
annual_meeting_results,WFC,2025-05-05,WFC,2025-06-16,2025-06-16,2025-06-16,2025-06-13
annual_meeting_results,WFC,2025-05-05,WFC,2025-06-23,2025-06-23,2025-06-23,2025-06-20
annual_meeting_results,RTX,2025-05-06,RTX,2025-04-01,2025-04-01,2025-04-01,2025-03-31
annual_meeting_results,RTX,2025-05-06,RTX,2025-06-10,2025-06-10,2025-06-10,2025-06-09
annual_meeting_results,RTX,2025-05-06,RTX,2025-06-17,2025-06-17,2025-06-17,2025-06-16
annual_meeting_results,RTX,2025-05-06,RTX,2025-06-24,2025-06-24,2025-06-24,2025-06-23
annual_meeting_results,ISRG,2025-05-06,ISRG,2025-04-01,2025-04-01,2025-04-01,2025-03-31
annual_meeting_results,ISRG,2025-05-06,ISRG,2025-06-17,2025-06-17,2025-06-17,2025-06-16
annual_meeting_results,ISRG,2025-05-06,ISRG,2025-06-24,2025-06-24,2025-06-24,2025-06-23
annual_meeting_results,BMY,2025-05-08,BMY,2025-04-03,2025-04-03,2025-04-03,2025-04-02
annual_meeting_results,BMY,2025-05-08,BMY,2025-06-12,2025-06-12,2025-06-12,2025-06-11
annual_meeting_results,LLY,2025-05-09,LLY,2025-06-13,2025-06-13,2025-06-13,2025-06-12
annual_meeting_results,LLY,2025-05-09,LLY,2025-06-20,2025-06-20,2025-06-20,2025-06-18
annual_meeting_results,LLY,2025-05-09,LLY,2025-06-27,2025-06-27,2025-06-27,2025-06-26
annual_meeting_results,DHR,2025-05-09,DHR,2025-04-04,2025-04-04,2025-04-04,2025-04-03
annual_meeting_results,DHR,2025-05-09,DHR,2025-06-13,2025-06-13,2025-06-13,2025-06-12
annual_meeting_results,DHR,2025-05-09,DHR,2025-06-20,2025-06-20,2025-06-20,2025-06-18
annual_meeting_results,GILD,2025-05-09,GILD,2025-06-13,2025-06-13,2025-06-13,2025-06-12
annual_meeting_results,GILD,2025-05-09,GILD,2025-06-20,2025-06-20,2025-06-20,2025-06-18
annual_meeting_results,GILD,2025-05-09,GILD,2025-06-27,2025-06-27,2025-06-27,2025-06-26
annual_meeting_results,COF,2025-05-09,COF,2025-04-04,2025-04-04,2025-04-04,2025-04-03
annual_meeting_results,LMT,2025-05-12,LMT,2025-06-09,2025-06-09,2025-06-09,2025-06-06
annual_meeting_results,LMT,2025-05-12,LMT,2025-06-16,2025-06-16,2025-06-16,2025-06-13
annual_meeting_results,LMT,2025-05-12,LMT,2025-06-23,2025-06-23,2025-06-23,2025-06-20
annual_meeting_results,GE,2025-05-12,GE,2025-04-07,2025-04-07,2025-04-07,2025-04-04
annual_meeting_results,GE,2025-05-12,GE,2025-06-09,2025-06-09,2025-06-09,2025-06-06
annual_meeting_results,GE,2025-05-12,GE,2025-06-16,2025-06-16,2025-06-16,2025-06-13
annual_meeting_results,GE,2025-05-12,GE,2025-06-23,2025-06-23,2025-06-23,2025-06-20
annual_meeting_results,UNP,2025-05-12,UNP,2025-04-07,2025-04-07,2025-04-07,2025-04-04
annual_meeting_results,UNP,2025-05-12,UNP,2025-06-09,2025-06-09,2025-06-09,2025-06-06
annual_meeting_results,UNP,2025-05-12,UNP,2025-06-16,2025-06-16,2025-06-16,2025-06-13
annual_meeting_results,UNP,2025-05-12,UNP,2025-06-23,2025-06-23,2025-06-23,2025-06-20
annual_meeting_results,UNP,2025-05-12,UNP,2025-06-30,2025-06-30,2025-06-30,2025-06-27
annual_meeting_results,INTC,2025-05-12,INTC,2025-06-09,2025-06-09,2025-06-09,2025-06-06
annual_meeting_results,INTC,2025-05-12,INTC,2025-06-16,2025-06-16,2025-06-16,2025-06-13
annual_meeting_results,INTC,2025-05-12,INTC,2025-06-23,2025-06-23,2025-06-23,2025-06-20
annual_meeting_results,UBER,2025-05-12,UBER,2025-04-07,2025-04-07,2025-04-07,2025-04-04
annual_meeting_results,UPS,2025-05-13,UPS,2025-04-08,2025-04-08,2025-04-08,2025-04-07
annual_meeting_results,COP,2025-05-16,COP,2025-04-04,2025-04-04,2025-04-04,2025-04-03
annual_meeting_results,COP,2025-05-16,COP,2025-04-11,2025-04-11,2025-04-11,2025-04-10
annual_meeting_results,AIG,2025-05-19,AIG,2025-06-16,2025-06-16,2025-06-16,2025-06-13
annual_meeting_results,MO,2025-05-20,MO,2025-04-01,2025-04-01,2025-04-01,2025-03-31
annual_meeting_results,MO,2025-05-20,MO,2025-04-08,2025-04-08,2025-04-08,2025-04-07
annual_meeting_results,MO,2025-05-20,MO,2025-04-15,2025-04-15,2025-04-15,2025-04-14
annual_meeting_results,MO,2025-05-20,MO,2025-06-24,2025-06-24,2025-06-24,2025-06-23
annual_meeting_results,CVS,2025-05-21,CVS,2025-06-25,2025-06-25,2025-06-25,2025-06-24
annual_meeting_results,AMZN,2025-05-23,AMZN,2025-04-04,2025-04-04,2025-04-04,2025-04-03
annual_meeting_results,AMZN,2025-05-23,AMZN,2025-04-11,2025-04-11,2025-04-11,2025-04-10
annual_meeting_results,AMZN,2025-05-23,AMZN,2025-06-27,2025-06-27,2025-06-27,2025-06-26
annual_meeting_results,SCHW,2025-05-27,SCHW,2025-06-24,2025-06-24,2025-06-24,2025-06-23
annual_meeting_results,MCD,2025-05-27,MCD,2025-04-15,2025-04-15,2025-04-15,2025-04-14
annual_meeting_results,MCD,2025-05-27,MCD,2025-04-22,2025-04-22,2025-04-22,2025-04-21
annual_meeting_results,MCD,2025-05-27,MCD,2025-06-24,2025-06-24,2025-06-24,2025-06-23
annual_meeting_results,AMGN,2025-05-28,AMGN,2025-04-02,2025-04-02,2025-04-02,2025-04-01
annual_meeting_results,AMGN,2025-05-28,AMGN,2025-04-09,2025-04-09,2025-04-09,2025-04-08
annual_meeting_results,AMGN,2025-05-28,AMGN,2025-04-16,2025-04-16,2025-04-16,2025-04-15
annual_meeting_results,AMGN,2025-05-28,AMGN,2025-04-23,2025-04-23,2025-04-23,2025-04-22
annual_meeting_results,SO,2025-05-28,SO,2025-04-02,2025-04-02,2025-04-02,2025-04-01
annual_meeting_results,SO,2025-05-28,SO,2025-04-09,2025-04-09,2025-04-09,2025-04-08
annual_meeting_results,SO,2025-05-28,SO,2025-04-16,2025-04-16,2025-04-16,2025-04-15
annual_meeting_results,VZ,2025-05-29,VZ,2025-04-24,2025-04-24,2025-04-24,2025-04-23
annual_meeting_results,HD,2025-05-29,HD,2025-04-03,2025-04-03,2025-04-03,2025-04-02
annual_meeting_results,HD,2025-05-29,HD,2025-04-10,2025-04-10,2025-04-10,2025-04-09
annual_meeting_results,HD,2025-05-29,HD,2025-04-17,2025-04-17,2025-04-17,2025-04-16
annual_meeting_results,HD,2025-05-29,HD,2025-04-24,2025-04-24,2025-04-24,2025-04-23
annual_meeting_results,CVX,2025-06-02,CVX,2025-04-07,2025-04-07,2025-04-07,2025-04-04
annual_meeting_results,CVX,2025-06-02,CVX,2025-04-14,2025-04-14,2025-04-14,2025-04-11
annual_meeting_results,CVX,2025-06-02,CVX,2025-04-21,2025-04-21,2025-04-21,2025-04-17
annual_meeting_results,CVX,2025-06-02,CVX,2025-04-28,2025-04-28,2025-04-28,2025-04-25
annual_meeting_results,META,2025-06-02,META,2025-04-07,2025-04-07,2025-04-07,2025-04-04
annual_meeting_results,META,2025-06-02,META,2025-04-14,2025-04-14,2025-04-14,2025-04-11
annual_meeting_results,META,2025-06-02,META,2025-04-21,2025-04-21,2025-04-21,2025-04-17
annual_meeting_results,META,2025-06-02,META,2025-04-28,2025-04-28,2025-04-28,2025-04-25
annual_meeting_results,META,2025-06-02,META,2025-06-30,2025-06-30,2025-06-30,2025-06-27
annual_meeting_results,LOW,2025-06-06,LOW,2025-04-04,2025-04-04,2025-04-04,2025-04-03
annual_meeting_results,LOW,2025-06-06,LOW,2025-04-11,2025-04-11,2025-04-11,2025-04-10
annual_meeting_results,LOW,2025-06-06,LOW,2025-04-25,2025-04-25,2025-04-25,2025-04-24
annual_meeting_results,LOW,2025-06-06,LOW,2025-05-02,2025-05-02,2025-05-02,2025-05-01
annual_meeting_results,PLTR,2025-06-10,PLTR,2025-04-01,2025-04-01,2025-04-01,2025-03-31
annual_meeting_results,PLTR,2025-06-10,PLTR,2025-04-08,2025-04-08,2025-04-08,2025-04-07
annual_meeting_results,PLTR,2025-06-10,PLTR,2025-04-15,2025-04-15,2025-04-15,2025-04-14
annual_meeting_results,PLTR,2025-06-10,PLTR,2025-04-22,2025-04-22,2025-04-22,2025-04-21
annual_meeting_results,PLTR,2025-06-10,PLTR,2025-04-29,2025-04-29,2025-04-29,2025-04-28
annual_meeting_results,PLTR,2025-06-10,PLTR,2025-05-06,2025-05-06,2025-05-06,2025-05-05
annual_meeting_results,MA,2025-06-27,MA,2025-04-04,2025-04-04,2025-04-04,2025-04-03
annual_meeting_results,MA,2025-06-27,MA,2025-04-11,2025-04-11,2025-04-11,2025-04-10
annual_meeting_results,MA,2025-06-27,MA,2025-04-25,2025-04-25,2025-04-25,2025-04-24
annual_meeting_results,MA,2025-06-27,MA,2025-05-02,2025-05-02,2025-05-02,2025-05-01
annual_meeting_results,MA,2025-06-27,MA,2025-05-09,2025-05-09,2025-05-09,2025-05-08
annual_meeting_results,MA,2025-06-27,MA,2025-05-16,2025-05-16,2025-05-16,2025-05-15
annual_meeting_results,MA,2025-06-27,MA,2025-05-23,2025-05-23,2025-05-23,2025-05-22
annual_meeting_results,NVDA,2025-07-02,NVDA,2025-09-10,2025-09-10,2025-09-10,2025-09-09
annual_meeting_results,NVDA,2025-07-02,NVDA,2025-09-17,2025-09-17,2025-09-17,2025-09-16
annual_meeting_results,NVDA,2025-07-02,NVDA,2025-09-24,2025-09-24,2025-09-24,2025-09-23
annual_meeting_results,FDX,2025-10-03,FDX,2025-11-07,2025-11-07,2025-11-07,2025-11-06
annual_meeting_results,FDX,2025-10-03,FDX,2025-11-14,2025-11-14,2025-11-14,2025-11-13
annual_meeting_results,PG,2025-10-15,PG,2025-12-10,2025-12-10,2025-12-10,2025-12-09
annual_meeting_results,PG,2025-10-15,PG,2025-12-17,2025-12-17,2025-12-17,2025-12-16
annual_meeting_results,PG,2025-10-15,PG,2025-12-24,2025-12-24,2025-12-24,2025-12-23
annual_meeting_results,PG,2025-10-15,PG,2025-12-31,2025-12-31,2025-12-31,2025-12-30
annual_meeting_results,PG,2025-10-17,PG,2025-12-05,2025-12-05,2025-12-05,2025-12-04
annual_meeting_results,PG,2025-10-17,PG,2025-12-12,2025-12-12,2025-12-12,2025-12-11
annual_meeting_results,PG,2025-10-17,PG,2025-12-19,2025-12-19,2025-12-19,2025-12-18
annual_meeting_results,PG,2025-10-17,PG,2025-12-26,2025-12-26,2025-12-26,2025-12-24
annual_meeting_results,MDT,2025-10-22,MDT,2025-11-26,2025-11-26,2025-11-26,2025-11-25
annual_meeting_results,MDT,2025-10-22,MDT,2025-12-03,2025-12-03,2025-12-03,2025-12-02
annual_meeting_results,MDT,2025-10-22,MDT,2025-12-10,2025-12-10,2025-12-10,2025-12-09
annual_meeting_results,MDT,2025-10-22,MDT,2025-12-17,2025-12-17,2025-12-17,2025-12-16
annual_meeting_results,MDT,2025-10-22,MDT,2025-12-24,2025-12-24,2025-12-24,2025-12-23
annual_meeting_results,MDT,2025-10-22,MDT,2025-12-31,2025-12-31,2025-12-31,2025-12-30
annual_meeting_results,TSLA,2025-11-10,TSLA,2025-10-06,2025-10-06,2025-10-06,2025-10-03
annual_meeting_results,TSLA,2025-11-10,TSLA,2025-12-08,2025-12-08,2025-12-08,2025-12-05
annual_meeting_results,TSLA,2025-11-10,TSLA,2025-12-15,2025-12-15,2025-12-15,2025-12-12
annual_meeting_results,TSLA,2025-11-10,TSLA,2025-12-22,2025-12-22,2025-12-22,2025-12-19
annual_meeting_results,TSLA,2025-11-10,TSLA,2025-12-29,2025-12-29,2025-12-29,2025-12-26
annual_meeting_results,ORCL,2025-11-24,ORCL,2025-12-22,2025-12-22,2025-12-22,2025-12-19
annual_meeting_results,ORCL,2025-11-24,ORCL,2025-12-29,2025-12-29,2025-12-29,2025-12-26
annual_meeting_results,MSFT,2025-12-09,MSFT,2025-11-04,2025-11-04,2025-11-04,2025-11-03
executive_compensation_change,JPM,2024-01-19,JPM,2024-02-23,2024-02-23,2024-02-23,2024-02-22
executive_compensation_change,JPM,2024-01-19,JPM,2024-03-01,2024-03-01,2024-03-01,2024-02-29
executive_compensation_change,JPM,2024-01-19,JPM,2024-03-08,2024-03-08,2024-03-08,2024-03-07
executive_compensation_change,TGT,2024-01-19,TGT,2024-02-23,2024-02-23,2024-02-23,2024-02-22
executive_compensation_change,TGT,2024-01-19,TGT,2024-03-01,2024-03-01,2024-03-01,2024-02-29
executive_compensation_change,TGT,2024-01-19,TGT,2024-03-08,2024-03-08,2024-03-08,2024-03-07
executive_compensation_change,TGT,2024-01-19,TGT,2024-03-15,2024-03-15,2024-03-15,2024-03-14
executive_compensation_change,TGT,2024-01-19,TGT,2024-03-22,2024-03-22,2024-03-22,2024-03-21
executive_compensation_change,MS,2024-01-22,MS,2024-02-26,2024-02-26,2024-02-26,2024-02-23
executive_compensation_change,MS,2024-01-22,MS,2024-03-04,2024-03-04,2024-03-04,2024-03-01
executive_compensation_change,MS,2024-01-22,MS,2024-03-11,2024-03-11,2024-03-11,2024-03-08
executive_compensation_change,VZ,2024-02-05,VZ,2024-03-04,2024-03-04,2024-03-04,2024-03-01
executive_compensation_change,VZ,2024-02-05,VZ,2024-03-11,2024-03-11,2024-03-11,2024-03-08
executive_compensation_change,VZ,2024-02-05,VZ,2024-03-18,2024-03-18,2024-03-18,2024-03-15
executive_compensation_change,CVX,2024-02-05,CVX,2024-03-04,2024-03-04,2024-03-04,2024-03-01
executive_compensation_change,CVX,2024-02-05,CVX,2024-03-11,2024-03-11,2024-03-11,2024-03-08
executive_compensation_change,CVX,2024-02-05,CVX,2024-03-18,2024-03-18,2024-03-18,2024-03-15
executive_compensation_change,CVX,2024-02-05,CVX,2024-03-25,2024-03-25,2024-03-25,2024-03-22
executive_compensation_change,BAC,2024-02-05,BAC,2024-03-04,2024-03-04,2024-03-04,2024-03-01
executive_compensation_change,BAC,2024-02-05,BAC,2024-03-11,2024-03-11,2024-03-11,2024-03-08
executive_compensation_change,AMT,2024-02-08,AMT,2024-01-04,2024-01-04,2024-01-04,2024-01-03
executive_compensation_change,COST,2024-02-12,COST,2024-03-11,2024-03-11,2024-03-11,2024-03-08
executive_compensation_change,COST,2024-02-12,COST,2024-03-18,2024-03-18,2024-03-18,2024-03-15
executive_compensation_change,COST,2024-02-12,COST,2024-03-25,2024-03-25,2024-03-25,2024-03-22
executive_compensation_change,AMD,2024-02-21,AMD,2024-01-03,2024-01-03,2024-01-03,2024-01-02
executive_compensation_change,AMD,2024-02-21,AMD,2024-01-10,2024-01-10,2024-01-10,2024-01-09
executive_compensation_change,AMD,2024-02-21,AMD,2024-01-17,2024-01-17,2024-01-17,2024-01-16
executive_compensation_change,AMD,2024-02-21,AMD,2024-03-27,2024-03-27,2024-03-27,2024-03-26
executive_compensation_change,NVDA,2024-03-15,NVDA,2024-01-05,2024-01-05,2024-01-05,2024-01-04
executive_compensation_change,NVDA,2024-03-15,NVDA,2024-01-12,2024-01-12,2024-01-12,2024-01-11
executive_compensation_change,NVDA,2024-03-15,NVDA,2024-01-19,2024-01-19,2024-01-19,2024-01-18
executive_compensation_change,NVDA,2024-03-15,NVDA,2024-01-26,2024-01-26,2024-01-26,2024-01-25
executive_compensation_change,NVDA,2024-03-15,NVDA,2024-02-02,2024-02-02,2024-02-02,2024-02-01
executive_compensation_change,NVDA,2024-03-15,NVDA,2024-02-09,2024-02-09,2024-02-09,2024-02-08
executive_compensation_change,AMT,2024-03-15,AMT,2024-01-05,2024-01-05,2024-01-05,2024-01-04
executive_compensation_change,DUK,2024-03-18,DUK,2024-02-12,2024-02-12,2024-02-12,2024-02-09
executive_compensation_change,INTU,2024-05-03,INTU,2024-06-07,2024-06-07,2024-06-07,2024-06-06
executive_compensation_change,KO,2024-05-03,KO,2024-06-14,2024-06-14,2024-06-14,2024-06-13
executive_compensation_change,KO,2024-05-03,KO,2024-06-21,2024-06-21,2024-06-21,2024-06-20
executive_compensation_change,USB,2024-05-06,USB,2024-06-03,2024-06-03,2024-06-03,2024-05-31
executive_compensation_change,USB,2024-05-06,USB,2024-06-10,2024-06-10,2024-06-10,2024-06-07
executive_compensation_change,UPS,2024-05-07,UPS,2024-04-02,2024-04-02,2024-04-02,2024-04-01
executive_compensation_change,CSCO,2024-05-16,CSCO,2024-04-04,2024-04-04,2024-04-04,2024-04-03
executive_compensation_change,CSCO,2024-05-16,CSCO,2024-04-11,2024-04-11,2024-04-11,2024-04-10
executive_compensation_change,MDLZ,2024-05-23,MDLZ,2024-04-04,2024-04-04,2024-04-04,2024-04-03
executive_compensation_change,MDLZ,2024-05-23,MDLZ,2024-04-11,2024-04-11,2024-04-11,2024-04-10
executive_compensation_change,MDLZ,2024-05-23,MDLZ,2024-04-18,2024-04-18,2024-04-18,2024-04-17
executive_compensation_change,GE,2024-07-02,GE,2024-08-06,2024-08-06,2024-08-06,2024-08-05
executive_compensation_change,GE,2024-07-02,GE,2024-08-13,2024-08-13,2024-08-13,2024-08-12
executive_compensation_change,GE,2024-07-02,GE,2024-08-20,2024-08-20,2024-08-20,2024-08-19
executive_compensation_change,GE,2024-07-02,GE,2024-08-27,2024-08-27,2024-08-27,2024-08-26
executive_compensation_change,GE,2024-07-02,GE,2024-09-03,2024-09-03,2024-09-03,2024-08-30
executive_compensation_change,GE,2024-07-02,GE,2024-09-10,2024-09-10,2024-09-10,2024-09-09
executive_compensation_change,GE,2024-07-02,GE,2024-09-17,2024-09-17,2024-09-17,2024-09-16
executive_compensation_change,GE,2024-07-02,GE,2024-09-24,2024-09-24,2024-09-24,2024-09-23
executive_compensation_change,AMD,2024-07-03,AMD,2024-08-07,2024-08-07,2024-08-07,2024-08-06
executive_compensation_change,AMD,2024-07-03,AMD,2024-08-14,2024-08-14,2024-08-14,2024-08-13
executive_compensation_change,AMD,2024-07-03,AMD,2024-08-21,2024-08-21,2024-08-21,2024-08-20
executive_compensation_change,AMD,2024-07-03,AMD,2024-08-28,2024-08-28,2024-08-28,2024-08-27
executive_compensation_change,AMD,2024-07-03,AMD,2024-09-04,2024-09-04,2024-09-04,2024-09-03
executive_compensation_change,AMD,2024-07-03,AMD,2024-09-11,2024-09-11,2024-09-11,2024-09-10
executive_compensation_change,AMD,2024-07-03,AMD,2024-09-18,2024-09-18,2024-09-18,2024-09-17
executive_compensation_change,AMD,2024-07-03,AMD,2024-09-25,2024-09-25,2024-09-25,2024-09-24
executive_compensation_change,UPS,2024-07-10,UPS,2024-08-14,2024-08-14,2024-08-14,2024-08-13
executive_compensation_change,UPS,2024-07-10,UPS,2024-08-21,2024-08-21,2024-08-21,2024-08-20
executive_compensation_change,UPS,2024-07-10,UPS,2024-08-28,2024-08-28,2024-08-28,2024-08-27
executive_compensation_change,UPS,2024-07-10,UPS,2024-09-04,2024-09-04,2024-09-04,2024-09-03
executive_compensation_change,UPS,2024-07-10,UPS,2024-09-11,2024-09-11,2024-09-11,2024-09-10
executive_compensation_change,UPS,2024-07-10,UPS,2024-09-18,2024-09-18,2024-09-18,2024-09-17
executive_compensation_change,UPS,2024-07-10,UPS,2024-09-25,2024-09-25,2024-09-25,2024-09-24
executive_compensation_change,PYPL,2024-07-26,PYPL,2024-08-30,2024-08-30,2024-08-30,2024-08-29
executive_compensation_change,PYPL,2024-07-26,PYPL,2024-09-06,2024-09-06,2024-09-06,2024-09-05
executive_compensation_change,PYPL,2024-07-26,PYPL,2024-09-13,2024-09-13,2024-09-13,2024-09-12
executive_compensation_change,PYPL,2024-07-26,PYPL,2024-09-20,2024-09-20,2024-09-20,2024-09-19
executive_compensation_change,PYPL,2024-07-26,PYPL,2024-09-27,2024-09-27,2024-09-27,2024-09-26
executive_compensation_change,SCHW,2024-07-26,SCHW,2024-08-30,2024-08-30,2024-08-30,2024-08-29
executive_compensation_change,PFE,2024-07-29,PFE,2024-08-26,2024-08-26,2024-08-26,2024-08-23
executive_compensation_change,PFE,2024-07-29,PFE,2024-09-09,2024-09-09,2024-09-09,2024-09-06
executive_compensation_change,MCD,2024-07-29,MCD,2024-08-26,2024-08-26,2024-08-26,2024-08-23
executive_compensation_change,MCD,2024-07-29,MCD,2024-09-09,2024-09-09,2024-09-09,2024-09-06
executive_compensation_change,MCD,2024-07-29,MCD,2024-09-16,2024-09-16,2024-09-16,2024-09-13
executive_compensation_change,MCD,2024-07-29,MCD,2024-09-23,2024-09-23,2024-09-23,2024-09-20
executive_compensation_change,MCD,2024-07-29,MCD,2024-09-30,2024-09-30,2024-09-30,2024-09-27
executive_compensation_change,BA,2024-08-01,BA,2024-09-05,2024-09-05,2024-09-05,2024-09-04
executive_compensation_change,BA,2024-08-01,BA,2024-09-12,2024-09-12,2024-09-12,2024-09-11
executive_compensation_change,BA,2024-08-01,BA,2024-09-19,2024-09-19,2024-09-19,2024-09-18
executive_compensation_change,BA,2024-08-01,BA,2024-09-26,2024-09-26,2024-09-26,2024-09-25
executive_compensation_change,MMM,2024-08-02,MMM,2024-09-06,2024-09-06,2024-09-06,2024-09-05
executive_compensation_change,MMM,2024-08-02,MMM,2024-09-13,2024-09-13,2024-09-13,2024-09-12
executive_compensation_change,MMM,2024-08-02,MMM,2024-09-20,2024-09-20,2024-09-20,2024-09-19
executive_compensation_change,SBUX,2024-08-15,SBUX,2024-07-11,2024-07-11,2024-07-11,2024-07-10
executive_compensation_change,SBUX,2024-08-15,SBUX,2024-09-19,2024-09-19,2024-09-19,2024-09-18
executive_compensation_change,SBUX,2024-08-15,SBUX,2024-09-26,2024-09-26,2024-09-26,2024-09-25
executive_compensation_change,WMT,2024-08-16,WMT,2024-07-12,2024-07-12,2024-07-12,2024-07-11
executive_compensation_change,WMT,2024-08-16,WMT,2024-09-20,2024-09-20,2024-09-20,2024-09-19
executive_compensation_change,WMT,2024-08-16,WMT,2024-09-27,2024-09-27,2024-09-27,2024-09-26
executive_compensation_change,AIG,2024-09-19,AIG,2024-07-11,2024-07-11,2024-07-11,2024-07-10
executive_compensation_change,AIG,2024-09-19,AIG,2024-07-18,2024-07-18,2024-07-18,2024-07-17
executive_compensation_change,AIG,2024-09-19,AIG,2024-07-25,2024-07-25,2024-07-25,2024-07-24
executive_compensation_change,AIG,2024-09-19,AIG,2024-08-01,2024-08-01,2024-08-01,2024-07-31
executive_compensation_change,AIG,2024-09-19,AIG,2024-08-08,2024-08-08,2024-08-08,2024-08-07
executive_compensation_change,AIG,2024-09-19,AIG,2024-08-15,2024-08-15,2024-08-15,2024-08-14
executive_compensation_change,TGT,2024-09-20,TGT,2024-07-19,2024-07-19,2024-07-19,2024-07-18
executive_compensation_change,TGT,2024-09-20,TGT,2024-07-26,2024-07-26,2024-07-26,2024-07-25
executive_compensation_change,TGT,2024-09-20,TGT,2024-08-02,2024-08-02,2024-08-02,2024-08-01
executive_compensation_change,NKE,2024-09-20,NKE,2024-07-12,2024-07-12,2024-07-12,2024-07-11
executive_compensation_change,NKE,2024-09-20,NKE,2024-07-19,2024-07-19,2024-07-19,2024-07-18
executive_compensation_change,NKE,2024-09-20,NKE,2024-07-26,2024-07-26,2024-07-26,2024-07-25
executive_compensation_change,NKE,2024-09-20,NKE,2024-08-02,2024-08-02,2024-08-02,2024-08-01
executive_compensation_change,NKE,2024-09-20,NKE,2024-08-09,2024-08-09,2024-08-09,2024-08-08
executive_compensation_change,NKE,2024-09-20,NKE,2024-08-16,2024-08-16,2024-08-16,2024-08-15
executive_compensation_change,SCHW,2024-10-02,SCHW,2024-11-06,2024-11-06,2024-11-06,2024-11-05
executive_compensation_change,SCHW,2024-10-02,SCHW,2024-11-13,2024-11-13,2024-11-13,2024-11-12
executive_compensation_change,SCHW,2024-10-02,SCHW,2024-11-20,2024-11-20,2024-11-20,2024-11-19
executive_compensation_change,SCHW,2024-10-02,SCHW,2024-11-27,2024-11-27,2024-11-27,2024-11-26
executive_compensation_change,SCHW,2024-10-02,SCHW,2024-12-04,2024-12-04,2024-12-04,2024-12-03
executive_compensation_change,SCHW,2024-10-02,SCHW,2024-12-11,2024-12-11,2024-12-11,2024-12-10
executive_compensation_change,SCHW,2024-10-02,SCHW,2024-12-18,2024-12-18,2024-12-18,2024-12-17
executive_compensation_change,INTU,2024-11-05,INTU,2024-10-01,2024-10-01,2024-10-01,2024-09-30
executive_compensation_change,INTU,2024-11-05,INTU,2024-12-24,2024-12-24,2024-12-24,2024-12-23
executive_compensation_change,EMR,2024-11-06,EMR,2024-10-02,2024-10-02,2024-10-02,2024-10-01
executive_compensation_change,EMR,2024-11-06,EMR,2024-12-11,2024-12-11,2024-12-11,2024-12-10
executive_compensation_change,EMR,2024-11-06,EMR,2024-12-18,2024-12-18,2024-12-18,2024-12-17
executive_compensation_change,AMD,2024-11-19,AMD,2024-10-01,2024-10-01,2024-10-01,2024-09-30
executive_compensation_change,AMD,2024-11-19,AMD,2024-10-08,2024-10-08,2024-10-08,2024-10-07
executive_compensation_change,AMD,2024-11-19,AMD,2024-10-15,2024-10-15,2024-10-15,2024-10-14
executive_compensation_change,AMD,2024-11-19,AMD,2024-12-24,2024-12-24,2024-12-24,2024-12-23
executive_compensation_change,AMD,2024-11-19,AMD,2024-12-31,2024-12-31,2024-12-31,2024-12-30
executive_compensation_change,SBUX,2024-11-22,SBUX,2024-10-04,2024-10-04,2024-10-04,2024-10-03
executive_compensation_change,SBUX,2024-11-22,SBUX,2024-10-11,2024-10-11,2024-10-11,2024-10-10
executive_compensation_change,SBUX,2024-11-22,SBUX,2024-10-18,2024-10-18,2024-10-18,2024-10-17
executive_compensation_change,LIN,2024-12-03,LIN,2024-10-01,2024-10-01,2024-10-01,2024-09-30
executive_compensation_change,ABBV,2024-12-16,ABBV,2024-11-04,2024-11-04,2024-11-04,2024-11-01
executive_compensation_change,ABBV,2024-12-16,ABBV,2024-11-11,2024-11-11,2024-11-11,2024-11-08
executive_compensation_change,NOW,2024-12-30,NOW,2024-11-25,2024-11-25,2024-11-25,2024-11-22
executive_compensation_change,AAPL,2025-01-06,AAPL,2025-03-31,2025-03-31,2025-03-31,2025-03-28
executive_compensation_change,ISRG,2025-01-07,ISRG,2025-02-11,2025-02-11,2025-02-11,2025-02-10
executive_compensation_change,ISRG,2025-01-07,ISRG,2025-02-18,2025-02-18,2025-02-18,2025-02-14
executive_compensation_change,ISRG,2025-01-07,ISRG,2025-02-25,2025-02-25,2025-02-25,2025-02-24
executive_compensation_change,ISRG,2025-01-07,ISRG,2025-03-04,2025-03-04,2025-03-04,2025-03-03
executive_compensation_change,ISRG,2025-01-07,ISRG,2025-03-11,2025-03-11,2025-03-11,2025-03-10
executive_compensation_change,ISRG,2025-01-07,ISRG,2025-03-18,2025-03-18,2025-03-18,2025-03-17
executive_compensation_change,ISRG,2025-01-07,ISRG,2025-03-25,2025-03-25,2025-03-25,2025-03-24
executive_compensation_change,DUK,2025-01-14,DUK,2025-02-18,2025-02-18,2025-02-18,2025-02-14
executive_compensation_change,DUK,2025-01-14,DUK,2025-02-25,2025-02-25,2025-02-25,2025-02-24
executive_compensation_change,DUK,2025-01-14,DUK,2025-03-04,2025-03-04,2025-03-04,2025-03-03
executive_compensation_change,DUK,2025-01-14,DUK,2025-03-11,2025-03-11,2025-03-11,2025-03-10
executive_compensation_change,DUK,2025-01-14,DUK,2025-03-18,2025-03-18,2025-03-18,2025-03-17
executive_compensation_change,DUK,2025-01-14,DUK,2025-03-25,2025-03-25,2025-03-25,2025-03-24
executive_compensation_change,JPM,2025-01-24,JPM,2025-02-28,2025-02-28,2025-02-28,2025-02-27
executive_compensation_change,JPM,2025-01-24,JPM,2025-03-07,2025-03-07,2025-03-07,2025-03-06
executive_compensation_change,ADBE,2025-01-31,ADBE,2025-03-07,2025-03-07,2025-03-07,2025-03-06
executive_compensation_change,ADBE,2025-01-31,ADBE,2025-03-14,2025-03-14,2025-03-14,2025-03-13
executive_compensation_change,ADBE,2025-01-31,ADBE,2025-03-21,2025-03-21,2025-03-21,2025-03-20
executive_compensation_change,CVX,2025-02-03,CVX,2025-03-31,2025-03-31,2025-03-31,2025-03-28
executive_compensation_change,RTX,2025-02-04,RTX,2025-03-11,2025-03-11,2025-03-11,2025-03-10
executive_compensation_change,RTX,2025-02-04,RTX,2025-03-18,2025-03-18,2025-03-18,2025-03-17
executive_compensation_change,RTX,2025-02-04,RTX,2025-03-25,2025-03-25,2025-03-25,2025-03-24
executive_compensation_change,CRM,2025-02-06,CRM,2025-01-02,2025-01-02,2025-01-02,2024-12-31
executive_compensation_change,CRM,2025-02-06,CRM,2025-03-13,2025-03-13,2025-03-13,2025-03-12
executive_compensation_change,CRM,2025-02-06,CRM,2025-03-20,2025-03-20,2025-03-20,2025-03-19
executive_compensation_change,CRM,2025-02-06,CRM,2025-03-27,2025-03-27,2025-03-27,2025-03-26
executive_compensation_change,COF,2025-02-10,COF,2025-03-10,2025-03-10,2025-03-10,2025-03-07
executive_compensation_change,COF,2025-02-10,COF,2025-03-17,2025-03-17,2025-03-17,2025-03-14
executive_compensation_change,COF,2025-02-10,COF,2025-03-24,2025-03-24,2025-03-24,2025-03-21
executive_compensation_change,COF,2025-02-10,COF,2025-03-31,2025-03-31,2025-03-31,2025-03-28
executive_compensation_change,MA,2025-02-11,MA,2025-01-07,2025-01-07,2025-01-07,2025-01-06
executive_compensation_change,META,2025-02-21,META,2025-03-28,2025-03-28,2025-03-28,2025-03-27
executive_compensation_change,DHR,2025-02-21,DHR,2025-01-17,2025-01-17,2025-01-17,2025-01-16
executive_compensation_change,DHR,2025-02-21,DHR,2025-03-28,2025-03-28,2025-03-28,2025-03-27
executive_compensation_change,AMD,2025-02-25,AMD,2025-01-07,2025-01-07,2025-01-07,2025-01-06
executive_compensation_change,AMD,2025-02-25,AMD,2025-01-14,2025-01-14,2025-01-14,2025-01-13
executive_compensation_change,AMD,2025-02-25,AMD,2025-01-21,2025-01-21,2025-01-21,2025-01-17
executive_compensation_change,PLTR,2025-03-03,PLTR,2025-01-06,2025-01-06,2025-01-06,2025-01-03
executive_compensation_change,PLTR,2025-03-03,PLTR,2025-01-13,2025-01-13,2025-01-13,2025-01-10
executive_compensation_change,PLTR,2025-03-03,PLTR,2025-01-27,2025-01-27,2025-01-27,2025-01-24
executive_compensation_change,PLTR,2025-03-03,PLTR,2025-03-31,2025-03-31,2025-03-31,2025-03-28
executive_compensation_change,NVDA,2025-03-10,NVDA,2025-01-06,2025-01-06,2025-01-06,2025-01-03
executive_compensation_change,NVDA,2025-03-10,NVDA,2025-01-13,2025-01-13,2025-01-13,2025-01-10
executive_compensation_change,NVDA,2025-03-10,NVDA,2025-01-27,2025-01-27,2025-01-27,2025-01-24
executive_compensation_change,NVDA,2025-03-10,NVDA,2025-02-03,2025-02-03,2025-02-03,2025-01-31
executive_compensation_change,HON,2025-04-09,HON,2025-06-25,2025-06-25,2025-06-25,2025-06-24
executive_compensation_change,USB,2025-04-17,USB,2025-05-22,2025-05-22,2025-05-22,2025-05-21
executive_compensation_change,USB,2025-04-17,USB,2025-05-29,2025-05-29,2025-05-29,2025-05-28
executive_compensation_change,USB,2025-04-17,USB,2025-06-05,2025-06-05,2025-06-05,2025-06-04
executive_compensation_change,USB,2025-04-17,USB,2025-06-12,2025-06-12,2025-06-12,2025-06-11
executive_compensation_change,USB,2025-04-17,USB,2025-06-26,2025-06-26,2025-06-26,2025-06-25
executive_compensation_change,INTC,2025-04-21,INTC,2025-06-09,2025-06-09,2025-06-09,2025-06-06
executive_compensation_change,INTC,2025-04-21,INTC,2025-06-16,2025-06-16,2025-06-16,2025-06-13
executive_compensation_change,INTC,2025-04-21,INTC,2025-06-23,2025-06-23,2025-06-23,2025-06-20
executive_compensation_change,LMT,2025-04-21,LMT,2025-06-09,2025-06-09,2025-06-09,2025-06-06
executive_compensation_change,LMT,2025-04-21,LMT,2025-06-16,2025-06-16,2025-06-16,2025-06-13
executive_compensation_change,LMT,2025-04-21,LMT,2025-06-23,2025-06-23,2025-06-23,2025-06-20
executive_compensation_change,NKE,2025-05-06,NKE,2025-04-01,2025-04-01,2025-04-01,2025-03-31
executive_compensation_change,UNP,2025-05-12,UNP,2025-04-07,2025-04-07,2025-04-07,2025-04-04
executive_compensation_change,UNP,2025-05-12,UNP,2025-06-09,2025-06-09,2025-06-09,2025-06-06
executive_compensation_change,UNP,2025-05-12,UNP,2025-06-16,2025-06-16,2025-06-16,2025-06-13
executive_compensation_change,UNP,2025-05-12,UNP,2025-06-23,2025-06-23,2025-06-23,2025-06-20
executive_compensation_change,UNP,2025-05-12,UNP,2025-06-30,2025-06-30,2025-06-30,2025-06-27
executive_compensation_change,CSCO,2025-05-14,CSCO,2025-04-02,2025-04-02,2025-04-02,2025-04-01
executive_compensation_change,CSCO,2025-05-14,CSCO,2025-04-09,2025-04-09,2025-04-09,2025-04-08
executive_compensation_change,ISRG,2025-05-16,ISRG,2025-04-04,2025-04-04,2025-04-04,2025-04-03
executive_compensation_change,ISRG,2025-05-16,ISRG,2025-06-20,2025-06-20,2025-06-20,2025-06-18
executive_compensation_change,ISRG,2025-05-16,ISRG,2025-06-27,2025-06-27,2025-06-27,2025-06-26
executive_compensation_change,MO,2025-05-20,MO,2025-04-01,2025-04-01,2025-04-01,2025-03-31
executive_compensation_change,MO,2025-05-20,MO,2025-04-08,2025-04-08,2025-04-08,2025-04-07
executive_compensation_change,MO,2025-05-20,MO,2025-04-15,2025-04-15,2025-04-15,2025-04-14
executive_compensation_change,MO,2025-05-20,MO,2025-06-24,2025-06-24,2025-06-24,2025-06-23
executive_compensation_change,COF,2025-05-20,COF,2025-04-01,2025-04-01,2025-04-01,2025-03-31
executive_compensation_change,TMO,2025-05-23,TMO,2025-04-04,2025-04-04,2025-04-04,2025-04-03
executive_compensation_change,TMO,2025-05-23,TMO,2025-04-11,2025-04-11,2025-04-11,2025-04-10
executive_compensation_change,MDLZ,2025-05-28,MDLZ,2025-04-02,2025-04-02,2025-04-02,2025-04-01
executive_compensation_change,UBER,2025-06-03,UBER,2025-04-01,2025-04-01,2025-04-01,2025-03-31
executive_compensation_change,UBER,2025-06-03,UBER,2025-04-08,2025-04-08,2025-04-08,2025-04-07
executive_compensation_change,UBER,2025-06-05,UBER,2025-04-03,2025-04-03,2025-04-03,2025-04-02
executive_compensation_change,COF,2025-06-06,COF,2025-04-04,2025-04-04,2025-04-04,2025-04-03
executive_compensation_change,CSCO,2025-06-10,CSCO,2025-04-01,2025-04-01,2025-04-01,2025-03-31
executive_compensation_change,CSCO,2025-06-10,CSCO,2025-04-08,2025-04-08,2025-04-08,2025-04-07
executive_compensation_change,GD,2025-06-10,GD,2025-04-01,2025-04-01,2025-04-01,2025-03-31
executive_compensation_change,COST,2025-06-12,COST,2025-04-03,2025-04-03,2025-04-03,2025-04-02
executive_compensation_change,COST,2025-06-12,COST,2025-04-10,2025-04-10,2025-04-10,2025-04-09
executive_compensation_change,COST,2025-06-12,COST,2025-04-17,2025-04-17,2025-04-17,2025-04-16
executive_compensation_change,COST,2025-06-12,COST,2025-04-24,2025-04-24,2025-04-24,2025-04-23
executive_compensation_change,COST,2025-06-12,COST,2025-05-01,2025-05-01,2025-05-01,2025-04-30
executive_compensation_change,COST,2025-06-12,COST,2025-05-08,2025-05-08,2025-05-08,2025-05-07
executive_compensation_change,INTU,2025-06-17,INTU,2025-04-01,2025-04-01,2025-04-01,2025-03-31
executive_compensation_change,INTU,2025-06-17,INTU,2025-04-08,2025-04-08,2025-04-08,2025-04-07
executive_compensation_change,INTU,2025-06-17,INTU,2025-04-15,2025-04-15,2025-04-15,2025-04-14
executive_compensation_change,SBUX,2025-07-03,SBUX,2025-08-07,2025-08-07,2025-08-07,2025-08-06
executive_compensation_change,SBUX,2025-07-03,SBUX,2025-08-14,2025-08-14,2025-08-14,2025-08-13
executive_compensation_change,SBUX,2025-07-03,SBUX,2025-08-21,2025-08-21,2025-08-21,2025-08-20
executive_compensation_change,AMD,2025-07-03,AMD,2025-08-07,2025-08-07,2025-08-07,2025-08-06
executive_compensation_change,AMD,2025-07-03,AMD,2025-08-14,2025-08-14,2025-08-14,2025-08-13
executive_compensation_change,AMD,2025-07-03,AMD,2025-08-21,2025-08-21,2025-08-21,2025-08-20
executive_compensation_change,AMD,2025-07-03,AMD,2025-08-28,2025-08-28,2025-08-28,2025-08-27
executive_compensation_change,AMD,2025-07-03,AMD,2025-09-04,2025-09-04,2025-09-04,2025-09-03
executive_compensation_change,AMD,2025-07-03,AMD,2025-09-11,2025-09-11,2025-09-11,2025-09-10
executive_compensation_change,AMD,2025-07-03,AMD,2025-09-18,2025-09-18,2025-09-18,2025-09-17
executive_compensation_change,AMD,2025-07-03,AMD,2025-09-25,2025-09-25,2025-09-25,2025-09-24
executive_compensation_change,BA,2025-07-07,BA,2025-08-04,2025-08-04,2025-08-04,2025-08-01
executive_compensation_change,BA,2025-07-07,BA,2025-08-11,2025-08-11,2025-08-11,2025-08-08
executive_compensation_change,BA,2025-07-07,BA,2025-08-18,2025-08-18,2025-08-18,2025-08-15
executive_compensation_change,BA,2025-07-07,BA,2025-08-25,2025-08-25,2025-08-25,2025-08-22
executive_compensation_change,BA,2025-07-07,BA,2025-09-08,2025-09-08,2025-09-08,2025-09-05
executive_compensation_change,BA,2025-07-07,BA,2025-09-15,2025-09-15,2025-09-15,2025-09-12
executive_compensation_change,BA,2025-07-07,BA,2025-09-22,2025-09-22,2025-09-22,2025-09-19
executive_compensation_change,BA,2025-07-07,BA,2025-09-29,2025-09-29,2025-09-29,2025-09-26
executive_compensation_change,AIG,2025-07-22,AIG,2025-08-26,2025-08-26,2025-08-26,2025-08-25
executive_compensation_change,AIG,2025-07-22,AIG,2025-09-02,2025-09-02,2025-09-02,2025-08-29
executive_compensation_change,BMY,2025-07-28,BMY,2025-08-25,2025-08-25,2025-08-25,2025-08-22
executive_compensation_change,BMY,2025-07-28,BMY,2025-09-08,2025-09-08,2025-09-08,2025-09-05
executive_compensation_change,BMY,2025-07-28,BMY,2025-09-15,2025-09-15,2025-09-15,2025-09-12
executive_compensation_change,BMY,2025-07-28,BMY,2025-09-22,2025-09-22,2025-09-22,2025-09-19
executive_compensation_change,BMY,2025-07-28,BMY,2025-09-29,2025-09-29,2025-09-29,2025-09-26
executive_compensation_change,TSLA,2025-08-05,TSLA,2025-07-01,2025-07-01,2025-07-01,2025-06-30
executive_compensation_change,TSLA,2025-08-05,TSLA,2025-09-09,2025-09-09,2025-09-09,2025-09-08
executive_compensation_change,TSLA,2025-08-05,TSLA,2025-09-16,2025-09-16,2025-09-16,2025-09-15
executive_compensation_change,TSLA,2025-08-05,TSLA,2025-09-23,2025-09-23,2025-09-23,2025-09-22
executive_compensation_change,TSLA,2025-08-05,TSLA,2025-09-30,2025-09-30,2025-09-30,2025-09-29
executive_compensation_change,CHTR,2025-08-06,CHTR,2025-07-02,2025-07-02,2025-07-02,2025-07-01
executive_compensation_change,QCOM,2025-08-26,QCOM,2025-07-01,2025-07-01,2025-07-01,2025-06-30
executive_compensation_change,QCOM,2025-08-26,QCOM,2025-07-08,2025-07-08,2025-07-08,2025-07-07
executive_compensation_change,QCOM,2025-08-26,QCOM,2025-07-15,2025-07-15,2025-07-15,2025-07-14
executive_compensation_change,QCOM,2025-08-26,QCOM,2025-07-22,2025-07-22,2025-07-22,2025-07-21
executive_compensation_change,ORCL,2025-09-23,ORCL,2025-08-05,2025-08-05,2025-08-05,2025-08-04
executive_compensation_change,ORCL,2025-09-23,ORCL,2025-08-12,2025-08-12,2025-08-12,2025-08-11
executive_compensation_change,ORCL,2025-09-23,ORCL,2025-08-19,2025-08-19,2025-08-19,2025-08-18
executive_compensation_change,DIS,2025-10-02,DIS,2025-12-18,2025-12-18,2025-12-18,2025-12-17
executive_compensation_change,FDX,2025-10-03,FDX,2025-11-07,2025-11-07,2025-11-07,2025-11-06
executive_compensation_change,FDX,2025-10-03,FDX,2025-11-14,2025-11-14,2025-11-14,2025-11-13
executive_compensation_change,VZ,2025-10-07,VZ,2025-12-23,2025-12-23,2025-12-23,2025-12-22
executive_compensation_change,VZ,2025-10-07,VZ,2025-12-30,2025-12-30,2025-12-30,2025-12-29
executive_compensation_change,DIS,2025-10-17,DIS,2025-12-19,2025-12-19,2025-12-19,2025-12-18
executive_compensation_change,DIS,2025-10-17,DIS,2025-12-26,2025-12-26,2025-12-26,2025-12-24
executive_compensation_change,WMT,2025-10-23,WMT,2025-12-18,2025-12-18,2025-12-18,2025-12-17
executive_compensation_change,PM,2025-11-05,PM,2025-12-10,2025-12-10,2025-12-10,2025-12-09
executive_compensation_change,PM,2025-11-05,PM,2025-12-17,2025-12-17,2025-12-17,2025-12-16
executive_compensation_change,PM,2025-11-05,PM,2025-12-24,2025-12-24,2025-12-24,2025-12-23
executive_compensation_change,PM,2025-11-05,PM,2025-12-31,2025-12-31,2025-12-31,2025-12-30
executive_compensation_change,NFLX,2025-11-05,NFLX,2025-10-01,2025-10-01,2025-10-01,2025-09-30
executive_compensation_change,NFLX,2025-11-05,NFLX,2025-12-10,2025-12-10,2025-12-10,2025-12-09
executive_compensation_change,NFLX,2025-11-05,NFLX,2025-12-17,2025-12-17,2025-12-17,2025-12-16
executive_compensation_change,NFLX,2025-11-05,NFLX,2025-12-24,2025-12-24,2025-12-24,2025-12-23
executive_compensation_change,NFLX,2025-11-05,NFLX,2025-12-31,2025-12-31,2025-12-31,2025-12-30
executive_compensation_change,TSLA,2025-11-10,TSLA,2025-10-06,2025-10-06,2025-10-06,2025-10-03
executive_compensation_change,TSLA,2025-11-10,TSLA,2025-12-08,2025-12-08,2025-12-08,2025-12-05
executive_compensation_change,TSLA,2025-11-10,TSLA,2025-12-15,2025-12-15,2025-12-15,2025-12-12
executive_compensation_change,TSLA,2025-11-10,TSLA,2025-12-22,2025-12-22,2025-12-22,2025-12-19
executive_compensation_change,TSLA,2025-11-10,TSLA,2025-12-29,2025-12-29,2025-12-29,2025-12-26
executive_compensation_change,DIS,2025-11-10,DIS,2025-12-15,2025-12-15,2025-12-15,2025-12-12
executive_compensation_change,DIS,2025-11-10,DIS,2025-12-22,2025-12-22,2025-12-22,2025-12-19
executive_compensation_change,DIS,2025-11-10,DIS,2025-12-29,2025-12-29,2025-12-29,2025-12-26
executive_compensation_change,COF,2025-11-10,COF,2025-12-08,2025-12-08,2025-12-08,2025-12-05
executive_compensation_change,COF,2025-11-10,COF,2025-12-15,2025-12-15,2025-12-15,2025-12-12
executive_compensation_change,COF,2025-11-10,COF,2025-12-22,2025-12-22,2025-12-22,2025-12-19
executive_compensation_change,COF,2025-11-10,COF,2025-12-29,2025-12-29,2025-12-29,2025-12-26
executive_compensation_change,DIS,2025-11-13,DIS,2025-12-18,2025-12-18,2025-12-18,2025-12-17
executive_compensation_change,WMT,2025-11-17,WMT,2025-12-15,2025-12-15,2025-12-15,2025-12-12
executive_compensation_change,WMT,2025-11-17,WMT,2025-12-22,2025-12-22,2025-12-22,2025-12-19
executive_compensation_change,WMT,2025-11-17,WMT,2025-12-29,2025-12-29,2025-12-29,2025-12-26
executive_compensation_change,EMR,2025-11-17,EMR,2025-12-22,2025-12-22,2025-12-22,2025-12-19
executive_compensation_change,EMR,2025-11-17,EMR,2025-12-29,2025-12-29,2025-12-29,2025-12-26
executive_compensation_change,NKE,2025-12-03,NKE,2025-10-01,2025-10-01,2025-10-01,2025-09-30
executive_compensation_change,NKE,2025-12-03,NKE,2025-10-08,2025-10-08,2025-10-08,2025-10-07
executive_compensation_change,NKE,2025-12-03,NKE,2025-10-15,2025-10-15,2025-10-15,2025-10-14
executive_compensation_change,NKE,2025-12-03,NKE,2025-10-22,2025-10-22,2025-10-22,2025-10-21
executive_compensation_change,NKE,2025-12-03,NKE,2025-10-29,2025-10-29,2025-10-29,2025-10-28
executive_compensation_change,GD,2025-12-08,GD,2025-10-06,2025-10-06,2025-10-06,2025-10-03
executive_compensation_change,GD,2025-12-08,GD,2025-10-13,2025-10-13,2025-10-13,2025-10-10
executive_compensation_change,GD,2025-12-08,GD,2025-10-20,2025-10-20,2025-10-20,2025-10-17
executive_compensation_change,GD,2025-12-08,GD,2025-10-27,2025-10-27,2025-10-27,2025-10-24
executive_compensation_change,GD,2025-12-08,GD,2025-11-03,2025-11-03,2025-11-03,2025-10-31
executive_compensation_change,CHTR,2025-12-08,CHTR,2025-10-06,2025-10-06,2025-10-06,2025-10-03
executive_compensation_change,CHTR,2025-12-08,CHTR,2025-10-13,2025-10-13,2025-10-13,2025-10-10
executive_compensation_change,CHTR,2025-12-08,CHTR,2025-10-20,2025-10-20,2025-10-20,2025-10-17
executive_compensation_change,CHTR,2025-12-08,CHTR,2025-10-27,2025-10-27,2025-10-27,2025-10-24
executive_compensation_change,CHTR,2025-12-08,CHTR,2025-11-03,2025-11-03,2025-11-03,2025-10-31
executive_compensation_change,BK,2025-12-12,BK,2025-10-17,2025-10-17,2025-10-17,2025-10-16
executive_compensation_change,BK,2025-12-12,BK,2025-10-24,2025-10-24,2025-10-24,2025-10-23
executive_compensation_change,BK,2025-12-12,BK,2025-10-31,2025-10-31,2025-10-31,2025-10-30
executive_compensation_change,BK,2025-12-12,BK,2025-11-07,2025-11-07,2025-11-07,2025-11-06
executive_compensation_change,DUK,2025-12-15,DUK,2025-10-13,2025-10-13,2025-10-13,2025-10-10
executive_compensation_change,DUK,2025-12-15,DUK,2025-10-20,2025-10-20,2025-10-20,2025-10-17
executive_compensation_change,DUK,2025-12-15,DUK,2025-10-27,2025-10-27,2025-10-27,2025-10-24
executive_compensation_change,DUK,2025-12-15,DUK,2025-11-03,2025-11-03,2025-11-03,2025-10-31
executive_compensation_change,DUK,2025-12-15,DUK,2025-11-10,2025-11-10,2025-11-10,2025-11-07
executive_compensation_change,CMCSA,2025-12-24,CMCSA,2025-11-12,2025-11-12,2025-11-12,2025-11-11
executive_compensation_change,CMCSA,2025-12-24,CMCSA,2025-11-19,2025-11-19,2025-11-19,2025-11-18
executive_compensation_change,NOW,2025-12-24,NOW,2025-10-01,2025-10-01,2025-10-01,2025-09-30
executive_compensation_change,NOW,2025-12-24,NOW,2025-10-08,2025-10-08,2025-10-08,2025-10-07
executive_compensation_change,NOW,2025-12-24,NOW,2025-10-15,2025-10-15,2025-10-15,2025-10-14
executive_compensation_change,NOW,2025-12-24,NOW,2025-10-22,2025-10-22,2025-10-22,2025-10-21
executive_compensation_change,NOW,2025-12-24,NOW,2025-10-29,2025-10-29,2025-10-29,2025-10-28
executive_compensation_change,NOW,2025-12-24,NOW,2025-11-05,2025-11-05,2025-11-05,2025-11-04
executive_compensation_change,NOW,2025-12-24,NOW,2025-11-12,2025-11-12,2025-11-12,2025-11-11
executive_compensation_change,NOW,2025-12-24,NOW,2025-11-19,2025-11-19,2025-11-19,2025-11-18
director_appointment,JPM,2024-01-17,JPM,2024-02-28,2024-02-28,2024-02-28,2024-02-27
director_appointment,JPM,2024-01-17,JPM,2024-03-06,2024-03-06,2024-03-06,2024-03-05
director_appointment,MDLZ,2024-02-05,MDLZ,2024-03-25,2024-03-25,2024-03-25,2024-03-22
director_appointment,META,2024-02-15,META,2024-03-21,2024-03-21,2024-03-21,2024-03-20
director_appointment,META,2024-02-15,META,2024-03-28,2024-03-28,2024-03-28,2024-03-27
director_appointment,CL,2024-02-16,CL,2024-01-05,2024-01-05,2024-01-05,2024-01-04
director_appointment,CL,2024-02-16,CL,2024-01-12,2024-01-12,2024-01-12,2024-01-11
director_appointment,CL,2024-02-16,CL,2024-03-22,2024-03-22,2024-03-22,2024-03-21
director_appointment,TXN,2024-02-21,TXN,2024-01-03,2024-01-03,2024-01-03,2024-01-02
director_appointment,LIN,2024-02-29,LIN,2024-01-04,2024-01-04,2024-01-04,2024-01-03
director_appointment,LIN,2024-02-29,LIN,2024-01-11,2024-01-11,2024-01-11,2024-01-10
director_appointment,AMT,2024-03-15,AMT,2024-01-05,2024-01-05,2024-01-05,2024-01-04
director_appointment,ISRG,2024-05-01,ISRG,2024-06-05,2024-06-05,2024-06-05,2024-06-04
director_appointment,ISRG,2024-05-01,ISRG,2024-06-12,2024-06-12,2024-06-12,2024-06-11
director_appointment,ISRG,2024-05-01,ISRG,2024-06-26,2024-06-26,2024-06-26,2024-06-25
director_appointment,INTU,2024-05-03,INTU,2024-06-07,2024-06-07,2024-06-07,2024-06-06
director_appointment,EMR,2024-05-09,EMR,2024-04-04,2024-04-04,2024-04-04,2024-04-03
director_appointment,EMR,2024-05-09,EMR,2024-06-13,2024-06-13,2024-06-13,2024-06-12
director_appointment,EMR,2024-05-09,EMR,2024-06-20,2024-06-20,2024-06-20,2024-06-18
director_appointment,EMR,2024-05-09,EMR,2024-06-27,2024-06-27,2024-06-27,2024-06-26
director_appointment,CVS,2024-05-23,CVS,2024-06-27,2024-06-27,2024-06-27,2024-06-26
director_appointment,AMT,2024-05-28,AMT,2024-04-16,2024-04-16,2024-04-16,2024-04-15
director_appointment,AMGN,2024-06-04,AMGN,2024-04-02,2024-04-02,2024-04-02,2024-04-01
director_appointment,AMGN,2024-06-04,AMGN,2024-04-09,2024-04-09,2024-04-09,2024-04-08
director_appointment,AMGN,2024-06-04,AMGN,2024-04-16,2024-04-16,2024-04-16,2024-04-15
director_appointment,AMGN,2024-06-04,AMGN,2024-04-23,2024-04-23,2024-04-23,2024-04-22
director_appointment,AMGN,2024-06-04,AMGN,2024-04-30,2024-04-30,2024-04-30,2024-04-29
director_appointment,CSCO,2024-06-17,CSCO,2024-04-01,2024-04-01,2024-04-01,2024-03-28
director_appointment,CSCO,2024-06-17,CSCO,2024-04-08,2024-04-08,2024-04-08,2024-04-05
director_appointment,PYPL,2024-07-01,PYPL,2024-08-26,2024-08-26,2024-08-26,2024-08-23
director_appointment,PYPL,2024-07-01,PYPL,2024-09-09,2024-09-09,2024-09-09,2024-09-06
director_appointment,PYPL,2024-07-01,PYPL,2024-09-16,2024-09-16,2024-09-16,2024-09-13
director_appointment,PYPL,2024-07-01,PYPL,2024-09-23,2024-09-23,2024-09-23,2024-09-20
director_appointment,PYPL,2024-07-01,PYPL,2024-09-30,2024-09-30,2024-09-30,2024-09-27
director_appointment,PFE,2024-07-02,PFE,2024-08-27,2024-08-27,2024-08-27,2024-08-26
director_appointment,PFE,2024-07-02,PFE,2024-09-03,2024-09-03,2024-09-03,2024-08-30
director_appointment,PFE,2024-07-02,PFE,2024-09-10,2024-09-10,2024-09-10,2024-09-09
director_appointment,NEE,2024-07-11,NEE,2024-09-05,2024-09-05,2024-09-05,2024-09-04
director_appointment,NEE,2024-07-11,NEE,2024-09-12,2024-09-12,2024-09-12,2024-09-11
director_appointment,NEE,2024-07-11,NEE,2024-09-19,2024-09-19,2024-09-19,2024-09-18
director_appointment,NEE,2024-07-11,NEE,2024-09-26,2024-09-26,2024-09-26,2024-09-25
director_appointment,INTU,2024-07-26,INTU,2024-08-30,2024-08-30,2024-08-30,2024-08-29
director_appointment,INTU,2024-07-26,INTU,2024-09-06,2024-09-06,2024-09-06,2024-09-05
director_appointment,INTU,2024-07-26,INTU,2024-09-13,2024-09-13,2024-09-13,2024-09-12
director_appointment,INTU,2024-07-26,INTU,2024-09-20,2024-09-20,2024-09-20,2024-09-19
director_appointment,INTU,2024-07-26,INTU,2024-09-27,2024-09-27,2024-09-27,2024-09-26
director_appointment,BA,2024-08-01,BA,2024-09-05,2024-09-05,2024-09-05,2024-09-04
director_appointment,BA,2024-08-01,BA,2024-09-12,2024-09-12,2024-09-12,2024-09-11
director_appointment,BA,2024-08-01,BA,2024-09-19,2024-09-19,2024-09-19,2024-09-18
director_appointment,BA,2024-08-01,BA,2024-09-26,2024-09-26,2024-09-26,2024-09-25
director_appointment,SBUX,2024-08-15,SBUX,2024-07-11,2024-07-11,2024-07-11,2024-07-10
director_appointment,SBUX,2024-08-15,SBUX,2024-09-19,2024-09-19,2024-09-19,2024-09-18
director_appointment,SBUX,2024-08-15,SBUX,2024-09-26,2024-09-26,2024-09-26,2024-09-25
director_appointment,WMT,2024-08-16,WMT,2024-07-12,2024-07-12,2024-07-12,2024-07-11
director_appointment,WMT,2024-08-16,WMT,2024-09-20,2024-09-20,2024-09-20,2024-09-19
director_appointment,WMT,2024-08-16,WMT,2024-09-27,2024-09-27,2024-09-27,2024-09-26
director_appointment,NKE,2024-09-20,NKE,2024-07-12,2024-07-12,2024-07-12,2024-07-11
director_appointment,NKE,2024-09-20,NKE,2024-07-19,2024-07-19,2024-07-19,2024-07-18
director_appointment,NKE,2024-09-20,NKE,2024-07-26,2024-07-26,2024-07-26,2024-07-25
director_appointment,NKE,2024-09-20,NKE,2024-08-02,2024-08-02,2024-08-02,2024-08-01
director_appointment,NKE,2024-09-20,NKE,2024-08-09,2024-08-09,2024-08-09,2024-08-08
director_appointment,NKE,2024-09-20,NKE,2024-08-16,2024-08-16,2024-08-16,2024-08-15
director_appointment,CAT,2024-10-14,CAT,2024-11-11,2024-11-11,2024-11-11,2024-11-08
director_appointment,CAT,2024-10-14,CAT,2024-11-18,2024-11-18,2024-11-18,2024-11-15
director_appointment,CAT,2024-10-14,CAT,2024-11-25,2024-11-25,2024-11-25,2024-11-22
director_appointment,CAT,2024-10-14,CAT,2024-12-02,2024-12-02,2024-12-02,2024-11-29
director_appointment,CAT,2024-10-14,CAT,2024-12-09,2024-12-09,2024-12-09,2024-12-06
director_appointment,CAT,2024-10-14,CAT,2024-12-16,2024-12-16,2024-12-16,2024-12-13
director_appointment,CAT,2024-10-14,CAT,2024-12-23,2024-12-23,2024-12-23,2024-12-20
director_appointment,CAT,2024-10-14,CAT,2024-12-30,2024-12-30,2024-12-30,2024-12-27
director_appointment,DE,2024-11-04,DE,2024-12-02,2024-12-02,2024-12-02,2024-11-29
director_appointment,DE,2024-11-04,DE,2024-12-09,2024-12-09,2024-12-09,2024-12-06
director_appointment,DE,2024-11-04,DE,2024-12-16,2024-12-16,2024-12-16,2024-12-13
director_appointment,NVDA,2024-11-08,NVDA,2024-10-04,2024-10-04,2024-10-04,2024-10-03
director_appointment,NVDA,2024-11-08,NVDA,2024-12-13,2024-12-13,2024-12-13,2024-12-12
director_appointment,NVDA,2024-11-08,NVDA,2024-12-20,2024-12-20,2024-12-20,2024-12-19
director_appointment,NVDA,2024-11-08,NVDA,2024-12-27,2024-12-27,2024-12-27,2024-12-26
director_appointment,BA,2024-11-19,BA,2024-12-24,2024-12-24,2024-12-24,2024-12-23
director_appointment,BA,2024-11-19,BA,2024-12-31,2024-12-31,2024-12-31,2024-12-30
director_appointment,LMT,2024-12-12,LMT,2024-10-03,2024-10-03,2024-10-03,2024-10-02
director_appointment,LMT,2024-12-12,LMT,2024-10-10,2024-10-10,2024-10-10,2024-10-09
director_appointment,META,2025-01-07,META,2025-03-25,2025-03-25,2025-03-25,2025-03-24
director_appointment,MO,2025-01-31,MO,2025-03-14,2025-03-14,2025-03-14,2025-03-13
director_appointment,MO,2025-01-31,MO,2025-03-21,2025-03-21,2025-03-21,2025-03-20
director_appointment,MO,2025-01-31,MO,2025-03-28,2025-03-28,2025-03-28,2025-03-27
director_appointment,TMO,2025-02-20,TMO,2025-01-02,2025-01-02,2025-01-02,2024-12-31
director_appointment,TMO,2025-02-20,TMO,2025-01-16,2025-01-16,2025-01-16,2025-01-15
director_appointment,TMO,2025-02-20,TMO,2025-03-27,2025-03-27,2025-03-27,2025-03-26
director_appointment,DHR,2025-02-21,DHR,2025-01-17,2025-01-17,2025-01-17,2025-01-16
director_appointment,DHR,2025-02-21,DHR,2025-03-28,2025-03-28,2025-03-28,2025-03-27
director_appointment,UPS,2025-03-04,UPS,2025-01-07,2025-01-07,2025-01-07,2025-01-06
director_appointment,UPS,2025-03-04,UPS,2025-01-14,2025-01-14,2025-01-14,2025-01-13
director_appointment,UPS,2025-03-04,UPS,2025-01-21,2025-01-21,2025-01-21,2025-01-17
director_appointment,UPS,2025-03-04,UPS,2025-01-28,2025-01-28,2025-01-28,2025-01-27
director_appointment,HON,2025-04-02,HON,2025-06-25,2025-06-25,2025-06-25,2025-06-24
director_appointment,CSCO,2025-05-14,CSCO,2025-04-02,2025-04-02,2025-04-02,2025-04-01
director_appointment,CSCO,2025-05-14,CSCO,2025-04-09,2025-04-09,2025-04-09,2025-04-08
director_appointment,QCOM,2025-05-14,QCOM,2025-06-25,2025-06-25,2025-06-25,2025-06-24
director_appointment,TSLA,2025-05-19,TSLA,2025-04-07,2025-04-07,2025-04-07,2025-04-04
director_appointment,TSLA,2025-05-19,TSLA,2025-04-14,2025-04-14,2025-04-14,2025-04-11
director_appointment,TSLA,2025-05-19,TSLA,2025-06-16,2025-06-16,2025-06-16,2025-06-13
director_appointment,TSLA,2025-05-19,TSLA,2025-06-23,2025-06-23,2025-06-23,2025-06-20
director_appointment,TSLA,2025-05-19,TSLA,2025-06-30,2025-06-30,2025-06-30,2025-06-27
director_appointment,UPS,2025-06-03,UPS,2025-04-08,2025-04-08,2025-04-08,2025-04-07
director_appointment,UBER,2025-06-05,UBER,2025-04-03,2025-04-03,2025-04-03,2025-04-02
director_appointment,COP,2025-07-02,COP,2025-08-06,2025-08-06,2025-08-06,2025-08-05
director_appointment,COP,2025-07-02,COP,2025-08-13,2025-08-13,2025-08-13,2025-08-12
director_appointment,COP,2025-07-02,COP,2025-08-20,2025-08-20,2025-08-20,2025-08-19
director_appointment,COP,2025-07-02,COP,2025-08-27,2025-08-27,2025-08-27,2025-08-26
director_appointment,COP,2025-07-02,COP,2025-09-03,2025-09-03,2025-09-03,2025-09-02
director_appointment,COP,2025-07-02,COP,2025-09-10,2025-09-10,2025-09-10,2025-09-09
director_appointment,COP,2025-07-02,COP,2025-09-17,2025-09-17,2025-09-17,2025-09-16
director_appointment,COP,2025-07-02,COP,2025-09-24,2025-09-24,2025-09-24,2025-09-23
director_appointment,AXP,2025-07-24,AXP,2025-08-28,2025-08-28,2025-08-28,2025-08-27
director_appointment,AXP,2025-07-24,AXP,2025-09-04,2025-09-04,2025-09-04,2025-09-03
director_appointment,AXP,2025-07-24,AXP,2025-09-11,2025-09-11,2025-09-11,2025-09-10
director_appointment,CVX,2025-07-30,CVX,2025-09-17,2025-09-17,2025-09-17,2025-09-16
director_appointment,CVX,2025-07-30,CVX,2025-09-24,2025-09-24,2025-09-24,2025-09-23
director_appointment,T,2025-08-20,T,2025-07-09,2025-07-09,2025-07-09,2025-07-08
director_appointment,T,2025-08-20,T,2025-07-16,2025-07-16,2025-07-16,2025-07-15
director_appointment,TGT,2025-08-21,TGT,2025-07-17,2025-07-17,2025-07-17,2025-07-16
director_appointment,TGT,2025-08-21,TGT,2025-09-25,2025-09-25,2025-09-25,2025-09-24
director_appointment,AMT,2025-08-26,AMT,2025-07-01,2025-07-01,2025-07-01,2025-06-30
director_appointment,AMT,2025-08-26,AMT,2025-07-08,2025-07-08,2025-07-08,2025-07-07
director_appointment,AMT,2025-08-26,AMT,2025-07-15,2025-07-15,2025-07-15,2025-07-14
director_appointment,AMT,2025-08-26,AMT,2025-07-22,2025-07-22,2025-07-22,2025-07-21
director_appointment,QCOM,2025-09-03,QCOM,2025-07-02,2025-07-02,2025-07-02,2025-07-01
director_appointment,QCOM,2025-09-03,QCOM,2025-07-09,2025-07-09,2025-07-09,2025-07-08
director_appointment,QCOM,2025-09-03,QCOM,2025-07-16,2025-07-16,2025-07-16,2025-07-15
director_appointment,QCOM,2025-09-03,QCOM,2025-07-23,2025-07-23,2025-07-23,2025-07-22
director_appointment,JNJ,2025-09-10,JNJ,2025-07-16,2025-07-16,2025-07-16,2025-07-15
director_appointment,JNJ,2025-09-10,JNJ,2025-07-23,2025-07-23,2025-07-23,2025-07-22
director_appointment,JNJ,2025-09-10,JNJ,2025-07-30,2025-07-30,2025-07-30,2025-07-29
director_appointment,JNJ,2025-09-10,JNJ,2025-08-06,2025-08-06,2025-08-06,2025-08-05
director_appointment,DUK,2025-09-15,DUK,2025-07-07,2025-07-07,2025-07-07,2025-07-03
director_appointment,DUK,2025-09-15,DUK,2025-07-14,2025-07-14,2025-07-14,2025-07-11
director_appointment,DUK,2025-09-15,DUK,2025-07-21,2025-07-21,2025-07-21,2025-07-18
director_appointment,DUK,2025-09-15,DUK,2025-07-28,2025-07-28,2025-07-28,2025-07-25
director_appointment,DUK,2025-09-15,DUK,2025-08-04,2025-08-04,2025-08-04,2025-08-01
director_appointment,DUK,2025-09-15,DUK,2025-08-11,2025-08-11,2025-08-11,2025-08-08
director_appointment,V,2025-09-30,V,2025-07-01,2025-07-01,2025-07-01,2025-06-30
director_appointment,V,2025-09-30,V,2025-07-08,2025-07-08,2025-07-08,2025-07-07
director_appointment,V,2025-09-30,V,2025-07-15,2025-07-15,2025-07-15,2025-07-14
director_appointment,V,2025-09-30,V,2025-07-22,2025-07-22,2025-07-22,2025-07-21
director_appointment,V,2025-09-30,V,2025-07-29,2025-07-29,2025-07-29,2025-07-28
director_appointment,V,2025-09-30,V,2025-08-05,2025-08-05,2025-08-05,2025-08-04
director_appointment,V,2025-09-30,V,2025-08-12,2025-08-12,2025-08-12,2025-08-11
director_appointment,V,2025-09-30,V,2025-08-19,2025-08-19,2025-08-19,2025-08-18
director_appointment,V,2025-09-30,V,2025-08-26,2025-08-26,2025-08-26,2025-08-25
director_appointment,INTC,2025-11-13,INTC,2025-12-18,2025-12-18,2025-12-18,2025-12-17
director_appointment,LLY,2025-11-24,LLY,2025-12-22,2025-12-22,2025-12-22,2025-12-19
director_appointment,LLY,2025-11-24,LLY,2025-12-29,2025-12-29,2025-12-29,2025-12-26
director_appointment,UNH,2025-11-24,UNH,2025-10-13,2025-10-13,2025-10-13,2025-10-10
director_appointment,UNH,2025-11-24,UNH,2025-10-20,2025-10-20,2025-10-20,2025-10-17
director_appointment,UNH,2025-11-24,UNH,2025-12-22,2025-12-22,2025-12-22,2025-12-19
director_appointment,UNH,2025-11-24,UNH,2025-12-29,2025-12-29,2025-12-29,2025-12-26
director_appointment,BA,2025-12-04,BA,2025-10-02,2025-10-02,2025-10-02,2025-10-01
director_appointment,BA,2025-12-04,BA,2025-10-09,2025-10-09,2025-10-09,2025-10-08
director_appointment,BA,2025-12-04,BA,2025-10-16,2025-10-16,2025-10-16,2025-10-15
director_appointment,BA,2025-12-04,BA,2025-10-23,2025-10-23,2025-10-23,2025-10-22
director_appointment,BA,2025-12-04,BA,2025-10-30,2025-10-30,2025-10-30,2025-10-29
director_appointment,UNP,2025-12-15,UNP,2025-10-06,2025-10-06,2025-10-06,2025-10-03
director_appointment,UNP,2025-12-15,UNP,2025-10-13,2025-10-13,2025-10-13,2025-10-10
director_appointment,UNP,2025-12-15,UNP,2025-10-20,2025-10-20,2025-10-20,2025-10-17
director_appointment,UNP,2025-12-15,UNP,2025-10-27,2025-10-27,2025-10-27,2025-10-24
director_appointment,UNP,2025-12-15,UNP,2025-11-03,2025-11-03,2025-11-03,2025-10-31
director_appointment,UNP,2025-12-15,UNP,2025-11-10,2025-11-10,2025-11-10,2025-11-07
debt_issuance,DUK,2024-01-16,DUK,2024-02-13,2024-02-13,2024-02-13,2024-02-12
debt_issuance,JPM,2024-01-24,JPM,2024-02-28,2024-02-28,2024-02-28,2024-02-27
debt_issuance,JPM,2024-01-24,JPM,2024-03-06,2024-03-06,2024-03-06,2024-03-05
debt_issuance,WFC,2024-01-24,WFC,2024-02-28,2024-02-28,2024-02-28,2024-02-27
debt_issuance,WFC,2024-01-24,WFC,2024-03-06,2024-03-06,2024-03-06,2024-03-05
debt_issuance,WFC,2024-01-24,WFC,2024-03-13,2024-03-13,2024-03-13,2024-03-12
debt_issuance,WFC,2024-01-24,WFC,2024-03-20,2024-03-20,2024-03-20,2024-03-19
debt_issuance,LMT,2024-01-30,LMT,2024-03-05,2024-03-05,2024-03-05,2024-03-04
debt_issuance,LMT,2024-01-30,LMT,2024-03-12,2024-03-12,2024-03-12,2024-03-11
debt_issuance,LMT,2024-01-30,LMT,2024-03-19,2024-03-19,2024-03-19,2024-03-18
debt_issuance,LMT,2024-01-30,LMT,2024-03-26,2024-03-26,2024-03-26,2024-03-25
debt_issuance,PG,2024-01-30,PG,2024-03-05,2024-03-05,2024-03-05,2024-03-04
debt_issuance,TXN,2024-02-09,TXN,2024-01-05,2024-01-05,2024-01-05,2024-01-04
debt_issuance,TXN,2024-02-09,TXN,2024-03-22,2024-03-22,2024-03-22,2024-03-21
debt_issuance,LLY,2024-02-12,LLY,2024-03-11,2024-03-11,2024-03-11,2024-03-08
debt_issuance,LLY,2024-02-12,LLY,2024-03-18,2024-03-18,2024-03-18,2024-03-15
debt_issuance,LLY,2024-02-12,LLY,2024-03-25,2024-03-25,2024-03-25,2024-03-22
debt_issuance,PM,2024-02-14,PM,2024-01-03,2024-01-03,2024-01-03,2024-01-02
debt_issuance,C,2024-02-14,C,2024-03-27,2024-03-27,2024-03-27,2024-03-26
debt_issuance,LIN,2024-02-15,LIN,2024-01-04,2024-01-04,2024-01-04,2024-01-03
debt_issuance,LIN,2024-02-15,LIN,2024-01-11,2024-01-11,2024-01-11,2024-01-10
debt_issuance,AXP,2024-02-20,AXP,2024-03-19,2024-03-19,2024-03-19,2024-03-18
debt_issuance,PEP,2024-02-20,PEP,2024-01-02,2024-01-02,2024-01-02,2023-12-29
debt_issuance,PEP,2024-02-20,PEP,2024-01-09,2024-01-09,2024-01-09,2024-01-08
debt_issuance,PEP,2024-02-20,PEP,2024-03-19,2024-03-19,2024-03-19,2024-03-18
debt_issuance,AMT,2024-03-05,AMT,2024-01-02,2024-01-02,2024-01-02,2023-12-29
debt_issuance,AMT,2024-03-08,AMT,2024-01-05,2024-01-05,2024-01-05,2024-01-04
debt_issuance,BK,2024-03-15,BK,2024-01-05,2024-01-05,2024-01-05,2024-01-04
debt_issuance,BK,2024-03-15,BK,2024-01-12,2024-01-12,2024-01-12,2024-01-11
debt_issuance,BK,2024-03-15,BK,2024-01-19,2024-01-19,2024-01-19,2024-01-18
debt_issuance,BK,2024-03-15,BK,2024-01-26,2024-01-26,2024-01-26,2024-01-25
debt_issuance,BK,2024-03-15,BK,2024-02-02,2024-02-02,2024-02-02,2024-02-01
debt_issuance,BK,2024-03-15,BK,2024-02-09,2024-02-09,2024-02-09,2024-02-08
debt_issuance,UNH,2024-03-22,UNH,2024-01-05,2024-01-05,2024-01-05,2024-01-04
debt_issuance,UNH,2024-03-22,UNH,2024-01-12,2024-01-12,2024-01-12,2024-01-11
debt_issuance,UNH,2024-03-22,UNH,2024-01-19,2024-01-19,2024-01-19,2024-01-18
debt_issuance,WFC,2024-04-23,WFC,2024-06-04,2024-06-04,2024-06-04,2024-06-03
debt_issuance,WFC,2024-04-23,WFC,2024-06-11,2024-06-11,2024-06-11,2024-06-10
debt_issuance,WFC,2024-04-24,WFC,2024-06-05,2024-06-05,2024-06-05,2024-06-04
debt_issuance,AXP,2024-04-26,AXP,2024-06-14,2024-06-14,2024-06-14,2024-06-13
debt_issuance,AXP,2024-04-26,AXP,2024-06-21,2024-06-21,2024-06-21,2024-06-20
debt_issuance,BRK.B,2024-04-29,BRK.B,2024-06-03,2024-06-03,2024-06-03,2024-05-31
debt_issuance,BRK.B,2024-04-29,BRK.B,2024-06-10,2024-06-10,2024-06-10,2024-06-07
debt_issuance,BRK.B,2024-04-29,BRK.B,2024-06-17,2024-06-17,2024-06-17,2024-06-14
debt_issuance,BRK.B,2024-04-29,BRK.B,2024-06-24,2024-06-24,2024-06-24,2024-06-21
debt_issuance,PG,2024-04-30,PG,2024-06-04,2024-06-04,2024-06-04,2024-06-03
debt_issuance,PG,2024-04-30,PG,2024-06-11,2024-06-11,2024-06-11,2024-06-10
debt_issuance,PG,2024-04-30,PG,2024-06-18,2024-06-18,2024-06-18,2024-06-17
debt_issuance,PG,2024-04-30,PG,2024-06-25,2024-06-25,2024-06-25,2024-06-24
debt_issuance,SO,2024-05-07,SO,2024-04-02,2024-04-02,2024-04-02,2024-04-01
debt_issuance,SO,2024-05-07,SO,2024-06-25,2024-06-25,2024-06-25,2024-06-24
debt_issuance,CVS,2024-05-09,CVS,2024-06-27,2024-06-27,2024-06-27,2024-06-26
debt_issuance,KO,2024-05-09,KO,2024-06-20,2024-06-20,2024-06-20,2024-06-18
debt_issuance,MA,2024-05-10,MA,2024-04-05,2024-04-05,2024-04-05,2024-04-04
debt_issuance,CVS,2024-05-10,CVS,2024-04-05,2024-04-05,2024-04-05,2024-04-04
debt_issuance,CVS,2024-05-10,CVS,2024-06-28,2024-06-28,2024-06-28,2024-06-27
debt_issuance,KO,2024-05-14,KO,2024-06-18,2024-06-18,2024-06-18,2024-06-17
debt_issuance,MCD,2024-05-21,MCD,2024-06-25,2024-06-25,2024-06-25,2024-06-24
debt_issuance,UPS,2024-05-23,UPS,2024-04-04,2024-04-04,2024-04-04,2024-04-03
debt_issuance,CMCSA,2024-05-23,CMCSA,2024-04-04,2024-04-04,2024-04-04,2024-04-03
debt_issuance,CMCSA,2024-05-23,CMCSA,2024-04-11,2024-04-11,2024-04-11,2024-04-10
debt_issuance,CMCSA,2024-05-23,CMCSA,2024-04-18,2024-04-18,2024-04-18,2024-04-17
debt_issuance,AMT,2024-05-23,AMT,2024-04-18,2024-04-18,2024-04-18,2024-04-17
debt_issuance,UPS,2024-05-29,UPS,2024-04-03,2024-04-03,2024-04-03,2024-04-02
debt_issuance,AMT,2024-05-30,AMT,2024-04-18,2024-04-18,2024-04-18,2024-04-17
debt_issuance,NEE,2024-06-10,NEE,2024-04-08,2024-04-08,2024-04-08,2024-04-05
debt_issuance,NEE,2024-06-10,NEE,2024-04-15,2024-04-15,2024-04-15,2024-04-12
debt_issuance,NEE,2024-06-10,NEE,2024-04-22,2024-04-22,2024-04-22,2024-04-19
debt_issuance,HD,2024-06-20,HD,2024-04-04,2024-04-04,2024-04-04,2024-04-03
debt_issuance,HD,2024-06-20,HD,2024-04-11,2024-04-11,2024-04-11,2024-04-10
debt_issuance,HD,2024-06-20,HD,2024-04-18,2024-04-18,2024-04-18,2024-04-17
debt_issuance,NEE,2024-06-21,NEE,2024-04-12,2024-04-12,2024-04-12,2024-04-11
debt_issuance,NEE,2024-06-21,NEE,2024-04-19,2024-04-19,2024-04-19,2024-04-18
debt_issuance,NEE,2024-06-21,NEE,2024-04-26,2024-04-26,2024-04-26,2024-04-25
debt_issuance,HD,2024-06-26,HD,2024-04-03,2024-04-03,2024-04-03,2024-04-02
debt_issuance,HD,2024-06-26,HD,2024-04-10,2024-04-10,2024-04-10,2024-04-09
debt_issuance,HD,2024-06-26,HD,2024-04-17,2024-04-17,2024-04-17,2024-04-16
debt_issuance,NEE,2024-07-02,NEE,2024-09-03,2024-09-03,2024-09-03,2024-08-30
debt_issuance,NEE,2024-07-02,NEE,2024-09-10,2024-09-10,2024-09-10,2024-09-09
debt_issuance,NEE,2024-07-02,NEE,2024-09-17,2024-09-17,2024-09-17,2024-09-16
debt_issuance,NEE,2024-07-02,NEE,2024-09-24,2024-09-24,2024-09-24,2024-09-23
debt_issuance,AVGO,2024-07-15,AVGO,2024-08-12,2024-08-12,2024-08-12,2024-08-09
debt_issuance,AVGO,2024-07-15,AVGO,2024-08-19,2024-08-19,2024-08-19,2024-08-16
debt_issuance,AVGO,2024-07-15,AVGO,2024-08-26,2024-08-26,2024-08-26,2024-08-23
debt_issuance,PEP,2024-07-18,PEP,2024-08-22,2024-08-22,2024-08-22,2024-08-21
debt_issuance,PEP,2024-07-18,PEP,2024-08-29,2024-08-29,2024-08-29,2024-08-28
debt_issuance,PEP,2024-07-18,PEP,2024-09-05,2024-09-05,2024-09-05,2024-09-04
debt_issuance,BLK,2024-07-19,BLK,2024-08-30,2024-08-30,2024-08-30,2024-08-29
debt_issuance,BLK,2024-07-19,BLK,2024-09-06,2024-09-06,2024-09-06,2024-09-05
debt_issuance,BK,2024-07-23,BK,2024-08-27,2024-08-27,2024-08-27,2024-08-26
debt_issuance,BK,2024-07-23,BK,2024-09-03,2024-09-03,2024-09-03,2024-08-30
debt_issuance,BK,2024-07-23,BK,2024-09-10,2024-09-10,2024-09-10,2024-09-09
debt_issuance,BK,2024-07-23,BK,2024-09-17,2024-09-17,2024-09-17,2024-09-16
debt_issuance,BK,2024-07-23,BK,2024-09-24,2024-09-24,2024-09-24,2024-09-23
debt_issuance,JPM,2024-07-23,JPM,2024-08-27,2024-08-27,2024-08-27,2024-08-26
debt_issuance,JPM,2024-07-23,JPM,2024-09-03,2024-09-03,2024-09-03,2024-08-30
debt_issuance,JPM,2024-07-23,JPM,2024-09-10,2024-09-10,2024-09-10,2024-09-09
debt_issuance,GS,2024-07-24,GS,2024-08-28,2024-08-28,2024-08-28,2024-08-27
debt_issuance,GS,2024-07-24,GS,2024-09-04,2024-09-04,2024-09-04,2024-09-03
debt_issuance,GS,2024-07-24,GS,2024-09-11,2024-09-11,2024-09-11,2024-09-10
debt_issuance,GS,2024-07-24,GS,2024-09-18,2024-09-18,2024-09-18,2024-09-17
debt_issuance,UNH,2024-07-26,UNH,2024-08-30,2024-08-30,2024-08-30,2024-08-29
debt_issuance,UNH,2024-07-26,UNH,2024-09-06,2024-09-06,2024-09-06,2024-09-05
debt_issuance,UNH,2024-07-26,UNH,2024-09-13,2024-09-13,2024-09-13,2024-09-12
debt_issuance,UNH,2024-07-26,UNH,2024-09-20,2024-09-20,2024-09-20,2024-09-19
debt_issuance,UNH,2024-07-26,UNH,2024-09-27,2024-09-27,2024-09-27,2024-09-26
debt_issuance,AXP,2024-07-29,AXP,2024-08-26,2024-08-26,2024-08-26,2024-08-23
debt_issuance,AXP,2024-07-29,AXP,2024-09-09,2024-09-09,2024-09-09,2024-09-06
debt_issuance,AXP,2024-07-29,AXP,2024-09-16,2024-09-16,2024-09-16,2024-09-13
debt_issuance,AXP,2024-07-29,AXP,2024-09-23,2024-09-23,2024-09-23,2024-09-20
debt_issuance,AXP,2024-07-29,AXP,2024-09-30,2024-09-30,2024-09-30,2024-09-27
debt_issuance,BLK,2024-07-29,BLK,2024-08-26,2024-08-26,2024-08-26,2024-08-23
debt_issuance,BLK,2024-07-29,BLK,2024-09-09,2024-09-09,2024-09-09,2024-09-06
debt_issuance,COF,2024-07-29,COF,2024-08-26,2024-08-26,2024-08-26,2024-08-23
debt_issuance,COF,2024-07-29,COF,2024-09-09,2024-09-09,2024-09-09,2024-09-06
debt_issuance,COF,2024-07-29,COF,2024-09-16,2024-09-16,2024-09-16,2024-09-13
debt_issuance,COF,2024-07-29,COF,2024-09-23,2024-09-23,2024-09-23,2024-09-20
debt_issuance,COF,2024-07-29,COF,2024-09-30,2024-09-30,2024-09-30,2024-09-27
debt_issuance,NEE,2024-07-31,NEE,2024-09-04,2024-09-04,2024-09-04,2024-09-03
debt_issuance,NEE,2024-07-31,NEE,2024-09-11,2024-09-11,2024-09-11,2024-09-10
debt_issuance,NEE,2024-07-31,NEE,2024-09-18,2024-09-18,2024-09-18,2024-09-17
debt_issuance,NEE,2024-07-31,NEE,2024-09-25,2024-09-25,2024-09-25,2024-09-24
debt_issuance,NFLX,2024-08-02,NFLX,2024-09-06,2024-09-06,2024-09-06,2024-09-05
debt_issuance,NFLX,2024-08-02,NFLX,2024-09-13,2024-09-13,2024-09-13,2024-09-12
debt_issuance,NFLX,2024-08-02,NFLX,2024-09-20,2024-09-20,2024-09-20,2024-09-19
debt_issuance,NFLX,2024-08-02,NFLX,2024-09-27,2024-09-27,2024-09-27,2024-09-26
debt_issuance,KO,2024-08-12,KO,2024-09-16,2024-09-16,2024-09-16,2024-09-13
debt_issuance,META,2024-08-12,META,2024-07-01,2024-07-01,2024-07-01,2024-06-28
debt_issuance,META,2024-08-12,META,2024-07-08,2024-07-08,2024-07-08,2024-07-05
debt_issuance,META,2024-08-12,META,2024-09-09,2024-09-09,2024-09-09,2024-09-06
debt_issuance,META,2024-08-12,META,2024-09-16,2024-09-16,2024-09-16,2024-09-13
debt_issuance,META,2024-08-12,META,2024-09-23,2024-09-23,2024-09-23,2024-09-20
debt_issuance,META,2024-08-12,META,2024-09-30,2024-09-30,2024-09-30,2024-09-27
debt_issuance,DUK,2024-08-23,DUK,2024-07-05,2024-07-05,2024-07-05,2024-07-03
debt_issuance,DUK,2024-08-23,DUK,2024-07-12,2024-07-12,2024-07-12,2024-07-11
debt_issuance,DUK,2024-08-23,DUK,2024-07-19,2024-07-19,2024-07-19,2024-07-18
debt_issuance,DUK,2024-08-23,DUK,2024-09-27,2024-09-27,2024-09-27,2024-09-26
debt_issuance,MDLZ,2024-08-26,MDLZ,2024-09-30,2024-09-30,2024-09-30,2024-09-27
debt_issuance,MA,2024-09-06,MA,2024-07-26,2024-07-26,2024-07-26,2024-07-25
debt_issuance,MA,2024-09-06,MA,2024-08-02,2024-08-02,2024-08-02,2024-08-01
debt_issuance,TGT,2024-09-09,TGT,2024-07-15,2024-07-15,2024-07-15,2024-07-12
debt_issuance,TGT,2024-09-09,TGT,2024-07-22,2024-07-22,2024-07-22,2024-07-19
debt_issuance,TGT,2024-09-09,TGT,2024-07-29,2024-07-29,2024-07-29,2024-07-26
debt_issuance,TGT,2024-09-09,TGT,2024-08-05,2024-08-05,2024-08-05,2024-08-02
debt_issuance,UBER,2024-09-10,UBER,2024-07-02,2024-07-02,2024-07-02,2024-07-01
debt_issuance,SO,2024-09-10,SO,2024-07-02,2024-07-02,2024-07-02,2024-07-01
debt_issuance,SO,2024-09-10,SO,2024-07-09,2024-07-09,2024-07-09,2024-07-08
debt_issuance,SO,2024-09-10,SO,2024-07-16,2024-07-16,2024-07-16,2024-07-15
debt_issuance,SO,2024-09-10,SO,2024-07-23,2024-07-23,2024-07-23,2024-07-22
debt_issuance,SO,2024-09-10,SO,2024-07-30,2024-07-30,2024-07-30,2024-07-29
debt_issuance,SO,2024-09-10,SO,2024-08-06,2024-08-06,2024-08-06,2024-08-05
debt_issuance,C,2024-09-20,C,2024-07-12,2024-07-12,2024-07-12,2024-07-11
debt_issuance,C,2024-09-20,C,2024-07-19,2024-07-19,2024-07-19,2024-07-18
debt_issuance,C,2024-09-20,C,2024-07-26,2024-07-26,2024-07-26,2024-07-25
debt_issuance,C,2024-09-20,C,2024-08-02,2024-08-02,2024-08-02,2024-08-01
debt_issuance,C,2024-09-20,C,2024-08-09,2024-08-09,2024-08-09,2024-08-08
debt_issuance,CMCSA,2024-09-27,CMCSA,2024-07-19,2024-07-19,2024-07-19,2024-07-18
debt_issuance,CMCSA,2024-09-27,CMCSA,2024-07-26,2024-07-26,2024-07-26,2024-07-25
debt_issuance,CMCSA,2024-09-27,CMCSA,2024-08-02,2024-08-02,2024-08-02,2024-08-01
debt_issuance,CMCSA,2024-09-27,CMCSA,2024-08-09,2024-08-09,2024-08-09,2024-08-08
debt_issuance,CMCSA,2024-09-27,CMCSA,2024-08-16,2024-08-16,2024-08-16,2024-08-15
debt_issuance,CMCSA,2024-09-27,CMCSA,2024-08-23,2024-08-23,2024-08-23,2024-08-22
debt_issuance,ORCL,2024-09-30,ORCL,2024-07-01,2024-07-01,2024-07-01,2024-06-28
debt_issuance,ORCL,2024-09-30,ORCL,2024-07-08,2024-07-08,2024-07-08,2024-07-05
debt_issuance,ORCL,2024-09-30,ORCL,2024-07-15,2024-07-15,2024-07-15,2024-07-12
debt_issuance,ORCL,2024-09-30,ORCL,2024-07-22,2024-07-22,2024-07-22,2024-07-19
debt_issuance,ORCL,2024-09-30,ORCL,2024-07-29,2024-07-29,2024-07-29,2024-07-26
debt_issuance,ORCL,2024-09-30,ORCL,2024-08-05,2024-08-05,2024-08-05,2024-08-02
debt_issuance,ORCL,2024-09-30,ORCL,2024-08-12,2024-08-12,2024-08-12,2024-08-09
debt_issuance,ORCL,2024-09-30,ORCL,2024-08-19,2024-08-19,2024-08-19,2024-08-16
debt_issuance,ORCL,2024-09-30,ORCL,2024-08-26,2024-08-26,2024-08-26,2024-08-23
debt_issuance,AVGO,2024-10-03,AVGO,2024-11-07,2024-11-07,2024-11-07,2024-11-06
debt_issuance,AVGO,2024-10-03,AVGO,2024-11-14,2024-11-14,2024-11-14,2024-11-13
debt_issuance,AVGO,2024-10-03,AVGO,2024-11-21,2024-11-21,2024-11-21,2024-11-20
debt_issuance,AVGO,2024-10-03,AVGO,2024-12-05,2024-12-05,2024-12-05,2024-12-04
debt_issuance,XOM,2024-10-09,XOM,2024-12-04,2024-12-04,2024-12-04,2024-12-03
debt_issuance,XOM,2024-10-09,XOM,2024-12-11,2024-12-11,2024-12-11,2024-12-10
debt_issuance,XOM,2024-10-09,XOM,2024-12-18,2024-12-18,2024-12-18,2024-12-17
debt_issuance,BRK.B,2024-10-24,BRK.B,2024-12-05,2024-12-05,2024-12-05,2024-12-04
debt_issuance,BRK.B,2024-10-24,BRK.B,2024-12-12,2024-12-12,2024-12-12,2024-12-11
debt_issuance,BRK.B,2024-10-24,BRK.B,2024-12-19,2024-12-19,2024-12-19,2024-12-18
debt_issuance,BRK.B,2024-10-24,BRK.B,2024-12-26,2024-12-26,2024-12-26,2024-12-24
debt_issuance,PG,2024-10-25,PG,2024-11-29,2024-11-29,2024-11-29,2024-11-27
debt_issuance,PG,2024-10-25,PG,2024-12-06,2024-12-06,2024-12-06,2024-12-05
debt_issuance,PG,2024-10-25,PG,2024-12-13,2024-12-13,2024-12-13,2024-12-12
debt_issuance,PG,2024-10-25,PG,2024-12-20,2024-12-20,2024-12-20,2024-12-19
debt_issuance,PG,2024-10-25,PG,2024-12-27,2024-12-27,2024-12-27,2024-12-26
debt_issuance,NEE,2024-11-01,NEE,2024-12-06,2024-12-06,2024-12-06,2024-12-05
debt_issuance,NEE,2024-11-01,NEE,2024-12-13,2024-12-13,2024-12-13,2024-12-12
debt_issuance,NEE,2024-11-01,NEE,2024-12-20,2024-12-20,2024-12-20,2024-12-19
debt_issuance,NEE,2024-11-01,NEE,2024-12-27,2024-12-27,2024-12-27,2024-12-26
debt_issuance,PM,2024-11-04,PM,2024-12-02,2024-12-02,2024-12-02,2024-11-29
debt_issuance,PM,2024-11-04,PM,2024-12-09,2024-12-09,2024-12-09,2024-12-06
debt_issuance,PM,2024-11-04,PM,2024-12-16,2024-12-16,2024-12-16,2024-12-13
debt_issuance,PM,2024-11-04,PM,2024-12-23,2024-12-23,2024-12-23,2024-12-20
debt_issuance,PM,2024-11-04,PM,2024-12-30,2024-12-30,2024-12-30,2024-12-27
debt_issuance,AMT,2024-11-20,AMT,2024-10-02,2024-10-02,2024-10-02,2024-10-01
debt_issuance,AMT,2024-11-20,AMT,2024-10-09,2024-10-09,2024-10-09,2024-10-08
debt_issuance,AMT,2024-11-20,AMT,2024-10-16,2024-10-16,2024-10-16,2024-10-15
debt_issuance,BK,2024-11-21,BK,2024-10-03,2024-10-03,2024-10-03,2024-10-02
debt_issuance,BK,2024-11-21,BK,2024-10-10,2024-10-10,2024-10-10,2024-10-09
debt_issuance,BK,2024-11-21,BK,2024-10-17,2024-10-17,2024-10-17,2024-10-16
debt_issuance,GILD,2024-11-21,GILD,2024-10-03,2024-10-03,2024-10-03,2024-10-02
debt_issuance,GILD,2024-11-21,GILD,2024-10-10,2024-10-10,2024-10-10,2024-10-09
debt_issuance,GILD,2024-11-21,GILD,2024-10-17,2024-10-17,2024-10-17,2024-10-16
debt_issuance,GILD,2024-11-21,GILD,2024-12-26,2024-12-26,2024-12-26,2024-12-24
debt_issuance,AMT,2024-11-22,AMT,2024-10-04,2024-10-04,2024-10-04,2024-10-03
debt_issuance,AMT,2024-11-22,AMT,2024-10-11,2024-10-11,2024-10-11,2024-10-10
debt_issuance,AMT,2024-11-22,AMT,2024-10-18,2024-10-18,2024-10-18,2024-10-17
debt_issuance,AIG,2024-11-29,AIG,2024-10-25,2024-10-25,2024-10-25,2024-10-24
debt_issuance,WFC,2024-12-04,WFC,2024-10-02,2024-10-02,2024-10-02,2024-10-01
debt_issuance,WFC,2024-12-04,WFC,2024-10-09,2024-10-09,2024-10-09,2024-10-08
debt_issuance,WFC,2024-12-04,WFC,2024-10-16,2024-10-16,2024-10-16,2024-10-15
debt_issuance,WFC,2024-12-04,WFC,2024-10-23,2024-10-23,2024-10-23,2024-10-22
debt_issuance,WFC,2024-12-04,WFC,2024-10-30,2024-10-30,2024-10-30,2024-10-29
debt_issuance,COP,2024-12-06,COP,2024-10-04,2024-10-04,2024-10-04,2024-10-03
debt_issuance,COP,2024-12-06,COP,2024-10-11,2024-10-11,2024-10-11,2024-10-10
debt_issuance,COP,2024-12-06,COP,2024-10-18,2024-10-18,2024-10-18,2024-10-17
debt_issuance,COP,2024-12-06,COP,2024-10-25,2024-10-25,2024-10-25,2024-10-24
debt_issuance,COP,2024-12-06,COP,2024-11-01,2024-11-01,2024-11-01,2024-10-31
debt_issuance,LMT,2024-12-12,LMT,2024-10-03,2024-10-03,2024-10-03,2024-10-02
debt_issuance,LMT,2024-12-12,LMT,2024-10-10,2024-10-10,2024-10-10,2024-10-09
debt_issuance,COP,2024-12-31,COP,2024-10-08,2024-10-08,2024-10-08,2024-10-07
debt_issuance,COP,2024-12-31,COP,2024-10-15,2024-10-15,2024-10-15,2024-10-14
debt_issuance,COP,2024-12-31,COP,2024-10-22,2024-10-22,2024-10-22,2024-10-21
debt_issuance,COP,2024-12-31,COP,2024-10-29,2024-10-29,2024-10-29,2024-10-28
debt_issuance,AVGO,2025-01-13,AVGO,2025-02-10,2025-02-10,2025-02-10,2025-02-07
debt_issuance,AVGO,2025-01-13,AVGO,2025-02-24,2025-02-24,2025-02-24,2025-02-21
debt_issuance,AVGO,2025-01-13,AVGO,2025-03-03,2025-03-03,2025-03-03,2025-02-28
debt_issuance,AVGO,2025-01-13,AVGO,2025-03-10,2025-03-10,2025-03-10,2025-03-07
debt_issuance,AVGO,2025-01-13,AVGO,2025-03-17,2025-03-17,2025-03-17,2025-03-14
debt_issuance,ADBE,2025-01-21,ADBE,2025-03-04,2025-03-04,2025-03-04,2025-03-03
debt_issuance,ADBE,2025-01-21,ADBE,2025-03-11,2025-03-11,2025-03-11,2025-03-10
debt_issuance,ADBE,2025-01-21,ADBE,2025-03-18,2025-03-18,2025-03-18,2025-03-17
debt_issuance,JPM,2025-01-27,JPM,2025-02-24,2025-02-24,2025-02-24,2025-02-21
debt_issuance,JPM,2025-01-27,JPM,2025-03-03,2025-03-03,2025-03-03,2025-02-28
debt_issuance,JPM,2025-01-27,JPM,2025-03-10,2025-03-10,2025-03-10,2025-03-07
debt_issuance,WFC,2025-01-27,WFC,2025-03-03,2025-03-03,2025-03-03,2025-02-28
debt_issuance,WFC,2025-01-27,WFC,2025-03-10,2025-03-10,2025-03-10,2025-03-07
debt_issuance,WFC,2025-01-27,WFC,2025-03-17,2025-03-17,2025-03-17,2025-03-14
debt_issuance,COF,2025-01-31,COF,2025-03-14,2025-03-14,2025-03-14,2025-03-13
debt_issuance,COF,2025-01-31,COF,2025-03-21,2025-03-21,2025-03-21,2025-03-20
debt_issuance,COF,2025-01-31,COF,2025-03-28,2025-03-28,2025-03-28,2025-03-27
debt_issuance,ORCL,2025-02-04,ORCL,2025-03-11,2025-03-11,2025-03-11,2025-03-10
debt_issuance,ORCL,2025-02-04,ORCL,2025-03-18,2025-03-18,2025-03-18,2025-03-17
debt_issuance,ORCL,2025-02-04,ORCL,2025-03-25,2025-03-25,2025-03-25,2025-03-24
debt_issuance,NEE,2025-02-07,NEE,2025-01-03,2025-01-03,2025-01-03,2025-01-02
debt_issuance,MO,2025-02-07,MO,2025-03-14,2025-03-14,2025-03-14,2025-03-13
debt_issuance,MO,2025-02-07,MO,2025-03-21,2025-03-21,2025-03-21,2025-03-20
debt_issuance,MO,2025-02-07,MO,2025-03-28,2025-03-28,2025-03-28,2025-03-27
debt_issuance,PEP,2025-02-10,PEP,2025-03-10,2025-03-10,2025-03-10,2025-03-07
debt_issuance,PEP,2025-02-10,PEP,2025-03-17,2025-03-17,2025-03-17,2025-03-14
debt_issuance,PEP,2025-02-10,PEP,2025-03-24,2025-03-24,2025-03-24,2025-03-21
debt_issuance,BK,2025-02-12,BK,2025-01-08,2025-01-08,2025-01-08,2025-01-07
debt_issuance,LLY,2025-02-13,LLY,2025-01-02,2025-01-02,2025-01-02,2024-12-31
debt_issuance,LLY,2025-02-13,LLY,2025-03-20,2025-03-20,2025-03-20,2025-03-19
debt_issuance,LLY,2025-02-13,LLY,2025-03-27,2025-03-27,2025-03-27,2025-03-26
debt_issuance,UNP,2025-02-14,UNP,2025-01-03,2025-01-03,2025-01-03,2025-01-02
debt_issuance,UNP,2025-02-14,UNP,2025-01-10,2025-01-10,2025-01-10,2025-01-08
debt_issuance,UNP,2025-02-14,UNP,2025-03-21,2025-03-21,2025-03-21,2025-03-20
debt_issuance,UNP,2025-02-14,UNP,2025-03-28,2025-03-28,2025-03-28,2025-03-27
debt_issuance,LIN,2025-02-19,LIN,2025-01-08,2025-01-08,2025-01-08,2025-01-07
debt_issuance,LIN,2025-02-19,LIN,2025-01-15,2025-01-15,2025-01-15,2025-01-14
debt_issuance,LIN,2025-02-19,LIN,2025-03-26,2025-03-26,2025-03-26,2025-03-25
debt_issuance,CSCO,2025-02-25,CSCO,2025-01-07,2025-01-07,2025-01-07,2025-01-06
debt_issuance,CSCO,2025-02-25,CSCO,2025-01-14,2025-01-14,2025-01-14,2025-01-13
debt_issuance,CSCO,2025-02-25,CSCO,2025-01-21,2025-01-21,2025-01-21,2025-01-17
debt_issuance,MA,2025-02-28,MA,2025-01-03,2025-01-03,2025-01-03,2025-01-02
debt_issuance,MA,2025-02-28,MA,2025-01-10,2025-01-10,2025-01-10,2025-01-08
debt_issuance,SO,2025-03-03,SO,2025-03-31,2025-03-31,2025-03-31,2025-03-28
debt_issuance,EMR,2025-03-03,EMR,2025-01-06,2025-01-06,2025-01-06,2025-01-03
debt_issuance,AMD,2025-03-13,AMD,2025-01-02,2025-01-02,2025-01-02,2024-12-31
debt_issuance,AMD,2025-03-13,AMD,2025-01-16,2025-01-16,2025-01-16,2025-01-15
debt_issuance,AMD,2025-03-13,AMD,2025-01-23,2025-01-23,2025-01-23,2025-01-22
debt_issuance,AMD,2025-03-25,AMD,2025-01-07,2025-01-07,2025-01-07,2025-01-06
debt_issuance,AMD,2025-03-25,AMD,2025-01-14,2025-01-14,2025-01-14,2025-01-13
debt_issuance,AMD,2025-03-25,AMD,2025-01-21,2025-01-21,2025-01-21,2025-01-17
debt_issuance,TGT,2025-03-26,TGT,2025-01-08,2025-01-08,2025-01-08,2025-01-07
debt_issuance,TGT,2025-03-26,TGT,2025-01-15,2025-01-15,2025-01-15,2025-01-14
debt_issuance,TGT,2025-03-26,TGT,2025-01-22,2025-01-22,2025-01-22,2025-01-21
debt_issuance,TGT,2025-03-26,TGT,2025-01-29,2025-01-29,2025-01-29,2025-01-28
debt_issuance,TGT,2025-03-26,TGT,2025-02-05,2025-02-05,2025-02-05,2025-02-04
debt_issuance,TGT,2025-03-26,TGT,2025-02-12,2025-02-12,2025-02-12,2025-02-11
debt_issuance,TGT,2025-03-26,TGT,2025-02-19,2025-02-19,2025-02-19,2025-02-18
debt_issuance,XOM,2025-04-02,XOM,2025-06-04,2025-06-04,2025-06-04,2025-06-03
debt_issuance,XOM,2025-04-02,XOM,2025-06-11,2025-06-11,2025-06-11,2025-06-10
debt_issuance,XOM,2025-04-02,XOM,2025-06-18,2025-06-18,2025-06-18,2025-06-17
debt_issuance,XOM,2025-04-02,XOM,2025-06-25,2025-06-25,2025-06-25,2025-06-24
debt_issuance,BRK.B,2025-04-21,BRK.B,2025-06-09,2025-06-09,2025-06-09,2025-06-06
debt_issuance,BRK.B,2025-04-21,BRK.B,2025-06-16,2025-06-16,2025-06-16,2025-06-13
debt_issuance,BRK.B,2025-04-21,BRK.B,2025-06-23,2025-06-23,2025-06-23,2025-06-20
debt_issuance,BRK.B,2025-04-21,BRK.B,2025-06-30,2025-06-30,2025-06-30,2025-06-27
debt_issuance,GS,2025-04-24,GS,2025-05-29,2025-05-29,2025-05-29,2025-05-28
debt_issuance,GS,2025-04-24,GS,2025-06-05,2025-06-05,2025-06-05,2025-06-04
debt_issuance,GS,2025-04-24,GS,2025-06-12,2025-06-12,2025-06-12,2025-06-11
debt_issuance,GS,2025-04-24,GS,2025-06-26,2025-06-26,2025-06-26,2025-06-25
debt_issuance,WFC,2025-04-24,WFC,2025-06-05,2025-06-05,2025-06-05,2025-06-04
debt_issuance,WFC,2025-04-24,WFC,2025-06-12,2025-06-12,2025-06-12,2025-06-11
debt_issuance,WFC,2025-04-24,WFC,2025-06-26,2025-06-26,2025-06-26,2025-06-25
debt_issuance,CL,2025-05-05,CL,2025-06-30,2025-06-30,2025-06-30,2025-06-27
debt_issuance,MDLZ,2025-05-07,MDLZ,2025-04-02,2025-04-02,2025-04-02,2025-04-01
debt_issuance,GD,2025-05-08,GD,2025-04-03,2025-04-03,2025-04-03,2025-04-02
debt_issuance,AAPL,2025-05-13,AAPL,2025-04-01,2025-04-01,2025-04-01,2025-03-31
debt_issuance,AAPL,2025-05-13,AAPL,2025-04-08,2025-04-08,2025-04-08,2025-04-07
debt_issuance,UPS,2025-05-15,UPS,2025-04-03,2025-04-03,2025-04-03,2025-04-02
debt_issuance,UPS,2025-05-15,UPS,2025-04-10,2025-04-10,2025-04-10,2025-04-09
debt_issuance,V,2025-05-16,V,2025-04-04,2025-04-04,2025-04-04,2025-04-03
debt_issuance,V,2025-05-16,V,2025-04-11,2025-04-11,2025-04-11,2025-04-10
debt_issuance,V,2025-05-16,V,2025-06-20,2025-06-20,2025-06-20,2025-06-18
debt_issuance,V,2025-05-16,V,2025-06-27,2025-06-27,2025-06-27,2025-06-26
debt_issuance,PFE,2025-05-20,PFE,2025-06-24,2025-06-24,2025-06-24,2025-06-23
debt_issuance,UBER,2025-05-21,UBER,2025-04-02,2025-04-02,2025-04-02,2025-04-01
debt_issuance,UPS,2025-05-21,UPS,2025-04-09,2025-04-09,2025-04-09,2025-04-08
debt_issuance,SO,2025-05-22,SO,2025-04-03,2025-04-03,2025-04-03,2025-04-02
debt_issuance,SO,2025-05-22,SO,2025-04-10,2025-04-10,2025-04-10,2025-04-09
debt_issuance,SO,2025-05-22,SO,2025-04-17,2025-04-17,2025-04-17,2025-04-16
debt_issuance,QCOM,2025-05-23,QCOM,2025-06-27,2025-06-27,2025-06-27,2025-06-26
debt_issuance,TXN,2025-05-27,TXN,2025-04-01,2025-04-01,2025-04-01,2025-03-31
debt_issuance,TXN,2025-05-27,TXN,2025-04-08,2025-04-08,2025-04-08,2025-04-07
debt_issuance,TXN,2025-05-27,TXN,2025-04-15,2025-04-15,2025-04-15,2025-04-14
debt_issuance,TXN,2025-05-27,TXN,2025-04-22,2025-04-22,2025-04-22,2025-04-21
debt_issuance,TXN,2025-05-27,TXN,2025-06-24,2025-06-24,2025-06-24,2025-06-23
debt_issuance,SO,2025-05-28,SO,2025-04-02,2025-04-02,2025-04-02,2025-04-01
debt_issuance,SO,2025-05-28,SO,2025-04-09,2025-04-09,2025-04-09,2025-04-08
debt_issuance,SO,2025-05-28,SO,2025-04-16,2025-04-16,2025-04-16,2025-04-15
debt_issuance,AMT,2025-06-02,AMT,2025-06-30,2025-06-30,2025-06-30,2025-06-27
debt_issuance,LIN,2025-06-06,LIN,2025-04-04,2025-04-04,2025-04-04,2025-04-03
debt_issuance,LIN,2025-06-06,LIN,2025-04-11,2025-04-11,2025-04-11,2025-04-10
debt_issuance,LIN,2025-06-06,LIN,2025-04-25,2025-04-25,2025-04-25,2025-04-24
debt_issuance,LIN,2025-06-06,LIN,2025-05-02,2025-05-02,2025-05-02,2025-05-01
debt_issuance,UBER,2025-06-09,UBER,2025-04-07,2025-04-07,2025-04-07,2025-04-04
debt_issuance,JPM,2025-07-24,JPM,2025-08-28,2025-08-28,2025-08-28,2025-08-27
debt_issuance,JPM,2025-07-24,JPM,2025-09-04,2025-09-04,2025-09-04,2025-09-03
debt_issuance,JPM,2025-07-24,JPM,2025-09-11,2025-09-11,2025-09-11,2025-09-10
debt_issuance,PEP,2025-07-24,PEP,2025-08-28,2025-08-28,2025-08-28,2025-08-27
debt_issuance,PEP,2025-07-24,PEP,2025-09-04,2025-09-04,2025-09-04,2025-09-03
debt_issuance,GE,2025-07-25,GE,2025-08-29,2025-08-29,2025-08-29,2025-08-28
debt_issuance,AXP,2025-07-28,AXP,2025-08-25,2025-08-25,2025-08-25,2025-08-22
debt_issuance,AXP,2025-07-28,AXP,2025-09-08,2025-09-08,2025-09-08,2025-09-05
debt_issuance,AXP,2025-07-28,AXP,2025-09-15,2025-09-15,2025-09-15,2025-09-12
debt_issuance,LMT,2025-07-29,LMT,2025-09-02,2025-09-02,2025-09-02,2025-08-29
debt_issuance,LMT,2025-07-29,LMT,2025-09-09,2025-09-09,2025-09-09,2025-09-08
debt_issuance,LMT,2025-07-29,LMT,2025-09-16,2025-09-16,2025-09-16,2025-09-15
debt_issuance,LMT,2025-07-29,LMT,2025-09-23,2025-09-23,2025-09-23,2025-09-22
debt_issuance,LMT,2025-07-29,LMT,2025-09-30,2025-09-30,2025-09-30,2025-09-29
debt_issuance,PEP,2025-07-29,PEP,2025-09-02,2025-09-02,2025-09-02,2025-08-29
debt_issuance,MO,2025-08-07,MO,2025-07-03,2025-07-03,2025-07-03,2025-07-02
debt_issuance,CVX,2025-08-14,CVX,2025-09-18,2025-09-18,2025-09-18,2025-09-17
debt_issuance,CVX,2025-08-14,CVX,2025-09-25,2025-09-25,2025-09-25,2025-09-24
debt_issuance,CVS,2025-08-18,CVS,2025-07-07,2025-07-07,2025-07-07,2025-07-03
debt_issuance,CVS,2025-08-18,CVS,2025-07-14,2025-07-14,2025-07-14,2025-07-11
debt_issuance,CVS,2025-08-18,CVS,2025-09-15,2025-09-15,2025-09-15,2025-09-12
debt_issuance,CVS,2025-08-18,CVS,2025-09-22,2025-09-22,2025-09-22,2025-09-19
debt_issuance,CVS,2025-08-18,CVS,2025-09-29,2025-09-29,2025-09-29,2025-09-26
debt_issuance,LLY,2025-08-21,LLY,2025-07-03,2025-07-03,2025-07-03,2025-07-02
debt_issuance,LLY,2025-08-21,LLY,2025-09-25,2025-09-25,2025-09-25,2025-09-24
debt_issuance,CHTR,2025-08-21,CHTR,2025-07-03,2025-07-03,2025-07-03,2025-07-02
debt_issuance,MCD,2025-08-28,MCD,2025-07-03,2025-07-03,2025-07-03,2025-07-02
debt_issuance,MCD,2025-08-28,MCD,2025-07-10,2025-07-10,2025-07-10,2025-07-09
debt_issuance,MCD,2025-08-28,MCD,2025-07-17,2025-07-17,2025-07-17,2025-07-16
debt_issuance,MCD,2025-08-28,MCD,2025-07-24,2025-07-24,2025-07-24,2025-07-23
debt_issuance,CHTR,2025-09-03,CHTR,2025-07-02,2025-07-02,2025-07-02,2025-07-01
debt_issuance,HD,2025-09-11,HD,2025-07-03,2025-07-03,2025-07-03,2025-07-02
debt_issuance,HD,2025-09-11,HD,2025-07-10,2025-07-10,2025-07-10,2025-07-09
debt_issuance,HD,2025-09-11,HD,2025-07-17,2025-07-17,2025-07-17,2025-07-16
debt_issuance,HD,2025-09-11,HD,2025-07-24,2025-07-24,2025-07-24,2025-07-23
debt_issuance,HD,2025-09-11,HD,2025-07-31,2025-07-31,2025-07-31,2025-07-30
debt_issuance,HD,2025-09-11,HD,2025-08-07,2025-08-07,2025-08-07,2025-08-06
debt_issuance,AMT,2025-09-12,AMT,2025-07-11,2025-07-11,2025-07-11,2025-07-10
debt_issuance,AMT,2025-09-12,AMT,2025-07-18,2025-07-18,2025-07-18,2025-07-17
debt_issuance,AMT,2025-09-12,AMT,2025-07-25,2025-07-25,2025-07-25,2025-07-24
debt_issuance,COF,2025-09-12,COF,2025-07-11,2025-07-11,2025-07-11,2025-07-10
debt_issuance,COF,2025-09-12,COF,2025-07-18,2025-07-18,2025-07-18,2025-07-17
debt_issuance,COF,2025-09-12,COF,2025-07-25,2025-07-25,2025-07-25,2025-07-24
debt_issuance,COF,2025-09-12,COF,2025-08-01,2025-08-01,2025-08-01,2025-07-31
debt_issuance,COF,2025-09-12,COF,2025-08-08,2025-08-08,2025-08-08,2025-08-07
debt_issuance,DUK,2025-09-12,DUK,2025-07-11,2025-07-11,2025-07-11,2025-07-10
debt_issuance,DUK,2025-09-12,DUK,2025-07-18,2025-07-18,2025-07-18,2025-07-17
debt_issuance,DUK,2025-09-12,DUK,2025-07-25,2025-07-25,2025-07-25,2025-07-24
debt_issuance,DUK,2025-09-12,DUK,2025-08-01,2025-08-01,2025-08-01,2025-07-31
debt_issuance,DUK,2025-09-12,DUK,2025-08-08,2025-08-08,2025-08-08,2025-08-07
debt_issuance,HD,2025-09-16,HD,2025-07-01,2025-07-01,2025-07-01,2025-06-30
debt_issuance,HD,2025-09-16,HD,2025-07-08,2025-07-08,2025-07-08,2025-07-07
debt_issuance,HD,2025-09-16,HD,2025-07-15,2025-07-15,2025-07-15,2025-07-14
debt_issuance,HD,2025-09-16,HD,2025-07-22,2025-07-22,2025-07-22,2025-07-21
debt_issuance,HD,2025-09-16,HD,2025-07-29,2025-07-29,2025-07-29,2025-07-28
debt_issuance,HD,2025-09-16,HD,2025-08-05,2025-08-05,2025-08-05,2025-08-04
debt_issuance,AMT,2025-09-17,AMT,2025-07-02,2025-07-02,2025-07-02,2025-07-01
debt_issuance,AMT,2025-09-17,AMT,2025-07-09,2025-07-09,2025-07-09,2025-07-08
debt_issuance,AMT,2025-09-17,AMT,2025-07-16,2025-07-16,2025-07-16,2025-07-15
debt_issuance,AMT,2025-09-17,AMT,2025-07-23,2025-07-23,2025-07-23,2025-07-22
debt_issuance,T,2025-09-17,T,2025-07-09,2025-07-09,2025-07-09,2025-07-08
debt_issuance,T,2025-09-17,T,2025-07-16,2025-07-16,2025-07-16,2025-07-15
debt_issuance,T,2025-09-25,T,2025-07-10,2025-07-10,2025-07-10,2025-07-09
debt_issuance,T,2025-09-25,T,2025-07-17,2025-07-17,2025-07-17,2025-07-16
debt_issuance,ORCL,2025-09-29,ORCL,2025-08-04,2025-08-04,2025-08-04,2025-08-01
debt_issuance,ORCL,2025-09-29,ORCL,2025-08-11,2025-08-11,2025-08-11,2025-08-08
debt_issuance,ORCL,2025-09-29,ORCL,2025-08-18,2025-08-18,2025-08-18,2025-08-15
debt_issuance,LOW,2025-10-01,LOW,2025-11-12,2025-11-12,2025-11-12,2025-11-11
debt_issuance,LOW,2025-10-01,LOW,2025-11-19,2025-11-19,2025-11-19,2025-11-18
debt_issuance,LOW,2025-10-01,LOW,2025-11-26,2025-11-26,2025-11-26,2025-11-25
debt_issuance,LOW,2025-10-01,LOW,2025-12-03,2025-12-03,2025-12-03,2025-12-02
debt_issuance,LOW,2025-10-01,LOW,2025-12-10,2025-12-10,2025-12-10,2025-12-09
debt_issuance,LOW,2025-10-01,LOW,2025-12-17,2025-12-17,2025-12-17,2025-12-16
debt_issuance,LOW,2025-10-01,LOW,2025-12-24,2025-12-24,2025-12-24,2025-12-23
debt_issuance,LOW,2025-10-01,LOW,2025-12-31,2025-12-31,2025-12-31,2025-12-30
debt_issuance,CMCSA,2025-10-03,CMCSA,2025-11-14,2025-11-14,2025-11-14,2025-11-13
debt_issuance,CMCSA,2025-10-03,CMCSA,2025-11-21,2025-11-21,2025-11-21,2025-11-20
debt_issuance,CMCSA,2025-10-10,CMCSA,2025-11-14,2025-11-14,2025-11-14,2025-11-13
debt_issuance,CMCSA,2025-10-10,CMCSA,2025-11-21,2025-11-21,2025-11-21,2025-11-20
debt_issuance,DE,2025-10-10,DE,2025-11-14,2025-11-14,2025-11-14,2025-11-13
debt_issuance,DE,2025-10-10,DE,2025-11-21,2025-11-21,2025-11-21,2025-11-20
debt_issuance,DE,2025-10-10,DE,2025-11-28,2025-11-28,2025-11-28,2025-11-26
debt_issuance,DE,2025-10-10,DE,2025-12-05,2025-12-05,2025-12-05,2025-12-04
debt_issuance,DE,2025-10-10,DE,2025-12-12,2025-12-12,2025-12-12,2025-12-11
debt_issuance,DE,2025-10-10,DE,2025-12-19,2025-12-19,2025-12-19,2025-12-18
debt_issuance,DE,2025-10-10,DE,2025-12-26,2025-12-26,2025-12-26,2025-12-24
debt_issuance,GS,2025-10-22,GS,2025-11-26,2025-11-26,2025-11-26,2025-11-25
debt_issuance,GS,2025-10-22,GS,2025-12-03,2025-12-03,2025-12-03,2025-12-02
debt_issuance,GS,2025-10-22,GS,2025-12-10,2025-12-10,2025-12-10,2025-12-09
debt_issuance,GS,2025-10-22,GS,2025-12-17,2025-12-17,2025-12-17,2025-12-16
debt_issuance,GS,2025-10-22,GS,2025-12-24,2025-12-24,2025-12-24,2025-12-23
debt_issuance,GS,2025-10-22,GS,2025-12-31,2025-12-31,2025-12-31,2025-12-30
debt_issuance,AXP,2025-10-27,AXP,2025-11-24,2025-11-24,2025-11-24,2025-11-21
debt_issuance,AXP,2025-10-27,AXP,2025-12-01,2025-12-01,2025-12-01,2025-11-28
debt_issuance,AXP,2025-10-27,AXP,2025-12-08,2025-12-08,2025-12-08,2025-12-05
debt_issuance,AXP,2025-10-27,AXP,2025-12-15,2025-12-15,2025-12-15,2025-12-12
debt_issuance,AXP,2025-10-27,AXP,2025-12-22,2025-12-22,2025-12-22,2025-12-19
debt_issuance,AXP,2025-10-27,AXP,2025-12-29,2025-12-29,2025-12-29,2025-12-26
debt_issuance,PM,2025-10-30,PM,2025-12-11,2025-12-11,2025-12-11,2025-12-10
debt_issuance,PM,2025-10-30,PM,2025-12-18,2025-12-18,2025-12-18,2025-12-17
debt_issuance,PG,2025-11-04,PG,2025-12-09,2025-12-09,2025-12-09,2025-12-08
debt_issuance,PG,2025-11-04,PG,2025-12-16,2025-12-16,2025-12-16,2025-12-15
debt_issuance,PG,2025-11-04,PG,2025-12-23,2025-12-23,2025-12-23,2025-12-22
debt_issuance,PG,2025-11-04,PG,2025-12-30,2025-12-30,2025-12-30,2025-12-29
debt_issuance,PG,2025-11-05,PG,2025-12-10,2025-12-10,2025-12-10,2025-12-09
debt_issuance,PG,2025-11-05,PG,2025-12-17,2025-12-17,2025-12-17,2025-12-16
debt_issuance,PG,2025-11-05,PG,2025-12-24,2025-12-24,2025-12-24,2025-12-23
debt_issuance,PG,2025-11-05,PG,2025-12-31,2025-12-31,2025-12-31,2025-12-30
debt_issuance,GOOGL,2025-11-07,GOOGL,2025-10-03,2025-10-03,2025-10-03,2025-10-02
debt_issuance,GOOGL,2025-11-07,GOOGL,2025-12-12,2025-12-12,2025-12-12,2025-12-11
debt_issuance,GOOGL,2025-11-07,GOOGL,2025-12-19,2025-12-19,2025-12-19,2025-12-18
debt_issuance,GOOGL,2025-11-07,GOOGL,2025-12-26,2025-12-26,2025-12-26,2025-12-24
debt_issuance,SO,2025-11-07,SO,2025-10-03,2025-10-03,2025-10-03,2025-10-02
debt_issuance,SO,2025-11-07,SO,2025-12-12,2025-12-12,2025-12-12,2025-12-11
debt_issuance,SO,2025-11-07,SO,2025-12-19,2025-12-19,2025-12-19,2025-12-18
debt_issuance,SO,2025-11-07,SO,2025-12-26,2025-12-26,2025-12-26,2025-12-24
debt_issuance,BKNG,2025-11-10,BKNG,2025-12-08,2025-12-08,2025-12-08,2025-12-05
debt_issuance,BKNG,2025-11-10,BKNG,2025-12-15,2025-12-15,2025-12-15,2025-12-12
debt_issuance,BKNG,2025-11-10,BKNG,2025-12-22,2025-12-22,2025-12-22,2025-12-19
debt_issuance,BKNG,2025-11-10,BKNG,2025-12-29,2025-12-29,2025-12-29,2025-12-26
debt_issuance,CL,2025-11-11,CL,2025-12-16,2025-12-16,2025-12-16,2025-12-15
debt_issuance,CL,2025-11-11,CL,2025-12-23,2025-12-23,2025-12-23,2025-12-22
debt_issuance,CL,2025-11-11,CL,2025-12-30,2025-12-30,2025-12-30,2025-12-29
debt_issuance,VZ,2025-11-11,VZ,2025-12-23,2025-12-23,2025-12-23,2025-12-22
debt_issuance,VZ,2025-11-11,VZ,2025-12-30,2025-12-30,2025-12-30,2025-12-29
debt_issuance,BMY,2025-11-11,BMY,2025-10-07,2025-10-07,2025-10-07,2025-10-06
debt_issuance,BMY,2025-11-11,BMY,2025-12-16,2025-12-16,2025-12-16,2025-12-15
debt_issuance,BMY,2025-11-11,BMY,2025-12-23,2025-12-23,2025-12-23,2025-12-22
debt_issuance,BMY,2025-11-11,BMY,2025-12-30,2025-12-30,2025-12-30,2025-12-29
debt_issuance,NEE,2025-11-13,NEE,2025-10-02,2025-10-02,2025-10-02,2025-10-01
debt_issuance,NEE,2025-11-13,NEE,2025-10-09,2025-10-09,2025-10-09,2025-10-08
debt_issuance,SCHW,2025-11-17,SCHW,2025-10-06,2025-10-06,2025-10-06,2025-10-03
debt_issuance,SCHW,2025-11-17,SCHW,2025-10-13,2025-10-13,2025-10-13,2025-10-10
debt_issuance,SCHW,2025-11-17,SCHW,2025-12-15,2025-12-15,2025-12-15,2025-12-12
debt_issuance,SCHW,2025-11-17,SCHW,2025-12-22,2025-12-22,2025-12-22,2025-12-19
debt_issuance,SCHW,2025-11-17,SCHW,2025-12-29,2025-12-29,2025-12-29,2025-12-26
debt_issuance,AMZN,2025-11-21,AMZN,2025-10-03,2025-10-03,2025-10-03,2025-10-02
debt_issuance,AMZN,2025-11-21,AMZN,2025-10-10,2025-10-10,2025-10-10,2025-10-09
debt_issuance,AMZN,2025-11-21,AMZN,2025-10-17,2025-10-17,2025-10-17,2025-10-16
debt_issuance,AMZN,2025-11-21,AMZN,2025-12-26,2025-12-26,2025-12-26,2025-12-24
debt_issuance,LIN,2025-11-21,LIN,2025-12-26,2025-12-26,2025-12-26,2025-12-24
debt_issuance,PFE,2025-11-24,PFE,2025-10-06,2025-10-06,2025-10-06,2025-10-03
debt_issuance,PFE,2025-11-24,PFE,2025-10-13,2025-10-13,2025-10-13,2025-10-10
debt_issuance,AMT,2025-12-03,AMT,2025-10-22,2025-10-22,2025-10-22,2025-10-21
debt_issuance,AMT,2025-12-03,AMT,2025-10-29,2025-10-29,2025-10-29,2025-10-28
debt_issuance,AMT,2025-12-08,AMT,2025-10-20,2025-10-20,2025-10-20,2025-10-17
debt_issuance,AMT,2025-12-08,AMT,2025-10-27,2025-10-27,2025-10-27,2025-10-24
underwriting_agreement,DUK,2024-01-16,DUK,2024-02-13,2024-02-13,2024-02-13,2024-02-12
underwriting_agreement,LMT,2024-01-30,LMT,2024-03-05,2024-03-05,2024-03-05,2024-03-04
underwriting_agreement,LMT,2024-01-30,LMT,2024-03-12,2024-03-12,2024-03-12,2024-03-11
underwriting_agreement,LMT,2024-01-30,LMT,2024-03-19,2024-03-19,2024-03-19,2024-03-18
underwriting_agreement,LMT,2024-01-30,LMT,2024-03-26,2024-03-26,2024-03-26,2024-03-25
underwriting_agreement,TXN,2024-02-09,TXN,2024-01-05,2024-01-05,2024-01-05,2024-01-04
underwriting_agreement,TXN,2024-02-09,TXN,2024-03-22,2024-03-22,2024-03-22,2024-03-21
underwriting_agreement,LLY,2024-02-12,LLY,2024-03-11,2024-03-11,2024-03-11,2024-03-08
underwriting_agreement,LLY,2024-02-12,LLY,2024-03-18,2024-03-18,2024-03-18,2024-03-15
underwriting_agreement,LLY,2024-02-12,LLY,2024-03-25,2024-03-25,2024-03-25,2024-03-22
underwriting_agreement,PM,2024-02-14,PM,2024-01-03,2024-01-03,2024-01-03,2024-01-02
underwriting_agreement,PEP,2024-02-20,PEP,2024-01-02,2024-01-02,2024-01-02,2023-12-29
underwriting_agreement,PEP,2024-02-20,PEP,2024-01-09,2024-01-09,2024-01-09,2024-01-08
underwriting_agreement,PEP,2024-02-20,PEP,2024-03-19,2024-03-19,2024-03-19,2024-03-18
underwriting_agreement,MDLZ,2024-02-21,MDLZ,2024-03-27,2024-03-27,2024-03-27,2024-03-26
underwriting_agreement,UNH,2024-03-22,UNH,2024-01-05,2024-01-05,2024-01-05,2024-01-04
underwriting_agreement,UNH,2024-03-22,UNH,2024-01-12,2024-01-12,2024-01-12,2024-01-11
underwriting_agreement,UNH,2024-03-22,UNH,2024-01-19,2024-01-19,2024-01-19,2024-01-18
underwriting_agreement,WFC,2024-04-24,WFC,2024-06-05,2024-06-05,2024-06-05,2024-06-04
underwriting_agreement,BRK.B,2024-04-29,BRK.B,2024-06-03,2024-06-03,2024-06-03,2024-05-31
underwriting_agreement,BRK.B,2024-04-29,BRK.B,2024-06-10,2024-06-10,2024-06-10,2024-06-07
underwriting_agreement,BRK.B,2024-04-29,BRK.B,2024-06-17,2024-06-17,2024-06-17,2024-06-14
underwriting_agreement,BRK.B,2024-04-29,BRK.B,2024-06-24,2024-06-24,2024-06-24,2024-06-21
underwriting_agreement,SO,2024-05-06,SO,2024-04-01,2024-04-01,2024-04-01,2024-03-28
underwriting_agreement,SO,2024-05-06,SO,2024-06-24,2024-06-24,2024-06-24,2024-06-21
underwriting_agreement,KO,2024-05-09,KO,2024-06-20,2024-06-20,2024-06-20,2024-06-18
underwriting_agreement,CVS,2024-05-09,CVS,2024-06-27,2024-06-27,2024-06-27,2024-06-26
underwriting_agreement,MA,2024-05-10,MA,2024-04-05,2024-04-05,2024-04-05,2024-04-04
underwriting_agreement,CMCSA,2024-05-23,CMCSA,2024-04-04,2024-04-04,2024-04-04,2024-04-03
underwriting_agreement,CMCSA,2024-05-23,CMCSA,2024-04-11,2024-04-11,2024-04-11,2024-04-10
underwriting_agreement,CMCSA,2024-05-23,CMCSA,2024-04-18,2024-04-18,2024-04-18,2024-04-17
underwriting_agreement,UPS,2024-05-23,UPS,2024-04-04,2024-04-04,2024-04-04,2024-04-03
underwriting_agreement,UPS,2024-05-29,UPS,2024-04-03,2024-04-03,2024-04-03,2024-04-02
underwriting_agreement,HD,2024-06-20,HD,2024-04-04,2024-04-04,2024-04-04,2024-04-03
underwriting_agreement,HD,2024-06-20,HD,2024-04-11,2024-04-11,2024-04-11,2024-04-10
underwriting_agreement,HD,2024-06-20,HD,2024-04-18,2024-04-18,2024-04-18,2024-04-17
underwriting_agreement,PEP,2024-07-18,PEP,2024-08-22,2024-08-22,2024-08-22,2024-08-21
underwriting_agreement,PEP,2024-07-18,PEP,2024-08-29,2024-08-29,2024-08-29,2024-08-28
underwriting_agreement,PEP,2024-07-18,PEP,2024-09-05,2024-09-05,2024-09-05,2024-09-04
underwriting_agreement,BLK,2024-07-19,BLK,2024-08-30,2024-08-30,2024-08-30,2024-08-29
underwriting_agreement,BLK,2024-07-19,BLK,2024-09-06,2024-09-06,2024-09-06,2024-09-05
underwriting_agreement,WFC,2024-07-24,WFC,2024-08-28,2024-08-28,2024-08-28,2024-08-27
underwriting_agreement,WFC,2024-07-24,WFC,2024-09-04,2024-09-04,2024-09-04,2024-09-03
underwriting_agreement,WFC,2024-07-24,WFC,2024-09-11,2024-09-11,2024-09-11,2024-09-10
underwriting_agreement,WFC,2024-07-24,WFC,2024-09-18,2024-09-18,2024-09-18,2024-09-17
underwriting_agreement,WFC,2024-07-24,WFC,2024-09-25,2024-09-25,2024-09-25,2024-09-24
underwriting_agreement,UNH,2024-07-26,UNH,2024-08-30,2024-08-30,2024-08-30,2024-08-29
underwriting_agreement,UNH,2024-07-26,UNH,2024-09-06,2024-09-06,2024-09-06,2024-09-05
underwriting_agreement,UNH,2024-07-26,UNH,2024-09-13,2024-09-13,2024-09-13,2024-09-12
underwriting_agreement,UNH,2024-07-26,UNH,2024-09-20,2024-09-20,2024-09-20,2024-09-19
underwriting_agreement,UNH,2024-07-26,UNH,2024-09-27,2024-09-27,2024-09-27,2024-09-26
underwriting_agreement,COF,2024-07-29,COF,2024-08-26,2024-08-26,2024-08-26,2024-08-23
underwriting_agreement,COF,2024-07-29,COF,2024-09-09,2024-09-09,2024-09-09,2024-09-06
underwriting_agreement,COF,2024-07-29,COF,2024-09-16,2024-09-16,2024-09-16,2024-09-13
underwriting_agreement,COF,2024-07-29,COF,2024-09-23,2024-09-23,2024-09-23,2024-09-20
underwriting_agreement,COF,2024-07-29,COF,2024-09-30,2024-09-30,2024-09-30,2024-09-27
underwriting_agreement,NFLX,2024-08-02,NFLX,2024-09-06,2024-09-06,2024-09-06,2024-09-05
underwriting_agreement,NFLX,2024-08-02,NFLX,2024-09-13,2024-09-13,2024-09-13,2024-09-12
underwriting_agreement,NFLX,2024-08-02,NFLX,2024-09-20,2024-09-20,2024-09-20,2024-09-19
underwriting_agreement,NFLX,2024-08-02,NFLX,2024-09-27,2024-09-27,2024-09-27,2024-09-26
underwriting_agreement,KO,2024-08-12,KO,2024-09-16,2024-09-16,2024-09-16,2024-09-13
underwriting_agreement,META,2024-08-12,META,2024-07-01,2024-07-01,2024-07-01,2024-06-28
underwriting_agreement,META,2024-08-12,META,2024-07-08,2024-07-08,2024-07-08,2024-07-05
underwriting_agreement,META,2024-08-12,META,2024-09-09,2024-09-09,2024-09-09,2024-09-06
underwriting_agreement,META,2024-08-12,META,2024-09-16,2024-09-16,2024-09-16,2024-09-13
underwriting_agreement,META,2024-08-12,META,2024-09-23,2024-09-23,2024-09-23,2024-09-20
underwriting_agreement,META,2024-08-12,META,2024-09-30,2024-09-30,2024-09-30,2024-09-27
underwriting_agreement,DUK,2024-08-23,DUK,2024-07-05,2024-07-05,2024-07-05,2024-07-03
underwriting_agreement,DUK,2024-08-23,DUK,2024-07-12,2024-07-12,2024-07-12,2024-07-11
underwriting_agreement,DUK,2024-08-23,DUK,2024-07-19,2024-07-19,2024-07-19,2024-07-18
underwriting_agreement,DUK,2024-08-23,DUK,2024-09-27,2024-09-27,2024-09-27,2024-09-26
underwriting_agreement,MDLZ,2024-08-26,MDLZ,2024-09-30,2024-09-30,2024-09-30,2024-09-27
underwriting_agreement,MA,2024-09-06,MA,2024-07-26,2024-07-26,2024-07-26,2024-07-25
underwriting_agreement,MA,2024-09-06,MA,2024-08-02,2024-08-02,2024-08-02,2024-08-01
underwriting_agreement,UBER,2024-09-10,UBER,2024-07-02,2024-07-02,2024-07-02,2024-07-01
underwriting_agreement,SO,2024-09-10,SO,2024-07-02,2024-07-02,2024-07-02,2024-07-01
underwriting_agreement,SO,2024-09-10,SO,2024-07-09,2024-07-09,2024-07-09,2024-07-08
underwriting_agreement,SO,2024-09-10,SO,2024-07-16,2024-07-16,2024-07-16,2024-07-15
underwriting_agreement,SO,2024-09-10,SO,2024-07-23,2024-07-23,2024-07-23,2024-07-22
underwriting_agreement,SO,2024-09-10,SO,2024-07-30,2024-07-30,2024-07-30,2024-07-29
underwriting_agreement,SO,2024-09-10,SO,2024-08-06,2024-08-06,2024-08-06,2024-08-05
underwriting_agreement,CMCSA,2024-09-27,CMCSA,2024-07-19,2024-07-19,2024-07-19,2024-07-18
underwriting_agreement,CMCSA,2024-09-27,CMCSA,2024-07-26,2024-07-26,2024-07-26,2024-07-25
underwriting_agreement,CMCSA,2024-09-27,CMCSA,2024-08-02,2024-08-02,2024-08-02,2024-08-01
underwriting_agreement,CMCSA,2024-09-27,CMCSA,2024-08-09,2024-08-09,2024-08-09,2024-08-08
underwriting_agreement,CMCSA,2024-09-27,CMCSA,2024-08-16,2024-08-16,2024-08-16,2024-08-15
underwriting_agreement,CMCSA,2024-09-27,CMCSA,2024-08-23,2024-08-23,2024-08-23,2024-08-22
underwriting_agreement,AVGO,2024-10-03,AVGO,2024-11-07,2024-11-07,2024-11-07,2024-11-06
underwriting_agreement,AVGO,2024-10-03,AVGO,2024-11-14,2024-11-14,2024-11-14,2024-11-13
underwriting_agreement,AVGO,2024-10-03,AVGO,2024-11-21,2024-11-21,2024-11-21,2024-11-20
underwriting_agreement,AVGO,2024-10-03,AVGO,2024-12-05,2024-12-05,2024-12-05,2024-12-04
underwriting_agreement,XOM,2024-10-09,XOM,2024-12-04,2024-12-04,2024-12-04,2024-12-03
underwriting_agreement,XOM,2024-10-09,XOM,2024-12-11,2024-12-11,2024-12-11,2024-12-10
underwriting_agreement,XOM,2024-10-09,XOM,2024-12-18,2024-12-18,2024-12-18,2024-12-17
underwriting_agreement,BRK.B,2024-10-24,BRK.B,2024-12-05,2024-12-05,2024-12-05,2024-12-04
underwriting_agreement,BRK.B,2024-10-24,BRK.B,2024-12-12,2024-12-12,2024-12-12,2024-12-11
underwriting_agreement,BRK.B,2024-10-24,BRK.B,2024-12-19,2024-12-19,2024-12-19,2024-12-18
underwriting_agreement,BRK.B,2024-10-24,BRK.B,2024-12-26,2024-12-26,2024-12-26,2024-12-24
underwriting_agreement,BA,2024-10-31,BA,2024-12-19,2024-12-19,2024-12-19,2024-12-18
underwriting_agreement,BA,2024-10-31,BA,2024-12-26,2024-12-26,2024-12-26,2024-12-24
underwriting_agreement,BA,2024-11-01,BA,2024-12-20,2024-12-20,2024-12-20,2024-12-19
underwriting_agreement,BA,2024-11-01,BA,2024-12-27,2024-12-27,2024-12-27,2024-12-26
underwriting_agreement,PM,2024-11-04,PM,2024-12-02,2024-12-02,2024-12-02,2024-11-29
underwriting_agreement,PM,2024-11-04,PM,2024-12-09,2024-12-09,2024-12-09,2024-12-06
underwriting_agreement,PM,2024-11-04,PM,2024-12-16,2024-12-16,2024-12-16,2024-12-13
underwriting_agreement,PM,2024-11-04,PM,2024-12-23,2024-12-23,2024-12-23,2024-12-20
underwriting_agreement,PM,2024-11-04,PM,2024-12-30,2024-12-30,2024-12-30,2024-12-27
underwriting_agreement,GILD,2024-11-21,GILD,2024-10-03,2024-10-03,2024-10-03,2024-10-02
underwriting_agreement,GILD,2024-11-21,GILD,2024-10-10,2024-10-10,2024-10-10,2024-10-09
underwriting_agreement,GILD,2024-11-21,GILD,2024-10-17,2024-10-17,2024-10-17,2024-10-16
underwriting_agreement,GILD,2024-11-21,GILD,2024-12-26,2024-12-26,2024-12-26,2024-12-24
underwriting_agreement,COP,2024-12-06,COP,2024-10-04,2024-10-04,2024-10-04,2024-10-03
underwriting_agreement,COP,2024-12-06,COP,2024-10-11,2024-10-11,2024-10-11,2024-10-10
underwriting_agreement,COP,2024-12-06,COP,2024-10-18,2024-10-18,2024-10-18,2024-10-17
underwriting_agreement,COP,2024-12-06,COP,2024-10-25,2024-10-25,2024-10-25,2024-10-24
underwriting_agreement,COP,2024-12-06,COP,2024-11-01,2024-11-01,2024-11-01,2024-10-31
underwriting_agreement,AVGO,2025-01-13,AVGO,2025-02-10,2025-02-10,2025-02-10,2025-02-07
underwriting_agreement,AVGO,2025-01-13,AVGO,2025-02-24,2025-02-24,2025-02-24,2025-02-21
underwriting_agreement,AVGO,2025-01-13,AVGO,2025-03-03,2025-03-03,2025-03-03,2025-02-28
underwriting_agreement,AVGO,2025-01-13,AVGO,2025-03-10,2025-03-10,2025-03-10,2025-03-07
underwriting_agreement,AVGO,2025-01-13,AVGO,2025-03-17,2025-03-17,2025-03-17,2025-03-14
underwriting_agreement,ADBE,2025-01-21,ADBE,2025-03-04,2025-03-04,2025-03-04,2025-03-03
underwriting_agreement,ADBE,2025-01-21,ADBE,2025-03-11,2025-03-11,2025-03-11,2025-03-10
underwriting_agreement,ADBE,2025-01-21,ADBE,2025-03-18,2025-03-18,2025-03-18,2025-03-17
underwriting_agreement,MO,2025-02-07,MO,2025-03-14,2025-03-14,2025-03-14,2025-03-13
underwriting_agreement,MO,2025-02-07,MO,2025-03-21,2025-03-21,2025-03-21,2025-03-20
underwriting_agreement,MO,2025-02-07,MO,2025-03-28,2025-03-28,2025-03-28,2025-03-27
underwriting_agreement,IBM,2025-02-10,IBM,2025-01-06,2025-01-06,2025-01-06,2025-01-03
underwriting_agreement,IBM,2025-02-10,IBM,2025-03-10,2025-03-10,2025-03-10,2025-03-07
underwriting_agreement,IBM,2025-02-10,IBM,2025-03-17,2025-03-17,2025-03-17,2025-03-14
underwriting_agreement,IBM,2025-02-10,IBM,2025-03-24,2025-03-24,2025-03-24,2025-03-21
underwriting_agreement,IBM,2025-02-10,IBM,2025-03-31,2025-03-31,2025-03-31,2025-03-28
underwriting_agreement,PEP,2025-02-10,PEP,2025-03-10,2025-03-10,2025-03-10,2025-03-07
underwriting_agreement,PEP,2025-02-10,PEP,2025-03-17,2025-03-17,2025-03-17,2025-03-14
underwriting_agreement,PEP,2025-02-10,PEP,2025-03-24,2025-03-24,2025-03-24,2025-03-21
underwriting_agreement,LLY,2025-02-13,LLY,2025-01-02,2025-01-02,2025-01-02,2024-12-31
underwriting_agreement,LLY,2025-02-13,LLY,2025-03-20,2025-03-20,2025-03-20,2025-03-19
underwriting_agreement,LLY,2025-02-13,LLY,2025-03-27,2025-03-27,2025-03-27,2025-03-26
underwriting_agreement,SCHW,2025-02-13,SCHW,2025-01-02,2025-01-02,2025-01-02,2024-12-31
underwriting_agreement,UNP,2025-02-14,UNP,2025-01-03,2025-01-03,2025-01-03,2025-01-02
underwriting_agreement,UNP,2025-02-14,UNP,2025-01-10,2025-01-10,2025-01-10,2025-01-08
underwriting_agreement,UNP,2025-02-14,UNP,2025-03-21,2025-03-21,2025-03-21,2025-03-20
underwriting_agreement,UNP,2025-02-14,UNP,2025-03-28,2025-03-28,2025-03-28,2025-03-27
underwriting_agreement,CSCO,2025-02-25,CSCO,2025-01-07,2025-01-07,2025-01-07,2025-01-06
underwriting_agreement,CSCO,2025-02-25,CSCO,2025-01-14,2025-01-14,2025-01-14,2025-01-13
underwriting_agreement,CSCO,2025-02-25,CSCO,2025-01-21,2025-01-21,2025-01-21,2025-01-17
underwriting_agreement,MA,2025-02-28,MA,2025-01-03,2025-01-03,2025-01-03,2025-01-02
underwriting_agreement,MA,2025-02-28,MA,2025-01-10,2025-01-10,2025-01-10,2025-01-08
underwriting_agreement,SO,2025-03-03,SO,2025-03-31,2025-03-31,2025-03-31,2025-03-28
underwriting_agreement,EMR,2025-03-03,EMR,2025-01-06,2025-01-06,2025-01-06,2025-01-03
underwriting_agreement,BK,2025-03-11,BK,2025-01-07,2025-01-07,2025-01-07,2025-01-06
underwriting_agreement,AMD,2025-03-13,AMD,2025-01-02,2025-01-02,2025-01-02,2024-12-31
underwriting_agreement,AMD,2025-03-13,AMD,2025-01-16,2025-01-16,2025-01-16,2025-01-15
underwriting_agreement,AMD,2025-03-13,AMD,2025-01-23,2025-01-23,2025-01-23,2025-01-22
underwriting_agreement,BK,2025-03-17,BK,2025-01-06,2025-01-06,2025-01-06,2025-01-03
underwriting_agreement,XOM,2025-04-02,XOM,2025-06-04,2025-06-04,2025-06-04,2025-06-03
underwriting_agreement,XOM,2025-04-02,XOM,2025-06-11,2025-06-11,2025-06-11,2025-06-10
underwriting_agreement,XOM,2025-04-02,XOM,2025-06-18,2025-06-18,2025-06-18,2025-06-17
underwriting_agreement,XOM,2025-04-02,XOM,2025-06-25,2025-06-25,2025-06-25,2025-06-24
underwriting_agreement,BRK.B,2025-04-21,BRK.B,2025-06-09,2025-06-09,2025-06-09,2025-06-06
underwriting_agreement,BRK.B,2025-04-21,BRK.B,2025-06-16,2025-06-16,2025-06-16,2025-06-13
underwriting_agreement,BRK.B,2025-04-21,BRK.B,2025-06-23,2025-06-23,2025-06-23,2025-06-20
underwriting_agreement,BRK.B,2025-04-21,BRK.B,2025-06-30,2025-06-30,2025-06-30,2025-06-27
underwriting_agreement,BAC,2025-04-30,BAC,2025-06-04,2025-06-04,2025-06-04,2025-06-03
underwriting_agreement,BAC,2025-04-30,BAC,2025-06-11,2025-06-11,2025-06-11,2025-06-10
underwriting_agreement,CL,2025-05-05,CL,2025-06-30,2025-06-30,2025-06-30,2025-06-27
underwriting_agreement,MDLZ,2025-05-07,MDLZ,2025-04-02,2025-04-02,2025-04-02,2025-04-01
underwriting_agreement,GD,2025-05-08,GD,2025-04-03,2025-04-03,2025-04-03,2025-04-02
underwriting_agreement,AAPL,2025-05-13,AAPL,2025-04-01,2025-04-01,2025-04-01,2025-03-31
underwriting_agreement,AAPL,2025-05-13,AAPL,2025-04-08,2025-04-08,2025-04-08,2025-04-07
underwriting_agreement,UPS,2025-05-15,UPS,2025-04-03,2025-04-03,2025-04-03,2025-04-02
underwriting_agreement,UPS,2025-05-15,UPS,2025-04-10,2025-04-10,2025-04-10,2025-04-09
underwriting_agreement,V,2025-05-16,V,2025-04-04,2025-04-04,2025-04-04,2025-04-03
underwriting_agreement,V,2025-05-16,V,2025-04-11,2025-04-11,2025-04-11,2025-04-10
underwriting_agreement,V,2025-05-16,V,2025-06-20,2025-06-20,2025-06-20,2025-06-18
underwriting_agreement,V,2025-05-16,V,2025-06-27,2025-06-27,2025-06-27,2025-06-26
underwriting_agreement,PFE,2025-05-20,PFE,2025-06-24,2025-06-24,2025-06-24,2025-06-23
underwriting_agreement,UPS,2025-05-21,UPS,2025-04-09,2025-04-09,2025-04-09,2025-04-08
underwriting_agreement,QCOM,2025-05-23,QCOM,2025-06-27,2025-06-27,2025-06-27,2025-06-26
underwriting_agreement,TXN,2025-05-27,TXN,2025-04-01,2025-04-01,2025-04-01,2025-03-31
underwriting_agreement,TXN,2025-05-27,TXN,2025-04-08,2025-04-08,2025-04-08,2025-04-07
underwriting_agreement,TXN,2025-05-27,TXN,2025-04-15,2025-04-15,2025-04-15,2025-04-14
underwriting_agreement,TXN,2025-05-27,TXN,2025-04-22,2025-04-22,2025-04-22,2025-04-21
underwriting_agreement,TXN,2025-05-27,TXN,2025-06-24,2025-06-24,2025-06-24,2025-06-23
underwriting_agreement,PEP,2025-07-24,PEP,2025-08-28,2025-08-28,2025-08-28,2025-08-27
underwriting_agreement,PEP,2025-07-24,PEP,2025-09-04,2025-09-04,2025-09-04,2025-09-03
underwriting_agreement,GE,2025-07-25,GE,2025-08-29,2025-08-29,2025-08-29,2025-08-28
underwriting_agreement,PEP,2025-07-29,PEP,2025-09-02,2025-09-02,2025-09-02,2025-08-29
underwriting_agreement,LMT,2025-07-29,LMT,2025-09-02,2025-09-02,2025-09-02,2025-08-29
underwriting_agreement,LMT,2025-07-29,LMT,2025-09-09,2025-09-09,2025-09-09,2025-09-08
underwriting_agreement,LMT,2025-07-29,LMT,2025-09-16,2025-09-16,2025-09-16,2025-09-15
underwriting_agreement,LMT,2025-07-29,LMT,2025-09-23,2025-09-23,2025-09-23,2025-09-22
underwriting_agreement,LMT,2025-07-29,LMT,2025-09-30,2025-09-30,2025-09-30,2025-09-29
underwriting_agreement,MO,2025-08-07,MO,2025-07-03,2025-07-03,2025-07-03,2025-07-02
underwriting_agreement,CVX,2025-08-14,CVX,2025-09-18,2025-09-18,2025-09-18,2025-09-17
underwriting_agreement,CVX,2025-08-14,CVX,2025-09-25,2025-09-25,2025-09-25,2025-09-24
underwriting_agreement,CVS,2025-08-18,CVS,2025-07-07,2025-07-07,2025-07-07,2025-07-03
underwriting_agreement,CVS,2025-08-18,CVS,2025-07-14,2025-07-14,2025-07-14,2025-07-11
underwriting_agreement,CVS,2025-08-18,CVS,2025-09-15,2025-09-15,2025-09-15,2025-09-12
underwriting_agreement,CVS,2025-08-18,CVS,2025-09-22,2025-09-22,2025-09-22,2025-09-19
underwriting_agreement,CVS,2025-08-18,CVS,2025-09-29,2025-09-29,2025-09-29,2025-09-26
underwriting_agreement,CHTR,2025-08-21,CHTR,2025-07-03,2025-07-03,2025-07-03,2025-07-02
underwriting_agreement,LLY,2025-08-21,LLY,2025-07-03,2025-07-03,2025-07-03,2025-07-02
underwriting_agreement,LLY,2025-08-21,LLY,2025-09-25,2025-09-25,2025-09-25,2025-09-24
underwriting_agreement,BK,2025-09-11,BK,2025-07-17,2025-07-17,2025-07-17,2025-07-16
underwriting_agreement,BK,2025-09-11,BK,2025-07-24,2025-07-24,2025-07-24,2025-07-23
underwriting_agreement,BK,2025-09-11,BK,2025-07-31,2025-07-31,2025-07-31,2025-07-30
underwriting_agreement,BK,2025-09-11,BK,2025-08-07,2025-08-07,2025-08-07,2025-08-06
underwriting_agreement,HD,2025-09-11,HD,2025-07-03,2025-07-03,2025-07-03,2025-07-02
underwriting_agreement,HD,2025-09-11,HD,2025-07-10,2025-07-10,2025-07-10,2025-07-09
underwriting_agreement,HD,2025-09-11,HD,2025-07-17,2025-07-17,2025-07-17,2025-07-16
underwriting_agreement,HD,2025-09-11,HD,2025-07-24,2025-07-24,2025-07-24,2025-07-23
underwriting_agreement,HD,2025-09-11,HD,2025-07-31,2025-07-31,2025-07-31,2025-07-30
underwriting_agreement,HD,2025-09-11,HD,2025-08-07,2025-08-07,2025-08-07,2025-08-06
underwriting_agreement,DUK,2025-09-12,DUK,2025-07-11,2025-07-11,2025-07-11,2025-07-10
underwriting_agreement,DUK,2025-09-12,DUK,2025-07-18,2025-07-18,2025-07-18,2025-07-17
underwriting_agreement,DUK,2025-09-12,DUK,2025-07-25,2025-07-25,2025-07-25,2025-07-24
underwriting_agreement,DUK,2025-09-12,DUK,2025-08-01,2025-08-01,2025-08-01,2025-07-31
underwriting_agreement,DUK,2025-09-12,DUK,2025-08-08,2025-08-08,2025-08-08,2025-08-07
underwriting_agreement,COF,2025-09-12,COF,2025-07-11,2025-07-11,2025-07-11,2025-07-10
underwriting_agreement,COF,2025-09-12,COF,2025-07-18,2025-07-18,2025-07-18,2025-07-17
underwriting_agreement,COF,2025-09-12,COF,2025-07-25,2025-07-25,2025-07-25,2025-07-24
underwriting_agreement,COF,2025-09-12,COF,2025-08-01,2025-08-01,2025-08-01,2025-07-31
underwriting_agreement,COF,2025-09-12,COF,2025-08-08,2025-08-08,2025-08-08,2025-08-07
underwriting_agreement,T,2025-09-17,T,2025-07-09,2025-07-09,2025-07-09,2025-07-08
underwriting_agreement,T,2025-09-17,T,2025-07-16,2025-07-16,2025-07-16,2025-07-15
underwriting_agreement,ORCL,2025-09-29,ORCL,2025-08-04,2025-08-04,2025-08-04,2025-08-01
underwriting_agreement,ORCL,2025-09-29,ORCL,2025-08-11,2025-08-11,2025-08-11,2025-08-08
underwriting_agreement,ORCL,2025-09-29,ORCL,2025-08-18,2025-08-18,2025-08-18,2025-08-15
underwriting_agreement,LOW,2025-10-01,LOW,2025-11-12,2025-11-12,2025-11-12,2025-11-11
underwriting_agreement,LOW,2025-10-01,LOW,2025-11-19,2025-11-19,2025-11-19,2025-11-18
underwriting_agreement,LOW,2025-10-01,LOW,2025-11-26,2025-11-26,2025-11-26,2025-11-25
underwriting_agreement,LOW,2025-10-01,LOW,2025-12-03,2025-12-03,2025-12-03,2025-12-02
underwriting_agreement,LOW,2025-10-01,LOW,2025-12-10,2025-12-10,2025-12-10,2025-12-09
underwriting_agreement,LOW,2025-10-01,LOW,2025-12-17,2025-12-17,2025-12-17,2025-12-16
underwriting_agreement,LOW,2025-10-01,LOW,2025-12-24,2025-12-24,2025-12-24,2025-12-23
underwriting_agreement,LOW,2025-10-01,LOW,2025-12-31,2025-12-31,2025-12-31,2025-12-30
underwriting_agreement,DE,2025-10-10,DE,2025-11-14,2025-11-14,2025-11-14,2025-11-13
underwriting_agreement,DE,2025-10-10,DE,2025-11-21,2025-11-21,2025-11-21,2025-11-20
underwriting_agreement,DE,2025-10-10,DE,2025-11-28,2025-11-28,2025-11-28,2025-11-26
underwriting_agreement,DE,2025-10-10,DE,2025-12-05,2025-12-05,2025-12-05,2025-12-04
underwriting_agreement,DE,2025-10-10,DE,2025-12-12,2025-12-12,2025-12-12,2025-12-11
underwriting_agreement,DE,2025-10-10,DE,2025-12-19,2025-12-19,2025-12-19,2025-12-18
underwriting_agreement,DE,2025-10-10,DE,2025-12-26,2025-12-26,2025-12-26,2025-12-24
underwriting_agreement,PM,2025-10-30,PM,2025-12-11,2025-12-11,2025-12-11,2025-12-10
underwriting_agreement,PM,2025-10-30,PM,2025-12-18,2025-12-18,2025-12-18,2025-12-17
underwriting_agreement,SO,2025-11-07,SO,2025-10-03,2025-10-03,2025-10-03,2025-10-02
underwriting_agreement,SO,2025-11-07,SO,2025-12-12,2025-12-12,2025-12-12,2025-12-11
underwriting_agreement,SO,2025-11-07,SO,2025-12-19,2025-12-19,2025-12-19,2025-12-18
underwriting_agreement,SO,2025-11-07,SO,2025-12-26,2025-12-26,2025-12-26,2025-12-24
underwriting_agreement,BKNG,2025-11-10,BKNG,2025-12-08,2025-12-08,2025-12-08,2025-12-05
underwriting_agreement,BKNG,2025-11-10,BKNG,2025-12-15,2025-12-15,2025-12-15,2025-12-12
underwriting_agreement,BKNG,2025-11-10,BKNG,2025-12-22,2025-12-22,2025-12-22,2025-12-19
underwriting_agreement,BKNG,2025-11-10,BKNG,2025-12-29,2025-12-29,2025-12-29,2025-12-26
underwriting_agreement,BMY,2025-11-11,BMY,2025-10-07,2025-10-07,2025-10-07,2025-10-06
underwriting_agreement,BMY,2025-11-11,BMY,2025-12-16,2025-12-16,2025-12-16,2025-12-15
underwriting_agreement,BMY,2025-11-11,BMY,2025-12-23,2025-12-23,2025-12-23,2025-12-22
underwriting_agreement,BMY,2025-11-11,BMY,2025-12-30,2025-12-30,2025-12-30,2025-12-29
underwriting_agreement,CL,2025-11-11,CL,2025-12-16,2025-12-16,2025-12-16,2025-12-15
underwriting_agreement,CL,2025-11-11,CL,2025-12-23,2025-12-23,2025-12-23,2025-12-22
underwriting_agreement,CL,2025-11-11,CL,2025-12-30,2025-12-30,2025-12-30,2025-12-29
underwriting_agreement,SCHW,2025-11-17,SCHW,2025-10-06,2025-10-06,2025-10-06,2025-10-03
underwriting_agreement,SCHW,2025-11-17,SCHW,2025-10-13,2025-10-13,2025-10-13,2025-10-10
underwriting_agreement,SCHW,2025-11-17,SCHW,2025-12-15,2025-12-15,2025-12-15,2025-12-12
underwriting_agreement,SCHW,2025-11-17,SCHW,2025-12-22,2025-12-22,2025-12-22,2025-12-19
underwriting_agreement,SCHW,2025-11-17,SCHW,2025-12-29,2025-12-29,2025-12-29,2025-12-26
underwriting_agreement,PFE,2025-11-24,PFE,2025-10-06,2025-10-06,2025-10-06,2025-10-03
underwriting_agreement,PFE,2025-11-24,PFE,2025-10-13,2025-10-13,2025-10-13,2025-10-10
executive_officer_appointment,RTX,2024-01-05,RTX,2024-02-09,2024-02-09,2024-02-09,2024-02-08
executive_officer_appointment,RTX,2024-01-05,RTX,2024-02-16,2024-02-16,2024-02-16,2024-02-15
executive_officer_appointment,RTX,2024-01-05,RTX,2024-02-23,2024-02-23,2024-02-23,2024-02-22
executive_officer_appointment,RTX,2024-01-05,RTX,2024-03-01,2024-03-01,2024-03-01,2024-02-29
executive_officer_appointment,RTX,2024-01-05,RTX,2024-03-08,2024-03-08,2024-03-08,2024-03-07
executive_officer_appointment,RTX,2024-01-05,RTX,2024-03-15,2024-03-15,2024-03-15,2024-03-14
executive_officer_appointment,RTX,2024-01-05,RTX,2024-03-22,2024-03-22,2024-03-22,2024-03-21
executive_officer_appointment,TGT,2024-01-19,TGT,2024-02-23,2024-02-23,2024-02-23,2024-02-22
executive_officer_appointment,TGT,2024-01-19,TGT,2024-03-01,2024-03-01,2024-03-01,2024-02-29
executive_officer_appointment,TGT,2024-01-19,TGT,2024-03-08,2024-03-08,2024-03-08,2024-03-07
executive_officer_appointment,TGT,2024-01-19,TGT,2024-03-15,2024-03-15,2024-03-15,2024-03-14
executive_officer_appointment,TGT,2024-01-19,TGT,2024-03-22,2024-03-22,2024-03-22,2024-03-21
executive_officer_appointment,BMY,2024-02-16,BMY,2024-01-05,2024-01-05,2024-01-05,2024-01-04
executive_officer_appointment,BMY,2024-02-16,BMY,2024-01-12,2024-01-12,2024-01-12,2024-01-11
executive_officer_appointment,FDX,2024-03-12,FDX,2024-01-02,2024-01-02,2024-01-02,2023-12-29
executive_officer_appointment,FDX,2024-03-12,FDX,2024-01-09,2024-01-09,2024-01-09,2024-01-08
executive_officer_appointment,FDX,2024-03-12,FDX,2024-01-16,2024-01-16,2024-01-16,2024-01-12
executive_officer_appointment,FDX,2024-03-12,FDX,2024-01-23,2024-01-23,2024-01-23,2024-01-22
executive_officer_appointment,FDX,2024-03-12,FDX,2024-01-30,2024-01-30,2024-01-30,2024-01-29
executive_officer_appointment,FDX,2024-03-12,FDX,2024-02-06,2024-02-06,2024-02-06,2024-02-05
executive_officer_appointment,DUK,2024-03-18,DUK,2024-02-12,2024-02-12,2024-02-12,2024-02-09
executive_officer_appointment,BA,2024-03-26,BA,2024-01-02,2024-01-02,2024-01-02,2023-12-29
executive_officer_appointment,BA,2024-03-26,BA,2024-01-09,2024-01-09,2024-01-09,2024-01-08
executive_officer_appointment,BA,2024-03-26,BA,2024-01-16,2024-01-16,2024-01-16,2024-01-12
executive_officer_appointment,BA,2024-03-26,BA,2024-01-23,2024-01-23,2024-01-23,2024-01-22
executive_officer_appointment,BA,2024-03-26,BA,2024-01-30,2024-01-30,2024-01-30,2024-01-29
executive_officer_appointment,BA,2024-03-26,BA,2024-02-06,2024-02-06,2024-02-06,2024-02-05
executive_officer_appointment,BA,2024-03-26,BA,2024-02-13,2024-02-13,2024-02-13,2024-02-12
executive_officer_appointment,BA,2024-03-26,BA,2024-02-20,2024-02-20,2024-02-20,2024-02-16
executive_officer_appointment,KO,2024-05-03,KO,2024-06-14,2024-06-14,2024-06-14,2024-06-13
executive_officer_appointment,KO,2024-05-03,KO,2024-06-21,2024-06-21,2024-06-21,2024-06-20
executive_officer_appointment,USB,2024-05-06,USB,2024-06-03,2024-06-03,2024-06-03,2024-05-31
executive_officer_appointment,USB,2024-05-06,USB,2024-06-10,2024-06-10,2024-06-10,2024-06-07
executive_officer_appointment,CSCO,2024-05-16,CSCO,2024-04-04,2024-04-04,2024-04-04,2024-04-03
executive_officer_appointment,CSCO,2024-05-16,CSCO,2024-04-11,2024-04-11,2024-04-11,2024-04-10
executive_officer_appointment,ACN,2024-06-12,ACN,2024-04-03,2024-04-03,2024-04-03,2024-04-02
executive_officer_appointment,ACN,2024-06-12,ACN,2024-04-10,2024-04-10,2024-04-10,2024-04-09
executive_officer_appointment,ACN,2024-06-12,ACN,2024-04-17,2024-04-17,2024-04-17,2024-04-16
executive_officer_appointment,ACN,2024-06-12,ACN,2024-04-24,2024-04-24,2024-04-24,2024-04-23
executive_officer_appointment,ACN,2024-06-12,ACN,2024-05-01,2024-05-01,2024-05-01,2024-04-30
executive_officer_appointment,ACN,2024-06-12,ACN,2024-05-08,2024-05-08,2024-05-08,2024-05-07
executive_officer_appointment,GM,2024-06-26,GM,2024-04-03,2024-04-03,2024-04-03,2024-04-02
executive_officer_appointment,GM,2024-06-26,GM,2024-04-10,2024-04-10,2024-04-10,2024-04-09
executive_officer_appointment,GM,2024-06-26,GM,2024-04-17,2024-04-17,2024-04-17,2024-04-16
executive_officer_appointment,GM,2024-06-26,GM,2024-04-24,2024-04-24,2024-04-24,2024-04-23
executive_officer_appointment,GM,2024-06-26,GM,2024-05-01,2024-05-01,2024-05-01,2024-04-30
executive_officer_appointment,RTX,2024-07-18,RTX,2024-09-05,2024-09-05,2024-09-05,2024-09-04
executive_officer_appointment,RTX,2024-07-18,RTX,2024-09-12,2024-09-12,2024-09-12,2024-09-11
executive_officer_appointment,RTX,2024-07-18,RTX,2024-09-19,2024-09-19,2024-09-19,2024-09-18
executive_officer_appointment,RTX,2024-07-18,RTX,2024-09-26,2024-09-26,2024-09-26,2024-09-25
executive_officer_appointment,NOW,2024-07-25,NOW,2024-08-29,2024-08-29,2024-08-29,2024-08-28
executive_officer_appointment,NOW,2024-07-25,NOW,2024-09-05,2024-09-05,2024-09-05,2024-09-04
executive_officer_appointment,NOW,2024-07-25,NOW,2024-09-12,2024-09-12,2024-09-12,2024-09-11
executive_officer_appointment,NOW,2024-07-25,NOW,2024-09-19,2024-09-19,2024-09-19,2024-09-18
executive_officer_appointment,MCD,2024-07-29,MCD,2024-08-26,2024-08-26,2024-08-26,2024-08-23
executive_officer_appointment,MCD,2024-07-29,MCD,2024-09-09,2024-09-09,2024-09-09,2024-09-06
executive_officer_appointment,MCD,2024-07-29,MCD,2024-09-16,2024-09-16,2024-09-16,2024-09-13
executive_officer_appointment,MCD,2024-07-29,MCD,2024-09-23,2024-09-23,2024-09-23,2024-09-20
executive_officer_appointment,MCD,2024-07-29,MCD,2024-09-30,2024-09-30,2024-09-30,2024-09-27
executive_officer_appointment,CVX,2024-08-05,CVX,2024-07-01,2024-07-01,2024-07-01,2024-06-28
executive_officer_appointment,CVX,2024-08-05,CVX,2024-09-09,2024-09-09,2024-09-09,2024-09-06
executive_officer_appointment,CVX,2024-08-05,CVX,2024-09-16,2024-09-16,2024-09-16,2024-09-13
executive_officer_appointment,CVX,2024-08-05,CVX,2024-09-23,2024-09-23,2024-09-23,2024-09-20
executive_officer_appointment,CVX,2024-08-05,CVX,2024-09-30,2024-09-30,2024-09-30,2024-09-27
executive_officer_appointment,UBER,2024-08-05,UBER,2024-07-01,2024-07-01,2024-07-01,2024-06-28
executive_officer_appointment,C,2024-09-11,C,2024-07-17,2024-07-17,2024-07-17,2024-07-16
executive_officer_appointment,C,2024-09-11,C,2024-07-24,2024-07-24,2024-07-24,2024-07-23
executive_officer_appointment,C,2024-09-11,C,2024-07-31,2024-07-31,2024-07-31,2024-07-30
executive_officer_appointment,C,2024-09-11,C,2024-08-07,2024-08-07,2024-08-07,2024-08-06
executive_officer_appointment,GOOGL,2024-10-18,GOOGL,2024-11-22,2024-11-22,2024-11-22,2024-11-21
executive_officer_appointment,GOOGL,2024-10-18,GOOGL,2024-11-29,2024-11-29,2024-11-29,2024-11-27
executive_officer_appointment,GOOGL,2024-10-18,GOOGL,2024-12-06,2024-12-06,2024-12-06,2024-12-05
executive_officer_appointment,GOOGL,2024-10-18,GOOGL,2024-12-13,2024-12-13,2024-12-13,2024-12-12
executive_officer_appointment,GOOGL,2024-10-18,GOOGL,2024-12-20,2024-12-20,2024-12-20,2024-12-19
executive_officer_appointment,GOOGL,2024-10-18,GOOGL,2024-12-27,2024-12-27,2024-12-27,2024-12-26
executive_officer_appointment,LIN,2024-11-05,LIN,2024-10-01,2024-10-01,2024-10-01,2024-09-30
executive_officer_appointment,AMD,2024-11-19,AMD,2024-10-01,2024-10-01,2024-10-01,2024-09-30
executive_officer_appointment,AMD,2024-11-19,AMD,2024-10-08,2024-10-08,2024-10-08,2024-10-07
executive_officer_appointment,AMD,2024-11-19,AMD,2024-10-15,2024-10-15,2024-10-15,2024-10-14
executive_officer_appointment,AMD,2024-11-19,AMD,2024-12-24,2024-12-24,2024-12-24,2024-12-23
executive_officer_appointment,AMD,2024-11-19,AMD,2024-12-31,2024-12-31,2024-12-31,2024-12-30
executive_officer_appointment,MDLZ,2024-12-04,MDLZ,2024-10-02,2024-10-02,2024-10-02,2024-10-01
executive_officer_appointment,MDLZ,2024-12-04,MDLZ,2024-10-09,2024-10-09,2024-10-09,2024-10-08
executive_officer_appointment,MDLZ,2024-12-04,MDLZ,2024-10-16,2024-10-16,2024-10-16,2024-10-15
executive_officer_appointment,MDLZ,2024-12-04,MDLZ,2024-10-23,2024-10-23,2024-10-23,2024-10-22
executive_officer_appointment,MDLZ,2024-12-04,MDLZ,2024-10-30,2024-10-30,2024-10-30,2024-10-29
executive_officer_appointment,BK,2024-12-06,BK,2024-10-04,2024-10-04,2024-10-04,2024-10-03
executive_officer_appointment,BK,2024-12-06,BK,2024-10-11,2024-10-11,2024-10-11,2024-10-10
executive_officer_appointment,BK,2024-12-06,BK,2024-10-18,2024-10-18,2024-10-18,2024-10-17
executive_officer_appointment,SO,2024-12-11,SO,2024-10-16,2024-10-16,2024-10-16,2024-10-15
executive_officer_appointment,SO,2024-12-11,SO,2024-10-23,2024-10-23,2024-10-23,2024-10-22
executive_officer_appointment,SO,2024-12-11,SO,2024-10-30,2024-10-30,2024-10-30,2024-10-29
executive_officer_appointment,SO,2024-12-11,SO,2024-11-06,2024-11-06,2024-11-06,2024-11-05
executive_officer_appointment,ABBV,2024-12-16,ABBV,2024-11-04,2024-11-04,2024-11-04,2024-11-01
executive_officer_appointment,ABBV,2024-12-16,ABBV,2024-11-11,2024-11-11,2024-11-11,2024-11-08
executive_officer_appointment,ISRG,2025-01-07,ISRG,2025-02-11,2025-02-11,2025-02-11,2025-02-10
executive_officer_appointment,ISRG,2025-01-07,ISRG,2025-02-18,2025-02-18,2025-02-18,2025-02-14
executive_officer_appointment,ISRG,2025-01-07,ISRG,2025-02-25,2025-02-25,2025-02-25,2025-02-24
executive_officer_appointment,ISRG,2025-01-07,ISRG,2025-03-04,2025-03-04,2025-03-04,2025-03-03
executive_officer_appointment,ISRG,2025-01-07,ISRG,2025-03-11,2025-03-11,2025-03-11,2025-03-10
executive_officer_appointment,ISRG,2025-01-07,ISRG,2025-03-18,2025-03-18,2025-03-18,2025-03-17
executive_officer_appointment,ISRG,2025-01-07,ISRG,2025-03-25,2025-03-25,2025-03-25,2025-03-24
executive_officer_appointment,JPM,2025-01-15,JPM,2025-02-26,2025-02-26,2025-02-26,2025-02-25
executive_officer_appointment,JPM,2025-01-15,JPM,2025-03-05,2025-03-05,2025-03-05,2025-03-04
executive_officer_appointment,MDLZ,2025-01-28,MDLZ,2025-03-04,2025-03-04,2025-03-04,2025-03-03
executive_officer_appointment,MDLZ,2025-01-28,MDLZ,2025-03-11,2025-03-11,2025-03-11,2025-03-10
executive_officer_appointment,MDLZ,2025-01-28,MDLZ,2025-03-18,2025-03-18,2025-03-18,2025-03-17
executive_officer_appointment,MDLZ,2025-01-28,MDLZ,2025-03-25,2025-03-25,2025-03-25,2025-03-24
executive_officer_appointment,COP,2025-01-29,COP,2025-03-05,2025-03-05,2025-03-05,2025-03-04
executive_officer_appointment,COP,2025-01-29,COP,2025-03-12,2025-03-12,2025-03-12,2025-03-11
executive_officer_appointment,COP,2025-01-29,COP,2025-03-19,2025-03-19,2025-03-19,2025-03-18
executive_officer_appointment,COP,2025-01-29,COP,2025-03-26,2025-03-26,2025-03-26,2025-03-25
executive_officer_appointment,WFC,2025-01-31,WFC,2025-03-07,2025-03-07,2025-03-07,2025-03-06
executive_officer_appointment,WFC,2025-01-31,WFC,2025-03-14,2025-03-14,2025-03-14,2025-03-13
executive_officer_appointment,WFC,2025-01-31,WFC,2025-03-21,2025-03-21,2025-03-21,2025-03-20
executive_officer_appointment,CRM,2025-02-06,CRM,2025-01-02,2025-01-02,2025-01-02,2024-12-31
executive_officer_appointment,CRM,2025-02-06,CRM,2025-03-13,2025-03-13,2025-03-13,2025-03-12
executive_officer_appointment,CRM,2025-02-06,CRM,2025-03-20,2025-03-20,2025-03-20,2025-03-19
executive_officer_appointment,CRM,2025-02-06,CRM,2025-03-27,2025-03-27,2025-03-27,2025-03-26
executive_officer_appointment,MA,2025-02-27,MA,2025-01-02,2025-01-02,2025-01-02,2024-12-31
executive_officer_appointment,PLTR,2025-03-03,PLTR,2025-01-06,2025-01-06,2025-01-06,2025-01-03
executive_officer_appointment,PLTR,2025-03-03,PLTR,2025-01-13,2025-01-13,2025-01-13,2025-01-10
executive_officer_appointment,PLTR,2025-03-03,PLTR,2025-01-27,2025-01-27,2025-01-27,2025-01-24
executive_officer_appointment,PLTR,2025-03-03,PLTR,2025-03-31,2025-03-31,2025-03-31,2025-03-28
executive_officer_appointment,GILD,2025-03-13,GILD,2025-01-02,2025-01-02,2025-01-02,2024-12-31
executive_officer_appointment,GILD,2025-03-13,GILD,2025-01-16,2025-01-16,2025-01-16,2025-01-15
executive_officer_appointment,GILD,2025-03-13,GILD,2025-01-23,2025-01-23,2025-01-23,2025-01-22
executive_officer_appointment,GILD,2025-03-13,GILD,2025-01-30,2025-01-30,2025-01-30,2025-01-29
executive_officer_appointment,GILD,2025-03-13,GILD,2025-02-06,2025-02-06,2025-02-06,2025-02-05
executive_officer_appointment,HON,2025-04-09,HON,2025-06-25,2025-06-25,2025-06-25,2025-06-24
executive_officer_appointment,CVS,2025-04-09,CVS,2025-06-25,2025-06-25,2025-06-25,2025-06-24
executive_officer_appointment,UNP,2025-05-12,UNP,2025-04-07,2025-04-07,2025-04-07,2025-04-04
executive_officer_appointment,UNP,2025-05-12,UNP,2025-06-09,2025-06-09,2025-06-09,2025-06-06
executive_officer_appointment,UNP,2025-05-12,UNP,2025-06-16,2025-06-16,2025-06-16,2025-06-13
executive_officer_appointment,UNP,2025-05-12,UNP,2025-06-23,2025-06-23,2025-06-23,2025-06-20
executive_officer_appointment,UNP,2025-05-12,UNP,2025-06-30,2025-06-30,2025-06-30,2025-06-27
executive_officer_appointment,CSCO,2025-05-15,CSCO,2025-04-03,2025-04-03,2025-04-03,2025-04-02
executive_officer_appointment,CSCO,2025-05-15,CSCO,2025-04-10,2025-04-10,2025-04-10,2025-04-09
executive_officer_appointment,MO,2025-05-20,MO,2025-04-01,2025-04-01,2025-04-01,2025-03-31
executive_officer_appointment,MO,2025-05-20,MO,2025-04-08,2025-04-08,2025-04-08,2025-04-07
executive_officer_appointment,MO,2025-05-20,MO,2025-04-15,2025-04-15,2025-04-15,2025-04-14
executive_officer_appointment,MO,2025-05-20,MO,2025-06-24,2025-06-24,2025-06-24,2025-06-23
executive_officer_appointment,MDT,2025-05-22,MDT,2025-04-17,2025-04-17,2025-04-17,2025-04-16
executive_officer_appointment,UBER,2025-06-03,UBER,2025-04-01,2025-04-01,2025-04-01,2025-03-31
executive_officer_appointment,UBER,2025-06-03,UBER,2025-04-08,2025-04-08,2025-04-08,2025-04-07
executive_officer_appointment,GD,2025-06-05,GD,2025-04-03,2025-04-03,2025-04-03,2025-04-02
executive_officer_appointment,GD,2025-06-10,GD,2025-04-01,2025-04-01,2025-04-01,2025-03-31
executive_officer_appointment,COST,2025-06-12,COST,2025-04-03,2025-04-03,2025-04-03,2025-04-02
executive_officer_appointment,COST,2025-06-12,COST,2025-04-10,2025-04-10,2025-04-10,2025-04-09
executive_officer_appointment,COST,2025-06-12,COST,2025-04-17,2025-04-17,2025-04-17,2025-04-16
executive_officer_appointment,COST,2025-06-12,COST,2025-04-24,2025-04-24,2025-04-24,2025-04-23
executive_officer_appointment,COST,2025-06-12,COST,2025-05-01,2025-05-01,2025-05-01,2025-04-30
executive_officer_appointment,COST,2025-06-12,COST,2025-05-08,2025-05-08,2025-05-08,2025-05-07
executive_officer_appointment,INTU,2025-06-17,INTU,2025-04-01,2025-04-01,2025-04-01,2025-03-31
executive_officer_appointment,INTU,2025-06-17,INTU,2025-04-08,2025-04-08,2025-04-08,2025-04-07
executive_officer_appointment,INTU,2025-06-17,INTU,2025-04-15,2025-04-15,2025-04-15,2025-04-14
executive_officer_appointment,ACN,2025-06-23,ACN,2025-04-07,2025-04-07,2025-04-07,2025-04-04
executive_officer_appointment,ACN,2025-06-23,ACN,2025-04-14,2025-04-14,2025-04-14,2025-04-11
executive_officer_appointment,ACN,2025-06-23,ACN,2025-04-21,2025-04-21,2025-04-21,2025-04-17
executive_officer_appointment,ACN,2025-06-23,ACN,2025-04-28,2025-04-28,2025-04-28,2025-04-25
executive_officer_appointment,ACN,2025-06-23,ACN,2025-05-05,2025-05-05,2025-05-05,2025-05-02
executive_officer_appointment,ACN,2025-06-23,ACN,2025-05-12,2025-05-12,2025-05-12,2025-05-09
executive_officer_appointment,ACN,2025-06-23,ACN,2025-05-19,2025-05-19,2025-05-19,2025-05-16
executive_officer_appointment,AAPL,2025-07-10,AAPL,2025-08-28,2025-08-28,2025-08-28,2025-08-27
executive_officer_appointment,AAPL,2025-07-10,AAPL,2025-09-04,2025-09-04,2025-09-04,2025-09-03
executive_officer_appointment,AAPL,2025-07-10,AAPL,2025-09-11,2025-09-11,2025-09-11,2025-09-10
executive_officer_appointment,AAPL,2025-07-10,AAPL,2025-09-18,2025-09-18,2025-09-18,2025-09-17
executive_officer_appointment,AAPL,2025-07-10,AAPL,2025-09-25,2025-09-25,2025-09-25,2025-09-24
executive_officer_appointment,AIG,2025-07-22,AIG,2025-08-26,2025-08-26,2025-08-26,2025-08-25
executive_officer_appointment,AIG,2025-07-22,AIG,2025-09-02,2025-09-02,2025-09-02,2025-08-29
executive_officer_appointment,SO,2025-07-24,SO,2025-08-28,2025-08-28,2025-08-28,2025-08-27
executive_officer_appointment,SO,2025-07-24,SO,2025-09-04,2025-09-04,2025-09-04,2025-09-03
executive_officer_appointment,SO,2025-07-24,SO,2025-09-11,2025-09-11,2025-09-11,2025-09-10
executive_officer_appointment,SO,2025-07-24,SO,2025-09-18,2025-09-18,2025-09-18,2025-09-17
executive_officer_appointment,SO,2025-07-24,SO,2025-09-25,2025-09-25,2025-09-25,2025-09-24
executive_officer_appointment,AAPL,2025-07-28,AAPL,2025-08-25,2025-08-25,2025-08-25,2025-08-22
executive_officer_appointment,AAPL,2025-07-28,AAPL,2025-09-08,2025-09-08,2025-09-08,2025-09-05
executive_officer_appointment,AAPL,2025-07-28,AAPL,2025-09-15,2025-09-15,2025-09-15,2025-09-12
executive_officer_appointment,AAPL,2025-07-28,AAPL,2025-09-22,2025-09-22,2025-09-22,2025-09-19
executive_officer_appointment,AAPL,2025-07-28,AAPL,2025-09-29,2025-09-29,2025-09-29,2025-09-26
executive_officer_appointment,COST,2025-08-08,COST,2025-09-12,2025-09-12,2025-09-12,2025-09-11
executive_officer_appointment,COST,2025-08-08,COST,2025-09-19,2025-09-19,2025-09-19,2025-09-18
executive_officer_appointment,COST,2025-08-08,COST,2025-09-26,2025-09-26,2025-09-26,2025-09-25
executive_officer_appointment,GILD,2025-08-15,GILD,2025-07-11,2025-07-11,2025-07-11,2025-07-10
executive_officer_appointment,GILD,2025-08-15,GILD,2025-09-19,2025-09-19,2025-09-19,2025-09-18
executive_officer_appointment,GILD,2025-08-15,GILD,2025-09-26,2025-09-26,2025-09-26,2025-09-25
executive_officer_appointment,HON,2025-08-25,HON,2025-07-07,2025-07-07,2025-07-07,2025-07-03
executive_officer_appointment,HON,2025-08-25,HON,2025-07-14,2025-07-14,2025-07-14,2025-07-11
executive_officer_appointment,HON,2025-08-25,HON,2025-07-21,2025-07-21,2025-07-21,2025-07-18
executive_officer_appointment,QCOM,2025-08-26,QCOM,2025-07-01,2025-07-01,2025-07-01,2025-06-30
executive_officer_appointment,QCOM,2025-08-26,QCOM,2025-07-08,2025-07-08,2025-07-08,2025-07-07
executive_officer_appointment,QCOM,2025-08-26,QCOM,2025-07-15,2025-07-15,2025-07-15,2025-07-14
executive_officer_appointment,QCOM,2025-08-26,QCOM,2025-07-22,2025-07-22,2025-07-22,2025-07-21
executive_officer_appointment,DE,2025-09-03,DE,2025-07-02,2025-07-02,2025-07-02,2025-07-01
executive_officer_appointment,DE,2025-09-03,DE,2025-07-09,2025-07-09,2025-07-09,2025-07-08
executive_officer_appointment,DE,2025-09-03,DE,2025-07-16,2025-07-16,2025-07-16,2025-07-15
executive_officer_appointment,DE,2025-09-03,DE,2025-07-23,2025-07-23,2025-07-23,2025-07-22
executive_officer_appointment,DE,2025-09-03,DE,2025-07-30,2025-07-30,2025-07-30,2025-07-29
executive_officer_appointment,DIS,2025-10-02,DIS,2025-12-18,2025-12-18,2025-12-18,2025-12-17
executive_officer_appointment,WMT,2025-10-23,WMT,2025-12-18,2025-12-18,2025-12-18,2025-12-17
executive_officer_appointment,PM,2025-11-05,PM,2025-12-10,2025-12-10,2025-12-10,2025-12-09
executive_officer_appointment,PM,2025-11-05,PM,2025-12-17,2025-12-17,2025-12-17,2025-12-16
executive_officer_appointment,PM,2025-11-05,PM,2025-12-24,2025-12-24,2025-12-24,2025-12-23
executive_officer_appointment,PM,2025-11-05,PM,2025-12-31,2025-12-31,2025-12-31,2025-12-30
executive_officer_appointment,DIS,2025-11-10,DIS,2025-12-15,2025-12-15,2025-12-15,2025-12-12
executive_officer_appointment,DIS,2025-11-10,DIS,2025-12-22,2025-12-22,2025-12-22,2025-12-19
executive_officer_appointment,DIS,2025-11-10,DIS,2025-12-29,2025-12-29,2025-12-29,2025-12-26
executive_officer_appointment,NKE,2025-12-03,NKE,2025-10-01,2025-10-01,2025-10-01,2025-09-30
executive_officer_appointment,NKE,2025-12-03,NKE,2025-10-08,2025-10-08,2025-10-08,2025-10-07
executive_officer_appointment,NKE,2025-12-03,NKE,2025-10-15,2025-10-15,2025-10-15,2025-10-14
executive_officer_appointment,NKE,2025-12-03,NKE,2025-10-22,2025-10-22,2025-10-22,2025-10-21
executive_officer_appointment,NKE,2025-12-03,NKE,2025-10-29,2025-10-29,2025-10-29,2025-10-28
executive_officer_appointment,GD,2025-12-08,GD,2025-10-06,2025-10-06,2025-10-06,2025-10-03
executive_officer_appointment,GD,2025-12-08,GD,2025-10-13,2025-10-13,2025-10-13,2025-10-10
executive_officer_appointment,GD,2025-12-08,GD,2025-10-20,2025-10-20,2025-10-20,2025-10-17
executive_officer_appointment,GD,2025-12-08,GD,2025-10-27,2025-10-27,2025-10-27,2025-10-24
executive_officer_appointment,GD,2025-12-08,GD,2025-11-03,2025-11-03,2025-11-03,2025-10-31
executive_officer_appointment,AAPL,2025-12-08,AAPL,2025-10-06,2025-10-06,2025-10-06,2025-10-03
executive_officer_appointment,AAPL,2025-12-08,AAPL,2025-10-13,2025-10-13,2025-10-13,2025-10-10
executive_officer_appointment,AAPL,2025-12-08,AAPL,2025-10-20,2025-10-20,2025-10-20,2025-10-17
executive_officer_appointment,AAPL,2025-12-08,AAPL,2025-10-27,2025-10-27,2025-10-27,2025-10-24
executive_officer_appointment,AAPL,2025-12-08,AAPL,2025-11-03,2025-11-03,2025-11-03,2025-10-31
executive_officer_appointment,DUK,2025-12-15,DUK,2025-10-13,2025-10-13,2025-10-13,2025-10-10
executive_officer_appointment,DUK,2025-12-15,DUK,2025-10-20,2025-10-20,2025-10-20,2025-10-17
executive_officer_appointment,DUK,2025-12-15,DUK,2025-10-27,2025-10-27,2025-10-27,2025-10-24
executive_officer_appointment,DUK,2025-12-15,DUK,2025-11-03,2025-11-03,2025-11-03,2025-10-31
executive_officer_appointment,DUK,2025-12-15,DUK,2025-11-10,2025-11-10,2025-11-10,2025-11-07
director_departure,HD,2024-01-11,HD,2024-02-15,2024-02-15,2024-02-15,2024-02-14
director_departure,HD,2024-01-11,HD,2024-02-22,2024-02-22,2024-02-22,2024-02-21
director_departure,HD,2024-01-11,HD,2024-02-29,2024-02-29,2024-02-29,2024-02-28
director_departure,HD,2024-01-11,HD,2024-03-07,2024-03-07,2024-03-07,2024-03-06
director_departure,HD,2024-01-11,HD,2024-03-14,2024-03-14,2024-03-14,2024-03-13
director_departure,HD,2024-01-11,HD,2024-03-21,2024-03-21,2024-03-21,2024-03-20
director_departure,HD,2024-01-11,HD,2024-03-28,2024-03-28,2024-03-28,2024-03-27
director_departure,META,2024-01-19,META,2024-03-22,2024-03-22,2024-03-22,2024-03-21
director_departure,VZ,2024-01-25,VZ,2024-03-07,2024-03-07,2024-03-07,2024-03-06
director_departure,VZ,2024-01-25,VZ,2024-03-14,2024-03-14,2024-03-14,2024-03-13
director_departure,VZ,2024-01-25,VZ,2024-03-21,2024-03-21,2024-03-21,2024-03-20
director_departure,AIG,2024-02-02,AIG,2024-03-08,2024-03-08,2024-03-08,2024-03-07
director_departure,AIG,2024-02-02,AIG,2024-03-15,2024-03-15,2024-03-15,2024-03-14
director_departure,AIG,2024-02-02,AIG,2024-03-22,2024-03-22,2024-03-22,2024-03-21
director_departure,AVGO,2024-02-12,AVGO,2024-01-08,2024-01-08,2024-01-08,2024-01-05
director_departure,AVGO,2024-02-12,AVGO,2024-03-11,2024-03-11,2024-03-11,2024-03-08
director_departure,AVGO,2024-02-12,AVGO,2024-03-18,2024-03-18,2024-03-18,2024-03-15
director_departure,DHR,2024-02-15,DHR,2024-03-21,2024-03-21,2024-03-21,2024-03-20
director_departure,DHR,2024-02-15,DHR,2024-03-28,2024-03-28,2024-03-28,2024-03-27
director_departure,CL,2024-02-16,CL,2024-01-05,2024-01-05,2024-01-05,2024-01-04
director_departure,CL,2024-02-16,CL,2024-01-12,2024-01-12,2024-01-12,2024-01-11
director_departure,CL,2024-02-16,CL,2024-03-22,2024-03-22,2024-03-22,2024-03-21
director_departure,XOM,2024-02-29,XOM,2024-01-04,2024-01-04,2024-01-04,2024-01-03
director_departure,XOM,2024-02-29,XOM,2024-01-11,2024-01-11,2024-01-11,2024-01-10
director_departure,XOM,2024-02-29,XOM,2024-01-18,2024-01-18,2024-01-18,2024-01-17
director_departure,XOM,2024-02-29,XOM,2024-01-25,2024-01-25,2024-01-25,2024-01-24
director_departure,AMT,2024-03-15,AMT,2024-01-05,2024-01-05,2024-01-05,2024-01-04
director_departure,BMY,2024-03-19,BMY,2024-01-02,2024-01-02,2024-01-02,2023-12-29
director_departure,BMY,2024-03-19,BMY,2024-01-09,2024-01-09,2024-01-09,2024-01-08
director_departure,MCD,2024-03-20,MCD,2024-01-03,2024-01-03,2024-01-03,2024-01-02
director_departure,MCD,2024-03-20,MCD,2024-01-10,2024-01-10,2024-01-10,2024-01-09
director_departure,MCD,2024-03-20,MCD,2024-01-17,2024-01-17,2024-01-17,2024-01-16
director_departure,MCD,2024-03-20,MCD,2024-01-24,2024-01-24,2024-01-24,2024-01-23
director_departure,MCD,2024-03-20,MCD,2024-01-31,2024-01-31,2024-01-31,2024-01-30
director_departure,MCD,2024-03-20,MCD,2024-02-07,2024-02-07,2024-02-07,2024-02-06
director_departure,MCD,2024-03-20,MCD,2024-02-14,2024-02-14,2024-02-14,2024-02-13
director_departure,BA,2024-03-26,BA,2024-01-02,2024-01-02,2024-01-02,2023-12-29
director_departure,BA,2024-03-26,BA,2024-01-09,2024-01-09,2024-01-09,2024-01-08
director_departure,BA,2024-03-26,BA,2024-01-16,2024-01-16,2024-01-16,2024-01-12
director_departure,BA,2024-03-26,BA,2024-01-23,2024-01-23,2024-01-23,2024-01-22
director_departure,BA,2024-03-26,BA,2024-01-30,2024-01-30,2024-01-30,2024-01-29
director_departure,BA,2024-03-26,BA,2024-02-06,2024-02-06,2024-02-06,2024-02-05
director_departure,BA,2024-03-26,BA,2024-02-13,2024-02-13,2024-02-13,2024-02-12
director_departure,BA,2024-03-26,BA,2024-02-20,2024-02-20,2024-02-20,2024-02-16
director_departure,CAT,2024-04-04,CAT,2024-05-09,2024-05-09,2024-05-09,2024-05-08
director_departure,PG,2024-04-10,PG,2024-06-05,2024-06-05,2024-06-05,2024-06-04
director_departure,PG,2024-04-10,PG,2024-06-12,2024-06-12,2024-06-12,2024-06-11
director_departure,PG,2024-04-10,PG,2024-06-26,2024-06-26,2024-06-26,2024-06-25
director_departure,ISRG,2024-05-01,ISRG,2024-06-05,2024-06-05,2024-06-05,2024-06-04
director_departure,ISRG,2024-05-01,ISRG,2024-06-12,2024-06-12,2024-06-12,2024-06-11
director_departure,ISRG,2024-05-01,ISRG,2024-06-26,2024-06-26,2024-06-26,2024-06-25
director_departure,LMT,2024-05-28,LMT,2024-04-02,2024-04-02,2024-04-02,2024-04-01
director_departure,SBUX,2024-06-03,SBUX,2024-04-15,2024-04-15,2024-04-15,2024-04-12
director_departure,SBUX,2024-06-03,SBUX,2024-04-22,2024-04-22,2024-04-22,2024-04-19
director_departure,SBUX,2024-06-03,SBUX,2024-04-29,2024-04-29,2024-04-29,2024-04-26
director_departure,NKE,2024-06-06,NKE,2024-04-04,2024-04-04,2024-04-04,2024-04-03
director_departure,NKE,2024-06-06,NKE,2024-04-11,2024-04-11,2024-04-11,2024-04-10
director_departure,NKE,2024-06-06,NKE,2024-04-18,2024-04-18,2024-04-18,2024-04-17
director_departure,NKE,2024-06-06,NKE,2024-04-25,2024-04-25,2024-04-25,2024-04-24
director_departure,NKE,2024-06-06,NKE,2024-05-02,2024-05-02,2024-05-02,2024-05-01
director_departure,AIG,2024-06-11,AIG,2024-04-02,2024-04-02,2024-04-02,2024-04-01
director_departure,AIG,2024-06-11,AIG,2024-04-09,2024-04-09,2024-04-09,2024-04-08
director_departure,AIG,2024-06-11,AIG,2024-04-16,2024-04-16,2024-04-16,2024-04-15
director_departure,DIS,2024-07-22,DIS,2024-08-19,2024-08-19,2024-08-19,2024-08-16
director_departure,DIS,2024-07-22,DIS,2024-08-26,2024-08-26,2024-08-26,2024-08-23
director_departure,DIS,2024-07-22,DIS,2024-09-09,2024-09-09,2024-09-09,2024-09-06
director_departure,DIS,2024-07-22,DIS,2024-09-16,2024-09-16,2024-09-16,2024-09-13
director_departure,PYPL,2024-07-26,PYPL,2024-08-30,2024-08-30,2024-08-30,2024-08-29
director_departure,PYPL,2024-07-26,PYPL,2024-09-06,2024-09-06,2024-09-06,2024-09-05
director_departure,PYPL,2024-07-26,PYPL,2024-09-13,2024-09-13,2024-09-13,2024-09-12
director_departure,PYPL,2024-07-26,PYPL,2024-09-20,2024-09-20,2024-09-20,2024-09-19
director_departure,PYPL,2024-07-26,PYPL,2024-09-27,2024-09-27,2024-09-27,2024-09-26
director_departure,BA,2024-08-01,BA,2024-09-05,2024-09-05,2024-09-05,2024-09-04
director_departure,BA,2024-08-01,BA,2024-09-12,2024-09-12,2024-09-12,2024-09-11
director_departure,BA,2024-08-01,BA,2024-09-19,2024-09-19,2024-09-19,2024-09-18
director_departure,BA,2024-08-01,BA,2024-09-26,2024-09-26,2024-09-26,2024-09-25
director_departure,RTX,2024-08-01,RTX,2024-09-05,2024-09-05,2024-09-05,2024-09-04
director_departure,RTX,2024-08-01,RTX,2024-09-12,2024-09-12,2024-09-12,2024-09-11
director_departure,RTX,2024-08-01,RTX,2024-09-19,2024-09-19,2024-09-19,2024-09-18
director_departure,RTX,2024-08-01,RTX,2024-09-26,2024-09-26,2024-09-26,2024-09-25
director_departure,INTC,2024-08-23,INTC,2024-07-19,2024-07-19,2024-07-19,2024-07-18
director_departure,INTC,2024-08-23,INTC,2024-09-27,2024-09-27,2024-09-27,2024-09-26
director_departure,NKE,2024-09-20,NKE,2024-07-12,2024-07-12,2024-07-12,2024-07-11
director_departure,NKE,2024-09-20,NKE,2024-07-19,2024-07-19,2024-07-19,2024-07-18
director_departure,NKE,2024-09-20,NKE,2024-07-26,2024-07-26,2024-07-26,2024-07-25
director_departure,NKE,2024-09-20,NKE,2024-08-02,2024-08-02,2024-08-02,2024-08-01
director_departure,NKE,2024-09-20,NKE,2024-08-09,2024-08-09,2024-08-09,2024-08-08
director_departure,NKE,2024-09-20,NKE,2024-08-16,2024-08-16,2024-08-16,2024-08-15
director_departure,CSCO,2024-10-14,CSCO,2024-11-11,2024-11-11,2024-11-11,2024-11-08
director_departure,CSCO,2024-10-14,CSCO,2024-11-18,2024-11-18,2024-11-18,2024-11-15
director_departure,CSCO,2024-10-14,CSCO,2024-11-25,2024-11-25,2024-11-25,2024-11-22
director_departure,CSCO,2024-10-14,CSCO,2024-12-02,2024-12-02,2024-12-02,2024-11-29
director_departure,CSCO,2024-10-14,CSCO,2024-12-09,2024-12-09,2024-12-09,2024-12-06
director_departure,CSCO,2024-10-14,CSCO,2024-12-16,2024-12-16,2024-12-16,2024-12-13
director_departure,CSCO,2024-10-14,CSCO,2024-12-23,2024-12-23,2024-12-23,2024-12-20
director_departure,CSCO,2024-10-14,CSCO,2024-12-30,2024-12-30,2024-12-30,2024-12-27
director_departure,XOM,2024-10-21,XOM,2024-12-02,2024-12-02,2024-12-02,2024-11-29
director_departure,XOM,2024-10-21,XOM,2024-12-09,2024-12-09,2024-12-09,2024-12-06
director_departure,XOM,2024-10-21,XOM,2024-12-16,2024-12-16,2024-12-16,2024-12-13
director_departure,XOM,2024-10-21,XOM,2024-12-23,2024-12-23,2024-12-23,2024-12-20
director_departure,XOM,2024-10-21,XOM,2024-12-30,2024-12-30,2024-12-30,2024-12-27
director_departure,DIS,2024-10-22,DIS,2024-11-26,2024-11-26,2024-11-26,2024-11-25
director_departure,DIS,2024-10-22,DIS,2024-12-03,2024-12-03,2024-12-03,2024-12-02
director_departure,DIS,2024-10-22,DIS,2024-12-10,2024-12-10,2024-12-10,2024-12-09
director_departure,DIS,2024-10-22,DIS,2024-12-17,2024-12-17,2024-12-17,2024-12-16
director_departure,DIS,2024-10-22,DIS,2024-12-24,2024-12-24,2024-12-24,2024-12-23
director_departure,DIS,2024-10-22,DIS,2024-12-31,2024-12-31,2024-12-31,2024-12-30
director_departure,LMT,2024-11-14,LMT,2024-10-03,2024-10-03,2024-10-03,2024-10-02
director_departure,LMT,2024-11-14,LMT,2024-10-10,2024-10-10,2024-10-10,2024-10-09
director_departure,DHR,2024-12-12,DHR,2024-10-03,2024-10-03,2024-10-03,2024-10-02
director_departure,DHR,2024-12-12,DHR,2024-10-10,2024-10-10,2024-10-10,2024-10-09
director_departure,DHR,2024-12-12,DHR,2024-10-17,2024-10-17,2024-10-17,2024-10-16
director_departure,DHR,2024-12-12,DHR,2024-10-24,2024-10-24,2024-10-24,2024-10-23
director_departure,DHR,2024-12-12,DHR,2024-10-31,2024-10-31,2024-10-31,2024-10-30
director_departure,DHR,2024-12-12,DHR,2024-11-07,2024-11-07,2024-11-07,2024-11-06
director_departure,DUK,2025-01-14,DUK,2025-02-18,2025-02-18,2025-02-18,2025-02-14
director_departure,DUK,2025-01-14,DUK,2025-02-25,2025-02-25,2025-02-25,2025-02-24
director_departure,DUK,2025-01-14,DUK,2025-03-04,2025-03-04,2025-03-04,2025-03-03
director_departure,DUK,2025-01-14,DUK,2025-03-11,2025-03-11,2025-03-11,2025-03-10
director_departure,DUK,2025-01-14,DUK,2025-03-18,2025-03-18,2025-03-18,2025-03-17
director_departure,DUK,2025-01-14,DUK,2025-03-25,2025-03-25,2025-03-25,2025-03-24
director_departure,RTX,2025-02-04,RTX,2025-03-11,2025-03-11,2025-03-11,2025-03-10
director_departure,RTX,2025-02-04,RTX,2025-03-18,2025-03-18,2025-03-18,2025-03-17
director_departure,RTX,2025-02-04,RTX,2025-03-25,2025-03-25,2025-03-25,2025-03-24
director_departure,UBER,2025-02-10,UBER,2025-01-06,2025-01-06,2025-01-06,2025-01-03
director_departure,UBER,2025-02-10,UBER,2025-03-10,2025-03-10,2025-03-10,2025-03-07
director_departure,UBER,2025-02-10,UBER,2025-03-17,2025-03-17,2025-03-17,2025-03-14
director_departure,UBER,2025-02-10,UBER,2025-03-24,2025-03-24,2025-03-24,2025-03-21
director_departure,UBER,2025-02-10,UBER,2025-03-31,2025-03-31,2025-03-31,2025-03-28
director_departure,SCHW,2025-02-13,SCHW,2025-01-02,2025-01-02,2025-01-02,2024-12-31
director_departure,BA,2025-02-26,BA,2025-01-08,2025-01-08,2025-01-08,2025-01-07
director_departure,BA,2025-02-26,BA,2025-01-15,2025-01-15,2025-01-15,2025-01-14
director_departure,BA,2025-02-26,BA,2025-01-22,2025-01-22,2025-01-22,2025-01-21
director_departure,EMR,2025-03-13,EMR,2025-01-02,2025-01-02,2025-01-02,2024-12-31
director_departure,CMCSA,2025-03-20,CMCSA,2025-01-02,2025-01-02,2025-01-02,2024-12-31
director_departure,CMCSA,2025-03-20,CMCSA,2025-01-16,2025-01-16,2025-01-16,2025-01-15
director_departure,CMCSA,2025-03-20,CMCSA,2025-01-23,2025-01-23,2025-01-23,2025-01-22
director_departure,CMCSA,2025-03-20,CMCSA,2025-01-30,2025-01-30,2025-01-30,2025-01-29
director_departure,CMCSA,2025-03-20,CMCSA,2025-02-06,2025-02-06,2025-02-06,2025-02-05
director_departure,CMCSA,2025-03-20,CMCSA,2025-02-13,2025-02-13,2025-02-13,2025-02-12
director_departure,SCHW,2025-04-02,SCHW,2025-06-25,2025-06-25,2025-06-25,2025-06-24
director_departure,NKE,2025-06-20,NKE,2025-04-04,2025-04-04,2025-04-04,2025-04-03
director_departure,NVDA,2025-08-06,NVDA,2025-09-10,2025-09-10,2025-09-10,2025-09-09
director_departure,NVDA,2025-08-06,NVDA,2025-09-17,2025-09-17,2025-09-17,2025-09-16
director_departure,NVDA,2025-08-06,NVDA,2025-09-24,2025-09-24,2025-09-24,2025-09-23
director_departure,MMM,2025-08-18,MMM,2025-09-15,2025-09-15,2025-09-15,2025-09-12
director_departure,T,2025-08-20,T,2025-07-09,2025-07-09,2025-07-09,2025-07-08
director_departure,T,2025-08-20,T,2025-07-16,2025-07-16,2025-07-16,2025-07-15
director_departure,MSFT,2025-10-01,MSFT,2025-11-05,2025-11-05,2025-11-05,2025-11-04
director_departure,GE,2025-10-02,GE,2025-11-06,2025-11-06,2025-11-06,2025-11-05
director_departure,GE,2025-10-02,GE,2025-11-13,2025-11-13,2025-11-13,2025-11-12
director_departure,GE,2025-10-02,GE,2025-11-20,2025-11-20,2025-11-20,2025-11-19
director_departure,GE,2025-10-02,GE,2025-12-04,2025-12-04,2025-12-04,2025-12-03
director_departure,GE,2025-10-02,GE,2025-12-11,2025-12-11,2025-12-11,2025-12-10
director_departure,GE,2025-10-02,GE,2025-12-18,2025-12-18,2025-12-18,2025-12-17
director_departure,AIG,2025-10-06,AIG,2025-11-03,2025-11-03,2025-11-03,2025-10-31
director_departure,AIG,2025-10-06,AIG,2025-11-10,2025-11-10,2025-11-10,2025-11-07
director_departure,AIG,2025-10-06,AIG,2025-11-17,2025-11-17,2025-11-17,2025-11-14
director_departure,AIG,2025-10-06,AIG,2025-11-24,2025-11-24,2025-11-24,2025-11-21
director_departure,AIG,2025-10-06,AIG,2025-12-01,2025-12-01,2025-12-01,2025-11-28
director_departure,AIG,2025-10-06,AIG,2025-12-08,2025-12-08,2025-12-08,2025-12-05
director_departure,AIG,2025-10-06,AIG,2025-12-15,2025-12-15,2025-12-15,2025-12-12
director_departure,AIG,2025-10-06,AIG,2025-12-22,2025-12-22,2025-12-22,2025-12-19
director_departure,AIG,2025-10-06,AIG,2025-12-29,2025-12-29,2025-12-29,2025-12-26
director_departure,TXN,2025-10-17,TXN,2025-11-21,2025-11-21,2025-11-21,2025-11-20
director_departure,TXN,2025-10-17,TXN,2025-11-28,2025-11-28,2025-11-28,2025-11-26
director_departure,TXN,2025-10-17,TXN,2025-12-05,2025-12-05,2025-12-05,2025-12-04
director_departure,TXN,2025-10-17,TXN,2025-12-12,2025-12-12,2025-12-12,2025-12-11
director_departure,TXN,2025-10-17,TXN,2025-12-19,2025-12-19,2025-12-19,2025-12-18
director_departure,TXN,2025-10-17,TXN,2025-12-26,2025-12-26,2025-12-26,2025-12-24
director_departure,DHR,2025-11-07,DHR,2025-12-12,2025-12-12,2025-12-12,2025-12-11
director_departure,DHR,2025-11-07,DHR,2025-12-19,2025-12-19,2025-12-19,2025-12-18
director_departure,DHR,2025-11-07,DHR,2025-12-26,2025-12-26,2025-12-26,2025-12-24
director_departure,CHTR,2025-12-15,CHTR,2025-10-06,2025-10-06,2025-10-06,2025-10-03
director_departure,CHTR,2025-12-15,CHTR,2025-10-13,2025-10-13,2025-10-13,2025-10-10
director_departure,CHTR,2025-12-15,CHTR,2025-10-20,2025-10-20,2025-10-20,2025-10-17
director_departure,CHTR,2025-12-15,CHTR,2025-10-27,2025-10-27,2025-10-27,2025-10-24
director_departure,CHTR,2025-12-15,CHTR,2025-11-03,2025-11-03,2025-11-03,2025-10-31
director_departure,QCOM,2025-12-17,QCOM,2025-10-08,2025-10-08,2025-10-08,2025-10-07
director_departure,QCOM,2025-12-17,QCOM,2025-10-15,2025-10-15,2025-10-15,2025-10-14
director_departure,QCOM,2025-12-17,QCOM,2025-10-22,2025-10-22,2025-10-22,2025-10-21
director_departure,QCOM,2025-12-17,QCOM,2025-10-29,2025-10-29,2025-10-29,2025-10-28
director_departure,QCOM,2025-12-17,QCOM,2025-11-05,2025-11-05,2025-11-05,2025-11-04
director_departure,QCOM,2025-12-17,QCOM,2025-11-12,2025-11-12,2025-11-12,2025-11-11
guidance_issuance_or_update,DHR,2024-01-09,DHR,2024-03-19,2024-03-19,2024-03-19,2024-03-18
guidance_issuance_or_update,DHR,2024-01-09,DHR,2024-03-26,2024-03-26,2024-03-26,2024-03-25
guidance_issuance_or_update,PG,2024-01-24,PG,2024-03-06,2024-03-06,2024-03-06,2024-03-05
guidance_issuance_or_update,UBER,2024-02-15,UBER,2024-01-04,2024-01-04,2024-01-04,2024-01-03
guidance_issuance_or_update,UBER,2024-02-15,UBER,2024-01-11,2024-01-11,2024-01-11,2024-01-10
guidance_issuance_or_update,UBER,2024-02-15,UBER,2024-03-21,2024-03-21,2024-03-21,2024-03-20
guidance_issuance_or_update,UBER,2024-02-15,UBER,2024-03-28,2024-03-28,2024-03-28,2024-03-27
guidance_issuance_or_update,USB,2024-03-06,USB,2024-01-03,2024-01-03,2024-01-03,2024-01-02
guidance_issuance_or_update,USB,2024-03-06,USB,2024-01-10,2024-01-10,2024-01-10,2024-01-09
guidance_issuance_or_update,USB,2024-03-06,USB,2024-01-17,2024-01-17,2024-01-17,2024-01-16
guidance_issuance_or_update,USB,2024-03-06,USB,2024-01-24,2024-01-24,2024-01-24,2024-01-23
guidance_issuance_or_update,USB,2024-03-06,USB,2024-01-31,2024-01-31,2024-01-31,2024-01-30
guidance_issuance_or_update,ABBV,2024-04-04,ABBV,2024-05-09,2024-05-09,2024-05-09,2024-05-08
guidance_issuance_or_update,ABBV,2024-04-04,ABBV,2024-05-16,2024-05-16,2024-05-16,2024-05-15
guidance_issuance_or_update,ABBV,2024-04-04,ABBV,2024-05-23,2024-05-23,2024-05-23,2024-05-22
guidance_issuance_or_update,ABBV,2024-04-04,ABBV,2024-05-30,2024-05-30,2024-05-30,2024-05-29
guidance_issuance_or_update,PG,2024-04-22,PG,2024-06-03,2024-06-03,2024-06-03,2024-05-31
guidance_issuance_or_update,PG,2024-04-22,PG,2024-06-10,2024-06-10,2024-06-10,2024-06-07
guidance_issuance_or_update,PG,2024-04-22,PG,2024-06-17,2024-06-17,2024-06-17,2024-06-14
guidance_issuance_or_update,PG,2024-04-22,PG,2024-06-24,2024-06-24,2024-06-24,2024-06-21
guidance_issuance_or_update,UBER,2024-05-15,UBER,2024-04-03,2024-04-03,2024-04-03,2024-04-02
guidance_issuance_or_update,UBER,2024-05-15,UBER,2024-06-26,2024-06-26,2024-06-26,2024-06-25
guidance_issuance_or_update,NEE,2024-06-12,NEE,2024-04-10,2024-04-10,2024-04-10,2024-04-09
guidance_issuance_or_update,NEE,2024-06-12,NEE,2024-04-17,2024-04-17,2024-04-17,2024-04-16
guidance_issuance_or_update,NEE,2024-06-12,NEE,2024-04-24,2024-04-24,2024-04-24,2024-04-23
guidance_issuance_or_update,ABBV,2024-07-05,ABBV,2024-08-09,2024-08-09,2024-08-09,2024-08-08
guidance_issuance_or_update,ABBV,2024-07-05,ABBV,2024-08-16,2024-08-16,2024-08-16,2024-08-15
guidance_issuance_or_update,ABBV,2024-07-05,ABBV,2024-08-23,2024-08-23,2024-08-23,2024-08-22
guidance_issuance_or_update,ABBV,2024-07-05,ABBV,2024-08-30,2024-08-30,2024-08-30,2024-08-29
guidance_issuance_or_update,LMT,2024-07-22,LMT,2024-09-30,2024-09-30,2024-09-30,2024-09-27
guidance_issuance_or_update,MMM,2024-07-29,MMM,2024-09-09,2024-09-09,2024-09-09,2024-09-06
guidance_issuance_or_update,MMM,2024-07-29,MMM,2024-09-16,2024-09-16,2024-09-16,2024-09-13
guidance_issuance_or_update,UNP,2024-09-20,UNP,2024-07-05,2024-07-05,2024-07-05,2024-07-03
guidance_issuance_or_update,UNP,2024-09-20,UNP,2024-07-12,2024-07-12,2024-07-12,2024-07-11
guidance_issuance_or_update,UNP,2024-09-20,UNP,2024-07-19,2024-07-19,2024-07-19,2024-07-18
guidance_issuance_or_update,UNP,2024-09-20,UNP,2024-07-26,2024-07-26,2024-07-26,2024-07-25
guidance_issuance_or_update,UNP,2024-09-20,UNP,2024-08-02,2024-08-02,2024-08-02,2024-08-01
guidance_issuance_or_update,UNP,2024-09-20,UNP,2024-08-09,2024-08-09,2024-08-09,2024-08-08
guidance_issuance_or_update,UNP,2024-09-20,UNP,2024-08-16,2024-08-16,2024-08-16,2024-08-15
guidance_issuance_or_update,ABBV,2024-10-04,ABBV,2024-11-08,2024-11-08,2024-11-08,2024-11-07
guidance_issuance_or_update,MMM,2024-10-23,MMM,2024-11-27,2024-11-27,2024-11-27,2024-11-26
guidance_issuance_or_update,MMM,2024-10-23,MMM,2024-12-04,2024-12-04,2024-12-04,2024-12-03
guidance_issuance_or_update,MMM,2024-10-23,MMM,2024-12-11,2024-12-11,2024-12-11,2024-12-10
guidance_issuance_or_update,MMM,2024-10-23,MMM,2024-12-18,2024-12-18,2024-12-18,2024-12-17
guidance_issuance_or_update,MA,2024-11-14,MA,2024-10-10,2024-10-10,2024-10-10,2024-10-09
guidance_issuance_or_update,MA,2024-11-14,MA,2024-12-19,2024-12-19,2024-12-19,2024-12-18
guidance_issuance_or_update,MA,2024-11-14,MA,2024-12-26,2024-12-26,2024-12-26,2024-12-24
guidance_issuance_or_update,INTU,2024-11-22,INTU,2024-10-04,2024-10-04,2024-10-04,2024-10-03
guidance_issuance_or_update,INTU,2024-11-22,INTU,2024-12-27,2024-12-27,2024-12-27,2024-12-26
guidance_issuance_or_update,HON,2024-12-03,HON,2024-10-08,2024-10-08,2024-10-08,2024-10-07
guidance_issuance_or_update,HON,2024-12-03,HON,2024-10-15,2024-10-15,2024-10-15,2024-10-14
guidance_issuance_or_update,HON,2024-12-03,HON,2024-10-22,2024-10-22,2024-10-22,2024-10-21
guidance_issuance_or_update,HON,2024-12-03,HON,2024-10-29,2024-10-29,2024-10-29,2024-10-28
guidance_issuance_or_update,UNH,2024-12-04,UNH,2024-10-02,2024-10-02,2024-10-02,2024-10-01
guidance_issuance_or_update,UNH,2024-12-04,UNH,2024-10-09,2024-10-09,2024-10-09,2024-10-08
guidance_issuance_or_update,UNH,2024-12-04,UNH,2024-10-16,2024-10-16,2024-10-16,2024-10-15
guidance_issuance_or_update,UNH,2024-12-04,UNH,2024-10-23,2024-10-23,2024-10-23,2024-10-22
guidance_issuance_or_update,UNH,2024-12-04,UNH,2024-10-30,2024-10-30,2024-10-30,2024-10-29
guidance_issuance_or_update,INTU,2025-05-23,INTU,2025-04-04,2025-04-04,2025-04-04,2025-04-03
guidance_issuance_or_update,INTU,2025-05-23,INTU,2025-04-11,2025-04-11,2025-04-11,2025-04-10
guidance_issuance_or_update,ABBV,2025-07-07,ABBV,2025-08-04,2025-08-04,2025-08-04,2025-08-01
guidance_issuance_or_update,ABBV,2025-07-07,ABBV,2025-08-11,2025-08-11,2025-08-11,2025-08-08
guidance_issuance_or_update,ABBV,2025-07-07,ABBV,2025-08-18,2025-08-18,2025-08-18,2025-08-15
guidance_issuance_or_update,ABBV,2025-07-07,ABBV,2025-08-25,2025-08-25,2025-08-25,2025-08-22
guidance_issuance_or_update,MMM,2025-07-21,MMM,2025-09-15,2025-09-15,2025-09-15,2025-09-12
guidance_issuance_or_update,INTU,2025-08-22,INTU,2025-07-18,2025-07-18,2025-07-18,2025-07-17
guidance_issuance_or_update,INTU,2025-08-22,INTU,2025-09-26,2025-09-26,2025-09-26,2025-09-25
guidance_issuance_or_update,CAT,2025-08-29,CAT,2025-07-18,2025-07-18,2025-07-18,2025-07-17
guidance_issuance_or_update,CAT,2025-08-29,CAT,2025-07-25,2025-07-25,2025-07-25,2025-07-24
guidance_issuance_or_update,ADBE,2025-09-12,ADBE,2025-07-18,2025-07-18,2025-07-18,2025-07-17
guidance_issuance_or_update,ADBE,2025-09-12,ADBE,2025-07-25,2025-07-25,2025-07-25,2025-07-24
guidance_issuance_or_update,ADBE,2025-09-12,ADBE,2025-08-01,2025-08-01,2025-08-01,2025-07-31
guidance_issuance_or_update,ADBE,2025-09-12,ADBE,2025-08-08,2025-08-08,2025-08-08,2025-08-07
guidance_issuance_or_update,ABBV,2025-10-06,ABBV,2025-11-03,2025-11-03,2025-11-03,2025-10-31
guidance_issuance_or_update,ABBV,2025-10-06,ABBV,2025-11-10,2025-11-10,2025-11-10,2025-11-07
guidance_issuance_or_update,ABBV,2025-10-06,ABBV,2025-11-17,2025-11-17,2025-11-17,2025-11-14
guidance_issuance_or_update,ABBV,2025-10-06,ABBV,2025-11-24,2025-11-24,2025-11-24,2025-11-21
guidance_issuance_or_update,ABBV,2025-10-06,ABBV,2025-12-01,2025-12-01,2025-12-01,2025-11-28
guidance_issuance_or_update,ABBV,2025-10-06,ABBV,2025-12-08,2025-12-08,2025-12-08,2025-12-05
guidance_issuance_or_update,ABBV,2025-10-06,ABBV,2025-12-15,2025-12-15,2025-12-15,2025-12-12
guidance_issuance_or_update,ABBV,2025-10-06,ABBV,2025-12-22,2025-12-22,2025-12-22,2025-12-19
guidance_issuance_or_update,ABBV,2025-10-06,ABBV,2025-12-29,2025-12-29,2025-12-29,2025-12-26
guidance_issuance_or_update,CRM,2025-10-17,CRM,2025-11-21,2025-11-21,2025-11-21,2025-11-20
guidance_issuance_or_update,CRM,2025-10-17,CRM,2025-11-28,2025-11-28,2025-11-28,2025-11-26
guidance_issuance_or_update,CRM,2025-10-17,CRM,2025-12-05,2025-12-05,2025-12-05,2025-12-04
guidance_issuance_or_update,CRM,2025-10-17,CRM,2025-12-12,2025-12-12,2025-12-12,2025-12-11
guidance_issuance_or_update,CRM,2025-10-17,CRM,2025-12-19,2025-12-19,2025-12-19,2025-12-18
guidance_issuance_or_update,CRM,2025-10-17,CRM,2025-12-26,2025-12-26,2025-12-26,2025-12-24
guidance_issuance_or_update,MMM,2025-10-22,MMM,2025-11-26,2025-11-26,2025-11-26,2025-11-25
guidance_issuance_or_update,MMM,2025-10-22,MMM,2025-12-03,2025-12-03,2025-12-03,2025-12-02
guidance_issuance_or_update,MMM,2025-10-22,MMM,2025-12-10,2025-12-10,2025-12-10,2025-12-09
guidance_issuance_or_update,MMM,2025-10-22,MMM,2025-12-17,2025-12-17,2025-12-17,2025-12-16
guidance_issuance_or_update,MMM,2025-10-22,MMM,2025-12-24,2025-12-24,2025-12-24,2025-12-23
guidance_issuance_or_update,MMM,2025-10-22,MMM,2025-12-31,2025-12-31,2025-12-31,2025-12-30
guidance_issuance_or_update,NEE,2025-12-09,NEE,2025-10-07,2025-10-07,2025-10-07,2025-10-06
guidance_issuance_or_update,CVS,2025-12-10,CVS,2025-10-01,2025-10-01,2025-10-01,2025-09-30
guidance_issuance_or_update,CVS,2025-12-10,CVS,2025-10-08,2025-10-08,2025-10-08,2025-10-07
guidance_issuance_or_update,CVS,2025-12-10,CVS,2025-10-15,2025-10-15,2025-10-15,2025-10-14
guidance_issuance_or_update,CVS,2025-12-10,CVS,2025-10-22,2025-10-22,2025-10-22,2025-10-21
guidance_issuance_or_update,CVS,2025-12-10,CVS,2025-10-29,2025-10-29,2025-10-29,2025-10-28
guidance_issuance_or_update,CVS,2025-12-10,CVS,2025-11-05,2025-11-05,2025-11-05,2025-11-04
guidance_issuance_or_update,PFE,2025-12-17,PFE,2025-10-01,2025-10-01,2025-10-01,2025-09-30
guidance_issuance_or_update,PFE,2025-12-17,PFE,2025-10-08,2025-10-08,2025-10-08,2025-10-07
quarterly_earnings,JPM,2024-01-16,JPM,2024-02-27,2024-02-27,2024-02-27,2024-02-26
quarterly_earnings,JPM,2024-01-16,JPM,2024-03-05,2024-03-05,2024-03-05,2024-03-04
quarterly_earnings,BAC,2024-01-16,BAC,2024-03-05,2024-03-05,2024-03-05,2024-03-04
quarterly_earnings,BAC,2024-01-16,BAC,2024-03-12,2024-03-12,2024-03-12,2024-03-11
quarterly_earnings,SCHW,2024-01-18,SCHW,2024-02-22,2024-02-22,2024-02-22,2024-02-21
quarterly_earnings,SCHW,2024-01-18,SCHW,2024-02-29,2024-02-29,2024-02-29,2024-02-28
quarterly_earnings,SCHW,2024-01-18,SCHW,2024-03-07,2024-03-07,2024-03-07,2024-03-06
quarterly_earnings,SCHW,2024-01-18,SCHW,2024-03-14,2024-03-14,2024-03-14,2024-03-13
quarterly_earnings,SCHW,2024-01-18,SCHW,2024-03-21,2024-03-21,2024-03-21,2024-03-20
quarterly_earnings,SCHW,2024-01-18,SCHW,2024-03-28,2024-03-28,2024-03-28,2024-03-27
quarterly_earnings,VZ,2024-01-24,VZ,2024-03-06,2024-03-06,2024-03-06,2024-03-05
quarterly_earnings,VZ,2024-01-24,VZ,2024-03-13,2024-03-13,2024-03-13,2024-03-12
quarterly_earnings,VZ,2024-01-24,VZ,2024-03-20,2024-03-20,2024-03-20,2024-03-19
quarterly_earnings,JNJ,2024-01-24,JNJ,2024-02-28,2024-02-28,2024-02-28,2024-02-27
quarterly_earnings,JNJ,2024-01-24,JNJ,2024-03-06,2024-03-06,2024-03-06,2024-03-05
quarterly_earnings,JNJ,2024-01-24,JNJ,2024-03-13,2024-03-13,2024-03-13,2024-03-12
quarterly_earnings,MRK,2024-02-02,MRK,2024-03-22,2024-03-22,2024-03-22,2024-03-21
quarterly_earnings,LLY,2024-02-07,LLY,2024-01-03,2024-01-03,2024-01-03,2024-01-02
quarterly_earnings,LLY,2024-02-07,LLY,2024-03-13,2024-03-13,2024-03-13,2024-03-12
quarterly_earnings,LLY,2024-02-07,LLY,2024-03-20,2024-03-20,2024-03-20,2024-03-19
quarterly_earnings,LLY,2024-02-07,LLY,2024-03-27,2024-03-27,2024-03-27,2024-03-26
quarterly_earnings,PM,2024-02-09,PM,2024-01-05,2024-01-05,2024-01-05,2024-01-04
quarterly_earnings,PEP,2024-02-12,PEP,2024-01-08,2024-01-08,2024-01-08,2024-01-05
quarterly_earnings,PEP,2024-02-12,PEP,2024-03-18,2024-03-18,2024-03-18,2024-03-15
quarterly_earnings,FDX,2024-03-22,FDX,2024-01-05,2024-01-05,2024-01-05,2024-01-04
quarterly_earnings,FDX,2024-03-22,FDX,2024-01-12,2024-01-12,2024-01-12,2024-01-11
quarterly_earnings,FDX,2024-03-22,FDX,2024-01-19,2024-01-19,2024-01-19,2024-01-18
quarterly_earnings,FDX,2024-03-22,FDX,2024-01-26,2024-01-26,2024-01-26,2024-01-25
quarterly_earnings,FDX,2024-03-22,FDX,2024-02-02,2024-02-02,2024-02-02,2024-02-01
quarterly_earnings,FDX,2024-03-22,FDX,2024-02-09,2024-02-09,2024-02-09,2024-02-08
quarterly_earnings,BAC,2024-04-17,BAC,2024-05-29,2024-05-29,2024-05-29,2024-05-28
quarterly_earnings,BAC,2024-04-17,BAC,2024-06-05,2024-06-05,2024-06-05,2024-06-04
quarterly_earnings,BAC,2024-04-17,BAC,2024-06-12,2024-06-12,2024-06-12,2024-06-11
quarterly_earnings,VZ,2024-04-23,VZ,2024-06-18,2024-06-18,2024-06-18,2024-06-17
quarterly_earnings,PEP,2024-04-24,PEP,2024-05-29,2024-05-29,2024-05-29,2024-05-28
quarterly_earnings,PEP,2024-04-24,PEP,2024-06-05,2024-06-05,2024-06-05,2024-06-04
quarterly_earnings,FDX,2024-06-26,FDX,2024-04-24,2024-04-24,2024-04-24,2024-04-23
quarterly_earnings,FDX,2024-06-26,FDX,2024-05-01,2024-05-01,2024-05-01,2024-04-30
quarterly_earnings,FDX,2024-06-26,FDX,2024-05-08,2024-05-08,2024-05-08,2024-05-07
quarterly_earnings,PEP,2024-07-12,PEP,2024-08-23,2024-08-23,2024-08-23,2024-08-22
quarterly_earnings,PEP,2024-07-12,PEP,2024-08-30,2024-08-30,2024-08-30,2024-08-29
quarterly_earnings,PEP,2024-07-12,PEP,2024-09-06,2024-09-06,2024-09-06,2024-09-05
quarterly_earnings,JPM,2024-07-15,JPM,2024-08-26,2024-08-26,2024-08-26,2024-08-23
quarterly_earnings,JPM,2024-07-15,JPM,2024-09-09,2024-09-09,2024-09-09,2024-09-06
quarterly_earnings,WFC,2024-07-15,WFC,2024-08-26,2024-08-26,2024-08-26,2024-08-23
quarterly_earnings,WFC,2024-07-15,WFC,2024-09-09,2024-09-09,2024-09-09,2024-09-06
quarterly_earnings,WFC,2024-07-15,WFC,2024-09-16,2024-09-16,2024-09-16,2024-09-13
quarterly_earnings,WFC,2024-07-15,WFC,2024-09-23,2024-09-23,2024-09-23,2024-09-20
quarterly_earnings,WFC,2024-07-15,WFC,2024-09-30,2024-09-30,2024-09-30,2024-09-27
quarterly_earnings,BLK,2024-07-16,BLK,2024-08-27,2024-08-27,2024-08-27,2024-08-26
quarterly_earnings,BLK,2024-07-16,BLK,2024-09-03,2024-09-03,2024-09-03,2024-08-30
quarterly_earnings,BLK,2024-07-16,BLK,2024-09-10,2024-09-10,2024-09-10,2024-09-09
quarterly_earnings,MS,2024-07-17,MS,2024-08-21,2024-08-21,2024-08-21,2024-08-20
quarterly_earnings,MS,2024-07-17,MS,2024-08-28,2024-08-28,2024-08-28,2024-08-27
quarterly_earnings,MS,2024-07-17,MS,2024-09-04,2024-09-04,2024-09-04,2024-09-03
quarterly_earnings,MS,2024-07-17,MS,2024-09-11,2024-09-11,2024-09-11,2024-09-10
quarterly_earnings,BAC,2024-07-17,BAC,2024-08-28,2024-08-28,2024-08-28,2024-08-27
quarterly_earnings,BAC,2024-07-17,BAC,2024-09-04,2024-09-04,2024-09-04,2024-09-03
quarterly_earnings,BAC,2024-07-17,BAC,2024-09-11,2024-09-11,2024-09-11,2024-09-10
quarterly_earnings,BLK,2024-07-18,BLK,2024-08-29,2024-08-29,2024-08-29,2024-08-28
quarterly_earnings,BLK,2024-07-18,BLK,2024-09-05,2024-09-05,2024-09-05,2024-09-04
quarterly_earnings,PM,2024-07-24,PM,2024-08-28,2024-08-28,2024-08-28,2024-08-27
quarterly_earnings,PM,2024-07-24,PM,2024-09-04,2024-09-04,2024-09-04,2024-09-03
quarterly_earnings,PM,2024-07-24,PM,2024-09-11,2024-09-11,2024-09-11,2024-09-10
quarterly_earnings,PM,2024-07-24,PM,2024-09-18,2024-09-18,2024-09-18,2024-09-17
quarterly_earnings,IBM,2024-07-25,IBM,2024-08-29,2024-08-29,2024-08-29,2024-08-28
quarterly_earnings,IBM,2024-07-25,IBM,2024-09-05,2024-09-05,2024-09-05,2024-09-04
quarterly_earnings,IBM,2024-07-25,IBM,2024-09-12,2024-09-12,2024-09-12,2024-09-11
quarterly_earnings,IBM,2024-07-25,IBM,2024-09-19,2024-09-19,2024-09-19,2024-09-18
quarterly_earnings,MMM,2024-07-29,MMM,2024-09-09,2024-09-09,2024-09-09,2024-09-06
quarterly_earnings,MMM,2024-07-29,MMM,2024-09-16,2024-09-16,2024-09-16,2024-09-13
quarterly_earnings,MRK,2024-07-31,MRK,2024-09-04,2024-09-04,2024-09-04,2024-09-03
quarterly_earnings,MRK,2024-07-31,MRK,2024-09-11,2024-09-11,2024-09-11,2024-09-10
quarterly_earnings,MRK,2024-07-31,MRK,2024-09-18,2024-09-18,2024-09-18,2024-09-17
quarterly_earnings,MRK,2024-07-31,MRK,2024-09-25,2024-09-25,2024-09-25,2024-09-24
quarterly_earnings,BKNG,2024-08-02,BKNG,2024-09-06,2024-09-06,2024-09-06,2024-09-05
quarterly_earnings,BKNG,2024-08-02,BKNG,2024-09-13,2024-09-13,2024-09-13,2024-09-12
quarterly_earnings,BKNG,2024-08-02,BKNG,2024-09-20,2024-09-20,2024-09-20,2024-09-19
quarterly_earnings,BKNG,2024-08-02,BKNG,2024-09-27,2024-09-27,2024-09-27,2024-09-26
quarterly_earnings,XOM,2024-08-05,XOM,2024-07-01,2024-07-01,2024-07-01,2024-06-28
quarterly_earnings,CVX,2024-08-05,CVX,2024-07-01,2024-07-01,2024-07-01,2024-06-28
quarterly_earnings,CVX,2024-08-05,CVX,2024-09-09,2024-09-09,2024-09-09,2024-09-06
quarterly_earnings,CVX,2024-08-05,CVX,2024-09-16,2024-09-16,2024-09-16,2024-09-13
quarterly_earnings,CVX,2024-08-05,CVX,2024-09-23,2024-09-23,2024-09-23,2024-09-20
quarterly_earnings,CVX,2024-08-05,CVX,2024-09-30,2024-09-30,2024-09-30,2024-09-27
quarterly_earnings,FDX,2024-09-20,FDX,2024-07-26,2024-07-26,2024-07-26,2024-07-25
quarterly_earnings,FDX,2024-09-20,FDX,2024-08-02,2024-08-02,2024-08-02,2024-08-01
quarterly_earnings,PEP,2024-10-09,PEP,2024-11-13,2024-11-13,2024-11-13,2024-11-12
quarterly_earnings,PEP,2024-10-09,PEP,2024-11-20,2024-11-20,2024-11-20,2024-11-19
quarterly_earnings,PEP,2024-10-09,PEP,2024-11-27,2024-11-27,2024-11-27,2024-11-26
quarterly_earnings,PEP,2024-10-09,PEP,2024-12-04,2024-12-04,2024-12-04,2024-12-03
quarterly_earnings,PEP,2024-10-09,PEP,2024-12-11,2024-12-11,2024-12-11,2024-12-10
quarterly_earnings,PEP,2024-10-09,PEP,2024-12-18,2024-12-18,2024-12-18,2024-12-17
quarterly_earnings,BAC,2024-10-16,BAC,2024-11-20,2024-11-20,2024-11-20,2024-11-19
quarterly_earnings,BAC,2024-10-16,BAC,2024-11-27,2024-11-27,2024-11-27,2024-11-26
quarterly_earnings,BAC,2024-10-16,BAC,2024-12-04,2024-12-04,2024-12-04,2024-12-03
quarterly_earnings,BAC,2024-10-16,BAC,2024-12-11,2024-12-11,2024-12-11,2024-12-10
quarterly_earnings,BAC,2024-10-16,BAC,2024-12-18,2024-12-18,2024-12-18,2024-12-17
quarterly_earnings,JNJ,2024-10-16,JNJ,2024-11-20,2024-11-20,2024-11-20,2024-11-19
quarterly_earnings,JNJ,2024-10-16,JNJ,2024-11-27,2024-11-27,2024-11-27,2024-11-26
quarterly_earnings,JNJ,2024-10-16,JNJ,2024-12-04,2024-12-04,2024-12-04,2024-12-03
quarterly_earnings,JNJ,2024-10-16,JNJ,2024-12-11,2024-12-11,2024-12-11,2024-12-10
quarterly_earnings,JNJ,2024-10-16,JNJ,2024-12-18,2024-12-18,2024-12-18,2024-12-17
quarterly_earnings,VZ,2024-10-23,VZ,2024-11-27,2024-11-27,2024-11-27,2024-11-26
quarterly_earnings,VZ,2024-10-23,VZ,2024-12-04,2024-12-04,2024-12-04,2024-12-03
quarterly_earnings,VZ,2024-10-23,VZ,2024-12-11,2024-12-11,2024-12-11,2024-12-10
quarterly_earnings,VZ,2024-10-23,VZ,2024-12-18,2024-12-18,2024-12-18,2024-12-17
quarterly_earnings,MMM,2024-10-23,MMM,2024-11-27,2024-11-27,2024-11-27,2024-11-26
quarterly_earnings,MMM,2024-10-23,MMM,2024-12-04,2024-12-04,2024-12-04,2024-12-03
quarterly_earnings,MMM,2024-10-23,MMM,2024-12-11,2024-12-11,2024-12-11,2024-12-10
quarterly_earnings,MMM,2024-10-23,MMM,2024-12-18,2024-12-18,2024-12-18,2024-12-17
quarterly_earnings,PM,2024-10-23,PM,2024-12-04,2024-12-04,2024-12-04,2024-12-03
quarterly_earnings,PM,2024-10-23,PM,2024-12-11,2024-12-11,2024-12-11,2024-12-10
quarterly_earnings,PM,2024-10-23,PM,2024-12-18,2024-12-18,2024-12-18,2024-12-17
quarterly_earnings,IBM,2024-10-24,IBM,2024-12-05,2024-12-05,2024-12-05,2024-12-04
quarterly_earnings,IBM,2024-10-24,IBM,2024-12-12,2024-12-12,2024-12-12,2024-12-11
quarterly_earnings,IBM,2024-10-24,IBM,2024-12-19,2024-12-19,2024-12-19,2024-12-18
quarterly_earnings,IBM,2024-10-24,IBM,2024-12-26,2024-12-26,2024-12-26,2024-12-24
quarterly_earnings,LLY,2024-10-31,LLY,2024-12-26,2024-12-26,2024-12-26,2024-12-24
quarterly_earnings,MRK,2024-11-01,MRK,2024-12-06,2024-12-06,2024-12-06,2024-12-05
quarterly_earnings,MRK,2024-11-01,MRK,2024-12-13,2024-12-13,2024-12-13,2024-12-12
quarterly_earnings,MRK,2024-11-01,MRK,2024-12-20,2024-12-20,2024-12-20,2024-12-19
quarterly_earnings,MRK,2024-11-01,MRK,2024-12-27,2024-12-27,2024-12-27,2024-12-26
quarterly_earnings,XOM,2024-11-04,XOM,2024-12-02,2024-12-02,2024-12-02,2024-11-29
quarterly_earnings,XOM,2024-11-04,XOM,2024-12-09,2024-12-09,2024-12-09,2024-12-06
quarterly_earnings,XOM,2024-11-04,XOM,2024-12-16,2024-12-16,2024-12-16,2024-12-13
quarterly_earnings,XOM,2024-11-04,XOM,2024-12-23,2024-12-23,2024-12-23,2024-12-20
quarterly_earnings,XOM,2024-11-04,XOM,2024-12-30,2024-12-30,2024-12-30,2024-12-27
quarterly_earnings,CVX,2024-11-04,CVX,2024-12-02,2024-12-02,2024-12-02,2024-11-29
quarterly_earnings,CVX,2024-11-04,CVX,2024-12-09,2024-12-09,2024-12-09,2024-12-06
quarterly_earnings,CVX,2024-11-04,CVX,2024-12-16,2024-12-16,2024-12-16,2024-12-13
quarterly_earnings,CVX,2024-11-04,CVX,2024-12-23,2024-12-23,2024-12-23,2024-12-20
quarterly_earnings,CVX,2024-11-04,CVX,2024-12-30,2024-12-30,2024-12-30,2024-12-27
quarterly_earnings,FDX,2024-12-20,FDX,2024-10-25,2024-10-25,2024-10-25,2024-10-24
quarterly_earnings,FDX,2024-12-20,FDX,2024-11-01,2024-11-01,2024-11-01,2024-10-31
quarterly_earnings,FDX,2024-12-20,FDX,2024-11-08,2024-11-08,2024-11-08,2024-11-07
quarterly_earnings,FDX,2024-12-20,FDX,2024-11-15,2024-11-15,2024-11-15,2024-11-14
quarterly_earnings,JPM,2025-01-16,JPM,2025-02-27,2025-02-27,2025-02-27,2025-02-26
quarterly_earnings,JPM,2025-01-16,JPM,2025-03-06,2025-03-06,2025-03-06,2025-03-05
quarterly_earnings,CVX,2025-02-03,CVX,2025-03-31,2025-03-31,2025-03-31,2025-03-28
quarterly_earnings,PEP,2025-02-05,PEP,2025-03-12,2025-03-12,2025-03-12,2025-03-11
quarterly_earnings,PEP,2025-02-05,PEP,2025-03-19,2025-03-19,2025-03-19,2025-03-18
quarterly_earnings,MRK,2025-02-05,MRK,2025-03-12,2025-03-12,2025-03-12,2025-03-11
quarterly_earnings,MRK,2025-02-05,MRK,2025-03-19,2025-03-19,2025-03-19,2025-03-18
quarterly_earnings,HON,2025-02-07,HON,2025-01-03,2025-01-03,2025-01-03,2025-01-02
quarterly_earnings,LLY,2025-02-07,LLY,2025-01-03,2025-01-03,2025-01-03,2025-01-02
quarterly_earnings,LLY,2025-02-07,LLY,2025-03-21,2025-03-21,2025-03-21,2025-03-20
quarterly_earnings,LLY,2025-02-07,LLY,2025-03-28,2025-03-28,2025-03-28,2025-03-27
quarterly_earnings,PM,2025-02-07,PM,2025-01-03,2025-01-03,2025-01-03,2025-01-02
quarterly_earnings,PM,2025-02-07,PM,2025-03-14,2025-03-14,2025-03-14,2025-03-13
quarterly_earnings,PM,2025-02-07,PM,2025-03-21,2025-03-21,2025-03-21,2025-03-20
quarterly_earnings,BAC,2025-04-16,BAC,2025-06-04,2025-06-04,2025-06-04,2025-06-03
quarterly_earnings,BAC,2025-04-16,BAC,2025-06-11,2025-06-11,2025-06-11,2025-06-10
quarterly_earnings,PEP,2025-04-25,PEP,2025-06-13,2025-06-13,2025-06-13,2025-06-12
quarterly_earnings,LLY,2025-05-02,LLY,2025-06-13,2025-06-13,2025-06-13,2025-06-12
quarterly_earnings,LLY,2025-05-02,LLY,2025-06-20,2025-06-20,2025-06-20,2025-06-18
quarterly_earnings,LLY,2025-05-02,LLY,2025-06-27,2025-06-27,2025-06-27,2025-06-26
quarterly_earnings,XOM,2025-05-05,XOM,2025-06-02,2025-06-02,2025-06-02,2025-05-30
quarterly_earnings,XOM,2025-05-05,XOM,2025-06-09,2025-06-09,2025-06-09,2025-06-06
quarterly_earnings,XOM,2025-05-05,XOM,2025-06-16,2025-06-16,2025-06-16,2025-06-13
quarterly_earnings,XOM,2025-05-05,XOM,2025-06-23,2025-06-23,2025-06-23,2025-06-20
quarterly_earnings,XOM,2025-05-05,XOM,2025-06-30,2025-06-30,2025-06-30,2025-06-27
quarterly_earnings,NVDA,2025-05-29,NVDA,2025-04-10,2025-04-10,2025-04-10,2025-04-09
quarterly_earnings,NVDA,2025-05-29,NVDA,2025-04-17,2025-04-17,2025-04-17,2025-04-16
quarterly_earnings,NVDA,2025-05-29,NVDA,2025-04-24,2025-04-24,2025-04-24,2025-04-23
quarterly_earnings,JPM,2025-07-16,JPM,2025-08-27,2025-08-27,2025-08-27,2025-08-26
quarterly_earnings,JPM,2025-07-16,JPM,2025-09-03,2025-09-03,2025-09-03,2025-09-02
quarterly_earnings,JPM,2025-07-16,JPM,2025-09-10,2025-09-10,2025-09-10,2025-09-09
quarterly_earnings,BLK,2025-07-16,BLK,2025-08-20,2025-08-20,2025-08-20,2025-08-19
quarterly_earnings,BLK,2025-07-16,BLK,2025-08-27,2025-08-27,2025-08-27,2025-08-26
quarterly_earnings,BLK,2025-07-16,BLK,2025-09-03,2025-09-03,2025-09-03,2025-09-02
quarterly_earnings,BLK,2025-07-16,BLK,2025-09-10,2025-09-10,2025-09-10,2025-09-09
quarterly_earnings,PEP,2025-07-18,PEP,2025-08-29,2025-08-29,2025-08-29,2025-08-28
quarterly_earnings,PEP,2025-07-18,PEP,2025-09-05,2025-09-05,2025-09-05,2025-09-04
quarterly_earnings,MMM,2025-07-21,MMM,2025-09-15,2025-09-15,2025-09-15,2025-09-12
quarterly_earnings,PM,2025-07-23,PM,2025-08-27,2025-08-27,2025-08-27,2025-08-26
quarterly_earnings,PM,2025-07-23,PM,2025-09-03,2025-09-03,2025-09-03,2025-09-02
quarterly_earnings,PM,2025-07-23,PM,2025-09-10,2025-09-10,2025-09-10,2025-09-09
quarterly_earnings,PM,2025-07-23,PM,2025-09-17,2025-09-17,2025-09-17,2025-09-16
quarterly_earnings,BKNG,2025-07-30,BKNG,2025-09-03,2025-09-03,2025-09-03,2025-09-02
quarterly_earnings,BKNG,2025-07-30,BKNG,2025-09-10,2025-09-10,2025-09-10,2025-09-09
quarterly_earnings,BKNG,2025-07-30,BKNG,2025-09-17,2025-09-17,2025-09-17,2025-09-16
quarterly_earnings,BKNG,2025-07-30,BKNG,2025-09-24,2025-09-24,2025-09-24,2025-09-23
quarterly_earnings,XOM,2025-08-04,XOM,2025-09-08,2025-09-08,2025-09-08,2025-09-05
quarterly_earnings,XOM,2025-08-04,XOM,2025-09-15,2025-09-15,2025-09-15,2025-09-12
quarterly_earnings,XOM,2025-08-04,XOM,2025-09-22,2025-09-22,2025-09-22,2025-09-19
quarterly_earnings,XOM,2025-08-04,XOM,2025-09-29,2025-09-29,2025-09-29,2025-09-26
quarterly_earnings,CVX,2025-08-04,CVX,2025-09-15,2025-09-15,2025-09-15,2025-09-12
quarterly_earnings,CVX,2025-08-04,CVX,2025-09-22,2025-09-22,2025-09-22,2025-09-19
quarterly_earnings,CVX,2025-08-04,CVX,2025-09-29,2025-09-29,2025-09-29,2025-09-26
quarterly_earnings,LLY,2025-08-08,LLY,2025-09-26,2025-09-26,2025-09-26,2025-09-25
quarterly_earnings,BLK,2025-10-15,BLK,2025-11-19,2025-11-19,2025-11-19,2025-11-18
quarterly_earnings,BLK,2025-10-15,BLK,2025-11-26,2025-11-26,2025-11-26,2025-11-25
quarterly_earnings,BLK,2025-10-15,BLK,2025-12-03,2025-12-03,2025-12-03,2025-12-02
quarterly_earnings,BLK,2025-10-15,BLK,2025-12-10,2025-12-10,2025-12-10,2025-12-09
quarterly_earnings,BLK,2025-10-15,BLK,2025-12-17,2025-12-17,2025-12-17,2025-12-16
quarterly_earnings,BLK,2025-10-15,BLK,2025-12-24,2025-12-24,2025-12-24,2025-12-23
quarterly_earnings,BLK,2025-10-15,BLK,2025-12-31,2025-12-31,2025-12-31,2025-12-30
quarterly_earnings,JNJ,2025-10-15,JNJ,2025-11-19,2025-11-19,2025-11-19,2025-11-18
quarterly_earnings,JNJ,2025-10-15,JNJ,2025-11-26,2025-11-26,2025-11-26,2025-11-25
quarterly_earnings,JNJ,2025-10-15,JNJ,2025-12-03,2025-12-03,2025-12-03,2025-12-02
quarterly_earnings,JNJ,2025-10-15,JNJ,2025-12-10,2025-12-10,2025-12-10,2025-12-09
quarterly_earnings,JNJ,2025-10-15,JNJ,2025-12-17,2025-12-17,2025-12-17,2025-12-16
quarterly_earnings,JNJ,2025-10-15,JNJ,2025-12-24,2025-12-24,2025-12-24,2025-12-23
quarterly_earnings,JNJ,2025-10-15,JNJ,2025-12-31,2025-12-31,2025-12-31,2025-12-30
quarterly_earnings,AXP,2025-10-20,AXP,2025-11-24,2025-11-24,2025-11-24,2025-11-21
quarterly_earnings,AXP,2025-10-20,AXP,2025-12-01,2025-12-01,2025-12-01,2025-11-28
quarterly_earnings,AXP,2025-10-20,AXP,2025-12-08,2025-12-08,2025-12-08,2025-12-05
quarterly_earnings,AXP,2025-10-20,AXP,2025-12-15,2025-12-15,2025-12-15,2025-12-12
quarterly_earnings,AXP,2025-10-20,AXP,2025-12-22,2025-12-22,2025-12-22,2025-12-19
quarterly_earnings,AXP,2025-10-20,AXP,2025-12-29,2025-12-29,2025-12-29,2025-12-26
quarterly_earnings,PM,2025-10-22,PM,2025-12-10,2025-12-10,2025-12-10,2025-12-09
quarterly_earnings,PM,2025-10-22,PM,2025-12-17,2025-12-17,2025-12-17,2025-12-16
quarterly_earnings,PM,2025-10-22,PM,2025-12-24,2025-12-24,2025-12-24,2025-12-23
quarterly_earnings,PM,2025-10-22,PM,2025-12-31,2025-12-31,2025-12-31,2025-12-30
quarterly_earnings,BKNG,2025-10-29,BKNG,2025-12-10,2025-12-10,2025-12-10,2025-12-09
quarterly_earnings,BKNG,2025-10-29,BKNG,2025-12-17,2025-12-17,2025-12-17,2025-12-16
quarterly_earnings,BKNG,2025-10-29,BKNG,2025-12-24,2025-12-24,2025-12-24,2025-12-23
quarterly_earnings,BKNG,2025-10-29,BKNG,2025-12-31,2025-12-31,2025-12-31,2025-12-30
quarterly_earnings,LLY,2025-10-31,LLY,2025-12-26,2025-12-26,2025-12-26,2025-12-24
quarterly_earnings,FDX,2025-12-19,FDX,2025-11-07,2025-11-07,2025-11-07,2025-11-06
quarterly_earnings,FDX,2025-12-19,FDX,2025-11-14,2025-11-14,2025-11-14,2025-11-13
