tag,strategy,horizon,max_age_seconds,ticker,entry_date,reason
annual_meeting_results,long_call,21,60,INTU,2024-01-23,no usable strict ordinary-day match
annual_meeting_results,long_call,21,60,EMR,2024-02-12,unusable event quote or stock
annual_meeting_results,long_call,21,60,DE,2024-03-04,no usable strict ordinary-day match
annual_meeting_results,long_call,21,60,QCOM,2024-03-08,no usable strict ordinary-day match
annual_meeting_results,long_call,21,60,SBUX,2024-03-18,no usable strict ordinary-day match
annual_meeting_results,long_call,21,60,BK,2024-04-11,no usable strict ordinary-day match
annual_meeting_results,long_call,21,60,ADBE,2024-04-22,no usable strict ordinary-day match
annual_meeting_results,long_call,21,60,GS,2024-04-26,no usable strict ordinary-day match
annual_meeting_results,long_call,21,60,TXN,2024-04-29,no usable strict ordinary-day match
annual_meeting_results,long_call,21,60,BAC,2024-04-29,no usable strict ordinary-day match
annual_meeting_results,long_call,21,60,JNJ,2024-04-30,no usable strict ordinary-day match
annual_meeting_results,long_call,21,60,PFE,2024-04-30,no usable strict ordinary-day match
annual_meeting_results,long_call,21,60,ISRG,2024-05-01,unusable event quote or stock
annual_meeting_results,long_call,21,60,C,2024-05-03,no usable strict ordinary-day match
annual_meeting_results,long_call,21,60,GD,2024-05-06,unusable event quote or stock
annual_meeting_results,long_call,21,60,COF,2024-05-06,no usable strict ordinary-day match
annual_meeting_results,long_call,21,60,LMT,2024-05-06,no usable strict ordinary-day match
annual_meeting_results,long_call,21,60,UPS,2024-05-07,no usable strict ordinary-day match
annual_meeting_results,long_call,21,60,PM,2024-05-10,no usable strict ordinary-day match
annual_meeting_results,long_call,21,60,BMY,2024-05-10,no usable strict ordinary-day match
annual_meeting_results,long_call,21,60,DHR,2024-05-10,no usable strict ordinary-day match
annual_meeting_results,long_call,21,60,GE,2024-05-13,unusable event quote or stock
annual_meeting_results,long_call,21,60,CL,2024-05-16,no usable strict ordinary-day match
annual_meeting_results,long_call,21,60,MMM,2024-05-17,unusable event quote or stock
annual_meeting_results,long_call,21,60,HON,2024-05-17,no usable strict ordinary-day match
annual_meeting_results,long_call,21,60,AIG,2024-05-20,unusable event quote or stock
annual_meeting_results,long_call,21,60,BLK,2024-05-20,unusable event quote or stock
annual_meeting_results,long_call,21,60,MDLZ,2024-05-23,unusable event quote or stock
annual_meeting_results,long_call,21,60,JPM,2024-05-24,no usable strict ordinary-day match
annual_meeting_results,long_call,21,60,SO,2024-05-28,unusable event quote or stock
annual_meeting_results,long_call,21,60,TMO,2024-05-28,no usable strict ordinary-day match
annual_meeting_results,long_call,21,60,MS,2024-05-28,no usable strict ordinary-day match
annual_meeting_results,long_call,21,60,AMT,2024-05-28,no usable strict ordinary-day match
annual_meeting_results,long_call,21,60,PYPL,2024-05-29,no usable strict ordinary-day match
annual_meeting_results,long_call,21,60,NEE,2024-05-29,no usable strict ordinary-day match
annual_meeting_results,long_call,21,60,MRK,2024-05-31,no usable strict ordinary-day match
annual_meeting_results,long_call,21,60,XOM,2024-06-03,unusable event quote or stock
annual_meeting_results,long_call,21,60,BKNG,2024-06-06,unusable event quote or stock
annual_meeting_results,long_call,21,60,UNH,2024-06-10,no usable strict ordinary-day match
annual_meeting_results,long_call,21,60,CMCSA,2024-06-13,no usable strict ordinary-day match
annual_meeting_results,long_call,21,60,GOOGL,2024-06-14,no usable strict ordinary-day match
annual_meeting_results,long_call,21,60,TMUS,2024-06-17,no usable strict ordinary-day match
annual_meeting_results,long_call,21,60,TSLA,2024-06-17,no usable strict ordinary-day match
annual_meeting_results,long_call,21,60,MET,2024-06-25,no usable strict ordinary-day match
annual_meeting_results,long_call,21,60,CRM,2024-07-02,no usable strict ordinary-day match
annual_meeting_results,long_call,21,60,NVDA,2024-07-03,unusable event quote or stock
annual_meeting_results,long_call,21,60,PG,2024-10-11,no usable strict ordinary-day match
annual_meeting_results,long_call,21,60,MDT,2024-10-22,unusable event quote or stock
annual_meeting_results,long_call,21,60,INTU,2025-01-28,no usable strict ordinary-day match
annual_meeting_results,long_call,21,60,COST,2025-01-28,unusable event quote or stock
annual_meeting_results,long_call,21,60,EMR,2025-02-10,no usable strict ordinary-day match
annual_meeting_results,long_call,21,60,DE,2025-03-03,unusable event quote or stock
annual_meeting_results,long_call,21,60,SBUX,2025-03-17,no usable strict ordinary-day match
annual_meeting_results,long_call,21,60,BK,2025-04-17,unusable event quote or stock
annual_meeting_results,long_call,21,60,ADBE,2025-04-25,no usable strict ordinary-day match
annual_meeting_results,long_call,21,60,CHTR,2025-04-28,no usable strict ordinary-day match
annual_meeting_results,long_call,21,60,JNJ,2025-05-01,no usable strict ordinary-day match
annual_meeting_results,long_call,21,60,C,2025-05-02,no usable strict ordinary-day match
annual_meeting_results,long_call,21,60,ISRG,2025-05-06,no usable strict ordinary-day match
annual_meeting_results,long_call,21,60,BMY,2025-05-08,no usable strict ordinary-day match
annual_meeting_results,long_call,21,60,LLY,2025-05-09,no usable strict ordinary-day match
annual_meeting_results,long_call,21,60,DHR,2025-05-09,unusable event quote or stock
annual_meeting_results,long_call,21,60,GILD,2025-05-09,no usable strict ordinary-day match
annual_meeting_results,long_call,21,60,COF,2025-05-09,unusable event quote or stock
annual_meeting_results,long_call,21,60,PM,2025-05-12,no usable strict ordinary-day match
annual_meeting_results,long_call,21,60,LMT,2025-05-12,no usable strict ordinary-day match
annual_meeting_results,long_call,21,60,GD,2025-05-12,unusable event quote or stock
annual_meeting_results,long_call,21,60,UNP,2025-05-12,unusable event quote or stock
annual_meeting_results,long_call,21,60,UPS,2025-05-13,no usable strict ordinary-day match
annual_meeting_results,long_call,21,60,ABBV,2025-05-14,no usable strict ordinary-day match
annual_meeting_results,long_call,21,60,MMM,2025-05-15,unusable event quote or stock
annual_meeting_results,long_call,21,60,CL,2025-05-15,unusable event quote or stock
annual_meeting_results,long_call,21,60,AMT,2025-05-16,unusable event quote or stock
annual_meeting_results,long_call,21,60,AIG,2025-05-19,no usable strict ordinary-day match
annual_meeting_results,long_call,21,60,BLK,2025-05-19,unusable event quote or stock
annual_meeting_results,long_call,21,60,MS,2025-05-19,no usable strict ordinary-day match
annual_meeting_results,long_call,21,60,MO,2025-05-20,no usable strict ordinary-day match
annual_meeting_results,long_call,21,60,CVS,2025-05-21,unusable event quote or stock
annual_meeting_results,long_call,21,60,JPM,2025-05-23,no usable strict ordinary-day match
annual_meeting_results,long_call,21,60,SCHW,2025-05-27,no usable strict ordinary-day match
annual_meeting_results,long_call,21,60,SO,2025-05-28,no usable strict ordinary-day match
annual_meeting_results,long_call,21,60,NOW,2025-05-28,no usable strict ordinary-day match
annual_meeting_results,long_call,21,60,VZ,2025-05-29,no usable strict ordinary-day match
annual_meeting_results,long_call,21,60,MRK,2025-05-30,no usable strict ordinary-day match
annual_meeting_results,long_call,21,60,BKNG,2025-06-05,no usable strict ordinary-day match
annual_meeting_results,long_call,21,60,UNH,2025-06-05,no usable strict ordinary-day match
annual_meeting_results,long_call,21,60,GM,2025-06-06,no usable strict ordinary-day match
annual_meeting_results,long_call,21,60,WMT,2025-06-09,no usable strict ordinary-day match
annual_meeting_results,long_call,21,60,PYPL,2025-06-10,no usable strict ordinary-day match
annual_meeting_results,long_call,21,60,TMUS,2025-06-11,no usable strict ordinary-day match
annual_meeting_results,long_call,21,60,GOOGL,2025-06-13,no usable strict ordinary-day match
annual_meeting_results,long_call,21,60,MET,2025-06-23,no usable strict ordinary-day match
annual_meeting_results,long_call,21,60,CMCSA,2025-06-23,no usable strict ordinary-day match
annual_meeting_results,long_call,21,60,FDX,2025-10-03,unusable event quote or stock
annual_meeting_results,long_call,21,60,PG,2025-10-15,no usable strict ordinary-day match
annual_meeting_results,long_call,21,60,PG,2025-10-17,no usable strict ordinary-day match
annual_meeting_results,long_call,21,60,MDT,2025-10-22,unusable event quote or stock
annual_meeting_results,long_call,21,60,ORCL,2025-11-24,unusable event quote or stock
annual_meeting_results,long_call,21,60,MSFT,2025-12-09,no usable strict ordinary-day match
annual_meeting_results,long_call,21,60,CSCO,2025-12-18,no usable strict ordinary-day match
annual_meeting_results,covered_call,21,60,INTU,2024-01-23,no usable strict ordinary-day match
annual_meeting_results,covered_call,21,60,EMR,2024-02-12,no usable strict ordinary-day match
annual_meeting_results,covered_call,21,60,DE,2024-03-04,no usable strict ordinary-day match
annual_meeting_results,covered_call,21,60,QCOM,2024-03-08,no usable strict ordinary-day match
annual_meeting_results,covered_call,21,60,SBUX,2024-03-18,no usable strict ordinary-day match
annual_meeting_results,covered_call,21,60,BK,2024-04-11,unusable event quote or stock
annual_meeting_results,covered_call,21,60,ADBE,2024-04-22,no usable strict ordinary-day match
annual_meeting_results,covered_call,21,60,GS,2024-04-26,no usable strict ordinary-day match
annual_meeting_results,covered_call,21,60,TXN,2024-04-29,no usable strict ordinary-day match
annual_meeting_results,covered_call,21,60,BAC,2024-04-29,no usable strict ordinary-day match
annual_meeting_results,covered_call,21,60,JNJ,2024-04-30,no usable strict ordinary-day match
annual_meeting_results,covered_call,21,60,PFE,2024-04-30,no usable strict ordinary-day match
annual_meeting_results,covered_call,21,60,ISRG,2024-05-01,unusable event quote or stock
annual_meeting_results,covered_call,21,60,C,2024-05-03,no usable strict ordinary-day match
annual_meeting_results,covered_call,21,60,GD,2024-05-06,unusable event quote or stock
annual_meeting_results,covered_call,21,60,COF,2024-05-06,no usable strict ordinary-day match
annual_meeting_results,covered_call,21,60,LMT,2024-05-06,no usable strict ordinary-day match
annual_meeting_results,covered_call,21,60,UPS,2024-05-07,no usable strict ordinary-day match
annual_meeting_results,covered_call,21,60,PM,2024-05-10,no usable strict ordinary-day match
annual_meeting_results,covered_call,21,60,BMY,2024-05-10,no usable strict ordinary-day match
annual_meeting_results,covered_call,21,60,DHR,2024-05-10,no usable strict ordinary-day match
annual_meeting_results,covered_call,21,60,GE,2024-05-13,unusable event quote or stock
annual_meeting_results,covered_call,21,60,UNP,2024-05-13,unusable event quote or stock
annual_meeting_results,covered_call,21,60,VZ,2024-05-14,unusable event quote or stock
annual_meeting_results,covered_call,21,60,CL,2024-05-16,no usable strict ordinary-day match
annual_meeting_results,covered_call,21,60,MMM,2024-05-17,unusable event quote or stock
annual_meeting_results,covered_call,21,60,HON,2024-05-17,no usable strict ordinary-day match
annual_meeting_results,covered_call,21,60,COP,2024-05-17,no usable strict ordinary-day match
annual_meeting_results,covered_call,21,60,AIG,2024-05-20,no usable strict ordinary-day match
annual_meeting_results,covered_call,21,60,BLK,2024-05-20,unusable event quote or stock
annual_meeting_results,covered_call,21,60,MDLZ,2024-05-23,unusable event quote or stock
annual_meeting_results,covered_call,21,60,CVS,2024-05-23,unusable event quote or stock
annual_meeting_results,covered_call,21,60,JPM,2024-05-24,no usable strict ordinary-day match
annual_meeting_results,covered_call,21,60,SO,2024-05-28,no usable strict ordinary-day match
annual_meeting_results,covered_call,21,60,TMO,2024-05-28,no usable strict ordinary-day match
annual_meeting_results,covered_call,21,60,MS,2024-05-28,no usable strict ordinary-day match
annual_meeting_results,covered_call,21,60,AMT,2024-05-28,no usable strict ordinary-day match
annual_meeting_results,covered_call,21,60,PYPL,2024-05-29,unusable event quote or stock
annual_meeting_results,covered_call,21,60,NEE,2024-05-29,no usable strict ordinary-day match
annual_meeting_results,covered_call,21,60,SCHW,2024-05-30,no usable strict ordinary-day match
annual_meeting_results,covered_call,21,60,MRK,2024-05-31,no usable strict ordinary-day match
annual_meeting_results,covered_call,21,60,XOM,2024-06-03,unusable event quote or stock
annual_meeting_results,covered_call,21,60,BKNG,2024-06-06,unusable event quote or stock
annual_meeting_results,covered_call,21,60,UNH,2024-06-10,no usable strict ordinary-day match
annual_meeting_results,covered_call,21,60,CMCSA,2024-06-13,no usable strict ordinary-day match
annual_meeting_results,covered_call,21,60,GOOGL,2024-06-14,no usable strict ordinary-day match
annual_meeting_results,covered_call,21,60,TMUS,2024-06-17,no usable strict ordinary-day match
annual_meeting_results,covered_call,21,60,TSLA,2024-06-17,no usable strict ordinary-day match
annual_meeting_results,covered_call,21,60,MET,2024-06-25,no usable strict ordinary-day match
annual_meeting_results,covered_call,21,60,CRM,2024-07-02,no usable strict ordinary-day match
annual_meeting_results,covered_call,21,60,NVDA,2024-07-03,unusable event quote or stock
annual_meeting_results,covered_call,21,60,PG,2024-10-11,unusable event quote or stock
annual_meeting_results,covered_call,21,60,MDT,2024-10-22,no usable strict ordinary-day match
annual_meeting_results,covered_call,21,60,INTU,2025-01-28,no usable strict ordinary-day match
annual_meeting_results,covered_call,21,60,COST,2025-01-28,unusable event quote or stock
annual_meeting_results,covered_call,21,60,EMR,2025-02-10,unusable event quote or stock
annual_meeting_results,covered_call,21,60,DE,2025-03-03,unusable event quote or stock
annual_meeting_results,covered_call,21,60,SBUX,2025-03-17,no usable strict ordinary-day match
annual_meeting_results,covered_call,21,60,DIS,2025-03-25,unusable event quote or stock
annual_meeting_results,covered_call,21,60,BK,2025-04-17,no usable strict ordinary-day match
annual_meeting_results,covered_call,21,60,ADBE,2025-04-25,no usable strict ordinary-day match
annual_meeting_results,covered_call,21,60,CHTR,2025-04-28,no usable strict ordinary-day match
annual_meeting_results,covered_call,21,60,ABT,2025-04-29,unusable event quote or stock
annual_meeting_results,covered_call,21,60,PFE,2025-04-29,unusable event quote or stock
annual_meeting_results,covered_call,21,60,JNJ,2025-05-01,no usable strict ordinary-day match
annual_meeting_results,covered_call,21,60,C,2025-05-02,no usable strict ordinary-day match
annual_meeting_results,covered_call,21,60,ISRG,2025-05-06,no usable strict ordinary-day match
annual_meeting_results,covered_call,21,60,BMY,2025-05-08,no usable strict ordinary-day match
annual_meeting_results,covered_call,21,60,LLY,2025-05-09,no usable strict ordinary-day match
annual_meeting_results,covered_call,21,60,DHR,2025-05-09,unusable event quote or stock
annual_meeting_results,covered_call,21,60,GILD,2025-05-09,no usable strict ordinary-day match
annual_meeting_results,covered_call,21,60,COF,2025-05-09,unusable event quote or stock
annual_meeting_results,covered_call,21,60,PM,2025-05-12,no usable strict ordinary-day match
annual_meeting_results,covered_call,21,60,INTC,2025-05-12,unusable event quote or stock
annual_meeting_results,covered_call,21,60,LMT,2025-05-12,no usable strict ordinary-day match
annual_meeting_results,covered_call,21,60,GD,2025-05-12,unusable event quote or stock
annual_meeting_results,covered_call,21,60,UNP,2025-05-12,unusable event quote or stock
annual_meeting_results,covered_call,21,60,UPS,2025-05-13,no usable strict ordinary-day match
annual_meeting_results,covered_call,21,60,ABBV,2025-05-14,no usable strict ordinary-day match
annual_meeting_results,covered_call,21,60,MMM,2025-05-15,no usable strict ordinary-day match
annual_meeting_results,covered_call,21,60,CL,2025-05-15,no usable strict ordinary-day match
annual_meeting_results,covered_call,21,60,AMT,2025-05-16,unusable event quote or stock
annual_meeting_results,covered_call,21,60,AIG,2025-05-19,no usable strict ordinary-day match
annual_meeting_results,covered_call,21,60,BLK,2025-05-19,unusable event quote or stock
annual_meeting_results,covered_call,21,60,MS,2025-05-19,no usable strict ordinary-day match
annual_meeting_results,covered_call,21,60,MO,2025-05-20,no usable strict ordinary-day match
annual_meeting_results,covered_call,21,60,CVS,2025-05-21,no usable strict ordinary-day match
annual_meeting_results,covered_call,21,60,JPM,2025-05-23,no usable strict ordinary-day match
annual_meeting_results,covered_call,21,60,SCHW,2025-05-27,no usable strict ordinary-day match
annual_meeting_results,covered_call,21,60,SO,2025-05-28,no usable strict ordinary-day match
annual_meeting_results,covered_call,21,60,NOW,2025-05-28,no usable strict ordinary-day match
annual_meeting_results,covered_call,21,60,VZ,2025-05-29,no usable strict ordinary-day match
annual_meeting_results,covered_call,21,60,MRK,2025-05-30,no usable strict ordinary-day match
annual_meeting_results,covered_call,21,60,BKNG,2025-06-05,no usable strict ordinary-day match
annual_meeting_results,covered_call,21,60,UNH,2025-06-05,no usable strict ordinary-day match
annual_meeting_results,covered_call,21,60,GM,2025-06-06,no usable strict ordinary-day match
annual_meeting_results,covered_call,21,60,LOW,2025-06-06,unusable event quote or stock
annual_meeting_results,covered_call,21,60,WMT,2025-06-09,no usable strict ordinary-day match
annual_meeting_results,covered_call,21,60,PYPL,2025-06-10,no usable strict ordinary-day match
annual_meeting_results,covered_call,21,60,TMUS,2025-06-11,no usable strict ordinary-day match
annual_meeting_results,covered_call,21,60,GOOGL,2025-06-13,no usable strict ordinary-day match
annual_meeting_results,covered_call,21,60,MET,2025-06-23,no usable strict ordinary-day match
annual_meeting_results,covered_call,21,60,CMCSA,2025-06-23,no usable strict ordinary-day match
annual_meeting_results,covered_call,21,60,FDX,2025-10-03,unusable event quote or stock
annual_meeting_results,covered_call,21,60,PG,2025-10-15,unusable event quote or stock
annual_meeting_results,covered_call,21,60,PG,2025-10-17,no usable strict ordinary-day match
annual_meeting_results,covered_call,21,60,MDT,2025-10-22,no usable strict ordinary-day match
annual_meeting_results,covered_call,21,60,ORCL,2025-11-24,unusable event quote or stock
annual_meeting_results,covered_call,21,60,MSFT,2025-12-09,no usable strict ordinary-day match
annual_meeting_results,covered_call,21,60,CSCO,2025-12-18,no usable strict ordinary-day match
annual_meeting_results,protective_put,21,60,INTU,2024-01-23,no usable strict ordinary-day match
annual_meeting_results,protective_put,21,60,EMR,2024-02-12,no usable strict ordinary-day match
annual_meeting_results,protective_put,21,60,DE,2024-03-04,no usable strict ordinary-day match
annual_meeting_results,protective_put,21,60,QCOM,2024-03-08,no usable strict ordinary-day match
annual_meeting_results,protective_put,21,60,SBUX,2024-03-18,no usable strict ordinary-day match
annual_meeting_results,protective_put,21,60,BK,2024-04-11,no usable strict ordinary-day match
annual_meeting_results,protective_put,21,60,ADBE,2024-04-22,no usable strict ordinary-day match
annual_meeting_results,protective_put,21,60,GS,2024-04-26,no usable strict ordinary-day match
annual_meeting_results,protective_put,21,60,TXN,2024-04-29,no usable strict ordinary-day match
annual_meeting_results,protective_put,21,60,BAC,2024-04-29,no usable strict ordinary-day match
annual_meeting_results,protective_put,21,60,JNJ,2024-04-30,no usable strict ordinary-day match
annual_meeting_results,protective_put,21,60,PFE,2024-04-30,no usable strict ordinary-day match
annual_meeting_results,protective_put,21,60,ISRG,2024-05-01,unusable event quote or stock
annual_meeting_results,protective_put,21,60,C,2024-05-03,no usable strict ordinary-day match
annual_meeting_results,protective_put,21,60,GD,2024-05-06,unusable event quote or stock
annual_meeting_results,protective_put,21,60,COF,2024-05-06,unusable event quote or stock
annual_meeting_results,protective_put,21,60,LMT,2024-05-06,no usable strict ordinary-day match
annual_meeting_results,protective_put,21,60,UPS,2024-05-07,no usable strict ordinary-day match
annual_meeting_results,protective_put,21,60,PM,2024-05-10,no usable strict ordinary-day match
annual_meeting_results,protective_put,21,60,BMY,2024-05-10,no usable strict ordinary-day match
annual_meeting_results,protective_put,21,60,DHR,2024-05-10,no usable strict ordinary-day match
annual_meeting_results,protective_put,21,60,GE,2024-05-13,unusable event quote or stock
annual_meeting_results,protective_put,21,60,CL,2024-05-16,unusable event quote or stock
annual_meeting_results,protective_put,21,60,MMM,2024-05-17,unusable event quote or stock
annual_meeting_results,protective_put,21,60,HON,2024-05-17,no usable strict ordinary-day match
annual_meeting_results,protective_put,21,60,AIG,2024-05-20,no usable strict ordinary-day match
annual_meeting_results,protective_put,21,60,BLK,2024-05-20,unusable event quote or stock
annual_meeting_results,protective_put,21,60,MDLZ,2024-05-23,unusable event quote or stock
annual_meeting_results,protective_put,21,60,JPM,2024-05-24,no usable strict ordinary-day match
annual_meeting_results,protective_put,21,60,SO,2024-05-28,unusable event quote or stock
annual_meeting_results,protective_put,21,60,TMO,2024-05-28,no usable strict ordinary-day match
annual_meeting_results,protective_put,21,60,MS,2024-05-28,no usable strict ordinary-day match
annual_meeting_results,protective_put,21,60,AMT,2024-05-28,no usable strict ordinary-day match
annual_meeting_results,protective_put,21,60,PYPL,2024-05-29,no usable strict ordinary-day match
annual_meeting_results,protective_put,21,60,NEE,2024-05-29,no usable strict ordinary-day match
annual_meeting_results,protective_put,21,60,SCHW,2024-05-30,no usable strict ordinary-day match
annual_meeting_results,protective_put,21,60,MRK,2024-05-31,no usable strict ordinary-day match
annual_meeting_results,protective_put,21,60,XOM,2024-06-03,unusable event quote or stock
annual_meeting_results,protective_put,21,60,BKNG,2024-06-06,unusable event quote or stock
annual_meeting_results,protective_put,21,60,UNH,2024-06-10,no usable strict ordinary-day match
annual_meeting_results,protective_put,21,60,CMCSA,2024-06-13,no usable strict ordinary-day match
annual_meeting_results,protective_put,21,60,GOOGL,2024-06-14,no usable strict ordinary-day match
annual_meeting_results,protective_put,21,60,TMUS,2024-06-17,no usable strict ordinary-day match
annual_meeting_results,protective_put,21,60,TSLA,2024-06-17,no usable strict ordinary-day match
annual_meeting_results,protective_put,21,60,MET,2024-06-25,no usable strict ordinary-day match
annual_meeting_results,protective_put,21,60,CRM,2024-07-02,no usable strict ordinary-day match
annual_meeting_results,protective_put,21,60,NVDA,2024-07-03,unusable event quote or stock
annual_meeting_results,protective_put,21,60,PG,2024-10-11,no usable strict ordinary-day match
annual_meeting_results,protective_put,21,60,MDT,2024-10-22,no usable strict ordinary-day match
annual_meeting_results,protective_put,21,60,INTU,2025-01-28,unusable event quote or stock
annual_meeting_results,protective_put,21,60,COST,2025-01-28,unusable event quote or stock
annual_meeting_results,protective_put,21,60,EMR,2025-02-10,unusable event quote or stock
annual_meeting_results,protective_put,21,60,DE,2025-03-03,unusable event quote or stock
annual_meeting_results,protective_put,21,60,SBUX,2025-03-17,no usable strict ordinary-day match
annual_meeting_results,protective_put,21,60,BK,2025-04-17,no usable strict ordinary-day match
annual_meeting_results,protective_put,21,60,ADBE,2025-04-25,no usable strict ordinary-day match
annual_meeting_results,protective_put,21,60,CHTR,2025-04-28,no usable strict ordinary-day match
annual_meeting_results,protective_put,21,60,PFE,2025-04-29,no usable strict ordinary-day match
annual_meeting_results,protective_put,21,60,JNJ,2025-05-01,no usable strict ordinary-day match
annual_meeting_results,protective_put,21,60,C,2025-05-02,no usable strict ordinary-day match
annual_meeting_results,protective_put,21,60,ISRG,2025-05-06,unusable event quote or stock
annual_meeting_results,protective_put,21,60,BMY,2025-05-08,no usable strict ordinary-day match
annual_meeting_results,protective_put,21,60,LLY,2025-05-09,no usable strict ordinary-day match
annual_meeting_results,protective_put,21,60,DHR,2025-05-09,unusable event quote or stock
annual_meeting_results,protective_put,21,60,GILD,2025-05-09,no usable strict ordinary-day match
annual_meeting_results,protective_put,21,60,PM,2025-05-12,no usable strict ordinary-day match
annual_meeting_results,protective_put,21,60,UBER,2025-05-12,no usable strict ordinary-day match
annual_meeting_results,protective_put,21,60,LMT,2025-05-12,no usable strict ordinary-day match
annual_meeting_results,protective_put,21,60,GD,2025-05-12,unusable event quote or stock
annual_meeting_results,protective_put,21,60,UNP,2025-05-12,unusable event quote or stock
annual_meeting_results,protective_put,21,60,UPS,2025-05-13,no usable strict ordinary-day match
annual_meeting_results,protective_put,21,60,ABBV,2025-05-14,no usable strict ordinary-day match
annual_meeting_results,protective_put,21,60,MMM,2025-05-15,no usable strict ordinary-day match
annual_meeting_results,protective_put,21,60,CL,2025-05-15,unusable event quote or stock
annual_meeting_results,protective_put,21,60,AMT,2025-05-16,unusable event quote or stock
annual_meeting_results,protective_put,21,60,AIG,2025-05-19,no usable strict ordinary-day match
annual_meeting_results,protective_put,21,60,BLK,2025-05-19,unusable event quote or stock
annual_meeting_results,protective_put,21,60,MS,2025-05-19,no usable strict ordinary-day match
annual_meeting_results,protective_put,21,60,MO,2025-05-20,no usable strict ordinary-day match
annual_meeting_results,protective_put,21,60,CVS,2025-05-21,no usable strict ordinary-day match
annual_meeting_results,protective_put,21,60,JPM,2025-05-23,no usable strict ordinary-day match
annual_meeting_results,protective_put,21,60,SCHW,2025-05-27,no usable strict ordinary-day match
annual_meeting_results,protective_put,21,60,SO,2025-05-28,no usable strict ordinary-day match
annual_meeting_results,protective_put,21,60,NOW,2025-05-28,no usable strict ordinary-day match
annual_meeting_results,protective_put,21,60,VZ,2025-05-29,no usable strict ordinary-day match
annual_meeting_results,protective_put,21,60,MRK,2025-05-30,no usable strict ordinary-day match
annual_meeting_results,protective_put,21,60,BKNG,2025-06-05,no usable strict ordinary-day match
annual_meeting_results,protective_put,21,60,UNH,2025-06-05,no usable strict ordinary-day match
annual_meeting_results,protective_put,21,60,GM,2025-06-06,unusable event quote or stock
annual_meeting_results,protective_put,21,60,WMT,2025-06-09,no usable strict ordinary-day match
annual_meeting_results,protective_put,21,60,PYPL,2025-06-10,no usable strict ordinary-day match
annual_meeting_results,protective_put,21,60,TMUS,2025-06-11,no usable strict ordinary-day match
annual_meeting_results,protective_put,21,60,GOOGL,2025-06-13,no usable strict ordinary-day match
annual_meeting_results,protective_put,21,60,MET,2025-06-23,no usable strict ordinary-day match
annual_meeting_results,protective_put,21,60,CMCSA,2025-06-23,no usable strict ordinary-day match
annual_meeting_results,protective_put,21,60,FDX,2025-10-03,unusable event quote or stock
annual_meeting_results,protective_put,21,60,PG,2025-10-15,no usable strict ordinary-day match
annual_meeting_results,protective_put,21,60,PG,2025-10-17,unusable event quote or stock
annual_meeting_results,protective_put,21,60,ORCL,2025-11-24,unusable event quote or stock
annual_meeting_results,protective_put,21,60,MSFT,2025-12-09,no usable strict ordinary-day match
annual_meeting_results,protective_put,21,60,CSCO,2025-12-18,unusable event quote or stock
annual_meeting_results,collar,21,60,INTU,2024-01-23,no usable strict ordinary-day match
annual_meeting_results,collar,21,60,EMR,2024-02-12,no usable strict ordinary-day match
annual_meeting_results,collar,21,60,DE,2024-03-04,no usable strict ordinary-day match
annual_meeting_results,collar,21,60,QCOM,2024-03-08,no usable strict ordinary-day match
annual_meeting_results,collar,21,60,SBUX,2024-03-18,no usable strict ordinary-day match
annual_meeting_results,collar,21,60,BK,2024-04-11,unusable event quote or stock
annual_meeting_results,collar,21,60,ADBE,2024-04-22,no usable strict ordinary-day match
annual_meeting_results,collar,21,60,GS,2024-04-26,no usable strict ordinary-day match
annual_meeting_results,collar,21,60,TXN,2024-04-29,no usable strict ordinary-day match
annual_meeting_results,collar,21,60,BAC,2024-04-29,no usable strict ordinary-day match
annual_meeting_results,collar,21,60,JNJ,2024-04-30,no usable strict ordinary-day match
annual_meeting_results,collar,21,60,PFE,2024-04-30,no usable strict ordinary-day match
annual_meeting_results,collar,21,60,ISRG,2024-05-01,unusable event quote or stock
annual_meeting_results,collar,21,60,C,2024-05-03,no usable strict ordinary-day match
annual_meeting_results,collar,21,60,GD,2024-05-06,unusable event quote or stock
annual_meeting_results,collar,21,60,COF,2024-05-06,unusable event quote or stock
annual_meeting_results,collar,21,60,LMT,2024-05-06,no usable strict ordinary-day match
annual_meeting_results,collar,21,60,UPS,2024-05-07,no usable strict ordinary-day match
annual_meeting_results,collar,21,60,PM,2024-05-10,no usable strict ordinary-day match
annual_meeting_results,collar,21,60,BMY,2024-05-10,no usable strict ordinary-day match
annual_meeting_results,collar,21,60,DHR,2024-05-10,no usable strict ordinary-day match
annual_meeting_results,collar,21,60,GE,2024-05-13,unusable event quote or stock
annual_meeting_results,collar,21,60,UNP,2024-05-13,unusable event quote or stock
annual_meeting_results,collar,21,60,VZ,2024-05-14,unusable event quote or stock
annual_meeting_results,collar,21,60,CL,2024-05-16,unusable event quote or stock
annual_meeting_results,collar,21,60,MMM,2024-05-17,unusable event quote or stock
annual_meeting_results,collar,21,60,HON,2024-05-17,no usable strict ordinary-day match
annual_meeting_results,collar,21,60,COP,2024-05-17,no usable strict ordinary-day match
annual_meeting_results,collar,21,60,AIG,2024-05-20,no usable strict ordinary-day match
annual_meeting_results,collar,21,60,BLK,2024-05-20,unusable event quote or stock
annual_meeting_results,collar,21,60,MDLZ,2024-05-23,unusable event quote or stock
annual_meeting_results,collar,21,60,CVS,2024-05-23,unusable event quote or stock
annual_meeting_results,collar,21,60,JPM,2024-05-24,no usable strict ordinary-day match
annual_meeting_results,collar,21,60,SO,2024-05-28,unusable event quote or stock
annual_meeting_results,collar,21,60,TMO,2024-05-28,no usable strict ordinary-day match
annual_meeting_results,collar,21,60,MS,2024-05-28,no usable strict ordinary-day match
annual_meeting_results,collar,21,60,AMT,2024-05-28,no usable strict ordinary-day match
annual_meeting_results,collar,21,60,PYPL,2024-05-29,unusable event quote or stock
annual_meeting_results,collar,21,60,NEE,2024-05-29,no usable strict ordinary-day match
annual_meeting_results,collar,21,60,SCHW,2024-05-30,no usable strict ordinary-day match
annual_meeting_results,collar,21,60,MRK,2024-05-31,no usable strict ordinary-day match
annual_meeting_results,collar,21,60,XOM,2024-06-03,unusable event quote or stock
annual_meeting_results,collar,21,60,BKNG,2024-06-06,unusable event quote or stock
annual_meeting_results,collar,21,60,UNH,2024-06-10,no usable strict ordinary-day match
annual_meeting_results,collar,21,60,CMCSA,2024-06-13,no usable strict ordinary-day match
annual_meeting_results,collar,21,60,GOOGL,2024-06-14,no usable strict ordinary-day match
annual_meeting_results,collar,21,60,TMUS,2024-06-17,no usable strict ordinary-day match
annual_meeting_results,collar,21,60,TSLA,2024-06-17,no usable strict ordinary-day match
annual_meeting_results,collar,21,60,MET,2024-06-25,no usable strict ordinary-day match
annual_meeting_results,collar,21,60,CRM,2024-07-02,no usable strict ordinary-day match
annual_meeting_results,collar,21,60,NVDA,2024-07-03,unusable event quote or stock
annual_meeting_results,collar,21,60,PG,2024-10-11,unusable event quote or stock
annual_meeting_results,collar,21,60,MDT,2024-10-22,no usable strict ordinary-day match
annual_meeting_results,collar,21,60,INTU,2025-01-28,unusable event quote or stock
annual_meeting_results,collar,21,60,COST,2025-01-28,unusable event quote or stock
annual_meeting_results,collar,21,60,EMR,2025-02-10,unusable event quote or stock
annual_meeting_results,collar,21,60,DE,2025-03-03,unusable event quote or stock
annual_meeting_results,collar,21,60,SBUX,2025-03-17,no usable strict ordinary-day match
annual_meeting_results,collar,21,60,DIS,2025-03-25,unusable event quote or stock
annual_meeting_results,collar,21,60,BK,2025-04-17,no usable strict ordinary-day match
annual_meeting_results,collar,21,60,ADBE,2025-04-25,no usable strict ordinary-day match
annual_meeting_results,collar,21,60,CHTR,2025-04-28,no usable strict ordinary-day match
annual_meeting_results,collar,21,60,ABT,2025-04-29,unusable event quote or stock
annual_meeting_results,collar,21,60,PFE,2025-04-29,unusable event quote or stock
annual_meeting_results,collar,21,60,JNJ,2025-05-01,no usable strict ordinary-day match
annual_meeting_results,collar,21,60,C,2025-05-02,no usable strict ordinary-day match
annual_meeting_results,collar,21,60,ISRG,2025-05-06,unusable event quote or stock
annual_meeting_results,collar,21,60,BMY,2025-05-08,no usable strict ordinary-day match
annual_meeting_results,collar,21,60,LLY,2025-05-09,no usable strict ordinary-day match
annual_meeting_results,collar,21,60,DHR,2025-05-09,unusable event quote or stock
annual_meeting_results,collar,21,60,GILD,2025-05-09,no usable strict ordinary-day match
annual_meeting_results,collar,21,60,COF,2025-05-09,unusable event quote or stock
annual_meeting_results,collar,21,60,PM,2025-05-12,no usable strict ordinary-day match
annual_meeting_results,collar,21,60,UBER,2025-05-12,no usable strict ordinary-day match
annual_meeting_results,collar,21,60,INTC,2025-05-12,unusable event quote or stock
annual_meeting_results,collar,21,60,LMT,2025-05-12,no usable strict ordinary-day match
annual_meeting_results,collar,21,60,GD,2025-05-12,unusable event quote or stock
annual_meeting_results,collar,21,60,UNP,2025-05-12,unusable event quote or stock
annual_meeting_results,collar,21,60,UPS,2025-05-13,no usable strict ordinary-day match
annual_meeting_results,collar,21,60,ABBV,2025-05-14,no usable strict ordinary-day match
annual_meeting_results,collar,21,60,MMM,2025-05-15,no usable strict ordinary-day match
annual_meeting_results,collar,21,60,CL,2025-05-15,unusable event quote or stock
annual_meeting_results,collar,21,60,AMT,2025-05-16,unusable event quote or stock
annual_meeting_results,collar,21,60,AIG,2025-05-19,no usable strict ordinary-day match
annual_meeting_results,collar,21,60,BLK,2025-05-19,unusable event quote or stock
annual_meeting_results,collar,21,60,MS,2025-05-19,no usable strict ordinary-day match
annual_meeting_results,collar,21,60,MO,2025-05-20,no usable strict ordinary-day match
annual_meeting_results,collar,21,60,CVS,2025-05-21,no usable strict ordinary-day match
annual_meeting_results,collar,21,60,JPM,2025-05-23,no usable strict ordinary-day match
annual_meeting_results,collar,21,60,SCHW,2025-05-27,no usable strict ordinary-day match
annual_meeting_results,collar,21,60,SO,2025-05-28,no usable strict ordinary-day match
annual_meeting_results,collar,21,60,NOW,2025-05-28,no usable strict ordinary-day match
annual_meeting_results,collar,21,60,VZ,2025-05-29,no usable strict ordinary-day match
annual_meeting_results,collar,21,60,MRK,2025-05-30,no usable strict ordinary-day match
annual_meeting_results,collar,21,60,BKNG,2025-06-05,no usable strict ordinary-day match
annual_meeting_results,collar,21,60,UNH,2025-06-05,no usable strict ordinary-day match
annual_meeting_results,collar,21,60,GM,2025-06-06,unusable event quote or stock
annual_meeting_results,collar,21,60,LOW,2025-06-06,unusable event quote or stock
annual_meeting_results,collar,21,60,WMT,2025-06-09,no usable strict ordinary-day match
annual_meeting_results,collar,21,60,PYPL,2025-06-10,no usable strict ordinary-day match
annual_meeting_results,collar,21,60,TMUS,2025-06-11,no usable strict ordinary-day match
annual_meeting_results,collar,21,60,GOOGL,2025-06-13,no usable strict ordinary-day match
annual_meeting_results,collar,21,60,MET,2025-06-23,no usable strict ordinary-day match
annual_meeting_results,collar,21,60,CMCSA,2025-06-23,no usable strict ordinary-day match
annual_meeting_results,collar,21,60,FDX,2025-10-03,unusable event quote or stock
annual_meeting_results,collar,21,60,PG,2025-10-15,unusable event quote or stock
annual_meeting_results,collar,21,60,PG,2025-10-17,unusable event quote or stock
annual_meeting_results,collar,21,60,MDT,2025-10-22,no usable strict ordinary-day match
annual_meeting_results,collar,21,60,ORCL,2025-11-24,unusable event quote or stock
annual_meeting_results,collar,21,60,MSFT,2025-12-09,no usable strict ordinary-day match
annual_meeting_results,collar,21,60,CSCO,2025-12-18,unusable event quote or stock
annual_meeting_results,cash_secured_put,21,60,INTU,2024-01-23,no usable strict ordinary-day match
annual_meeting_results,cash_secured_put,21,60,EMR,2024-02-12,no usable strict ordinary-day match
annual_meeting_results,cash_secured_put,21,60,DE,2024-03-04,no usable strict ordinary-day match
annual_meeting_results,cash_secured_put,21,60,QCOM,2024-03-08,no usable strict ordinary-day match
annual_meeting_results,cash_secured_put,21,60,SBUX,2024-03-18,no usable strict ordinary-day match
annual_meeting_results,cash_secured_put,21,60,BK,2024-04-11,no usable strict ordinary-day match
annual_meeting_results,cash_secured_put,21,60,ADBE,2024-04-22,no usable strict ordinary-day match
annual_meeting_results,cash_secured_put,21,60,GS,2024-04-26,no usable strict ordinary-day match
annual_meeting_results,cash_secured_put,21,60,TXN,2024-04-29,no usable strict ordinary-day match
annual_meeting_results,cash_secured_put,21,60,BAC,2024-04-29,no usable strict ordinary-day match
annual_meeting_results,cash_secured_put,21,60,JNJ,2024-04-30,no usable strict ordinary-day match
annual_meeting_results,cash_secured_put,21,60,PFE,2024-04-30,no usable strict ordinary-day match
annual_meeting_results,cash_secured_put,21,60,ISRG,2024-05-01,unusable event quote or stock
annual_meeting_results,cash_secured_put,21,60,C,2024-05-03,no usable strict ordinary-day match
annual_meeting_results,cash_secured_put,21,60,GD,2024-05-06,unusable event quote or stock
annual_meeting_results,cash_secured_put,21,60,COF,2024-05-06,unusable event quote or stock
annual_meeting_results,cash_secured_put,21,60,LMT,2024-05-06,no usable strict ordinary-day match
annual_meeting_results,cash_secured_put,21,60,UPS,2024-05-07,no usable strict ordinary-day match
annual_meeting_results,cash_secured_put,21,60,PM,2024-05-10,no usable strict ordinary-day match
annual_meeting_results,cash_secured_put,21,60,BMY,2024-05-10,no usable strict ordinary-day match
annual_meeting_results,cash_secured_put,21,60,DHR,2024-05-10,no usable strict ordinary-day match
annual_meeting_results,cash_secured_put,21,60,GE,2024-05-13,unusable event quote or stock
annual_meeting_results,cash_secured_put,21,60,CL,2024-05-16,unusable event quote or stock
annual_meeting_results,cash_secured_put,21,60,MMM,2024-05-17,unusable event quote or stock
annual_meeting_results,cash_secured_put,21,60,HON,2024-05-17,no usable strict ordinary-day match
annual_meeting_results,cash_secured_put,21,60,AIG,2024-05-20,no usable strict ordinary-day match
annual_meeting_results,cash_secured_put,21,60,BLK,2024-05-20,unusable event quote or stock
annual_meeting_results,cash_secured_put,21,60,MDLZ,2024-05-23,unusable event quote or stock
annual_meeting_results,cash_secured_put,21,60,JPM,2024-05-24,no usable strict ordinary-day match
annual_meeting_results,cash_secured_put,21,60,SO,2024-05-28,unusable event quote or stock
annual_meeting_results,cash_secured_put,21,60,TMO,2024-05-28,no usable strict ordinary-day match
annual_meeting_results,cash_secured_put,21,60,MS,2024-05-28,no usable strict ordinary-day match
annual_meeting_results,cash_secured_put,21,60,AMT,2024-05-28,no usable strict ordinary-day match
annual_meeting_results,cash_secured_put,21,60,PYPL,2024-05-29,no usable strict ordinary-day match
annual_meeting_results,cash_secured_put,21,60,NEE,2024-05-29,no usable strict ordinary-day match
annual_meeting_results,cash_secured_put,21,60,SCHW,2024-05-30,no usable strict ordinary-day match
annual_meeting_results,cash_secured_put,21,60,MRK,2024-05-31,no usable strict ordinary-day match
annual_meeting_results,cash_secured_put,21,60,XOM,2024-06-03,unusable event quote or stock
annual_meeting_results,cash_secured_put,21,60,BKNG,2024-06-06,unusable event quote or stock
annual_meeting_results,cash_secured_put,21,60,UNH,2024-06-10,no usable strict ordinary-day match
annual_meeting_results,cash_secured_put,21,60,CMCSA,2024-06-13,no usable strict ordinary-day match
annual_meeting_results,cash_secured_put,21,60,GOOGL,2024-06-14,no usable strict ordinary-day match
annual_meeting_results,cash_secured_put,21,60,TMUS,2024-06-17,no usable strict ordinary-day match
annual_meeting_results,cash_secured_put,21,60,TSLA,2024-06-17,no usable strict ordinary-day match
annual_meeting_results,cash_secured_put,21,60,MET,2024-06-25,no usable strict ordinary-day match
annual_meeting_results,cash_secured_put,21,60,CRM,2024-07-02,no usable strict ordinary-day match
annual_meeting_results,cash_secured_put,21,60,NVDA,2024-07-03,unusable event quote or stock
annual_meeting_results,cash_secured_put,21,60,PG,2024-10-11,no usable strict ordinary-day match
annual_meeting_results,cash_secured_put,21,60,MDT,2024-10-22,no usable strict ordinary-day match
annual_meeting_results,cash_secured_put,21,60,INTU,2025-01-28,unusable event quote or stock
annual_meeting_results,cash_secured_put,21,60,COST,2025-01-28,unusable event quote or stock
annual_meeting_results,cash_secured_put,21,60,EMR,2025-02-10,unusable event quote or stock
annual_meeting_results,cash_secured_put,21,60,DE,2025-03-03,unusable event quote or stock
annual_meeting_results,cash_secured_put,21,60,SBUX,2025-03-17,no usable strict ordinary-day match
annual_meeting_results,cash_secured_put,21,60,BK,2025-04-17,no usable strict ordinary-day match
annual_meeting_results,cash_secured_put,21,60,ADBE,2025-04-25,no usable strict ordinary-day match
annual_meeting_results,cash_secured_put,21,60,CHTR,2025-04-28,no usable strict ordinary-day match
annual_meeting_results,cash_secured_put,21,60,PFE,2025-04-29,no usable strict ordinary-day match
annual_meeting_results,cash_secured_put,21,60,JNJ,2025-05-01,no usable strict ordinary-day match
annual_meeting_results,cash_secured_put,21,60,C,2025-05-02,no usable strict ordinary-day match
annual_meeting_results,cash_secured_put,21,60,ISRG,2025-05-06,unusable event quote or stock
annual_meeting_results,cash_secured_put,21,60,BMY,2025-05-08,no usable strict ordinary-day match
annual_meeting_results,cash_secured_put,21,60,LLY,2025-05-09,no usable strict ordinary-day match
annual_meeting_results,cash_secured_put,21,60,DHR,2025-05-09,unusable event quote or stock
annual_meeting_results,cash_secured_put,21,60,GILD,2025-05-09,no usable strict ordinary-day match
annual_meeting_results,cash_secured_put,21,60,PM,2025-05-12,no usable strict ordinary-day match
annual_meeting_results,cash_secured_put,21,60,UBER,2025-05-12,no usable strict ordinary-day match
annual_meeting_results,cash_secured_put,21,60,LMT,2025-05-12,no usable strict ordinary-day match
annual_meeting_results,cash_secured_put,21,60,GD,2025-05-12,unusable event quote or stock
annual_meeting_results,cash_secured_put,21,60,UNP,2025-05-12,unusable event quote or stock
annual_meeting_results,cash_secured_put,21,60,UPS,2025-05-13,no usable strict ordinary-day match
annual_meeting_results,cash_secured_put,21,60,ABBV,2025-05-14,no usable strict ordinary-day match
annual_meeting_results,cash_secured_put,21,60,MMM,2025-05-15,no usable strict ordinary-day match
annual_meeting_results,cash_secured_put,21,60,CL,2025-05-15,unusable event quote or stock
annual_meeting_results,cash_secured_put,21,60,AMT,2025-05-16,unusable event quote or stock
annual_meeting_results,cash_secured_put,21,60,AIG,2025-05-19,no usable strict ordinary-day match
annual_meeting_results,cash_secured_put,21,60,BLK,2025-05-19,unusable event quote or stock
annual_meeting_results,cash_secured_put,21,60,MS,2025-05-19,no usable strict ordinary-day match
annual_meeting_results,cash_secured_put,21,60,MO,2025-05-20,no usable strict ordinary-day match
annual_meeting_results,cash_secured_put,21,60,CVS,2025-05-21,no usable strict ordinary-day match
annual_meeting_results,cash_secured_put,21,60,JPM,2025-05-23,no usable strict ordinary-day match
annual_meeting_results,cash_secured_put,21,60,SCHW,2025-05-27,no usable strict ordinary-day match
annual_meeting_results,cash_secured_put,21,60,SO,2025-05-28,no usable strict ordinary-day match
annual_meeting_results,cash_secured_put,21,60,NOW,2025-05-28,no usable strict ordinary-day match
annual_meeting_results,cash_secured_put,21,60,VZ,2025-05-29,no usable strict ordinary-day match
annual_meeting_results,cash_secured_put,21,60,MRK,2025-05-30,no usable strict ordinary-day match
annual_meeting_results,cash_secured_put,21,60,BKNG,2025-06-05,no usable strict ordinary-day match
annual_meeting_results,cash_secured_put,21,60,UNH,2025-06-05,no usable strict ordinary-day match
annual_meeting_results,cash_secured_put,21,60,GM,2025-06-06,unusable event quote or stock
annual_meeting_results,cash_secured_put,21,60,WMT,2025-06-09,no usable strict ordinary-day match
annual_meeting_results,cash_secured_put,21,60,PYPL,2025-06-10,no usable strict ordinary-day match
annual_meeting_results,cash_secured_put,21,60,TMUS,2025-06-11,no usable strict ordinary-day match
annual_meeting_results,cash_secured_put,21,60,GOOGL,2025-06-13,no usable strict ordinary-day match
annual_meeting_results,cash_secured_put,21,60,MET,2025-06-23,no usable strict ordinary-day match
annual_meeting_results,cash_secured_put,21,60,CMCSA,2025-06-23,no usable strict ordinary-day match
annual_meeting_results,cash_secured_put,21,60,FDX,2025-10-03,unusable event quote or stock
annual_meeting_results,cash_secured_put,21,60,PG,2025-10-15,no usable strict ordinary-day match
annual_meeting_results,cash_secured_put,21,60,PG,2025-10-17,unusable event quote or stock
annual_meeting_results,cash_secured_put,21,60,ORCL,2025-11-24,unusable event quote or stock
annual_meeting_results,cash_secured_put,21,60,MSFT,2025-12-09,no usable strict ordinary-day match
annual_meeting_results,cash_secured_put,21,60,CSCO,2025-12-18,unusable event quote or stock
annual_meeting_results,long_call,21,300,INTU,2024-01-23,no usable strict ordinary-day match
annual_meeting_results,long_call,21,300,EMR,2024-02-12,unusable event quote or stock
annual_meeting_results,long_call,21,300,DE,2024-03-04,no usable strict ordinary-day match
annual_meeting_results,long_call,21,300,QCOM,2024-03-08,no usable strict ordinary-day match
annual_meeting_results,long_call,21,300,SBUX,2024-03-18,no usable strict ordinary-day match
annual_meeting_results,long_call,21,300,BK,2024-04-11,no usable strict ordinary-day match
annual_meeting_results,long_call,21,300,ADBE,2024-04-22,no usable strict ordinary-day match
annual_meeting_results,long_call,21,300,GS,2024-04-26,no usable strict ordinary-day match
annual_meeting_results,long_call,21,300,TXN,2024-04-29,no usable strict ordinary-day match
annual_meeting_results,long_call,21,300,BAC,2024-04-29,no usable strict ordinary-day match
annual_meeting_results,long_call,21,300,JNJ,2024-04-30,no usable strict ordinary-day match
annual_meeting_results,long_call,21,300,PFE,2024-04-30,no usable strict ordinary-day match
annual_meeting_results,long_call,21,300,ISRG,2024-05-01,unusable event quote or stock
annual_meeting_results,long_call,21,300,C,2024-05-03,no usable strict ordinary-day match
annual_meeting_results,long_call,21,300,GD,2024-05-06,unusable event quote or stock
annual_meeting_results,long_call,21,300,COF,2024-05-06,no usable strict ordinary-day match
annual_meeting_results,long_call,21,300,LMT,2024-05-06,no usable strict ordinary-day match
annual_meeting_results,long_call,21,300,UPS,2024-05-07,no usable strict ordinary-day match
annual_meeting_results,long_call,21,300,PM,2024-05-10,no usable strict ordinary-day match
annual_meeting_results,long_call,21,300,BMY,2024-05-10,no usable strict ordinary-day match
annual_meeting_results,long_call,21,300,DHR,2024-05-10,no usable strict ordinary-day match
annual_meeting_results,long_call,21,300,GE,2024-05-13,unusable event quote or stock
annual_meeting_results,long_call,21,300,CL,2024-05-16,no usable strict ordinary-day match
annual_meeting_results,long_call,21,300,MMM,2024-05-17,unusable event quote or stock
annual_meeting_results,long_call,21,300,HON,2024-05-17,no usable strict ordinary-day match
annual_meeting_results,long_call,21,300,AIG,2024-05-20,unusable event quote or stock
annual_meeting_results,long_call,21,300,BLK,2024-05-20,unusable event quote or stock
annual_meeting_results,long_call,21,300,MDLZ,2024-05-23,unusable event quote or stock
annual_meeting_results,long_call,21,300,JPM,2024-05-24,no usable strict ordinary-day match
annual_meeting_results,long_call,21,300,SO,2024-05-28,no usable strict ordinary-day match
annual_meeting_results,long_call,21,300,TMO,2024-05-28,no usable strict ordinary-day match
annual_meeting_results,long_call,21,300,MS,2024-05-28,no usable strict ordinary-day match
annual_meeting_results,long_call,21,300,AMT,2024-05-28,no usable strict ordinary-day match
annual_meeting_results,long_call,21,300,PYPL,2024-05-29,no usable strict ordinary-day match
annual_meeting_results,long_call,21,300,NEE,2024-05-29,no usable strict ordinary-day match
annual_meeting_results,long_call,21,300,MRK,2024-05-31,no usable strict ordinary-day match
annual_meeting_results,long_call,21,300,XOM,2024-06-03,unusable event quote or stock
annual_meeting_results,long_call,21,300,BKNG,2024-06-06,unusable event quote or stock
annual_meeting_results,long_call,21,300,UNH,2024-06-10,no usable strict ordinary-day match
annual_meeting_results,long_call,21,300,CMCSA,2024-06-13,no usable strict ordinary-day match
annual_meeting_results,long_call,21,300,GOOGL,2024-06-14,no usable strict ordinary-day match
annual_meeting_results,long_call,21,300,TMUS,2024-06-17,no usable strict ordinary-day match
annual_meeting_results,long_call,21,300,TSLA,2024-06-17,no usable strict ordinary-day match
annual_meeting_results,long_call,21,300,MET,2024-06-25,no usable strict ordinary-day match
annual_meeting_results,long_call,21,300,CRM,2024-07-02,no usable strict ordinary-day match
annual_meeting_results,long_call,21,300,NVDA,2024-07-03,unusable event quote or stock
annual_meeting_results,long_call,21,300,PG,2024-10-11,no usable strict ordinary-day match
annual_meeting_results,long_call,21,300,MDT,2024-10-22,no usable strict ordinary-day match
annual_meeting_results,long_call,21,300,INTU,2025-01-28,no usable strict ordinary-day match
annual_meeting_results,long_call,21,300,COST,2025-01-28,unusable event quote or stock
annual_meeting_results,long_call,21,300,EMR,2025-02-10,no usable strict ordinary-day match
annual_meeting_results,long_call,21,300,DE,2025-03-03,unusable event quote or stock
annual_meeting_results,long_call,21,300,SBUX,2025-03-17,no usable strict ordinary-day match
annual_meeting_results,long_call,21,300,BK,2025-04-17,no usable strict ordinary-day match
annual_meeting_results,long_call,21,300,ADBE,2025-04-25,no usable strict ordinary-day match
annual_meeting_results,long_call,21,300,CHTR,2025-04-28,no usable strict ordinary-day match
annual_meeting_results,long_call,21,300,JNJ,2025-05-01,no usable strict ordinary-day match
annual_meeting_results,long_call,21,300,C,2025-05-02,no usable strict ordinary-day match
annual_meeting_results,long_call,21,300,ISRG,2025-05-06,no usable strict ordinary-day match
annual_meeting_results,long_call,21,300,BMY,2025-05-08,no usable strict ordinary-day match
annual_meeting_results,long_call,21,300,LLY,2025-05-09,no usable strict ordinary-day match
annual_meeting_results,long_call,21,300,DHR,2025-05-09,unusable event quote or stock
annual_meeting_results,long_call,21,300,GILD,2025-05-09,no usable strict ordinary-day match
annual_meeting_results,long_call,21,300,PM,2025-05-12,no usable strict ordinary-day match
annual_meeting_results,long_call,21,300,LMT,2025-05-12,no usable strict ordinary-day match
annual_meeting_results,long_call,21,300,GD,2025-05-12,no usable strict ordinary-day match
annual_meeting_results,long_call,21,300,UPS,2025-05-13,no usable strict ordinary-day match
annual_meeting_results,long_call,21,300,ABBV,2025-05-14,no usable strict ordinary-day match
annual_meeting_results,long_call,21,300,MMM,2025-05-15,no usable strict ordinary-day match
annual_meeting_results,long_call,21,300,CL,2025-05-15,no usable strict ordinary-day match
annual_meeting_results,long_call,21,300,AMT,2025-05-16,no usable strict ordinary-day match
annual_meeting_results,long_call,21,300,AIG,2025-05-19,no usable strict ordinary-day match
annual_meeting_results,long_call,21,300,BLK,2025-05-19,no usable strict ordinary-day match
annual_meeting_results,long_call,21,300,MS,2025-05-19,no usable strict ordinary-day match
annual_meeting_results,long_call,21,300,MO,2025-05-20,no usable strict ordinary-day match
annual_meeting_results,long_call,21,300,CVS,2025-05-21,no usable strict ordinary-day match
annual_meeting_results,long_call,21,300,JPM,2025-05-23,no usable strict ordinary-day match
annual_meeting_results,long_call,21,300,SCHW,2025-05-27,no usable strict ordinary-day match
annual_meeting_results,long_call,21,300,SO,2025-05-28,no usable strict ordinary-day match
annual_meeting_results,long_call,21,300,NOW,2025-05-28,no usable strict ordinary-day match
annual_meeting_results,long_call,21,300,VZ,2025-05-29,no usable strict ordinary-day match
annual_meeting_results,long_call,21,300,MRK,2025-05-30,no usable strict ordinary-day match
annual_meeting_results,long_call,21,300,BKNG,2025-06-05,no usable strict ordinary-day match
annual_meeting_results,long_call,21,300,UNH,2025-06-05,no usable strict ordinary-day match
annual_meeting_results,long_call,21,300,GM,2025-06-06,no usable strict ordinary-day match
annual_meeting_results,long_call,21,300,WMT,2025-06-09,no usable strict ordinary-day match
annual_meeting_results,long_call,21,300,PYPL,2025-06-10,no usable strict ordinary-day match
annual_meeting_results,long_call,21,300,TMUS,2025-06-11,no usable strict ordinary-day match
annual_meeting_results,long_call,21,300,GOOGL,2025-06-13,no usable strict ordinary-day match
annual_meeting_results,long_call,21,300,MET,2025-06-23,no usable strict ordinary-day match
annual_meeting_results,long_call,21,300,CMCSA,2025-06-23,no usable strict ordinary-day match
annual_meeting_results,long_call,21,300,FDX,2025-10-03,unusable event quote or stock
annual_meeting_results,long_call,21,300,PG,2025-10-15,no usable strict ordinary-day match
annual_meeting_results,long_call,21,300,PG,2025-10-17,no usable strict ordinary-day match
annual_meeting_results,long_call,21,300,ORCL,2025-11-24,unusable event quote or stock
annual_meeting_results,long_call,21,300,MSFT,2025-12-09,no usable strict ordinary-day match
annual_meeting_results,long_call,21,300,CSCO,2025-12-18,no usable strict ordinary-day match
annual_meeting_results,covered_call,21,300,INTU,2024-01-23,no usable strict ordinary-day match
annual_meeting_results,covered_call,21,300,EMR,2024-02-12,no usable strict ordinary-day match
annual_meeting_results,covered_call,21,300,DE,2024-03-04,no usable strict ordinary-day match
annual_meeting_results,covered_call,21,300,QCOM,2024-03-08,no usable strict ordinary-day match
annual_meeting_results,covered_call,21,300,SBUX,2024-03-18,no usable strict ordinary-day match
annual_meeting_results,covered_call,21,300,BK,2024-04-11,unusable event quote or stock
annual_meeting_results,covered_call,21,300,ADBE,2024-04-22,no usable strict ordinary-day match
annual_meeting_results,covered_call,21,300,GS,2024-04-26,no usable strict ordinary-day match
annual_meeting_results,covered_call,21,300,TXN,2024-04-29,no usable strict ordinary-day match
annual_meeting_results,covered_call,21,300,BAC,2024-04-29,no usable strict ordinary-day match
annual_meeting_results,covered_call,21,300,JNJ,2024-04-30,no usable strict ordinary-day match
annual_meeting_results,covered_call,21,300,PFE,2024-04-30,no usable strict ordinary-day match
annual_meeting_results,covered_call,21,300,ISRG,2024-05-01,unusable event quote or stock
annual_meeting_results,covered_call,21,300,C,2024-05-03,no usable strict ordinary-day match
annual_meeting_results,covered_call,21,300,GD,2024-05-06,unusable event quote or stock
annual_meeting_results,covered_call,21,300,COF,2024-05-06,no usable strict ordinary-day match
annual_meeting_results,covered_call,21,300,LMT,2024-05-06,no usable strict ordinary-day match
annual_meeting_results,covered_call,21,300,UPS,2024-05-07,no usable strict ordinary-day match
annual_meeting_results,covered_call,21,300,PM,2024-05-10,no usable strict ordinary-day match
annual_meeting_results,covered_call,21,300,BMY,2024-05-10,no usable strict ordinary-day match
annual_meeting_results,covered_call,21,300,DHR,2024-05-10,no usable strict ordinary-day match
annual_meeting_results,covered_call,21,300,GE,2024-05-13,unusable event quote or stock
annual_meeting_results,covered_call,21,300,UNP,2024-05-13,unusable event quote or stock
annual_meeting_results,covered_call,21,300,CL,2024-05-16,no usable strict ordinary-day match
annual_meeting_results,covered_call,21,300,MMM,2024-05-17,unusable event quote or stock
annual_meeting_results,covered_call,21,300,HON,2024-05-17,no usable strict ordinary-day match
annual_meeting_results,covered_call,21,300,AIG,2024-05-20,no usable strict ordinary-day match
annual_meeting_results,covered_call,21,300,BLK,2024-05-20,unusable event quote or stock
annual_meeting_results,covered_call,21,300,MDLZ,2024-05-23,unusable event quote or stock
annual_meeting_results,covered_call,21,300,JPM,2024-05-24,no usable strict ordinary-day match
annual_meeting_results,covered_call,21,300,SO,2024-05-28,no usable strict ordinary-day match
annual_meeting_results,covered_call,21,300,TMO,2024-05-28,no usable strict ordinary-day match
annual_meeting_results,covered_call,21,300,MS,2024-05-28,no usable strict ordinary-day match
annual_meeting_results,covered_call,21,300,AMT,2024-05-28,no usable strict ordinary-day match
annual_meeting_results,covered_call,21,300,PYPL,2024-05-29,unusable event quote or stock
annual_meeting_results,covered_call,21,300,NEE,2024-05-29,no usable strict ordinary-day match
annual_meeting_results,covered_call,21,300,MRK,2024-05-31,no usable strict ordinary-day match
annual_meeting_results,covered_call,21,300,XOM,2024-06-03,unusable event quote or stock
annual_meeting_results,covered_call,21,300,BKNG,2024-06-06,unusable event quote or stock
annual_meeting_results,covered_call,21,300,UNH,2024-06-10,no usable strict ordinary-day match
annual_meeting_results,covered_call,21,300,CMCSA,2024-06-13,no usable strict ordinary-day match
annual_meeting_results,covered_call,21,300,GOOGL,2024-06-14,no usable strict ordinary-day match
annual_meeting_results,covered_call,21,300,TMUS,2024-06-17,no usable strict ordinary-day match
annual_meeting_results,covered_call,21,300,TSLA,2024-06-17,no usable strict ordinary-day match
annual_meeting_results,covered_call,21,300,MET,2024-06-25,no usable strict ordinary-day match
annual_meeting_results,covered_call,21,300,CRM,2024-07-02,no usable strict ordinary-day match
annual_meeting_results,covered_call,21,300,NVDA,2024-07-03,unusable event quote or stock
annual_meeting_results,covered_call,21,300,PG,2024-10-11,unusable event quote or stock
annual_meeting_results,covered_call,21,300,MDT,2024-10-22,no usable strict ordinary-day match
annual_meeting_results,covered_call,21,300,INTU,2025-01-28,no usable strict ordinary-day match
annual_meeting_results,covered_call,21,300,COST,2025-01-28,unusable event quote or stock
annual_meeting_results,covered_call,21,300,EMR,2025-02-10,no usable strict ordinary-day match
annual_meeting_results,covered_call,21,300,DE,2025-03-03,unusable event quote or stock
annual_meeting_results,covered_call,21,300,SBUX,2025-03-17,no usable strict ordinary-day match
annual_meeting_results,covered_call,21,300,BK,2025-04-17,no usable strict ordinary-day match
annual_meeting_results,covered_call,21,300,ADBE,2025-04-25,no usable strict ordinary-day match
annual_meeting_results,covered_call,21,300,CHTR,2025-04-28,no usable strict ordinary-day match
annual_meeting_results,covered_call,21,300,JNJ,2025-05-01,no usable strict ordinary-day match
annual_meeting_results,covered_call,21,300,C,2025-05-02,no usable strict ordinary-day match
annual_meeting_results,covered_call,21,300,ISRG,2025-05-06,no usable strict ordinary-day match
annual_meeting_results,covered_call,21,300,BMY,2025-05-08,no usable strict ordinary-day match
annual_meeting_results,covered_call,21,300,LLY,2025-05-09,no usable strict ordinary-day match
annual_meeting_results,covered_call,21,300,DHR,2025-05-09,unusable event quote or stock
annual_meeting_results,covered_call,21,300,GILD,2025-05-09,no usable strict ordinary-day match
annual_meeting_results,covered_call,21,300,PM,2025-05-12,no usable strict ordinary-day match
annual_meeting_results,covered_call,21,300,LMT,2025-05-12,no usable strict ordinary-day match
annual_meeting_results,covered_call,21,300,GD,2025-05-12,no usable strict ordinary-day match
annual_meeting_results,covered_call,21,300,UPS,2025-05-13,no usable strict ordinary-day match
annual_meeting_results,covered_call,21,300,ABBV,2025-05-14,no usable strict ordinary-day match
annual_meeting_results,covered_call,21,300,MMM,2025-05-15,no usable strict ordinary-day match
annual_meeting_results,covered_call,21,300,CL,2025-05-15,no usable strict ordinary-day match
annual_meeting_results,covered_call,21,300,AMT,2025-05-16,unusable event quote or stock
annual_meeting_results,covered_call,21,300,AIG,2025-05-19,no usable strict ordinary-day match
annual_meeting_results,covered_call,21,300,BLK,2025-05-19,no usable strict ordinary-day match
annual_meeting_results,covered_call,21,300,MS,2025-05-19,no usable strict ordinary-day match
annual_meeting_results,covered_call,21,300,MO,2025-05-20,no usable strict ordinary-day match
annual_meeting_results,covered_call,21,300,CVS,2025-05-21,no usable strict ordinary-day match
annual_meeting_results,covered_call,21,300,JPM,2025-05-23,no usable strict ordinary-day match
annual_meeting_results,covered_call,21,300,SCHW,2025-05-27,no usable strict ordinary-day match
annual_meeting_results,covered_call,21,300,SO,2025-05-28,no usable strict ordinary-day match
annual_meeting_results,covered_call,21,300,NOW,2025-05-28,no usable strict ordinary-day match
annual_meeting_results,covered_call,21,300,VZ,2025-05-29,no usable strict ordinary-day match
annual_meeting_results,covered_call,21,300,MRK,2025-05-30,no usable strict ordinary-day match
annual_meeting_results,covered_call,21,300,BKNG,2025-06-05,no usable strict ordinary-day match
annual_meeting_results,covered_call,21,300,UNH,2025-06-05,no usable strict ordinary-day match
annual_meeting_results,covered_call,21,300,GM,2025-06-06,no usable strict ordinary-day match
annual_meeting_results,covered_call,21,300,WMT,2025-06-09,no usable strict ordinary-day match
annual_meeting_results,covered_call,21,300,PYPL,2025-06-10,no usable strict ordinary-day match
annual_meeting_results,covered_call,21,300,TMUS,2025-06-11,no usable strict ordinary-day match
annual_meeting_results,covered_call,21,300,GOOGL,2025-06-13,no usable strict ordinary-day match
annual_meeting_results,covered_call,21,300,MET,2025-06-23,no usable strict ordinary-day match
annual_meeting_results,covered_call,21,300,CMCSA,2025-06-23,no usable strict ordinary-day match
annual_meeting_results,covered_call,21,300,FDX,2025-10-03,unusable event quote or stock
annual_meeting_results,covered_call,21,300,PG,2025-10-15,unusable event quote or stock
annual_meeting_results,covered_call,21,300,PG,2025-10-17,no usable strict ordinary-day match
annual_meeting_results,covered_call,21,300,MDT,2025-10-22,no usable strict ordinary-day match
annual_meeting_results,covered_call,21,300,ORCL,2025-11-24,unusable event quote or stock
annual_meeting_results,covered_call,21,300,MSFT,2025-12-09,no usable strict ordinary-day match
annual_meeting_results,covered_call,21,300,CSCO,2025-12-18,no usable strict ordinary-day match
annual_meeting_results,protective_put,21,300,INTU,2024-01-23,no usable strict ordinary-day match
annual_meeting_results,protective_put,21,300,EMR,2024-02-12,no usable strict ordinary-day match
annual_meeting_results,protective_put,21,300,DE,2024-03-04,no usable strict ordinary-day match
annual_meeting_results,protective_put,21,300,QCOM,2024-03-08,no usable strict ordinary-day match
annual_meeting_results,protective_put,21,300,SBUX,2024-03-18,no usable strict ordinary-day match
annual_meeting_results,protective_put,21,300,BK,2024-04-11,no usable strict ordinary-day match
annual_meeting_results,protective_put,21,300,ADBE,2024-04-22,no usable strict ordinary-day match
annual_meeting_results,protective_put,21,300,GS,2024-04-26,no usable strict ordinary-day match
annual_meeting_results,protective_put,21,300,TXN,2024-04-29,no usable strict ordinary-day match
annual_meeting_results,protective_put,21,300,BAC,2024-04-29,no usable strict ordinary-day match
annual_meeting_results,protective_put,21,300,JNJ,2024-04-30,no usable strict ordinary-day match
annual_meeting_results,protective_put,21,300,PFE,2024-04-30,no usable strict ordinary-day match
annual_meeting_results,protective_put,21,300,ISRG,2024-05-01,unusable event quote or stock
annual_meeting_results,protective_put,21,300,C,2024-05-03,no usable strict ordinary-day match
annual_meeting_results,protective_put,21,300,GD,2024-05-06,unusable event quote or stock
annual_meeting_results,protective_put,21,300,COF,2024-05-06,unusable event quote or stock
annual_meeting_results,protective_put,21,300,LMT,2024-05-06,no usable strict ordinary-day match
annual_meeting_results,protective_put,21,300,UPS,2024-05-07,no usable strict ordinary-day match
annual_meeting_results,protective_put,21,300,PM,2024-05-10,no usable strict ordinary-day match
annual_meeting_results,protective_put,21,300,BMY,2024-05-10,no usable strict ordinary-day match
annual_meeting_results,protective_put,21,300,DHR,2024-05-10,no usable strict ordinary-day match
annual_meeting_results,protective_put,21,300,GE,2024-05-13,unusable event quote or stock
annual_meeting_results,protective_put,21,300,CL,2024-05-16,no usable strict ordinary-day match
annual_meeting_results,protective_put,21,300,MMM,2024-05-17,unusable event quote or stock
annual_meeting_results,protective_put,21,300,HON,2024-05-17,no usable strict ordinary-day match
annual_meeting_results,protective_put,21,300,AIG,2024-05-20,no usable strict ordinary-day match
annual_meeting_results,protective_put,21,300,BLK,2024-05-20,unusable event quote or stock
annual_meeting_results,protective_put,21,300,MDLZ,2024-05-23,unusable event quote or stock
annual_meeting_results,protective_put,21,300,JPM,2024-05-24,no usable strict ordinary-day match
annual_meeting_results,protective_put,21,300,SO,2024-05-28,no usable strict ordinary-day match
annual_meeting_results,protective_put,21,300,TMO,2024-05-28,no usable strict ordinary-day match
annual_meeting_results,protective_put,21,300,MS,2024-05-28,no usable strict ordinary-day match
annual_meeting_results,protective_put,21,300,AMT,2024-05-28,no usable strict ordinary-day match
annual_meeting_results,protective_put,21,300,PYPL,2024-05-29,no usable strict ordinary-day match
annual_meeting_results,protective_put,21,300,NEE,2024-05-29,no usable strict ordinary-day match
annual_meeting_results,protective_put,21,300,MRK,2024-05-31,no usable strict ordinary-day match
annual_meeting_results,protective_put,21,300,XOM,2024-06-03,unusable event quote or stock
annual_meeting_results,protective_put,21,300,BKNG,2024-06-06,unusable event quote or stock
annual_meeting_results,protective_put,21,300,UNH,2024-06-10,no usable strict ordinary-day match
annual_meeting_results,protective_put,21,300,CMCSA,2024-06-13,no usable strict ordinary-day match
annual_meeting_results,protective_put,21,300,GOOGL,2024-06-14,no usable strict ordinary-day match
annual_meeting_results,protective_put,21,300,TMUS,2024-06-17,no usable strict ordinary-day match
annual_meeting_results,protective_put,21,300,TSLA,2024-06-17,no usable strict ordinary-day match
annual_meeting_results,protective_put,21,300,MET,2024-06-25,no usable strict ordinary-day match
annual_meeting_results,protective_put,21,300,CRM,2024-07-02,no usable strict ordinary-day match
annual_meeting_results,protective_put,21,300,NVDA,2024-07-03,unusable event quote or stock
annual_meeting_results,protective_put,21,300,PG,2024-10-11,no usable strict ordinary-day match
annual_meeting_results,protective_put,21,300,MDT,2024-10-22,no usable strict ordinary-day match
annual_meeting_results,protective_put,21,300,INTU,2025-01-28,no usable strict ordinary-day match
annual_meeting_results,protective_put,21,300,COST,2025-01-28,unusable event quote or stock
annual_meeting_results,protective_put,21,300,EMR,2025-02-10,no usable strict ordinary-day match
annual_meeting_results,protective_put,21,300,DE,2025-03-03,unusable event quote or stock
annual_meeting_results,protective_put,21,300,SBUX,2025-03-17,no usable strict ordinary-day match
annual_meeting_results,protective_put,21,300,BK,2025-04-17,no usable strict ordinary-day match
annual_meeting_results,protective_put,21,300,ADBE,2025-04-25,no usable strict ordinary-day match
annual_meeting_results,protective_put,21,300,CHTR,2025-04-28,no usable strict ordinary-day match
annual_meeting_results,protective_put,21,300,PFE,2025-04-29,no usable strict ordinary-day match
annual_meeting_results,protective_put,21,300,JNJ,2025-05-01,no usable strict ordinary-day match
annual_meeting_results,protective_put,21,300,C,2025-05-02,no usable strict ordinary-day match
annual_meeting_results,protective_put,21,300,ISRG,2025-05-06,no usable strict ordinary-day match
annual_meeting_results,protective_put,21,300,BMY,2025-05-08,no usable strict ordinary-day match
annual_meeting_results,protective_put,21,300,LLY,2025-05-09,no usable strict ordinary-day match
annual_meeting_results,protective_put,21,300,DHR,2025-05-09,unusable event quote or stock
annual_meeting_results,protective_put,21,300,GILD,2025-05-09,no usable strict ordinary-day match
annual_meeting_results,protective_put,21,300,PM,2025-05-12,no usable strict ordinary-day match
annual_meeting_results,protective_put,21,300,LMT,2025-05-12,no usable strict ordinary-day match
annual_meeting_results,protective_put,21,300,GD,2025-05-12,no usable strict ordinary-day match
annual_meeting_results,protective_put,21,300,UPS,2025-05-13,no usable strict ordinary-day match
annual_meeting_results,protective_put,21,300,ABBV,2025-05-14,no usable strict ordinary-day match
annual_meeting_results,protective_put,21,300,MMM,2025-05-15,no usable strict ordinary-day match
annual_meeting_results,protective_put,21,300,CL,2025-05-15,no usable strict ordinary-day match
annual_meeting_results,protective_put,21,300,AMT,2025-05-16,no usable strict ordinary-day match
annual_meeting_results,protective_put,21,300,AIG,2025-05-19,no usable strict ordinary-day match
annual_meeting_results,protective_put,21,300,BLK,2025-05-19,no usable strict ordinary-day match
annual_meeting_results,protective_put,21,300,MS,2025-05-19,no usable strict ordinary-day match
annual_meeting_results,protective_put,21,300,MO,2025-05-20,no usable strict ordinary-day match
annual_meeting_results,protective_put,21,300,CVS,2025-05-21,no usable strict ordinary-day match
annual_meeting_results,protective_put,21,300,JPM,2025-05-23,no usable strict ordinary-day match
annual_meeting_results,protective_put,21,300,SCHW,2025-05-27,no usable strict ordinary-day match
annual_meeting_results,protective_put,21,300,SO,2025-05-28,no usable strict ordinary-day match
annual_meeting_results,protective_put,21,300,NOW,2025-05-28,no usable strict ordinary-day match
annual_meeting_results,protective_put,21,300,VZ,2025-05-29,no usable strict ordinary-day match
annual_meeting_results,protective_put,21,300,MRK,2025-05-30,no usable strict ordinary-day match
annual_meeting_results,protective_put,21,300,BKNG,2025-06-05,no usable strict ordinary-day match
annual_meeting_results,protective_put,21,300,UNH,2025-06-05,no usable strict ordinary-day match
annual_meeting_results,protective_put,21,300,GM,2025-06-06,no usable strict ordinary-day match
annual_meeting_results,protective_put,21,300,WMT,2025-06-09,no usable strict ordinary-day match
annual_meeting_results,protective_put,21,300,PYPL,2025-06-10,no usable strict ordinary-day match
annual_meeting_results,protective_put,21,300,TMUS,2025-06-11,no usable strict ordinary-day match
annual_meeting_results,protective_put,21,300,GOOGL,2025-06-13,no usable strict ordinary-day match
annual_meeting_results,protective_put,21,300,MET,2025-06-23,no usable strict ordinary-day match
annual_meeting_results,protective_put,21,300,CMCSA,2025-06-23,no usable strict ordinary-day match
annual_meeting_results,protective_put,21,300,FDX,2025-10-03,unusable event quote or stock
annual_meeting_results,protective_put,21,300,PG,2025-10-15,no usable strict ordinary-day match
annual_meeting_results,protective_put,21,300,PG,2025-10-17,no usable strict ordinary-day match
annual_meeting_results,protective_put,21,300,ORCL,2025-11-24,unusable event quote or stock
annual_meeting_results,protective_put,21,300,MSFT,2025-12-09,no usable strict ordinary-day match
annual_meeting_results,protective_put,21,300,CSCO,2025-12-18,no usable strict ordinary-day match
annual_meeting_results,collar,21,300,INTU,2024-01-23,no usable strict ordinary-day match
annual_meeting_results,collar,21,300,EMR,2024-02-12,no usable strict ordinary-day match
annual_meeting_results,collar,21,300,DE,2024-03-04,no usable strict ordinary-day match
annual_meeting_results,collar,21,300,QCOM,2024-03-08,no usable strict ordinary-day match
annual_meeting_results,collar,21,300,SBUX,2024-03-18,no usable strict ordinary-day match
annual_meeting_results,collar,21,300,BK,2024-04-11,unusable event quote or stock
annual_meeting_results,collar,21,300,ADBE,2024-04-22,no usable strict ordinary-day match
annual_meeting_results,collar,21,300,GS,2024-04-26,no usable strict ordinary-day match
annual_meeting_results,collar,21,300,TXN,2024-04-29,no usable strict ordinary-day match
annual_meeting_results,collar,21,300,BAC,2024-04-29,no usable strict ordinary-day match
annual_meeting_results,collar,21,300,JNJ,2024-04-30,no usable strict ordinary-day match
annual_meeting_results,collar,21,300,PFE,2024-04-30,no usable strict ordinary-day match
annual_meeting_results,collar,21,300,ISRG,2024-05-01,unusable event quote or stock
annual_meeting_results,collar,21,300,C,2024-05-03,no usable strict ordinary-day match
annual_meeting_results,collar,21,300,GD,2024-05-06,unusable event quote or stock
annual_meeting_results,collar,21,300,COF,2024-05-06,unusable event quote or stock
annual_meeting_results,collar,21,300,LMT,2024-05-06,no usable strict ordinary-day match
annual_meeting_results,collar,21,300,UPS,2024-05-07,no usable strict ordinary-day match
annual_meeting_results,collar,21,300,PM,2024-05-10,no usable strict ordinary-day match
annual_meeting_results,collar,21,300,BMY,2024-05-10,no usable strict ordinary-day match
annual_meeting_results,collar,21,300,DHR,2024-05-10,no usable strict ordinary-day match
annual_meeting_results,collar,21,300,GE,2024-05-13,unusable event quote or stock
annual_meeting_results,collar,21,300,UNP,2024-05-13,unusable event quote or stock
annual_meeting_results,collar,21,300,CL,2024-05-16,no usable strict ordinary-day match
annual_meeting_results,collar,21,300,MMM,2024-05-17,unusable event quote or stock
annual_meeting_results,collar,21,300,HON,2024-05-17,no usable strict ordinary-day match
annual_meeting_results,collar,21,300,AIG,2024-05-20,no usable strict ordinary-day match
annual_meeting_results,collar,21,300,BLK,2024-05-20,unusable event quote or stock
annual_meeting_results,collar,21,300,MDLZ,2024-05-23,unusable event quote or stock
annual_meeting_results,collar,21,300,JPM,2024-05-24,no usable strict ordinary-day match
annual_meeting_results,collar,21,300,SO,2024-05-28,no usable strict ordinary-day match
annual_meeting_results,collar,21,300,TMO,2024-05-28,no usable strict ordinary-day match
annual_meeting_results,collar,21,300,MS,2024-05-28,no usable strict ordinary-day match
annual_meeting_results,collar,21,300,AMT,2024-05-28,no usable strict ordinary-day match
annual_meeting_results,collar,21,300,PYPL,2024-05-29,unusable event quote or stock
annual_meeting_results,collar,21,300,NEE,2024-05-29,no usable strict ordinary-day match
annual_meeting_results,collar,21,300,MRK,2024-05-31,no usable strict ordinary-day match
annual_meeting_results,collar,21,300,XOM,2024-06-03,unusable event quote or stock
annual_meeting_results,collar,21,300,BKNG,2024-06-06,unusable event quote or stock
annual_meeting_results,collar,21,300,UNH,2024-06-10,no usable strict ordinary-day match
annual_meeting_results,collar,21,300,CMCSA,2024-06-13,no usable strict ordinary-day match
annual_meeting_results,collar,21,300,GOOGL,2024-06-14,no usable strict ordinary-day match
annual_meeting_results,collar,21,300,TMUS,2024-06-17,no usable strict ordinary-day match
annual_meeting_results,collar,21,300,TSLA,2024-06-17,no usable strict ordinary-day match
annual_meeting_results,collar,21,300,MET,2024-06-25,no usable strict ordinary-day match
annual_meeting_results,collar,21,300,CRM,2024-07-02,no usable strict ordinary-day match
annual_meeting_results,collar,21,300,NVDA,2024-07-03,unusable event quote or stock
annual_meeting_results,collar,21,300,PG,2024-10-11,unusable event quote or stock
annual_meeting_results,collar,21,300,MDT,2024-10-22,no usable strict ordinary-day match
annual_meeting_results,collar,21,300,INTU,2025-01-28,no usable strict ordinary-day match
annual_meeting_results,collar,21,300,COST,2025-01-28,unusable event quote or stock
annual_meeting_results,collar,21,300,EMR,2025-02-10,no usable strict ordinary-day match
annual_meeting_results,collar,21,300,DE,2025-03-03,unusable event quote or stock
annual_meeting_results,collar,21,300,SBUX,2025-03-17,no usable strict ordinary-day match
annual_meeting_results,collar,21,300,BK,2025-04-17,no usable strict ordinary-day match
annual_meeting_results,collar,21,300,ADBE,2025-04-25,no usable strict ordinary-day match
annual_meeting_results,collar,21,300,CHTR,2025-04-28,no usable strict ordinary-day match
annual_meeting_results,collar,21,300,PFE,2025-04-29,no usable strict ordinary-day match
annual_meeting_results,collar,21,300,JNJ,2025-05-01,no usable strict ordinary-day match
annual_meeting_results,collar,21,300,C,2025-05-02,no usable strict ordinary-day match
annual_meeting_results,collar,21,300,ISRG,2025-05-06,no usable strict ordinary-day match
annual_meeting_results,collar,21,300,BMY,2025-05-08,no usable strict ordinary-day match
annual_meeting_results,collar,21,300,LLY,2025-05-09,no usable strict ordinary-day match
annual_meeting_results,collar,21,300,DHR,2025-05-09,unusable event quote or stock
annual_meeting_results,collar,21,300,GILD,2025-05-09,no usable strict ordinary-day match
annual_meeting_results,collar,21,300,PM,2025-05-12,no usable strict ordinary-day match
annual_meeting_results,collar,21,300,LMT,2025-05-12,no usable strict ordinary-day match
annual_meeting_results,collar,21,300,GD,2025-05-12,no usable strict ordinary-day match
annual_meeting_results,collar,21,300,UPS,2025-05-13,no usable strict ordinary-day match
annual_meeting_results,collar,21,300,ABBV,2025-05-14,no usable strict ordinary-day match
annual_meeting_results,collar,21,300,MMM,2025-05-15,no usable strict ordinary-day match
annual_meeting_results,collar,21,300,CL,2025-05-15,no usable strict ordinary-day match
annual_meeting_results,collar,21,300,AMT,2025-05-16,unusable event quote or stock
annual_meeting_results,collar,21,300,AIG,2025-05-19,no usable strict ordinary-day match
annual_meeting_results,collar,21,300,BLK,2025-05-19,no usable strict ordinary-day match
annual_meeting_results,collar,21,300,MS,2025-05-19,no usable strict ordinary-day match
annual_meeting_results,collar,21,300,MO,2025-05-20,no usable strict ordinary-day match
annual_meeting_results,collar,21,300,CVS,2025-05-21,no usable strict ordinary-day match
annual_meeting_results,collar,21,300,JPM,2025-05-23,no usable strict ordinary-day match
annual_meeting_results,collar,21,300,SCHW,2025-05-27,no usable strict ordinary-day match
annual_meeting_results,collar,21,300,SO,2025-05-28,no usable strict ordinary-day match
annual_meeting_results,collar,21,300,NOW,2025-05-28,no usable strict ordinary-day match
annual_meeting_results,collar,21,300,VZ,2025-05-29,no usable strict ordinary-day match
annual_meeting_results,collar,21,300,MRK,2025-05-30,no usable strict ordinary-day match
annual_meeting_results,collar,21,300,BKNG,2025-06-05,no usable strict ordinary-day match
annual_meeting_results,collar,21,300,UNH,2025-06-05,no usable strict ordinary-day match
annual_meeting_results,collar,21,300,GM,2025-06-06,no usable strict ordinary-day match
annual_meeting_results,collar,21,300,WMT,2025-06-09,no usable strict ordinary-day match
annual_meeting_results,collar,21,300,PYPL,2025-06-10,no usable strict ordinary-day match
annual_meeting_results,collar,21,300,TMUS,2025-06-11,no usable strict ordinary-day match
annual_meeting_results,collar,21,300,GOOGL,2025-06-13,no usable strict ordinary-day match
annual_meeting_results,collar,21,300,MET,2025-06-23,no usable strict ordinary-day match
annual_meeting_results,collar,21,300,CMCSA,2025-06-23,no usable strict ordinary-day match
annual_meeting_results,collar,21,300,FDX,2025-10-03,unusable event quote or stock
annual_meeting_results,collar,21,300,PG,2025-10-15,unusable event quote or stock
annual_meeting_results,collar,21,300,PG,2025-10-17,no usable strict ordinary-day match
annual_meeting_results,collar,21,300,MDT,2025-10-22,no usable strict ordinary-day match
annual_meeting_results,collar,21,300,ORCL,2025-11-24,unusable event quote or stock
annual_meeting_results,collar,21,300,MSFT,2025-12-09,no usable strict ordinary-day match
annual_meeting_results,collar,21,300,CSCO,2025-12-18,no usable strict ordinary-day match
annual_meeting_results,cash_secured_put,21,300,INTU,2024-01-23,no usable strict ordinary-day match
annual_meeting_results,cash_secured_put,21,300,EMR,2024-02-12,no usable strict ordinary-day match
annual_meeting_results,cash_secured_put,21,300,DE,2024-03-04,no usable strict ordinary-day match
annual_meeting_results,cash_secured_put,21,300,QCOM,2024-03-08,no usable strict ordinary-day match
annual_meeting_results,cash_secured_put,21,300,SBUX,2024-03-18,no usable strict ordinary-day match
annual_meeting_results,cash_secured_put,21,300,BK,2024-04-11,no usable strict ordinary-day match
annual_meeting_results,cash_secured_put,21,300,ADBE,2024-04-22,no usable strict ordinary-day match
annual_meeting_results,cash_secured_put,21,300,GS,2024-04-26,no usable strict ordinary-day match
annual_meeting_results,cash_secured_put,21,300,TXN,2024-04-29,no usable strict ordinary-day match
annual_meeting_results,cash_secured_put,21,300,BAC,2024-04-29,no usable strict ordinary-day match
annual_meeting_results,cash_secured_put,21,300,JNJ,2024-04-30,no usable strict ordinary-day match
annual_meeting_results,cash_secured_put,21,300,PFE,2024-04-30,no usable strict ordinary-day match
annual_meeting_results,cash_secured_put,21,300,ISRG,2024-05-01,unusable event quote or stock
annual_meeting_results,cash_secured_put,21,300,C,2024-05-03,no usable strict ordinary-day match
annual_meeting_results,cash_secured_put,21,300,GD,2024-05-06,unusable event quote or stock
annual_meeting_results,cash_secured_put,21,300,COF,2024-05-06,unusable event quote or stock
annual_meeting_results,cash_secured_put,21,300,LMT,2024-05-06,no usable strict ordinary-day match
annual_meeting_results,cash_secured_put,21,300,UPS,2024-05-07,no usable strict ordinary-day match
annual_meeting_results,cash_secured_put,21,300,PM,2024-05-10,no usable strict ordinary-day match
annual_meeting_results,cash_secured_put,21,300,BMY,2024-05-10,no usable strict ordinary-day match
annual_meeting_results,cash_secured_put,21,300,DHR,2024-05-10,no usable strict ordinary-day match
annual_meeting_results,cash_secured_put,21,300,GE,2024-05-13,unusable event quote or stock
annual_meeting_results,cash_secured_put,21,300,CL,2024-05-16,no usable strict ordinary-day match
annual_meeting_results,cash_secured_put,21,300,MMM,2024-05-17,unusable event quote or stock
annual_meeting_results,cash_secured_put,21,300,HON,2024-05-17,no usable strict ordinary-day match
annual_meeting_results,cash_secured_put,21,300,AIG,2024-05-20,no usable strict ordinary-day match
annual_meeting_results,cash_secured_put,21,300,BLK,2024-05-20,unusable event quote or stock
annual_meeting_results,cash_secured_put,21,300,MDLZ,2024-05-23,unusable event quote or stock
annual_meeting_results,cash_secured_put,21,300,JPM,2024-05-24,no usable strict ordinary-day match
annual_meeting_results,cash_secured_put,21,300,SO,2024-05-28,no usable strict ordinary-day match
annual_meeting_results,cash_secured_put,21,300,TMO,2024-05-28,no usable strict ordinary-day match
annual_meeting_results,cash_secured_put,21,300,MS,2024-05-28,no usable strict ordinary-day match
annual_meeting_results,cash_secured_put,21,300,AMT,2024-05-28,no usable strict ordinary-day match
annual_meeting_results,cash_secured_put,21,300,PYPL,2024-05-29,no usable strict ordinary-day match
annual_meeting_results,cash_secured_put,21,300,NEE,2024-05-29,no usable strict ordinary-day match
annual_meeting_results,cash_secured_put,21,300,MRK,2024-05-31,no usable strict ordinary-day match
annual_meeting_results,cash_secured_put,21,300,XOM,2024-06-03,unusable event quote or stock
annual_meeting_results,cash_secured_put,21,300,BKNG,2024-06-06,unusable event quote or stock
annual_meeting_results,cash_secured_put,21,300,UNH,2024-06-10,no usable strict ordinary-day match
annual_meeting_results,cash_secured_put,21,300,CMCSA,2024-06-13,no usable strict ordinary-day match
annual_meeting_results,cash_secured_put,21,300,GOOGL,2024-06-14,no usable strict ordinary-day match
annual_meeting_results,cash_secured_put,21,300,TMUS,2024-06-17,no usable strict ordinary-day match
annual_meeting_results,cash_secured_put,21,300,TSLA,2024-06-17,no usable strict ordinary-day match
annual_meeting_results,cash_secured_put,21,300,MET,2024-06-25,no usable strict ordinary-day match
annual_meeting_results,cash_secured_put,21,300,CRM,2024-07-02,no usable strict ordinary-day match
annual_meeting_results,cash_secured_put,21,300,NVDA,2024-07-03,unusable event quote or stock
annual_meeting_results,cash_secured_put,21,300,PG,2024-10-11,no usable strict ordinary-day match
annual_meeting_results,cash_secured_put,21,300,MDT,2024-10-22,no usable strict ordinary-day match
annual_meeting_results,cash_secured_put,21,300,INTU,2025-01-28,no usable strict ordinary-day match
annual_meeting_results,cash_secured_put,21,300,COST,2025-01-28,unusable event quote or stock
annual_meeting_results,cash_secured_put,21,300,EMR,2025-02-10,no usable strict ordinary-day match
annual_meeting_results,cash_secured_put,21,300,DE,2025-03-03,unusable event quote or stock
annual_meeting_results,cash_secured_put,21,300,SBUX,2025-03-17,no usable strict ordinary-day match
annual_meeting_results,cash_secured_put,21,300,BK,2025-04-17,no usable strict ordinary-day match
annual_meeting_results,cash_secured_put,21,300,ADBE,2025-04-25,no usable strict ordinary-day match
annual_meeting_results,cash_secured_put,21,300,CHTR,2025-04-28,no usable strict ordinary-day match
annual_meeting_results,cash_secured_put,21,300,PFE,2025-04-29,no usable strict ordinary-day match
annual_meeting_results,cash_secured_put,21,300,JNJ,2025-05-01,no usable strict ordinary-day match
annual_meeting_results,cash_secured_put,21,300,C,2025-05-02,no usable strict ordinary-day match
annual_meeting_results,cash_secured_put,21,300,ISRG,2025-05-06,no usable strict ordinary-day match
annual_meeting_results,cash_secured_put,21,300,BMY,2025-05-08,no usable strict ordinary-day match
annual_meeting_results,cash_secured_put,21,300,LLY,2025-05-09,no usable strict ordinary-day match
annual_meeting_results,cash_secured_put,21,300,DHR,2025-05-09,unusable event quote or stock
annual_meeting_results,cash_secured_put,21,300,GILD,2025-05-09,no usable strict ordinary-day match
annual_meeting_results,cash_secured_put,21,300,PM,2025-05-12,no usable strict ordinary-day match
annual_meeting_results,cash_secured_put,21,300,LMT,2025-05-12,no usable strict ordinary-day match
annual_meeting_results,cash_secured_put,21,300,GD,2025-05-12,no usable strict ordinary-day match
annual_meeting_results,cash_secured_put,21,300,UPS,2025-05-13,no usable strict ordinary-day match
annual_meeting_results,cash_secured_put,21,300,ABBV,2025-05-14,no usable strict ordinary-day match
annual_meeting_results,cash_secured_put,21,300,MMM,2025-05-15,no usable strict ordinary-day match
annual_meeting_results,cash_secured_put,21,300,CL,2025-05-15,no usable strict ordinary-day match
annual_meeting_results,cash_secured_put,21,300,AMT,2025-05-16,no usable strict ordinary-day match
annual_meeting_results,cash_secured_put,21,300,AIG,2025-05-19,no usable strict ordinary-day match
annual_meeting_results,cash_secured_put,21,300,BLK,2025-05-19,no usable strict ordinary-day match
annual_meeting_results,cash_secured_put,21,300,MS,2025-05-19,no usable strict ordinary-day match
annual_meeting_results,cash_secured_put,21,300,MO,2025-05-20,no usable strict ordinary-day match
annual_meeting_results,cash_secured_put,21,300,CVS,2025-05-21,no usable strict ordinary-day match
annual_meeting_results,cash_secured_put,21,300,JPM,2025-05-23,no usable strict ordinary-day match
annual_meeting_results,cash_secured_put,21,300,SCHW,2025-05-27,no usable strict ordinary-day match
annual_meeting_results,cash_secured_put,21,300,SO,2025-05-28,no usable strict ordinary-day match
annual_meeting_results,cash_secured_put,21,300,NOW,2025-05-28,no usable strict ordinary-day match
annual_meeting_results,cash_secured_put,21,300,VZ,2025-05-29,no usable strict ordinary-day match
annual_meeting_results,cash_secured_put,21,300,MRK,2025-05-30,no usable strict ordinary-day match
annual_meeting_results,cash_secured_put,21,300,BKNG,2025-06-05,no usable strict ordinary-day match
annual_meeting_results,cash_secured_put,21,300,UNH,2025-06-05,no usable strict ordinary-day match
annual_meeting_results,cash_secured_put,21,300,GM,2025-06-06,no usable strict ordinary-day match
annual_meeting_results,cash_secured_put,21,300,WMT,2025-06-09,no usable strict ordinary-day match
annual_meeting_results,cash_secured_put,21,300,PYPL,2025-06-10,no usable strict ordinary-day match
annual_meeting_results,cash_secured_put,21,300,TMUS,2025-06-11,no usable strict ordinary-day match
annual_meeting_results,cash_secured_put,21,300,GOOGL,2025-06-13,no usable strict ordinary-day match
annual_meeting_results,cash_secured_put,21,300,MET,2025-06-23,no usable strict ordinary-day match
annual_meeting_results,cash_secured_put,21,300,CMCSA,2025-06-23,no usable strict ordinary-day match
annual_meeting_results,cash_secured_put,21,300,FDX,2025-10-03,unusable event quote or stock
annual_meeting_results,cash_secured_put,21,300,PG,2025-10-15,no usable strict ordinary-day match
annual_meeting_results,cash_secured_put,21,300,PG,2025-10-17,no usable strict ordinary-day match
annual_meeting_results,cash_secured_put,21,300,ORCL,2025-11-24,unusable event quote or stock
annual_meeting_results,cash_secured_put,21,300,MSFT,2025-12-09,no usable strict ordinary-day match
annual_meeting_results,cash_secured_put,21,300,CSCO,2025-12-18,no usable strict ordinary-day match
debt_issuance,long_call,21,60,DUK,2024-01-16,unusable event quote or stock
debt_issuance,long_call,21,60,LMT,2024-01-30,no usable strict ordinary-day match
debt_issuance,long_call,21,60,PG,2024-01-30,no usable strict ordinary-day match
debt_issuance,long_call,21,60,NEE,2024-02-01,no usable strict ordinary-day match
debt_issuance,long_call,21,60,COF,2024-02-02,no usable strict ordinary-day match
debt_issuance,long_call,21,60,SBUX,2024-02-09,no usable strict ordinary-day match
debt_issuance,long_call,21,60,TXN,2024-02-09,no usable strict ordinary-day match
debt_issuance,long_call,21,60,PM,2024-02-14,no usable strict ordinary-day match
debt_issuance,long_call,21,60,C,2024-02-14,no usable strict ordinary-day match
debt_issuance,long_call,21,60,LIN,2024-02-15,unusable event quote or stock
debt_issuance,long_call,21,60,MMM,2024-02-28,unusable event quote or stock
debt_issuance,long_call,21,60,SO,2024-02-29,no usable strict ordinary-day match
debt_issuance,long_call,21,60,NEE,2024-02-29,no usable strict ordinary-day match
debt_issuance,long_call,21,60,HON,2024-03-04,no usable strict ordinary-day match
debt_issuance,long_call,21,60,NEE,2024-03-04,no usable strict ordinary-day match
debt_issuance,long_call,21,60,AMT,2024-03-05,unusable event quote or stock
debt_issuance,long_call,21,60,BLK,2024-03-07,no usable strict ordinary-day match
debt_issuance,long_call,21,60,NEE,2024-03-08,no usable strict ordinary-day match
debt_issuance,long_call,21,60,BLK,2024-03-15,no usable strict ordinary-day match
debt_issuance,long_call,21,60,BK,2024-03-15,unusable event quote or stock
debt_issuance,long_call,21,60,UNH,2024-03-22,no usable strict ordinary-day match
debt_issuance,long_call,21,60,ADBE,2024-04-05,no usable strict ordinary-day match
debt_issuance,long_call,21,60,JPM,2024-04-23,no usable strict ordinary-day match
debt_issuance,long_call,21,60,WFC,2024-04-24,no usable strict ordinary-day match
debt_issuance,long_call,21,60,AXP,2024-04-26,no usable strict ordinary-day match
debt_issuance,long_call,21,60,GS,2024-04-26,no usable strict ordinary-day match
debt_issuance,long_call,21,60,BRK.B,2024-04-29,no usable strict ordinary-day match
debt_issuance,long_call,21,60,C,2024-04-30,no usable strict ordinary-day match
debt_issuance,long_call,21,60,PG,2024-04-30,no usable strict ordinary-day match
debt_issuance,long_call,21,60,SO,2024-05-07,no usable strict ordinary-day match
debt_issuance,long_call,21,60,CVS,2024-05-09,no usable strict ordinary-day match
debt_issuance,long_call,21,60,KO,2024-05-09,no usable strict ordinary-day match
debt_issuance,long_call,21,60,MA,2024-05-10,no usable strict ordinary-day match
debt_issuance,long_call,21,60,KO,2024-05-14,no usable strict ordinary-day match
debt_issuance,long_call,21,60,KO,2024-05-15,no usable strict ordinary-day match
debt_issuance,long_call,21,60,JNJ,2024-05-21,no usable strict ordinary-day match
debt_issuance,long_call,21,60,MCD,2024-05-21,no usable strict ordinary-day match
debt_issuance,long_call,21,60,PYPL,2024-05-22,no usable strict ordinary-day match
debt_issuance,long_call,21,60,UPS,2024-05-23,no usable strict ordinary-day match
debt_issuance,long_call,21,60,CMCSA,2024-05-23,no usable strict ordinary-day match
debt_issuance,long_call,21,60,AMT,2024-05-23,no usable strict ordinary-day match
debt_issuance,long_call,21,60,PYPL,2024-05-29,no usable strict ordinary-day match
debt_issuance,long_call,21,60,AMT,2024-05-30,unusable event quote or stock
debt_issuance,long_call,21,60,MRK,2024-05-31,no usable strict ordinary-day match
debt_issuance,long_call,21,60,LIN,2024-06-05,no usable strict ordinary-day match
debt_issuance,long_call,21,60,MET,2024-06-06,no usable strict ordinary-day match
debt_issuance,long_call,21,60,PM,2024-06-07,no usable strict ordinary-day match
debt_issuance,long_call,21,60,NEE,2024-06-10,no usable strict ordinary-day match
debt_issuance,long_call,21,60,C,2024-06-12,no usable strict ordinary-day match
debt_issuance,long_call,21,60,HD,2024-06-20,no usable strict ordinary-day match
debt_issuance,long_call,21,60,NEE,2024-06-21,no usable strict ordinary-day match
debt_issuance,long_call,21,60,MDLZ,2024-07-05,unusable event quote or stock
debt_issuance,long_call,21,60,AVGO,2024-07-15,unusable event quote or stock
debt_issuance,long_call,21,60,PEP,2024-07-18,no usable strict ordinary-day match
debt_issuance,long_call,21,60,BLK,2024-07-19,no usable strict ordinary-day match
debt_issuance,long_call,21,60,BK,2024-07-23,no usable strict ordinary-day match
debt_issuance,long_call,21,60,UNH,2024-07-26,no usable strict ordinary-day match
debt_issuance,long_call,21,60,BLK,2024-07-29,unusable event quote or stock
debt_issuance,long_call,21,60,COF,2024-07-29,no usable strict ordinary-day match
debt_issuance,long_call,21,60,NEE,2024-07-31,no usable strict ordinary-day match
debt_issuance,long_call,21,60,HON,2024-08-05,no usable strict ordinary-day match
debt_issuance,long_call,21,60,KO,2024-08-15,unusable event quote or stock
debt_issuance,long_call,21,60,LLY,2024-08-15,no usable strict ordinary-day match
debt_issuance,long_call,21,60,KO,2024-08-16,no usable strict ordinary-day match
debt_issuance,long_call,21,60,DUK,2024-08-23,no usable strict ordinary-day match
debt_issuance,long_call,21,60,MDLZ,2024-08-26,unusable event quote or stock
debt_issuance,long_call,21,60,MDLZ,2024-08-29,no usable strict ordinary-day match
debt_issuance,long_call,21,60,MA,2024-09-06,unusable event quote or stock
debt_issuance,long_call,21,60,SO,2024-09-10,unusable event quote or stock
debt_issuance,long_call,21,60,UBER,2024-09-10,no usable strict ordinary-day match
debt_issuance,long_call,21,60,USB,2024-09-23,no usable strict ordinary-day match
debt_issuance,long_call,21,60,TMUS,2024-09-27,no usable strict ordinary-day match
debt_issuance,long_call,21,60,MET,2024-10-01,no usable strict ordinary-day match
debt_issuance,long_call,21,60,ACN,2024-10-07,no usable strict ordinary-day match
debt_issuance,long_call,21,60,JPM,2024-10-23,no usable strict ordinary-day match
debt_issuance,long_call,21,60,BRK.B,2024-10-24,no usable strict ordinary-day match
debt_issuance,long_call,21,60,GS,2024-10-24,no usable strict ordinary-day match
debt_issuance,long_call,21,60,PG,2024-10-25,no usable strict ordinary-day match
debt_issuance,long_call,21,60,NEE,2024-11-01,no usable strict ordinary-day match
debt_issuance,long_call,21,60,PM,2024-11-04,no usable strict ordinary-day match
debt_issuance,long_call,21,60,C,2024-11-20,no usable strict ordinary-day match
debt_issuance,long_call,21,60,GS,2024-11-20,no usable strict ordinary-day match
debt_issuance,long_call,21,60,BK,2024-11-21,unusable event quote or stock
debt_issuance,long_call,21,60,GILD,2024-11-21,no usable strict ordinary-day match
debt_issuance,long_call,21,60,AMT,2024-11-22,unusable event quote or stock
debt_issuance,long_call,21,60,BKNG,2024-11-22,unusable event quote or stock
debt_issuance,long_call,21,60,AIG,2024-11-29,unusable event quote or stock
debt_issuance,long_call,21,60,JPM,2024-12-02,no usable strict ordinary-day match
debt_issuance,long_call,21,60,CVS,2024-12-06,no usable strict ordinary-day match
debt_issuance,long_call,21,60,CVS,2024-12-11,no usable strict ordinary-day match
debt_issuance,long_call,21,60,COP,2024-12-31,unusable event quote or stock
debt_issuance,long_call,21,60,SO,2025-01-14,no usable strict ordinary-day match
debt_issuance,long_call,21,60,DE,2025-01-17,unusable event quote or stock
debt_issuance,long_call,21,60,C,2025-01-27,no usable strict ordinary-day match
debt_issuance,long_call,21,60,GS,2025-01-29,no usable strict ordinary-day match
debt_issuance,long_call,21,60,COF,2025-01-31,unusable event quote or stock
debt_issuance,long_call,21,60,AXP,2025-01-31,no usable strict ordinary-day match
debt_issuance,long_call,21,60,NEE,2025-02-05,unusable event quote or stock
debt_issuance,long_call,21,60,NEE,2025-02-07,no usable strict ordinary-day match
debt_issuance,long_call,21,60,MO,2025-02-07,no usable strict ordinary-day match
debt_issuance,long_call,21,60,TMUS,2025-02-12,no usable strict ordinary-day match
debt_issuance,long_call,21,60,BK,2025-02-12,no usable strict ordinary-day match
debt_issuance,long_call,21,60,UNP,2025-02-14,no usable strict ordinary-day match
debt_issuance,long_call,21,60,LIN,2025-02-19,unusable event quote or stock
debt_issuance,long_call,21,60,ABBV,2025-02-20,no usable strict ordinary-day match
debt_issuance,long_call,21,60,JNJ,2025-02-21,no usable strict ordinary-day match
debt_issuance,long_call,21,60,CSCO,2025-02-25,no usable strict ordinary-day match
debt_issuance,long_call,21,60,ABBV,2025-02-27,no usable strict ordinary-day match
debt_issuance,long_call,21,60,FDX,2025-02-27,no usable strict ordinary-day match
debt_issuance,long_call,21,60,CVX,2025-02-27,unusable event quote or stock
debt_issuance,long_call,21,60,JNJ,2025-02-27,no usable strict ordinary-day match
debt_issuance,long_call,21,60,EMR,2025-03-03,no usable strict ordinary-day match
debt_issuance,long_call,21,60,SO,2025-03-03,no usable strict ordinary-day match
debt_issuance,long_call,21,60,EMR,2025-03-05,unusable event quote or stock
debt_issuance,long_call,21,60,C,2025-03-05,no usable strict ordinary-day match
debt_issuance,long_call,21,60,MET,2025-03-05,unusable event quote or stock
debt_issuance,long_call,21,60,MCD,2025-03-05,no usable strict ordinary-day match
debt_issuance,long_call,21,60,PYPL,2025-03-07,no usable strict ordinary-day match
debt_issuance,long_call,21,60,AMT,2025-03-12,unusable event quote or stock
debt_issuance,long_call,21,60,MET,2025-03-14,no usable strict ordinary-day match
debt_issuance,long_call,21,60,MMM,2025-03-14,no usable strict ordinary-day match
debt_issuance,long_call,21,60,AMT,2025-03-17,unusable event quote or stock
debt_issuance,long_call,21,60,BLK,2025-03-27,unusable event quote or stock
debt_issuance,long_call,21,60,C,2025-03-28,no usable strict ordinary-day match
debt_issuance,long_call,21,60,TMUS,2025-03-28,no usable strict ordinary-day match
debt_issuance,long_call,21,60,T,2025-04-01,no usable strict ordinary-day match
debt_issuance,long_call,21,60,XOM,2025-04-02,unusable event quote or stock
debt_issuance,long_call,21,60,BLK,2025-04-04,unusable event quote or stock
debt_issuance,long_call,21,60,BRK.B,2025-04-21,no usable strict ordinary-day match
debt_issuance,long_call,21,60,JPM,2025-04-23,no usable strict ordinary-day match
debt_issuance,long_call,21,60,AXP,2025-04-28,no usable strict ordinary-day match
debt_issuance,long_call,21,60,WMT,2025-04-29,no usable strict ordinary-day match
debt_issuance,long_call,21,60,C,2025-04-30,no usable strict ordinary-day match
debt_issuance,long_call,21,60,PM,2025-05-01,no usable strict ordinary-day match
debt_issuance,long_call,21,60,GOOGL,2025-05-02,no usable strict ordinary-day match
debt_issuance,long_call,21,60,PG,2025-05-02,no usable strict ordinary-day match
debt_issuance,long_call,21,60,CL,2025-05-05,no usable strict ordinary-day match
debt_issuance,long_call,21,60,MDLZ,2025-05-07,unusable event quote or stock
debt_issuance,long_call,21,60,GOOGL,2025-05-07,no usable strict ordinary-day match
debt_issuance,long_call,21,60,GM,2025-05-08,no usable strict ordinary-day match
debt_issuance,long_call,21,60,AIG,2025-05-08,unusable event quote or stock
debt_issuance,long_call,21,60,GD,2025-05-08,unusable event quote or stock
debt_issuance,long_call,21,60,C,2025-05-08,no usable strict ordinary-day match
debt_issuance,long_call,21,60,CMCSA,2025-05-09,no usable strict ordinary-day match
debt_issuance,long_call,21,60,SBUX,2025-05-09,no usable strict ordinary-day match
debt_issuance,long_call,21,60,BKNG,2025-05-12,unusable event quote or stock
debt_issuance,long_call,21,60,UPS,2025-05-15,unusable event quote or stock
debt_issuance,long_call,21,60,NEE,2025-05-16,no usable strict ordinary-day match
debt_issuance,long_call,21,60,CAT,2025-05-16,unusable event quote or stock
debt_issuance,long_call,21,60,AXP,2025-05-21,no usable strict ordinary-day match
debt_issuance,long_call,21,60,UBER,2025-05-21,no usable strict ordinary-day match
debt_issuance,long_call,21,60,UPS,2025-05-21,no usable strict ordinary-day match
debt_issuance,long_call,21,60,AMT,2025-05-22,unusable event quote or stock
debt_issuance,long_call,21,60,SO,2025-05-28,no usable strict ordinary-day match
debt_issuance,long_call,21,60,AMT,2025-06-02,unusable event quote or stock
debt_issuance,long_call,21,60,T,2025-06-04,no usable strict ordinary-day match
debt_issuance,long_call,21,60,C,2025-06-04,unusable event quote or stock
debt_issuance,long_call,21,60,LIN,2025-06-06,unusable event quote or stock
debt_issuance,long_call,21,60,PM,2025-06-09,no usable strict ordinary-day match
debt_issuance,long_call,21,60,TGT,2025-06-11,no usable strict ordinary-day match
debt_issuance,long_call,21,60,BK,2025-06-11,no usable strict ordinary-day match
debt_issuance,long_call,21,60,NEE,2025-06-13,no usable strict ordinary-day match
debt_issuance,long_call,21,60,MET,2025-06-18,no usable strict ordinary-day match
debt_issuance,long_call,21,60,UNH,2025-06-23,unusable event quote or stock
debt_issuance,long_call,21,60,AVGO,2025-07-14,no usable strict ordinary-day match
debt_issuance,long_call,21,60,PEP,2025-07-24,no usable strict ordinary-day match
debt_issuance,long_call,21,60,FDX,2025-07-25,unusable event quote or stock
debt_issuance,long_call,21,60,LMT,2025-07-29,no usable strict ordinary-day match
debt_issuance,long_call,21,60,PEP,2025-07-29,no usable strict ordinary-day match
debt_issuance,long_call,21,60,GE,2025-07-30,no usable strict ordinary-day match
debt_issuance,long_call,21,60,WFC,2025-07-30,no usable strict ordinary-day match
debt_issuance,long_call,21,60,FDX,2025-07-31,unusable event quote or stock
debt_issuance,long_call,21,60,TMUS,2025-08-06,no usable strict ordinary-day match
debt_issuance,long_call,21,60,MO,2025-08-07,unusable event quote or stock
debt_issuance,long_call,21,60,CHTR,2025-08-21,no usable strict ordinary-day match
debt_issuance,long_call,21,60,CHTR,2025-09-03,unusable event quote or stock
debt_issuance,long_call,21,60,MRK,2025-09-10,no usable strict ordinary-day match
debt_issuance,long_call,21,60,DUK,2025-09-12,no usable strict ordinary-day match
debt_issuance,long_call,21,60,UBER,2025-09-12,no usable strict ordinary-day match
debt_issuance,long_call,21,60,AMT,2025-09-12,unusable event quote or stock
debt_issuance,long_call,21,60,WFC,2025-09-16,no usable strict ordinary-day match
debt_issuance,long_call,21,60,T,2025-09-17,no usable strict ordinary-day match
debt_issuance,long_call,21,60,AMT,2025-09-17,unusable event quote or stock
debt_issuance,long_call,21,60,MDT,2025-09-17,unusable event quote or stock
debt_issuance,long_call,21,60,T,2025-09-25,no usable strict ordinary-day match
debt_issuance,long_call,21,60,AVGO,2025-09-30,no usable strict ordinary-day match
debt_issuance,long_call,21,60,MDT,2025-09-30,no usable strict ordinary-day match
debt_issuance,long_call,21,60,HON,2025-10-02,unusable event quote or stock
debt_issuance,long_call,21,60,CMCSA,2025-10-03,unusable event quote or stock
debt_issuance,long_call,21,60,TMO,2025-10-08,unusable event quote or stock
debt_issuance,long_call,21,60,CMCSA,2025-10-10,unusable event quote or stock
debt_issuance,long_call,21,60,TMUS,2025-10-10,unusable event quote or stock
debt_issuance,long_call,21,60,JPM,2025-10-23,no usable strict ordinary-day match
debt_issuance,long_call,21,60,AXP,2025-10-27,no usable strict ordinary-day match
debt_issuance,long_call,21,60,PM,2025-10-30,no usable strict ordinary-day match
debt_issuance,long_call,21,60,META,2025-11-04,no usable strict ordinary-day match
debt_issuance,long_call,21,60,SO,2025-11-07,unusable event quote or stock
debt_issuance,long_call,21,60,BKNG,2025-11-10,no usable strict ordinary-day match
debt_issuance,long_call,21,60,CL,2025-11-11,no usable strict ordinary-day match
debt_issuance,long_call,21,60,VZ,2025-11-11,no usable strict ordinary-day match
debt_issuance,long_call,21,60,BMY,2025-11-11,no usable strict ordinary-day match
debt_issuance,long_call,21,60,NEE,2025-11-13,no usable strict ordinary-day match
debt_issuance,long_call,21,60,XOM,2025-11-14,no usable strict ordinary-day match
debt_issuance,long_call,21,60,SCHW,2025-11-17,no usable strict ordinary-day match
debt_issuance,long_call,21,60,LIN,2025-11-21,unusable event quote or stock
debt_issuance,long_call,21,60,BRK.B,2025-11-24,unusable event quote or stock
debt_issuance,long_call,21,60,PFE,2025-11-24,unusable event quote or stock
debt_issuance,long_call,21,60,TMO,2025-12-02,unusable event quote or stock
debt_issuance,long_call,21,60,AMT,2025-12-03,no usable strict ordinary-day match
debt_issuance,long_call,21,60,MRK,2025-12-05,no usable strict ordinary-day match
debt_issuance,long_call,21,60,AMT,2025-12-08,no usable strict ordinary-day match
debt_issuance,long_call,21,60,CVX,2025-12-10,no usable strict ordinary-day match
debt_issuance,covered_call,21,60,DUK,2024-01-16,unusable event quote or stock
debt_issuance,covered_call,21,60,LMT,2024-01-30,no usable strict ordinary-day match
debt_issuance,covered_call,21,60,PG,2024-01-30,no usable strict ordinary-day match
debt_issuance,covered_call,21,60,NEE,2024-02-01,no usable strict ordinary-day match
debt_issuance,covered_call,21,60,COF,2024-02-02,no usable strict ordinary-day match
debt_issuance,covered_call,21,60,SBUX,2024-02-09,no usable strict ordinary-day match
debt_issuance,covered_call,21,60,TXN,2024-02-09,no usable strict ordinary-day match
debt_issuance,covered_call,21,60,PM,2024-02-14,no usable strict ordinary-day match
debt_issuance,covered_call,21,60,C,2024-02-14,no usable strict ordinary-day match
debt_issuance,covered_call,21,60,LIN,2024-02-15,unusable event quote or stock
debt_issuance,covered_call,21,60,MMM,2024-02-28,unusable event quote or stock
debt_issuance,covered_call,21,60,SO,2024-02-29,no usable strict ordinary-day match
debt_issuance,covered_call,21,60,NEE,2024-02-29,no usable strict ordinary-day match
debt_issuance,covered_call,21,60,HON,2024-03-04,no usable strict ordinary-day match
debt_issuance,covered_call,21,60,NEE,2024-03-04,no usable strict ordinary-day match
debt_issuance,covered_call,21,60,AMT,2024-03-05,no usable strict ordinary-day match
debt_issuance,covered_call,21,60,BLK,2024-03-07,no usable strict ordinary-day match
debt_issuance,covered_call,21,60,AMT,2024-03-08,no usable strict ordinary-day match
debt_issuance,covered_call,21,60,NEE,2024-03-08,no usable strict ordinary-day match
debt_issuance,covered_call,21,60,BLK,2024-03-15,no usable strict ordinary-day match
debt_issuance,covered_call,21,60,BK,2024-03-15,unusable event quote or stock
debt_issuance,covered_call,21,60,UNH,2024-03-22,no usable strict ordinary-day match
debt_issuance,covered_call,21,60,ADBE,2024-04-05,no usable strict ordinary-day match
debt_issuance,covered_call,21,60,JPM,2024-04-23,no usable strict ordinary-day match
debt_issuance,covered_call,21,60,WFC,2024-04-24,no usable strict ordinary-day match
debt_issuance,covered_call,21,60,AXP,2024-04-26,no usable strict ordinary-day match
debt_issuance,covered_call,21,60,GS,2024-04-26,no usable strict ordinary-day match
debt_issuance,covered_call,21,60,BRK.B,2024-04-29,no usable strict ordinary-day match
debt_issuance,covered_call,21,60,C,2024-04-30,no usable strict ordinary-day match
debt_issuance,covered_call,21,60,PG,2024-04-30,no usable strict ordinary-day match
debt_issuance,covered_call,21,60,SO,2024-05-07,no usable strict ordinary-day match
debt_issuance,covered_call,21,60,CVS,2024-05-09,no usable strict ordinary-day match
debt_issuance,covered_call,21,60,KO,2024-05-09,no usable strict ordinary-day match
debt_issuance,covered_call,21,60,MA,2024-05-10,no usable strict ordinary-day match
debt_issuance,covered_call,21,60,CVS,2024-05-10,no usable strict ordinary-day match
debt_issuance,covered_call,21,60,KO,2024-05-14,no usable strict ordinary-day match
debt_issuance,covered_call,21,60,KO,2024-05-15,no usable strict ordinary-day match
debt_issuance,covered_call,21,60,JNJ,2024-05-21,no usable strict ordinary-day match
debt_issuance,covered_call,21,60,MCD,2024-05-21,no usable strict ordinary-day match
debt_issuance,covered_call,21,60,PYPL,2024-05-22,no usable strict ordinary-day match
debt_issuance,covered_call,21,60,UPS,2024-05-23,unusable event quote or stock
debt_issuance,covered_call,21,60,CMCSA,2024-05-23,no usable strict ordinary-day match
debt_issuance,covered_call,21,60,AMT,2024-05-23,no usable strict ordinary-day match
debt_issuance,covered_call,21,60,PYPL,2024-05-29,unusable event quote or stock
debt_issuance,covered_call,21,60,AMT,2024-05-30,unusable event quote or stock
debt_issuance,covered_call,21,60,MRK,2024-05-31,no usable strict ordinary-day match
debt_issuance,covered_call,21,60,LIN,2024-06-05,no usable strict ordinary-day match
debt_issuance,covered_call,21,60,MET,2024-06-06,unusable event quote or stock
debt_issuance,covered_call,21,60,PM,2024-06-07,no usable strict ordinary-day match
debt_issuance,covered_call,21,60,NEE,2024-06-10,no usable strict ordinary-day match
debt_issuance,covered_call,21,60,C,2024-06-12,no usable strict ordinary-day match
debt_issuance,covered_call,21,60,HD,2024-06-20,no usable strict ordinary-day match
debt_issuance,covered_call,21,60,NEE,2024-06-21,no usable strict ordinary-day match
debt_issuance,covered_call,21,60,MDLZ,2024-07-05,unusable event quote or stock
debt_issuance,covered_call,21,60,AVGO,2024-07-15,unusable event quote or stock
debt_issuance,covered_call,21,60,PEP,2024-07-18,no usable strict ordinary-day match
debt_issuance,covered_call,21,60,BLK,2024-07-19,no usable strict ordinary-day match
debt_issuance,covered_call,21,60,BK,2024-07-23,unusable event quote or stock
debt_issuance,covered_call,21,60,UNH,2024-07-26,no usable strict ordinary-day match
debt_issuance,covered_call,21,60,BLK,2024-07-29,unusable event quote or stock
debt_issuance,covered_call,21,60,COF,2024-07-29,no usable strict ordinary-day match
debt_issuance,covered_call,21,60,NEE,2024-07-31,no usable strict ordinary-day match
debt_issuance,covered_call,21,60,HON,2024-08-05,no usable strict ordinary-day match
debt_issuance,covered_call,21,60,KO,2024-08-12,no usable strict ordinary-day match
debt_issuance,covered_call,21,60,KO,2024-08-15,no usable strict ordinary-day match
debt_issuance,covered_call,21,60,LLY,2024-08-15,no usable strict ordinary-day match
debt_issuance,covered_call,21,60,KO,2024-08-16,no usable strict ordinary-day match
debt_issuance,covered_call,21,60,DUK,2024-08-23,unusable event quote or stock
debt_issuance,covered_call,21,60,MDLZ,2024-08-26,unusable event quote or stock
debt_issuance,covered_call,21,60,MDLZ,2024-08-29,no usable strict ordinary-day match
debt_issuance,covered_call,21,60,MA,2024-09-06,unusable event quote or stock
debt_issuance,covered_call,21,60,SO,2024-09-10,unusable event quote or stock
debt_issuance,covered_call,21,60,UBER,2024-09-10,no usable strict ordinary-day match
debt_issuance,covered_call,21,60,USB,2024-09-23,no usable strict ordinary-day match
debt_issuance,covered_call,21,60,TMUS,2024-09-27,no usable strict ordinary-day match
debt_issuance,covered_call,21,60,MET,2024-10-01,no usable strict ordinary-day match
debt_issuance,covered_call,21,60,ACN,2024-10-07,no usable strict ordinary-day match
debt_issuance,covered_call,21,60,JPM,2024-10-23,no usable strict ordinary-day match
debt_issuance,covered_call,21,60,BRK.B,2024-10-24,no usable strict ordinary-day match
debt_issuance,covered_call,21,60,GS,2024-10-24,no usable strict ordinary-day match
debt_issuance,covered_call,21,60,PG,2024-10-25,no usable strict ordinary-day match
debt_issuance,covered_call,21,60,NEE,2024-11-01,no usable strict ordinary-day match
debt_issuance,covered_call,21,60,PM,2024-11-04,no usable strict ordinary-day match
debt_issuance,covered_call,21,60,AMT,2024-11-20,no usable strict ordinary-day match
debt_issuance,covered_call,21,60,C,2024-11-20,no usable strict ordinary-day match
debt_issuance,covered_call,21,60,GS,2024-11-20,no usable strict ordinary-day match
debt_issuance,covered_call,21,60,BK,2024-11-21,unusable event quote or stock
debt_issuance,covered_call,21,60,GILD,2024-11-21,no usable strict ordinary-day match
debt_issuance,covered_call,21,60,AMT,2024-11-22,unusable event quote or stock
debt_issuance,covered_call,21,60,BKNG,2024-11-22,unusable event quote or stock
debt_issuance,covered_call,21,60,AIG,2024-11-29,unusable event quote or stock
debt_issuance,covered_call,21,60,JPM,2024-12-02,no usable strict ordinary-day match
debt_issuance,covered_call,21,60,CVS,2024-12-06,no usable strict ordinary-day match
debt_issuance,covered_call,21,60,CVS,2024-12-11,no usable strict ordinary-day match
debt_issuance,covered_call,21,60,COP,2024-12-31,no usable strict ordinary-day match
debt_issuance,covered_call,21,60,SO,2025-01-14,unusable event quote or stock
debt_issuance,covered_call,21,60,DE,2025-01-17,unusable event quote or stock
debt_issuance,covered_call,21,60,C,2025-01-27,no usable strict ordinary-day match
debt_issuance,covered_call,21,60,GS,2025-01-29,no usable strict ordinary-day match
debt_issuance,covered_call,21,60,COF,2025-01-31,no usable strict ordinary-day match
debt_issuance,covered_call,21,60,AXP,2025-01-31,no usable strict ordinary-day match
debt_issuance,covered_call,21,60,NEE,2025-02-05,no usable strict ordinary-day match
debt_issuance,covered_call,21,60,NEE,2025-02-07,unusable event quote or stock
debt_issuance,covered_call,21,60,MO,2025-02-07,no usable strict ordinary-day match
debt_issuance,covered_call,21,60,TMUS,2025-02-12,no usable strict ordinary-day match
debt_issuance,covered_call,21,60,BK,2025-02-12,unusable event quote or stock
debt_issuance,covered_call,21,60,UNP,2025-02-14,no usable strict ordinary-day match
debt_issuance,covered_call,21,60,LIN,2025-02-19,no usable strict ordinary-day match
debt_issuance,covered_call,21,60,ABBV,2025-02-20,no usable strict ordinary-day match
debt_issuance,covered_call,21,60,JNJ,2025-02-21,no usable strict ordinary-day match
debt_issuance,covered_call,21,60,CSCO,2025-02-25,no usable strict ordinary-day match
debt_issuance,covered_call,21,60,ABBV,2025-02-27,no usable strict ordinary-day match
debt_issuance,covered_call,21,60,FDX,2025-02-27,no usable strict ordinary-day match
debt_issuance,covered_call,21,60,CVX,2025-02-27,no usable strict ordinary-day match
debt_issuance,covered_call,21,60,JNJ,2025-02-27,no usable strict ordinary-day match
debt_issuance,covered_call,21,60,EMR,2025-03-03,unusable event quote or stock
debt_issuance,covered_call,21,60,SO,2025-03-03,no usable strict ordinary-day match
debt_issuance,covered_call,21,60,EMR,2025-03-05,no usable strict ordinary-day match
debt_issuance,covered_call,21,60,C,2025-03-05,no usable strict ordinary-day match
debt_issuance,covered_call,21,60,MET,2025-03-05,unusable event quote or stock
debt_issuance,covered_call,21,60,MCD,2025-03-05,no usable strict ordinary-day match
debt_issuance,covered_call,21,60,PYPL,2025-03-07,no usable strict ordinary-day match
debt_issuance,covered_call,21,60,AMT,2025-03-12,unusable event quote or stock
debt_issuance,covered_call,21,60,MET,2025-03-14,unusable event quote or stock
debt_issuance,covered_call,21,60,MMM,2025-03-14,no usable strict ordinary-day match
debt_issuance,covered_call,21,60,AMT,2025-03-17,unusable event quote or stock
debt_issuance,covered_call,21,60,BLK,2025-03-27,unusable event quote or stock
debt_issuance,covered_call,21,60,C,2025-03-28,no usable strict ordinary-day match
debt_issuance,covered_call,21,60,TMUS,2025-03-28,unusable event quote or stock
debt_issuance,covered_call,21,60,T,2025-04-01,no usable strict ordinary-day match
debt_issuance,covered_call,21,60,XOM,2025-04-02,unusable event quote or stock
debt_issuance,covered_call,21,60,BLK,2025-04-04,unusable event quote or stock
debt_issuance,covered_call,21,60,BRK.B,2025-04-21,no usable strict ordinary-day match
debt_issuance,covered_call,21,60,JPM,2025-04-23,no usable strict ordinary-day match
debt_issuance,covered_call,21,60,AXP,2025-04-28,unusable event quote or stock
debt_issuance,covered_call,21,60,WMT,2025-04-29,no usable strict ordinary-day match
debt_issuance,covered_call,21,60,C,2025-04-30,no usable strict ordinary-day match
debt_issuance,covered_call,21,60,PM,2025-05-01,unusable event quote or stock
debt_issuance,covered_call,21,60,GOOGL,2025-05-02,no usable strict ordinary-day match
debt_issuance,covered_call,21,60,PG,2025-05-02,no usable strict ordinary-day match
debt_issuance,covered_call,21,60,CL,2025-05-05,no usable strict ordinary-day match
debt_issuance,covered_call,21,60,MDLZ,2025-05-07,unusable event quote or stock
debt_issuance,covered_call,21,60,GOOGL,2025-05-07,no usable strict ordinary-day match
debt_issuance,covered_call,21,60,GM,2025-05-08,no usable strict ordinary-day match
debt_issuance,covered_call,21,60,AIG,2025-05-08,unusable event quote or stock
debt_issuance,covered_call,21,60,GD,2025-05-08,unusable event quote or stock
debt_issuance,covered_call,21,60,C,2025-05-08,no usable strict ordinary-day match
debt_issuance,covered_call,21,60,CMCSA,2025-05-09,no usable strict ordinary-day match
debt_issuance,covered_call,21,60,SBUX,2025-05-09,no usable strict ordinary-day match
debt_issuance,covered_call,21,60,BKNG,2025-05-12,unusable event quote or stock
debt_issuance,covered_call,21,60,UPS,2025-05-15,no usable strict ordinary-day match
debt_issuance,covered_call,21,60,NEE,2025-05-16,no usable strict ordinary-day match
debt_issuance,covered_call,21,60,CAT,2025-05-16,no usable strict ordinary-day match
debt_issuance,covered_call,21,60,AXP,2025-05-21,no usable strict ordinary-day match
debt_issuance,covered_call,21,60,UBER,2025-05-21,no usable strict ordinary-day match
debt_issuance,covered_call,21,60,UPS,2025-05-21,no usable strict ordinary-day match
debt_issuance,covered_call,21,60,SO,2025-05-22,no usable strict ordinary-day match
debt_issuance,covered_call,21,60,AMT,2025-05-22,no usable strict ordinary-day match
debt_issuance,covered_call,21,60,SO,2025-05-28,no usable strict ordinary-day match
debt_issuance,covered_call,21,60,AMT,2025-06-02,unusable event quote or stock
debt_issuance,covered_call,21,60,T,2025-06-04,unusable event quote or stock
debt_issuance,covered_call,21,60,C,2025-06-04,no usable strict ordinary-day match
debt_issuance,covered_call,21,60,LIN,2025-06-06,unusable event quote or stock
debt_issuance,covered_call,21,60,PM,2025-06-09,unusable event quote or stock
debt_issuance,covered_call,21,60,TGT,2025-06-11,no usable strict ordinary-day match
debt_issuance,covered_call,21,60,BK,2025-06-11,unusable event quote or stock
debt_issuance,covered_call,21,60,NEE,2025-06-13,no usable strict ordinary-day match
debt_issuance,covered_call,21,60,MET,2025-06-18,no usable strict ordinary-day match
debt_issuance,covered_call,21,60,UNH,2025-06-23,no usable strict ordinary-day match
debt_issuance,covered_call,21,60,AVGO,2025-07-14,no usable strict ordinary-day match
debt_issuance,covered_call,21,60,PEP,2025-07-24,no usable strict ordinary-day match
debt_issuance,covered_call,21,60,FDX,2025-07-25,unusable event quote or stock
debt_issuance,covered_call,21,60,LMT,2025-07-29,no usable strict ordinary-day match
debt_issuance,covered_call,21,60,PEP,2025-07-29,no usable strict ordinary-day match
debt_issuance,covered_call,21,60,GE,2025-07-30,no usable strict ordinary-day match
debt_issuance,covered_call,21,60,WFC,2025-07-30,no usable strict ordinary-day match
debt_issuance,covered_call,21,60,FDX,2025-07-31,unusable event quote or stock
debt_issuance,covered_call,21,60,TMUS,2025-08-06,no usable strict ordinary-day match
debt_issuance,covered_call,21,60,MO,2025-08-07,no usable strict ordinary-day match
debt_issuance,covered_call,21,60,CHTR,2025-08-21,no usable strict ordinary-day match
debt_issuance,covered_call,21,60,CHTR,2025-09-03,no usable strict ordinary-day match
debt_issuance,covered_call,21,60,MRK,2025-09-10,no usable strict ordinary-day match
debt_issuance,covered_call,21,60,DUK,2025-09-12,unusable event quote or stock
debt_issuance,covered_call,21,60,UBER,2025-09-12,no usable strict ordinary-day match
debt_issuance,covered_call,21,60,AMT,2025-09-12,unusable event quote or stock
debt_issuance,covered_call,21,60,WFC,2025-09-16,no usable strict ordinary-day match
debt_issuance,covered_call,21,60,T,2025-09-17,no usable strict ordinary-day match
debt_issuance,covered_call,21,60,AMT,2025-09-17,unusable event quote or stock
debt_issuance,covered_call,21,60,MDT,2025-09-17,unusable event quote or stock
debt_issuance,covered_call,21,60,T,2025-09-25,no usable strict ordinary-day match
debt_issuance,covered_call,21,60,AVGO,2025-09-30,no usable strict ordinary-day match
debt_issuance,covered_call,21,60,MDT,2025-09-30,unusable event quote or stock
debt_issuance,covered_call,21,60,HON,2025-10-02,unusable event quote or stock
debt_issuance,covered_call,21,60,CMCSA,2025-10-03,unusable event quote or stock
debt_issuance,covered_call,21,60,TMO,2025-10-08,unusable event quote or stock
debt_issuance,covered_call,21,60,CMCSA,2025-10-10,unusable event quote or stock
debt_issuance,covered_call,21,60,TMUS,2025-10-10,unusable event quote or stock
debt_issuance,covered_call,21,60,JPM,2025-10-23,no usable strict ordinary-day match
debt_issuance,covered_call,21,60,AXP,2025-10-27,no usable strict ordinary-day match
debt_issuance,covered_call,21,60,PM,2025-10-30,no usable strict ordinary-day match
debt_issuance,covered_call,21,60,META,2025-11-04,no usable strict ordinary-day match
debt_issuance,covered_call,21,60,PG,2025-11-04,no usable strict ordinary-day match
debt_issuance,covered_call,21,60,BKNG,2025-11-10,no usable strict ordinary-day match
debt_issuance,covered_call,21,60,CL,2025-11-11,unusable event quote or stock
debt_issuance,covered_call,21,60,VZ,2025-11-11,no usable strict ordinary-day match
debt_issuance,covered_call,21,60,BMY,2025-11-11,no usable strict ordinary-day match
debt_issuance,covered_call,21,60,NEE,2025-11-13,no usable strict ordinary-day match
debt_issuance,covered_call,21,60,XOM,2025-11-14,no usable strict ordinary-day match
debt_issuance,covered_call,21,60,SCHW,2025-11-17,no usable strict ordinary-day match
debt_issuance,covered_call,21,60,LIN,2025-11-21,unusable event quote or stock
debt_issuance,covered_call,21,60,BRK.B,2025-11-24,unusable event quote or stock
debt_issuance,covered_call,21,60,PFE,2025-11-24,unusable event quote or stock
debt_issuance,covered_call,21,60,TMO,2025-12-02,unusable event quote or stock
debt_issuance,covered_call,21,60,AMT,2025-12-03,no usable strict ordinary-day match
debt_issuance,covered_call,21,60,MRK,2025-12-05,no usable strict ordinary-day match
debt_issuance,covered_call,21,60,AMT,2025-12-08,no usable strict ordinary-day match
debt_issuance,covered_call,21,60,CVX,2025-12-10,no usable strict ordinary-day match
debt_issuance,protective_put,21,60,DUK,2024-01-16,no usable strict ordinary-day match
debt_issuance,protective_put,21,60,LMT,2024-01-30,no usable strict ordinary-day match
debt_issuance,protective_put,21,60,PG,2024-01-30,no usable strict ordinary-day match
debt_issuance,protective_put,21,60,NEE,2024-02-01,unusable event quote or stock
debt_issuance,protective_put,21,60,COF,2024-02-02,no usable strict ordinary-day match
debt_issuance,protective_put,21,60,SBUX,2024-02-09,no usable strict ordinary-day match
debt_issuance,protective_put,21,60,TXN,2024-02-09,no usable strict ordinary-day match
debt_issuance,protective_put,21,60,PM,2024-02-14,no usable strict ordinary-day match
debt_issuance,protective_put,21,60,C,2024-02-14,no usable strict ordinary-day match
debt_issuance,protective_put,21,60,LIN,2024-02-15,unusable event quote or stock
debt_issuance,protective_put,21,60,MMM,2024-02-28,unusable event quote or stock
debt_issuance,protective_put,21,60,SO,2024-02-29,unusable event quote or stock
debt_issuance,protective_put,21,60,NEE,2024-02-29,no usable strict ordinary-day match
debt_issuance,protective_put,21,60,HON,2024-03-04,no usable strict ordinary-day match
debt_issuance,protective_put,21,60,NEE,2024-03-04,unusable event quote or stock
debt_issuance,protective_put,21,60,BLK,2024-03-07,no usable strict ordinary-day match
debt_issuance,protective_put,21,60,NEE,2024-03-08,unusable event quote or stock
debt_issuance,protective_put,21,60,BLK,2024-03-15,no usable strict ordinary-day match
debt_issuance,protective_put,21,60,BK,2024-03-15,unusable event quote or stock
debt_issuance,protective_put,21,60,UNH,2024-03-22,no usable strict ordinary-day match
debt_issuance,protective_put,21,60,ADBE,2024-04-05,no usable strict ordinary-day match
debt_issuance,protective_put,21,60,JPM,2024-04-23,no usable strict ordinary-day match
debt_issuance,protective_put,21,60,AXP,2024-04-26,no usable strict ordinary-day match
debt_issuance,protective_put,21,60,GS,2024-04-26,no usable strict ordinary-day match
debt_issuance,protective_put,21,60,BRK.B,2024-04-29,no usable strict ordinary-day match
debt_issuance,protective_put,21,60,C,2024-04-30,no usable strict ordinary-day match
debt_issuance,protective_put,21,60,PG,2024-04-30,no usable strict ordinary-day match
debt_issuance,protective_put,21,60,SO,2024-05-07,no usable strict ordinary-day match
debt_issuance,protective_put,21,60,CVS,2024-05-09,unusable event quote or stock
debt_issuance,protective_put,21,60,KO,2024-05-09,no usable strict ordinary-day match
debt_issuance,protective_put,21,60,MA,2024-05-10,no usable strict ordinary-day match
debt_issuance,protective_put,21,60,KO,2024-05-14,no usable strict ordinary-day match
debt_issuance,protective_put,21,60,KO,2024-05-15,no usable strict ordinary-day match
debt_issuance,protective_put,21,60,JNJ,2024-05-21,no usable strict ordinary-day match
debt_issuance,protective_put,21,60,MCD,2024-05-21,no usable strict ordinary-day match
debt_issuance,protective_put,21,60,PYPL,2024-05-22,no usable strict ordinary-day match
debt_issuance,protective_put,21,60,UPS,2024-05-23,no usable strict ordinary-day match
debt_issuance,protective_put,21,60,CMCSA,2024-05-23,no usable strict ordinary-day match
debt_issuance,protective_put,21,60,AMT,2024-05-23,no usable strict ordinary-day match
debt_issuance,protective_put,21,60,PYPL,2024-05-29,no usable strict ordinary-day match
debt_issuance,protective_put,21,60,AMT,2024-05-30,unusable event quote or stock
debt_issuance,protective_put,21,60,MRK,2024-05-31,no usable strict ordinary-day match
debt_issuance,protective_put,21,60,LIN,2024-06-05,no usable strict ordinary-day match
debt_issuance,protective_put,21,60,MET,2024-06-06,no usable strict ordinary-day match
debt_issuance,protective_put,21,60,PM,2024-06-07,no usable strict ordinary-day match
debt_issuance,protective_put,21,60,NEE,2024-06-10,no usable strict ordinary-day match
debt_issuance,protective_put,21,60,C,2024-06-12,no usable strict ordinary-day match
debt_issuance,protective_put,21,60,HD,2024-06-20,no usable strict ordinary-day match
debt_issuance,protective_put,21,60,NEE,2024-06-21,no usable strict ordinary-day match
debt_issuance,protective_put,21,60,MDLZ,2024-07-05,unusable event quote or stock
debt_issuance,protective_put,21,60,AVGO,2024-07-15,unusable event quote or stock
debt_issuance,protective_put,21,60,PEP,2024-07-18,no usable strict ordinary-day match
debt_issuance,protective_put,21,60,BLK,2024-07-19,no usable strict ordinary-day match
debt_issuance,protective_put,21,60,BK,2024-07-23,no usable strict ordinary-day match
debt_issuance,protective_put,21,60,UNH,2024-07-26,no usable strict ordinary-day match
debt_issuance,protective_put,21,60,BLK,2024-07-29,unusable event quote or stock
debt_issuance,protective_put,21,60,COF,2024-07-29,unusable event quote or stock
debt_issuance,protective_put,21,60,NEE,2024-07-31,unusable event quote or stock
debt_issuance,protective_put,21,60,HON,2024-08-05,no usable strict ordinary-day match
debt_issuance,protective_put,21,60,KO,2024-08-15,unusable event quote or stock
debt_issuance,protective_put,21,60,LLY,2024-08-15,no usable strict ordinary-day match
debt_issuance,protective_put,21,60,KO,2024-08-16,no usable strict ordinary-day match
debt_issuance,protective_put,21,60,DUK,2024-08-23,no usable strict ordinary-day match
debt_issuance,protective_put,21,60,MDLZ,2024-08-26,unusable event quote or stock
debt_issuance,protective_put,21,60,MDLZ,2024-08-29,no usable strict ordinary-day match
debt_issuance,protective_put,21,60,MA,2024-09-06,unusable event quote or stock
debt_issuance,protective_put,21,60,UBER,2024-09-10,no usable strict ordinary-day match
debt_issuance,protective_put,21,60,USB,2024-09-23,unusable event quote or stock
debt_issuance,protective_put,21,60,CMCSA,2024-09-27,unusable event quote or stock
debt_issuance,protective_put,21,60,TMUS,2024-09-27,unusable event quote or stock
debt_issuance,protective_put,21,60,ORCL,2024-09-30,unusable event quote or stock
debt_issuance,protective_put,21,60,MET,2024-10-01,no usable strict ordinary-day match
debt_issuance,protective_put,21,60,ACN,2024-10-07,no usable strict ordinary-day match
debt_issuance,protective_put,21,60,JPM,2024-10-23,no usable strict ordinary-day match
debt_issuance,protective_put,21,60,BRK.B,2024-10-24,no usable strict ordinary-day match
debt_issuance,protective_put,21,60,GS,2024-10-24,no usable strict ordinary-day match
debt_issuance,protective_put,21,60,PG,2024-10-25,no usable strict ordinary-day match
debt_issuance,protective_put,21,60,NEE,2024-11-01,no usable strict ordinary-day match
debt_issuance,protective_put,21,60,PM,2024-11-04,no usable strict ordinary-day match
debt_issuance,protective_put,21,60,C,2024-11-20,no usable strict ordinary-day match
debt_issuance,protective_put,21,60,GS,2024-11-20,no usable strict ordinary-day match
debt_issuance,protective_put,21,60,BK,2024-11-21,unusable event quote or stock
debt_issuance,protective_put,21,60,GILD,2024-11-21,no usable strict ordinary-day match
debt_issuance,protective_put,21,60,AMT,2024-11-22,unusable event quote or stock
debt_issuance,protective_put,21,60,BKNG,2024-11-22,unusable event quote or stock
debt_issuance,protective_put,21,60,AIG,2024-11-29,unusable event quote or stock
debt_issuance,protective_put,21,60,JPM,2024-12-02,no usable strict ordinary-day match
debt_issuance,protective_put,21,60,CVS,2024-12-06,no usable strict ordinary-day match
debt_issuance,protective_put,21,60,CVS,2024-12-11,no usable strict ordinary-day match
debt_issuance,protective_put,21,60,SO,2025-01-14,unusable event quote or stock
debt_issuance,protective_put,21,60,DE,2025-01-17,no usable strict ordinary-day match
debt_issuance,protective_put,21,60,ADBE,2025-01-21,unusable event quote or stock
debt_issuance,protective_put,21,60,C,2025-01-27,no usable strict ordinary-day match
debt_issuance,protective_put,21,60,GS,2025-01-29,no usable strict ordinary-day match
debt_issuance,protective_put,21,60,COF,2025-01-31,no usable strict ordinary-day match
debt_issuance,protective_put,21,60,AXP,2025-01-31,no usable strict ordinary-day match
debt_issuance,protective_put,21,60,NEE,2025-02-05,no usable strict ordinary-day match
debt_issuance,protective_put,21,60,NEE,2025-02-07,no usable strict ordinary-day match
debt_issuance,protective_put,21,60,MO,2025-02-07,no usable strict ordinary-day match
debt_issuance,protective_put,21,60,PEP,2025-02-10,unusable event quote or stock
debt_issuance,protective_put,21,60,TMUS,2025-02-12,no usable strict ordinary-day match
debt_issuance,protective_put,21,60,BK,2025-02-12,no usable strict ordinary-day match
debt_issuance,protective_put,21,60,LLY,2025-02-13,unusable event quote or stock
debt_issuance,protective_put,21,60,UNP,2025-02-14,unusable event quote or stock
debt_issuance,protective_put,21,60,LIN,2025-02-19,no usable strict ordinary-day match
debt_issuance,protective_put,21,60,ABBV,2025-02-20,no usable strict ordinary-day match
debt_issuance,protective_put,21,60,JNJ,2025-02-21,no usable strict ordinary-day match
debt_issuance,protective_put,21,60,CSCO,2025-02-25,no usable strict ordinary-day match
debt_issuance,protective_put,21,60,ABBV,2025-02-27,no usable strict ordinary-day match
debt_issuance,protective_put,21,60,FDX,2025-02-27,no usable strict ordinary-day match
debt_issuance,protective_put,21,60,CVX,2025-02-27,no usable strict ordinary-day match
debt_issuance,protective_put,21,60,JNJ,2025-02-27,no usable strict ordinary-day match
debt_issuance,protective_put,21,60,EMR,2025-03-03,no usable strict ordinary-day match
debt_issuance,protective_put,21,60,SO,2025-03-03,no usable strict ordinary-day match
debt_issuance,protective_put,21,60,EMR,2025-03-05,no usable strict ordinary-day match
debt_issuance,protective_put,21,60,C,2025-03-05,no usable strict ordinary-day match
debt_issuance,protective_put,21,60,MET,2025-03-05,unusable event quote or stock
debt_issuance,protective_put,21,60,MCD,2025-03-05,no usable strict ordinary-day match
debt_issuance,protective_put,21,60,PYPL,2025-03-07,no usable strict ordinary-day match
debt_issuance,protective_put,21,60,AMT,2025-03-12,unusable event quote or stock
debt_issuance,protective_put,21,60,MET,2025-03-14,no usable strict ordinary-day match
debt_issuance,protective_put,21,60,MMM,2025-03-14,no usable strict ordinary-day match
debt_issuance,protective_put,21,60,AMT,2025-03-17,unusable event quote or stock
debt_issuance,protective_put,21,60,BLK,2025-03-27,unusable event quote or stock
debt_issuance,protective_put,21,60,C,2025-03-28,no usable strict ordinary-day match
debt_issuance,protective_put,21,60,TMUS,2025-03-28,no usable strict ordinary-day match
debt_issuance,protective_put,21,60,T,2025-04-01,no usable strict ordinary-day match
debt_issuance,protective_put,21,60,BLK,2025-04-04,unusable event quote or stock
debt_issuance,protective_put,21,60,BRK.B,2025-04-21,no usable strict ordinary-day match
debt_issuance,protective_put,21,60,JPM,2025-04-23,no usable strict ordinary-day match
debt_issuance,protective_put,21,60,AXP,2025-04-28,unusable event quote or stock
debt_issuance,protective_put,21,60,WMT,2025-04-29,no usable strict ordinary-day match
debt_issuance,protective_put,21,60,C,2025-04-30,no usable strict ordinary-day match
debt_issuance,protective_put,21,60,PM,2025-05-01,no usable strict ordinary-day match
debt_issuance,protective_put,21,60,GOOGL,2025-05-02,no usable strict ordinary-day match
debt_issuance,protective_put,21,60,PG,2025-05-02,unusable event quote or stock
debt_issuance,protective_put,21,60,CL,2025-05-05,no usable strict ordinary-day match
debt_issuance,protective_put,21,60,MDLZ,2025-05-07,unusable event quote or stock
debt_issuance,protective_put,21,60,GOOGL,2025-05-07,no usable strict ordinary-day match
debt_issuance,protective_put,21,60,GM,2025-05-08,no usable strict ordinary-day match
debt_issuance,protective_put,21,60,AIG,2025-05-08,unusable event quote or stock
debt_issuance,protective_put,21,60,GD,2025-05-08,unusable event quote or stock
debt_issuance,protective_put,21,60,C,2025-05-08,no usable strict ordinary-day match
debt_issuance,protective_put,21,60,CMCSA,2025-05-09,no usable strict ordinary-day match
debt_issuance,protective_put,21,60,SBUX,2025-05-09,no usable strict ordinary-day match
debt_issuance,protective_put,21,60,BKNG,2025-05-12,unusable event quote or stock
debt_issuance,protective_put,21,60,UPS,2025-05-15,no usable strict ordinary-day match
debt_issuance,protective_put,21,60,NEE,2025-05-16,no usable strict ordinary-day match
debt_issuance,protective_put,21,60,CAT,2025-05-16,no usable strict ordinary-day match
debt_issuance,protective_put,21,60,PFE,2025-05-20,no usable strict ordinary-day match
debt_issuance,protective_put,21,60,AXP,2025-05-21,no usable strict ordinary-day match
debt_issuance,protective_put,21,60,UBER,2025-05-21,no usable strict ordinary-day match
debt_issuance,protective_put,21,60,UPS,2025-05-21,no usable strict ordinary-day match
debt_issuance,protective_put,21,60,AMT,2025-05-22,no usable strict ordinary-day match
debt_issuance,protective_put,21,60,SO,2025-05-28,no usable strict ordinary-day match
debt_issuance,protective_put,21,60,AMT,2025-06-02,unusable event quote or stock
debt_issuance,protective_put,21,60,T,2025-06-04,unusable event quote or stock
debt_issuance,protective_put,21,60,C,2025-06-04,no usable strict ordinary-day match
debt_issuance,protective_put,21,60,LIN,2025-06-06,unusable event quote or stock
debt_issuance,protective_put,21,60,UBER,2025-06-09,no usable strict ordinary-day match
debt_issuance,protective_put,21,60,PM,2025-06-09,no usable strict ordinary-day match
debt_issuance,protective_put,21,60,TGT,2025-06-11,no usable strict ordinary-day match
debt_issuance,protective_put,21,60,BK,2025-06-11,unusable event quote or stock
debt_issuance,protective_put,21,60,NEE,2025-06-13,no usable strict ordinary-day match
debt_issuance,protective_put,21,60,MET,2025-06-18,no usable strict ordinary-day match
debt_issuance,protective_put,21,60,UNH,2025-06-23,no usable strict ordinary-day match
debt_issuance,protective_put,21,60,AVGO,2025-07-14,no usable strict ordinary-day match
debt_issuance,protective_put,21,60,PEP,2025-07-24,no usable strict ordinary-day match
debt_issuance,protective_put,21,60,FDX,2025-07-25,unusable event quote or stock
debt_issuance,protective_put,21,60,LMT,2025-07-29,no usable strict ordinary-day match
debt_issuance,protective_put,21,60,PEP,2025-07-29,no usable strict ordinary-day match
debt_issuance,protective_put,21,60,GE,2025-07-30,no usable strict ordinary-day match
debt_issuance,protective_put,21,60,WFC,2025-07-30,no usable strict ordinary-day match
debt_issuance,protective_put,21,60,FDX,2025-07-31,unusable event quote or stock
debt_issuance,protective_put,21,60,TMUS,2025-08-06,no usable strict ordinary-day match
debt_issuance,protective_put,21,60,MO,2025-08-07,no usable strict ordinary-day match
debt_issuance,protective_put,21,60,CHTR,2025-08-21,no usable strict ordinary-day match
debt_issuance,protective_put,21,60,CHTR,2025-09-03,no usable strict ordinary-day match
debt_issuance,protective_put,21,60,MRK,2025-09-10,no usable strict ordinary-day match
debt_issuance,protective_put,21,60,DUK,2025-09-12,no usable strict ordinary-day match
debt_issuance,protective_put,21,60,UBER,2025-09-12,no usable strict ordinary-day match
debt_issuance,protective_put,21,60,AMT,2025-09-12,unusable event quote or stock
debt_issuance,protective_put,21,60,WFC,2025-09-16,no usable strict ordinary-day match
debt_issuance,protective_put,21,60,T,2025-09-17,no usable strict ordinary-day match
debt_issuance,protective_put,21,60,AMT,2025-09-17,unusable event quote or stock
debt_issuance,protective_put,21,60,MDT,2025-09-17,unusable event quote or stock
debt_issuance,protective_put,21,60,T,2025-09-25,no usable strict ordinary-day match
debt_issuance,protective_put,21,60,AVGO,2025-09-30,no usable strict ordinary-day match
debt_issuance,protective_put,21,60,MDT,2025-09-30,no usable strict ordinary-day match
debt_issuance,protective_put,21,60,HON,2025-10-02,unusable event quote or stock
debt_issuance,protective_put,21,60,CMCSA,2025-10-03,unusable event quote or stock
debt_issuance,protective_put,21,60,TMO,2025-10-08,unusable event quote or stock
debt_issuance,protective_put,21,60,CMCSA,2025-10-10,unusable event quote or stock
debt_issuance,protective_put,21,60,TMUS,2025-10-10,no usable strict ordinary-day match
debt_issuance,protective_put,21,60,JPM,2025-10-23,no usable strict ordinary-day match
debt_issuance,protective_put,21,60,AXP,2025-10-27,unusable event quote or stock
debt_issuance,protective_put,21,60,PM,2025-10-30,no usable strict ordinary-day match
debt_issuance,protective_put,21,60,META,2025-11-04,no usable strict ordinary-day match
debt_issuance,protective_put,21,60,PG,2025-11-05,unusable event quote or stock
debt_issuance,protective_put,21,60,SO,2025-11-07,unusable event quote or stock
debt_issuance,protective_put,21,60,BKNG,2025-11-10,no usable strict ordinary-day match
debt_issuance,protective_put,21,60,CL,2025-11-11,no usable strict ordinary-day match
debt_issuance,protective_put,21,60,VZ,2025-11-11,no usable strict ordinary-day match
debt_issuance,protective_put,21,60,BMY,2025-11-11,unusable event quote or stock
debt_issuance,protective_put,21,60,NEE,2025-11-13,no usable strict ordinary-day match
debt_issuance,protective_put,21,60,XOM,2025-11-14,no usable strict ordinary-day match
debt_issuance,protective_put,21,60,SCHW,2025-11-17,no usable strict ordinary-day match
debt_issuance,protective_put,21,60,LIN,2025-11-21,unusable event quote or stock
debt_issuance,protective_put,21,60,BRK.B,2025-11-24,unusable event quote or stock
debt_issuance,protective_put,21,60,PFE,2025-11-24,unusable event quote or stock
debt_issuance,protective_put,21,60,TMO,2025-12-02,unusable event quote or stock
debt_issuance,protective_put,21,60,AMT,2025-12-03,no usable strict ordinary-day match
debt_issuance,protective_put,21,60,MRK,2025-12-05,no usable strict ordinary-day match
debt_issuance,protective_put,21,60,AMT,2025-12-08,no usable strict ordinary-day match
debt_issuance,protective_put,21,60,CVX,2025-12-10,no usable strict ordinary-day match
debt_issuance,collar,21,60,DUK,2024-01-16,unusable event quote or stock
debt_issuance,collar,21,60,LMT,2024-01-30,no usable strict ordinary-day match
debt_issuance,collar,21,60,PG,2024-01-30,no usable strict ordinary-day match
debt_issuance,collar,21,60,NEE,2024-02-01,unusable event quote or stock
debt_issuance,collar,21,60,COF,2024-02-02,no usable strict ordinary-day match
debt_issuance,collar,21,60,SBUX,2024-02-09,no usable strict ordinary-day match
debt_issuance,collar,21,60,TXN,2024-02-09,no usable strict ordinary-day match
debt_issuance,collar,21,60,PM,2024-02-14,no usable strict ordinary-day match
debt_issuance,collar,21,60,C,2024-02-14,no usable strict ordinary-day match
debt_issuance,collar,21,60,LIN,2024-02-15,unusable event quote or stock
debt_issuance,collar,21,60,MMM,2024-02-28,unusable event quote or stock
debt_issuance,collar,21,60,SO,2024-02-29,unusable event quote or stock
debt_issuance,collar,21,60,NEE,2024-02-29,no usable strict ordinary-day match
debt_issuance,collar,21,60,HON,2024-03-04,no usable strict ordinary-day match
debt_issuance,collar,21,60,NEE,2024-03-04,unusable event quote or stock
debt_issuance,collar,21,60,AMT,2024-03-05,no usable strict ordinary-day match
debt_issuance,collar,21,60,BLK,2024-03-07,no usable strict ordinary-day match
debt_issuance,collar,21,60,AMT,2024-03-08,no usable strict ordinary-day match
debt_issuance,collar,21,60,NEE,2024-03-08,unusable event quote or stock
debt_issuance,collar,21,60,BLK,2024-03-15,no usable strict ordinary-day match
debt_issuance,collar,21,60,BK,2024-03-15,unusable event quote or stock
debt_issuance,collar,21,60,UNH,2024-03-22,no usable strict ordinary-day match
debt_issuance,collar,21,60,ADBE,2024-04-05,no usable strict ordinary-day match
debt_issuance,collar,21,60,JPM,2024-04-23,no usable strict ordinary-day match
debt_issuance,collar,21,60,WFC,2024-04-24,no usable strict ordinary-day match
debt_issuance,collar,21,60,AXP,2024-04-26,no usable strict ordinary-day match
debt_issuance,collar,21,60,GS,2024-04-26,no usable strict ordinary-day match
debt_issuance,collar,21,60,BRK.B,2024-04-29,no usable strict ordinary-day match
debt_issuance,collar,21,60,C,2024-04-30,no usable strict ordinary-day match
debt_issuance,collar,21,60,PG,2024-04-30,no usable strict ordinary-day match
debt_issuance,collar,21,60,SO,2024-05-07,no usable strict ordinary-day match
debt_issuance,collar,21,60,CVS,2024-05-09,unusable event quote or stock
debt_issuance,collar,21,60,KO,2024-05-09,no usable strict ordinary-day match
debt_issuance,collar,21,60,MA,2024-05-10,no usable strict ordinary-day match
debt_issuance,collar,21,60,CVS,2024-05-10,no usable strict ordinary-day match
debt_issuance,collar,21,60,KO,2024-05-14,no usable strict ordinary-day match
debt_issuance,collar,21,60,KO,2024-05-15,no usable strict ordinary-day match
debt_issuance,collar,21,60,JNJ,2024-05-21,no usable strict ordinary-day match
debt_issuance,collar,21,60,MCD,2024-05-21,no usable strict ordinary-day match
debt_issuance,collar,21,60,PYPL,2024-05-22,no usable strict ordinary-day match
debt_issuance,collar,21,60,UPS,2024-05-23,unusable event quote or stock
debt_issuance,collar,21,60,CMCSA,2024-05-23,no usable strict ordinary-day match
debt_issuance,collar,21,60,AMT,2024-05-23,no usable strict ordinary-day match
debt_issuance,collar,21,60,PYPL,2024-05-29,unusable event quote or stock
debt_issuance,collar,21,60,AMT,2024-05-30,unusable event quote or stock
debt_issuance,collar,21,60,MRK,2024-05-31,no usable strict ordinary-day match
debt_issuance,collar,21,60,LIN,2024-06-05,no usable strict ordinary-day match
debt_issuance,collar,21,60,MET,2024-06-06,unusable event quote or stock
debt_issuance,collar,21,60,PM,2024-06-07,no usable strict ordinary-day match
debt_issuance,collar,21,60,NEE,2024-06-10,no usable strict ordinary-day match
debt_issuance,collar,21,60,C,2024-06-12,no usable strict ordinary-day match
debt_issuance,collar,21,60,HD,2024-06-20,no usable strict ordinary-day match
debt_issuance,collar,21,60,NEE,2024-06-21,no usable strict ordinary-day match
debt_issuance,collar,21,60,MDLZ,2024-07-05,unusable event quote or stock
debt_issuance,collar,21,60,AVGO,2024-07-15,unusable event quote or stock
debt_issuance,collar,21,60,PEP,2024-07-18,no usable strict ordinary-day match
debt_issuance,collar,21,60,BLK,2024-07-19,no usable strict ordinary-day match
debt_issuance,collar,21,60,BK,2024-07-23,unusable event quote or stock
debt_issuance,collar,21,60,UNH,2024-07-26,no usable strict ordinary-day match
debt_issuance,collar,21,60,BLK,2024-07-29,unusable event quote or stock
debt_issuance,collar,21,60,COF,2024-07-29,unusable event quote or stock
debt_issuance,collar,21,60,NEE,2024-07-31,unusable event quote or stock
debt_issuance,collar,21,60,HON,2024-08-05,no usable strict ordinary-day match
debt_issuance,collar,21,60,KO,2024-08-12,no usable strict ordinary-day match
debt_issuance,collar,21,60,KO,2024-08-15,unusable event quote or stock
debt_issuance,collar,21,60,LLY,2024-08-15,no usable strict ordinary-day match
debt_issuance,collar,21,60,KO,2024-08-16,no usable strict ordinary-day match
debt_issuance,collar,21,60,DUK,2024-08-23,unusable event quote or stock
debt_issuance,collar,21,60,MDLZ,2024-08-26,unusable event quote or stock
debt_issuance,collar,21,60,MDLZ,2024-08-29,no usable strict ordinary-day match
debt_issuance,collar,21,60,MA,2024-09-06,unusable event quote or stock
debt_issuance,collar,21,60,SO,2024-09-10,unusable event quote or stock
debt_issuance,collar,21,60,UBER,2024-09-10,no usable strict ordinary-day match
debt_issuance,collar,21,60,USB,2024-09-23,unusable event quote or stock
debt_issuance,collar,21,60,CMCSA,2024-09-27,unusable event quote or stock
debt_issuance,collar,21,60,TMUS,2024-09-27,unusable event quote or stock
debt_issuance,collar,21,60,ORCL,2024-09-30,unusable event quote or stock
debt_issuance,collar,21,60,MET,2024-10-01,no usable strict ordinary-day match
debt_issuance,collar,21,60,ACN,2024-10-07,no usable strict ordinary-day match
debt_issuance,collar,21,60,JPM,2024-10-23,no usable strict ordinary-day match
debt_issuance,collar,21,60,BRK.B,2024-10-24,no usable strict ordinary-day match
debt_issuance,collar,21,60,GS,2024-10-24,no usable strict ordinary-day match
debt_issuance,collar,21,60,PG,2024-10-25,no usable strict ordinary-day match
debt_issuance,collar,21,60,NEE,2024-11-01,no usable strict ordinary-day match
debt_issuance,collar,21,60,PM,2024-11-04,no usable strict ordinary-day match
debt_issuance,collar,21,60,AMT,2024-11-20,no usable strict ordinary-day match
debt_issuance,collar,21,60,C,2024-11-20,no usable strict ordinary-day match
debt_issuance,collar,21,60,GS,2024-11-20,no usable strict ordinary-day match
debt_issuance,collar,21,60,BK,2024-11-21,unusable event quote or stock
debt_issuance,collar,21,60,GILD,2024-11-21,no usable strict ordinary-day match
debt_issuance,collar,21,60,AMT,2024-11-22,unusable event quote or stock
debt_issuance,collar,21,60,BKNG,2024-11-22,unusable event quote or stock
debt_issuance,collar,21,60,AIG,2024-11-29,unusable event quote or stock
debt_issuance,collar,21,60,JPM,2024-12-02,no usable strict ordinary-day match
debt_issuance,collar,21,60,CVS,2024-12-06,no usable strict ordinary-day match
debt_issuance,collar,21,60,CVS,2024-12-11,no usable strict ordinary-day match
debt_issuance,collar,21,60,COP,2024-12-31,no usable strict ordinary-day match
debt_issuance,collar,21,60,SO,2025-01-14,unusable event quote or stock
debt_issuance,collar,21,60,DE,2025-01-17,unusable event quote or stock
debt_issuance,collar,21,60,ADBE,2025-01-21,unusable event quote or stock
debt_issuance,collar,21,60,C,2025-01-27,no usable strict ordinary-day match
debt_issuance,collar,21,60,GS,2025-01-29,no usable strict ordinary-day match
debt_issuance,collar,21,60,COF,2025-01-31,no usable strict ordinary-day match
debt_issuance,collar,21,60,AXP,2025-01-31,no usable strict ordinary-day match
debt_issuance,collar,21,60,NEE,2025-02-05,no usable strict ordinary-day match
debt_issuance,collar,21,60,NEE,2025-02-07,unusable event quote or stock
debt_issuance,collar,21,60,MO,2025-02-07,no usable strict ordinary-day match
debt_issuance,collar,21,60,PEP,2025-02-10,unusable event quote or stock
debt_issuance,collar,21,60,TMUS,2025-02-12,no usable strict ordinary-day match
debt_issuance,collar,21,60,BK,2025-02-12,unusable event quote or stock
debt_issuance,collar,21,60,LLY,2025-02-13,unusable event quote or stock
debt_issuance,collar,21,60,UNP,2025-02-14,unusable event quote or stock
debt_issuance,collar,21,60,LIN,2025-02-19,no usable strict ordinary-day match
debt_issuance,collar,21,60,ABBV,2025-02-20,no usable strict ordinary-day match
debt_issuance,collar,21,60,JNJ,2025-02-21,no usable strict ordinary-day match
debt_issuance,collar,21,60,CSCO,2025-02-25,no usable strict ordinary-day match
debt_issuance,collar,21,60,ABBV,2025-02-27,no usable strict ordinary-day match
debt_issuance,collar,21,60,FDX,2025-02-27,no usable strict ordinary-day match
debt_issuance,collar,21,60,CVX,2025-02-27,no usable strict ordinary-day match
debt_issuance,collar,21,60,JNJ,2025-02-27,no usable strict ordinary-day match
debt_issuance,collar,21,60,EMR,2025-03-03,unusable event quote or stock
debt_issuance,collar,21,60,SO,2025-03-03,no usable strict ordinary-day match
debt_issuance,collar,21,60,EMR,2025-03-05,no usable strict ordinary-day match
debt_issuance,collar,21,60,C,2025-03-05,no usable strict ordinary-day match
debt_issuance,collar,21,60,MET,2025-03-05,unusable event quote or stock
debt_issuance,collar,21,60,MCD,2025-03-05,no usable strict ordinary-day match
debt_issuance,collar,21,60,PYPL,2025-03-07,no usable strict ordinary-day match
debt_issuance,collar,21,60,AMT,2025-03-12,unusable event quote or stock
debt_issuance,collar,21,60,MET,2025-03-14,unusable event quote or stock
debt_issuance,collar,21,60,MMM,2025-03-14,no usable strict ordinary-day match
debt_issuance,collar,21,60,AMT,2025-03-17,unusable event quote or stock
debt_issuance,collar,21,60,BLK,2025-03-27,unusable event quote or stock
debt_issuance,collar,21,60,C,2025-03-28,no usable strict ordinary-day match
debt_issuance,collar,21,60,TMUS,2025-03-28,unusable event quote or stock
debt_issuance,collar,21,60,T,2025-04-01,no usable strict ordinary-day match
debt_issuance,collar,21,60,XOM,2025-04-02,unusable event quote or stock
debt_issuance,collar,21,60,BLK,2025-04-04,unusable event quote or stock
debt_issuance,collar,21,60,BRK.B,2025-04-21,no usable strict ordinary-day match
debt_issuance,collar,21,60,JPM,2025-04-23,no usable strict ordinary-day match
debt_issuance,collar,21,60,AXP,2025-04-28,unusable event quote or stock
debt_issuance,collar,21,60,WMT,2025-04-29,no usable strict ordinary-day match
debt_issuance,collar,21,60,C,2025-04-30,no usable strict ordinary-day match
debt_issuance,collar,21,60,PM,2025-05-01,unusable event quote or stock
debt_issuance,collar,21,60,GOOGL,2025-05-02,no usable strict ordinary-day match
debt_issuance,collar,21,60,PG,2025-05-02,unusable event quote or stock
debt_issuance,collar,21,60,CL,2025-05-05,no usable strict ordinary-day match
debt_issuance,collar,21,60,MDLZ,2025-05-07,unusable event quote or stock
debt_issuance,collar,21,60,GOOGL,2025-05-07,no usable strict ordinary-day match
debt_issuance,collar,21,60,GM,2025-05-08,no usable strict ordinary-day match
debt_issuance,collar,21,60,AIG,2025-05-08,unusable event quote or stock
debt_issuance,collar,21,60,GD,2025-05-08,unusable event quote or stock
debt_issuance,collar,21,60,C,2025-05-08,no usable strict ordinary-day match
debt_issuance,collar,21,60,CMCSA,2025-05-09,no usable strict ordinary-day match
debt_issuance,collar,21,60,SBUX,2025-05-09,no usable strict ordinary-day match
debt_issuance,collar,21,60,BKNG,2025-05-12,unusable event quote or stock
debt_issuance,collar,21,60,UPS,2025-05-15,no usable strict ordinary-day match
debt_issuance,collar,21,60,NEE,2025-05-16,no usable strict ordinary-day match
debt_issuance,collar,21,60,CAT,2025-05-16,no usable strict ordinary-day match
debt_issuance,collar,21,60,PFE,2025-05-20,no usable strict ordinary-day match
debt_issuance,collar,21,60,AXP,2025-05-21,no usable strict ordinary-day match
debt_issuance,collar,21,60,UBER,2025-05-21,no usable strict ordinary-day match
debt_issuance,collar,21,60,UPS,2025-05-21,no usable strict ordinary-day match
debt_issuance,collar,21,60,SO,2025-05-22,no usable strict ordinary-day match
debt_issuance,collar,21,60,AMT,2025-05-22,no usable strict ordinary-day match
debt_issuance,collar,21,60,SO,2025-05-28,no usable strict ordinary-day match
debt_issuance,collar,21,60,AMT,2025-06-02,unusable event quote or stock
debt_issuance,collar,21,60,T,2025-06-04,unusable event quote or stock
debt_issuance,collar,21,60,C,2025-06-04,no usable strict ordinary-day match
debt_issuance,collar,21,60,LIN,2025-06-06,unusable event quote or stock
debt_issuance,collar,21,60,UBER,2025-06-09,no usable strict ordinary-day match
debt_issuance,collar,21,60,PM,2025-06-09,unusable event quote or stock
debt_issuance,collar,21,60,TGT,2025-06-11,no usable strict ordinary-day match
debt_issuance,collar,21,60,BK,2025-06-11,unusable event quote or stock
debt_issuance,collar,21,60,NEE,2025-06-13,no usable strict ordinary-day match
debt_issuance,collar,21,60,MET,2025-06-18,no usable strict ordinary-day match
debt_issuance,collar,21,60,UNH,2025-06-23,no usable strict ordinary-day match
debt_issuance,collar,21,60,AVGO,2025-07-14,no usable strict ordinary-day match
debt_issuance,collar,21,60,PEP,2025-07-24,no usable strict ordinary-day match
debt_issuance,collar,21,60,FDX,2025-07-25,unusable event quote or stock
debt_issuance,collar,21,60,LMT,2025-07-29,no usable strict ordinary-day match
debt_issuance,collar,21,60,PEP,2025-07-29,no usable strict ordinary-day match
debt_issuance,collar,21,60,GE,2025-07-30,no usable strict ordinary-day match
debt_issuance,collar,21,60,WFC,2025-07-30,no usable strict ordinary-day match
debt_issuance,collar,21,60,FDX,2025-07-31,unusable event quote or stock
debt_issuance,collar,21,60,TMUS,2025-08-06,no usable strict ordinary-day match
debt_issuance,collar,21,60,MO,2025-08-07,no usable strict ordinary-day match
debt_issuance,collar,21,60,CHTR,2025-08-21,no usable strict ordinary-day match
debt_issuance,collar,21,60,CHTR,2025-09-03,no usable strict ordinary-day match
debt_issuance,collar,21,60,MRK,2025-09-10,no usable strict ordinary-day match
debt_issuance,collar,21,60,DUK,2025-09-12,unusable event quote or stock
debt_issuance,collar,21,60,UBER,2025-09-12,no usable strict ordinary-day match
debt_issuance,collar,21,60,AMT,2025-09-12,unusable event quote or stock
debt_issuance,collar,21,60,WFC,2025-09-16,no usable strict ordinary-day match
debt_issuance,collar,21,60,T,2025-09-17,no usable strict ordinary-day match
debt_issuance,collar,21,60,AMT,2025-09-17,unusable event quote or stock
debt_issuance,collar,21,60,MDT,2025-09-17,unusable event quote or stock
debt_issuance,collar,21,60,T,2025-09-25,no usable strict ordinary-day match
debt_issuance,collar,21,60,AVGO,2025-09-30,no usable strict ordinary-day match
debt_issuance,collar,21,60,MDT,2025-09-30,unusable event quote or stock
debt_issuance,collar,21,60,HON,2025-10-02,unusable event quote or stock
debt_issuance,collar,21,60,CMCSA,2025-10-03,unusable event quote or stock
debt_issuance,collar,21,60,TMO,2025-10-08,unusable event quote or stock
debt_issuance,collar,21,60,CMCSA,2025-10-10,unusable event quote or stock
debt_issuance,collar,21,60,TMUS,2025-10-10,unusable event quote or stock
debt_issuance,collar,21,60,JPM,2025-10-23,no usable strict ordinary-day match
debt_issuance,collar,21,60,AXP,2025-10-27,unusable event quote or stock
debt_issuance,collar,21,60,PM,2025-10-30,no usable strict ordinary-day match
debt_issuance,collar,21,60,META,2025-11-04,no usable strict ordinary-day match
debt_issuance,collar,21,60,PG,2025-11-04,no usable strict ordinary-day match
debt_issuance,collar,21,60,PG,2025-11-05,unusable event quote or stock
debt_issuance,collar,21,60,SO,2025-11-07,unusable event quote or stock
debt_issuance,collar,21,60,BKNG,2025-11-10,no usable strict ordinary-day match
debt_issuance,collar,21,60,CL,2025-11-11,unusable event quote or stock
debt_issuance,collar,21,60,VZ,2025-11-11,no usable strict ordinary-day match
debt_issuance,collar,21,60,BMY,2025-11-11,unusable event quote or stock
debt_issuance,collar,21,60,NEE,2025-11-13,no usable strict ordinary-day match
debt_issuance,collar,21,60,XOM,2025-11-14,no usable strict ordinary-day match
debt_issuance,collar,21,60,SCHW,2025-11-17,no usable strict ordinary-day match
debt_issuance,collar,21,60,LIN,2025-11-21,unusable event quote or stock
debt_issuance,collar,21,60,BRK.B,2025-11-24,unusable event quote or stock
debt_issuance,collar,21,60,PFE,2025-11-24,unusable event quote or stock
debt_issuance,collar,21,60,TMO,2025-12-02,unusable event quote or stock
debt_issuance,collar,21,60,AMT,2025-12-03,no usable strict ordinary-day match
debt_issuance,collar,21,60,MRK,2025-12-05,no usable strict ordinary-day match
debt_issuance,collar,21,60,AMT,2025-12-08,no usable strict ordinary-day match
debt_issuance,collar,21,60,CVX,2025-12-10,no usable strict ordinary-day match
debt_issuance,cash_secured_put,21,60,DUK,2024-01-16,no usable strict ordinary-day match
debt_issuance,cash_secured_put,21,60,LMT,2024-01-30,no usable strict ordinary-day match
debt_issuance,cash_secured_put,21,60,PG,2024-01-30,no usable strict ordinary-day match
debt_issuance,cash_secured_put,21,60,NEE,2024-02-01,unusable event quote or stock
debt_issuance,cash_secured_put,21,60,COF,2024-02-02,no usable strict ordinary-day match
debt_issuance,cash_secured_put,21,60,SBUX,2024-02-09,no usable strict ordinary-day match
debt_issuance,cash_secured_put,21,60,TXN,2024-02-09,no usable strict ordinary-day match
debt_issuance,cash_secured_put,21,60,PM,2024-02-14,no usable strict ordinary-day match
debt_issuance,cash_secured_put,21,60,C,2024-02-14,no usable strict ordinary-day match
debt_issuance,cash_secured_put,21,60,LIN,2024-02-15,unusable event quote or stock
debt_issuance,cash_secured_put,21,60,MMM,2024-02-28,unusable event quote or stock
debt_issuance,cash_secured_put,21,60,SO,2024-02-29,unusable event quote or stock
debt_issuance,cash_secured_put,21,60,NEE,2024-02-29,no usable strict ordinary-day match
debt_issuance,cash_secured_put,21,60,HON,2024-03-04,no usable strict ordinary-day match
debt_issuance,cash_secured_put,21,60,NEE,2024-03-04,unusable event quote or stock
debt_issuance,cash_secured_put,21,60,BLK,2024-03-07,no usable strict ordinary-day match
debt_issuance,cash_secured_put,21,60,NEE,2024-03-08,unusable event quote or stock
debt_issuance,cash_secured_put,21,60,BLK,2024-03-15,no usable strict ordinary-day match
debt_issuance,cash_secured_put,21,60,BK,2024-03-15,unusable event quote or stock
debt_issuance,cash_secured_put,21,60,UNH,2024-03-22,no usable strict ordinary-day match
debt_issuance,cash_secured_put,21,60,ADBE,2024-04-05,no usable strict ordinary-day match
debt_issuance,cash_secured_put,21,60,JPM,2024-04-23,no usable strict ordinary-day match
debt_issuance,cash_secured_put,21,60,AXP,2024-04-26,no usable strict ordinary-day match
debt_issuance,cash_secured_put,21,60,GS,2024-04-26,no usable strict ordinary-day match
debt_issuance,cash_secured_put,21,60,BRK.B,2024-04-29,no usable strict ordinary-day match
debt_issuance,cash_secured_put,21,60,C,2024-04-30,no usable strict ordinary-day match
debt_issuance,cash_secured_put,21,60,PG,2024-04-30,no usable strict ordinary-day match
debt_issuance,cash_secured_put,21,60,SO,2024-05-07,no usable strict ordinary-day match
debt_issuance,cash_secured_put,21,60,CVS,2024-05-09,unusable event quote or stock
debt_issuance,cash_secured_put,21,60,KO,2024-05-09,no usable strict ordinary-day match
debt_issuance,cash_secured_put,21,60,MA,2024-05-10,no usable strict ordinary-day match
debt_issuance,cash_secured_put,21,60,KO,2024-05-14,no usable strict ordinary-day match
debt_issuance,cash_secured_put,21,60,KO,2024-05-15,no usable strict ordinary-day match
debt_issuance,cash_secured_put,21,60,JNJ,2024-05-21,no usable strict ordinary-day match
debt_issuance,cash_secured_put,21,60,MCD,2024-05-21,no usable strict ordinary-day match
debt_issuance,cash_secured_put,21,60,PYPL,2024-05-22,no usable strict ordinary-day match
debt_issuance,cash_secured_put,21,60,UPS,2024-05-23,no usable strict ordinary-day match
debt_issuance,cash_secured_put,21,60,CMCSA,2024-05-23,no usable strict ordinary-day match
debt_issuance,cash_secured_put,21,60,AMT,2024-05-23,no usable strict ordinary-day match
debt_issuance,cash_secured_put,21,60,PYPL,2024-05-29,no usable strict ordinary-day match
debt_issuance,cash_secured_put,21,60,AMT,2024-05-30,unusable event quote or stock
debt_issuance,cash_secured_put,21,60,MRK,2024-05-31,no usable strict ordinary-day match
debt_issuance,cash_secured_put,21,60,LIN,2024-06-05,no usable strict ordinary-day match
debt_issuance,cash_secured_put,21,60,MET,2024-06-06,no usable strict ordinary-day match
debt_issuance,cash_secured_put,21,60,PM,2024-06-07,no usable strict ordinary-day match
debt_issuance,cash_secured_put,21,60,NEE,2024-06-10,no usable strict ordinary-day match
debt_issuance,cash_secured_put,21,60,C,2024-06-12,no usable strict ordinary-day match
debt_issuance,cash_secured_put,21,60,HD,2024-06-20,no usable strict ordinary-day match
debt_issuance,cash_secured_put,21,60,NEE,2024-06-21,no usable strict ordinary-day match
debt_issuance,cash_secured_put,21,60,MDLZ,2024-07-05,unusable event quote or stock
debt_issuance,cash_secured_put,21,60,AVGO,2024-07-15,unusable event quote or stock
debt_issuance,cash_secured_put,21,60,PEP,2024-07-18,no usable strict ordinary-day match
debt_issuance,cash_secured_put,21,60,BLK,2024-07-19,no usable strict ordinary-day match
debt_issuance,cash_secured_put,21,60,BK,2024-07-23,no usable strict ordinary-day match
debt_issuance,cash_secured_put,21,60,UNH,2024-07-26,no usable strict ordinary-day match
debt_issuance,cash_secured_put,21,60,BLK,2024-07-29,unusable event quote or stock
debt_issuance,cash_secured_put,21,60,COF,2024-07-29,unusable event quote or stock
debt_issuance,cash_secured_put,21,60,NEE,2024-07-31,unusable event quote or stock
debt_issuance,cash_secured_put,21,60,HON,2024-08-05,no usable strict ordinary-day match
debt_issuance,cash_secured_put,21,60,KO,2024-08-15,unusable event quote or stock
debt_issuance,cash_secured_put,21,60,LLY,2024-08-15,no usable strict ordinary-day match
debt_issuance,cash_secured_put,21,60,KO,2024-08-16,no usable strict ordinary-day match
debt_issuance,cash_secured_put,21,60,DUK,2024-08-23,no usable strict ordinary-day match
debt_issuance,cash_secured_put,21,60,MDLZ,2024-08-26,unusable event quote or stock
debt_issuance,cash_secured_put,21,60,MDLZ,2024-08-29,no usable strict ordinary-day match
debt_issuance,cash_secured_put,21,60,MA,2024-09-06,unusable event quote or stock
debt_issuance,cash_secured_put,21,60,UBER,2024-09-10,no usable strict ordinary-day match
debt_issuance,cash_secured_put,21,60,USB,2024-09-23,unusable event quote or stock
debt_issuance,cash_secured_put,21,60,CMCSA,2024-09-27,unusable event quote or stock
debt_issuance,cash_secured_put,21,60,TMUS,2024-09-27,unusable event quote or stock
debt_issuance,cash_secured_put,21,60,ORCL,2024-09-30,unusable event quote or stock
debt_issuance,cash_secured_put,21,60,MET,2024-10-01,no usable strict ordinary-day match
debt_issuance,cash_secured_put,21,60,ACN,2024-10-07,no usable strict ordinary-day match
debt_issuance,cash_secured_put,21,60,JPM,2024-10-23,no usable strict ordinary-day match
debt_issuance,cash_secured_put,21,60,BRK.B,2024-10-24,no usable strict ordinary-day match
debt_issuance,cash_secured_put,21,60,GS,2024-10-24,no usable strict ordinary-day match
debt_issuance,cash_secured_put,21,60,PG,2024-10-25,no usable strict ordinary-day match
debt_issuance,cash_secured_put,21,60,NEE,2024-11-01,no usable strict ordinary-day match
debt_issuance,cash_secured_put,21,60,PM,2024-11-04,no usable strict ordinary-day match
debt_issuance,cash_secured_put,21,60,C,2024-11-20,no usable strict ordinary-day match
debt_issuance,cash_secured_put,21,60,GS,2024-11-20,no usable strict ordinary-day match
debt_issuance,cash_secured_put,21,60,BK,2024-11-21,unusable event quote or stock
debt_issuance,cash_secured_put,21,60,GILD,2024-11-21,no usable strict ordinary-day match
debt_issuance,cash_secured_put,21,60,AMT,2024-11-22,unusable event quote or stock
debt_issuance,cash_secured_put,21,60,BKNG,2024-11-22,unusable event quote or stock
debt_issuance,cash_secured_put,21,60,AIG,2024-11-29,unusable event quote or stock
debt_issuance,cash_secured_put,21,60,JPM,2024-12-02,no usable strict ordinary-day match
debt_issuance,cash_secured_put,21,60,CVS,2024-12-06,no usable strict ordinary-day match
debt_issuance,cash_secured_put,21,60,CVS,2024-12-11,no usable strict ordinary-day match
debt_issuance,cash_secured_put,21,60,SO,2025-01-14,unusable event quote or stock
debt_issuance,cash_secured_put,21,60,DE,2025-01-17,no usable strict ordinary-day match
debt_issuance,cash_secured_put,21,60,ADBE,2025-01-21,unusable event quote or stock
debt_issuance,cash_secured_put,21,60,C,2025-01-27,no usable strict ordinary-day match
debt_issuance,cash_secured_put,21,60,GS,2025-01-29,no usable strict ordinary-day match
debt_issuance,cash_secured_put,21,60,COF,2025-01-31,no usable strict ordinary-day match
debt_issuance,cash_secured_put,21,60,AXP,2025-01-31,no usable strict ordinary-day match
debt_issuance,cash_secured_put,21,60,NEE,2025-02-05,no usable strict ordinary-day match
debt_issuance,cash_secured_put,21,60,NEE,2025-02-07,no usable strict ordinary-day match
debt_issuance,cash_secured_put,21,60,MO,2025-02-07,no usable strict ordinary-day match
debt_issuance,cash_secured_put,21,60,PEP,2025-02-10,unusable event quote or stock
debt_issuance,cash_secured_put,21,60,TMUS,2025-02-12,no usable strict ordinary-day match
debt_issuance,cash_secured_put,21,60,BK,2025-02-12,no usable strict ordinary-day match
debt_issuance,cash_secured_put,21,60,LLY,2025-02-13,unusable event quote or stock
debt_issuance,cash_secured_put,21,60,UNP,2025-02-14,unusable event quote or stock
debt_issuance,cash_secured_put,21,60,LIN,2025-02-19,no usable strict ordinary-day match
debt_issuance,cash_secured_put,21,60,ABBV,2025-02-20,no usable strict ordinary-day match
debt_issuance,cash_secured_put,21,60,JNJ,2025-02-21,no usable strict ordinary-day match
debt_issuance,cash_secured_put,21,60,CSCO,2025-02-25,no usable strict ordinary-day match
debt_issuance,cash_secured_put,21,60,ABBV,2025-02-27,no usable strict ordinary-day match
debt_issuance,cash_secured_put,21,60,FDX,2025-02-27,no usable strict ordinary-day match
debt_issuance,cash_secured_put,21,60,CVX,2025-02-27,no usable strict ordinary-day match
debt_issuance,cash_secured_put,21,60,JNJ,2025-02-27,no usable strict ordinary-day match
debt_issuance,cash_secured_put,21,60,EMR,2025-03-03,no usable strict ordinary-day match
debt_issuance,cash_secured_put,21,60,SO,2025-03-03,no usable strict ordinary-day match
debt_issuance,cash_secured_put,21,60,EMR,2025-03-05,no usable strict ordinary-day match
debt_issuance,cash_secured_put,21,60,C,2025-03-05,no usable strict ordinary-day match
debt_issuance,cash_secured_put,21,60,MET,2025-03-05,unusable event quote or stock
debt_issuance,cash_secured_put,21,60,MCD,2025-03-05,no usable strict ordinary-day match
debt_issuance,cash_secured_put,21,60,PYPL,2025-03-07,no usable strict ordinary-day match
debt_issuance,cash_secured_put,21,60,AMT,2025-03-12,unusable event quote or stock
debt_issuance,cash_secured_put,21,60,MET,2025-03-14,no usable strict ordinary-day match
debt_issuance,cash_secured_put,21,60,MMM,2025-03-14,no usable strict ordinary-day match
debt_issuance,cash_secured_put,21,60,AMT,2025-03-17,unusable event quote or stock
debt_issuance,cash_secured_put,21,60,BLK,2025-03-27,unusable event quote or stock
debt_issuance,cash_secured_put,21,60,C,2025-03-28,no usable strict ordinary-day match
debt_issuance,cash_secured_put,21,60,TMUS,2025-03-28,no usable strict ordinary-day match
debt_issuance,cash_secured_put,21,60,T,2025-04-01,no usable strict ordinary-day match
debt_issuance,cash_secured_put,21,60,BLK,2025-04-04,unusable event quote or stock
debt_issuance,cash_secured_put,21,60,BRK.B,2025-04-21,no usable strict ordinary-day match
debt_issuance,cash_secured_put,21,60,JPM,2025-04-23,no usable strict ordinary-day match
debt_issuance,cash_secured_put,21,60,AXP,2025-04-28,unusable event quote or stock
debt_issuance,cash_secured_put,21,60,WMT,2025-04-29,no usable strict ordinary-day match
debt_issuance,cash_secured_put,21,60,C,2025-04-30,no usable strict ordinary-day match
debt_issuance,cash_secured_put,21,60,PM,2025-05-01,no usable strict ordinary-day match
debt_issuance,cash_secured_put,21,60,GOOGL,2025-05-02,no usable strict ordinary-day match
debt_issuance,cash_secured_put,21,60,PG,2025-05-02,unusable event quote or stock
debt_issuance,cash_secured_put,21,60,CL,2025-05-05,no usable strict ordinary-day match
debt_issuance,cash_secured_put,21,60,MDLZ,2025-05-07,unusable event quote or stock
debt_issuance,cash_secured_put,21,60,GOOGL,2025-05-07,no usable strict ordinary-day match
debt_issuance,cash_secured_put,21,60,GM,2025-05-08,no usable strict ordinary-day match
debt_issuance,cash_secured_put,21,60,AIG,2025-05-08,unusable event quote or stock
debt_issuance,cash_secured_put,21,60,GD,2025-05-08,unusable event quote or stock
debt_issuance,cash_secured_put,21,60,C,2025-05-08,no usable strict ordinary-day match
debt_issuance,cash_secured_put,21,60,CMCSA,2025-05-09,no usable strict ordinary-day match
debt_issuance,cash_secured_put,21,60,SBUX,2025-05-09,no usable strict ordinary-day match
debt_issuance,cash_secured_put,21,60,BKNG,2025-05-12,unusable event quote or stock
debt_issuance,cash_secured_put,21,60,UPS,2025-05-15,no usable strict ordinary-day match
debt_issuance,cash_secured_put,21,60,NEE,2025-05-16,no usable strict ordinary-day match
debt_issuance,cash_secured_put,21,60,CAT,2025-05-16,no usable strict ordinary-day match
debt_issuance,cash_secured_put,21,60,PFE,2025-05-20,no usable strict ordinary-day match
debt_issuance,cash_secured_put,21,60,AXP,2025-05-21,no usable strict ordinary-day match
debt_issuance,cash_secured_put,21,60,UBER,2025-05-21,no usable strict ordinary-day match
debt_issuance,cash_secured_put,21,60,UPS,2025-05-21,no usable strict ordinary-day match
debt_issuance,cash_secured_put,21,60,AMT,2025-05-22,no usable strict ordinary-day match
debt_issuance,cash_secured_put,21,60,SO,2025-05-28,no usable strict ordinary-day match
debt_issuance,cash_secured_put,21,60,AMT,2025-06-02,unusable event quote or stock
debt_issuance,cash_secured_put,21,60,T,2025-06-04,unusable event quote or stock
debt_issuance,cash_secured_put,21,60,C,2025-06-04,no usable strict ordinary-day match
debt_issuance,cash_secured_put,21,60,LIN,2025-06-06,unusable event quote or stock
debt_issuance,cash_secured_put,21,60,UBER,2025-06-09,no usable strict ordinary-day match
debt_issuance,cash_secured_put,21,60,PM,2025-06-09,no usable strict ordinary-day match
debt_issuance,cash_secured_put,21,60,TGT,2025-06-11,no usable strict ordinary-day match
debt_issuance,cash_secured_put,21,60,BK,2025-06-11,unusable event quote or stock
debt_issuance,cash_secured_put,21,60,NEE,2025-06-13,no usable strict ordinary-day match
debt_issuance,cash_secured_put,21,60,MET,2025-06-18,no usable strict ordinary-day match
debt_issuance,cash_secured_put,21,60,UNH,2025-06-23,no usable strict ordinary-day match
debt_issuance,cash_secured_put,21,60,AVGO,2025-07-14,no usable strict ordinary-day match
debt_issuance,cash_secured_put,21,60,PEP,2025-07-24,no usable strict ordinary-day match
debt_issuance,cash_secured_put,21,60,FDX,2025-07-25,unusable event quote or stock
debt_issuance,cash_secured_put,21,60,LMT,2025-07-29,no usable strict ordinary-day match
debt_issuance,cash_secured_put,21,60,PEP,2025-07-29,no usable strict ordinary-day match
debt_issuance,cash_secured_put,21,60,GE,2025-07-30,no usable strict ordinary-day match
debt_issuance,cash_secured_put,21,60,WFC,2025-07-30,no usable strict ordinary-day match
debt_issuance,cash_secured_put,21,60,FDX,2025-07-31,unusable event quote or stock
debt_issuance,cash_secured_put,21,60,TMUS,2025-08-06,no usable strict ordinary-day match
debt_issuance,cash_secured_put,21,60,MO,2025-08-07,no usable strict ordinary-day match
debt_issuance,cash_secured_put,21,60,CHTR,2025-08-21,no usable strict ordinary-day match
debt_issuance,cash_secured_put,21,60,CHTR,2025-09-03,no usable strict ordinary-day match
debt_issuance,cash_secured_put,21,60,MRK,2025-09-10,no usable strict ordinary-day match
debt_issuance,cash_secured_put,21,60,DUK,2025-09-12,no usable strict ordinary-day match
debt_issuance,cash_secured_put,21,60,UBER,2025-09-12,no usable strict ordinary-day match
debt_issuance,cash_secured_put,21,60,AMT,2025-09-12,unusable event quote or stock
debt_issuance,cash_secured_put,21,60,WFC,2025-09-16,no usable strict ordinary-day match
debt_issuance,cash_secured_put,21,60,T,2025-09-17,no usable strict ordinary-day match
debt_issuance,cash_secured_put,21,60,AMT,2025-09-17,unusable event quote or stock
debt_issuance,cash_secured_put,21,60,MDT,2025-09-17,unusable event quote or stock
debt_issuance,cash_secured_put,21,60,T,2025-09-25,no usable strict ordinary-day match
debt_issuance,cash_secured_put,21,60,AVGO,2025-09-30,no usable strict ordinary-day match
debt_issuance,cash_secured_put,21,60,MDT,2025-09-30,no usable strict ordinary-day match
debt_issuance,cash_secured_put,21,60,HON,2025-10-02,unusable event quote or stock
debt_issuance,cash_secured_put,21,60,CMCSA,2025-10-03,unusable event quote or stock
debt_issuance,cash_secured_put,21,60,TMO,2025-10-08,unusable event quote or stock
debt_issuance,cash_secured_put,21,60,CMCSA,2025-10-10,unusable event quote or stock
debt_issuance,cash_secured_put,21,60,TMUS,2025-10-10,no usable strict ordinary-day match
debt_issuance,cash_secured_put,21,60,JPM,2025-10-23,no usable strict ordinary-day match
debt_issuance,cash_secured_put,21,60,AXP,2025-10-27,unusable event quote or stock
debt_issuance,cash_secured_put,21,60,PM,2025-10-30,no usable strict ordinary-day match
debt_issuance,cash_secured_put,21,60,META,2025-11-04,no usable strict ordinary-day match
debt_issuance,cash_secured_put,21,60,PG,2025-11-05,unusable event quote or stock
debt_issuance,cash_secured_put,21,60,SO,2025-11-07,unusable event quote or stock
debt_issuance,cash_secured_put,21,60,BKNG,2025-11-10,no usable strict ordinary-day match
debt_issuance,cash_secured_put,21,60,CL,2025-11-11,no usable strict ordinary-day match
debt_issuance,cash_secured_put,21,60,VZ,2025-11-11,no usable strict ordinary-day match
debt_issuance,cash_secured_put,21,60,BMY,2025-11-11,unusable event quote or stock
debt_issuance,cash_secured_put,21,60,NEE,2025-11-13,no usable strict ordinary-day match
debt_issuance,cash_secured_put,21,60,XOM,2025-11-14,no usable strict ordinary-day match
debt_issuance,cash_secured_put,21,60,SCHW,2025-11-17,no usable strict ordinary-day match
debt_issuance,cash_secured_put,21,60,LIN,2025-11-21,unusable event quote or stock
debt_issuance,cash_secured_put,21,60,BRK.B,2025-11-24,unusable event quote or stock
debt_issuance,cash_secured_put,21,60,PFE,2025-11-24,unusable event quote or stock
debt_issuance,cash_secured_put,21,60,TMO,2025-12-02,unusable event quote or stock
debt_issuance,cash_secured_put,21,60,AMT,2025-12-03,no usable strict ordinary-day match
debt_issuance,cash_secured_put,21,60,MRK,2025-12-05,no usable strict ordinary-day match
debt_issuance,cash_secured_put,21,60,AMT,2025-12-08,no usable strict ordinary-day match
debt_issuance,cash_secured_put,21,60,CVX,2025-12-10,no usable strict ordinary-day match
debt_issuance,long_call,21,300,DUK,2024-01-16,unusable event quote or stock
debt_issuance,long_call,21,300,LMT,2024-01-30,no usable strict ordinary-day match
debt_issuance,long_call,21,300,PG,2024-01-30,no usable strict ordinary-day match
debt_issuance,long_call,21,300,NEE,2024-02-01,no usable strict ordinary-day match
debt_issuance,long_call,21,300,COF,2024-02-02,no usable strict ordinary-day match
debt_issuance,long_call,21,300,SBUX,2024-02-09,no usable strict ordinary-day match
debt_issuance,long_call,21,300,TXN,2024-02-09,no usable strict ordinary-day match
debt_issuance,long_call,21,300,PM,2024-02-14,no usable strict ordinary-day match
debt_issuance,long_call,21,300,C,2024-02-14,no usable strict ordinary-day match
debt_issuance,long_call,21,300,LIN,2024-02-15,unusable event quote or stock
debt_issuance,long_call,21,300,MMM,2024-02-28,unusable event quote or stock
debt_issuance,long_call,21,300,SO,2024-02-29,no usable strict ordinary-day match
debt_issuance,long_call,21,300,NEE,2024-02-29,no usable strict ordinary-day match
debt_issuance,long_call,21,300,HON,2024-03-04,no usable strict ordinary-day match
debt_issuance,long_call,21,300,NEE,2024-03-04,no usable strict ordinary-day match
debt_issuance,long_call,21,300,BLK,2024-03-07,no usable strict ordinary-day match
debt_issuance,long_call,21,300,NEE,2024-03-08,no usable strict ordinary-day match
debt_issuance,long_call,21,300,BLK,2024-03-15,no usable strict ordinary-day match
debt_issuance,long_call,21,300,BK,2024-03-15,no usable strict ordinary-day match
debt_issuance,long_call,21,300,UNH,2024-03-22,no usable strict ordinary-day match
debt_issuance,long_call,21,300,ADBE,2024-04-05,no usable strict ordinary-day match
debt_issuance,long_call,21,300,JPM,2024-04-23,no usable strict ordinary-day match
debt_issuance,long_call,21,300,AXP,2024-04-26,no usable strict ordinary-day match
debt_issuance,long_call,21,300,GS,2024-04-26,no usable strict ordinary-day match
debt_issuance,long_call,21,300,BRK.B,2024-04-29,no usable strict ordinary-day match
debt_issuance,long_call,21,300,C,2024-04-30,no usable strict ordinary-day match
debt_issuance,long_call,21,300,PG,2024-04-30,no usable strict ordinary-day match
debt_issuance,long_call,21,300,SO,2024-05-07,no usable strict ordinary-day match
debt_issuance,long_call,21,300,CVS,2024-05-09,no usable strict ordinary-day match
debt_issuance,long_call,21,300,KO,2024-05-09,no usable strict ordinary-day match
debt_issuance,long_call,21,300,MA,2024-05-10,no usable strict ordinary-day match
debt_issuance,long_call,21,300,KO,2024-05-14,no usable strict ordinary-day match
debt_issuance,long_call,21,300,KO,2024-05-15,no usable strict ordinary-day match
debt_issuance,long_call,21,300,JNJ,2024-05-21,no usable strict ordinary-day match
debt_issuance,long_call,21,300,MCD,2024-05-21,no usable strict ordinary-day match
debt_issuance,long_call,21,300,PYPL,2024-05-22,no usable strict ordinary-day match
debt_issuance,long_call,21,300,UPS,2024-05-23,no usable strict ordinary-day match
debt_issuance,long_call,21,300,CMCSA,2024-05-23,no usable strict ordinary-day match
debt_issuance,long_call,21,300,AMT,2024-05-23,no usable strict ordinary-day match
debt_issuance,long_call,21,300,PYPL,2024-05-29,no usable strict ordinary-day match
debt_issuance,long_call,21,300,AMT,2024-05-30,unusable event quote or stock
debt_issuance,long_call,21,300,MRK,2024-05-31,no usable strict ordinary-day match
debt_issuance,long_call,21,300,LIN,2024-06-05,no usable strict ordinary-day match
debt_issuance,long_call,21,300,MET,2024-06-06,no usable strict ordinary-day match
debt_issuance,long_call,21,300,PM,2024-06-07,no usable strict ordinary-day match
debt_issuance,long_call,21,300,NEE,2024-06-10,no usable strict ordinary-day match
debt_issuance,long_call,21,300,C,2024-06-12,no usable strict ordinary-day match
debt_issuance,long_call,21,300,HD,2024-06-20,no usable strict ordinary-day match
debt_issuance,long_call,21,300,NEE,2024-06-21,no usable strict ordinary-day match
debt_issuance,long_call,21,300,MDLZ,2024-07-05,unusable event quote or stock
debt_issuance,long_call,21,300,AVGO,2024-07-15,unusable event quote or stock
debt_issuance,long_call,21,300,PEP,2024-07-18,no usable strict ordinary-day match
debt_issuance,long_call,21,300,BLK,2024-07-19,no usable strict ordinary-day match
debt_issuance,long_call,21,300,BK,2024-07-23,no usable strict ordinary-day match
debt_issuance,long_call,21,300,UNH,2024-07-26,no usable strict ordinary-day match
debt_issuance,long_call,21,300,BLK,2024-07-29,unusable event quote or stock
debt_issuance,long_call,21,300,COF,2024-07-29,no usable strict ordinary-day match
debt_issuance,long_call,21,300,NEE,2024-07-31,no usable strict ordinary-day match
debt_issuance,long_call,21,300,HON,2024-08-05,no usable strict ordinary-day match
debt_issuance,long_call,21,300,KO,2024-08-15,no usable strict ordinary-day match
debt_issuance,long_call,21,300,LLY,2024-08-15,no usable strict ordinary-day match
debt_issuance,long_call,21,300,KO,2024-08-16,no usable strict ordinary-day match
debt_issuance,long_call,21,300,DUK,2024-08-23,no usable strict ordinary-day match
debt_issuance,long_call,21,300,MDLZ,2024-08-26,unusable event quote or stock
debt_issuance,long_call,21,300,MDLZ,2024-08-29,no usable strict ordinary-day match
debt_issuance,long_call,21,300,MA,2024-09-06,unusable event quote or stock
debt_issuance,long_call,21,300,SO,2024-09-10,unusable event quote or stock
debt_issuance,long_call,21,300,UBER,2024-09-10,no usable strict ordinary-day match
debt_issuance,long_call,21,300,USB,2024-09-23,no usable strict ordinary-day match
debt_issuance,long_call,21,300,TMUS,2024-09-27,no usable strict ordinary-day match
debt_issuance,long_call,21,300,MET,2024-10-01,no usable strict ordinary-day match
debt_issuance,long_call,21,300,ACN,2024-10-07,no usable strict ordinary-day match
debt_issuance,long_call,21,300,JPM,2024-10-23,no usable strict ordinary-day match
debt_issuance,long_call,21,300,BRK.B,2024-10-24,no usable strict ordinary-day match
debt_issuance,long_call,21,300,GS,2024-10-24,no usable strict ordinary-day match
debt_issuance,long_call,21,300,PG,2024-10-25,no usable strict ordinary-day match
debt_issuance,long_call,21,300,NEE,2024-11-01,no usable strict ordinary-day match
debt_issuance,long_call,21,300,PM,2024-11-04,no usable strict ordinary-day match
debt_issuance,long_call,21,300,C,2024-11-20,no usable strict ordinary-day match
debt_issuance,long_call,21,300,GS,2024-11-20,no usable strict ordinary-day match
debt_issuance,long_call,21,300,BK,2024-11-21,unusable event quote or stock
debt_issuance,long_call,21,300,GILD,2024-11-21,no usable strict ordinary-day match
debt_issuance,long_call,21,300,AMT,2024-11-22,unusable event quote or stock
debt_issuance,long_call,21,300,BKNG,2024-11-22,unusable event quote or stock
debt_issuance,long_call,21,300,AIG,2024-11-29,unusable event quote or stock
debt_issuance,long_call,21,300,JPM,2024-12-02,no usable strict ordinary-day match
debt_issuance,long_call,21,300,CVS,2024-12-06,no usable strict ordinary-day match
debt_issuance,long_call,21,300,CVS,2024-12-11,no usable strict ordinary-day match
debt_issuance,long_call,21,300,SO,2025-01-14,no usable strict ordinary-day match
debt_issuance,long_call,21,300,DE,2025-01-17,no usable strict ordinary-day match
debt_issuance,long_call,21,300,C,2025-01-27,no usable strict ordinary-day match
debt_issuance,long_call,21,300,GS,2025-01-29,no usable strict ordinary-day match
debt_issuance,long_call,21,300,COF,2025-01-31,no usable strict ordinary-day match
debt_issuance,long_call,21,300,AXP,2025-01-31,no usable strict ordinary-day match
debt_issuance,long_call,21,300,NEE,2025-02-05,no usable strict ordinary-day match
debt_issuance,long_call,21,300,NEE,2025-02-07,no usable strict ordinary-day match
debt_issuance,long_call,21,300,MO,2025-02-07,no usable strict ordinary-day match
debt_issuance,long_call,21,300,TMUS,2025-02-12,no usable strict ordinary-day match
debt_issuance,long_call,21,300,BK,2025-02-12,no usable strict ordinary-day match
debt_issuance,long_call,21,300,UNP,2025-02-14,no usable strict ordinary-day match
debt_issuance,long_call,21,300,LIN,2025-02-19,no usable strict ordinary-day match
debt_issuance,long_call,21,300,ABBV,2025-02-20,no usable strict ordinary-day match
debt_issuance,long_call,21,300,JNJ,2025-02-21,no usable strict ordinary-day match
debt_issuance,long_call,21,300,CSCO,2025-02-25,no usable strict ordinary-day match
debt_issuance,long_call,21,300,ABBV,2025-02-27,no usable strict ordinary-day match
debt_issuance,long_call,21,300,FDX,2025-02-27,no usable strict ordinary-day match
debt_issuance,long_call,21,300,CVX,2025-02-27,no usable strict ordinary-day match
debt_issuance,long_call,21,300,JNJ,2025-02-27,no usable strict ordinary-day match
debt_issuance,long_call,21,300,EMR,2025-03-03,no usable strict ordinary-day match
debt_issuance,long_call,21,300,SO,2025-03-03,no usable strict ordinary-day match
debt_issuance,long_call,21,300,EMR,2025-03-05,no usable strict ordinary-day match
debt_issuance,long_call,21,300,C,2025-03-05,no usable strict ordinary-day match
debt_issuance,long_call,21,300,MET,2025-03-05,unusable event quote or stock
debt_issuance,long_call,21,300,MCD,2025-03-05,no usable strict ordinary-day match
debt_issuance,long_call,21,300,PYPL,2025-03-07,no usable strict ordinary-day match
debt_issuance,long_call,21,300,AMT,2025-03-12,unusable event quote or stock
debt_issuance,long_call,21,300,MET,2025-03-14,no usable strict ordinary-day match
debt_issuance,long_call,21,300,MMM,2025-03-14,no usable strict ordinary-day match
debt_issuance,long_call,21,300,AMT,2025-03-17,unusable event quote or stock
debt_issuance,long_call,21,300,BLK,2025-03-27,unusable event quote or stock
debt_issuance,long_call,21,300,C,2025-03-28,no usable strict ordinary-day match
debt_issuance,long_call,21,300,TMUS,2025-03-28,no usable strict ordinary-day match
debt_issuance,long_call,21,300,T,2025-04-01,no usable strict ordinary-day match
debt_issuance,long_call,21,300,BLK,2025-04-04,no usable strict ordinary-day match
debt_issuance,long_call,21,300,BRK.B,2025-04-21,no usable strict ordinary-day match
debt_issuance,long_call,21,300,JPM,2025-04-23,no usable strict ordinary-day match
debt_issuance,long_call,21,300,AXP,2025-04-28,no usable strict ordinary-day match
debt_issuance,long_call,21,300,WMT,2025-04-29,no usable strict ordinary-day match
debt_issuance,long_call,21,300,C,2025-04-30,no usable strict ordinary-day match
debt_issuance,long_call,21,300,PM,2025-05-01,no usable strict ordinary-day match
debt_issuance,long_call,21,300,GOOGL,2025-05-02,no usable strict ordinary-day match
debt_issuance,long_call,21,300,PG,2025-05-02,no usable strict ordinary-day match
debt_issuance,long_call,21,300,CL,2025-05-05,no usable strict ordinary-day match
debt_issuance,long_call,21,300,MDLZ,2025-05-07,unusable event quote or stock
debt_issuance,long_call,21,300,GOOGL,2025-05-07,no usable strict ordinary-day match
debt_issuance,long_call,21,300,GM,2025-05-08,no usable strict ordinary-day match
debt_issuance,long_call,21,300,AIG,2025-05-08,no usable strict ordinary-day match
debt_issuance,long_call,21,300,GD,2025-05-08,unusable event quote or stock
debt_issuance,long_call,21,300,C,2025-05-08,no usable strict ordinary-day match
debt_issuance,long_call,21,300,CMCSA,2025-05-09,no usable strict ordinary-day match
debt_issuance,long_call,21,300,SBUX,2025-05-09,no usable strict ordinary-day match
debt_issuance,long_call,21,300,BKNG,2025-05-12,unusable event quote or stock
debt_issuance,long_call,21,300,UPS,2025-05-15,no usable strict ordinary-day match
debt_issuance,long_call,21,300,NEE,2025-05-16,no usable strict ordinary-day match
debt_issuance,long_call,21,300,CAT,2025-05-16,no usable strict ordinary-day match
debt_issuance,long_call,21,300,AXP,2025-05-21,no usable strict ordinary-day match
debt_issuance,long_call,21,300,UBER,2025-05-21,no usable strict ordinary-day match
debt_issuance,long_call,21,300,UPS,2025-05-21,no usable strict ordinary-day match
debt_issuance,long_call,21,300,AMT,2025-05-22,no usable strict ordinary-day match
debt_issuance,long_call,21,300,SO,2025-05-28,no usable strict ordinary-day match
debt_issuance,long_call,21,300,AMT,2025-06-02,unusable event quote or stock
debt_issuance,long_call,21,300,T,2025-06-04,no usable strict ordinary-day match
debt_issuance,long_call,21,300,C,2025-06-04,no usable strict ordinary-day match
debt_issuance,long_call,21,300,LIN,2025-06-06,unusable event quote or stock
debt_issuance,long_call,21,300,PM,2025-06-09,no usable strict ordinary-day match
debt_issuance,long_call,21,300,TGT,2025-06-11,no usable strict ordinary-day match
debt_issuance,long_call,21,300,BK,2025-06-11,no usable strict ordinary-day match
debt_issuance,long_call,21,300,NEE,2025-06-13,no usable strict ordinary-day match
debt_issuance,long_call,21,300,MET,2025-06-18,no usable strict ordinary-day match
debt_issuance,long_call,21,300,UNH,2025-06-23,no usable strict ordinary-day match
debt_issuance,long_call,21,300,AVGO,2025-07-14,no usable strict ordinary-day match
debt_issuance,long_call,21,300,PEP,2025-07-24,no usable strict ordinary-day match
debt_issuance,long_call,21,300,FDX,2025-07-25,unusable event quote or stock
debt_issuance,long_call,21,300,LMT,2025-07-29,no usable strict ordinary-day match
debt_issuance,long_call,21,300,PEP,2025-07-29,no usable strict ordinary-day match
debt_issuance,long_call,21,300,GE,2025-07-30,no usable strict ordinary-day match
debt_issuance,long_call,21,300,WFC,2025-07-30,no usable strict ordinary-day match
debt_issuance,long_call,21,300,FDX,2025-07-31,unusable event quote or stock
debt_issuance,long_call,21,300,TMUS,2025-08-06,no usable strict ordinary-day match
debt_issuance,long_call,21,300,MO,2025-08-07,no usable strict ordinary-day match
debt_issuance,long_call,21,300,CHTR,2025-08-21,no usable strict ordinary-day match
debt_issuance,long_call,21,300,CHTR,2025-09-03,no usable strict ordinary-day match
debt_issuance,long_call,21,300,MRK,2025-09-10,no usable strict ordinary-day match
debt_issuance,long_call,21,300,DUK,2025-09-12,no usable strict ordinary-day match
debt_issuance,long_call,21,300,UBER,2025-09-12,no usable strict ordinary-day match
debt_issuance,long_call,21,300,AMT,2025-09-12,unusable event quote or stock
debt_issuance,long_call,21,300,WFC,2025-09-16,no usable strict ordinary-day match
debt_issuance,long_call,21,300,T,2025-09-17,no usable strict ordinary-day match
debt_issuance,long_call,21,300,AMT,2025-09-17,unusable event quote or stock
debt_issuance,long_call,21,300,MDT,2025-09-17,no usable strict ordinary-day match
debt_issuance,long_call,21,300,T,2025-09-25,no usable strict ordinary-day match
debt_issuance,long_call,21,300,AVGO,2025-09-30,no usable strict ordinary-day match
debt_issuance,long_call,21,300,MDT,2025-09-30,no usable strict ordinary-day match
debt_issuance,long_call,21,300,HON,2025-10-02,unusable event quote or stock
debt_issuance,long_call,21,300,CMCSA,2025-10-03,unusable event quote or stock
debt_issuance,long_call,21,300,TMO,2025-10-08,unusable event quote or stock
debt_issuance,long_call,21,300,CMCSA,2025-10-10,unusable event quote or stock
debt_issuance,long_call,21,300,TMUS,2025-10-10,no usable strict ordinary-day match
debt_issuance,long_call,21,300,JPM,2025-10-23,no usable strict ordinary-day match
debt_issuance,long_call,21,300,AXP,2025-10-27,no usable strict ordinary-day match
debt_issuance,long_call,21,300,PM,2025-10-30,no usable strict ordinary-day match
debt_issuance,long_call,21,300,META,2025-11-04,no usable strict ordinary-day match
debt_issuance,long_call,21,300,BKNG,2025-11-10,no usable strict ordinary-day match
debt_issuance,long_call,21,300,VZ,2025-11-11,no usable strict ordinary-day match
debt_issuance,long_call,21,300,BMY,2025-11-11,no usable strict ordinary-day match
debt_issuance,long_call,21,300,NEE,2025-11-13,no usable strict ordinary-day match
debt_issuance,long_call,21,300,XOM,2025-11-14,no usable strict ordinary-day match
debt_issuance,long_call,21,300,SCHW,2025-11-17,no usable strict ordinary-day match
debt_issuance,long_call,21,300,LIN,2025-11-21,unusable event quote or stock
debt_issuance,long_call,21,300,BRK.B,2025-11-24,unusable event quote or stock
debt_issuance,long_call,21,300,PFE,2025-11-24,unusable event quote or stock
debt_issuance,long_call,21,300,TMO,2025-12-02,no usable strict ordinary-day match
debt_issuance,long_call,21,300,AMT,2025-12-03,no usable strict ordinary-day match
debt_issuance,long_call,21,300,MRK,2025-12-05,no usable strict ordinary-day match
debt_issuance,long_call,21,300,AMT,2025-12-08,no usable strict ordinary-day match
debt_issuance,long_call,21,300,CVX,2025-12-10,no usable strict ordinary-day match
debt_issuance,covered_call,21,300,DUK,2024-01-16,unusable event quote or stock
debt_issuance,covered_call,21,300,LMT,2024-01-30,no usable strict ordinary-day match
debt_issuance,covered_call,21,300,PG,2024-01-30,no usable strict ordinary-day match
debt_issuance,covered_call,21,300,NEE,2024-02-01,no usable strict ordinary-day match
debt_issuance,covered_call,21,300,COF,2024-02-02,no usable strict ordinary-day match
debt_issuance,covered_call,21,300,SBUX,2024-02-09,no usable strict ordinary-day match
debt_issuance,covered_call,21,300,TXN,2024-02-09,no usable strict ordinary-day match
debt_issuance,covered_call,21,300,PM,2024-02-14,no usable strict ordinary-day match
debt_issuance,covered_call,21,300,C,2024-02-14,no usable strict ordinary-day match
debt_issuance,covered_call,21,300,LIN,2024-02-15,unusable event quote or stock
debt_issuance,covered_call,21,300,MMM,2024-02-28,unusable event quote or stock
debt_issuance,covered_call,21,300,SO,2024-02-29,no usable strict ordinary-day match
debt_issuance,covered_call,21,300,NEE,2024-02-29,no usable strict ordinary-day match
debt_issuance,covered_call,21,300,HON,2024-03-04,no usable strict ordinary-day match
debt_issuance,covered_call,21,300,NEE,2024-03-04,no usable strict ordinary-day match
debt_issuance,covered_call,21,300,BLK,2024-03-07,no usable strict ordinary-day match
debt_issuance,covered_call,21,300,NEE,2024-03-08,no usable strict ordinary-day match
debt_issuance,covered_call,21,300,BLK,2024-03-15,no usable strict ordinary-day match
debt_issuance,covered_call,21,300,BK,2024-03-15,no usable strict ordinary-day match
debt_issuance,covered_call,21,300,UNH,2024-03-22,no usable strict ordinary-day match
debt_issuance,covered_call,21,300,ADBE,2024-04-05,no usable strict ordinary-day match
debt_issuance,covered_call,21,300,JPM,2024-04-23,no usable strict ordinary-day match
debt_issuance,covered_call,21,300,AXP,2024-04-26,no usable strict ordinary-day match
debt_issuance,covered_call,21,300,GS,2024-04-26,no usable strict ordinary-day match
debt_issuance,covered_call,21,300,BRK.B,2024-04-29,no usable strict ordinary-day match
debt_issuance,covered_call,21,300,C,2024-04-30,no usable strict ordinary-day match
debt_issuance,covered_call,21,300,PG,2024-04-30,no usable strict ordinary-day match
debt_issuance,covered_call,21,300,SO,2024-05-07,no usable strict ordinary-day match
debt_issuance,covered_call,21,300,CVS,2024-05-09,no usable strict ordinary-day match
debt_issuance,covered_call,21,300,KO,2024-05-09,no usable strict ordinary-day match
debt_issuance,covered_call,21,300,MA,2024-05-10,no usable strict ordinary-day match
debt_issuance,covered_call,21,300,CVS,2024-05-10,no usable strict ordinary-day match
debt_issuance,covered_call,21,300,KO,2024-05-14,no usable strict ordinary-day match
debt_issuance,covered_call,21,300,KO,2024-05-15,no usable strict ordinary-day match
debt_issuance,covered_call,21,300,JNJ,2024-05-21,no usable strict ordinary-day match
debt_issuance,covered_call,21,300,MCD,2024-05-21,no usable strict ordinary-day match
debt_issuance,covered_call,21,300,PYPL,2024-05-22,no usable strict ordinary-day match
debt_issuance,covered_call,21,300,UPS,2024-05-23,no usable strict ordinary-day match
debt_issuance,covered_call,21,300,CMCSA,2024-05-23,no usable strict ordinary-day match
debt_issuance,covered_call,21,300,AMT,2024-05-23,no usable strict ordinary-day match
debt_issuance,covered_call,21,300,PYPL,2024-05-29,unusable event quote or stock
debt_issuance,covered_call,21,300,AMT,2024-05-30,unusable event quote or stock
debt_issuance,covered_call,21,300,MRK,2024-05-31,no usable strict ordinary-day match
debt_issuance,covered_call,21,300,LIN,2024-06-05,no usable strict ordinary-day match
debt_issuance,covered_call,21,300,MET,2024-06-06,no usable strict ordinary-day match
debt_issuance,covered_call,21,300,PM,2024-06-07,no usable strict ordinary-day match
debt_issuance,covered_call,21,300,NEE,2024-06-10,no usable strict ordinary-day match
debt_issuance,covered_call,21,300,C,2024-06-12,no usable strict ordinary-day match
debt_issuance,covered_call,21,300,HD,2024-06-20,no usable strict ordinary-day match
debt_issuance,covered_call,21,300,NEE,2024-06-21,no usable strict ordinary-day match
debt_issuance,covered_call,21,300,MDLZ,2024-07-05,unusable event quote or stock
debt_issuance,covered_call,21,300,AVGO,2024-07-15,unusable event quote or stock
debt_issuance,covered_call,21,300,PEP,2024-07-18,no usable strict ordinary-day match
debt_issuance,covered_call,21,300,BLK,2024-07-19,no usable strict ordinary-day match
debt_issuance,covered_call,21,300,BK,2024-07-23,no usable strict ordinary-day match
debt_issuance,covered_call,21,300,UNH,2024-07-26,no usable strict ordinary-day match
debt_issuance,covered_call,21,300,BLK,2024-07-29,unusable event quote or stock
debt_issuance,covered_call,21,300,COF,2024-07-29,no usable strict ordinary-day match
debt_issuance,covered_call,21,300,NEE,2024-07-31,no usable strict ordinary-day match
debt_issuance,covered_call,21,300,HON,2024-08-05,no usable strict ordinary-day match
debt_issuance,covered_call,21,300,KO,2024-08-15,no usable strict ordinary-day match
debt_issuance,covered_call,21,300,LLY,2024-08-15,no usable strict ordinary-day match
debt_issuance,covered_call,21,300,KO,2024-08-16,no usable strict ordinary-day match
debt_issuance,covered_call,21,300,DUK,2024-08-23,no usable strict ordinary-day match
debt_issuance,covered_call,21,300,MDLZ,2024-08-26,unusable event quote or stock
debt_issuance,covered_call,21,300,MDLZ,2024-08-29,no usable strict ordinary-day match
debt_issuance,covered_call,21,300,MA,2024-09-06,unusable event quote or stock
debt_issuance,covered_call,21,300,UBER,2024-09-10,no usable strict ordinary-day match
debt_issuance,covered_call,21,300,USB,2024-09-23,no usable strict ordinary-day match
debt_issuance,covered_call,21,300,TMUS,2024-09-27,no usable strict ordinary-day match
debt_issuance,covered_call,21,300,MET,2024-10-01,no usable strict ordinary-day match
debt_issuance,covered_call,21,300,ACN,2024-10-07,no usable strict ordinary-day match
debt_issuance,covered_call,21,300,JPM,2024-10-23,no usable strict ordinary-day match
debt_issuance,covered_call,21,300,BRK.B,2024-10-24,no usable strict ordinary-day match
debt_issuance,covered_call,21,300,GS,2024-10-24,no usable strict ordinary-day match
debt_issuance,covered_call,21,300,PG,2024-10-25,no usable strict ordinary-day match
debt_issuance,covered_call,21,300,NEE,2024-11-01,no usable strict ordinary-day match
debt_issuance,covered_call,21,300,PM,2024-11-04,no usable strict ordinary-day match
debt_issuance,covered_call,21,300,AMT,2024-11-20,no usable strict ordinary-day match
debt_issuance,covered_call,21,300,C,2024-11-20,no usable strict ordinary-day match
debt_issuance,covered_call,21,300,GS,2024-11-20,no usable strict ordinary-day match
debt_issuance,covered_call,21,300,BK,2024-11-21,unusable event quote or stock
debt_issuance,covered_call,21,300,GILD,2024-11-21,no usable strict ordinary-day match
debt_issuance,covered_call,21,300,AMT,2024-11-22,unusable event quote or stock
debt_issuance,covered_call,21,300,BKNG,2024-11-22,unusable event quote or stock
debt_issuance,covered_call,21,300,AIG,2024-11-29,unusable event quote or stock
debt_issuance,covered_call,21,300,JPM,2024-12-02,no usable strict ordinary-day match
debt_issuance,covered_call,21,300,CVS,2024-12-06,no usable strict ordinary-day match
debt_issuance,covered_call,21,300,CVS,2024-12-11,no usable strict ordinary-day match
debt_issuance,covered_call,21,300,SO,2025-01-14,no usable strict ordinary-day match
debt_issuance,covered_call,21,300,DE,2025-01-17,unusable event quote or stock
debt_issuance,covered_call,21,300,C,2025-01-27,no usable strict ordinary-day match
debt_issuance,covered_call,21,300,GS,2025-01-29,no usable strict ordinary-day match
debt_issuance,covered_call,21,300,COF,2025-01-31,no usable strict ordinary-day match
debt_issuance,covered_call,21,300,AXP,2025-01-31,no usable strict ordinary-day match
debt_issuance,covered_call,21,300,NEE,2025-02-05,no usable strict ordinary-day match
debt_issuance,covered_call,21,300,NEE,2025-02-07,unusable event quote or stock
debt_issuance,covered_call,21,300,MO,2025-02-07,no usable strict ordinary-day match
debt_issuance,covered_call,21,300,TMUS,2025-02-12,no usable strict ordinary-day match
debt_issuance,covered_call,21,300,BK,2025-02-12,no usable strict ordinary-day match
debt_issuance,covered_call,21,300,UNP,2025-02-14,no usable strict ordinary-day match
debt_issuance,covered_call,21,300,LIN,2025-02-19,no usable strict ordinary-day match
debt_issuance,covered_call,21,300,ABBV,2025-02-20,no usable strict ordinary-day match
debt_issuance,covered_call,21,300,JNJ,2025-02-21,no usable strict ordinary-day match
debt_issuance,covered_call,21,300,CSCO,2025-02-25,no usable strict ordinary-day match
debt_issuance,covered_call,21,300,ABBV,2025-02-27,no usable strict ordinary-day match
debt_issuance,covered_call,21,300,FDX,2025-02-27,no usable strict ordinary-day match
debt_issuance,covered_call,21,300,CVX,2025-02-27,no usable strict ordinary-day match
debt_issuance,covered_call,21,300,JNJ,2025-02-27,no usable strict ordinary-day match
debt_issuance,covered_call,21,300,EMR,2025-03-03,no usable strict ordinary-day match
debt_issuance,covered_call,21,300,SO,2025-03-03,no usable strict ordinary-day match
debt_issuance,covered_call,21,300,EMR,2025-03-05,no usable strict ordinary-day match
debt_issuance,covered_call,21,300,C,2025-03-05,no usable strict ordinary-day match
debt_issuance,covered_call,21,300,MET,2025-03-05,unusable event quote or stock
debt_issuance,covered_call,21,300,MCD,2025-03-05,no usable strict ordinary-day match
debt_issuance,covered_call,21,300,PYPL,2025-03-07,no usable strict ordinary-day match
debt_issuance,covered_call,21,300,AMT,2025-03-12,unusable event quote or stock
debt_issuance,covered_call,21,300,MET,2025-03-14,no usable strict ordinary-day match
debt_issuance,covered_call,21,300,MMM,2025-03-14,no usable strict ordinary-day match
debt_issuance,covered_call,21,300,AMT,2025-03-17,unusable event quote or stock
debt_issuance,covered_call,21,300,BLK,2025-03-27,unusable event quote or stock
debt_issuance,covered_call,21,300,C,2025-03-28,no usable strict ordinary-day match
debt_issuance,covered_call,21,300,TMUS,2025-03-28,no usable strict ordinary-day match
debt_issuance,covered_call,21,300,T,2025-04-01,no usable strict ordinary-day match
debt_issuance,covered_call,21,300,XOM,2025-04-02,unusable event quote or stock
debt_issuance,covered_call,21,300,BLK,2025-04-04,no usable strict ordinary-day match
debt_issuance,covered_call,21,300,BRK.B,2025-04-21,no usable strict ordinary-day match
debt_issuance,covered_call,21,300,JPM,2025-04-23,no usable strict ordinary-day match
debt_issuance,covered_call,21,300,AXP,2025-04-28,no usable strict ordinary-day match
debt_issuance,covered_call,21,300,WMT,2025-04-29,no usable strict ordinary-day match
debt_issuance,covered_call,21,300,C,2025-04-30,no usable strict ordinary-day match
debt_issuance,covered_call,21,300,PM,2025-05-01,no usable strict ordinary-day match
debt_issuance,covered_call,21,300,GOOGL,2025-05-02,no usable strict ordinary-day match
debt_issuance,covered_call,21,300,PG,2025-05-02,no usable strict ordinary-day match
debt_issuance,covered_call,21,300,CL,2025-05-05,no usable strict ordinary-day match
debt_issuance,covered_call,21,300,MDLZ,2025-05-07,unusable event quote or stock
debt_issuance,covered_call,21,300,GOOGL,2025-05-07,no usable strict ordinary-day match
debt_issuance,covered_call,21,300,GM,2025-05-08,no usable strict ordinary-day match
debt_issuance,covered_call,21,300,AIG,2025-05-08,no usable strict ordinary-day match
debt_issuance,covered_call,21,300,GD,2025-05-08,unusable event quote or stock
debt_issuance,covered_call,21,300,C,2025-05-08,no usable strict ordinary-day match
debt_issuance,covered_call,21,300,CMCSA,2025-05-09,no usable strict ordinary-day match
debt_issuance,covered_call,21,300,SBUX,2025-05-09,no usable strict ordinary-day match
debt_issuance,covered_call,21,300,BKNG,2025-05-12,unusable event quote or stock
debt_issuance,covered_call,21,300,UPS,2025-05-15,no usable strict ordinary-day match
debt_issuance,covered_call,21,300,NEE,2025-05-16,no usable strict ordinary-day match
debt_issuance,covered_call,21,300,CAT,2025-05-16,no usable strict ordinary-day match
debt_issuance,covered_call,21,300,AXP,2025-05-21,no usable strict ordinary-day match
debt_issuance,covered_call,21,300,UBER,2025-05-21,no usable strict ordinary-day match
debt_issuance,covered_call,21,300,UPS,2025-05-21,no usable strict ordinary-day match
debt_issuance,covered_call,21,300,AMT,2025-05-22,no usable strict ordinary-day match
debt_issuance,covered_call,21,300,SO,2025-05-28,no usable strict ordinary-day match
debt_issuance,covered_call,21,300,AMT,2025-06-02,unusable event quote or stock
debt_issuance,covered_call,21,300,T,2025-06-04,no usable strict ordinary-day match
debt_issuance,covered_call,21,300,C,2025-06-04,no usable strict ordinary-day match
debt_issuance,covered_call,21,300,LIN,2025-06-06,unusable event quote or stock
debt_issuance,covered_call,21,300,PM,2025-06-09,no usable strict ordinary-day match
debt_issuance,covered_call,21,300,TGT,2025-06-11,no usable strict ordinary-day match
debt_issuance,covered_call,21,300,BK,2025-06-11,no usable strict ordinary-day match
debt_issuance,covered_call,21,300,NEE,2025-06-13,no usable strict ordinary-day match
debt_issuance,covered_call,21,300,MET,2025-06-18,no usable strict ordinary-day match
debt_issuance,covered_call,21,300,UNH,2025-06-23,no usable strict ordinary-day match
debt_issuance,covered_call,21,300,AVGO,2025-07-14,no usable strict ordinary-day match
debt_issuance,covered_call,21,300,PEP,2025-07-24,no usable strict ordinary-day match
debt_issuance,covered_call,21,300,FDX,2025-07-25,unusable event quote or stock
debt_issuance,covered_call,21,300,LMT,2025-07-29,no usable strict ordinary-day match
debt_issuance,covered_call,21,300,PEP,2025-07-29,no usable strict ordinary-day match
debt_issuance,covered_call,21,300,GE,2025-07-30,no usable strict ordinary-day match
debt_issuance,covered_call,21,300,WFC,2025-07-30,no usable strict ordinary-day match
debt_issuance,covered_call,21,300,FDX,2025-07-31,unusable event quote or stock
debt_issuance,covered_call,21,300,TMUS,2025-08-06,no usable strict ordinary-day match
debt_issuance,covered_call,21,300,MO,2025-08-07,no usable strict ordinary-day match
debt_issuance,covered_call,21,300,CHTR,2025-08-21,no usable strict ordinary-day match
debt_issuance,covered_call,21,300,CHTR,2025-09-03,no usable strict ordinary-day match
debt_issuance,covered_call,21,300,MRK,2025-09-10,no usable strict ordinary-day match
debt_issuance,covered_call,21,300,UBER,2025-09-12,no usable strict ordinary-day match
debt_issuance,covered_call,21,300,AMT,2025-09-12,unusable event quote or stock
debt_issuance,covered_call,21,300,WFC,2025-09-16,no usable strict ordinary-day match
debt_issuance,covered_call,21,300,T,2025-09-17,no usable strict ordinary-day match
debt_issuance,covered_call,21,300,AMT,2025-09-17,unusable event quote or stock
debt_issuance,covered_call,21,300,MDT,2025-09-17,no usable strict ordinary-day match
debt_issuance,covered_call,21,300,T,2025-09-25,no usable strict ordinary-day match
debt_issuance,covered_call,21,300,AVGO,2025-09-30,no usable strict ordinary-day match
debt_issuance,covered_call,21,300,MDT,2025-09-30,no usable strict ordinary-day match
debt_issuance,covered_call,21,300,HON,2025-10-02,unusable event quote or stock
debt_issuance,covered_call,21,300,CMCSA,2025-10-03,unusable event quote or stock
debt_issuance,covered_call,21,300,TMO,2025-10-08,unusable event quote or stock
debt_issuance,covered_call,21,300,CMCSA,2025-10-10,unusable event quote or stock
debt_issuance,covered_call,21,300,TMUS,2025-10-10,no usable strict ordinary-day match
debt_issuance,covered_call,21,300,JPM,2025-10-23,no usable strict ordinary-day match
debt_issuance,covered_call,21,300,AXP,2025-10-27,no usable strict ordinary-day match
debt_issuance,covered_call,21,300,PM,2025-10-30,no usable strict ordinary-day match
debt_issuance,covered_call,21,300,META,2025-11-04,no usable strict ordinary-day match
debt_issuance,covered_call,21,300,BKNG,2025-11-10,no usable strict ordinary-day match
debt_issuance,covered_call,21,300,VZ,2025-11-11,no usable strict ordinary-day match
debt_issuance,covered_call,21,300,BMY,2025-11-11,no usable strict ordinary-day match
debt_issuance,covered_call,21,300,NEE,2025-11-13,no usable strict ordinary-day match
debt_issuance,covered_call,21,300,XOM,2025-11-14,no usable strict ordinary-day match
debt_issuance,covered_call,21,300,SCHW,2025-11-17,no usable strict ordinary-day match
debt_issuance,covered_call,21,300,LIN,2025-11-21,unusable event quote or stock
debt_issuance,covered_call,21,300,BRK.B,2025-11-24,unusable event quote or stock
debt_issuance,covered_call,21,300,PFE,2025-11-24,unusable event quote or stock
debt_issuance,covered_call,21,300,TMO,2025-12-02,no usable strict ordinary-day match
debt_issuance,covered_call,21,300,AMT,2025-12-03,no usable strict ordinary-day match
debt_issuance,covered_call,21,300,MRK,2025-12-05,no usable strict ordinary-day match
debt_issuance,covered_call,21,300,AMT,2025-12-08,no usable strict ordinary-day match
debt_issuance,covered_call,21,300,CVX,2025-12-10,no usable strict ordinary-day match
debt_issuance,protective_put,21,300,DUK,2024-01-16,no usable strict ordinary-day match
debt_issuance,protective_put,21,300,LMT,2024-01-30,no usable strict ordinary-day match
debt_issuance,protective_put,21,300,PG,2024-01-30,no usable strict ordinary-day match
debt_issuance,protective_put,21,300,NEE,2024-02-01,no usable strict ordinary-day match
debt_issuance,protective_put,21,300,COF,2024-02-02,no usable strict ordinary-day match
debt_issuance,protective_put,21,300,SBUX,2024-02-09,no usable strict ordinary-day match
debt_issuance,protective_put,21,300,TXN,2024-02-09,no usable strict ordinary-day match
debt_issuance,protective_put,21,300,PM,2024-02-14,no usable strict ordinary-day match
debt_issuance,protective_put,21,300,C,2024-02-14,no usable strict ordinary-day match
debt_issuance,protective_put,21,300,LIN,2024-02-15,unusable event quote or stock
debt_issuance,protective_put,21,300,MMM,2024-02-28,unusable event quote or stock
debt_issuance,protective_put,21,300,SO,2024-02-29,no usable strict ordinary-day match
debt_issuance,protective_put,21,300,NEE,2024-02-29,no usable strict ordinary-day match
debt_issuance,protective_put,21,300,HON,2024-03-04,no usable strict ordinary-day match
debt_issuance,protective_put,21,300,NEE,2024-03-04,no usable strict ordinary-day match
debt_issuance,protective_put,21,300,BLK,2024-03-07,no usable strict ordinary-day match
debt_issuance,protective_put,21,300,NEE,2024-03-08,no usable strict ordinary-day match
debt_issuance,protective_put,21,300,BLK,2024-03-15,no usable strict ordinary-day match
debt_issuance,protective_put,21,300,BK,2024-03-15,no usable strict ordinary-day match
debt_issuance,protective_put,21,300,UNH,2024-03-22,no usable strict ordinary-day match
debt_issuance,protective_put,21,300,ADBE,2024-04-05,no usable strict ordinary-day match
debt_issuance,protective_put,21,300,JPM,2024-04-23,no usable strict ordinary-day match
debt_issuance,protective_put,21,300,AXP,2024-04-26,no usable strict ordinary-day match
debt_issuance,protective_put,21,300,GS,2024-04-26,no usable strict ordinary-day match
debt_issuance,protective_put,21,300,BRK.B,2024-04-29,no usable strict ordinary-day match
debt_issuance,protective_put,21,300,C,2024-04-30,no usable strict ordinary-day match
debt_issuance,protective_put,21,300,PG,2024-04-30,no usable strict ordinary-day match
debt_issuance,protective_put,21,300,SO,2024-05-07,no usable strict ordinary-day match
debt_issuance,protective_put,21,300,CVS,2024-05-09,no usable strict ordinary-day match
debt_issuance,protective_put,21,300,KO,2024-05-09,no usable strict ordinary-day match
debt_issuance,protective_put,21,300,MA,2024-05-10,no usable strict ordinary-day match
debt_issuance,protective_put,21,300,KO,2024-05-14,no usable strict ordinary-day match
debt_issuance,protective_put,21,300,KO,2024-05-15,no usable strict ordinary-day match
debt_issuance,protective_put,21,300,JNJ,2024-05-21,no usable strict ordinary-day match
debt_issuance,protective_put,21,300,MCD,2024-05-21,no usable strict ordinary-day match
debt_issuance,protective_put,21,300,PYPL,2024-05-22,no usable strict ordinary-day match
debt_issuance,protective_put,21,300,UPS,2024-05-23,no usable strict ordinary-day match
debt_issuance,protective_put,21,300,CMCSA,2024-05-23,no usable strict ordinary-day match
debt_issuance,protective_put,21,300,AMT,2024-05-23,no usable strict ordinary-day match
debt_issuance,protective_put,21,300,PYPL,2024-05-29,no usable strict ordinary-day match
debt_issuance,protective_put,21,300,AMT,2024-05-30,unusable event quote or stock
debt_issuance,protective_put,21,300,MRK,2024-05-31,no usable strict ordinary-day match
debt_issuance,protective_put,21,300,LIN,2024-06-05,no usable strict ordinary-day match
debt_issuance,protective_put,21,300,MET,2024-06-06,no usable strict ordinary-day match
debt_issuance,protective_put,21,300,PM,2024-06-07,no usable strict ordinary-day match
debt_issuance,protective_put,21,300,NEE,2024-06-10,no usable strict ordinary-day match
debt_issuance,protective_put,21,300,C,2024-06-12,no usable strict ordinary-day match
debt_issuance,protective_put,21,300,HD,2024-06-20,no usable strict ordinary-day match
debt_issuance,protective_put,21,300,NEE,2024-06-21,no usable strict ordinary-day match
debt_issuance,protective_put,21,300,MDLZ,2024-07-05,unusable event quote or stock
debt_issuance,protective_put,21,300,AVGO,2024-07-15,unusable event quote or stock
debt_issuance,protective_put,21,300,PEP,2024-07-18,no usable strict ordinary-day match
debt_issuance,protective_put,21,300,BLK,2024-07-19,no usable strict ordinary-day match
debt_issuance,protective_put,21,300,BK,2024-07-23,no usable strict ordinary-day match
debt_issuance,protective_put,21,300,UNH,2024-07-26,no usable strict ordinary-day match
debt_issuance,protective_put,21,300,BLK,2024-07-29,unusable event quote or stock
debt_issuance,protective_put,21,300,COF,2024-07-29,unusable event quote or stock
debt_issuance,protective_put,21,300,NEE,2024-07-31,no usable strict ordinary-day match
debt_issuance,protective_put,21,300,HON,2024-08-05,no usable strict ordinary-day match
debt_issuance,protective_put,21,300,KO,2024-08-15,no usable strict ordinary-day match
debt_issuance,protective_put,21,300,LLY,2024-08-15,no usable strict ordinary-day match
debt_issuance,protective_put,21,300,KO,2024-08-16,no usable strict ordinary-day match
debt_issuance,protective_put,21,300,DUK,2024-08-23,no usable strict ordinary-day match
debt_issuance,protective_put,21,300,MDLZ,2024-08-26,unusable event quote or stock
debt_issuance,protective_put,21,300,MDLZ,2024-08-29,no usable strict ordinary-day match
debt_issuance,protective_put,21,300,MA,2024-09-06,unusable event quote or stock
debt_issuance,protective_put,21,300,UBER,2024-09-10,no usable strict ordinary-day match
debt_issuance,protective_put,21,300,USB,2024-09-23,no usable strict ordinary-day match
debt_issuance,protective_put,21,300,TMUS,2024-09-27,unusable event quote or stock
debt_issuance,protective_put,21,300,MET,2024-10-01,no usable strict ordinary-day match
debt_issuance,protective_put,21,300,ACN,2024-10-07,no usable strict ordinary-day match
debt_issuance,protective_put,21,300,JPM,2024-10-23,no usable strict ordinary-day match
debt_issuance,protective_put,21,300,BRK.B,2024-10-24,no usable strict ordinary-day match
debt_issuance,protective_put,21,300,GS,2024-10-24,no usable strict ordinary-day match
debt_issuance,protective_put,21,300,PG,2024-10-25,no usable strict ordinary-day match
debt_issuance,protective_put,21,300,NEE,2024-11-01,no usable strict ordinary-day match
debt_issuance,protective_put,21,300,PM,2024-11-04,no usable strict ordinary-day match
debt_issuance,protective_put,21,300,C,2024-11-20,no usable strict ordinary-day match
debt_issuance,protective_put,21,300,GS,2024-11-20,no usable strict ordinary-day match
debt_issuance,protective_put,21,300,BK,2024-11-21,unusable event quote or stock
debt_issuance,protective_put,21,300,GILD,2024-11-21,no usable strict ordinary-day match
debt_issuance,protective_put,21,300,AMT,2024-11-22,unusable event quote or stock
debt_issuance,protective_put,21,300,BKNG,2024-11-22,unusable event quote or stock
debt_issuance,protective_put,21,300,AIG,2024-11-29,unusable event quote or stock
debt_issuance,protective_put,21,300,JPM,2024-12-02,no usable strict ordinary-day match
debt_issuance,protective_put,21,300,CVS,2024-12-06,no usable strict ordinary-day match
debt_issuance,protective_put,21,300,CVS,2024-12-11,no usable strict ordinary-day match
debt_issuance,protective_put,21,300,SO,2025-01-14,unusable event quote or stock
debt_issuance,protective_put,21,300,DE,2025-01-17,no usable strict ordinary-day match
debt_issuance,protective_put,21,300,C,2025-01-27,no usable strict ordinary-day match
debt_issuance,protective_put,21,300,GS,2025-01-29,no usable strict ordinary-day match
debt_issuance,protective_put,21,300,COF,2025-01-31,no usable strict ordinary-day match
debt_issuance,protective_put,21,300,AXP,2025-01-31,no usable strict ordinary-day match
debt_issuance,protective_put,21,300,NEE,2025-02-05,no usable strict ordinary-day match
debt_issuance,protective_put,21,300,NEE,2025-02-07,no usable strict ordinary-day match
debt_issuance,protective_put,21,300,MO,2025-02-07,no usable strict ordinary-day match
debt_issuance,protective_put,21,300,TMUS,2025-02-12,no usable strict ordinary-day match
debt_issuance,protective_put,21,300,BK,2025-02-12,no usable strict ordinary-day match
debt_issuance,protective_put,21,300,UNP,2025-02-14,no usable strict ordinary-day match
debt_issuance,protective_put,21,300,LIN,2025-02-19,no usable strict ordinary-day match
debt_issuance,protective_put,21,300,ABBV,2025-02-20,no usable strict ordinary-day match
debt_issuance,protective_put,21,300,JNJ,2025-02-21,no usable strict ordinary-day match
debt_issuance,protective_put,21,300,CSCO,2025-02-25,no usable strict ordinary-day match
debt_issuance,protective_put,21,300,ABBV,2025-02-27,no usable strict ordinary-day match
debt_issuance,protective_put,21,300,FDX,2025-02-27,no usable strict ordinary-day match
debt_issuance,protective_put,21,300,CVX,2025-02-27,no usable strict ordinary-day match
debt_issuance,protective_put,21,300,JNJ,2025-02-27,no usable strict ordinary-day match
debt_issuance,protective_put,21,300,EMR,2025-03-03,no usable strict ordinary-day match
debt_issuance,protective_put,21,300,SO,2025-03-03,no usable strict ordinary-day match
debt_issuance,protective_put,21,300,EMR,2025-03-05,no usable strict ordinary-day match
debt_issuance,protective_put,21,300,C,2025-03-05,no usable strict ordinary-day match
debt_issuance,protective_put,21,300,MET,2025-03-05,unusable event quote or stock
debt_issuance,protective_put,21,300,MCD,2025-03-05,no usable strict ordinary-day match
debt_issuance,protective_put,21,300,PYPL,2025-03-07,no usable strict ordinary-day match
debt_issuance,protective_put,21,300,AMT,2025-03-12,unusable event quote or stock
debt_issuance,protective_put,21,300,MET,2025-03-14,no usable strict ordinary-day match
debt_issuance,protective_put,21,300,MMM,2025-03-14,no usable strict ordinary-day match
debt_issuance,protective_put,21,300,AMT,2025-03-17,unusable event quote or stock
debt_issuance,protective_put,21,300,BLK,2025-03-27,unusable event quote or stock
debt_issuance,protective_put,21,300,C,2025-03-28,no usable strict ordinary-day match
debt_issuance,protective_put,21,300,TMUS,2025-03-28,no usable strict ordinary-day match
debt_issuance,protective_put,21,300,T,2025-04-01,no usable strict ordinary-day match
debt_issuance,protective_put,21,300,BLK,2025-04-04,no usable strict ordinary-day match
debt_issuance,protective_put,21,300,BRK.B,2025-04-21,no usable strict ordinary-day match
debt_issuance,protective_put,21,300,JPM,2025-04-23,no usable strict ordinary-day match
debt_issuance,protective_put,21,300,AXP,2025-04-28,no usable strict ordinary-day match
debt_issuance,protective_put,21,300,WMT,2025-04-29,no usable strict ordinary-day match
debt_issuance,protective_put,21,300,C,2025-04-30,no usable strict ordinary-day match
debt_issuance,protective_put,21,300,PM,2025-05-01,no usable strict ordinary-day match
debt_issuance,protective_put,21,300,GOOGL,2025-05-02,no usable strict ordinary-day match
debt_issuance,protective_put,21,300,PG,2025-05-02,no usable strict ordinary-day match
debt_issuance,protective_put,21,300,CL,2025-05-05,no usable strict ordinary-day match
debt_issuance,protective_put,21,300,MDLZ,2025-05-07,no usable strict ordinary-day match
debt_issuance,protective_put,21,300,GOOGL,2025-05-07,no usable strict ordinary-day match
debt_issuance,protective_put,21,300,GM,2025-05-08,no usable strict ordinary-day match
debt_issuance,protective_put,21,300,AIG,2025-05-08,no usable strict ordinary-day match
debt_issuance,protective_put,21,300,GD,2025-05-08,unusable event quote or stock
debt_issuance,protective_put,21,300,C,2025-05-08,no usable strict ordinary-day match
debt_issuance,protective_put,21,300,CMCSA,2025-05-09,no usable strict ordinary-day match
debt_issuance,protective_put,21,300,SBUX,2025-05-09,no usable strict ordinary-day match
debt_issuance,protective_put,21,300,BKNG,2025-05-12,unusable event quote or stock
debt_issuance,protective_put,21,300,UPS,2025-05-15,no usable strict ordinary-day match
debt_issuance,protective_put,21,300,NEE,2025-05-16,no usable strict ordinary-day match
debt_issuance,protective_put,21,300,CAT,2025-05-16,no usable strict ordinary-day match
debt_issuance,protective_put,21,300,PFE,2025-05-20,no usable strict ordinary-day match
debt_issuance,protective_put,21,300,AXP,2025-05-21,no usable strict ordinary-day match
debt_issuance,protective_put,21,300,UBER,2025-05-21,no usable strict ordinary-day match
debt_issuance,protective_put,21,300,UPS,2025-05-21,no usable strict ordinary-day match
debt_issuance,protective_put,21,300,AMT,2025-05-22,no usable strict ordinary-day match
debt_issuance,protective_put,21,300,SO,2025-05-28,no usable strict ordinary-day match
debt_issuance,protective_put,21,300,AMT,2025-06-02,unusable event quote or stock
debt_issuance,protective_put,21,300,T,2025-06-04,no usable strict ordinary-day match
debt_issuance,protective_put,21,300,C,2025-06-04,no usable strict ordinary-day match
debt_issuance,protective_put,21,300,LIN,2025-06-06,unusable event quote or stock
debt_issuance,protective_put,21,300,PM,2025-06-09,no usable strict ordinary-day match
debt_issuance,protective_put,21,300,TGT,2025-06-11,no usable strict ordinary-day match
debt_issuance,protective_put,21,300,BK,2025-06-11,unusable event quote or stock
debt_issuance,protective_put,21,300,NEE,2025-06-13,no usable strict ordinary-day match
debt_issuance,protective_put,21,300,MET,2025-06-18,no usable strict ordinary-day match
debt_issuance,protective_put,21,300,UNH,2025-06-23,no usable strict ordinary-day match
debt_issuance,protective_put,21,300,AVGO,2025-07-14,no usable strict ordinary-day match
debt_issuance,protective_put,21,300,PEP,2025-07-24,no usable strict ordinary-day match
debt_issuance,protective_put,21,300,FDX,2025-07-25,unusable event quote or stock
debt_issuance,protective_put,21,300,LMT,2025-07-29,no usable strict ordinary-day match
debt_issuance,protective_put,21,300,PEP,2025-07-29,no usable strict ordinary-day match
debt_issuance,protective_put,21,300,GE,2025-07-30,no usable strict ordinary-day match
debt_issuance,protective_put,21,300,WFC,2025-07-30,no usable strict ordinary-day match
debt_issuance,protective_put,21,300,FDX,2025-07-31,unusable event quote or stock
debt_issuance,protective_put,21,300,TMUS,2025-08-06,no usable strict ordinary-day match
debt_issuance,protective_put,21,300,MO,2025-08-07,no usable strict ordinary-day match
debt_issuance,protective_put,21,300,CHTR,2025-08-21,no usable strict ordinary-day match
debt_issuance,protective_put,21,300,CHTR,2025-09-03,no usable strict ordinary-day match
debt_issuance,protective_put,21,300,MRK,2025-09-10,no usable strict ordinary-day match
debt_issuance,protective_put,21,300,UBER,2025-09-12,no usable strict ordinary-day match
debt_issuance,protective_put,21,300,AMT,2025-09-12,unusable event quote or stock
debt_issuance,protective_put,21,300,WFC,2025-09-16,no usable strict ordinary-day match
debt_issuance,protective_put,21,300,T,2025-09-17,no usable strict ordinary-day match
debt_issuance,protective_put,21,300,AMT,2025-09-17,unusable event quote or stock
debt_issuance,protective_put,21,300,MDT,2025-09-17,no usable strict ordinary-day match
debt_issuance,protective_put,21,300,T,2025-09-25,no usable strict ordinary-day match
debt_issuance,protective_put,21,300,AVGO,2025-09-30,no usable strict ordinary-day match
debt_issuance,protective_put,21,300,MDT,2025-09-30,no usable strict ordinary-day match
debt_issuance,protective_put,21,300,HON,2025-10-02,unusable event quote or stock
debt_issuance,protective_put,21,300,CMCSA,2025-10-03,unusable event quote or stock
debt_issuance,protective_put,21,300,TMO,2025-10-08,unusable event quote or stock
debt_issuance,protective_put,21,300,CMCSA,2025-10-10,unusable event quote or stock
debt_issuance,protective_put,21,300,TMUS,2025-10-10,no usable strict ordinary-day match
debt_issuance,protective_put,21,300,JPM,2025-10-23,no usable strict ordinary-day match
debt_issuance,protective_put,21,300,AXP,2025-10-27,no usable strict ordinary-day match
debt_issuance,protective_put,21,300,PM,2025-10-30,no usable strict ordinary-day match
debt_issuance,protective_put,21,300,META,2025-11-04,no usable strict ordinary-day match
debt_issuance,protective_put,21,300,BKNG,2025-11-10,no usable strict ordinary-day match
debt_issuance,protective_put,21,300,VZ,2025-11-11,no usable strict ordinary-day match
debt_issuance,protective_put,21,300,BMY,2025-11-11,no usable strict ordinary-day match
debt_issuance,protective_put,21,300,NEE,2025-11-13,no usable strict ordinary-day match
debt_issuance,protective_put,21,300,XOM,2025-11-14,no usable strict ordinary-day match
debt_issuance,protective_put,21,300,SCHW,2025-11-17,no usable strict ordinary-day match
debt_issuance,protective_put,21,300,LIN,2025-11-21,unusable event quote or stock
debt_issuance,protective_put,21,300,BRK.B,2025-11-24,unusable event quote or stock
debt_issuance,protective_put,21,300,PFE,2025-11-24,unusable event quote or stock
debt_issuance,protective_put,21,300,TMO,2025-12-02,no usable strict ordinary-day match
debt_issuance,protective_put,21,300,AMT,2025-12-03,no usable strict ordinary-day match
debt_issuance,protective_put,21,300,MRK,2025-12-05,no usable strict ordinary-day match
debt_issuance,protective_put,21,300,AMT,2025-12-08,no usable strict ordinary-day match
debt_issuance,protective_put,21,300,CVX,2025-12-10,no usable strict ordinary-day match
debt_issuance,collar,21,300,DUK,2024-01-16,unusable event quote or stock
debt_issuance,collar,21,300,LMT,2024-01-30,no usable strict ordinary-day match
debt_issuance,collar,21,300,PG,2024-01-30,no usable strict ordinary-day match
debt_issuance,collar,21,300,NEE,2024-02-01,no usable strict ordinary-day match
debt_issuance,collar,21,300,COF,2024-02-02,no usable strict ordinary-day match
debt_issuance,collar,21,300,SBUX,2024-02-09,no usable strict ordinary-day match
debt_issuance,collar,21,300,TXN,2024-02-09,no usable strict ordinary-day match
debt_issuance,collar,21,300,PM,2024-02-14,no usable strict ordinary-day match
debt_issuance,collar,21,300,C,2024-02-14,no usable strict ordinary-day match
debt_issuance,collar,21,300,LIN,2024-02-15,unusable event quote or stock
debt_issuance,collar,21,300,MMM,2024-02-28,unusable event quote or stock
debt_issuance,collar,21,300,SO,2024-02-29,no usable strict ordinary-day match
debt_issuance,collar,21,300,NEE,2024-02-29,no usable strict ordinary-day match
debt_issuance,collar,21,300,HON,2024-03-04,no usable strict ordinary-day match
debt_issuance,collar,21,300,NEE,2024-03-04,no usable strict ordinary-day match
debt_issuance,collar,21,300,BLK,2024-03-07,no usable strict ordinary-day match
debt_issuance,collar,21,300,NEE,2024-03-08,no usable strict ordinary-day match
debt_issuance,collar,21,300,BLK,2024-03-15,no usable strict ordinary-day match
debt_issuance,collar,21,300,BK,2024-03-15,no usable strict ordinary-day match
debt_issuance,collar,21,300,UNH,2024-03-22,no usable strict ordinary-day match
debt_issuance,collar,21,300,ADBE,2024-04-05,no usable strict ordinary-day match
debt_issuance,collar,21,300,JPM,2024-04-23,no usable strict ordinary-day match
debt_issuance,collar,21,300,AXP,2024-04-26,no usable strict ordinary-day match
debt_issuance,collar,21,300,GS,2024-04-26,no usable strict ordinary-day match
debt_issuance,collar,21,300,BRK.B,2024-04-29,no usable strict ordinary-day match
debt_issuance,collar,21,300,C,2024-04-30,no usable strict ordinary-day match
debt_issuance,collar,21,300,PG,2024-04-30,no usable strict ordinary-day match
debt_issuance,collar,21,300,SO,2024-05-07,no usable strict ordinary-day match
debt_issuance,collar,21,300,CVS,2024-05-09,no usable strict ordinary-day match
debt_issuance,collar,21,300,KO,2024-05-09,no usable strict ordinary-day match
debt_issuance,collar,21,300,MA,2024-05-10,no usable strict ordinary-day match
debt_issuance,collar,21,300,CVS,2024-05-10,no usable strict ordinary-day match
debt_issuance,collar,21,300,KO,2024-05-14,no usable strict ordinary-day match
debt_issuance,collar,21,300,KO,2024-05-15,no usable strict ordinary-day match
debt_issuance,collar,21,300,JNJ,2024-05-21,no usable strict ordinary-day match
debt_issuance,collar,21,300,MCD,2024-05-21,no usable strict ordinary-day match
debt_issuance,collar,21,300,PYPL,2024-05-22,no usable strict ordinary-day match
debt_issuance,collar,21,300,UPS,2024-05-23,no usable strict ordinary-day match
debt_issuance,collar,21,300,CMCSA,2024-05-23,no usable strict ordinary-day match
debt_issuance,collar,21,300,AMT,2024-05-23,no usable strict ordinary-day match
debt_issuance,collar,21,300,PYPL,2024-05-29,unusable event quote or stock
debt_issuance,collar,21,300,AMT,2024-05-30,unusable event quote or stock
debt_issuance,collar,21,300,MRK,2024-05-31,no usable strict ordinary-day match
debt_issuance,collar,21,300,LIN,2024-06-05,no usable strict ordinary-day match
debt_issuance,collar,21,300,MET,2024-06-06,no usable strict ordinary-day match
debt_issuance,collar,21,300,PM,2024-06-07,no usable strict ordinary-day match
debt_issuance,collar,21,300,NEE,2024-06-10,no usable strict ordinary-day match
debt_issuance,collar,21,300,C,2024-06-12,no usable strict ordinary-day match
debt_issuance,collar,21,300,HD,2024-06-20,no usable strict ordinary-day match
debt_issuance,collar,21,300,NEE,2024-06-21,no usable strict ordinary-day match
debt_issuance,collar,21,300,MDLZ,2024-07-05,unusable event quote or stock
debt_issuance,collar,21,300,AVGO,2024-07-15,unusable event quote or stock
debt_issuance,collar,21,300,PEP,2024-07-18,no usable strict ordinary-day match
debt_issuance,collar,21,300,BLK,2024-07-19,no usable strict ordinary-day match
debt_issuance,collar,21,300,BK,2024-07-23,no usable strict ordinary-day match
debt_issuance,collar,21,300,UNH,2024-07-26,no usable strict ordinary-day match
debt_issuance,collar,21,300,BLK,2024-07-29,unusable event quote or stock
debt_issuance,collar,21,300,COF,2024-07-29,unusable event quote or stock
debt_issuance,collar,21,300,NEE,2024-07-31,no usable strict ordinary-day match
debt_issuance,collar,21,300,HON,2024-08-05,no usable strict ordinary-day match
debt_issuance,collar,21,300,KO,2024-08-15,no usable strict ordinary-day match
debt_issuance,collar,21,300,LLY,2024-08-15,no usable strict ordinary-day match
debt_issuance,collar,21,300,KO,2024-08-16,no usable strict ordinary-day match
debt_issuance,collar,21,300,DUK,2024-08-23,no usable strict ordinary-day match
debt_issuance,collar,21,300,MDLZ,2024-08-26,unusable event quote or stock
debt_issuance,collar,21,300,MDLZ,2024-08-29,no usable strict ordinary-day match
debt_issuance,collar,21,300,MA,2024-09-06,unusable event quote or stock
debt_issuance,collar,21,300,UBER,2024-09-10,no usable strict ordinary-day match
debt_issuance,collar,21,300,USB,2024-09-23,no usable strict ordinary-day match
debt_issuance,collar,21,300,TMUS,2024-09-27,unusable event quote or stock
debt_issuance,collar,21,300,MET,2024-10-01,no usable strict ordinary-day match
debt_issuance,collar,21,300,ACN,2024-10-07,no usable strict ordinary-day match
debt_issuance,collar,21,300,JPM,2024-10-23,no usable strict ordinary-day match
debt_issuance,collar,21,300,BRK.B,2024-10-24,no usable strict ordinary-day match
debt_issuance,collar,21,300,GS,2024-10-24,no usable strict ordinary-day match
debt_issuance,collar,21,300,PG,2024-10-25,no usable strict ordinary-day match
debt_issuance,collar,21,300,NEE,2024-11-01,no usable strict ordinary-day match
debt_issuance,collar,21,300,PM,2024-11-04,no usable strict ordinary-day match
debt_issuance,collar,21,300,AMT,2024-11-20,no usable strict ordinary-day match
debt_issuance,collar,21,300,C,2024-11-20,no usable strict ordinary-day match
debt_issuance,collar,21,300,GS,2024-11-20,no usable strict ordinary-day match
debt_issuance,collar,21,300,BK,2024-11-21,unusable event quote or stock
debt_issuance,collar,21,300,GILD,2024-11-21,no usable strict ordinary-day match
debt_issuance,collar,21,300,AMT,2024-11-22,unusable event quote or stock
debt_issuance,collar,21,300,BKNG,2024-11-22,unusable event quote or stock
debt_issuance,collar,21,300,AIG,2024-11-29,unusable event quote or stock
debt_issuance,collar,21,300,JPM,2024-12-02,no usable strict ordinary-day match
debt_issuance,collar,21,300,CVS,2024-12-06,no usable strict ordinary-day match
debt_issuance,collar,21,300,CVS,2024-12-11,no usable strict ordinary-day match
debt_issuance,collar,21,300,SO,2025-01-14,unusable event quote or stock
debt_issuance,collar,21,300,DE,2025-01-17,unusable event quote or stock
debt_issuance,collar,21,300,C,2025-01-27,no usable strict ordinary-day match
debt_issuance,collar,21,300,GS,2025-01-29,no usable strict ordinary-day match
debt_issuance,collar,21,300,COF,2025-01-31,no usable strict ordinary-day match
debt_issuance,collar,21,300,AXP,2025-01-31,no usable strict ordinary-day match
debt_issuance,collar,21,300,NEE,2025-02-05,no usable strict ordinary-day match
debt_issuance,collar,21,300,NEE,2025-02-07,unusable event quote or stock
debt_issuance,collar,21,300,MO,2025-02-07,no usable strict ordinary-day match
debt_issuance,collar,21,300,TMUS,2025-02-12,no usable strict ordinary-day match
debt_issuance,collar,21,300,BK,2025-02-12,no usable strict ordinary-day match
debt_issuance,collar,21,300,UNP,2025-02-14,no usable strict ordinary-day match
debt_issuance,collar,21,300,LIN,2025-02-19,no usable strict ordinary-day match
debt_issuance,collar,21,300,ABBV,2025-02-20,no usable strict ordinary-day match
debt_issuance,collar,21,300,JNJ,2025-02-21,no usable strict ordinary-day match
debt_issuance,collar,21,300,CSCO,2025-02-25,no usable strict ordinary-day match
debt_issuance,collar,21,300,ABBV,2025-02-27,no usable strict ordinary-day match
debt_issuance,collar,21,300,FDX,2025-02-27,no usable strict ordinary-day match
debt_issuance,collar,21,300,CVX,2025-02-27,no usable strict ordinary-day match
debt_issuance,collar,21,300,JNJ,2025-02-27,no usable strict ordinary-day match
debt_issuance,collar,21,300,EMR,2025-03-03,no usable strict ordinary-day match
debt_issuance,collar,21,300,SO,2025-03-03,no usable strict ordinary-day match
debt_issuance,collar,21,300,EMR,2025-03-05,no usable strict ordinary-day match
debt_issuance,collar,21,300,C,2025-03-05,no usable strict ordinary-day match
debt_issuance,collar,21,300,MET,2025-03-05,unusable event quote or stock
debt_issuance,collar,21,300,MCD,2025-03-05,no usable strict ordinary-day match
debt_issuance,collar,21,300,PYPL,2025-03-07,no usable strict ordinary-day match
debt_issuance,collar,21,300,AMT,2025-03-12,unusable event quote or stock
debt_issuance,collar,21,300,MET,2025-03-14,no usable strict ordinary-day match
debt_issuance,collar,21,300,MMM,2025-03-14,no usable strict ordinary-day match
debt_issuance,collar,21,300,AMT,2025-03-17,unusable event quote or stock
debt_issuance,collar,21,300,BLK,2025-03-27,unusable event quote or stock
debt_issuance,collar,21,300,C,2025-03-28,no usable strict ordinary-day match
debt_issuance,collar,21,300,TMUS,2025-03-28,no usable strict ordinary-day match
debt_issuance,collar,21,300,T,2025-04-01,no usable strict ordinary-day match
debt_issuance,collar,21,300,XOM,2025-04-02,unusable event quote or stock
debt_issuance,collar,21,300,BLK,2025-04-04,no usable strict ordinary-day match
debt_issuance,collar,21,300,BRK.B,2025-04-21,no usable strict ordinary-day match
debt_issuance,collar,21,300,JPM,2025-04-23,no usable strict ordinary-day match
debt_issuance,collar,21,300,AXP,2025-04-28,no usable strict ordinary-day match
debt_issuance,collar,21,300,WMT,2025-04-29,no usable strict ordinary-day match
debt_issuance,collar,21,300,C,2025-04-30,no usable strict ordinary-day match
debt_issuance,collar,21,300,PM,2025-05-01,no usable strict ordinary-day match
debt_issuance,collar,21,300,GOOGL,2025-05-02,no usable strict ordinary-day match
debt_issuance,collar,21,300,PG,2025-05-02,no usable strict ordinary-day match
debt_issuance,collar,21,300,CL,2025-05-05,no usable strict ordinary-day match
debt_issuance,collar,21,300,MDLZ,2025-05-07,unusable event quote or stock
debt_issuance,collar,21,300,GOOGL,2025-05-07,no usable strict ordinary-day match
debt_issuance,collar,21,300,GM,2025-05-08,no usable strict ordinary-day match
debt_issuance,collar,21,300,AIG,2025-05-08,no usable strict ordinary-day match
debt_issuance,collar,21,300,GD,2025-05-08,unusable event quote or stock
debt_issuance,collar,21,300,C,2025-05-08,no usable strict ordinary-day match
debt_issuance,collar,21,300,CMCSA,2025-05-09,no usable strict ordinary-day match
debt_issuance,collar,21,300,SBUX,2025-05-09,no usable strict ordinary-day match
debt_issuance,collar,21,300,BKNG,2025-05-12,unusable event quote or stock
debt_issuance,collar,21,300,UPS,2025-05-15,no usable strict ordinary-day match
debt_issuance,collar,21,300,NEE,2025-05-16,no usable strict ordinary-day match
debt_issuance,collar,21,300,CAT,2025-05-16,no usable strict ordinary-day match
debt_issuance,collar,21,300,PFE,2025-05-20,no usable strict ordinary-day match
debt_issuance,collar,21,300,AXP,2025-05-21,no usable strict ordinary-day match
debt_issuance,collar,21,300,UBER,2025-05-21,no usable strict ordinary-day match
debt_issuance,collar,21,300,UPS,2025-05-21,no usable strict ordinary-day match
debt_issuance,collar,21,300,AMT,2025-05-22,no usable strict ordinary-day match
debt_issuance,collar,21,300,SO,2025-05-28,no usable strict ordinary-day match
debt_issuance,collar,21,300,AMT,2025-06-02,unusable event quote or stock
debt_issuance,collar,21,300,T,2025-06-04,no usable strict ordinary-day match
debt_issuance,collar,21,300,C,2025-06-04,no usable strict ordinary-day match
debt_issuance,collar,21,300,LIN,2025-06-06,unusable event quote or stock
debt_issuance,collar,21,300,PM,2025-06-09,no usable strict ordinary-day match
debt_issuance,collar,21,300,TGT,2025-06-11,no usable strict ordinary-day match
debt_issuance,collar,21,300,BK,2025-06-11,unusable event quote or stock
debt_issuance,collar,21,300,NEE,2025-06-13,no usable strict ordinary-day match
debt_issuance,collar,21,300,MET,2025-06-18,no usable strict ordinary-day match
debt_issuance,collar,21,300,UNH,2025-06-23,no usable strict ordinary-day match
debt_issuance,collar,21,300,AVGO,2025-07-14,no usable strict ordinary-day match
debt_issuance,collar,21,300,PEP,2025-07-24,no usable strict ordinary-day match
debt_issuance,collar,21,300,FDX,2025-07-25,unusable event quote or stock
debt_issuance,collar,21,300,LMT,2025-07-29,no usable strict ordinary-day match
debt_issuance,collar,21,300,PEP,2025-07-29,no usable strict ordinary-day match
debt_issuance,collar,21,300,GE,2025-07-30,no usable strict ordinary-day match
debt_issuance,collar,21,300,WFC,2025-07-30,no usable strict ordinary-day match
debt_issuance,collar,21,300,FDX,2025-07-31,unusable event quote or stock
debt_issuance,collar,21,300,TMUS,2025-08-06,no usable strict ordinary-day match
debt_issuance,collar,21,300,MO,2025-08-07,no usable strict ordinary-day match
debt_issuance,collar,21,300,CHTR,2025-08-21,no usable strict ordinary-day match
debt_issuance,collar,21,300,CHTR,2025-09-03,no usable strict ordinary-day match
debt_issuance,collar,21,300,MRK,2025-09-10,no usable strict ordinary-day match
debt_issuance,collar,21,300,UBER,2025-09-12,no usable strict ordinary-day match
debt_issuance,collar,21,300,AMT,2025-09-12,unusable event quote or stock
debt_issuance,collar,21,300,WFC,2025-09-16,no usable strict ordinary-day match
debt_issuance,collar,21,300,T,2025-09-17,no usable strict ordinary-day match
debt_issuance,collar,21,300,AMT,2025-09-17,unusable event quote or stock
debt_issuance,collar,21,300,MDT,2025-09-17,no usable strict ordinary-day match
debt_issuance,collar,21,300,T,2025-09-25,no usable strict ordinary-day match
debt_issuance,collar,21,300,AVGO,2025-09-30,no usable strict ordinary-day match
debt_issuance,collar,21,300,MDT,2025-09-30,no usable strict ordinary-day match
debt_issuance,collar,21,300,HON,2025-10-02,unusable event quote or stock
debt_issuance,collar,21,300,CMCSA,2025-10-03,unusable event quote or stock
debt_issuance,collar,21,300,TMO,2025-10-08,unusable event quote or stock
debt_issuance,collar,21,300,CMCSA,2025-10-10,unusable event quote or stock
debt_issuance,collar,21,300,TMUS,2025-10-10,no usable strict ordinary-day match
debt_issuance,collar,21,300,JPM,2025-10-23,no usable strict ordinary-day match
debt_issuance,collar,21,300,AXP,2025-10-27,no usable strict ordinary-day match
debt_issuance,collar,21,300,PM,2025-10-30,no usable strict ordinary-day match
debt_issuance,collar,21,300,META,2025-11-04,no usable strict ordinary-day match
debt_issuance,collar,21,300,BKNG,2025-11-10,no usable strict ordinary-day match
debt_issuance,collar,21,300,VZ,2025-11-11,no usable strict ordinary-day match
debt_issuance,collar,21,300,BMY,2025-11-11,no usable strict ordinary-day match
debt_issuance,collar,21,300,NEE,2025-11-13,no usable strict ordinary-day match
debt_issuance,collar,21,300,XOM,2025-11-14,no usable strict ordinary-day match
debt_issuance,collar,21,300,SCHW,2025-11-17,no usable strict ordinary-day match
debt_issuance,collar,21,300,LIN,2025-11-21,unusable event quote or stock
debt_issuance,collar,21,300,BRK.B,2025-11-24,unusable event quote or stock
debt_issuance,collar,21,300,PFE,2025-11-24,unusable event quote or stock
debt_issuance,collar,21,300,TMO,2025-12-02,no usable strict ordinary-day match
debt_issuance,collar,21,300,AMT,2025-12-03,no usable strict ordinary-day match
debt_issuance,collar,21,300,MRK,2025-12-05,no usable strict ordinary-day match
debt_issuance,collar,21,300,AMT,2025-12-08,no usable strict ordinary-day match
debt_issuance,collar,21,300,CVX,2025-12-10,no usable strict ordinary-day match
debt_issuance,cash_secured_put,21,300,DUK,2024-01-16,no usable strict ordinary-day match
debt_issuance,cash_secured_put,21,300,LMT,2024-01-30,no usable strict ordinary-day match
debt_issuance,cash_secured_put,21,300,PG,2024-01-30,no usable strict ordinary-day match
debt_issuance,cash_secured_put,21,300,NEE,2024-02-01,no usable strict ordinary-day match
debt_issuance,cash_secured_put,21,300,COF,2024-02-02,no usable strict ordinary-day match
debt_issuance,cash_secured_put,21,300,SBUX,2024-02-09,no usable strict ordinary-day match
debt_issuance,cash_secured_put,21,300,TXN,2024-02-09,no usable strict ordinary-day match
debt_issuance,cash_secured_put,21,300,PM,2024-02-14,no usable strict ordinary-day match
debt_issuance,cash_secured_put,21,300,C,2024-02-14,no usable strict ordinary-day match
debt_issuance,cash_secured_put,21,300,LIN,2024-02-15,unusable event quote or stock
debt_issuance,cash_secured_put,21,300,MMM,2024-02-28,unusable event quote or stock
debt_issuance,cash_secured_put,21,300,SO,2024-02-29,no usable strict ordinary-day match
debt_issuance,cash_secured_put,21,300,NEE,2024-02-29,no usable strict ordinary-day match
debt_issuance,cash_secured_put,21,300,HON,2024-03-04,no usable strict ordinary-day match
debt_issuance,cash_secured_put,21,300,NEE,2024-03-04,no usable strict ordinary-day match
debt_issuance,cash_secured_put,21,300,BLK,2024-03-07,no usable strict ordinary-day match
debt_issuance,cash_secured_put,21,300,NEE,2024-03-08,no usable strict ordinary-day match
debt_issuance,cash_secured_put,21,300,BLK,2024-03-15,no usable strict ordinary-day match
debt_issuance,cash_secured_put,21,300,BK,2024-03-15,no usable strict ordinary-day match
debt_issuance,cash_secured_put,21,300,UNH,2024-03-22,no usable strict ordinary-day match
debt_issuance,cash_secured_put,21,300,ADBE,2024-04-05,no usable strict ordinary-day match
debt_issuance,cash_secured_put,21,300,JPM,2024-04-23,no usable strict ordinary-day match
debt_issuance,cash_secured_put,21,300,AXP,2024-04-26,no usable strict ordinary-day match
debt_issuance,cash_secured_put,21,300,GS,2024-04-26,no usable strict ordinary-day match
debt_issuance,cash_secured_put,21,300,BRK.B,2024-04-29,no usable strict ordinary-day match
debt_issuance,cash_secured_put,21,300,C,2024-04-30,no usable strict ordinary-day match
debt_issuance,cash_secured_put,21,300,PG,2024-04-30,no usable strict ordinary-day match
debt_issuance,cash_secured_put,21,300,SO,2024-05-07,no usable strict ordinary-day match
debt_issuance,cash_secured_put,21,300,CVS,2024-05-09,no usable strict ordinary-day match
debt_issuance,cash_secured_put,21,300,KO,2024-05-09,no usable strict ordinary-day match
debt_issuance,cash_secured_put,21,300,MA,2024-05-10,no usable strict ordinary-day match
debt_issuance,cash_secured_put,21,300,KO,2024-05-14,no usable strict ordinary-day match
debt_issuance,cash_secured_put,21,300,KO,2024-05-15,no usable strict ordinary-day match
debt_issuance,cash_secured_put,21,300,JNJ,2024-05-21,no usable strict ordinary-day match
debt_issuance,cash_secured_put,21,300,MCD,2024-05-21,no usable strict ordinary-day match
debt_issuance,cash_secured_put,21,300,PYPL,2024-05-22,no usable strict ordinary-day match
debt_issuance,cash_secured_put,21,300,UPS,2024-05-23,no usable strict ordinary-day match
debt_issuance,cash_secured_put,21,300,CMCSA,2024-05-23,no usable strict ordinary-day match
debt_issuance,cash_secured_put,21,300,AMT,2024-05-23,no usable strict ordinary-day match
debt_issuance,cash_secured_put,21,300,PYPL,2024-05-29,no usable strict ordinary-day match
debt_issuance,cash_secured_put,21,300,AMT,2024-05-30,unusable event quote or stock
debt_issuance,cash_secured_put,21,300,MRK,2024-05-31,no usable strict ordinary-day match
debt_issuance,cash_secured_put,21,300,LIN,2024-06-05,no usable strict ordinary-day match
debt_issuance,cash_secured_put,21,300,MET,2024-06-06,no usable strict ordinary-day match
debt_issuance,cash_secured_put,21,300,PM,2024-06-07,no usable strict ordinary-day match
debt_issuance,cash_secured_put,21,300,NEE,2024-06-10,no usable strict ordinary-day match
debt_issuance,cash_secured_put,21,300,C,2024-06-12,no usable strict ordinary-day match
debt_issuance,cash_secured_put,21,300,HD,2024-06-20,no usable strict ordinary-day match
debt_issuance,cash_secured_put,21,300,NEE,2024-06-21,no usable strict ordinary-day match
debt_issuance,cash_secured_put,21,300,MDLZ,2024-07-05,unusable event quote or stock
debt_issuance,cash_secured_put,21,300,AVGO,2024-07-15,unusable event quote or stock
debt_issuance,cash_secured_put,21,300,PEP,2024-07-18,no usable strict ordinary-day match
debt_issuance,cash_secured_put,21,300,BLK,2024-07-19,no usable strict ordinary-day match
debt_issuance,cash_secured_put,21,300,BK,2024-07-23,no usable strict ordinary-day match
debt_issuance,cash_secured_put,21,300,UNH,2024-07-26,no usable strict ordinary-day match
debt_issuance,cash_secured_put,21,300,BLK,2024-07-29,unusable event quote or stock
debt_issuance,cash_secured_put,21,300,COF,2024-07-29,unusable event quote or stock
debt_issuance,cash_secured_put,21,300,NEE,2024-07-31,no usable strict ordinary-day match
debt_issuance,cash_secured_put,21,300,HON,2024-08-05,no usable strict ordinary-day match
debt_issuance,cash_secured_put,21,300,KO,2024-08-15,no usable strict ordinary-day match
debt_issuance,cash_secured_put,21,300,LLY,2024-08-15,no usable strict ordinary-day match
debt_issuance,cash_secured_put,21,300,KO,2024-08-16,no usable strict ordinary-day match
debt_issuance,cash_secured_put,21,300,DUK,2024-08-23,no usable strict ordinary-day match
debt_issuance,cash_secured_put,21,300,MDLZ,2024-08-26,unusable event quote or stock
debt_issuance,cash_secured_put,21,300,MDLZ,2024-08-29,no usable strict ordinary-day match
debt_issuance,cash_secured_put,21,300,MA,2024-09-06,unusable event quote or stock
debt_issuance,cash_secured_put,21,300,UBER,2024-09-10,no usable strict ordinary-day match
debt_issuance,cash_secured_put,21,300,USB,2024-09-23,no usable strict ordinary-day match
debt_issuance,cash_secured_put,21,300,TMUS,2024-09-27,unusable event quote or stock
debt_issuance,cash_secured_put,21,300,MET,2024-10-01,no usable strict ordinary-day match
debt_issuance,cash_secured_put,21,300,ACN,2024-10-07,no usable strict ordinary-day match
debt_issuance,cash_secured_put,21,300,JPM,2024-10-23,no usable strict ordinary-day match
debt_issuance,cash_secured_put,21,300,BRK.B,2024-10-24,no usable strict ordinary-day match
debt_issuance,cash_secured_put,21,300,GS,2024-10-24,no usable strict ordinary-day match
debt_issuance,cash_secured_put,21,300,PG,2024-10-25,no usable strict ordinary-day match
debt_issuance,cash_secured_put,21,300,NEE,2024-11-01,no usable strict ordinary-day match
debt_issuance,cash_secured_put,21,300,PM,2024-11-04,no usable strict ordinary-day match
debt_issuance,cash_secured_put,21,300,C,2024-11-20,no usable strict ordinary-day match
debt_issuance,cash_secured_put,21,300,GS,2024-11-20,no usable strict ordinary-day match
debt_issuance,cash_secured_put,21,300,BK,2024-11-21,unusable event quote or stock
debt_issuance,cash_secured_put,21,300,GILD,2024-11-21,no usable strict ordinary-day match
debt_issuance,cash_secured_put,21,300,AMT,2024-11-22,unusable event quote or stock
debt_issuance,cash_secured_put,21,300,BKNG,2024-11-22,unusable event quote or stock
debt_issuance,cash_secured_put,21,300,AIG,2024-11-29,unusable event quote or stock
debt_issuance,cash_secured_put,21,300,JPM,2024-12-02,no usable strict ordinary-day match
debt_issuance,cash_secured_put,21,300,CVS,2024-12-06,no usable strict ordinary-day match
debt_issuance,cash_secured_put,21,300,CVS,2024-12-11,no usable strict ordinary-day match
debt_issuance,cash_secured_put,21,300,SO,2025-01-14,unusable event quote or stock
debt_issuance,cash_secured_put,21,300,DE,2025-01-17,no usable strict ordinary-day match
debt_issuance,cash_secured_put,21,300,C,2025-01-27,no usable strict ordinary-day match
debt_issuance,cash_secured_put,21,300,GS,2025-01-29,no usable strict ordinary-day match
debt_issuance,cash_secured_put,21,300,COF,2025-01-31,no usable strict ordinary-day match
debt_issuance,cash_secured_put,21,300,AXP,2025-01-31,no usable strict ordinary-day match
debt_issuance,cash_secured_put,21,300,NEE,2025-02-05,no usable strict ordinary-day match
debt_issuance,cash_secured_put,21,300,NEE,2025-02-07,no usable strict ordinary-day match
debt_issuance,cash_secured_put,21,300,MO,2025-02-07,no usable strict ordinary-day match
debt_issuance,cash_secured_put,21,300,TMUS,2025-02-12,no usable strict ordinary-day match
debt_issuance,cash_secured_put,21,300,BK,2025-02-12,no usable strict ordinary-day match
debt_issuance,cash_secured_put,21,300,UNP,2025-02-14,no usable strict ordinary-day match
debt_issuance,cash_secured_put,21,300,LIN,2025-02-19,no usable strict ordinary-day match
debt_issuance,cash_secured_put,21,300,ABBV,2025-02-20,no usable strict ordinary-day match
debt_issuance,cash_secured_put,21,300,JNJ,2025-02-21,no usable strict ordinary-day match
debt_issuance,cash_secured_put,21,300,CSCO,2025-02-25,no usable strict ordinary-day match
debt_issuance,cash_secured_put,21,300,ABBV,2025-02-27,no usable strict ordinary-day match
debt_issuance,cash_secured_put,21,300,FDX,2025-02-27,no usable strict ordinary-day match
debt_issuance,cash_secured_put,21,300,CVX,2025-02-27,no usable strict ordinary-day match
debt_issuance,cash_secured_put,21,300,JNJ,2025-02-27,no usable strict ordinary-day match
debt_issuance,cash_secured_put,21,300,EMR,2025-03-03,no usable strict ordinary-day match
debt_issuance,cash_secured_put,21,300,SO,2025-03-03,no usable strict ordinary-day match
debt_issuance,cash_secured_put,21,300,EMR,2025-03-05,no usable strict ordinary-day match
debt_issuance,cash_secured_put,21,300,C,2025-03-05,no usable strict ordinary-day match
debt_issuance,cash_secured_put,21,300,MET,2025-03-05,unusable event quote or stock
debt_issuance,cash_secured_put,21,300,MCD,2025-03-05,no usable strict ordinary-day match
debt_issuance,cash_secured_put,21,300,PYPL,2025-03-07,no usable strict ordinary-day match
debt_issuance,cash_secured_put,21,300,AMT,2025-03-12,unusable event quote or stock
debt_issuance,cash_secured_put,21,300,MET,2025-03-14,no usable strict ordinary-day match
debt_issuance,cash_secured_put,21,300,MMM,2025-03-14,no usable strict ordinary-day match
debt_issuance,cash_secured_put,21,300,AMT,2025-03-17,unusable event quote or stock
debt_issuance,cash_secured_put,21,300,BLK,2025-03-27,unusable event quote or stock
debt_issuance,cash_secured_put,21,300,C,2025-03-28,no usable strict ordinary-day match
debt_issuance,cash_secured_put,21,300,TMUS,2025-03-28,no usable strict ordinary-day match
debt_issuance,cash_secured_put,21,300,T,2025-04-01,no usable strict ordinary-day match
debt_issuance,cash_secured_put,21,300,BLK,2025-04-04,no usable strict ordinary-day match
debt_issuance,cash_secured_put,21,300,BRK.B,2025-04-21,no usable strict ordinary-day match
debt_issuance,cash_secured_put,21,300,JPM,2025-04-23,no usable strict ordinary-day match
debt_issuance,cash_secured_put,21,300,AXP,2025-04-28,no usable strict ordinary-day match
debt_issuance,cash_secured_put,21,300,WMT,2025-04-29,no usable strict ordinary-day match
debt_issuance,cash_secured_put,21,300,C,2025-04-30,no usable strict ordinary-day match
debt_issuance,cash_secured_put,21,300,PM,2025-05-01,no usable strict ordinary-day match
debt_issuance,cash_secured_put,21,300,GOOGL,2025-05-02,no usable strict ordinary-day match
debt_issuance,cash_secured_put,21,300,PG,2025-05-02,no usable strict ordinary-day match
debt_issuance,cash_secured_put,21,300,CL,2025-05-05,no usable strict ordinary-day match
debt_issuance,cash_secured_put,21,300,MDLZ,2025-05-07,no usable strict ordinary-day match
debt_issuance,cash_secured_put,21,300,GOOGL,2025-05-07,no usable strict ordinary-day match
debt_issuance,cash_secured_put,21,300,GM,2025-05-08,no usable strict ordinary-day match
debt_issuance,cash_secured_put,21,300,AIG,2025-05-08,no usable strict ordinary-day match
debt_issuance,cash_secured_put,21,300,GD,2025-05-08,unusable event quote or stock
debt_issuance,cash_secured_put,21,300,C,2025-05-08,no usable strict ordinary-day match
debt_issuance,cash_secured_put,21,300,CMCSA,2025-05-09,no usable strict ordinary-day match
debt_issuance,cash_secured_put,21,300,SBUX,2025-05-09,no usable strict ordinary-day match
debt_issuance,cash_secured_put,21,300,BKNG,2025-05-12,unusable event quote or stock
debt_issuance,cash_secured_put,21,300,UPS,2025-05-15,no usable strict ordinary-day match
debt_issuance,cash_secured_put,21,300,NEE,2025-05-16,no usable strict ordinary-day match
debt_issuance,cash_secured_put,21,300,CAT,2025-05-16,no usable strict ordinary-day match
debt_issuance,cash_secured_put,21,300,PFE,2025-05-20,no usable strict ordinary-day match
debt_issuance,cash_secured_put,21,300,AXP,2025-05-21,no usable strict ordinary-day match
debt_issuance,cash_secured_put,21,300,UBER,2025-05-21,no usable strict ordinary-day match
debt_issuance,cash_secured_put,21,300,UPS,2025-05-21,no usable strict ordinary-day match
debt_issuance,cash_secured_put,21,300,AMT,2025-05-22,no usable strict ordinary-day match
debt_issuance,cash_secured_put,21,300,SO,2025-05-28,no usable strict ordinary-day match
debt_issuance,cash_secured_put,21,300,AMT,2025-06-02,unusable event quote or stock
debt_issuance,cash_secured_put,21,300,T,2025-06-04,no usable strict ordinary-day match
debt_issuance,cash_secured_put,21,300,C,2025-06-04,no usable strict ordinary-day match
debt_issuance,cash_secured_put,21,300,LIN,2025-06-06,unusable event quote or stock
debt_issuance,cash_secured_put,21,300,PM,2025-06-09,no usable strict ordinary-day match
debt_issuance,cash_secured_put,21,300,TGT,2025-06-11,no usable strict ordinary-day match
debt_issuance,cash_secured_put,21,300,BK,2025-06-11,unusable event quote or stock
debt_issuance,cash_secured_put,21,300,NEE,2025-06-13,no usable strict ordinary-day match
debt_issuance,cash_secured_put,21,300,MET,2025-06-18,no usable strict ordinary-day match
debt_issuance,cash_secured_put,21,300,UNH,2025-06-23,no usable strict ordinary-day match
debt_issuance,cash_secured_put,21,300,AVGO,2025-07-14,no usable strict ordinary-day match
debt_issuance,cash_secured_put,21,300,PEP,2025-07-24,no usable strict ordinary-day match
debt_issuance,cash_secured_put,21,300,FDX,2025-07-25,unusable event quote or stock
debt_issuance,cash_secured_put,21,300,LMT,2025-07-29,no usable strict ordinary-day match
debt_issuance,cash_secured_put,21,300,PEP,2025-07-29,no usable strict ordinary-day match
debt_issuance,cash_secured_put,21,300,GE,2025-07-30,no usable strict ordinary-day match
debt_issuance,cash_secured_put,21,300,WFC,2025-07-30,no usable strict ordinary-day match
debt_issuance,cash_secured_put,21,300,FDX,2025-07-31,unusable event quote or stock
debt_issuance,cash_secured_put,21,300,TMUS,2025-08-06,no usable strict ordinary-day match
debt_issuance,cash_secured_put,21,300,MO,2025-08-07,no usable strict ordinary-day match
debt_issuance,cash_secured_put,21,300,CHTR,2025-08-21,no usable strict ordinary-day match
debt_issuance,cash_secured_put,21,300,CHTR,2025-09-03,no usable strict ordinary-day match
debt_issuance,cash_secured_put,21,300,MRK,2025-09-10,no usable strict ordinary-day match
debt_issuance,cash_secured_put,21,300,UBER,2025-09-12,no usable strict ordinary-day match
debt_issuance,cash_secured_put,21,300,AMT,2025-09-12,unusable event quote or stock
debt_issuance,cash_secured_put,21,300,WFC,2025-09-16,no usable strict ordinary-day match
debt_issuance,cash_secured_put,21,300,T,2025-09-17,no usable strict ordinary-day match
debt_issuance,cash_secured_put,21,300,AMT,2025-09-17,unusable event quote or stock
debt_issuance,cash_secured_put,21,300,MDT,2025-09-17,no usable strict ordinary-day match
debt_issuance,cash_secured_put,21,300,T,2025-09-25,no usable strict ordinary-day match
debt_issuance,cash_secured_put,21,300,AVGO,2025-09-30,no usable strict ordinary-day match
debt_issuance,cash_secured_put,21,300,MDT,2025-09-30,no usable strict ordinary-day match
debt_issuance,cash_secured_put,21,300,HON,2025-10-02,unusable event quote or stock
debt_issuance,cash_secured_put,21,300,CMCSA,2025-10-03,unusable event quote or stock
debt_issuance,cash_secured_put,21,300,TMO,2025-10-08,unusable event quote or stock
debt_issuance,cash_secured_put,21,300,CMCSA,2025-10-10,unusable event quote or stock
debt_issuance,cash_secured_put,21,300,TMUS,2025-10-10,no usable strict ordinary-day match
debt_issuance,cash_secured_put,21,300,JPM,2025-10-23,no usable strict ordinary-day match
debt_issuance,cash_secured_put,21,300,AXP,2025-10-27,no usable strict ordinary-day match
debt_issuance,cash_secured_put,21,300,PM,2025-10-30,no usable strict ordinary-day match
debt_issuance,cash_secured_put,21,300,META,2025-11-04,no usable strict ordinary-day match
debt_issuance,cash_secured_put,21,300,BKNG,2025-11-10,no usable strict ordinary-day match
debt_issuance,cash_secured_put,21,300,VZ,2025-11-11,no usable strict ordinary-day match
debt_issuance,cash_secured_put,21,300,BMY,2025-11-11,no usable strict ordinary-day match
debt_issuance,cash_secured_put,21,300,NEE,2025-11-13,no usable strict ordinary-day match
debt_issuance,cash_secured_put,21,300,XOM,2025-11-14,no usable strict ordinary-day match
debt_issuance,cash_secured_put,21,300,SCHW,2025-11-17,no usable strict ordinary-day match
debt_issuance,cash_secured_put,21,300,LIN,2025-11-21,unusable event quote or stock
debt_issuance,cash_secured_put,21,300,BRK.B,2025-11-24,unusable event quote or stock
debt_issuance,cash_secured_put,21,300,PFE,2025-11-24,unusable event quote or stock
debt_issuance,cash_secured_put,21,300,TMO,2025-12-02,no usable strict ordinary-day match
debt_issuance,cash_secured_put,21,300,AMT,2025-12-03,no usable strict ordinary-day match
debt_issuance,cash_secured_put,21,300,MRK,2025-12-05,no usable strict ordinary-day match
debt_issuance,cash_secured_put,21,300,AMT,2025-12-08,no usable strict ordinary-day match
debt_issuance,cash_secured_put,21,300,CVX,2025-12-10,no usable strict ordinary-day match
director_appointment,long_call,21,60,SBUX,2024-01-10,no usable strict ordinary-day match
director_appointment,long_call,21,60,MDLZ,2024-02-05,no usable strict ordinary-day match
director_appointment,long_call,21,60,GILD,2024-02-05,no usable strict ordinary-day match
director_appointment,long_call,21,60,CL,2024-02-16,unusable event quote or stock
director_appointment,long_call,21,60,TXN,2024-02-21,no usable strict ordinary-day match
director_appointment,long_call,21,60,MET,2024-02-29,no usable strict ordinary-day match
director_appointment,long_call,21,60,LIN,2024-02-29,unusable event quote or stock
director_appointment,long_call,21,60,COF,2024-03-01,no usable strict ordinary-day match
director_appointment,long_call,21,60,T,2024-03-04,no usable strict ordinary-day match
director_appointment,long_call,21,60,INTC,2024-03-14,no usable strict ordinary-day match
director_appointment,long_call,21,60,AMT,2024-03-15,unusable event quote or stock
director_appointment,long_call,21,60,ISRG,2024-05-01,unusable event quote or stock
director_appointment,long_call,21,60,INTU,2024-05-03,unusable event quote or stock
director_appointment,long_call,21,60,EMR,2024-05-09,no usable strict ordinary-day match
director_appointment,long_call,21,60,LMT,2024-05-23,no usable strict ordinary-day match
director_appointment,long_call,21,60,AMT,2024-05-28,no usable strict ordinary-day match
director_appointment,long_call,21,60,BMY,2024-06-20,no usable strict ordinary-day match
director_appointment,long_call,21,60,GS,2024-06-25,no usable strict ordinary-day match
director_appointment,long_call,21,60,USB,2024-07-17,no usable strict ordinary-day match
director_appointment,long_call,21,60,INTU,2024-07-26,no usable strict ordinary-day match
director_appointment,long_call,21,60,COP,2024-09-04,no usable strict ordinary-day match
director_appointment,long_call,21,60,QCOM,2024-10-10,no usable strict ordinary-day match
director_appointment,long_call,21,60,PFE,2024-10-16,no usable strict ordinary-day match
director_appointment,long_call,21,60,KO,2024-10-18,no usable strict ordinary-day match
director_appointment,long_call,21,60,JPM,2024-10-18,no usable strict ordinary-day match
director_appointment,long_call,21,60,CVS,2024-10-21,unusable event quote or stock
director_appointment,long_call,21,60,DE,2024-11-04,no usable strict ordinary-day match
director_appointment,long_call,21,60,BA,2024-11-19,no usable strict ordinary-day match
director_appointment,long_call,21,60,CVS,2024-11-19,no usable strict ordinary-day match
director_appointment,long_call,21,60,BLK,2024-11-20,no usable strict ordinary-day match
director_appointment,long_call,21,60,LLY,2024-11-20,no usable strict ordinary-day match
director_appointment,long_call,21,60,ACN,2024-12-03,unusable event quote or stock
director_appointment,long_call,21,60,INTC,2024-12-06,no usable strict ordinary-day match
director_appointment,long_call,21,60,META,2025-01-07,no usable strict ordinary-day match
director_appointment,long_call,21,60,BAC,2025-01-30,no usable strict ordinary-day match
director_appointment,long_call,21,60,MO,2025-01-31,no usable strict ordinary-day match
director_appointment,long_call,21,60,C,2025-02-04,no usable strict ordinary-day match
director_appointment,long_call,21,60,AMT,2025-02-06,unusable event quote or stock
director_appointment,long_call,21,60,TMO,2025-02-20,unusable event quote or stock
director_appointment,long_call,21,60,DHR,2025-02-21,no usable strict ordinary-day match
director_appointment,long_call,21,60,GS,2025-02-27,no usable strict ordinary-day match
director_appointment,long_call,21,60,MET,2025-02-28,unusable event quote or stock
director_appointment,long_call,21,60,AXP,2025-03-04,no usable strict ordinary-day match
director_appointment,long_call,21,60,PYPL,2025-03-11,no usable strict ordinary-day match
director_appointment,long_call,21,60,MS,2025-04-02,no usable strict ordinary-day match
director_appointment,long_call,21,60,HON,2025-04-02,unusable event quote or stock
director_appointment,long_call,21,60,BK,2025-04-17,unusable event quote or stock
director_appointment,long_call,21,60,ABBV,2025-05-14,no usable strict ordinary-day match
director_appointment,long_call,21,60,CSCO,2025-05-14,no usable strict ordinary-day match
director_appointment,long_call,21,60,QCOM,2025-05-14,no usable strict ordinary-day match
director_appointment,long_call,21,60,UPS,2025-06-03,unusable event quote or stock
director_appointment,long_call,21,60,PG,2025-06-10,no usable strict ordinary-day match
director_appointment,long_call,21,60,JNJ,2025-06-11,no usable strict ordinary-day match
director_appointment,long_call,21,60,MS,2025-06-17,no usable strict ordinary-day match
director_appointment,long_call,21,60,C,2025-06-20,no usable strict ordinary-day match
director_appointment,long_call,21,60,MDT,2025-06-24,no usable strict ordinary-day match
director_appointment,long_call,21,60,PYPL,2025-06-25,no usable strict ordinary-day match
director_appointment,long_call,21,60,NFLX,2025-06-25,no usable strict ordinary-day match
director_appointment,long_call,21,60,AXP,2025-07-24,unusable event quote or stock
director_appointment,long_call,21,60,MDT,2025-08-20,no usable strict ordinary-day match
director_appointment,long_call,21,60,AMT,2025-08-26,no usable strict ordinary-day match
director_appointment,long_call,21,60,JNJ,2025-09-10,no usable strict ordinary-day match
director_appointment,long_call,21,60,DUK,2025-09-15,unusable event quote or stock
director_appointment,long_call,21,60,TMUS,2025-09-25,no usable strict ordinary-day match
director_appointment,long_call,21,60,KO,2025-10-17,no usable strict ordinary-day match
director_appointment,long_call,21,60,HON,2025-11-04,unusable event quote or stock
director_appointment,long_call,21,60,XOM,2025-11-04,no usable strict ordinary-day match
director_appointment,long_call,21,60,LLY,2025-11-24,unusable event quote or stock
director_appointment,long_call,21,60,UNH,2025-11-24,unusable event quote or stock
director_appointment,long_call,21,60,HON,2025-12-11,unusable event quote or stock
director_appointment,covered_call,21,60,SBUX,2024-01-10,no usable strict ordinary-day match
director_appointment,covered_call,21,60,MDLZ,2024-02-05,unusable event quote or stock
director_appointment,covered_call,21,60,GILD,2024-02-05,no usable strict ordinary-day match
director_appointment,covered_call,21,60,CL,2024-02-16,unusable event quote or stock
director_appointment,covered_call,21,60,TXN,2024-02-21,no usable strict ordinary-day match
director_appointment,covered_call,21,60,MET,2024-02-29,no usable strict ordinary-day match
director_appointment,covered_call,21,60,LIN,2024-02-29,unusable event quote or stock
director_appointment,covered_call,21,60,COF,2024-03-01,no usable strict ordinary-day match
director_appointment,covered_call,21,60,T,2024-03-04,unusable event quote or stock
director_appointment,covered_call,21,60,INTC,2024-03-14,no usable strict ordinary-day match
director_appointment,covered_call,21,60,AMT,2024-03-15,unusable event quote or stock
director_appointment,covered_call,21,60,ISRG,2024-05-01,unusable event quote or stock
director_appointment,covered_call,21,60,INTU,2024-05-03,unusable event quote or stock
director_appointment,covered_call,21,60,EMR,2024-05-09,no usable strict ordinary-day match
director_appointment,covered_call,21,60,LMT,2024-05-23,no usable strict ordinary-day match
director_appointment,covered_call,21,60,CVS,2024-05-23,unusable event quote or stock
director_appointment,covered_call,21,60,AMT,2024-05-28,no usable strict ordinary-day match
director_appointment,covered_call,21,60,CSCO,2024-06-17,unusable event quote or stock
director_appointment,covered_call,21,60,BMY,2024-06-20,no usable strict ordinary-day match
director_appointment,covered_call,21,60,GS,2024-06-25,no usable strict ordinary-day match
director_appointment,covered_call,21,60,PFE,2024-07-02,unusable event quote or stock
director_appointment,covered_call,21,60,USB,2024-07-17,unusable event quote or stock
director_appointment,covered_call,21,60,INTU,2024-07-26,no usable strict ordinary-day match
director_appointment,covered_call,21,60,COP,2024-09-04,no usable strict ordinary-day match
director_appointment,covered_call,21,60,QCOM,2024-10-10,no usable strict ordinary-day match
director_appointment,covered_call,21,60,PFE,2024-10-16,no usable strict ordinary-day match
director_appointment,covered_call,21,60,KO,2024-10-18,unusable event quote or stock
director_appointment,covered_call,21,60,JPM,2024-10-18,no usable strict ordinary-day match
director_appointment,covered_call,21,60,CVS,2024-10-21,no usable strict ordinary-day match
director_appointment,covered_call,21,60,DE,2024-11-04,no usable strict ordinary-day match
director_appointment,covered_call,21,60,BA,2024-11-19,no usable strict ordinary-day match
director_appointment,covered_call,21,60,CVS,2024-11-19,no usable strict ordinary-day match
director_appointment,covered_call,21,60,BLK,2024-11-20,no usable strict ordinary-day match
director_appointment,covered_call,21,60,LLY,2024-11-20,no usable strict ordinary-day match
director_appointment,covered_call,21,60,ACN,2024-12-03,unusable event quote or stock
director_appointment,covered_call,21,60,INTC,2024-12-06,no usable strict ordinary-day match
director_appointment,covered_call,21,60,META,2025-01-07,no usable strict ordinary-day match
director_appointment,covered_call,21,60,BAC,2025-01-30,no usable strict ordinary-day match
director_appointment,covered_call,21,60,MO,2025-01-31,no usable strict ordinary-day match
director_appointment,covered_call,21,60,C,2025-02-04,no usable strict ordinary-day match
director_appointment,covered_call,21,60,AMT,2025-02-06,unusable event quote or stock
director_appointment,covered_call,21,60,TMO,2025-02-20,no usable strict ordinary-day match
director_appointment,covered_call,21,60,DHR,2025-02-21,no usable strict ordinary-day match
director_appointment,covered_call,21,60,GS,2025-02-27,no usable strict ordinary-day match
director_appointment,covered_call,21,60,MET,2025-02-28,unusable event quote or stock
director_appointment,covered_call,21,60,AXP,2025-03-04,unusable event quote or stock
director_appointment,covered_call,21,60,PYPL,2025-03-11,no usable strict ordinary-day match
director_appointment,covered_call,21,60,MS,2025-04-02,no usable strict ordinary-day match
director_appointment,covered_call,21,60,HON,2025-04-02,unusable event quote or stock
director_appointment,covered_call,21,60,BK,2025-04-17,no usable strict ordinary-day match
director_appointment,covered_call,21,60,ABBV,2025-05-14,no usable strict ordinary-day match
director_appointment,covered_call,21,60,CSCO,2025-05-14,no usable strict ordinary-day match
director_appointment,covered_call,21,60,QCOM,2025-05-14,no usable strict ordinary-day match
director_appointment,covered_call,21,60,UPS,2025-06-03,unusable event quote or stock
director_appointment,covered_call,21,60,PG,2025-06-10,no usable strict ordinary-day match
director_appointment,covered_call,21,60,JNJ,2025-06-11,no usable strict ordinary-day match
director_appointment,covered_call,21,60,MS,2025-06-17,no usable strict ordinary-day match
director_appointment,covered_call,21,60,C,2025-06-20,no usable strict ordinary-day match
director_appointment,covered_call,21,60,MDT,2025-06-24,unusable event quote or stock
director_appointment,covered_call,21,60,PYPL,2025-06-25,no usable strict ordinary-day match
director_appointment,covered_call,21,60,NFLX,2025-06-25,no usable strict ordinary-day match
director_appointment,covered_call,21,60,AXP,2025-07-24,unusable event quote or stock
director_appointment,covered_call,21,60,MDT,2025-08-20,no usable strict ordinary-day match
director_appointment,covered_call,21,60,T,2025-08-20,unusable event quote or stock
director_appointment,covered_call,21,60,AMT,2025-08-26,unusable event quote or stock
director_appointment,covered_call,21,60,JNJ,2025-09-10,no usable strict ordinary-day match
director_appointment,covered_call,21,60,DUK,2025-09-15,unusable event quote or stock
director_appointment,covered_call,21,60,TMUS,2025-09-25,no usable strict ordinary-day match
director_appointment,covered_call,21,60,KO,2025-10-17,no usable strict ordinary-day match
director_appointment,covered_call,21,60,HON,2025-11-04,unusable event quote or stock
director_appointment,covered_call,21,60,XOM,2025-11-04,no usable strict ordinary-day match
director_appointment,covered_call,21,60,LLY,2025-11-24,unusable event quote or stock
director_appointment,covered_call,21,60,UNH,2025-11-24,unusable event quote or stock
director_appointment,covered_call,21,60,HON,2025-12-11,unusable event quote or stock
director_appointment,covered_call,21,60,UNP,2025-12-15,unusable event quote or stock
director_appointment,protective_put,21,60,SBUX,2024-01-10,unusable event quote or stock
director_appointment,protective_put,21,60,MDLZ,2024-02-05,no usable strict ordinary-day match
director_appointment,protective_put,21,60,GILD,2024-02-05,no usable strict ordinary-day match
director_appointment,protective_put,21,60,CL,2024-02-16,unusable event quote or stock
director_appointment,protective_put,21,60,TXN,2024-02-21,unusable event quote or stock
director_appointment,protective_put,21,60,MET,2024-02-29,no usable strict ordinary-day match
director_appointment,protective_put,21,60,LIN,2024-02-29,unusable event quote or stock
director_appointment,protective_put,21,60,COF,2024-03-01,unusable event quote or stock
director_appointment,protective_put,21,60,T,2024-03-04,unusable event quote or stock
director_appointment,protective_put,21,60,INTC,2024-03-14,no usable strict ordinary-day match
director_appointment,protective_put,21,60,AMT,2024-03-15,unusable event quote or stock
director_appointment,protective_put,21,60,ISRG,2024-05-01,unusable event quote or stock
director_appointment,protective_put,21,60,INTU,2024-05-03,unusable event quote or stock
director_appointment,protective_put,21,60,EMR,2024-05-09,no usable strict ordinary-day match
director_appointment,protective_put,21,60,LMT,2024-05-23,no usable strict ordinary-day match
director_appointment,protective_put,21,60,AMT,2024-05-28,no usable strict ordinary-day match
director_appointment,protective_put,21,60,BMY,2024-06-20,no usable strict ordinary-day match
director_appointment,protective_put,21,60,GS,2024-06-25,no usable strict ordinary-day match
director_appointment,protective_put,21,60,PFE,2024-07-02,unusable event quote or stock
director_appointment,protective_put,21,60,USB,2024-07-17,no usable strict ordinary-day match
director_appointment,protective_put,21,60,INTU,2024-07-26,no usable strict ordinary-day match
director_appointment,protective_put,21,60,COP,2024-09-04,no usable strict ordinary-day match
director_appointment,protective_put,21,60,QCOM,2024-10-10,no usable strict ordinary-day match
director_appointment,protective_put,21,60,PFE,2024-10-16,no usable strict ordinary-day match
director_appointment,protective_put,21,60,KO,2024-10-18,no usable strict ordinary-day match
director_appointment,protective_put,21,60,JPM,2024-10-18,no usable strict ordinary-day match
director_appointment,protective_put,21,60,CVS,2024-10-21,no usable strict ordinary-day match
director_appointment,protective_put,21,60,DE,2024-11-04,no usable strict ordinary-day match
director_appointment,protective_put,21,60,BA,2024-11-19,no usable strict ordinary-day match
director_appointment,protective_put,21,60,CVS,2024-11-19,no usable strict ordinary-day match
director_appointment,protective_put,21,60,BLK,2024-11-20,no usable strict ordinary-day match
director_appointment,protective_put,21,60,LLY,2024-11-20,no usable strict ordinary-day match
director_appointment,protective_put,21,60,ACN,2024-12-03,unusable event quote or stock
director_appointment,protective_put,21,60,INTC,2024-12-06,no usable strict ordinary-day match
director_appointment,protective_put,21,60,META,2025-01-07,no usable strict ordinary-day match
director_appointment,protective_put,21,60,BAC,2025-01-30,no usable strict ordinary-day match
director_appointment,protective_put,21,60,MO,2025-01-31,no usable strict ordinary-day match
director_appointment,protective_put,21,60,C,2025-02-04,no usable strict ordinary-day match
director_appointment,protective_put,21,60,AMT,2025-02-06,unusable event quote or stock
director_appointment,protective_put,21,60,TMO,2025-02-20,no usable strict ordinary-day match
director_appointment,protective_put,21,60,DHR,2025-02-21,no usable strict ordinary-day match
director_appointment,protective_put,21,60,GS,2025-02-27,no usable strict ordinary-day match
director_appointment,protective_put,21,60,MET,2025-02-28,unusable event quote or stock
director_appointment,protective_put,21,60,AXP,2025-03-04,no usable strict ordinary-day match
director_appointment,protective_put,21,60,PYPL,2025-03-11,no usable strict ordinary-day match
director_appointment,protective_put,21,60,MS,2025-04-02,no usable strict ordinary-day match
director_appointment,protective_put,21,60,HON,2025-04-02,unusable event quote or stock
director_appointment,protective_put,21,60,BK,2025-04-17,no usable strict ordinary-day match
director_appointment,protective_put,21,60,ABBV,2025-05-14,no usable strict ordinary-day match
director_appointment,protective_put,21,60,CSCO,2025-05-14,no usable strict ordinary-day match
director_appointment,protective_put,21,60,QCOM,2025-05-14,no usable strict ordinary-day match
director_appointment,protective_put,21,60,UPS,2025-06-03,unusable event quote or stock
director_appointment,protective_put,21,60,PG,2025-06-10,no usable strict ordinary-day match
director_appointment,protective_put,21,60,JNJ,2025-06-11,no usable strict ordinary-day match
director_appointment,protective_put,21,60,MS,2025-06-17,unusable event quote or stock
director_appointment,protective_put,21,60,C,2025-06-20,no usable strict ordinary-day match
director_appointment,protective_put,21,60,MDT,2025-06-24,unusable event quote or stock
director_appointment,protective_put,21,60,PYPL,2025-06-25,no usable strict ordinary-day match
director_appointment,protective_put,21,60,NFLX,2025-06-25,no usable strict ordinary-day match
director_appointment,protective_put,21,60,AXP,2025-07-24,unusable event quote or stock
director_appointment,protective_put,21,60,MDT,2025-08-20,no usable strict ordinary-day match
director_appointment,protective_put,21,60,AMT,2025-08-26,no usable strict ordinary-day match
director_appointment,protective_put,21,60,JNJ,2025-09-10,no usable strict ordinary-day match
director_appointment,protective_put,21,60,DUK,2025-09-15,unusable event quote or stock
director_appointment,protective_put,21,60,TMUS,2025-09-25,no usable strict ordinary-day match
director_appointment,protective_put,21,60,KO,2025-10-17,no usable strict ordinary-day match
director_appointment,protective_put,21,60,HON,2025-11-04,no usable strict ordinary-day match
director_appointment,protective_put,21,60,XOM,2025-11-04,no usable strict ordinary-day match
director_appointment,protective_put,21,60,LLY,2025-11-24,unusable event quote or stock
director_appointment,protective_put,21,60,UNH,2025-11-24,unusable event quote or stock
director_appointment,protective_put,21,60,HON,2025-12-11,unusable event quote or stock
director_appointment,collar,21,60,SBUX,2024-01-10,unusable event quote or stock
director_appointment,collar,21,60,MDLZ,2024-02-05,unusable event quote or stock
director_appointment,collar,21,60,GILD,2024-02-05,no usable strict ordinary-day match
director_appointment,collar,21,60,CL,2024-02-16,unusable event quote or stock
director_appointment,collar,21,60,TXN,2024-02-21,unusable event quote or stock
director_appointment,collar,21,60,MET,2024-02-29,no usable strict ordinary-day match
director_appointment,collar,21,60,LIN,2024-02-29,unusable event quote or stock
director_appointment,collar,21,60,COF,2024-03-01,unusable event quote or stock
director_appointment,collar,21,60,T,2024-03-04,unusable event quote or stock
director_appointment,collar,21,60,INTC,2024-03-14,no usable strict ordinary-day match
director_appointment,collar,21,60,AMT,2024-03-15,unusable event quote or stock
director_appointment,collar,21,60,ISRG,2024-05-01,unusable event quote or stock
director_appointment,collar,21,60,INTU,2024-05-03,unusable event quote or stock
director_appointment,collar,21,60,EMR,2024-05-09,no usable strict ordinary-day match
director_appointment,collar,21,60,LMT,2024-05-23,no usable strict ordinary-day match
director_appointment,collar,21,60,CVS,2024-05-23,unusable event quote or stock
director_appointment,collar,21,60,AMT,2024-05-28,no usable strict ordinary-day match
director_appointment,collar,21,60,CSCO,2024-06-17,unusable event quote or stock
director_appointment,collar,21,60,BMY,2024-06-20,no usable strict ordinary-day match
director_appointment,collar,21,60,GS,2024-06-25,no usable strict ordinary-day match
director_appointment,collar,21,60,PFE,2024-07-02,unusable event quote or stock
director_appointment,collar,21,60,USB,2024-07-17,unusable event quote or stock
director_appointment,collar,21,60,INTU,2024-07-26,no usable strict ordinary-day match
director_appointment,collar,21,60,COP,2024-09-04,no usable strict ordinary-day match
director_appointment,collar,21,60,QCOM,2024-10-10,no usable strict ordinary-day match
director_appointment,collar,21,60,PFE,2024-10-16,no usable strict ordinary-day match
director_appointment,collar,21,60,KO,2024-10-18,unusable event quote or stock
director_appointment,collar,21,60,JPM,2024-10-18,no usable strict ordinary-day match
director_appointment,collar,21,60,CVS,2024-10-21,no usable strict ordinary-day match
director_appointment,collar,21,60,DE,2024-11-04,no usable strict ordinary-day match
director_appointment,collar,21,60,BA,2024-11-19,no usable strict ordinary-day match
director_appointment,collar,21,60,CVS,2024-11-19,no usable strict ordinary-day match
director_appointment,collar,21,60,BLK,2024-11-20,no usable strict ordinary-day match
director_appointment,collar,21,60,LLY,2024-11-20,no usable strict ordinary-day match
director_appointment,collar,21,60,ACN,2024-12-03,unusable event quote or stock
director_appointment,collar,21,60,INTC,2024-12-06,no usable strict ordinary-day match
director_appointment,collar,21,60,META,2025-01-07,no usable strict ordinary-day match
director_appointment,collar,21,60,BAC,2025-01-30,no usable strict ordinary-day match
director_appointment,collar,21,60,MO,2025-01-31,no usable strict ordinary-day match
director_appointment,collar,21,60,C,2025-02-04,no usable strict ordinary-day match
director_appointment,collar,21,60,AMT,2025-02-06,unusable event quote or stock
director_appointment,collar,21,60,TMO,2025-02-20,no usable strict ordinary-day match
director_appointment,collar,21,60,DHR,2025-02-21,no usable strict ordinary-day match
director_appointment,collar,21,60,GS,2025-02-27,no usable strict ordinary-day match
director_appointment,collar,21,60,MET,2025-02-28,unusable event quote or stock
director_appointment,collar,21,60,AXP,2025-03-04,unusable event quote or stock
director_appointment,collar,21,60,PYPL,2025-03-11,no usable strict ordinary-day match
director_appointment,collar,21,60,MS,2025-04-02,no usable strict ordinary-day match
director_appointment,collar,21,60,HON,2025-04-02,unusable event quote or stock
director_appointment,collar,21,60,BK,2025-04-17,no usable strict ordinary-day match
director_appointment,collar,21,60,ABBV,2025-05-14,no usable strict ordinary-day match
director_appointment,collar,21,60,CSCO,2025-05-14,no usable strict ordinary-day match
director_appointment,collar,21,60,QCOM,2025-05-14,no usable strict ordinary-day match
director_appointment,collar,21,60,UPS,2025-06-03,unusable event quote or stock
director_appointment,collar,21,60,PG,2025-06-10,no usable strict ordinary-day match
director_appointment,collar,21,60,JNJ,2025-06-11,no usable strict ordinary-day match
director_appointment,collar,21,60,MS,2025-06-17,unusable event quote or stock
director_appointment,collar,21,60,C,2025-06-20,no usable strict ordinary-day match
director_appointment,collar,21,60,MDT,2025-06-24,unusable event quote or stock
director_appointment,collar,21,60,PYPL,2025-06-25,no usable strict ordinary-day match
director_appointment,collar,21,60,NFLX,2025-06-25,no usable strict ordinary-day match
director_appointment,collar,21,60,AXP,2025-07-24,unusable event quote or stock
director_appointment,collar,21,60,MDT,2025-08-20,no usable strict ordinary-day match
director_appointment,collar,21,60,T,2025-08-20,unusable event quote or stock
director_appointment,collar,21,60,AMT,2025-08-26,unusable event quote or stock
director_appointment,collar,21,60,JNJ,2025-09-10,no usable strict ordinary-day match
director_appointment,collar,21,60,DUK,2025-09-15,unusable event quote or stock
director_appointment,collar,21,60,TMUS,2025-09-25,no usable strict ordinary-day match
director_appointment,collar,21,60,KO,2025-10-17,no usable strict ordinary-day match
director_appointment,collar,21,60,HON,2025-11-04,unusable event quote or stock
director_appointment,collar,21,60,XOM,2025-11-04,no usable strict ordinary-day match
director_appointment,collar,21,60,LLY,2025-11-24,unusable event quote or stock
director_appointment,collar,21,60,UNH,2025-11-24,unusable event quote or stock
director_appointment,collar,21,60,HON,2025-12-11,unusable event quote or stock
director_appointment,collar,21,60,UNP,2025-12-15,unusable event quote or stock
director_appointment,cash_secured_put,21,60,SBUX,2024-01-10,unusable event quote or stock
director_appointment,cash_secured_put,21,60,MDLZ,2024-02-05,no usable strict ordinary-day match
director_appointment,cash_secured_put,21,60,GILD,2024-02-05,no usable strict ordinary-day match
director_appointment,cash_secured_put,21,60,CL,2024-02-16,unusable event quote or stock
director_appointment,cash_secured_put,21,60,TXN,2024-02-21,unusable event quote or stock
director_appointment,cash_secured_put,21,60,MET,2024-02-29,no usable strict ordinary-day match
director_appointment,cash_secured_put,21,60,LIN,2024-02-29,unusable event quote or stock
director_appointment,cash_secured_put,21,60,COF,2024-03-01,unusable event quote or stock
director_appointment,cash_secured_put,21,60,T,2024-03-04,unusable event quote or stock
director_appointment,cash_secured_put,21,60,INTC,2024-03-14,no usable strict ordinary-day match
director_appointment,cash_secured_put,21,60,AMT,2024-03-15,unusable event quote or stock
director_appointment,cash_secured_put,21,60,ISRG,2024-05-01,unusable event quote or stock
director_appointment,cash_secured_put,21,60,INTU,2024-05-03,unusable event quote or stock
director_appointment,cash_secured_put,21,60,EMR,2024-05-09,no usable strict ordinary-day match
director_appointment,cash_secured_put,21,60,LMT,2024-05-23,no usable strict ordinary-day match
director_appointment,cash_secured_put,21,60,AMT,2024-05-28,no usable strict ordinary-day match
director_appointment,cash_secured_put,21,60,BMY,2024-06-20,no usable strict ordinary-day match
director_appointment,cash_secured_put,21,60,GS,2024-06-25,no usable strict ordinary-day match
director_appointment,cash_secured_put,21,60,PFE,2024-07-02,unusable event quote or stock
director_appointment,cash_secured_put,21,60,USB,2024-07-17,no usable strict ordinary-day match
director_appointment,cash_secured_put,21,60,INTU,2024-07-26,no usable strict ordinary-day match
director_appointment,cash_secured_put,21,60,COP,2024-09-04,no usable strict ordinary-day match
director_appointment,cash_secured_put,21,60,QCOM,2024-10-10,no usable strict ordinary-day match
director_appointment,cash_secured_put,21,60,PFE,2024-10-16,no usable strict ordinary-day match
director_appointment,cash_secured_put,21,60,KO,2024-10-18,no usable strict ordinary-day match
director_appointment,cash_secured_put,21,60,JPM,2024-10-18,no usable strict ordinary-day match
director_appointment,cash_secured_put,21,60,CVS,2024-10-21,no usable strict ordinary-day match
director_appointment,cash_secured_put,21,60,DE,2024-11-04,no usable strict ordinary-day match
director_appointment,cash_secured_put,21,60,BA,2024-11-19,no usable strict ordinary-day match
director_appointment,cash_secured_put,21,60,CVS,2024-11-19,no usable strict ordinary-day match
director_appointment,cash_secured_put,21,60,BLK,2024-11-20,no usable strict ordinary-day match
director_appointment,cash_secured_put,21,60,LLY,2024-11-20,no usable strict ordinary-day match
director_appointment,cash_secured_put,21,60,ACN,2024-12-03,unusable event quote or stock
director_appointment,cash_secured_put,21,60,INTC,2024-12-06,no usable strict ordinary-day match
director_appointment,cash_secured_put,21,60,META,2025-01-07,no usable strict ordinary-day match
director_appointment,cash_secured_put,21,60,BAC,2025-01-30,no usable strict ordinary-day match
director_appointment,cash_secured_put,21,60,MO,2025-01-31,no usable strict ordinary-day match
director_appointment,cash_secured_put,21,60,C,2025-02-04,no usable strict ordinary-day match
director_appointment,cash_secured_put,21,60,AMT,2025-02-06,unusable event quote or stock
director_appointment,cash_secured_put,21,60,TMO,2025-02-20,no usable strict ordinary-day match
director_appointment,cash_secured_put,21,60,DHR,2025-02-21,no usable strict ordinary-day match
director_appointment,cash_secured_put,21,60,GS,2025-02-27,no usable strict ordinary-day match
director_appointment,cash_secured_put,21,60,MET,2025-02-28,unusable event quote or stock
director_appointment,cash_secured_put,21,60,AXP,2025-03-04,no usable strict ordinary-day match
director_appointment,cash_secured_put,21,60,PYPL,2025-03-11,no usable strict ordinary-day match
director_appointment,cash_secured_put,21,60,MS,2025-04-02,no usable strict ordinary-day match
director_appointment,cash_secured_put,21,60,HON,2025-04-02,unusable event quote or stock
director_appointment,cash_secured_put,21,60,BK,2025-04-17,no usable strict ordinary-day match
director_appointment,cash_secured_put,21,60,ABBV,2025-05-14,no usable strict ordinary-day match
director_appointment,cash_secured_put,21,60,CSCO,2025-05-14,no usable strict ordinary-day match
director_appointment,cash_secured_put,21,60,QCOM,2025-05-14,no usable strict ordinary-day match
director_appointment,cash_secured_put,21,60,UPS,2025-06-03,unusable event quote or stock
director_appointment,cash_secured_put,21,60,PG,2025-06-10,no usable strict ordinary-day match
director_appointment,cash_secured_put,21,60,JNJ,2025-06-11,no usable strict ordinary-day match
director_appointment,cash_secured_put,21,60,MS,2025-06-17,unusable event quote or stock
director_appointment,cash_secured_put,21,60,C,2025-06-20,no usable strict ordinary-day match
director_appointment,cash_secured_put,21,60,MDT,2025-06-24,unusable event quote or stock
director_appointment,cash_secured_put,21,60,PYPL,2025-06-25,no usable strict ordinary-day match
director_appointment,cash_secured_put,21,60,NFLX,2025-06-25,no usable strict ordinary-day match
director_appointment,cash_secured_put,21,60,AXP,2025-07-24,unusable event quote or stock
director_appointment,cash_secured_put,21,60,MDT,2025-08-20,no usable strict ordinary-day match
director_appointment,cash_secured_put,21,60,AMT,2025-08-26,no usable strict ordinary-day match
director_appointment,cash_secured_put,21,60,JNJ,2025-09-10,no usable strict ordinary-day match
director_appointment,cash_secured_put,21,60,DUK,2025-09-15,unusable event quote or stock
director_appointment,cash_secured_put,21,60,TMUS,2025-09-25,no usable strict ordinary-day match
director_appointment,cash_secured_put,21,60,KO,2025-10-17,no usable strict ordinary-day match
director_appointment,cash_secured_put,21,60,HON,2025-11-04,no usable strict ordinary-day match
director_appointment,cash_secured_put,21,60,XOM,2025-11-04,no usable strict ordinary-day match
director_appointment,cash_secured_put,21,60,LLY,2025-11-24,unusable event quote or stock
director_appointment,cash_secured_put,21,60,UNH,2025-11-24,unusable event quote or stock
director_appointment,cash_secured_put,21,60,HON,2025-12-11,unusable event quote or stock
director_appointment,long_call,21,300,SBUX,2024-01-10,no usable strict ordinary-day match
director_appointment,long_call,21,300,MDLZ,2024-02-05,no usable strict ordinary-day match
director_appointment,long_call,21,300,GILD,2024-02-05,no usable strict ordinary-day match
director_appointment,long_call,21,300,CL,2024-02-16,unusable event quote or stock
director_appointment,long_call,21,300,TXN,2024-02-21,no usable strict ordinary-day match
director_appointment,long_call,21,300,MET,2024-02-29,no usable strict ordinary-day match
director_appointment,long_call,21,300,LIN,2024-02-29,unusable event quote or stock
director_appointment,long_call,21,300,COF,2024-03-01,no usable strict ordinary-day match
director_appointment,long_call,21,300,T,2024-03-04,no usable strict ordinary-day match
director_appointment,long_call,21,300,INTC,2024-03-14,no usable strict ordinary-day match
director_appointment,long_call,21,300,AMT,2024-03-15,unusable event quote or stock
director_appointment,long_call,21,300,ISRG,2024-05-01,unusable event quote or stock
director_appointment,long_call,21,300,INTU,2024-05-03,unusable event quote or stock
director_appointment,long_call,21,300,EMR,2024-05-09,no usable strict ordinary-day match
director_appointment,long_call,21,300,LMT,2024-05-23,no usable strict ordinary-day match
director_appointment,long_call,21,300,AMT,2024-05-28,no usable strict ordinary-day match
director_appointment,long_call,21,300,BMY,2024-06-20,no usable strict ordinary-day match
director_appointment,long_call,21,300,GS,2024-06-25,no usable strict ordinary-day match
director_appointment,long_call,21,300,USB,2024-07-17,no usable strict ordinary-day match
director_appointment,long_call,21,300,INTU,2024-07-26,no usable strict ordinary-day match
director_appointment,long_call,21,300,COP,2024-09-04,no usable strict ordinary-day match
director_appointment,long_call,21,300,QCOM,2024-10-10,no usable strict ordinary-day match
director_appointment,long_call,21,300,PFE,2024-10-16,no usable strict ordinary-day match
director_appointment,long_call,21,300,KO,2024-10-18,no usable strict ordinary-day match
director_appointment,long_call,21,300,JPM,2024-10-18,no usable strict ordinary-day match
director_appointment,long_call,21,300,CVS,2024-10-21,no usable strict ordinary-day match
director_appointment,long_call,21,300,DE,2024-11-04,no usable strict ordinary-day match
director_appointment,long_call,21,300,BA,2024-11-19,no usable strict ordinary-day match
director_appointment,long_call,21,300,CVS,2024-11-19,no usable strict ordinary-day match
director_appointment,long_call,21,300,BLK,2024-11-20,no usable strict ordinary-day match
director_appointment,long_call,21,300,LLY,2024-11-20,no usable strict ordinary-day match
director_appointment,long_call,21,300,ACN,2024-12-03,unusable event quote or stock
director_appointment,long_call,21,300,INTC,2024-12-06,no usable strict ordinary-day match
director_appointment,long_call,21,300,META,2025-01-07,no usable strict ordinary-day match
director_appointment,long_call,21,300,BAC,2025-01-30,no usable strict ordinary-day match
director_appointment,long_call,21,300,MO,2025-01-31,no usable strict ordinary-day match
director_appointment,long_call,21,300,C,2025-02-04,no usable strict ordinary-day match
director_appointment,long_call,21,300,AMT,2025-02-06,unusable event quote or stock
director_appointment,long_call,21,300,TMO,2025-02-20,no usable strict ordinary-day match
director_appointment,long_call,21,300,DHR,2025-02-21,no usable strict ordinary-day match
director_appointment,long_call,21,300,GS,2025-02-27,no usable strict ordinary-day match
director_appointment,long_call,21,300,MET,2025-02-28,no usable strict ordinary-day match
director_appointment,long_call,21,300,AXP,2025-03-04,no usable strict ordinary-day match
director_appointment,long_call,21,300,PYPL,2025-03-11,no usable strict ordinary-day match
director_appointment,long_call,21,300,MS,2025-04-02,no usable strict ordinary-day match
director_appointment,long_call,21,300,HON,2025-04-02,no usable strict ordinary-day match
director_appointment,long_call,21,300,BK,2025-04-17,no usable strict ordinary-day match
director_appointment,long_call,21,300,ABBV,2025-05-14,no usable strict ordinary-day match
director_appointment,long_call,21,300,CSCO,2025-05-14,no usable strict ordinary-day match
director_appointment,long_call,21,300,QCOM,2025-05-14,no usable strict ordinary-day match
director_appointment,long_call,21,300,UPS,2025-06-03,unusable event quote or stock
director_appointment,long_call,21,300,PG,2025-06-10,no usable strict ordinary-day match
director_appointment,long_call,21,300,JNJ,2025-06-11,no usable strict ordinary-day match
director_appointment,long_call,21,300,MS,2025-06-17,no usable strict ordinary-day match
director_appointment,long_call,21,300,C,2025-06-20,no usable strict ordinary-day match
director_appointment,long_call,21,300,MDT,2025-06-24,no usable strict ordinary-day match
director_appointment,long_call,21,300,PYPL,2025-06-25,no usable strict ordinary-day match
director_appointment,long_call,21,300,NFLX,2025-06-25,no usable strict ordinary-day match
director_appointment,long_call,21,300,AXP,2025-07-24,unusable event quote or stock
director_appointment,long_call,21,300,MDT,2025-08-20,no usable strict ordinary-day match
director_appointment,long_call,21,300,AMT,2025-08-26,no usable strict ordinary-day match
director_appointment,long_call,21,300,JNJ,2025-09-10,no usable strict ordinary-day match
director_appointment,long_call,21,300,TMUS,2025-09-25,no usable strict ordinary-day match
director_appointment,long_call,21,300,KO,2025-10-17,no usable strict ordinary-day match
director_appointment,long_call,21,300,HON,2025-11-04,no usable strict ordinary-day match
director_appointment,long_call,21,300,XOM,2025-11-04,no usable strict ordinary-day match
director_appointment,long_call,21,300,LLY,2025-11-24,unusable event quote or stock
director_appointment,long_call,21,300,UNH,2025-11-24,unusable event quote or stock
director_appointment,long_call,21,300,HON,2025-12-11,unusable event quote or stock
director_appointment,covered_call,21,300,SBUX,2024-01-10,no usable strict ordinary-day match
director_appointment,covered_call,21,300,MDLZ,2024-02-05,no usable strict ordinary-day match
director_appointment,covered_call,21,300,GILD,2024-02-05,no usable strict ordinary-day match
director_appointment,covered_call,21,300,CL,2024-02-16,unusable event quote or stock
director_appointment,covered_call,21,300,TXN,2024-02-21,no usable strict ordinary-day match
director_appointment,covered_call,21,300,MET,2024-02-29,no usable strict ordinary-day match
director_appointment,covered_call,21,300,LIN,2024-02-29,unusable event quote or stock
director_appointment,covered_call,21,300,COF,2024-03-01,no usable strict ordinary-day match
director_appointment,covered_call,21,300,T,2024-03-04,no usable strict ordinary-day match
director_appointment,covered_call,21,300,INTC,2024-03-14,no usable strict ordinary-day match
director_appointment,covered_call,21,300,AMT,2024-03-15,unusable event quote or stock
director_appointment,covered_call,21,300,ISRG,2024-05-01,unusable event quote or stock
director_appointment,covered_call,21,300,INTU,2024-05-03,unusable event quote or stock
director_appointment,covered_call,21,300,EMR,2024-05-09,no usable strict ordinary-day match
director_appointment,covered_call,21,300,LMT,2024-05-23,no usable strict ordinary-day match
director_appointment,covered_call,21,300,AMT,2024-05-28,no usable strict ordinary-day match
director_appointment,covered_call,21,300,BMY,2024-06-20,no usable strict ordinary-day match
director_appointment,covered_call,21,300,GS,2024-06-25,no usable strict ordinary-day match
director_appointment,covered_call,21,300,USB,2024-07-17,no usable strict ordinary-day match
director_appointment,covered_call,21,300,INTU,2024-07-26,no usable strict ordinary-day match
director_appointment,covered_call,21,300,COP,2024-09-04,no usable strict ordinary-day match
director_appointment,covered_call,21,300,QCOM,2024-10-10,no usable strict ordinary-day match
director_appointment,covered_call,21,300,PFE,2024-10-16,no usable strict ordinary-day match
director_appointment,covered_call,21,300,KO,2024-10-18,no usable strict ordinary-day match
director_appointment,covered_call,21,300,JPM,2024-10-18,no usable strict ordinary-day match
director_appointment,covered_call,21,300,CVS,2024-10-21,no usable strict ordinary-day match
director_appointment,covered_call,21,300,DE,2024-11-04,no usable strict ordinary-day match
director_appointment,covered_call,21,300,BA,2024-11-19,no usable strict ordinary-day match
director_appointment,covered_call,21,300,CVS,2024-11-19,no usable strict ordinary-day match
director_appointment,covered_call,21,300,BLK,2024-11-20,no usable strict ordinary-day match
director_appointment,covered_call,21,300,LLY,2024-11-20,no usable strict ordinary-day match
director_appointment,covered_call,21,300,ACN,2024-12-03,unusable event quote or stock
director_appointment,covered_call,21,300,INTC,2024-12-06,no usable strict ordinary-day match
director_appointment,covered_call,21,300,META,2025-01-07,no usable strict ordinary-day match
director_appointment,covered_call,21,300,BAC,2025-01-30,no usable strict ordinary-day match
director_appointment,covered_call,21,300,MO,2025-01-31,no usable strict ordinary-day match
director_appointment,covered_call,21,300,C,2025-02-04,no usable strict ordinary-day match
director_appointment,covered_call,21,300,AMT,2025-02-06,unusable event quote or stock
director_appointment,covered_call,21,300,TMO,2025-02-20,no usable strict ordinary-day match
director_appointment,covered_call,21,300,DHR,2025-02-21,no usable strict ordinary-day match
director_appointment,covered_call,21,300,GS,2025-02-27,no usable strict ordinary-day match
director_appointment,covered_call,21,300,MET,2025-02-28,no usable strict ordinary-day match
director_appointment,covered_call,21,300,AXP,2025-03-04,no usable strict ordinary-day match
director_appointment,covered_call,21,300,PYPL,2025-03-11,no usable strict ordinary-day match
director_appointment,covered_call,21,300,MS,2025-04-02,no usable strict ordinary-day match
director_appointment,covered_call,21,300,HON,2025-04-02,no usable strict ordinary-day match
director_appointment,covered_call,21,300,BK,2025-04-17,no usable strict ordinary-day match
director_appointment,covered_call,21,300,ABBV,2025-05-14,no usable strict ordinary-day match
director_appointment,covered_call,21,300,CSCO,2025-05-14,no usable strict ordinary-day match
director_appointment,covered_call,21,300,QCOM,2025-05-14,no usable strict ordinary-day match
director_appointment,covered_call,21,300,UPS,2025-06-03,unusable event quote or stock
director_appointment,covered_call,21,300,PG,2025-06-10,no usable strict ordinary-day match
director_appointment,covered_call,21,300,JNJ,2025-06-11,no usable strict ordinary-day match
director_appointment,covered_call,21,300,MS,2025-06-17,no usable strict ordinary-day match
director_appointment,covered_call,21,300,C,2025-06-20,no usable strict ordinary-day match
director_appointment,covered_call,21,300,MDT,2025-06-24,no usable strict ordinary-day match
director_appointment,covered_call,21,300,PYPL,2025-06-25,no usable strict ordinary-day match
director_appointment,covered_call,21,300,NFLX,2025-06-25,no usable strict ordinary-day match
director_appointment,covered_call,21,300,AXP,2025-07-24,unusable event quote or stock
director_appointment,covered_call,21,300,MDT,2025-08-20,no usable strict ordinary-day match
director_appointment,covered_call,21,300,AMT,2025-08-26,no usable strict ordinary-day match
director_appointment,covered_call,21,300,JNJ,2025-09-10,no usable strict ordinary-day match
director_appointment,covered_call,21,300,TMUS,2025-09-25,no usable strict ordinary-day match
director_appointment,covered_call,21,300,KO,2025-10-17,no usable strict ordinary-day match
director_appointment,covered_call,21,300,HON,2025-11-04,unusable event quote or stock
director_appointment,covered_call,21,300,XOM,2025-11-04,no usable strict ordinary-day match
director_appointment,covered_call,21,300,LLY,2025-11-24,unusable event quote or stock
director_appointment,covered_call,21,300,UNH,2025-11-24,unusable event quote or stock
director_appointment,covered_call,21,300,HON,2025-12-11,unusable event quote or stock
director_appointment,covered_call,21,300,UNP,2025-12-15,unusable event quote or stock
director_appointment,protective_put,21,300,SBUX,2024-01-10,no usable strict ordinary-day match
director_appointment,protective_put,21,300,MDLZ,2024-02-05,no usable strict ordinary-day match
director_appointment,protective_put,21,300,GILD,2024-02-05,no usable strict ordinary-day match
director_appointment,protective_put,21,300,CL,2024-02-16,unusable event quote or stock
director_appointment,protective_put,21,300,TXN,2024-02-21,no usable strict ordinary-day match
director_appointment,protective_put,21,300,MET,2024-02-29,no usable strict ordinary-day match
director_appointment,protective_put,21,300,LIN,2024-02-29,unusable event quote or stock
director_appointment,protective_put,21,300,COF,2024-03-01,unusable event quote or stock
director_appointment,protective_put,21,300,T,2024-03-04,unusable event quote or stock
director_appointment,protective_put,21,300,INTC,2024-03-14,no usable strict ordinary-day match
director_appointment,protective_put,21,300,AMT,2024-03-15,unusable event quote or stock
director_appointment,protective_put,21,300,ISRG,2024-05-01,unusable event quote or stock
director_appointment,protective_put,21,300,INTU,2024-05-03,unusable event quote or stock
director_appointment,protective_put,21,300,EMR,2024-05-09,no usable strict ordinary-day match
director_appointment,protective_put,21,300,LMT,2024-05-23,no usable strict ordinary-day match
director_appointment,protective_put,21,300,AMT,2024-05-28,no usable strict ordinary-day match
director_appointment,protective_put,21,300,BMY,2024-06-20,no usable strict ordinary-day match
director_appointment,protective_put,21,300,GS,2024-06-25,no usable strict ordinary-day match
director_appointment,protective_put,21,300,USB,2024-07-17,no usable strict ordinary-day match
director_appointment,protective_put,21,300,INTU,2024-07-26,no usable strict ordinary-day match
director_appointment,protective_put,21,300,COP,2024-09-04,no usable strict ordinary-day match
director_appointment,protective_put,21,300,QCOM,2024-10-10,no usable strict ordinary-day match
director_appointment,protective_put,21,300,PFE,2024-10-16,no usable strict ordinary-day match
director_appointment,protective_put,21,300,KO,2024-10-18,no usable strict ordinary-day match
director_appointment,protective_put,21,300,JPM,2024-10-18,no usable strict ordinary-day match
director_appointment,protective_put,21,300,CVS,2024-10-21,no usable strict ordinary-day match
director_appointment,protective_put,21,300,DE,2024-11-04,no usable strict ordinary-day match
director_appointment,protective_put,21,300,BA,2024-11-19,no usable strict ordinary-day match
director_appointment,protective_put,21,300,CVS,2024-11-19,no usable strict ordinary-day match
director_appointment,protective_put,21,300,BLK,2024-11-20,no usable strict ordinary-day match
director_appointment,protective_put,21,300,LLY,2024-11-20,no usable strict ordinary-day match
director_appointment,protective_put,21,300,ACN,2024-12-03,unusable event quote or stock
director_appointment,protective_put,21,300,INTC,2024-12-06,no usable strict ordinary-day match
director_appointment,protective_put,21,300,META,2025-01-07,no usable strict ordinary-day match
director_appointment,protective_put,21,300,BAC,2025-01-30,no usable strict ordinary-day match
director_appointment,protective_put,21,300,MO,2025-01-31,no usable strict ordinary-day match
director_appointment,protective_put,21,300,C,2025-02-04,no usable strict ordinary-day match
director_appointment,protective_put,21,300,AMT,2025-02-06,unusable event quote or stock
director_appointment,protective_put,21,300,TMO,2025-02-20,no usable strict ordinary-day match
director_appointment,protective_put,21,300,DHR,2025-02-21,no usable strict ordinary-day match
director_appointment,protective_put,21,300,GS,2025-02-27,no usable strict ordinary-day match
director_appointment,protective_put,21,300,MET,2025-02-28,no usable strict ordinary-day match
director_appointment,protective_put,21,300,AXP,2025-03-04,no usable strict ordinary-day match
director_appointment,protective_put,21,300,PYPL,2025-03-11,no usable strict ordinary-day match
director_appointment,protective_put,21,300,MS,2025-04-02,no usable strict ordinary-day match
director_appointment,protective_put,21,300,HON,2025-04-02,no usable strict ordinary-day match
director_appointment,protective_put,21,300,BK,2025-04-17,no usable strict ordinary-day match
director_appointment,protective_put,21,300,ABBV,2025-05-14,no usable strict ordinary-day match
director_appointment,protective_put,21,300,CSCO,2025-05-14,no usable strict ordinary-day match
director_appointment,protective_put,21,300,QCOM,2025-05-14,no usable strict ordinary-day match
director_appointment,protective_put,21,300,UPS,2025-06-03,unusable event quote or stock
director_appointment,protective_put,21,300,PG,2025-06-10,no usable strict ordinary-day match
director_appointment,protective_put,21,300,JNJ,2025-06-11,no usable strict ordinary-day match
director_appointment,protective_put,21,300,MS,2025-06-17,no usable strict ordinary-day match
director_appointment,protective_put,21,300,C,2025-06-20,no usable strict ordinary-day match
director_appointment,protective_put,21,300,MDT,2025-06-24,no usable strict ordinary-day match
director_appointment,protective_put,21,300,PYPL,2025-06-25,no usable strict ordinary-day match
director_appointment,protective_put,21,300,NFLX,2025-06-25,no usable strict ordinary-day match
director_appointment,protective_put,21,300,AXP,2025-07-24,unusable event quote or stock
director_appointment,protective_put,21,300,MDT,2025-08-20,no usable strict ordinary-day match
director_appointment,protective_put,21,300,AMT,2025-08-26,no usable strict ordinary-day match
director_appointment,protective_put,21,300,JNJ,2025-09-10,no usable strict ordinary-day match
director_appointment,protective_put,21,300,TMUS,2025-09-25,no usable strict ordinary-day match
director_appointment,protective_put,21,300,KO,2025-10-17,no usable strict ordinary-day match
director_appointment,protective_put,21,300,HON,2025-11-04,no usable strict ordinary-day match
director_appointment,protective_put,21,300,XOM,2025-11-04,no usable strict ordinary-day match
director_appointment,protective_put,21,300,LLY,2025-11-24,unusable event quote or stock
director_appointment,protective_put,21,300,UNH,2025-11-24,unusable event quote or stock
director_appointment,protective_put,21,300,HON,2025-12-11,unusable event quote or stock
director_appointment,collar,21,300,SBUX,2024-01-10,no usable strict ordinary-day match
director_appointment,collar,21,300,MDLZ,2024-02-05,no usable strict ordinary-day match
director_appointment,collar,21,300,GILD,2024-02-05,no usable strict ordinary-day match
director_appointment,collar,21,300,CL,2024-02-16,unusable event quote or stock
director_appointment,collar,21,300,TXN,2024-02-21,no usable strict ordinary-day match
director_appointment,collar,21,300,MET,2024-02-29,no usable strict ordinary-day match
director_appointment,collar,21,300,LIN,2024-02-29,unusable event quote or stock
director_appointment,collar,21,300,COF,2024-03-01,unusable event quote or stock
director_appointment,collar,21,300,T,2024-03-04,unusable event quote or stock
director_appointment,collar,21,300,INTC,2024-03-14,no usable strict ordinary-day match
director_appointment,collar,21,300,AMT,2024-03-15,unusable event quote or stock
director_appointment,collar,21,300,ISRG,2024-05-01,unusable event quote or stock
director_appointment,collar,21,300,INTU,2024-05-03,unusable event quote or stock
director_appointment,collar,21,300,EMR,2024-05-09,no usable strict ordinary-day match
director_appointment,collar,21,300,LMT,2024-05-23,no usable strict ordinary-day match
director_appointment,collar,21,300,AMT,2024-05-28,no usable strict ordinary-day match
director_appointment,collar,21,300,BMY,2024-06-20,no usable strict ordinary-day match
director_appointment,collar,21,300,GS,2024-06-25,no usable strict ordinary-day match
director_appointment,collar,21,300,USB,2024-07-17,no usable strict ordinary-day match
director_appointment,collar,21,300,INTU,2024-07-26,no usable strict ordinary-day match
director_appointment,collar,21,300,COP,2024-09-04,no usable strict ordinary-day match
director_appointment,collar,21,300,QCOM,2024-10-10,no usable strict ordinary-day match
director_appointment,collar,21,300,PFE,2024-10-16,no usable strict ordinary-day match
director_appointment,collar,21,300,KO,2024-10-18,no usable strict ordinary-day match
director_appointment,collar,21,300,JPM,2024-10-18,no usable strict ordinary-day match
director_appointment,collar,21,300,CVS,2024-10-21,no usable strict ordinary-day match
director_appointment,collar,21,300,DE,2024-11-04,no usable strict ordinary-day match
director_appointment,collar,21,300,BA,2024-11-19,no usable strict ordinary-day match
director_appointment,collar,21,300,CVS,2024-11-19,no usable strict ordinary-day match
director_appointment,collar,21,300,BLK,2024-11-20,no usable strict ordinary-day match
director_appointment,collar,21,300,LLY,2024-11-20,no usable strict ordinary-day match
director_appointment,collar,21,300,ACN,2024-12-03,unusable event quote or stock
director_appointment,collar,21,300,INTC,2024-12-06,no usable strict ordinary-day match
director_appointment,collar,21,300,META,2025-01-07,no usable strict ordinary-day match
director_appointment,collar,21,300,BAC,2025-01-30,no usable strict ordinary-day match
director_appointment,collar,21,300,MO,2025-01-31,no usable strict ordinary-day match
director_appointment,collar,21,300,C,2025-02-04,no usable strict ordinary-day match
director_appointment,collar,21,300,AMT,2025-02-06,unusable event quote or stock
director_appointment,collar,21,300,TMO,2025-02-20,no usable strict ordinary-day match
director_appointment,collar,21,300,DHR,2025-02-21,no usable strict ordinary-day match
director_appointment,collar,21,300,GS,2025-02-27,no usable strict ordinary-day match
director_appointment,collar,21,300,MET,2025-02-28,no usable strict ordinary-day match
director_appointment,collar,21,300,AXP,2025-03-04,no usable strict ordinary-day match
director_appointment,collar,21,300,PYPL,2025-03-11,no usable strict ordinary-day match
director_appointment,collar,21,300,MS,2025-04-02,no usable strict ordinary-day match
director_appointment,collar,21,300,HON,2025-04-02,no usable strict ordinary-day match
director_appointment,collar,21,300,BK,2025-04-17,no usable strict ordinary-day match
director_appointment,collar,21,300,ABBV,2025-05-14,no usable strict ordinary-day match
director_appointment,collar,21,300,CSCO,2025-05-14,no usable strict ordinary-day match
director_appointment,collar,21,300,QCOM,2025-05-14,no usable strict ordinary-day match
director_appointment,collar,21,300,UPS,2025-06-03,unusable event quote or stock
director_appointment,collar,21,300,PG,2025-06-10,no usable strict ordinary-day match
director_appointment,collar,21,300,JNJ,2025-06-11,no usable strict ordinary-day match
director_appointment,collar,21,300,MS,2025-06-17,no usable strict ordinary-day match
director_appointment,collar,21,300,C,2025-06-20,no usable strict ordinary-day match
director_appointment,collar,21,300,MDT,2025-06-24,no usable strict ordinary-day match
director_appointment,collar,21,300,PYPL,2025-06-25,no usable strict ordinary-day match
director_appointment,collar,21,300,NFLX,2025-06-25,no usable strict ordinary-day match
director_appointment,collar,21,300,AXP,2025-07-24,unusable event quote or stock
director_appointment,collar,21,300,MDT,2025-08-20,no usable strict ordinary-day match
director_appointment,collar,21,300,AMT,2025-08-26,no usable strict ordinary-day match
director_appointment,collar,21,300,JNJ,2025-09-10,no usable strict ordinary-day match
director_appointment,collar,21,300,TMUS,2025-09-25,no usable strict ordinary-day match
director_appointment,collar,21,300,KO,2025-10-17,no usable strict ordinary-day match
director_appointment,collar,21,300,HON,2025-11-04,unusable event quote or stock
director_appointment,collar,21,300,XOM,2025-11-04,no usable strict ordinary-day match
director_appointment,collar,21,300,LLY,2025-11-24,unusable event quote or stock
director_appointment,collar,21,300,UNH,2025-11-24,unusable event quote or stock
director_appointment,collar,21,300,HON,2025-12-11,unusable event quote or stock
director_appointment,collar,21,300,UNP,2025-12-15,unusable event quote or stock
director_appointment,cash_secured_put,21,300,SBUX,2024-01-10,no usable strict ordinary-day match
director_appointment,cash_secured_put,21,300,MDLZ,2024-02-05,no usable strict ordinary-day match
director_appointment,cash_secured_put,21,300,GILD,2024-02-05,no usable strict ordinary-day match
director_appointment,cash_secured_put,21,300,CL,2024-02-16,unusable event quote or stock
director_appointment,cash_secured_put,21,300,TXN,2024-02-21,no usable strict ordinary-day match
director_appointment,cash_secured_put,21,300,MET,2024-02-29,no usable strict ordinary-day match
director_appointment,cash_secured_put,21,300,LIN,2024-02-29,unusable event quote or stock
director_appointment,cash_secured_put,21,300,COF,2024-03-01,unusable event quote or stock
director_appointment,cash_secured_put,21,300,T,2024-03-04,unusable event quote or stock
director_appointment,cash_secured_put,21,300,INTC,2024-03-14,no usable strict ordinary-day match
director_appointment,cash_secured_put,21,300,AMT,2024-03-15,unusable event quote or stock
director_appointment,cash_secured_put,21,300,ISRG,2024-05-01,unusable event quote or stock
director_appointment,cash_secured_put,21,300,INTU,2024-05-03,unusable event quote or stock
director_appointment,cash_secured_put,21,300,EMR,2024-05-09,no usable strict ordinary-day match
director_appointment,cash_secured_put,21,300,LMT,2024-05-23,no usable strict ordinary-day match
director_appointment,cash_secured_put,21,300,AMT,2024-05-28,no usable strict ordinary-day match
director_appointment,cash_secured_put,21,300,BMY,2024-06-20,no usable strict ordinary-day match
director_appointment,cash_secured_put,21,300,GS,2024-06-25,no usable strict ordinary-day match
director_appointment,cash_secured_put,21,300,USB,2024-07-17,no usable strict ordinary-day match
director_appointment,cash_secured_put,21,300,INTU,2024-07-26,no usable strict ordinary-day match
director_appointment,cash_secured_put,21,300,COP,2024-09-04,no usable strict ordinary-day match
director_appointment,cash_secured_put,21,300,QCOM,2024-10-10,no usable strict ordinary-day match
director_appointment,cash_secured_put,21,300,PFE,2024-10-16,no usable strict ordinary-day match
director_appointment,cash_secured_put,21,300,KO,2024-10-18,no usable strict ordinary-day match
director_appointment,cash_secured_put,21,300,JPM,2024-10-18,no usable strict ordinary-day match
director_appointment,cash_secured_put,21,300,CVS,2024-10-21,no usable strict ordinary-day match
director_appointment,cash_secured_put,21,300,DE,2024-11-04,no usable strict ordinary-day match
director_appointment,cash_secured_put,21,300,BA,2024-11-19,no usable strict ordinary-day match
director_appointment,cash_secured_put,21,300,CVS,2024-11-19,no usable strict ordinary-day match
director_appointment,cash_secured_put,21,300,BLK,2024-11-20,no usable strict ordinary-day match
director_appointment,cash_secured_put,21,300,LLY,2024-11-20,no usable strict ordinary-day match
director_appointment,cash_secured_put,21,300,ACN,2024-12-03,unusable event quote or stock
director_appointment,cash_secured_put,21,300,INTC,2024-12-06,no usable strict ordinary-day match
director_appointment,cash_secured_put,21,300,META,2025-01-07,no usable strict ordinary-day match
director_appointment,cash_secured_put,21,300,BAC,2025-01-30,no usable strict ordinary-day match
director_appointment,cash_secured_put,21,300,MO,2025-01-31,no usable strict ordinary-day match
director_appointment,cash_secured_put,21,300,C,2025-02-04,no usable strict ordinary-day match
director_appointment,cash_secured_put,21,300,AMT,2025-02-06,unusable event quote or stock
director_appointment,cash_secured_put,21,300,TMO,2025-02-20,no usable strict ordinary-day match
director_appointment,cash_secured_put,21,300,DHR,2025-02-21,no usable strict ordinary-day match
director_appointment,cash_secured_put,21,300,GS,2025-02-27,no usable strict ordinary-day match
director_appointment,cash_secured_put,21,300,MET,2025-02-28,no usable strict ordinary-day match
director_appointment,cash_secured_put,21,300,AXP,2025-03-04,no usable strict ordinary-day match
director_appointment,cash_secured_put,21,300,PYPL,2025-03-11,no usable strict ordinary-day match
director_appointment,cash_secured_put,21,300,MS,2025-04-02,no usable strict ordinary-day match
director_appointment,cash_secured_put,21,300,HON,2025-04-02,no usable strict ordinary-day match
director_appointment,cash_secured_put,21,300,BK,2025-04-17,no usable strict ordinary-day match
director_appointment,cash_secured_put,21,300,ABBV,2025-05-14,no usable strict ordinary-day match
director_appointment,cash_secured_put,21,300,CSCO,2025-05-14,no usable strict ordinary-day match
director_appointment,cash_secured_put,21,300,QCOM,2025-05-14,no usable strict ordinary-day match
director_appointment,cash_secured_put,21,300,UPS,2025-06-03,unusable event quote or stock
director_appointment,cash_secured_put,21,300,PG,2025-06-10,no usable strict ordinary-day match
director_appointment,cash_secured_put,21,300,JNJ,2025-06-11,no usable strict ordinary-day match
director_appointment,cash_secured_put,21,300,MS,2025-06-17,no usable strict ordinary-day match
director_appointment,cash_secured_put,21,300,C,2025-06-20,no usable strict ordinary-day match
director_appointment,cash_secured_put,21,300,MDT,2025-06-24,no usable strict ordinary-day match
director_appointment,cash_secured_put,21,300,PYPL,2025-06-25,no usable strict ordinary-day match
director_appointment,cash_secured_put,21,300,NFLX,2025-06-25,no usable strict ordinary-day match
director_appointment,cash_secured_put,21,300,AXP,2025-07-24,unusable event quote or stock
director_appointment,cash_secured_put,21,300,MDT,2025-08-20,no usable strict ordinary-day match
director_appointment,cash_secured_put,21,300,AMT,2025-08-26,no usable strict ordinary-day match
director_appointment,cash_secured_put,21,300,JNJ,2025-09-10,no usable strict ordinary-day match
director_appointment,cash_secured_put,21,300,TMUS,2025-09-25,no usable strict ordinary-day match
director_appointment,cash_secured_put,21,300,KO,2025-10-17,no usable strict ordinary-day match
director_appointment,cash_secured_put,21,300,HON,2025-11-04,no usable strict ordinary-day match
director_appointment,cash_secured_put,21,300,XOM,2025-11-04,no usable strict ordinary-day match
director_appointment,cash_secured_put,21,300,LLY,2025-11-24,unusable event quote or stock
director_appointment,cash_secured_put,21,300,UNH,2025-11-24,unusable event quote or stock
director_appointment,cash_secured_put,21,300,HON,2025-12-11,unusable event quote or stock
director_departure,long_call,21,60,GS,2024-01-22,no usable strict ordinary-day match
director_departure,long_call,21,60,VZ,2024-01-25,no usable strict ordinary-day match
director_departure,long_call,21,60,HON,2024-02-02,no usable strict ordinary-day match
director_departure,long_call,21,60,DHR,2024-02-15,unusable event quote or stock
director_departure,long_call,21,60,CL,2024-02-16,unusable event quote or stock
director_departure,long_call,21,60,MRK,2024-02-21,no usable strict ordinary-day match
director_departure,long_call,21,60,MO,2024-02-27,no usable strict ordinary-day match
director_departure,long_call,21,60,GS,2024-03-11,no usable strict ordinary-day match
director_departure,long_call,21,60,AMT,2024-03-15,unusable event quote or stock
director_departure,long_call,21,60,GILD,2024-03-15,unusable event quote or stock
director_departure,long_call,21,60,BLK,2024-04-01,unusable event quote or stock
director_departure,long_call,21,60,PYPL,2024-04-01,no usable strict ordinary-day match
director_departure,long_call,21,60,CAT,2024-04-04,no usable strict ordinary-day match
director_departure,long_call,21,60,JPM,2024-04-09,no usable strict ordinary-day match
director_departure,long_call,21,60,LIN,2024-05-01,no usable strict ordinary-day match
director_departure,long_call,21,60,ISRG,2024-05-01,unusable event quote or stock
director_departure,long_call,21,60,JPM,2024-05-24,no usable strict ordinary-day match
director_departure,long_call,21,60,MS,2024-05-28,no usable strict ordinary-day match
director_departure,long_call,21,60,SBUX,2024-06-03,unusable event quote or stock
director_departure,long_call,21,60,NKE,2024-06-06,unusable event quote or stock
director_departure,long_call,21,60,AIG,2024-06-11,unusable event quote or stock
director_departure,long_call,21,60,COP,2024-07-03,unusable event quote or stock
director_departure,long_call,21,60,KO,2024-07-24,no usable strict ordinary-day match
director_departure,long_call,21,60,PYPL,2024-07-26,unusable event quote or stock
director_departure,long_call,21,60,LLY,2024-08-19,no usable strict ordinary-day match
director_departure,long_call,21,60,JNJ,2024-09-11,no usable strict ordinary-day match
director_departure,long_call,21,60,CSCO,2024-10-14,no usable strict ordinary-day match
director_departure,long_call,21,60,CVS,2024-10-21,unusable event quote or stock
director_departure,long_call,21,60,DIS,2024-10-22,no usable strict ordinary-day match
director_departure,long_call,21,60,LMT,2024-11-14,no usable strict ordinary-day match
director_departure,long_call,21,60,LLY,2024-11-20,no usable strict ordinary-day match
director_departure,long_call,21,60,INTC,2024-12-04,no usable strict ordinary-day match
director_departure,long_call,21,60,DHR,2024-12-12,no usable strict ordinary-day match
director_departure,long_call,21,60,KO,2024-12-17,no usable strict ordinary-day match
director_departure,long_call,21,60,MS,2024-12-23,no usable strict ordinary-day match
director_departure,long_call,21,60,DUK,2025-01-14,no usable strict ordinary-day match
director_departure,long_call,21,60,SBUX,2025-01-17,unusable event quote or stock
director_departure,long_call,21,60,MCD,2025-01-21,no usable strict ordinary-day match
director_departure,long_call,21,60,USB,2025-02-03,no usable strict ordinary-day match
director_departure,long_call,21,60,T,2025-02-06,no usable strict ordinary-day match
director_departure,long_call,21,60,VZ,2025-02-11,no usable strict ordinary-day match
director_departure,long_call,21,60,MMM,2025-02-11,unusable event quote or stock
director_departure,long_call,21,60,SCHW,2025-02-13,no usable strict ordinary-day match
director_departure,long_call,21,60,ABBV,2025-02-18,no usable strict ordinary-day match
director_departure,long_call,21,60,HON,2025-02-19,unusable event quote or stock
director_departure,long_call,21,60,TMUS,2025-02-24,no usable strict ordinary-day match
director_departure,long_call,21,60,EMR,2025-03-13,no usable strict ordinary-day match
director_departure,long_call,21,60,AMT,2025-03-21,no usable strict ordinary-day match
director_departure,long_call,21,60,USB,2025-03-26,no usable strict ordinary-day match
director_departure,long_call,21,60,MET,2025-03-31,no usable strict ordinary-day match
director_departure,long_call,21,60,SCHW,2025-04-02,no usable strict ordinary-day match
director_departure,long_call,21,60,PYPL,2025-04-08,no usable strict ordinary-day match
director_departure,long_call,21,60,CAT,2025-04-10,no usable strict ordinary-day match
director_departure,long_call,21,60,NFLX,2025-04-21,no usable strict ordinary-day match
director_departure,long_call,21,60,BKNG,2025-04-23,no usable strict ordinary-day match
director_departure,long_call,21,60,JNJ,2025-05-01,no usable strict ordinary-day match
director_departure,long_call,21,60,FDX,2025-05-13,no usable strict ordinary-day match
director_departure,long_call,21,60,ABBV,2025-05-14,no usable strict ordinary-day match
director_departure,long_call,21,60,UNH,2025-05-22,no usable strict ordinary-day match
director_departure,long_call,21,60,NFLX,2025-06-09,no usable strict ordinary-day match
director_departure,long_call,21,60,NKE,2025-06-20,no usable strict ordinary-day match
director_departure,long_call,21,60,FDX,2025-06-24,no usable strict ordinary-day match
director_departure,long_call,21,60,MMM,2025-08-18,unusable event quote or stock
director_departure,long_call,21,60,TMUS,2025-08-26,no usable strict ordinary-day match
director_departure,long_call,21,60,LIN,2025-09-30,unusable event quote or stock
director_departure,long_call,21,60,MO,2025-10-10,no usable strict ordinary-day match
director_departure,long_call,21,60,PEP,2025-10-10,no usable strict ordinary-day match
director_departure,long_call,21,60,HON,2025-10-17,unusable event quote or stock
director_departure,long_call,21,60,CSCO,2025-10-20,no usable strict ordinary-day match
director_departure,long_call,21,60,JPM,2025-12-09,no usable strict ordinary-day match
director_departure,long_call,21,60,MO,2025-12-12,no usable strict ordinary-day match
director_departure,long_call,21,60,CHTR,2025-12-15,unusable event quote or stock
director_departure,long_call,21,60,META,2025-12-22,no usable strict ordinary-day match
director_departure,covered_call,21,60,GS,2024-01-22,no usable strict ordinary-day match
director_departure,covered_call,21,60,VZ,2024-01-25,unusable event quote or stock
director_departure,covered_call,21,60,HON,2024-02-02,no usable strict ordinary-day match
director_departure,covered_call,21,60,DHR,2024-02-15,unusable event quote or stock
director_departure,covered_call,21,60,CL,2024-02-16,unusable event quote or stock
director_departure,covered_call,21,60,MRK,2024-02-21,no usable strict ordinary-day match
director_departure,covered_call,21,60,MO,2024-02-27,unusable event quote or stock
director_departure,covered_call,21,60,GS,2024-03-11,no usable strict ordinary-day match
director_departure,covered_call,21,60,AMT,2024-03-15,unusable event quote or stock
director_departure,covered_call,21,60,GILD,2024-03-15,unusable event quote or stock
director_departure,covered_call,21,60,BMY,2024-03-19,unusable event quote or stock
director_departure,covered_call,21,60,MCD,2024-03-20,unusable event quote or stock
director_departure,covered_call,21,60,BLK,2024-04-01,unusable event quote or stock
director_departure,covered_call,21,60,PYPL,2024-04-01,no usable strict ordinary-day match
director_departure,covered_call,21,60,CAT,2024-04-04,no usable strict ordinary-day match
director_departure,covered_call,21,60,JPM,2024-04-09,no usable strict ordinary-day match
director_departure,covered_call,21,60,LIN,2024-05-01,no usable strict ordinary-day match
director_departure,covered_call,21,60,ISRG,2024-05-01,unusable event quote or stock
director_departure,covered_call,21,60,JPM,2024-05-24,no usable strict ordinary-day match
director_departure,covered_call,21,60,MS,2024-05-28,no usable strict ordinary-day match
director_departure,covered_call,21,60,SBUX,2024-06-03,unusable event quote or stock
director_departure,covered_call,21,60,AIG,2024-06-11,unusable event quote or stock
director_departure,covered_call,21,60,COP,2024-07-03,unusable event quote or stock
director_departure,covered_call,21,60,KO,2024-07-24,no usable strict ordinary-day match
director_departure,covered_call,21,60,LLY,2024-08-19,no usable strict ordinary-day match
director_departure,covered_call,21,60,JNJ,2024-09-11,no usable strict ordinary-day match
director_departure,covered_call,21,60,CSCO,2024-10-14,no usable strict ordinary-day match
director_departure,covered_call,21,60,CVS,2024-10-21,no usable strict ordinary-day match
director_departure,covered_call,21,60,DIS,2024-10-22,no usable strict ordinary-day match
director_departure,covered_call,21,60,LMT,2024-11-14,no usable strict ordinary-day match
director_departure,covered_call,21,60,LLY,2024-11-20,no usable strict ordinary-day match
director_departure,covered_call,21,60,INTC,2024-12-04,no usable strict ordinary-day match
director_departure,covered_call,21,60,DHR,2024-12-12,no usable strict ordinary-day match
director_departure,covered_call,21,60,KO,2024-12-17,no usable strict ordinary-day match
director_departure,covered_call,21,60,MS,2024-12-23,no usable strict ordinary-day match
director_departure,covered_call,21,60,DUK,2025-01-14,no usable strict ordinary-day match
director_departure,covered_call,21,60,SBUX,2025-01-17,no usable strict ordinary-day match
director_departure,covered_call,21,60,MCD,2025-01-21,no usable strict ordinary-day match
director_departure,covered_call,21,60,USB,2025-02-03,unusable event quote or stock
director_departure,covered_call,21,60,RTX,2025-02-04,no usable strict ordinary-day match
director_departure,covered_call,21,60,T,2025-02-06,no usable strict ordinary-day match
director_departure,covered_call,21,60,VZ,2025-02-11,no usable strict ordinary-day match
director_departure,covered_call,21,60,MMM,2025-02-11,unusable event quote or stock
director_departure,covered_call,21,60,SCHW,2025-02-13,no usable strict ordinary-day match
director_departure,covered_call,21,60,ABBV,2025-02-18,no usable strict ordinary-day match
director_departure,covered_call,21,60,HON,2025-02-19,no usable strict ordinary-day match
director_departure,covered_call,21,60,TMUS,2025-02-24,no usable strict ordinary-day match
director_departure,covered_call,21,60,EMR,2025-03-13,unusable event quote or stock
director_departure,covered_call,21,60,CMCSA,2025-03-20,unusable event quote or stock
director_departure,covered_call,21,60,AMT,2025-03-21,no usable strict ordinary-day match
director_departure,covered_call,21,60,USB,2025-03-26,no usable strict ordinary-day match
director_departure,covered_call,21,60,MET,2025-03-31,no usable strict ordinary-day match
director_departure,covered_call,21,60,SCHW,2025-04-02,no usable strict ordinary-day match
director_departure,covered_call,21,60,PYPL,2025-04-08,no usable strict ordinary-day match
director_departure,covered_call,21,60,CAT,2025-04-10,no usable strict ordinary-day match
director_departure,covered_call,21,60,NFLX,2025-04-21,no usable strict ordinary-day match
director_departure,covered_call,21,60,BKNG,2025-04-23,no usable strict ordinary-day match
director_departure,covered_call,21,60,JNJ,2025-05-01,no usable strict ordinary-day match
director_departure,covered_call,21,60,FDX,2025-05-13,no usable strict ordinary-day match
director_departure,covered_call,21,60,ABBV,2025-05-14,no usable strict ordinary-day match
director_departure,covered_call,21,60,UNH,2025-05-22,unusable event quote or stock
director_departure,covered_call,21,60,NFLX,2025-06-09,no usable strict ordinary-day match
director_departure,covered_call,21,60,NKE,2025-06-20,no usable strict ordinary-day match
director_departure,covered_call,21,60,FDX,2025-06-24,no usable strict ordinary-day match
director_departure,covered_call,21,60,MMM,2025-08-18,unusable event quote or stock
director_departure,covered_call,21,60,T,2025-08-20,unusable event quote or stock
director_departure,covered_call,21,60,TMUS,2025-08-26,no usable strict ordinary-day match
director_departure,covered_call,21,60,LIN,2025-09-30,unusable event quote or stock
director_departure,covered_call,21,60,MO,2025-10-10,unusable event quote or stock
director_departure,covered_call,21,60,PEP,2025-10-10,no usable strict ordinary-day match
director_departure,covered_call,21,60,HON,2025-10-17,unusable event quote or stock
director_departure,covered_call,21,60,CSCO,2025-10-20,unusable event quote or stock
director_departure,covered_call,21,60,JPM,2025-12-09,no usable strict ordinary-day match
director_departure,covered_call,21,60,MO,2025-12-12,no usable strict ordinary-day match
director_departure,covered_call,21,60,CHTR,2025-12-15,unusable event quote or stock
director_departure,covered_call,21,60,META,2025-12-22,no usable strict ordinary-day match
director_departure,protective_put,21,60,HD,2024-01-11,unusable event quote or stock
director_departure,protective_put,21,60,GS,2024-01-22,no usable strict ordinary-day match
director_departure,protective_put,21,60,VZ,2024-01-25,no usable strict ordinary-day match
director_departure,protective_put,21,60,HON,2024-02-02,no usable strict ordinary-day match
director_departure,protective_put,21,60,AIG,2024-02-02,unusable event quote or stock
director_departure,protective_put,21,60,DHR,2024-02-15,unusable event quote or stock
director_departure,protective_put,21,60,CL,2024-02-16,unusable event quote or stock
director_departure,protective_put,21,60,MRK,2024-02-21,no usable strict ordinary-day match
director_departure,protective_put,21,60,MO,2024-02-27,no usable strict ordinary-day match
director_departure,protective_put,21,60,GS,2024-03-11,no usable strict ordinary-day match
director_departure,protective_put,21,60,AMT,2024-03-15,unusable event quote or stock
director_departure,protective_put,21,60,GILD,2024-03-15,no usable strict ordinary-day match
director_departure,protective_put,21,60,BLK,2024-04-01,unusable event quote or stock
director_departure,protective_put,21,60,PYPL,2024-04-01,no usable strict ordinary-day match
director_departure,protective_put,21,60,CAT,2024-04-04,no usable strict ordinary-day match
director_departure,protective_put,21,60,JPM,2024-04-09,no usable strict ordinary-day match
director_departure,protective_put,21,60,LIN,2024-05-01,no usable strict ordinary-day match
director_departure,protective_put,21,60,ISRG,2024-05-01,unusable event quote or stock
director_departure,protective_put,21,60,JPM,2024-05-24,no usable strict ordinary-day match
director_departure,protective_put,21,60,MS,2024-05-28,no usable strict ordinary-day match
director_departure,protective_put,21,60,SBUX,2024-06-03,unusable event quote or stock
director_departure,protective_put,21,60,AIG,2024-06-11,no usable strict ordinary-day match
director_departure,protective_put,21,60,COP,2024-07-03,unusable event quote or stock
director_departure,protective_put,21,60,KO,2024-07-24,no usable strict ordinary-day match
director_departure,protective_put,21,60,LLY,2024-08-19,no usable strict ordinary-day match
director_departure,protective_put,21,60,JNJ,2024-09-11,no usable strict ordinary-day match
director_departure,protective_put,21,60,CSCO,2024-10-14,no usable strict ordinary-day match
director_departure,protective_put,21,60,CVS,2024-10-21,no usable strict ordinary-day match
director_departure,protective_put,21,60,DIS,2024-10-22,no usable strict ordinary-day match
director_departure,protective_put,21,60,LMT,2024-11-14,no usable strict ordinary-day match
director_departure,protective_put,21,60,LLY,2024-11-20,no usable strict ordinary-day match
director_departure,protective_put,21,60,INTC,2024-12-04,no usable strict ordinary-day match
director_departure,protective_put,21,60,DHR,2024-12-12,unusable event quote or stock
director_departure,protective_put,21,60,KO,2024-12-17,no usable strict ordinary-day match
director_departure,protective_put,21,60,MS,2024-12-23,no usable strict ordinary-day match
director_departure,protective_put,21,60,DUK,2025-01-14,no usable strict ordinary-day match
director_departure,protective_put,21,60,SBUX,2025-01-17,no usable strict ordinary-day match
director_departure,protective_put,21,60,MCD,2025-01-21,no usable strict ordinary-day match
director_departure,protective_put,21,60,USB,2025-02-03,no usable strict ordinary-day match
director_departure,protective_put,21,60,T,2025-02-06,no usable strict ordinary-day match
director_departure,protective_put,21,60,VZ,2025-02-11,no usable strict ordinary-day match
director_departure,protective_put,21,60,MMM,2025-02-11,unusable event quote or stock
director_departure,protective_put,21,60,SCHW,2025-02-13,no usable strict ordinary-day match
director_departure,protective_put,21,60,ABBV,2025-02-18,no usable strict ordinary-day match
director_departure,protective_put,21,60,HON,2025-02-19,unusable event quote or stock
director_departure,protective_put,21,60,TMUS,2025-02-24,no usable strict ordinary-day match
director_departure,protective_put,21,60,EMR,2025-03-13,unusable event quote or stock
director_departure,protective_put,21,60,AMT,2025-03-21,no usable strict ordinary-day match
director_departure,protective_put,21,60,USB,2025-03-26,no usable strict ordinary-day match
director_departure,protective_put,21,60,MET,2025-03-31,no usable strict ordinary-day match
director_departure,protective_put,21,60,SCHW,2025-04-02,no usable strict ordinary-day match
director_departure,protective_put,21,60,PYPL,2025-04-08,no usable strict ordinary-day match
director_departure,protective_put,21,60,CAT,2025-04-10,no usable strict ordinary-day match
director_departure,protective_put,21,60,NFLX,2025-04-21,no usable strict ordinary-day match
director_departure,protective_put,21,60,BKNG,2025-04-23,no usable strict ordinary-day match
director_departure,protective_put,21,60,JNJ,2025-05-01,no usable strict ordinary-day match
director_departure,protective_put,21,60,FDX,2025-05-13,unusable event quote or stock
director_departure,protective_put,21,60,ABBV,2025-05-14,no usable strict ordinary-day match
director_departure,protective_put,21,60,UNH,2025-05-22,no usable strict ordinary-day match
director_departure,protective_put,21,60,NFLX,2025-06-09,no usable strict ordinary-day match
director_departure,protective_put,21,60,NKE,2025-06-20,no usable strict ordinary-day match
director_departure,protective_put,21,60,FDX,2025-06-24,no usable strict ordinary-day match
director_departure,protective_put,21,60,MMM,2025-08-18,unusable event quote or stock
director_departure,protective_put,21,60,TMUS,2025-08-26,no usable strict ordinary-day match
director_departure,protective_put,21,60,LIN,2025-09-30,unusable event quote or stock
director_departure,protective_put,21,60,AIG,2025-10-06,unusable event quote or stock
director_departure,protective_put,21,60,MO,2025-10-10,unusable event quote or stock
director_departure,protective_put,21,60,PEP,2025-10-10,no usable strict ordinary-day match
director_departure,protective_put,21,60,HON,2025-10-17,unusable event quote or stock
director_departure,protective_put,21,60,CSCO,2025-10-20,no usable strict ordinary-day match
director_departure,protective_put,21,60,JPM,2025-12-09,no usable strict ordinary-day match
director_departure,protective_put,21,60,MO,2025-12-12,no usable strict ordinary-day match
director_departure,protective_put,21,60,CHTR,2025-12-15,no usable strict ordinary-day match
director_departure,protective_put,21,60,META,2025-12-22,no usable strict ordinary-day match
director_departure,collar,21,60,HD,2024-01-11,unusable event quote or stock
director_departure,collar,21,60,GS,2024-01-22,no usable strict ordinary-day match
director_departure,collar,21,60,VZ,2024-01-25,unusable event quote or stock
director_departure,collar,21,60,HON,2024-02-02,no usable strict ordinary-day match
director_departure,collar,21,60,AIG,2024-02-02,unusable event quote or stock
director_departure,collar,21,60,DHR,2024-02-15,unusable event quote or stock
director_departure,collar,21,60,CL,2024-02-16,unusable event quote or stock
director_departure,collar,21,60,MRK,2024-02-21,no usable strict ordinary-day match
director_departure,collar,21,60,MO,2024-02-27,unusable event quote or stock
director_departure,collar,21,60,GS,2024-03-11,no usable strict ordinary-day match
director_departure,collar,21,60,AMT,2024-03-15,unusable event quote or stock
director_departure,collar,21,60,GILD,2024-03-15,unusable event quote or stock
director_departure,collar,21,60,BMY,2024-03-19,unusable event quote or stock
director_departure,collar,21,60,MCD,2024-03-20,unusable event quote or stock
director_departure,collar,21,60,BLK,2024-04-01,unusable event quote or stock
director_departure,collar,21,60,PYPL,2024-04-01,no usable strict ordinary-day match
director_departure,collar,21,60,CAT,2024-04-04,no usable strict ordinary-day match
director_departure,collar,21,60,JPM,2024-04-09,no usable strict ordinary-day match
director_departure,collar,21,60,LIN,2024-05-01,no usable strict ordinary-day match
director_departure,collar,21,60,ISRG,2024-05-01,unusable event quote or stock
director_departure,collar,21,60,JPM,2024-05-24,no usable strict ordinary-day match
director_departure,collar,21,60,MS,2024-05-28,no usable strict ordinary-day match
director_departure,collar,21,60,SBUX,2024-06-03,unusable event quote or stock
director_departure,collar,21,60,AIG,2024-06-11,unusable event quote or stock
director_departure,collar,21,60,COP,2024-07-03,unusable event quote or stock
director_departure,collar,21,60,KO,2024-07-24,no usable strict ordinary-day match
director_departure,collar,21,60,LLY,2024-08-19,no usable strict ordinary-day match
director_departure,collar,21,60,JNJ,2024-09-11,no usable strict ordinary-day match
director_departure,collar,21,60,CSCO,2024-10-14,no usable strict ordinary-day match
director_departure,collar,21,60,CVS,2024-10-21,no usable strict ordinary-day match
director_departure,collar,21,60,DIS,2024-10-22,no usable strict ordinary-day match
director_departure,collar,21,60,LMT,2024-11-14,no usable strict ordinary-day match
director_departure,collar,21,60,LLY,2024-11-20,no usable strict ordinary-day match
director_departure,collar,21,60,INTC,2024-12-04,no usable strict ordinary-day match
director_departure,collar,21,60,DHR,2024-12-12,unusable event quote or stock
director_departure,collar,21,60,KO,2024-12-17,no usable strict ordinary-day match
director_departure,collar,21,60,MS,2024-12-23,no usable strict ordinary-day match
director_departure,collar,21,60,DUK,2025-01-14,no usable strict ordinary-day match
director_departure,collar,21,60,SBUX,2025-01-17,no usable strict ordinary-day match
director_departure,collar,21,60,MCD,2025-01-21,no usable strict ordinary-day match
director_departure,collar,21,60,USB,2025-02-03,unusable event quote or stock
director_departure,collar,21,60,RTX,2025-02-04,no usable strict ordinary-day match
director_departure,collar,21,60,T,2025-02-06,no usable strict ordinary-day match
director_departure,collar,21,60,VZ,2025-02-11,no usable strict ordinary-day match
director_departure,collar,21,60,MMM,2025-02-11,unusable event quote or stock
director_departure,collar,21,60,SCHW,2025-02-13,no usable strict ordinary-day match
director_departure,collar,21,60,ABBV,2025-02-18,no usable strict ordinary-day match
director_departure,collar,21,60,HON,2025-02-19,unusable event quote or stock
director_departure,collar,21,60,TMUS,2025-02-24,no usable strict ordinary-day match
director_departure,collar,21,60,EMR,2025-03-13,unusable event quote or stock
director_departure,collar,21,60,CMCSA,2025-03-20,unusable event quote or stock
director_departure,collar,21,60,AMT,2025-03-21,no usable strict ordinary-day match
director_departure,collar,21,60,USB,2025-03-26,no usable strict ordinary-day match
director_departure,collar,21,60,MET,2025-03-31,no usable strict ordinary-day match
director_departure,collar,21,60,SCHW,2025-04-02,no usable strict ordinary-day match
director_departure,collar,21,60,PYPL,2025-04-08,no usable strict ordinary-day match
director_departure,collar,21,60,CAT,2025-04-10,no usable strict ordinary-day match
director_departure,collar,21,60,NFLX,2025-04-21,no usable strict ordinary-day match
director_departure,collar,21,60,BKNG,2025-04-23,no usable strict ordinary-day match
director_departure,collar,21,60,JNJ,2025-05-01,no usable strict ordinary-day match
director_departure,collar,21,60,FDX,2025-05-13,unusable event quote or stock
director_departure,collar,21,60,ABBV,2025-05-14,no usable strict ordinary-day match
director_departure,collar,21,60,UNH,2025-05-22,unusable event quote or stock
director_departure,collar,21,60,NFLX,2025-06-09,no usable strict ordinary-day match
director_departure,collar,21,60,NKE,2025-06-20,no usable strict ordinary-day match
director_departure,collar,21,60,FDX,2025-06-24,no usable strict ordinary-day match
director_departure,collar,21,60,MMM,2025-08-18,unusable event quote or stock
director_departure,collar,21,60,T,2025-08-20,unusable event quote or stock
director_departure,collar,21,60,TMUS,2025-08-26,no usable strict ordinary-day match
director_departure,collar,21,60,LIN,2025-09-30,unusable event quote or stock
director_departure,collar,21,60,AIG,2025-10-06,unusable event quote or stock
director_departure,collar,21,60,MO,2025-10-10,unusable event quote or stock
director_departure,collar,21,60,PEP,2025-10-10,no usable strict ordinary-day match
director_departure,collar,21,60,HON,2025-10-17,unusable event quote or stock
director_departure,collar,21,60,CSCO,2025-10-20,unusable event quote or stock
director_departure,collar,21,60,JPM,2025-12-09,no usable strict ordinary-day match
director_departure,collar,21,60,MO,2025-12-12,no usable strict ordinary-day match
director_departure,collar,21,60,CHTR,2025-12-15,unusable event quote or stock
director_departure,collar,21,60,META,2025-12-22,no usable strict ordinary-day match
director_departure,cash_secured_put,21,60,HD,2024-01-11,unusable event quote or stock
director_departure,cash_secured_put,21,60,GS,2024-01-22,no usable strict ordinary-day match
director_departure,cash_secured_put,21,60,VZ,2024-01-25,no usable strict ordinary-day match
director_departure,cash_secured_put,21,60,HON,2024-02-02,no usable strict ordinary-day match
director_departure,cash_secured_put,21,60,AIG,2024-02-02,unusable event quote or stock
director_departure,cash_secured_put,21,60,DHR,2024-02-15,unusable event quote or stock
director_departure,cash_secured_put,21,60,CL,2024-02-16,unusable event quote or stock
director_departure,cash_secured_put,21,60,MRK,2024-02-21,no usable strict ordinary-day match
director_departure,cash_secured_put,21,60,MO,2024-02-27,no usable strict ordinary-day match
director_departure,cash_secured_put,21,60,GS,2024-03-11,no usable strict ordinary-day match
director_departure,cash_secured_put,21,60,AMT,2024-03-15,unusable event quote or stock
director_departure,cash_secured_put,21,60,GILD,2024-03-15,no usable strict ordinary-day match
director_departure,cash_secured_put,21,60,BLK,2024-04-01,unusable event quote or stock
director_departure,cash_secured_put,21,60,PYPL,2024-04-01,no usable strict ordinary-day match
director_departure,cash_secured_put,21,60,CAT,2024-04-04,no usable strict ordinary-day match
director_departure,cash_secured_put,21,60,JPM,2024-04-09,no usable strict ordinary-day match
director_departure,cash_secured_put,21,60,LIN,2024-05-01,no usable strict ordinary-day match
director_departure,cash_secured_put,21,60,ISRG,2024-05-01,unusable event quote or stock
director_departure,cash_secured_put,21,60,JPM,2024-05-24,no usable strict ordinary-day match
director_departure,cash_secured_put,21,60,MS,2024-05-28,no usable strict ordinary-day match
director_departure,cash_secured_put,21,60,SBUX,2024-06-03,unusable event quote or stock
director_departure,cash_secured_put,21,60,AIG,2024-06-11,no usable strict ordinary-day match
director_departure,cash_secured_put,21,60,COP,2024-07-03,unusable event quote or stock
director_departure,cash_secured_put,21,60,KO,2024-07-24,no usable strict ordinary-day match
director_departure,cash_secured_put,21,60,LLY,2024-08-19,no usable strict ordinary-day match
director_departure,cash_secured_put,21,60,JNJ,2024-09-11,no usable strict ordinary-day match
director_departure,cash_secured_put,21,60,CSCO,2024-10-14,no usable strict ordinary-day match
director_departure,cash_secured_put,21,60,CVS,2024-10-21,no usable strict ordinary-day match
director_departure,cash_secured_put,21,60,DIS,2024-10-22,no usable strict ordinary-day match
director_departure,cash_secured_put,21,60,LMT,2024-11-14,no usable strict ordinary-day match
director_departure,cash_secured_put,21,60,LLY,2024-11-20,no usable strict ordinary-day match
director_departure,cash_secured_put,21,60,INTC,2024-12-04,no usable strict ordinary-day match
director_departure,cash_secured_put,21,60,DHR,2024-12-12,unusable event quote or stock
director_departure,cash_secured_put,21,60,KO,2024-12-17,no usable strict ordinary-day match
director_departure,cash_secured_put,21,60,MS,2024-12-23,no usable strict ordinary-day match
director_departure,cash_secured_put,21,60,DUK,2025-01-14,no usable strict ordinary-day match
director_departure,cash_secured_put,21,60,SBUX,2025-01-17,no usable strict ordinary-day match
director_departure,cash_secured_put,21,60,MCD,2025-01-21,no usable strict ordinary-day match
director_departure,cash_secured_put,21,60,USB,2025-02-03,no usable strict ordinary-day match
director_departure,cash_secured_put,21,60,T,2025-02-06,no usable strict ordinary-day match
director_departure,cash_secured_put,21,60,VZ,2025-02-11,no usable strict ordinary-day match
director_departure,cash_secured_put,21,60,MMM,2025-02-11,unusable event quote or stock
director_departure,cash_secured_put,21,60,SCHW,2025-02-13,no usable strict ordinary-day match
director_departure,cash_secured_put,21,60,ABBV,2025-02-18,no usable strict ordinary-day match
director_departure,cash_secured_put,21,60,HON,2025-02-19,unusable event quote or stock
director_departure,cash_secured_put,21,60,TMUS,2025-02-24,no usable strict ordinary-day match
director_departure,cash_secured_put,21,60,EMR,2025-03-13,unusable event quote or stock
director_departure,cash_secured_put,21,60,AMT,2025-03-21,no usable strict ordinary-day match
director_departure,cash_secured_put,21,60,USB,2025-03-26,no usable strict ordinary-day match
director_departure,cash_secured_put,21,60,MET,2025-03-31,no usable strict ordinary-day match
director_departure,cash_secured_put,21,60,SCHW,2025-04-02,no usable strict ordinary-day match
director_departure,cash_secured_put,21,60,PYPL,2025-04-08,no usable strict ordinary-day match
director_departure,cash_secured_put,21,60,CAT,2025-04-10,no usable strict ordinary-day match
director_departure,cash_secured_put,21,60,NFLX,2025-04-21,no usable strict ordinary-day match
director_departure,cash_secured_put,21,60,BKNG,2025-04-23,no usable strict ordinary-day match
director_departure,cash_secured_put,21,60,JNJ,2025-05-01,no usable strict ordinary-day match
director_departure,cash_secured_put,21,60,FDX,2025-05-13,unusable event quote or stock
director_departure,cash_secured_put,21,60,ABBV,2025-05-14,no usable strict ordinary-day match
director_departure,cash_secured_put,21,60,UNH,2025-05-22,no usable strict ordinary-day match
director_departure,cash_secured_put,21,60,NFLX,2025-06-09,no usable strict ordinary-day match
director_departure,cash_secured_put,21,60,NKE,2025-06-20,no usable strict ordinary-day match
director_departure,cash_secured_put,21,60,FDX,2025-06-24,no usable strict ordinary-day match
director_departure,cash_secured_put,21,60,MMM,2025-08-18,unusable event quote or stock
director_departure,cash_secured_put,21,60,TMUS,2025-08-26,no usable strict ordinary-day match
director_departure,cash_secured_put,21,60,LIN,2025-09-30,unusable event quote or stock
director_departure,cash_secured_put,21,60,AIG,2025-10-06,unusable event quote or stock
director_departure,cash_secured_put,21,60,MO,2025-10-10,unusable event quote or stock
director_departure,cash_secured_put,21,60,PEP,2025-10-10,no usable strict ordinary-day match
director_departure,cash_secured_put,21,60,HON,2025-10-17,unusable event quote or stock
director_departure,cash_secured_put,21,60,CSCO,2025-10-20,no usable strict ordinary-day match
director_departure,cash_secured_put,21,60,JPM,2025-12-09,no usable strict ordinary-day match
director_departure,cash_secured_put,21,60,MO,2025-12-12,no usable strict ordinary-day match
director_departure,cash_secured_put,21,60,CHTR,2025-12-15,no usable strict ordinary-day match
director_departure,cash_secured_put,21,60,META,2025-12-22,no usable strict ordinary-day match
director_departure,long_call,21,300,GS,2024-01-22,no usable strict ordinary-day match
director_departure,long_call,21,300,VZ,2024-01-25,no usable strict ordinary-day match
director_departure,long_call,21,300,HON,2024-02-02,no usable strict ordinary-day match
director_departure,long_call,21,300,DHR,2024-02-15,unusable event quote or stock
director_departure,long_call,21,300,CL,2024-02-16,unusable event quote or stock
director_departure,long_call,21,300,MRK,2024-02-21,no usable strict ordinary-day match
director_departure,long_call,21,300,MO,2024-02-27,no usable strict ordinary-day match
director_departure,long_call,21,300,GS,2024-03-11,no usable strict ordinary-day match
director_departure,long_call,21,300,AMT,2024-03-15,unusable event quote or stock
director_departure,long_call,21,300,GILD,2024-03-15,no usable strict ordinary-day match
director_departure,long_call,21,300,BLK,2024-04-01,unusable event quote or stock
director_departure,long_call,21,300,PYPL,2024-04-01,no usable strict ordinary-day match
director_departure,long_call,21,300,CAT,2024-04-04,no usable strict ordinary-day match
director_departure,long_call,21,300,JPM,2024-04-09,no usable strict ordinary-day match
director_departure,long_call,21,300,LIN,2024-05-01,no usable strict ordinary-day match
director_departure,long_call,21,300,ISRG,2024-05-01,unusable event quote or stock
director_departure,long_call,21,300,JPM,2024-05-24,no usable strict ordinary-day match
director_departure,long_call,21,300,MS,2024-05-28,no usable strict ordinary-day match
director_departure,long_call,21,300,SBUX,2024-06-03,unusable event quote or stock
director_departure,long_call,21,300,AIG,2024-06-11,no usable strict ordinary-day match
director_departure,long_call,21,300,COP,2024-07-03,unusable event quote or stock
director_departure,long_call,21,300,KO,2024-07-24,no usable strict ordinary-day match
director_departure,long_call,21,300,LLY,2024-08-19,no usable strict ordinary-day match
director_departure,long_call,21,300,JNJ,2024-09-11,no usable strict ordinary-day match
director_departure,long_call,21,300,CSCO,2024-10-14,no usable strict ordinary-day match
director_departure,long_call,21,300,CVS,2024-10-21,no usable strict ordinary-day match
director_departure,long_call,21,300,DIS,2024-10-22,no usable strict ordinary-day match
director_departure,long_call,21,300,LMT,2024-11-14,no usable strict ordinary-day match
director_departure,long_call,21,300,LLY,2024-11-20,no usable strict ordinary-day match
director_departure,long_call,21,300,INTC,2024-12-04,no usable strict ordinary-day match
director_departure,long_call,21,300,DHR,2024-12-12,no usable strict ordinary-day match
director_departure,long_call,21,300,KO,2024-12-17,no usable strict ordinary-day match
director_departure,long_call,21,300,MS,2024-12-23,no usable strict ordinary-day match
director_departure,long_call,21,300,DUK,2025-01-14,no usable strict ordinary-day match
director_departure,long_call,21,300,SBUX,2025-01-17,no usable strict ordinary-day match
director_departure,long_call,21,300,MCD,2025-01-21,no usable strict ordinary-day match
director_departure,long_call,21,300,USB,2025-02-03,no usable strict ordinary-day match
director_departure,long_call,21,300,T,2025-02-06,no usable strict ordinary-day match
director_departure,long_call,21,300,VZ,2025-02-11,no usable strict ordinary-day match
director_departure,long_call,21,300,MMM,2025-02-11,unusable event quote or stock
director_departure,long_call,21,300,SCHW,2025-02-13,no usable strict ordinary-day match
director_departure,long_call,21,300,ABBV,2025-02-18,no usable strict ordinary-day match
director_departure,long_call,21,300,HON,2025-02-19,unusable event quote or stock
director_departure,long_call,21,300,TMUS,2025-02-24,no usable strict ordinary-day match
director_departure,long_call,21,300,EMR,2025-03-13,no usable strict ordinary-day match
director_departure,long_call,21,300,AMT,2025-03-21,no usable strict ordinary-day match
director_departure,long_call,21,300,USB,2025-03-26,no usable strict ordinary-day match
director_departure,long_call,21,300,MET,2025-03-31,no usable strict ordinary-day match
director_departure,long_call,21,300,SCHW,2025-04-02,no usable strict ordinary-day match
director_departure,long_call,21,300,PYPL,2025-04-08,no usable strict ordinary-day match
director_departure,long_call,21,300,CAT,2025-04-10,no usable strict ordinary-day match
director_departure,long_call,21,300,NFLX,2025-04-21,no usable strict ordinary-day match
director_departure,long_call,21,300,BKNG,2025-04-23,no usable strict ordinary-day match
director_departure,long_call,21,300,JNJ,2025-05-01,no usable strict ordinary-day match
director_departure,long_call,21,300,FDX,2025-05-13,no usable strict ordinary-day match
director_departure,long_call,21,300,ABBV,2025-05-14,no usable strict ordinary-day match
director_departure,long_call,21,300,UNH,2025-05-22,no usable strict ordinary-day match
director_departure,long_call,21,300,NFLX,2025-06-09,no usable strict ordinary-day match
director_departure,long_call,21,300,NKE,2025-06-20,no usable strict ordinary-day match
director_departure,long_call,21,300,FDX,2025-06-24,no usable strict ordinary-day match
director_departure,long_call,21,300,MMM,2025-08-18,unusable event quote or stock
director_departure,long_call,21,300,TMUS,2025-08-26,no usable strict ordinary-day match
director_departure,long_call,21,300,LIN,2025-09-30,unusable event quote or stock
director_departure,long_call,21,300,MO,2025-10-10,no usable strict ordinary-day match
director_departure,long_call,21,300,PEP,2025-10-10,no usable strict ordinary-day match
director_departure,long_call,21,300,HON,2025-10-17,unusable event quote or stock
director_departure,long_call,21,300,CSCO,2025-10-20,no usable strict ordinary-day match
director_departure,long_call,21,300,JPM,2025-12-09,no usable strict ordinary-day match
director_departure,long_call,21,300,MO,2025-12-12,no usable strict ordinary-day match
director_departure,long_call,21,300,CHTR,2025-12-15,no usable strict ordinary-day match
director_departure,long_call,21,300,META,2025-12-22,no usable strict ordinary-day match
director_departure,covered_call,21,300,GS,2024-01-22,no usable strict ordinary-day match
director_departure,covered_call,21,300,VZ,2024-01-25,unusable event quote or stock
director_departure,covered_call,21,300,HON,2024-02-02,no usable strict ordinary-day match
director_departure,covered_call,21,300,DHR,2024-02-15,unusable event quote or stock
director_departure,covered_call,21,300,CL,2024-02-16,unusable event quote or stock
director_departure,covered_call,21,300,MRK,2024-02-21,no usable strict ordinary-day match
director_departure,covered_call,21,300,MO,2024-02-27,unusable event quote or stock
director_departure,covered_call,21,300,GS,2024-03-11,no usable strict ordinary-day match
director_departure,covered_call,21,300,AMT,2024-03-15,unusable event quote or stock
director_departure,covered_call,21,300,GILD,2024-03-15,unusable event quote or stock
director_departure,covered_call,21,300,MCD,2024-03-20,unusable event quote or stock
director_departure,covered_call,21,300,BLK,2024-04-01,unusable event quote or stock
director_departure,covered_call,21,300,PYPL,2024-04-01,no usable strict ordinary-day match
director_departure,covered_call,21,300,CAT,2024-04-04,no usable strict ordinary-day match
director_departure,covered_call,21,300,JPM,2024-04-09,no usable strict ordinary-day match
director_departure,covered_call,21,300,LIN,2024-05-01,no usable strict ordinary-day match
director_departure,covered_call,21,300,ISRG,2024-05-01,unusable event quote or stock
director_departure,covered_call,21,300,JPM,2024-05-24,no usable strict ordinary-day match
director_departure,covered_call,21,300,MS,2024-05-28,no usable strict ordinary-day match
director_departure,covered_call,21,300,SBUX,2024-06-03,unusable event quote or stock
director_departure,covered_call,21,300,AIG,2024-06-11,no usable strict ordinary-day match
director_departure,covered_call,21,300,COP,2024-07-03,unusable event quote or stock
director_departure,covered_call,21,300,KO,2024-07-24,no usable strict ordinary-day match
director_departure,covered_call,21,300,LLY,2024-08-19,no usable strict ordinary-day match
director_departure,covered_call,21,300,JNJ,2024-09-11,no usable strict ordinary-day match
director_departure,covered_call,21,300,CSCO,2024-10-14,no usable strict ordinary-day match
director_departure,covered_call,21,300,CVS,2024-10-21,no usable strict ordinary-day match
director_departure,covered_call,21,300,DIS,2024-10-22,no usable strict ordinary-day match
director_departure,covered_call,21,300,LMT,2024-11-14,no usable strict ordinary-day match
director_departure,covered_call,21,300,LLY,2024-11-20,no usable strict ordinary-day match
director_departure,covered_call,21,300,INTC,2024-12-04,no usable strict ordinary-day match
director_departure,covered_call,21,300,DHR,2024-12-12,no usable strict ordinary-day match
director_departure,covered_call,21,300,KO,2024-12-17,no usable strict ordinary-day match
director_departure,covered_call,21,300,MS,2024-12-23,no usable strict ordinary-day match
director_departure,covered_call,21,300,DUK,2025-01-14,no usable strict ordinary-day match
director_departure,covered_call,21,300,SBUX,2025-01-17,no usable strict ordinary-day match
director_departure,covered_call,21,300,MCD,2025-01-21,no usable strict ordinary-day match
director_departure,covered_call,21,300,USB,2025-02-03,no usable strict ordinary-day match
director_departure,covered_call,21,300,T,2025-02-06,no usable strict ordinary-day match
director_departure,covered_call,21,300,VZ,2025-02-11,no usable strict ordinary-day match
director_departure,covered_call,21,300,MMM,2025-02-11,unusable event quote or stock
director_departure,covered_call,21,300,SCHW,2025-02-13,no usable strict ordinary-day match
director_departure,covered_call,21,300,ABBV,2025-02-18,no usable strict ordinary-day match
director_departure,covered_call,21,300,HON,2025-02-19,no usable strict ordinary-day match
director_departure,covered_call,21,300,TMUS,2025-02-24,no usable strict ordinary-day match
director_departure,covered_call,21,300,EMR,2025-03-13,unusable event quote or stock
director_departure,covered_call,21,300,AMT,2025-03-21,no usable strict ordinary-day match
director_departure,covered_call,21,300,USB,2025-03-26,no usable strict ordinary-day match
director_departure,covered_call,21,300,MET,2025-03-31,no usable strict ordinary-day match
director_departure,covered_call,21,300,SCHW,2025-04-02,no usable strict ordinary-day match
director_departure,covered_call,21,300,PYPL,2025-04-08,no usable strict ordinary-day match
director_departure,covered_call,21,300,CAT,2025-04-10,no usable strict ordinary-day match
director_departure,covered_call,21,300,NFLX,2025-04-21,no usable strict ordinary-day match
director_departure,covered_call,21,300,BKNG,2025-04-23,no usable strict ordinary-day match
director_departure,covered_call,21,300,JNJ,2025-05-01,no usable strict ordinary-day match
director_departure,covered_call,21,300,FDX,2025-05-13,no usable strict ordinary-day match
director_departure,covered_call,21,300,ABBV,2025-05-14,no usable strict ordinary-day match
director_departure,covered_call,21,300,UNH,2025-05-22,no usable strict ordinary-day match
director_departure,covered_call,21,300,NFLX,2025-06-09,no usable strict ordinary-day match
director_departure,covered_call,21,300,NKE,2025-06-20,no usable strict ordinary-day match
director_departure,covered_call,21,300,FDX,2025-06-24,no usable strict ordinary-day match
director_departure,covered_call,21,300,MMM,2025-08-18,unusable event quote or stock
director_departure,covered_call,21,300,TMUS,2025-08-26,no usable strict ordinary-day match
director_departure,covered_call,21,300,LIN,2025-09-30,unusable event quote or stock
director_departure,covered_call,21,300,MO,2025-10-10,unusable event quote or stock
director_departure,covered_call,21,300,PEP,2025-10-10,no usable strict ordinary-day match
director_departure,covered_call,21,300,HON,2025-10-17,unusable event quote or stock
director_departure,covered_call,21,300,CSCO,2025-10-20,no usable strict ordinary-day match
director_departure,covered_call,21,300,JPM,2025-12-09,no usable strict ordinary-day match
director_departure,covered_call,21,300,MO,2025-12-12,no usable strict ordinary-day match
director_departure,covered_call,21,300,CHTR,2025-12-15,no usable strict ordinary-day match
director_departure,covered_call,21,300,META,2025-12-22,no usable strict ordinary-day match
director_departure,protective_put,21,300,HD,2024-01-11,unusable event quote or stock
director_departure,protective_put,21,300,GS,2024-01-22,no usable strict ordinary-day match
director_departure,protective_put,21,300,VZ,2024-01-25,no usable strict ordinary-day match
director_departure,protective_put,21,300,HON,2024-02-02,no usable strict ordinary-day match
director_departure,protective_put,21,300,DHR,2024-02-15,unusable event quote or stock
director_departure,protective_put,21,300,CL,2024-02-16,unusable event quote or stock
director_departure,protective_put,21,300,MRK,2024-02-21,no usable strict ordinary-day match
director_departure,protective_put,21,300,MO,2024-02-27,no usable strict ordinary-day match
director_departure,protective_put,21,300,GS,2024-03-11,no usable strict ordinary-day match
director_departure,protective_put,21,300,AMT,2024-03-15,unusable event quote or stock
director_departure,protective_put,21,300,GILD,2024-03-15,no usable strict ordinary-day match
director_departure,protective_put,21,300,BLK,2024-04-01,unusable event quote or stock
director_departure,protective_put,21,300,PYPL,2024-04-01,no usable strict ordinary-day match
director_departure,protective_put,21,300,CAT,2024-04-04,no usable strict ordinary-day match
director_departure,protective_put,21,300,JPM,2024-04-09,no usable strict ordinary-day match
director_departure,protective_put,21,300,LIN,2024-05-01,no usable strict ordinary-day match
director_departure,protective_put,21,300,ISRG,2024-05-01,unusable event quote or stock
director_departure,protective_put,21,300,JPM,2024-05-24,no usable strict ordinary-day match
director_departure,protective_put,21,300,MS,2024-05-28,no usable strict ordinary-day match
director_departure,protective_put,21,300,SBUX,2024-06-03,unusable event quote or stock
director_departure,protective_put,21,300,AIG,2024-06-11,no usable strict ordinary-day match
director_departure,protective_put,21,300,COP,2024-07-03,unusable event quote or stock
director_departure,protective_put,21,300,KO,2024-07-24,no usable strict ordinary-day match
director_departure,protective_put,21,300,LLY,2024-08-19,no usable strict ordinary-day match
director_departure,protective_put,21,300,JNJ,2024-09-11,no usable strict ordinary-day match
director_departure,protective_put,21,300,CSCO,2024-10-14,no usable strict ordinary-day match
director_departure,protective_put,21,300,CVS,2024-10-21,no usable strict ordinary-day match
director_departure,protective_put,21,300,DIS,2024-10-22,no usable strict ordinary-day match
director_departure,protective_put,21,300,LMT,2024-11-14,no usable strict ordinary-day match
director_departure,protective_put,21,300,LLY,2024-11-20,no usable strict ordinary-day match
director_departure,protective_put,21,300,INTC,2024-12-04,no usable strict ordinary-day match
director_departure,protective_put,21,300,DHR,2024-12-12,no usable strict ordinary-day match
director_departure,protective_put,21,300,KO,2024-12-17,no usable strict ordinary-day match
director_departure,protective_put,21,300,MS,2024-12-23,no usable strict ordinary-day match
director_departure,protective_put,21,300,DUK,2025-01-14,no usable strict ordinary-day match
director_departure,protective_put,21,300,SBUX,2025-01-17,no usable strict ordinary-day match
director_departure,protective_put,21,300,MCD,2025-01-21,no usable strict ordinary-day match
director_departure,protective_put,21,300,USB,2025-02-03,no usable strict ordinary-day match
director_departure,protective_put,21,300,T,2025-02-06,no usable strict ordinary-day match
director_departure,protective_put,21,300,VZ,2025-02-11,no usable strict ordinary-day match
director_departure,protective_put,21,300,MMM,2025-02-11,unusable event quote or stock
director_departure,protective_put,21,300,SCHW,2025-02-13,no usable strict ordinary-day match
director_departure,protective_put,21,300,ABBV,2025-02-18,no usable strict ordinary-day match
director_departure,protective_put,21,300,HON,2025-02-19,no usable strict ordinary-day match
director_departure,protective_put,21,300,TMUS,2025-02-24,no usable strict ordinary-day match
director_departure,protective_put,21,300,EMR,2025-03-13,no usable strict ordinary-day match
director_departure,protective_put,21,300,AMT,2025-03-21,no usable strict ordinary-day match
director_departure,protective_put,21,300,USB,2025-03-26,no usable strict ordinary-day match
director_departure,protective_put,21,300,MET,2025-03-31,no usable strict ordinary-day match
director_departure,protective_put,21,300,SCHW,2025-04-02,no usable strict ordinary-day match
director_departure,protective_put,21,300,PYPL,2025-04-08,no usable strict ordinary-day match
director_departure,protective_put,21,300,CAT,2025-04-10,no usable strict ordinary-day match
director_departure,protective_put,21,300,NFLX,2025-04-21,no usable strict ordinary-day match
director_departure,protective_put,21,300,BKNG,2025-04-23,no usable strict ordinary-day match
director_departure,protective_put,21,300,JNJ,2025-05-01,no usable strict ordinary-day match
director_departure,protective_put,21,300,FDX,2025-05-13,no usable strict ordinary-day match
director_departure,protective_put,21,300,ABBV,2025-05-14,no usable strict ordinary-day match
director_departure,protective_put,21,300,UNH,2025-05-22,no usable strict ordinary-day match
director_departure,protective_put,21,300,NFLX,2025-06-09,no usable strict ordinary-day match
director_departure,protective_put,21,300,NKE,2025-06-20,no usable strict ordinary-day match
director_departure,protective_put,21,300,FDX,2025-06-24,no usable strict ordinary-day match
director_departure,protective_put,21,300,MMM,2025-08-18,unusable event quote or stock
director_departure,protective_put,21,300,TMUS,2025-08-26,no usable strict ordinary-day match
director_departure,protective_put,21,300,LIN,2025-09-30,unusable event quote or stock
director_departure,protective_put,21,300,MO,2025-10-10,no usable strict ordinary-day match
director_departure,protective_put,21,300,PEP,2025-10-10,no usable strict ordinary-day match
director_departure,protective_put,21,300,HON,2025-10-17,unusable event quote or stock
director_departure,protective_put,21,300,CSCO,2025-10-20,no usable strict ordinary-day match
director_departure,protective_put,21,300,JPM,2025-12-09,no usable strict ordinary-day match
director_departure,protective_put,21,300,MO,2025-12-12,no usable strict ordinary-day match
director_departure,protective_put,21,300,CHTR,2025-12-15,no usable strict ordinary-day match
director_departure,protective_put,21,300,META,2025-12-22,no usable strict ordinary-day match
director_departure,collar,21,300,HD,2024-01-11,unusable event quote or stock
director_departure,collar,21,300,GS,2024-01-22,no usable strict ordinary-day match
director_departure,collar,21,300,VZ,2024-01-25,unusable event quote or stock
director_departure,collar,21,300,HON,2024-02-02,no usable strict ordinary-day match
director_departure,collar,21,300,DHR,2024-02-15,unusable event quote or stock
director_departure,collar,21,300,CL,2024-02-16,unusable event quote or stock
director_departure,collar,21,300,MRK,2024-02-21,no usable strict ordinary-day match
director_departure,collar,21,300,MO,2024-02-27,unusable event quote or stock
director_departure,collar,21,300,GS,2024-03-11,no usable strict ordinary-day match
director_departure,collar,21,300,AMT,2024-03-15,unusable event quote or stock
director_departure,collar,21,300,GILD,2024-03-15,unusable event quote or stock
director_departure,collar,21,300,MCD,2024-03-20,unusable event quote or stock
director_departure,collar,21,300,BLK,2024-04-01,unusable event quote or stock
director_departure,collar,21,300,PYPL,2024-04-01,no usable strict ordinary-day match
director_departure,collar,21,300,CAT,2024-04-04,no usable strict ordinary-day match
director_departure,collar,21,300,JPM,2024-04-09,no usable strict ordinary-day match
director_departure,collar,21,300,LIN,2024-05-01,no usable strict ordinary-day match
director_departure,collar,21,300,ISRG,2024-05-01,unusable event quote or stock
director_departure,collar,21,300,JPM,2024-05-24,no usable strict ordinary-day match
director_departure,collar,21,300,MS,2024-05-28,no usable strict ordinary-day match
director_departure,collar,21,300,SBUX,2024-06-03,unusable event quote or stock
director_departure,collar,21,300,AIG,2024-06-11,no usable strict ordinary-day match
director_departure,collar,21,300,COP,2024-07-03,unusable event quote or stock
director_departure,collar,21,300,KO,2024-07-24,no usable strict ordinary-day match
director_departure,collar,21,300,LLY,2024-08-19,no usable strict ordinary-day match
director_departure,collar,21,300,JNJ,2024-09-11,no usable strict ordinary-day match
director_departure,collar,21,300,CSCO,2024-10-14,no usable strict ordinary-day match
director_departure,collar,21,300,CVS,2024-10-21,no usable strict ordinary-day match
director_departure,collar,21,300,DIS,2024-10-22,no usable strict ordinary-day match
director_departure,collar,21,300,LMT,2024-11-14,no usable strict ordinary-day match
director_departure,collar,21,300,LLY,2024-11-20,no usable strict ordinary-day match
director_departure,collar,21,300,INTC,2024-12-04,no usable strict ordinary-day match
director_departure,collar,21,300,DHR,2024-12-12,no usable strict ordinary-day match
director_departure,collar,21,300,KO,2024-12-17,no usable strict ordinary-day match
director_departure,collar,21,300,MS,2024-12-23,no usable strict ordinary-day match
director_departure,collar,21,300,DUK,2025-01-14,no usable strict ordinary-day match
director_departure,collar,21,300,SBUX,2025-01-17,no usable strict ordinary-day match
director_departure,collar,21,300,MCD,2025-01-21,no usable strict ordinary-day match
director_departure,collar,21,300,USB,2025-02-03,no usable strict ordinary-day match
director_departure,collar,21,300,T,2025-02-06,no usable strict ordinary-day match
director_departure,collar,21,300,VZ,2025-02-11,no usable strict ordinary-day match
director_departure,collar,21,300,MMM,2025-02-11,unusable event quote or stock
director_departure,collar,21,300,SCHW,2025-02-13,no usable strict ordinary-day match
director_departure,collar,21,300,ABBV,2025-02-18,no usable strict ordinary-day match
director_departure,collar,21,300,HON,2025-02-19,no usable strict ordinary-day match
director_departure,collar,21,300,TMUS,2025-02-24,no usable strict ordinary-day match
director_departure,collar,21,300,EMR,2025-03-13,unusable event quote or stock
director_departure,collar,21,300,AMT,2025-03-21,no usable strict ordinary-day match
director_departure,collar,21,300,USB,2025-03-26,no usable strict ordinary-day match
director_departure,collar,21,300,MET,2025-03-31,no usable strict ordinary-day match
director_departure,collar,21,300,SCHW,2025-04-02,no usable strict ordinary-day match
director_departure,collar,21,300,PYPL,2025-04-08,no usable strict ordinary-day match
director_departure,collar,21,300,CAT,2025-04-10,no usable strict ordinary-day match
director_departure,collar,21,300,NFLX,2025-04-21,no usable strict ordinary-day match
director_departure,collar,21,300,BKNG,2025-04-23,no usable strict ordinary-day match
director_departure,collar,21,300,JNJ,2025-05-01,no usable strict ordinary-day match
director_departure,collar,21,300,FDX,2025-05-13,no usable strict ordinary-day match
director_departure,collar,21,300,ABBV,2025-05-14,no usable strict ordinary-day match
director_departure,collar,21,300,UNH,2025-05-22,no usable strict ordinary-day match
director_departure,collar,21,300,NFLX,2025-06-09,no usable strict ordinary-day match
director_departure,collar,21,300,NKE,2025-06-20,no usable strict ordinary-day match
director_departure,collar,21,300,FDX,2025-06-24,no usable strict ordinary-day match
director_departure,collar,21,300,MMM,2025-08-18,unusable event quote or stock
director_departure,collar,21,300,TMUS,2025-08-26,no usable strict ordinary-day match
director_departure,collar,21,300,LIN,2025-09-30,unusable event quote or stock
director_departure,collar,21,300,MO,2025-10-10,unusable event quote or stock
director_departure,collar,21,300,PEP,2025-10-10,no usable strict ordinary-day match
director_departure,collar,21,300,HON,2025-10-17,unusable event quote or stock
director_departure,collar,21,300,CSCO,2025-10-20,no usable strict ordinary-day match
director_departure,collar,21,300,JPM,2025-12-09,no usable strict ordinary-day match
director_departure,collar,21,300,MO,2025-12-12,no usable strict ordinary-day match
director_departure,collar,21,300,CHTR,2025-12-15,no usable strict ordinary-day match
director_departure,collar,21,300,META,2025-12-22,no usable strict ordinary-day match
director_departure,cash_secured_put,21,300,HD,2024-01-11,unusable event quote or stock
director_departure,cash_secured_put,21,300,GS,2024-01-22,no usable strict ordinary-day match
director_departure,cash_secured_put,21,300,VZ,2024-01-25,no usable strict ordinary-day match
director_departure,cash_secured_put,21,300,HON,2024-02-02,no usable strict ordinary-day match
director_departure,cash_secured_put,21,300,DHR,2024-02-15,unusable event quote or stock
director_departure,cash_secured_put,21,300,CL,2024-02-16,unusable event quote or stock
director_departure,cash_secured_put,21,300,MRK,2024-02-21,no usable strict ordinary-day match
director_departure,cash_secured_put,21,300,MO,2024-02-27,no usable strict ordinary-day match
director_departure,cash_secured_put,21,300,GS,2024-03-11,no usable strict ordinary-day match
director_departure,cash_secured_put,21,300,AMT,2024-03-15,unusable event quote or stock
director_departure,cash_secured_put,21,300,GILD,2024-03-15,no usable strict ordinary-day match
director_departure,cash_secured_put,21,300,BLK,2024-04-01,unusable event quote or stock
director_departure,cash_secured_put,21,300,PYPL,2024-04-01,no usable strict ordinary-day match
director_departure,cash_secured_put,21,300,CAT,2024-04-04,no usable strict ordinary-day match
director_departure,cash_secured_put,21,300,JPM,2024-04-09,no usable strict ordinary-day match
director_departure,cash_secured_put,21,300,LIN,2024-05-01,no usable strict ordinary-day match
director_departure,cash_secured_put,21,300,ISRG,2024-05-01,unusable event quote or stock
director_departure,cash_secured_put,21,300,JPM,2024-05-24,no usable strict ordinary-day match
director_departure,cash_secured_put,21,300,MS,2024-05-28,no usable strict ordinary-day match
director_departure,cash_secured_put,21,300,SBUX,2024-06-03,unusable event quote or stock
director_departure,cash_secured_put,21,300,AIG,2024-06-11,no usable strict ordinary-day match
director_departure,cash_secured_put,21,300,COP,2024-07-03,unusable event quote or stock
director_departure,cash_secured_put,21,300,KO,2024-07-24,no usable strict ordinary-day match
director_departure,cash_secured_put,21,300,LLY,2024-08-19,no usable strict ordinary-day match
director_departure,cash_secured_put,21,300,JNJ,2024-09-11,no usable strict ordinary-day match
director_departure,cash_secured_put,21,300,CSCO,2024-10-14,no usable strict ordinary-day match
director_departure,cash_secured_put,21,300,CVS,2024-10-21,no usable strict ordinary-day match
director_departure,cash_secured_put,21,300,DIS,2024-10-22,no usable strict ordinary-day match
director_departure,cash_secured_put,21,300,LMT,2024-11-14,no usable strict ordinary-day match
director_departure,cash_secured_put,21,300,LLY,2024-11-20,no usable strict ordinary-day match
director_departure,cash_secured_put,21,300,INTC,2024-12-04,no usable strict ordinary-day match
director_departure,cash_secured_put,21,300,DHR,2024-12-12,no usable strict ordinary-day match
director_departure,cash_secured_put,21,300,KO,2024-12-17,no usable strict ordinary-day match
director_departure,cash_secured_put,21,300,MS,2024-12-23,no usable strict ordinary-day match
director_departure,cash_secured_put,21,300,DUK,2025-01-14,no usable strict ordinary-day match
director_departure,cash_secured_put,21,300,SBUX,2025-01-17,no usable strict ordinary-day match
director_departure,cash_secured_put,21,300,MCD,2025-01-21,no usable strict ordinary-day match
director_departure,cash_secured_put,21,300,USB,2025-02-03,no usable strict ordinary-day match
director_departure,cash_secured_put,21,300,T,2025-02-06,no usable strict ordinary-day match
director_departure,cash_secured_put,21,300,VZ,2025-02-11,no usable strict ordinary-day match
director_departure,cash_secured_put,21,300,MMM,2025-02-11,unusable event quote or stock
director_departure,cash_secured_put,21,300,SCHW,2025-02-13,no usable strict ordinary-day match
director_departure,cash_secured_put,21,300,ABBV,2025-02-18,no usable strict ordinary-day match
director_departure,cash_secured_put,21,300,HON,2025-02-19,no usable strict ordinary-day match
director_departure,cash_secured_put,21,300,TMUS,2025-02-24,no usable strict ordinary-day match
director_departure,cash_secured_put,21,300,EMR,2025-03-13,no usable strict ordinary-day match
director_departure,cash_secured_put,21,300,AMT,2025-03-21,no usable strict ordinary-day match
director_departure,cash_secured_put,21,300,USB,2025-03-26,no usable strict ordinary-day match
director_departure,cash_secured_put,21,300,MET,2025-03-31,no usable strict ordinary-day match
director_departure,cash_secured_put,21,300,SCHW,2025-04-02,no usable strict ordinary-day match
director_departure,cash_secured_put,21,300,PYPL,2025-04-08,no usable strict ordinary-day match
director_departure,cash_secured_put,21,300,CAT,2025-04-10,no usable strict ordinary-day match
director_departure,cash_secured_put,21,300,NFLX,2025-04-21,no usable strict ordinary-day match
director_departure,cash_secured_put,21,300,BKNG,2025-04-23,no usable strict ordinary-day match
director_departure,cash_secured_put,21,300,JNJ,2025-05-01,no usable strict ordinary-day match
director_departure,cash_secured_put,21,300,FDX,2025-05-13,no usable strict ordinary-day match
director_departure,cash_secured_put,21,300,ABBV,2025-05-14,no usable strict ordinary-day match
director_departure,cash_secured_put,21,300,UNH,2025-05-22,no usable strict ordinary-day match
director_departure,cash_secured_put,21,300,NFLX,2025-06-09,no usable strict ordinary-day match
director_departure,cash_secured_put,21,300,NKE,2025-06-20,no usable strict ordinary-day match
director_departure,cash_secured_put,21,300,FDX,2025-06-24,no usable strict ordinary-day match
director_departure,cash_secured_put,21,300,MMM,2025-08-18,unusable event quote or stock
director_departure,cash_secured_put,21,300,TMUS,2025-08-26,no usable strict ordinary-day match
director_departure,cash_secured_put,21,300,LIN,2025-09-30,unusable event quote or stock
director_departure,cash_secured_put,21,300,MO,2025-10-10,no usable strict ordinary-day match
director_departure,cash_secured_put,21,300,PEP,2025-10-10,no usable strict ordinary-day match
director_departure,cash_secured_put,21,300,HON,2025-10-17,unusable event quote or stock
director_departure,cash_secured_put,21,300,CSCO,2025-10-20,no usable strict ordinary-day match
director_departure,cash_secured_put,21,300,JPM,2025-12-09,no usable strict ordinary-day match
director_departure,cash_secured_put,21,300,MO,2025-12-12,no usable strict ordinary-day match
director_departure,cash_secured_put,21,300,CHTR,2025-12-15,no usable strict ordinary-day match
director_departure,cash_secured_put,21,300,META,2025-12-22,no usable strict ordinary-day match
executive_compensation_change,long_call,21,60,PYPL,2024-01-09,no usable strict ordinary-day match
executive_compensation_change,long_call,21,60,BKNG,2024-01-22,no usable strict ordinary-day match
executive_compensation_change,long_call,21,60,QCOM,2024-01-24,no usable strict ordinary-day match
executive_compensation_change,long_call,21,60,ADBE,2024-01-29,no usable strict ordinary-day match
executive_compensation_change,long_call,21,60,COF,2024-02-06,no usable strict ordinary-day match
executive_compensation_change,long_call,21,60,AMT,2024-02-08,no usable strict ordinary-day match
executive_compensation_change,long_call,21,60,PYPL,2024-02-13,no usable strict ordinary-day match
executive_compensation_change,long_call,21,60,GS,2024-02-20,no usable strict ordinary-day match
executive_compensation_change,long_call,21,60,INTC,2024-02-20,no usable strict ordinary-day match
executive_compensation_change,long_call,21,60,MO,2024-02-27,no usable strict ordinary-day match
executive_compensation_change,long_call,21,60,MO,2024-02-29,no usable strict ordinary-day match
executive_compensation_change,long_call,21,60,AMT,2024-03-04,no usable strict ordinary-day match
executive_compensation_change,long_call,21,60,GD,2024-03-08,no usable strict ordinary-day match
executive_compensation_change,long_call,21,60,MMM,2024-03-13,unusable event quote or stock
executive_compensation_change,long_call,21,60,AMT,2024-03-15,unusable event quote or stock
executive_compensation_change,long_call,21,60,BKNG,2024-04-08,no usable strict ordinary-day match
executive_compensation_change,long_call,21,60,GE,2024-04-09,unusable event quote or stock
executive_compensation_change,long_call,21,60,INTU,2024-05-03,unusable event quote or stock
executive_compensation_change,long_call,21,60,UPS,2024-05-07,no usable strict ordinary-day match
executive_compensation_change,long_call,21,60,MDLZ,2024-05-23,unusable event quote or stock
executive_compensation_change,long_call,21,60,PYPL,2024-06-04,no usable strict ordinary-day match
executive_compensation_change,long_call,21,60,GOOGL,2024-06-10,no usable strict ordinary-day match
executive_compensation_change,long_call,21,60,GE,2024-07-02,unusable event quote or stock
executive_compensation_change,long_call,21,60,AMD,2024-07-03,unusable event quote or stock
executive_compensation_change,long_call,21,60,CSCO,2024-07-22,no usable strict ordinary-day match
executive_compensation_change,long_call,21,60,PYPL,2024-07-26,unusable event quote or stock
executive_compensation_change,long_call,21,60,MCD,2024-07-29,no usable strict ordinary-day match
executive_compensation_change,long_call,21,60,MMM,2024-08-02,no usable strict ordinary-day match
executive_compensation_change,long_call,21,60,ADBE,2024-08-09,no usable strict ordinary-day match
executive_compensation_change,long_call,21,60,LLY,2024-09-10,no usable strict ordinary-day match
executive_compensation_change,long_call,21,60,TMUS,2024-09-16,no usable strict ordinary-day match
executive_compensation_change,long_call,21,60,AIG,2024-09-19,unusable event quote or stock
executive_compensation_change,long_call,21,60,KO,2024-10-18,no usable strict ordinary-day match
executive_compensation_change,long_call,21,60,CVS,2024-10-21,unusable event quote or stock
executive_compensation_change,long_call,21,60,NOW,2024-10-24,no usable strict ordinary-day match
executive_compensation_change,long_call,21,60,MS,2024-10-25,no usable strict ordinary-day match
executive_compensation_change,long_call,21,60,INTU,2024-11-05,no usable strict ordinary-day match
executive_compensation_change,long_call,21,60,EMR,2024-11-06,unusable event quote or stock
executive_compensation_change,long_call,21,60,CVS,2024-11-19,no usable strict ordinary-day match
executive_compensation_change,long_call,21,60,BLK,2024-11-20,no usable strict ordinary-day match
executive_compensation_change,long_call,21,60,SBUX,2024-11-22,unusable event quote or stock
executive_compensation_change,long_call,21,60,LIN,2024-12-03,unusable event quote or stock
executive_compensation_change,long_call,21,60,INTC,2024-12-04,no usable strict ordinary-day match
executive_compensation_change,long_call,21,60,KO,2024-12-12,no usable strict ordinary-day match
executive_compensation_change,long_call,21,60,ABBV,2024-12-16,no usable strict ordinary-day match
executive_compensation_change,long_call,21,60,BKNG,2024-12-19,unusable event quote or stock
executive_compensation_change,long_call,21,60,NOW,2024-12-30,unusable event quote or stock
executive_compensation_change,long_call,21,60,AMT,2025-01-08,no usable strict ordinary-day match
executive_compensation_change,long_call,21,60,DUK,2025-01-14,no usable strict ordinary-day match
executive_compensation_change,long_call,21,60,GS,2025-01-21,no usable strict ordinary-day match
executive_compensation_change,long_call,21,60,MDT,2025-01-22,no usable strict ordinary-day match
executive_compensation_change,long_call,21,60,PYPL,2025-01-23,no usable strict ordinary-day match
executive_compensation_change,long_call,21,60,TMUS,2025-01-28,no usable strict ordinary-day match
executive_compensation_change,long_call,21,60,USB,2025-01-29,no usable strict ordinary-day match
executive_compensation_change,long_call,21,60,COF,2025-02-10,unusable event quote or stock
executive_compensation_change,long_call,21,60,BAC,2025-02-10,no usable strict ordinary-day match
executive_compensation_change,long_call,21,60,MA,2025-02-11,no usable strict ordinary-day match
executive_compensation_change,long_call,21,60,MS,2025-02-14,unusable event quote or stock
executive_compensation_change,long_call,21,60,BLK,2025-02-18,no usable strict ordinary-day match
executive_compensation_change,long_call,21,60,C,2025-02-19,no usable strict ordinary-day match
executive_compensation_change,long_call,21,60,HON,2025-02-19,unusable event quote or stock
executive_compensation_change,long_call,21,60,DHR,2025-02-21,no usable strict ordinary-day match
executive_compensation_change,long_call,21,60,INTC,2025-03-03,no usable strict ordinary-day match
executive_compensation_change,long_call,21,60,BAC,2025-03-03,no usable strict ordinary-day match
executive_compensation_change,long_call,21,60,SBUX,2025-03-05,no usable strict ordinary-day match
executive_compensation_change,long_call,21,60,AMT,2025-03-06,no usable strict ordinary-day match
executive_compensation_change,long_call,21,60,INTC,2025-03-17,no usable strict ordinary-day match
executive_compensation_change,long_call,21,60,NEE,2025-03-18,no usable strict ordinary-day match
executive_compensation_change,long_call,21,60,VZ,2025-03-20,no usable strict ordinary-day match
executive_compensation_change,long_call,21,60,TMUS,2025-03-24,no usable strict ordinary-day match
executive_compensation_change,long_call,21,60,TMUS,2025-04-04,no usable strict ordinary-day match
executive_compensation_change,long_call,21,60,HON,2025-04-09,no usable strict ordinary-day match
executive_compensation_change,long_call,21,60,TMUS,2025-04-14,unusable event quote or stock
executive_compensation_change,long_call,21,60,CAT,2025-04-16,unusable event quote or stock
executive_compensation_change,long_call,21,60,LMT,2025-04-21,no usable strict ordinary-day match
executive_compensation_change,long_call,21,60,NKE,2025-05-06,no usable strict ordinary-day match
executive_compensation_change,long_call,21,60,UNP,2025-05-12,unusable event quote or stock
executive_compensation_change,long_call,21,60,ABBV,2025-05-14,no usable strict ordinary-day match
executive_compensation_change,long_call,21,60,CSCO,2025-05-14,no usable strict ordinary-day match
executive_compensation_change,long_call,21,60,UNH,2025-05-15,no usable strict ordinary-day match
executive_compensation_change,long_call,21,60,ISRG,2025-05-16,no usable strict ordinary-day match
executive_compensation_change,long_call,21,60,MO,2025-05-20,no usable strict ordinary-day match
executive_compensation_change,long_call,21,60,COF,2025-05-20,no usable strict ordinary-day match
executive_compensation_change,long_call,21,60,TGT,2025-05-22,no usable strict ordinary-day match
executive_compensation_change,long_call,21,60,TMO,2025-05-23,no usable strict ordinary-day match
executive_compensation_change,long_call,21,60,MDLZ,2025-05-28,no usable strict ordinary-day match
executive_compensation_change,long_call,21,60,CL,2025-05-30,no usable strict ordinary-day match
executive_compensation_change,long_call,21,60,UBER,2025-06-03,unusable event quote or stock
executive_compensation_change,long_call,21,60,SBUX,2025-06-05,no usable strict ordinary-day match
executive_compensation_change,long_call,21,60,COF,2025-06-06,no usable strict ordinary-day match
executive_compensation_change,long_call,21,60,CSCO,2025-06-10,no usable strict ordinary-day match
executive_compensation_change,long_call,21,60,GD,2025-06-10,unusable event quote or stock
executive_compensation_change,long_call,21,60,INTU,2025-06-17,unusable event quote or stock
executive_compensation_change,long_call,21,60,SBUX,2025-07-03,unusable event quote or stock
executive_compensation_change,long_call,21,60,AMD,2025-07-03,unusable event quote or stock
executive_compensation_change,long_call,21,60,AIG,2025-07-22,no usable strict ordinary-day match
executive_compensation_change,long_call,21,60,DHR,2025-07-25,no usable strict ordinary-day match
executive_compensation_change,long_call,21,60,PG,2025-07-29,no usable strict ordinary-day match
executive_compensation_change,long_call,21,60,MET,2025-07-31,no usable strict ordinary-day match
executive_compensation_change,long_call,21,60,WFC,2025-08-01,no usable strict ordinary-day match
executive_compensation_change,long_call,21,60,UNH,2025-08-01,no usable strict ordinary-day match
executive_compensation_change,long_call,21,60,CHTR,2025-08-06,unusable event quote or stock
executive_compensation_change,long_call,21,60,PG,2025-08-15,no usable strict ordinary-day match
executive_compensation_change,long_call,21,60,AVGO,2025-09-10,no usable strict ordinary-day match
executive_compensation_change,long_call,21,60,TMUS,2025-09-23,no usable strict ordinary-day match
executive_compensation_change,long_call,21,60,DIS,2025-10-02,no usable strict ordinary-day match
executive_compensation_change,long_call,21,60,FDX,2025-10-03,unusable event quote or stock
executive_compensation_change,long_call,21,60,PEP,2025-10-10,no usable strict ordinary-day match
executive_compensation_change,long_call,21,60,KO,2025-10-17,no usable strict ordinary-day match
executive_compensation_change,long_call,21,60,WMT,2025-10-23,no usable strict ordinary-day match
executive_compensation_change,long_call,21,60,C,2025-10-23,no usable strict ordinary-day match
executive_compensation_change,long_call,21,60,PM,2025-11-05,no usable strict ordinary-day match
executive_compensation_change,long_call,21,60,NFLX,2025-11-05,unusable event quote or stock
executive_compensation_change,long_call,21,60,DIS,2025-11-10,no usable strict ordinary-day match
executive_compensation_change,long_call,21,60,COF,2025-11-10,no usable strict ordinary-day match
executive_compensation_change,long_call,21,60,DIS,2025-11-13,no usable strict ordinary-day match
executive_compensation_change,long_call,21,60,EMR,2025-11-17,no usable strict ordinary-day match
executive_compensation_change,long_call,21,60,WMT,2025-11-17,no usable strict ordinary-day match
executive_compensation_change,long_call,21,60,NKE,2025-12-03,no usable strict ordinary-day match
executive_compensation_change,long_call,21,60,GD,2025-12-08,unusable event quote or stock
executive_compensation_change,long_call,21,60,CHTR,2025-12-08,unusable event quote or stock
executive_compensation_change,long_call,21,60,TMUS,2025-12-10,no usable strict ordinary-day match
executive_compensation_change,long_call,21,60,MO,2025-12-12,no usable strict ordinary-day match
executive_compensation_change,long_call,21,60,BK,2025-12-12,unusable event quote or stock
executive_compensation_change,long_call,21,60,DUK,2025-12-15,no usable strict ordinary-day match
executive_compensation_change,long_call,21,60,AMD,2025-12-16,no usable strict ordinary-day match
executive_compensation_change,long_call,21,60,CMCSA,2025-12-24,unusable event quote or stock
executive_compensation_change,long_call,21,60,NOW,2025-12-24,unusable event quote or stock
executive_compensation_change,covered_call,21,60,PYPL,2024-01-09,no usable strict ordinary-day match
executive_compensation_change,covered_call,21,60,BKNG,2024-01-22,no usable strict ordinary-day match
executive_compensation_change,covered_call,21,60,QCOM,2024-01-24,no usable strict ordinary-day match
executive_compensation_change,covered_call,21,60,ADBE,2024-01-29,no usable strict ordinary-day match
executive_compensation_change,covered_call,21,60,COF,2024-02-06,no usable strict ordinary-day match
executive_compensation_change,covered_call,21,60,AMT,2024-02-08,no usable strict ordinary-day match
executive_compensation_change,covered_call,21,60,PYPL,2024-02-13,no usable strict ordinary-day match
executive_compensation_change,covered_call,21,60,GS,2024-02-20,no usable strict ordinary-day match
executive_compensation_change,covered_call,21,60,INTC,2024-02-20,no usable strict ordinary-day match
executive_compensation_change,covered_call,21,60,MO,2024-02-27,unusable event quote or stock
executive_compensation_change,covered_call,21,60,MO,2024-02-29,no usable strict ordinary-day match
executive_compensation_change,covered_call,21,60,AMT,2024-03-04,no usable strict ordinary-day match
executive_compensation_change,covered_call,21,60,GD,2024-03-08,no usable strict ordinary-day match
executive_compensation_change,covered_call,21,60,MMM,2024-03-13,unusable event quote or stock
executive_compensation_change,covered_call,21,60,AMT,2024-03-15,unusable event quote or stock
executive_compensation_change,covered_call,21,60,DUK,2024-03-18,no usable strict ordinary-day match
executive_compensation_change,covered_call,21,60,BKNG,2024-04-08,no usable strict ordinary-day match
executive_compensation_change,covered_call,21,60,GE,2024-04-09,unusable event quote or stock
executive_compensation_change,covered_call,21,60,INTU,2024-05-03,unusable event quote or stock
executive_compensation_change,covered_call,21,60,UPS,2024-05-07,no usable strict ordinary-day match
executive_compensation_change,covered_call,21,60,MDLZ,2024-05-23,unusable event quote or stock
executive_compensation_change,covered_call,21,60,PYPL,2024-06-04,no usable strict ordinary-day match
executive_compensation_change,covered_call,21,60,GOOGL,2024-06-10,no usable strict ordinary-day match
executive_compensation_change,covered_call,21,60,GE,2024-07-02,unusable event quote or stock
executive_compensation_change,covered_call,21,60,AMD,2024-07-03,unusable event quote or stock
executive_compensation_change,covered_call,21,60,CSCO,2024-07-22,no usable strict ordinary-day match
executive_compensation_change,covered_call,21,60,MCD,2024-07-29,no usable strict ordinary-day match
executive_compensation_change,covered_call,21,60,MMM,2024-08-02,no usable strict ordinary-day match
executive_compensation_change,covered_call,21,60,ADBE,2024-08-09,no usable strict ordinary-day match
executive_compensation_change,covered_call,21,60,LLY,2024-09-10,no usable strict ordinary-day match
executive_compensation_change,covered_call,21,60,TMUS,2024-09-16,unusable event quote or stock
executive_compensation_change,covered_call,21,60,KO,2024-10-18,unusable event quote or stock
executive_compensation_change,covered_call,21,60,CVS,2024-10-21,no usable strict ordinary-day match
executive_compensation_change,covered_call,21,60,NOW,2024-10-24,no usable strict ordinary-day match
executive_compensation_change,covered_call,21,60,MS,2024-10-25,no usable strict ordinary-day match
executive_compensation_change,covered_call,21,60,INTU,2024-11-05,no usable strict ordinary-day match
executive_compensation_change,covered_call,21,60,EMR,2024-11-06,unusable event quote or stock
executive_compensation_change,covered_call,21,60,CVS,2024-11-19,no usable strict ordinary-day match
executive_compensation_change,covered_call,21,60,AMD,2024-11-19,unusable event quote or stock
executive_compensation_change,covered_call,21,60,BLK,2024-11-20,no usable strict ordinary-day match
executive_compensation_change,covered_call,21,60,SBUX,2024-11-22,unusable event quote or stock
executive_compensation_change,covered_call,21,60,LIN,2024-12-03,no usable strict ordinary-day match
executive_compensation_change,covered_call,21,60,INTC,2024-12-04,no usable strict ordinary-day match
executive_compensation_change,covered_call,21,60,KO,2024-12-12,no usable strict ordinary-day match
executive_compensation_change,covered_call,21,60,ABBV,2024-12-16,no usable strict ordinary-day match
executive_compensation_change,covered_call,21,60,BKNG,2024-12-19,unusable event quote or stock
executive_compensation_change,covered_call,21,60,NOW,2024-12-30,unusable event quote or stock
executive_compensation_change,covered_call,21,60,ISRG,2025-01-07,no usable strict ordinary-day match
executive_compensation_change,covered_call,21,60,AMT,2025-01-08,no usable strict ordinary-day match
executive_compensation_change,covered_call,21,60,DUK,2025-01-14,no usable strict ordinary-day match
executive_compensation_change,covered_call,21,60,GS,2025-01-21,no usable strict ordinary-day match
executive_compensation_change,covered_call,21,60,MDT,2025-01-22,no usable strict ordinary-day match
executive_compensation_change,covered_call,21,60,PYPL,2025-01-23,no usable strict ordinary-day match
executive_compensation_change,covered_call,21,60,TMUS,2025-01-28,no usable strict ordinary-day match
executive_compensation_change,covered_call,21,60,USB,2025-01-29,no usable strict ordinary-day match
executive_compensation_change,covered_call,21,60,RTX,2025-02-04,no usable strict ordinary-day match
executive_compensation_change,covered_call,21,60,COF,2025-02-10,no usable strict ordinary-day match
executive_compensation_change,covered_call,21,60,BAC,2025-02-10,no usable strict ordinary-day match
executive_compensation_change,covered_call,21,60,MA,2025-02-11,no usable strict ordinary-day match
executive_compensation_change,covered_call,21,60,MS,2025-02-14,no usable strict ordinary-day match
executive_compensation_change,covered_call,21,60,BLK,2025-02-18,unusable event quote or stock
executive_compensation_change,covered_call,21,60,C,2025-02-19,no usable strict ordinary-day match
executive_compensation_change,covered_call,21,60,HON,2025-02-19,no usable strict ordinary-day match
executive_compensation_change,covered_call,21,60,DHR,2025-02-21,no usable strict ordinary-day match
executive_compensation_change,covered_call,21,60,INTC,2025-03-03,no usable strict ordinary-day match
executive_compensation_change,covered_call,21,60,BAC,2025-03-03,no usable strict ordinary-day match
executive_compensation_change,covered_call,21,60,SBUX,2025-03-05,no usable strict ordinary-day match
executive_compensation_change,covered_call,21,60,AMT,2025-03-06,unusable event quote or stock
executive_compensation_change,covered_call,21,60,INTC,2025-03-17,no usable strict ordinary-day match
executive_compensation_change,covered_call,21,60,NEE,2025-03-18,no usable strict ordinary-day match
executive_compensation_change,covered_call,21,60,VZ,2025-03-20,no usable strict ordinary-day match
executive_compensation_change,covered_call,21,60,TMUS,2025-03-24,unusable event quote or stock
executive_compensation_change,covered_call,21,60,TMUS,2025-04-04,no usable strict ordinary-day match
executive_compensation_change,covered_call,21,60,HON,2025-04-09,no usable strict ordinary-day match
executive_compensation_change,covered_call,21,60,TMUS,2025-04-14,unusable event quote or stock
executive_compensation_change,covered_call,21,60,CAT,2025-04-16,unusable event quote or stock
executive_compensation_change,covered_call,21,60,LMT,2025-04-21,no usable strict ordinary-day match
executive_compensation_change,covered_call,21,60,NKE,2025-05-06,no usable strict ordinary-day match
executive_compensation_change,covered_call,21,60,UNP,2025-05-12,unusable event quote or stock
executive_compensation_change,covered_call,21,60,ABBV,2025-05-14,no usable strict ordinary-day match
executive_compensation_change,covered_call,21,60,CSCO,2025-05-14,no usable strict ordinary-day match
executive_compensation_change,covered_call,21,60,UNH,2025-05-15,no usable strict ordinary-day match
executive_compensation_change,covered_call,21,60,ISRG,2025-05-16,no usable strict ordinary-day match
executive_compensation_change,covered_call,21,60,MO,2025-05-20,no usable strict ordinary-day match
executive_compensation_change,covered_call,21,60,COF,2025-05-20,no usable strict ordinary-day match
executive_compensation_change,covered_call,21,60,TGT,2025-05-22,no usable strict ordinary-day match
executive_compensation_change,covered_call,21,60,TMO,2025-05-23,no usable strict ordinary-day match
executive_compensation_change,covered_call,21,60,MDLZ,2025-05-28,no usable strict ordinary-day match
executive_compensation_change,covered_call,21,60,CL,2025-05-30,no usable strict ordinary-day match
executive_compensation_change,covered_call,21,60,UBER,2025-06-03,unusable event quote or stock
executive_compensation_change,covered_call,21,60,SBUX,2025-06-05,no usable strict ordinary-day match
executive_compensation_change,covered_call,21,60,COF,2025-06-06,no usable strict ordinary-day match
executive_compensation_change,covered_call,21,60,CSCO,2025-06-10,no usable strict ordinary-day match
executive_compensation_change,covered_call,21,60,GD,2025-06-10,unusable event quote or stock
executive_compensation_change,covered_call,21,60,COST,2025-06-12,unusable event quote or stock
executive_compensation_change,covered_call,21,60,INTU,2025-06-17,unusable event quote or stock
executive_compensation_change,covered_call,21,60,SBUX,2025-07-03,unusable event quote or stock
executive_compensation_change,covered_call,21,60,AMD,2025-07-03,unusable event quote or stock
executive_compensation_change,covered_call,21,60,AIG,2025-07-22,unusable event quote or stock
executive_compensation_change,covered_call,21,60,DHR,2025-07-25,no usable strict ordinary-day match
executive_compensation_change,covered_call,21,60,PG,2025-07-29,no usable strict ordinary-day match
executive_compensation_change,covered_call,21,60,MET,2025-07-31,no usable strict ordinary-day match
executive_compensation_change,covered_call,21,60,WFC,2025-08-01,no usable strict ordinary-day match
executive_compensation_change,covered_call,21,60,UNH,2025-08-01,no usable strict ordinary-day match
executive_compensation_change,covered_call,21,60,CHTR,2025-08-06,no usable strict ordinary-day match
executive_compensation_change,covered_call,21,60,PG,2025-08-15,no usable strict ordinary-day match
executive_compensation_change,covered_call,21,60,AVGO,2025-09-10,no usable strict ordinary-day match
executive_compensation_change,covered_call,21,60,TMUS,2025-09-23,no usable strict ordinary-day match
executive_compensation_change,covered_call,21,60,DIS,2025-10-02,no usable strict ordinary-day match
executive_compensation_change,covered_call,21,60,FDX,2025-10-03,unusable event quote or stock
executive_compensation_change,covered_call,21,60,PEP,2025-10-10,no usable strict ordinary-day match
executive_compensation_change,covered_call,21,60,KO,2025-10-17,no usable strict ordinary-day match
executive_compensation_change,covered_call,21,60,WMT,2025-10-23,no usable strict ordinary-day match
executive_compensation_change,covered_call,21,60,C,2025-10-23,no usable strict ordinary-day match
executive_compensation_change,covered_call,21,60,PM,2025-11-05,no usable strict ordinary-day match
executive_compensation_change,covered_call,21,60,NFLX,2025-11-05,unusable event quote or stock
executive_compensation_change,covered_call,21,60,COF,2025-11-10,no usable strict ordinary-day match
executive_compensation_change,covered_call,21,60,EMR,2025-11-17,no usable strict ordinary-day match
executive_compensation_change,covered_call,21,60,WMT,2025-11-17,no usable strict ordinary-day match
executive_compensation_change,covered_call,21,60,GD,2025-12-08,unusable event quote or stock
executive_compensation_change,covered_call,21,60,TMUS,2025-12-10,no usable strict ordinary-day match
executive_compensation_change,covered_call,21,60,MO,2025-12-12,no usable strict ordinary-day match
executive_compensation_change,covered_call,21,60,DUK,2025-12-15,unusable event quote or stock
executive_compensation_change,covered_call,21,60,AMD,2025-12-16,no usable strict ordinary-day match
executive_compensation_change,covered_call,21,60,CMCSA,2025-12-24,unusable event quote or stock
executive_compensation_change,covered_call,21,60,NOW,2025-12-24,unusable event quote or stock
executive_compensation_change,protective_put,21,60,PYPL,2024-01-09,no usable strict ordinary-day match
executive_compensation_change,protective_put,21,60,BKNG,2024-01-22,unusable event quote or stock
executive_compensation_change,protective_put,21,60,QCOM,2024-01-24,no usable strict ordinary-day match
executive_compensation_change,protective_put,21,60,ADBE,2024-01-29,no usable strict ordinary-day match
executive_compensation_change,protective_put,21,60,COF,2024-02-06,no usable strict ordinary-day match
executive_compensation_change,protective_put,21,60,AMT,2024-02-08,no usable strict ordinary-day match
executive_compensation_change,protective_put,21,60,PYPL,2024-02-13,no usable strict ordinary-day match
executive_compensation_change,protective_put,21,60,GS,2024-02-20,no usable strict ordinary-day match
executive_compensation_change,protective_put,21,60,INTC,2024-02-20,no usable strict ordinary-day match
executive_compensation_change,protective_put,21,60,MO,2024-02-27,no usable strict ordinary-day match
executive_compensation_change,protective_put,21,60,MO,2024-02-29,unusable event quote or stock
executive_compensation_change,protective_put,21,60,AMT,2024-03-04,no usable strict ordinary-day match
executive_compensation_change,protective_put,21,60,GD,2024-03-08,no usable strict ordinary-day match
executive_compensation_change,protective_put,21,60,MMM,2024-03-13,unusable event quote or stock
executive_compensation_change,protective_put,21,60,AMT,2024-03-15,unusable event quote or stock
executive_compensation_change,protective_put,21,60,BKNG,2024-04-08,no usable strict ordinary-day match
executive_compensation_change,protective_put,21,60,GE,2024-04-09,unusable event quote or stock
executive_compensation_change,protective_put,21,60,INTU,2024-05-03,unusable event quote or stock
executive_compensation_change,protective_put,21,60,USB,2024-05-06,no usable strict ordinary-day match
executive_compensation_change,protective_put,21,60,UPS,2024-05-07,no usable strict ordinary-day match
executive_compensation_change,protective_put,21,60,MDLZ,2024-05-23,unusable event quote or stock
executive_compensation_change,protective_put,21,60,PYPL,2024-06-04,no usable strict ordinary-day match
executive_compensation_change,protective_put,21,60,GOOGL,2024-06-10,no usable strict ordinary-day match
executive_compensation_change,protective_put,21,60,GE,2024-07-02,unusable event quote or stock
executive_compensation_change,protective_put,21,60,AMD,2024-07-03,unusable event quote or stock
executive_compensation_change,protective_put,21,60,CSCO,2024-07-22,unusable event quote or stock
executive_compensation_change,protective_put,21,60,MCD,2024-07-29,no usable strict ordinary-day match
executive_compensation_change,protective_put,21,60,MMM,2024-08-02,no usable strict ordinary-day match
executive_compensation_change,protective_put,21,60,ADBE,2024-08-09,no usable strict ordinary-day match
executive_compensation_change,protective_put,21,60,LLY,2024-09-10,no usable strict ordinary-day match
executive_compensation_change,protective_put,21,60,TMUS,2024-09-16,no usable strict ordinary-day match
executive_compensation_change,protective_put,21,60,KO,2024-10-18,no usable strict ordinary-day match
executive_compensation_change,protective_put,21,60,CVS,2024-10-21,no usable strict ordinary-day match
executive_compensation_change,protective_put,21,60,NOW,2024-10-24,no usable strict ordinary-day match
executive_compensation_change,protective_put,21,60,MS,2024-10-25,unusable event quote or stock
executive_compensation_change,protective_put,21,60,INTU,2024-11-05,no usable strict ordinary-day match
executive_compensation_change,protective_put,21,60,EMR,2024-11-06,unusable event quote or stock
executive_compensation_change,protective_put,21,60,CVS,2024-11-19,no usable strict ordinary-day match
executive_compensation_change,protective_put,21,60,BLK,2024-11-20,no usable strict ordinary-day match
executive_compensation_change,protective_put,21,60,SBUX,2024-11-22,unusable event quote or stock
executive_compensation_change,protective_put,21,60,LIN,2024-12-03,unusable event quote or stock
executive_compensation_change,protective_put,21,60,INTC,2024-12-04,no usable strict ordinary-day match
executive_compensation_change,protective_put,21,60,KO,2024-12-12,no usable strict ordinary-day match
executive_compensation_change,protective_put,21,60,ABBV,2024-12-16,no usable strict ordinary-day match
executive_compensation_change,protective_put,21,60,BKNG,2024-12-19,unusable event quote or stock
executive_compensation_change,protective_put,21,60,NOW,2024-12-30,unusable event quote or stock
executive_compensation_change,protective_put,21,60,AMT,2025-01-08,no usable strict ordinary-day match
executive_compensation_change,protective_put,21,60,DUK,2025-01-14,no usable strict ordinary-day match
executive_compensation_change,protective_put,21,60,GS,2025-01-21,no usable strict ordinary-day match
executive_compensation_change,protective_put,21,60,MDT,2025-01-22,no usable strict ordinary-day match
executive_compensation_change,protective_put,21,60,PYPL,2025-01-23,unusable event quote or stock
executive_compensation_change,protective_put,21,60,TMUS,2025-01-28,no usable strict ordinary-day match
executive_compensation_change,protective_put,21,60,USB,2025-01-29,no usable strict ordinary-day match
executive_compensation_change,protective_put,21,60,COF,2025-02-10,no usable strict ordinary-day match
executive_compensation_change,protective_put,21,60,BAC,2025-02-10,no usable strict ordinary-day match
executive_compensation_change,protective_put,21,60,MA,2025-02-11,no usable strict ordinary-day match
executive_compensation_change,protective_put,21,60,MS,2025-02-14,no usable strict ordinary-day match
executive_compensation_change,protective_put,21,60,BLK,2025-02-18,no usable strict ordinary-day match
executive_compensation_change,protective_put,21,60,C,2025-02-19,unusable event quote or stock
executive_compensation_change,protective_put,21,60,HON,2025-02-19,unusable event quote or stock
executive_compensation_change,protective_put,21,60,DHR,2025-02-21,no usable strict ordinary-day match
executive_compensation_change,protective_put,21,60,INTC,2025-03-03,no usable strict ordinary-day match
executive_compensation_change,protective_put,21,60,BAC,2025-03-03,no usable strict ordinary-day match
executive_compensation_change,protective_put,21,60,SBUX,2025-03-05,no usable strict ordinary-day match
executive_compensation_change,protective_put,21,60,AMT,2025-03-06,no usable strict ordinary-day match
executive_compensation_change,protective_put,21,60,INTC,2025-03-17,no usable strict ordinary-day match
executive_compensation_change,protective_put,21,60,NEE,2025-03-18,no usable strict ordinary-day match
executive_compensation_change,protective_put,21,60,VZ,2025-03-20,no usable strict ordinary-day match
executive_compensation_change,protective_put,21,60,TMUS,2025-03-24,unusable event quote or stock
executive_compensation_change,protective_put,21,60,TMUS,2025-04-04,no usable strict ordinary-day match
executive_compensation_change,protective_put,21,60,HON,2025-04-09,unusable event quote or stock
executive_compensation_change,protective_put,21,60,TMUS,2025-04-14,unusable event quote or stock
executive_compensation_change,protective_put,21,60,CAT,2025-04-16,unusable event quote or stock
executive_compensation_change,protective_put,21,60,USB,2025-04-17,unusable event quote or stock
executive_compensation_change,protective_put,21,60,LMT,2025-04-21,no usable strict ordinary-day match
executive_compensation_change,protective_put,21,60,NKE,2025-05-06,no usable strict ordinary-day match
executive_compensation_change,protective_put,21,60,UNP,2025-05-12,unusable event quote or stock
executive_compensation_change,protective_put,21,60,ABBV,2025-05-14,no usable strict ordinary-day match
executive_compensation_change,protective_put,21,60,CSCO,2025-05-14,no usable strict ordinary-day match
executive_compensation_change,protective_put,21,60,UNH,2025-05-15,no usable strict ordinary-day match
executive_compensation_change,protective_put,21,60,MO,2025-05-20,no usable strict ordinary-day match
executive_compensation_change,protective_put,21,60,COF,2025-05-20,no usable strict ordinary-day match
executive_compensation_change,protective_put,21,60,TGT,2025-05-22,no usable strict ordinary-day match
executive_compensation_change,protective_put,21,60,TMO,2025-05-23,no usable strict ordinary-day match
executive_compensation_change,protective_put,21,60,MDLZ,2025-05-28,unusable event quote or stock
executive_compensation_change,protective_put,21,60,CL,2025-05-30,unusable event quote or stock
executive_compensation_change,protective_put,21,60,UBER,2025-06-03,unusable event quote or stock
executive_compensation_change,protective_put,21,60,SBUX,2025-06-05,no usable strict ordinary-day match
executive_compensation_change,protective_put,21,60,COF,2025-06-06,unusable event quote or stock
executive_compensation_change,protective_put,21,60,CSCO,2025-06-10,no usable strict ordinary-day match
executive_compensation_change,protective_put,21,60,GD,2025-06-10,unusable event quote or stock
executive_compensation_change,protective_put,21,60,INTU,2025-06-17,unusable event quote or stock
executive_compensation_change,protective_put,21,60,SBUX,2025-07-03,unusable event quote or stock
executive_compensation_change,protective_put,21,60,AMD,2025-07-03,unusable event quote or stock
executive_compensation_change,protective_put,21,60,BA,2025-07-07,unusable event quote or stock
executive_compensation_change,protective_put,21,60,AIG,2025-07-22,no usable strict ordinary-day match
executive_compensation_change,protective_put,21,60,DHR,2025-07-25,no usable strict ordinary-day match
executive_compensation_change,protective_put,21,60,PG,2025-07-29,no usable strict ordinary-day match
executive_compensation_change,protective_put,21,60,MET,2025-07-31,no usable strict ordinary-day match
executive_compensation_change,protective_put,21,60,WFC,2025-08-01,no usable strict ordinary-day match
executive_compensation_change,protective_put,21,60,UNH,2025-08-01,no usable strict ordinary-day match
executive_compensation_change,protective_put,21,60,CHTR,2025-08-06,unusable event quote or stock
executive_compensation_change,protective_put,21,60,PG,2025-08-15,no usable strict ordinary-day match
executive_compensation_change,protective_put,21,60,AVGO,2025-09-10,no usable strict ordinary-day match
executive_compensation_change,protective_put,21,60,TMUS,2025-09-23,no usable strict ordinary-day match
executive_compensation_change,protective_put,21,60,DIS,2025-10-02,no usable strict ordinary-day match
executive_compensation_change,protective_put,21,60,FDX,2025-10-03,unusable event quote or stock
executive_compensation_change,protective_put,21,60,VZ,2025-10-07,no usable strict ordinary-day match
executive_compensation_change,protective_put,21,60,PEP,2025-10-10,no usable strict ordinary-day match
executive_compensation_change,protective_put,21,60,KO,2025-10-17,no usable strict ordinary-day match
executive_compensation_change,protective_put,21,60,WMT,2025-10-23,no usable strict ordinary-day match
executive_compensation_change,protective_put,21,60,C,2025-10-23,no usable strict ordinary-day match
executive_compensation_change,protective_put,21,60,PM,2025-11-05,no usable strict ordinary-day match
executive_compensation_change,protective_put,21,60,NFLX,2025-11-05,unusable event quote or stock
executive_compensation_change,protective_put,21,60,COF,2025-11-10,no usable strict ordinary-day match
executive_compensation_change,protective_put,21,60,EMR,2025-11-17,no usable strict ordinary-day match
executive_compensation_change,protective_put,21,60,WMT,2025-11-17,no usable strict ordinary-day match
executive_compensation_change,protective_put,21,60,GD,2025-12-08,unusable event quote or stock
executive_compensation_change,protective_put,21,60,CHTR,2025-12-08,unusable event quote or stock
executive_compensation_change,protective_put,21,60,TMUS,2025-12-10,unusable event quote or stock
executive_compensation_change,protective_put,21,60,MO,2025-12-12,no usable strict ordinary-day match
executive_compensation_change,protective_put,21,60,BK,2025-12-12,unusable event quote or stock
executive_compensation_change,protective_put,21,60,DUK,2025-12-15,no usable strict ordinary-day match
executive_compensation_change,protective_put,21,60,AMD,2025-12-16,no usable strict ordinary-day match
executive_compensation_change,protective_put,21,60,CMCSA,2025-12-24,unusable event quote or stock
executive_compensation_change,protective_put,21,60,NOW,2025-12-24,unusable event quote or stock
executive_compensation_change,collar,21,60,PYPL,2024-01-09,no usable strict ordinary-day match
executive_compensation_change,collar,21,60,BKNG,2024-01-22,unusable event quote or stock
executive_compensation_change,collar,21,60,QCOM,2024-01-24,no usable strict ordinary-day match
executive_compensation_change,collar,21,60,ADBE,2024-01-29,no usable strict ordinary-day match
executive_compensation_change,collar,21,60,COF,2024-02-06,no usable strict ordinary-day match
executive_compensation_change,collar,21,60,AMT,2024-02-08,no usable strict ordinary-day match
executive_compensation_change,collar,21,60,PYPL,2024-02-13,no usable strict ordinary-day match
executive_compensation_change,collar,21,60,GS,2024-02-20,no usable strict ordinary-day match
executive_compensation_change,collar,21,60,INTC,2024-02-20,no usable strict ordinary-day match
executive_compensation_change,collar,21,60,MO,2024-02-27,unusable event quote or stock
executive_compensation_change,collar,21,60,MO,2024-02-29,unusable event quote or stock
executive_compensation_change,collar,21,60,AMT,2024-03-04,no usable strict ordinary-day match
executive_compensation_change,collar,21,60,GD,2024-03-08,no usable strict ordinary-day match
executive_compensation_change,collar,21,60,MMM,2024-03-13,unusable event quote or stock
executive_compensation_change,collar,21,60,AMT,2024-03-15,unusable event quote or stock
executive_compensation_change,collar,21,60,DUK,2024-03-18,no usable strict ordinary-day match
executive_compensation_change,collar,21,60,BKNG,2024-04-08,no usable strict ordinary-day match
executive_compensation_change,collar,21,60,GE,2024-04-09,unusable event quote or stock
executive_compensation_change,collar,21,60,INTU,2024-05-03,unusable event quote or stock
executive_compensation_change,collar,21,60,USB,2024-05-06,no usable strict ordinary-day match
executive_compensation_change,collar,21,60,UPS,2024-05-07,no usable strict ordinary-day match
executive_compensation_change,collar,21,60,MDLZ,2024-05-23,unusable event quote or stock
executive_compensation_change,collar,21,60,PYPL,2024-06-04,no usable strict ordinary-day match
executive_compensation_change,collar,21,60,GOOGL,2024-06-10,no usable strict ordinary-day match
executive_compensation_change,collar,21,60,GE,2024-07-02,unusable event quote or stock
executive_compensation_change,collar,21,60,AMD,2024-07-03,unusable event quote or stock
executive_compensation_change,collar,21,60,CSCO,2024-07-22,unusable event quote or stock
executive_compensation_change,collar,21,60,MCD,2024-07-29,no usable strict ordinary-day match
executive_compensation_change,collar,21,60,MMM,2024-08-02,no usable strict ordinary-day match
executive_compensation_change,collar,21,60,ADBE,2024-08-09,no usable strict ordinary-day match
executive_compensation_change,collar,21,60,LLY,2024-09-10,no usable strict ordinary-day match
executive_compensation_change,collar,21,60,TMUS,2024-09-16,unusable event quote or stock
executive_compensation_change,collar,21,60,KO,2024-10-18,unusable event quote or stock
executive_compensation_change,collar,21,60,CVS,2024-10-21,no usable strict ordinary-day match
executive_compensation_change,collar,21,60,NOW,2024-10-24,no usable strict ordinary-day match
executive_compensation_change,collar,21,60,MS,2024-10-25,unusable event quote or stock
executive_compensation_change,collar,21,60,INTU,2024-11-05,no usable strict ordinary-day match
executive_compensation_change,collar,21,60,EMR,2024-11-06,unusable event quote or stock
executive_compensation_change,collar,21,60,CVS,2024-11-19,no usable strict ordinary-day match
executive_compensation_change,collar,21,60,AMD,2024-11-19,unusable event quote or stock
executive_compensation_change,collar,21,60,BLK,2024-11-20,no usable strict ordinary-day match
executive_compensation_change,collar,21,60,SBUX,2024-11-22,unusable event quote or stock
executive_compensation_change,collar,21,60,LIN,2024-12-03,unusable event quote or stock
executive_compensation_change,collar,21,60,INTC,2024-12-04,no usable strict ordinary-day match
executive_compensation_change,collar,21,60,KO,2024-12-12,no usable strict ordinary-day match
executive_compensation_change,collar,21,60,ABBV,2024-12-16,no usable strict ordinary-day match
executive_compensation_change,collar,21,60,BKNG,2024-12-19,unusable event quote or stock
executive_compensation_change,collar,21,60,NOW,2024-12-30,unusable event quote or stock
executive_compensation_change,collar,21,60,ISRG,2025-01-07,no usable strict ordinary-day match
executive_compensation_change,collar,21,60,AMT,2025-01-08,no usable strict ordinary-day match
executive_compensation_change,collar,21,60,DUK,2025-01-14,no usable strict ordinary-day match
executive_compensation_change,collar,21,60,GS,2025-01-21,no usable strict ordinary-day match
executive_compensation_change,collar,21,60,MDT,2025-01-22,no usable strict ordinary-day match
executive_compensation_change,collar,21,60,PYPL,2025-01-23,unusable event quote or stock
executive_compensation_change,collar,21,60,TMUS,2025-01-28,no usable strict ordinary-day match
executive_compensation_change,collar,21,60,USB,2025-01-29,no usable strict ordinary-day match
executive_compensation_change,collar,21,60,RTX,2025-02-04,no usable strict ordinary-day match
executive_compensation_change,collar,21,60,COF,2025-02-10,no usable strict ordinary-day match
executive_compensation_change,collar,21,60,BAC,2025-02-10,no usable strict ordinary-day match
executive_compensation_change,collar,21,60,MA,2025-02-11,no usable strict ordinary-day match
executive_compensation_change,collar,21,60,MS,2025-02-14,no usable strict ordinary-day match
executive_compensation_change,collar,21,60,BLK,2025-02-18,unusable event quote or stock
executive_compensation_change,collar,21,60,C,2025-02-19,unusable event quote or stock
executive_compensation_change,collar,21,60,HON,2025-02-19,unusable event quote or stock
executive_compensation_change,collar,21,60,DHR,2025-02-21,no usable strict ordinary-day match
executive_compensation_change,collar,21,60,INTC,2025-03-03,no usable strict ordinary-day match
executive_compensation_change,collar,21,60,BAC,2025-03-03,no usable strict ordinary-day match
executive_compensation_change,collar,21,60,SBUX,2025-03-05,no usable strict ordinary-day match
executive_compensation_change,collar,21,60,AMT,2025-03-06,unusable event quote or stock
executive_compensation_change,collar,21,60,INTC,2025-03-17,no usable strict ordinary-day match
executive_compensation_change,collar,21,60,NEE,2025-03-18,no usable strict ordinary-day match
executive_compensation_change,collar,21,60,VZ,2025-03-20,no usable strict ordinary-day match
executive_compensation_change,collar,21,60,TMUS,2025-03-24,unusable event quote or stock
executive_compensation_change,collar,21,60,TMUS,2025-04-04,no usable strict ordinary-day match
executive_compensation_change,collar,21,60,HON,2025-04-09,unusable event quote or stock
executive_compensation_change,collar,21,60,TMUS,2025-04-14,unusable event quote or stock
executive_compensation_change,collar,21,60,CAT,2025-04-16,unusable event quote or stock
executive_compensation_change,collar,21,60,USB,2025-04-17,unusable event quote or stock
executive_compensation_change,collar,21,60,LMT,2025-04-21,no usable strict ordinary-day match
executive_compensation_change,collar,21,60,NKE,2025-05-06,no usable strict ordinary-day match
executive_compensation_change,collar,21,60,UNP,2025-05-12,unusable event quote or stock
executive_compensation_change,collar,21,60,ABBV,2025-05-14,no usable strict ordinary-day match
executive_compensation_change,collar,21,60,CSCO,2025-05-14,no usable strict ordinary-day match
executive_compensation_change,collar,21,60,UNH,2025-05-15,no usable strict ordinary-day match
executive_compensation_change,collar,21,60,ISRG,2025-05-16,no usable strict ordinary-day match
executive_compensation_change,collar,21,60,MO,2025-05-20,no usable strict ordinary-day match
executive_compensation_change,collar,21,60,COF,2025-05-20,no usable strict ordinary-day match
executive_compensation_change,collar,21,60,TGT,2025-05-22,no usable strict ordinary-day match
executive_compensation_change,collar,21,60,TMO,2025-05-23,no usable strict ordinary-day match
executive_compensation_change,collar,21,60,MDLZ,2025-05-28,unusable event quote or stock
executive_compensation_change,collar,21,60,CL,2025-05-30,unusable event quote or stock
executive_compensation_change,collar,21,60,UBER,2025-06-03,unusable event quote or stock
executive_compensation_change,collar,21,60,SBUX,2025-06-05,no usable strict ordinary-day match
executive_compensation_change,collar,21,60,COF,2025-06-06,unusable event quote or stock
executive_compensation_change,collar,21,60,CSCO,2025-06-10,no usable strict ordinary-day match
executive_compensation_change,collar,21,60,GD,2025-06-10,unusable event quote or stock
executive_compensation_change,collar,21,60,COST,2025-06-12,unusable event quote or stock
executive_compensation_change,collar,21,60,INTU,2025-06-17,unusable event quote or stock
executive_compensation_change,collar,21,60,SBUX,2025-07-03,unusable event quote or stock
executive_compensation_change,collar,21,60,AMD,2025-07-03,unusable event quote or stock
executive_compensation_change,collar,21,60,BA,2025-07-07,unusable event quote or stock
executive_compensation_change,collar,21,60,AIG,2025-07-22,unusable event quote or stock
executive_compensation_change,collar,21,60,DHR,2025-07-25,no usable strict ordinary-day match
executive_compensation_change,collar,21,60,PG,2025-07-29,no usable strict ordinary-day match
executive_compensation_change,collar,21,60,MET,2025-07-31,no usable strict ordinary-day match
executive_compensation_change,collar,21,60,WFC,2025-08-01,no usable strict ordinary-day match
executive_compensation_change,collar,21,60,UNH,2025-08-01,no usable strict ordinary-day match
executive_compensation_change,collar,21,60,CHTR,2025-08-06,unusable event quote or stock
executive_compensation_change,collar,21,60,PG,2025-08-15,no usable strict ordinary-day match
executive_compensation_change,collar,21,60,AVGO,2025-09-10,no usable strict ordinary-day match
executive_compensation_change,collar,21,60,TMUS,2025-09-23,no usable strict ordinary-day match
executive_compensation_change,collar,21,60,DIS,2025-10-02,no usable strict ordinary-day match
executive_compensation_change,collar,21,60,FDX,2025-10-03,unusable event quote or stock
executive_compensation_change,collar,21,60,VZ,2025-10-07,no usable strict ordinary-day match
executive_compensation_change,collar,21,60,PEP,2025-10-10,no usable strict ordinary-day match
executive_compensation_change,collar,21,60,KO,2025-10-17,no usable strict ordinary-day match
executive_compensation_change,collar,21,60,WMT,2025-10-23,no usable strict ordinary-day match
executive_compensation_change,collar,21,60,C,2025-10-23,no usable strict ordinary-day match
executive_compensation_change,collar,21,60,PM,2025-11-05,no usable strict ordinary-day match
executive_compensation_change,collar,21,60,NFLX,2025-11-05,unusable event quote or stock
executive_compensation_change,collar,21,60,COF,2025-11-10,no usable strict ordinary-day match
executive_compensation_change,collar,21,60,EMR,2025-11-17,no usable strict ordinary-day match
executive_compensation_change,collar,21,60,WMT,2025-11-17,no usable strict ordinary-day match
executive_compensation_change,collar,21,60,GD,2025-12-08,unusable event quote or stock
executive_compensation_change,collar,21,60,CHTR,2025-12-08,unusable event quote or stock
executive_compensation_change,collar,21,60,TMUS,2025-12-10,unusable event quote or stock
executive_compensation_change,collar,21,60,MO,2025-12-12,no usable strict ordinary-day match
executive_compensation_change,collar,21,60,BK,2025-12-12,unusable event quote or stock
executive_compensation_change,collar,21,60,DUK,2025-12-15,unusable event quote or stock
executive_compensation_change,collar,21,60,AMD,2025-12-16,no usable strict ordinary-day match
executive_compensation_change,collar,21,60,CMCSA,2025-12-24,unusable event quote or stock
executive_compensation_change,collar,21,60,NOW,2025-12-24,unusable event quote or stock
executive_compensation_change,cash_secured_put,21,60,PYPL,2024-01-09,no usable strict ordinary-day match
executive_compensation_change,cash_secured_put,21,60,BKNG,2024-01-22,unusable event quote or stock
executive_compensation_change,cash_secured_put,21,60,QCOM,2024-01-24,no usable strict ordinary-day match
executive_compensation_change,cash_secured_put,21,60,ADBE,2024-01-29,no usable strict ordinary-day match
executive_compensation_change,cash_secured_put,21,60,COF,2024-02-06,no usable strict ordinary-day match
executive_compensation_change,cash_secured_put,21,60,AMT,2024-02-08,no usable strict ordinary-day match
executive_compensation_change,cash_secured_put,21,60,PYPL,2024-02-13,no usable strict ordinary-day match
executive_compensation_change,cash_secured_put,21,60,GS,2024-02-20,no usable strict ordinary-day match
executive_compensation_change,cash_secured_put,21,60,INTC,2024-02-20,no usable strict ordinary-day match
executive_compensation_change,cash_secured_put,21,60,MO,2024-02-27,no usable strict ordinary-day match
executive_compensation_change,cash_secured_put,21,60,MO,2024-02-29,unusable event quote or stock
executive_compensation_change,cash_secured_put,21,60,AMT,2024-03-04,no usable strict ordinary-day match
executive_compensation_change,cash_secured_put,21,60,GD,2024-03-08,no usable strict ordinary-day match
executive_compensation_change,cash_secured_put,21,60,MMM,2024-03-13,unusable event quote or stock
executive_compensation_change,cash_secured_put,21,60,AMT,2024-03-15,unusable event quote or stock
executive_compensation_change,cash_secured_put,21,60,BKNG,2024-04-08,no usable strict ordinary-day match
executive_compensation_change,cash_secured_put,21,60,GE,2024-04-09,unusable event quote or stock
executive_compensation_change,cash_secured_put,21,60,INTU,2024-05-03,unusable event quote or stock
executive_compensation_change,cash_secured_put,21,60,USB,2024-05-06,no usable strict ordinary-day match
executive_compensation_change,cash_secured_put,21,60,UPS,2024-05-07,no usable strict ordinary-day match
executive_compensation_change,cash_secured_put,21,60,MDLZ,2024-05-23,unusable event quote or stock
executive_compensation_change,cash_secured_put,21,60,PYPL,2024-06-04,no usable strict ordinary-day match
executive_compensation_change,cash_secured_put,21,60,GOOGL,2024-06-10,no usable strict ordinary-day match
executive_compensation_change,cash_secured_put,21,60,GE,2024-07-02,unusable event quote or stock
executive_compensation_change,cash_secured_put,21,60,AMD,2024-07-03,unusable event quote or stock
executive_compensation_change,cash_secured_put,21,60,CSCO,2024-07-22,unusable event quote or stock
executive_compensation_change,cash_secured_put,21,60,MCD,2024-07-29,no usable strict ordinary-day match
executive_compensation_change,cash_secured_put,21,60,MMM,2024-08-02,no usable strict ordinary-day match
executive_compensation_change,cash_secured_put,21,60,ADBE,2024-08-09,no usable strict ordinary-day match
executive_compensation_change,cash_secured_put,21,60,LLY,2024-09-10,no usable strict ordinary-day match
executive_compensation_change,cash_secured_put,21,60,TMUS,2024-09-16,no usable strict ordinary-day match
executive_compensation_change,cash_secured_put,21,60,KO,2024-10-18,no usable strict ordinary-day match
executive_compensation_change,cash_secured_put,21,60,CVS,2024-10-21,no usable strict ordinary-day match
executive_compensation_change,cash_secured_put,21,60,NOW,2024-10-24,no usable strict ordinary-day match
executive_compensation_change,cash_secured_put,21,60,MS,2024-10-25,unusable event quote or stock
executive_compensation_change,cash_secured_put,21,60,INTU,2024-11-05,no usable strict ordinary-day match
executive_compensation_change,cash_secured_put,21,60,EMR,2024-11-06,unusable event quote or stock
executive_compensation_change,cash_secured_put,21,60,CVS,2024-11-19,no usable strict ordinary-day match
executive_compensation_change,cash_secured_put,21,60,BLK,2024-11-20,no usable strict ordinary-day match
executive_compensation_change,cash_secured_put,21,60,SBUX,2024-11-22,unusable event quote or stock
executive_compensation_change,cash_secured_put,21,60,LIN,2024-12-03,unusable event quote or stock
executive_compensation_change,cash_secured_put,21,60,INTC,2024-12-04,no usable strict ordinary-day match
executive_compensation_change,cash_secured_put,21,60,KO,2024-12-12,no usable strict ordinary-day match
executive_compensation_change,cash_secured_put,21,60,ABBV,2024-12-16,no usable strict ordinary-day match
executive_compensation_change,cash_secured_put,21,60,BKNG,2024-12-19,unusable event quote or stock
executive_compensation_change,cash_secured_put,21,60,NOW,2024-12-30,unusable event quote or stock
executive_compensation_change,cash_secured_put,21,60,AMT,2025-01-08,no usable strict ordinary-day match
executive_compensation_change,cash_secured_put,21,60,DUK,2025-01-14,no usable strict ordinary-day match
executive_compensation_change,cash_secured_put,21,60,GS,2025-01-21,no usable strict ordinary-day match
executive_compensation_change,cash_secured_put,21,60,MDT,2025-01-22,no usable strict ordinary-day match
executive_compensation_change,cash_secured_put,21,60,PYPL,2025-01-23,unusable event quote or stock
executive_compensation_change,cash_secured_put,21,60,TMUS,2025-01-28,no usable strict ordinary-day match
executive_compensation_change,cash_secured_put,21,60,USB,2025-01-29,no usable strict ordinary-day match
executive_compensation_change,cash_secured_put,21,60,COF,2025-02-10,no usable strict ordinary-day match
executive_compensation_change,cash_secured_put,21,60,BAC,2025-02-10,no usable strict ordinary-day match
executive_compensation_change,cash_secured_put,21,60,MA,2025-02-11,no usable strict ordinary-day match
executive_compensation_change,cash_secured_put,21,60,MS,2025-02-14,no usable strict ordinary-day match
executive_compensation_change,cash_secured_put,21,60,BLK,2025-02-18,no usable strict ordinary-day match
executive_compensation_change,cash_secured_put,21,60,C,2025-02-19,unusable event quote or stock
executive_compensation_change,cash_secured_put,21,60,HON,2025-02-19,unusable event quote or stock
executive_compensation_change,cash_secured_put,21,60,DHR,2025-02-21,no usable strict ordinary-day match
executive_compensation_change,cash_secured_put,21,60,INTC,2025-03-03,no usable strict ordinary-day match
executive_compensation_change,cash_secured_put,21,60,BAC,2025-03-03,no usable strict ordinary-day match
executive_compensation_change,cash_secured_put,21,60,SBUX,2025-03-05,no usable strict ordinary-day match
executive_compensation_change,cash_secured_put,21,60,AMT,2025-03-06,no usable strict ordinary-day match
executive_compensation_change,cash_secured_put,21,60,INTC,2025-03-17,no usable strict ordinary-day match
executive_compensation_change,cash_secured_put,21,60,NEE,2025-03-18,no usable strict ordinary-day match
executive_compensation_change,cash_secured_put,21,60,VZ,2025-03-20,no usable strict ordinary-day match
executive_compensation_change,cash_secured_put,21,60,TMUS,2025-03-24,unusable event quote or stock
executive_compensation_change,cash_secured_put,21,60,TMUS,2025-04-04,no usable strict ordinary-day match
executive_compensation_change,cash_secured_put,21,60,HON,2025-04-09,unusable event quote or stock
executive_compensation_change,cash_secured_put,21,60,TMUS,2025-04-14,unusable event quote or stock
executive_compensation_change,cash_secured_put,21,60,CAT,2025-04-16,unusable event quote or stock
executive_compensation_change,cash_secured_put,21,60,USB,2025-04-17,unusable event quote or stock
executive_compensation_change,cash_secured_put,21,60,LMT,2025-04-21,no usable strict ordinary-day match
executive_compensation_change,cash_secured_put,21,60,NKE,2025-05-06,no usable strict ordinary-day match
executive_compensation_change,cash_secured_put,21,60,UNP,2025-05-12,unusable event quote or stock
executive_compensation_change,cash_secured_put,21,60,ABBV,2025-05-14,no usable strict ordinary-day match
executive_compensation_change,cash_secured_put,21,60,CSCO,2025-05-14,no usable strict ordinary-day match
executive_compensation_change,cash_secured_put,21,60,UNH,2025-05-15,no usable strict ordinary-day match
executive_compensation_change,cash_secured_put,21,60,MO,2025-05-20,no usable strict ordinary-day match
executive_compensation_change,cash_secured_put,21,60,COF,2025-05-20,no usable strict ordinary-day match
executive_compensation_change,cash_secured_put,21,60,TGT,2025-05-22,no usable strict ordinary-day match
executive_compensation_change,cash_secured_put,21,60,TMO,2025-05-23,no usable strict ordinary-day match
executive_compensation_change,cash_secured_put,21,60,MDLZ,2025-05-28,unusable event quote or stock
executive_compensation_change,cash_secured_put,21,60,CL,2025-05-30,unusable event quote or stock
executive_compensation_change,cash_secured_put,21,60,UBER,2025-06-03,unusable event quote or stock
executive_compensation_change,cash_secured_put,21,60,SBUX,2025-06-05,no usable strict ordinary-day match
executive_compensation_change,cash_secured_put,21,60,COF,2025-06-06,unusable event quote or stock
executive_compensation_change,cash_secured_put,21,60,CSCO,2025-06-10,no usable strict ordinary-day match
executive_compensation_change,cash_secured_put,21,60,GD,2025-06-10,unusable event quote or stock
executive_compensation_change,cash_secured_put,21,60,INTU,2025-06-17,unusable event quote or stock
executive_compensation_change,cash_secured_put,21,60,SBUX,2025-07-03,unusable event quote or stock
executive_compensation_change,cash_secured_put,21,60,AMD,2025-07-03,unusable event quote or stock
executive_compensation_change,cash_secured_put,21,60,BA,2025-07-07,unusable event quote or stock
executive_compensation_change,cash_secured_put,21,60,AIG,2025-07-22,no usable strict ordinary-day match
executive_compensation_change,cash_secured_put,21,60,DHR,2025-07-25,no usable strict ordinary-day match
executive_compensation_change,cash_secured_put,21,60,PG,2025-07-29,no usable strict ordinary-day match
executive_compensation_change,cash_secured_put,21,60,MET,2025-07-31,no usable strict ordinary-day match
executive_compensation_change,cash_secured_put,21,60,WFC,2025-08-01,no usable strict ordinary-day match
executive_compensation_change,cash_secured_put,21,60,UNH,2025-08-01,no usable strict ordinary-day match
executive_compensation_change,cash_secured_put,21,60,CHTR,2025-08-06,unusable event quote or stock
executive_compensation_change,cash_secured_put,21,60,PG,2025-08-15,no usable strict ordinary-day match
executive_compensation_change,cash_secured_put,21,60,AVGO,2025-09-10,no usable strict ordinary-day match
executive_compensation_change,cash_secured_put,21,60,TMUS,2025-09-23,no usable strict ordinary-day match
executive_compensation_change,cash_secured_put,21,60,DIS,2025-10-02,no usable strict ordinary-day match
executive_compensation_change,cash_secured_put,21,60,FDX,2025-10-03,unusable event quote or stock
executive_compensation_change,cash_secured_put,21,60,VZ,2025-10-07,no usable strict ordinary-day match
executive_compensation_change,cash_secured_put,21,60,PEP,2025-10-10,no usable strict ordinary-day match
executive_compensation_change,cash_secured_put,21,60,KO,2025-10-17,no usable strict ordinary-day match
executive_compensation_change,cash_secured_put,21,60,WMT,2025-10-23,no usable strict ordinary-day match
executive_compensation_change,cash_secured_put,21,60,C,2025-10-23,no usable strict ordinary-day match
executive_compensation_change,cash_secured_put,21,60,PM,2025-11-05,no usable strict ordinary-day match
executive_compensation_change,cash_secured_put,21,60,NFLX,2025-11-05,unusable event quote or stock
executive_compensation_change,cash_secured_put,21,60,COF,2025-11-10,no usable strict ordinary-day match
executive_compensation_change,cash_secured_put,21,60,EMR,2025-11-17,no usable strict ordinary-day match
executive_compensation_change,cash_secured_put,21,60,WMT,2025-11-17,no usable strict ordinary-day match
executive_compensation_change,cash_secured_put,21,60,GD,2025-12-08,unusable event quote or stock
executive_compensation_change,cash_secured_put,21,60,CHTR,2025-12-08,unusable event quote or stock
executive_compensation_change,cash_secured_put,21,60,TMUS,2025-12-10,unusable event quote or stock
executive_compensation_change,cash_secured_put,21,60,MO,2025-12-12,no usable strict ordinary-day match
executive_compensation_change,cash_secured_put,21,60,BK,2025-12-12,unusable event quote or stock
executive_compensation_change,cash_secured_put,21,60,DUK,2025-12-15,no usable strict ordinary-day match
executive_compensation_change,cash_secured_put,21,60,AMD,2025-12-16,no usable strict ordinary-day match
executive_compensation_change,cash_secured_put,21,60,CMCSA,2025-12-24,unusable event quote or stock
executive_compensation_change,cash_secured_put,21,60,NOW,2025-12-24,unusable event quote or stock
executive_compensation_change,long_call,21,300,PYPL,2024-01-09,no usable strict ordinary-day match
executive_compensation_change,long_call,21,300,BKNG,2024-01-22,no usable strict ordinary-day match
executive_compensation_change,long_call,21,300,QCOM,2024-01-24,no usable strict ordinary-day match
executive_compensation_change,long_call,21,300,ADBE,2024-01-29,no usable strict ordinary-day match
executive_compensation_change,long_call,21,300,COF,2024-02-06,no usable strict ordinary-day match
executive_compensation_change,long_call,21,300,AMT,2024-02-08,no usable strict ordinary-day match
executive_compensation_change,long_call,21,300,PYPL,2024-02-13,no usable strict ordinary-day match
executive_compensation_change,long_call,21,300,GS,2024-02-20,no usable strict ordinary-day match
executive_compensation_change,long_call,21,300,INTC,2024-02-20,no usable strict ordinary-day match
executive_compensation_change,long_call,21,300,MO,2024-02-27,no usable strict ordinary-day match
executive_compensation_change,long_call,21,300,MO,2024-02-29,no usable strict ordinary-day match
executive_compensation_change,long_call,21,300,AMT,2024-03-04,no usable strict ordinary-day match
executive_compensation_change,long_call,21,300,GD,2024-03-08,no usable strict ordinary-day match
executive_compensation_change,long_call,21,300,MMM,2024-03-13,unusable event quote or stock
executive_compensation_change,long_call,21,300,AMT,2024-03-15,unusable event quote or stock
executive_compensation_change,long_call,21,300,BKNG,2024-04-08,no usable strict ordinary-day match
executive_compensation_change,long_call,21,300,GE,2024-04-09,unusable event quote or stock
executive_compensation_change,long_call,21,300,INTU,2024-05-03,unusable event quote or stock
executive_compensation_change,long_call,21,300,UPS,2024-05-07,no usable strict ordinary-day match
executive_compensation_change,long_call,21,300,MDLZ,2024-05-23,unusable event quote or stock
executive_compensation_change,long_call,21,300,PYPL,2024-06-04,no usable strict ordinary-day match
executive_compensation_change,long_call,21,300,GOOGL,2024-06-10,no usable strict ordinary-day match
executive_compensation_change,long_call,21,300,GE,2024-07-02,unusable event quote or stock
executive_compensation_change,long_call,21,300,AMD,2024-07-03,unusable event quote or stock
executive_compensation_change,long_call,21,300,CSCO,2024-07-22,no usable strict ordinary-day match
executive_compensation_change,long_call,21,300,MCD,2024-07-29,no usable strict ordinary-day match
executive_compensation_change,long_call,21,300,MMM,2024-08-02,no usable strict ordinary-day match
executive_compensation_change,long_call,21,300,ADBE,2024-08-09,no usable strict ordinary-day match
executive_compensation_change,long_call,21,300,LLY,2024-09-10,no usable strict ordinary-day match
executive_compensation_change,long_call,21,300,TMUS,2024-09-16,no usable strict ordinary-day match
executive_compensation_change,long_call,21,300,KO,2024-10-18,no usable strict ordinary-day match
executive_compensation_change,long_call,21,300,CVS,2024-10-21,no usable strict ordinary-day match
executive_compensation_change,long_call,21,300,NOW,2024-10-24,no usable strict ordinary-day match
executive_compensation_change,long_call,21,300,MS,2024-10-25,no usable strict ordinary-day match
executive_compensation_change,long_call,21,300,INTU,2024-11-05,no usable strict ordinary-day match
executive_compensation_change,long_call,21,300,EMR,2024-11-06,unusable event quote or stock
executive_compensation_change,long_call,21,300,CVS,2024-11-19,no usable strict ordinary-day match
executive_compensation_change,long_call,21,300,BLK,2024-11-20,no usable strict ordinary-day match
executive_compensation_change,long_call,21,300,SBUX,2024-11-22,unusable event quote or stock
executive_compensation_change,long_call,21,300,LIN,2024-12-03,no usable strict ordinary-day match
executive_compensation_change,long_call,21,300,INTC,2024-12-04,no usable strict ordinary-day match
executive_compensation_change,long_call,21,300,KO,2024-12-12,no usable strict ordinary-day match
executive_compensation_change,long_call,21,300,ABBV,2024-12-16,no usable strict ordinary-day match
executive_compensation_change,long_call,21,300,BKNG,2024-12-19,unusable event quote or stock
executive_compensation_change,long_call,21,300,NOW,2024-12-30,unusable event quote or stock
executive_compensation_change,long_call,21,300,AMT,2025-01-08,no usable strict ordinary-day match
executive_compensation_change,long_call,21,300,DUK,2025-01-14,no usable strict ordinary-day match
executive_compensation_change,long_call,21,300,GS,2025-01-21,no usable strict ordinary-day match
executive_compensation_change,long_call,21,300,MDT,2025-01-22,no usable strict ordinary-day match
executive_compensation_change,long_call,21,300,PYPL,2025-01-23,no usable strict ordinary-day match
executive_compensation_change,long_call,21,300,TMUS,2025-01-28,no usable strict ordinary-day match
executive_compensation_change,long_call,21,300,USB,2025-01-29,no usable strict ordinary-day match
executive_compensation_change,long_call,21,300,COF,2025-02-10,no usable strict ordinary-day match
executive_compensation_change,long_call,21,300,BAC,2025-02-10,no usable strict ordinary-day match
executive_compensation_change,long_call,21,300,MA,2025-02-11,no usable strict ordinary-day match
executive_compensation_change,long_call,21,300,MS,2025-02-14,no usable strict ordinary-day match
executive_compensation_change,long_call,21,300,BLK,2025-02-18,no usable strict ordinary-day match
executive_compensation_change,long_call,21,300,C,2025-02-19,no usable strict ordinary-day match
executive_compensation_change,long_call,21,300,HON,2025-02-19,unusable event quote or stock
executive_compensation_change,long_call,21,300,DHR,2025-02-21,no usable strict ordinary-day match
executive_compensation_change,long_call,21,300,INTC,2025-03-03,no usable strict ordinary-day match
executive_compensation_change,long_call,21,300,BAC,2025-03-03,no usable strict ordinary-day match
executive_compensation_change,long_call,21,300,SBUX,2025-03-05,no usable strict ordinary-day match
executive_compensation_change,long_call,21,300,AMT,2025-03-06,no usable strict ordinary-day match
executive_compensation_change,long_call,21,300,INTC,2025-03-17,no usable strict ordinary-day match
executive_compensation_change,long_call,21,300,NEE,2025-03-18,no usable strict ordinary-day match
executive_compensation_change,long_call,21,300,VZ,2025-03-20,no usable strict ordinary-day match
executive_compensation_change,long_call,21,300,TMUS,2025-03-24,no usable strict ordinary-day match
executive_compensation_change,long_call,21,300,TMUS,2025-04-04,no usable strict ordinary-day match
executive_compensation_change,long_call,21,300,HON,2025-04-09,no usable strict ordinary-day match
executive_compensation_change,long_call,21,300,TMUS,2025-04-14,unusable event quote or stock
executive_compensation_change,long_call,21,300,CAT,2025-04-16,unusable event quote or stock
executive_compensation_change,long_call,21,300,LMT,2025-04-21,no usable strict ordinary-day match
executive_compensation_change,long_call,21,300,NKE,2025-05-06,no usable strict ordinary-day match
executive_compensation_change,long_call,21,300,ABBV,2025-05-14,no usable strict ordinary-day match
executive_compensation_change,long_call,21,300,CSCO,2025-05-14,no usable strict ordinary-day match
executive_compensation_change,long_call,21,300,UNH,2025-05-15,no usable strict ordinary-day match
executive_compensation_change,long_call,21,300,MO,2025-05-20,no usable strict ordinary-day match
executive_compensation_change,long_call,21,300,COF,2025-05-20,no usable strict ordinary-day match
executive_compensation_change,long_call,21,300,TGT,2025-05-22,no usable strict ordinary-day match
executive_compensation_change,long_call,21,300,TMO,2025-05-23,no usable strict ordinary-day match
executive_compensation_change,long_call,21,300,MDLZ,2025-05-28,no usable strict ordinary-day match
executive_compensation_change,long_call,21,300,CL,2025-05-30,no usable strict ordinary-day match
executive_compensation_change,long_call,21,300,UBER,2025-06-03,unusable event quote or stock
executive_compensation_change,long_call,21,300,SBUX,2025-06-05,no usable strict ordinary-day match
executive_compensation_change,long_call,21,300,COF,2025-06-06,no usable strict ordinary-day match
executive_compensation_change,long_call,21,300,CSCO,2025-06-10,no usable strict ordinary-day match
executive_compensation_change,long_call,21,300,GD,2025-06-10,no usable strict ordinary-day match
executive_compensation_change,long_call,21,300,INTU,2025-06-17,unusable event quote or stock
executive_compensation_change,long_call,21,300,SBUX,2025-07-03,unusable event quote or stock
executive_compensation_change,long_call,21,300,AMD,2025-07-03,unusable event quote or stock
executive_compensation_change,long_call,21,300,AIG,2025-07-22,no usable strict ordinary-day match
executive_compensation_change,long_call,21,300,DHR,2025-07-25,no usable strict ordinary-day match
executive_compensation_change,long_call,21,300,PG,2025-07-29,no usable strict ordinary-day match
executive_compensation_change,long_call,21,300,MET,2025-07-31,no usable strict ordinary-day match
executive_compensation_change,long_call,21,300,WFC,2025-08-01,no usable strict ordinary-day match
executive_compensation_change,long_call,21,300,UNH,2025-08-01,no usable strict ordinary-day match
executive_compensation_change,long_call,21,300,CHTR,2025-08-06,no usable strict ordinary-day match
executive_compensation_change,long_call,21,300,PG,2025-08-15,no usable strict ordinary-day match
executive_compensation_change,long_call,21,300,AVGO,2025-09-10,no usable strict ordinary-day match
executive_compensation_change,long_call,21,300,TMUS,2025-09-23,no usable strict ordinary-day match
executive_compensation_change,long_call,21,300,DIS,2025-10-02,no usable strict ordinary-day match
executive_compensation_change,long_call,21,300,FDX,2025-10-03,unusable event quote or stock
executive_compensation_change,long_call,21,300,PEP,2025-10-10,no usable strict ordinary-day match
executive_compensation_change,long_call,21,300,KO,2025-10-17,no usable strict ordinary-day match
executive_compensation_change,long_call,21,300,WMT,2025-10-23,no usable strict ordinary-day match
executive_compensation_change,long_call,21,300,C,2025-10-23,no usable strict ordinary-day match
executive_compensation_change,long_call,21,300,PM,2025-11-05,no usable strict ordinary-day match
executive_compensation_change,long_call,21,300,NFLX,2025-11-05,unusable event quote or stock
executive_compensation_change,long_call,21,300,COF,2025-11-10,no usable strict ordinary-day match
executive_compensation_change,long_call,21,300,EMR,2025-11-17,no usable strict ordinary-day match
executive_compensation_change,long_call,21,300,WMT,2025-11-17,no usable strict ordinary-day match
executive_compensation_change,long_call,21,300,GD,2025-12-08,unusable event quote or stock
executive_compensation_change,long_call,21,300,TMUS,2025-12-10,no usable strict ordinary-day match
executive_compensation_change,long_call,21,300,MO,2025-12-12,no usable strict ordinary-day match
executive_compensation_change,long_call,21,300,AMD,2025-12-16,no usable strict ordinary-day match
executive_compensation_change,long_call,21,300,CMCSA,2025-12-24,unusable event quote or stock
executive_compensation_change,long_call,21,300,NOW,2025-12-24,unusable event quote or stock
executive_compensation_change,covered_call,21,300,PYPL,2024-01-09,no usable strict ordinary-day match
executive_compensation_change,covered_call,21,300,BKNG,2024-01-22,no usable strict ordinary-day match
executive_compensation_change,covered_call,21,300,QCOM,2024-01-24,no usable strict ordinary-day match
executive_compensation_change,covered_call,21,300,ADBE,2024-01-29,no usable strict ordinary-day match
executive_compensation_change,covered_call,21,300,COF,2024-02-06,no usable strict ordinary-day match
executive_compensation_change,covered_call,21,300,AMT,2024-02-08,no usable strict ordinary-day match
executive_compensation_change,covered_call,21,300,PYPL,2024-02-13,no usable strict ordinary-day match
executive_compensation_change,covered_call,21,300,GS,2024-02-20,no usable strict ordinary-day match
executive_compensation_change,covered_call,21,300,INTC,2024-02-20,no usable strict ordinary-day match
executive_compensation_change,covered_call,21,300,MO,2024-02-27,unusable event quote or stock
executive_compensation_change,covered_call,21,300,MO,2024-02-29,no usable strict ordinary-day match
executive_compensation_change,covered_call,21,300,AMT,2024-03-04,no usable strict ordinary-day match
executive_compensation_change,covered_call,21,300,GD,2024-03-08,no usable strict ordinary-day match
executive_compensation_change,covered_call,21,300,MMM,2024-03-13,unusable event quote or stock
executive_compensation_change,covered_call,21,300,AMT,2024-03-15,unusable event quote or stock
executive_compensation_change,covered_call,21,300,DUK,2024-03-18,no usable strict ordinary-day match
executive_compensation_change,covered_call,21,300,BKNG,2024-04-08,no usable strict ordinary-day match
executive_compensation_change,covered_call,21,300,GE,2024-04-09,unusable event quote or stock
executive_compensation_change,covered_call,21,300,INTU,2024-05-03,unusable event quote or stock
executive_compensation_change,covered_call,21,300,UPS,2024-05-07,no usable strict ordinary-day match
executive_compensation_change,covered_call,21,300,MDLZ,2024-05-23,unusable event quote or stock
executive_compensation_change,covered_call,21,300,PYPL,2024-06-04,no usable strict ordinary-day match
executive_compensation_change,covered_call,21,300,GOOGL,2024-06-10,no usable strict ordinary-day match
executive_compensation_change,covered_call,21,300,GE,2024-07-02,unusable event quote or stock
executive_compensation_change,covered_call,21,300,AMD,2024-07-03,unusable event quote or stock
executive_compensation_change,covered_call,21,300,CSCO,2024-07-22,no usable strict ordinary-day match
executive_compensation_change,covered_call,21,300,MCD,2024-07-29,no usable strict ordinary-day match
executive_compensation_change,covered_call,21,300,MMM,2024-08-02,no usable strict ordinary-day match
executive_compensation_change,covered_call,21,300,ADBE,2024-08-09,no usable strict ordinary-day match
executive_compensation_change,covered_call,21,300,LLY,2024-09-10,no usable strict ordinary-day match
executive_compensation_change,covered_call,21,300,TMUS,2024-09-16,no usable strict ordinary-day match
executive_compensation_change,covered_call,21,300,KO,2024-10-18,no usable strict ordinary-day match
executive_compensation_change,covered_call,21,300,CVS,2024-10-21,no usable strict ordinary-day match
executive_compensation_change,covered_call,21,300,NOW,2024-10-24,no usable strict ordinary-day match
executive_compensation_change,covered_call,21,300,MS,2024-10-25,no usable strict ordinary-day match
executive_compensation_change,covered_call,21,300,INTU,2024-11-05,no usable strict ordinary-day match
executive_compensation_change,covered_call,21,300,EMR,2024-11-06,unusable event quote or stock
executive_compensation_change,covered_call,21,300,CVS,2024-11-19,no usable strict ordinary-day match
executive_compensation_change,covered_call,21,300,BLK,2024-11-20,no usable strict ordinary-day match
executive_compensation_change,covered_call,21,300,SBUX,2024-11-22,unusable event quote or stock
executive_compensation_change,covered_call,21,300,LIN,2024-12-03,no usable strict ordinary-day match
executive_compensation_change,covered_call,21,300,INTC,2024-12-04,no usable strict ordinary-day match
executive_compensation_change,covered_call,21,300,KO,2024-12-12,no usable strict ordinary-day match
executive_compensation_change,covered_call,21,300,ABBV,2024-12-16,no usable strict ordinary-day match
executive_compensation_change,covered_call,21,300,BKNG,2024-12-19,unusable event quote or stock
executive_compensation_change,covered_call,21,300,NOW,2024-12-30,unusable event quote or stock
executive_compensation_change,covered_call,21,300,AMT,2025-01-08,no usable strict ordinary-day match
executive_compensation_change,covered_call,21,300,DUK,2025-01-14,no usable strict ordinary-day match
executive_compensation_change,covered_call,21,300,GS,2025-01-21,no usable strict ordinary-day match
executive_compensation_change,covered_call,21,300,MDT,2025-01-22,no usable strict ordinary-day match
executive_compensation_change,covered_call,21,300,PYPL,2025-01-23,no usable strict ordinary-day match
executive_compensation_change,covered_call,21,300,TMUS,2025-01-28,no usable strict ordinary-day match
executive_compensation_change,covered_call,21,300,USB,2025-01-29,no usable strict ordinary-day match
executive_compensation_change,covered_call,21,300,COF,2025-02-10,no usable strict ordinary-day match
executive_compensation_change,covered_call,21,300,BAC,2025-02-10,no usable strict ordinary-day match
executive_compensation_change,covered_call,21,300,MA,2025-02-11,no usable strict ordinary-day match
executive_compensation_change,covered_call,21,300,MS,2025-02-14,no usable strict ordinary-day match
executive_compensation_change,covered_call,21,300,BLK,2025-02-18,no usable strict ordinary-day match
executive_compensation_change,covered_call,21,300,C,2025-02-19,no usable strict ordinary-day match
executive_compensation_change,covered_call,21,300,HON,2025-02-19,no usable strict ordinary-day match
executive_compensation_change,covered_call,21,300,DHR,2025-02-21,no usable strict ordinary-day match
executive_compensation_change,covered_call,21,300,INTC,2025-03-03,no usable strict ordinary-day match
executive_compensation_change,covered_call,21,300,BAC,2025-03-03,no usable strict ordinary-day match
executive_compensation_change,covered_call,21,300,SBUX,2025-03-05,no usable strict ordinary-day match
executive_compensation_change,covered_call,21,300,AMT,2025-03-06,no usable strict ordinary-day match
executive_compensation_change,covered_call,21,300,INTC,2025-03-17,no usable strict ordinary-day match
executive_compensation_change,covered_call,21,300,NEE,2025-03-18,no usable strict ordinary-day match
executive_compensation_change,covered_call,21,300,VZ,2025-03-20,no usable strict ordinary-day match
executive_compensation_change,covered_call,21,300,TMUS,2025-03-24,no usable strict ordinary-day match
executive_compensation_change,covered_call,21,300,TMUS,2025-04-04,no usable strict ordinary-day match
executive_compensation_change,covered_call,21,300,HON,2025-04-09,no usable strict ordinary-day match
executive_compensation_change,covered_call,21,300,TMUS,2025-04-14,unusable event quote or stock
executive_compensation_change,covered_call,21,300,CAT,2025-04-16,unusable event quote or stock
executive_compensation_change,covered_call,21,300,LMT,2025-04-21,no usable strict ordinary-day match
executive_compensation_change,covered_call,21,300,NKE,2025-05-06,no usable strict ordinary-day match
executive_compensation_change,covered_call,21,300,ABBV,2025-05-14,no usable strict ordinary-day match
executive_compensation_change,covered_call,21,300,CSCO,2025-05-14,no usable strict ordinary-day match
executive_compensation_change,covered_call,21,300,UNH,2025-05-15,no usable strict ordinary-day match
executive_compensation_change,covered_call,21,300,MO,2025-05-20,no usable strict ordinary-day match
executive_compensation_change,covered_call,21,300,COF,2025-05-20,no usable strict ordinary-day match
executive_compensation_change,covered_call,21,300,TGT,2025-05-22,no usable strict ordinary-day match
executive_compensation_change,covered_call,21,300,TMO,2025-05-23,no usable strict ordinary-day match
executive_compensation_change,covered_call,21,300,MDLZ,2025-05-28,no usable strict ordinary-day match
executive_compensation_change,covered_call,21,300,CL,2025-05-30,no usable strict ordinary-day match
executive_compensation_change,covered_call,21,300,UBER,2025-06-03,unusable event quote or stock
executive_compensation_change,covered_call,21,300,SBUX,2025-06-05,no usable strict ordinary-day match
executive_compensation_change,covered_call,21,300,COF,2025-06-06,no usable strict ordinary-day match
executive_compensation_change,covered_call,21,300,CSCO,2025-06-10,no usable strict ordinary-day match
executive_compensation_change,covered_call,21,300,GD,2025-06-10,no usable strict ordinary-day match
executive_compensation_change,covered_call,21,300,INTU,2025-06-17,unusable event quote or stock
executive_compensation_change,covered_call,21,300,SBUX,2025-07-03,unusable event quote or stock
executive_compensation_change,covered_call,21,300,AMD,2025-07-03,unusable event quote or stock
executive_compensation_change,covered_call,21,300,AIG,2025-07-22,no usable strict ordinary-day match
executive_compensation_change,covered_call,21,300,DHR,2025-07-25,no usable strict ordinary-day match
executive_compensation_change,covered_call,21,300,PG,2025-07-29,no usable strict ordinary-day match
executive_compensation_change,covered_call,21,300,MET,2025-07-31,no usable strict ordinary-day match
executive_compensation_change,covered_call,21,300,WFC,2025-08-01,no usable strict ordinary-day match
executive_compensation_change,covered_call,21,300,UNH,2025-08-01,no usable strict ordinary-day match
executive_compensation_change,covered_call,21,300,CHTR,2025-08-06,no usable strict ordinary-day match
executive_compensation_change,covered_call,21,300,PG,2025-08-15,no usable strict ordinary-day match
executive_compensation_change,covered_call,21,300,AVGO,2025-09-10,no usable strict ordinary-day match
executive_compensation_change,covered_call,21,300,TMUS,2025-09-23,no usable strict ordinary-day match
executive_compensation_change,covered_call,21,300,DIS,2025-10-02,no usable strict ordinary-day match
executive_compensation_change,covered_call,21,300,FDX,2025-10-03,unusable event quote or stock
executive_compensation_change,covered_call,21,300,PEP,2025-10-10,no usable strict ordinary-day match
executive_compensation_change,covered_call,21,300,KO,2025-10-17,no usable strict ordinary-day match
executive_compensation_change,covered_call,21,300,WMT,2025-10-23,no usable strict ordinary-day match
executive_compensation_change,covered_call,21,300,C,2025-10-23,no usable strict ordinary-day match
executive_compensation_change,covered_call,21,300,PM,2025-11-05,no usable strict ordinary-day match
executive_compensation_change,covered_call,21,300,NFLX,2025-11-05,unusable event quote or stock
executive_compensation_change,covered_call,21,300,COF,2025-11-10,no usable strict ordinary-day match
executive_compensation_change,covered_call,21,300,EMR,2025-11-17,no usable strict ordinary-day match
executive_compensation_change,covered_call,21,300,WMT,2025-11-17,no usable strict ordinary-day match
executive_compensation_change,covered_call,21,300,GD,2025-12-08,unusable event quote or stock
executive_compensation_change,covered_call,21,300,TMUS,2025-12-10,no usable strict ordinary-day match
executive_compensation_change,covered_call,21,300,MO,2025-12-12,no usable strict ordinary-day match
executive_compensation_change,covered_call,21,300,AMD,2025-12-16,no usable strict ordinary-day match
executive_compensation_change,covered_call,21,300,CMCSA,2025-12-24,unusable event quote or stock
executive_compensation_change,covered_call,21,300,NOW,2025-12-24,unusable event quote or stock
executive_compensation_change,protective_put,21,300,PYPL,2024-01-09,no usable strict ordinary-day match
executive_compensation_change,protective_put,21,300,BKNG,2024-01-22,no usable strict ordinary-day match
executive_compensation_change,protective_put,21,300,QCOM,2024-01-24,no usable strict ordinary-day match
executive_compensation_change,protective_put,21,300,ADBE,2024-01-29,no usable strict ordinary-day match
executive_compensation_change,protective_put,21,300,COF,2024-02-06,no usable strict ordinary-day match
executive_compensation_change,protective_put,21,300,AMT,2024-02-08,no usable strict ordinary-day match
executive_compensation_change,protective_put,21,300,PYPL,2024-02-13,no usable strict ordinary-day match
executive_compensation_change,protective_put,21,300,GS,2024-02-20,no usable strict ordinary-day match
executive_compensation_change,protective_put,21,300,INTC,2024-02-20,no usable strict ordinary-day match
executive_compensation_change,protective_put,21,300,MO,2024-02-27,no usable strict ordinary-day match
executive_compensation_change,protective_put,21,300,MO,2024-02-29,unusable event quote or stock
executive_compensation_change,protective_put,21,300,AMT,2024-03-04,no usable strict ordinary-day match
executive_compensation_change,protective_put,21,300,GD,2024-03-08,no usable strict ordinary-day match
executive_compensation_change,protective_put,21,300,MMM,2024-03-13,unusable event quote or stock
executive_compensation_change,protective_put,21,300,AMT,2024-03-15,unusable event quote or stock
executive_compensation_change,protective_put,21,300,BKNG,2024-04-08,no usable strict ordinary-day match
executive_compensation_change,protective_put,21,300,GE,2024-04-09,unusable event quote or stock
executive_compensation_change,protective_put,21,300,INTU,2024-05-03,unusable event quote or stock
executive_compensation_change,protective_put,21,300,UPS,2024-05-07,no usable strict ordinary-day match
executive_compensation_change,protective_put,21,300,MDLZ,2024-05-23,unusable event quote or stock
executive_compensation_change,protective_put,21,300,PYPL,2024-06-04,no usable strict ordinary-day match
executive_compensation_change,protective_put,21,300,GOOGL,2024-06-10,no usable strict ordinary-day match
executive_compensation_change,protective_put,21,300,GE,2024-07-02,unusable event quote or stock
executive_compensation_change,protective_put,21,300,AMD,2024-07-03,unusable event quote or stock
executive_compensation_change,protective_put,21,300,CSCO,2024-07-22,unusable event quote or stock
executive_compensation_change,protective_put,21,300,MCD,2024-07-29,no usable strict ordinary-day match
executive_compensation_change,protective_put,21,300,MMM,2024-08-02,no usable strict ordinary-day match
executive_compensation_change,protective_put,21,300,ADBE,2024-08-09,no usable strict ordinary-day match
executive_compensation_change,protective_put,21,300,LLY,2024-09-10,no usable strict ordinary-day match
executive_compensation_change,protective_put,21,300,TMUS,2024-09-16,no usable strict ordinary-day match
executive_compensation_change,protective_put,21,300,KO,2024-10-18,no usable strict ordinary-day match
executive_compensation_change,protective_put,21,300,CVS,2024-10-21,no usable strict ordinary-day match
executive_compensation_change,protective_put,21,300,NOW,2024-10-24,no usable strict ordinary-day match
executive_compensation_change,protective_put,21,300,MS,2024-10-25,no usable strict ordinary-day match
executive_compensation_change,protective_put,21,300,INTU,2024-11-05,no usable strict ordinary-day match
executive_compensation_change,protective_put,21,300,EMR,2024-11-06,unusable event quote or stock
executive_compensation_change,protective_put,21,300,CVS,2024-11-19,no usable strict ordinary-day match
executive_compensation_change,protective_put,21,300,BLK,2024-11-20,no usable strict ordinary-day match
executive_compensation_change,protective_put,21,300,SBUX,2024-11-22,unusable event quote or stock
executive_compensation_change,protective_put,21,300,LIN,2024-12-03,unusable event quote or stock
executive_compensation_change,protective_put,21,300,INTC,2024-12-04,no usable strict ordinary-day match
executive_compensation_change,protective_put,21,300,KO,2024-12-12,no usable strict ordinary-day match
executive_compensation_change,protective_put,21,300,ABBV,2024-12-16,no usable strict ordinary-day match
executive_compensation_change,protective_put,21,300,BKNG,2024-12-19,unusable event quote or stock
executive_compensation_change,protective_put,21,300,NOW,2024-12-30,unusable event quote or stock
executive_compensation_change,protective_put,21,300,AMT,2025-01-08,no usable strict ordinary-day match
executive_compensation_change,protective_put,21,300,DUK,2025-01-14,no usable strict ordinary-day match
executive_compensation_change,protective_put,21,300,GS,2025-01-21,no usable strict ordinary-day match
executive_compensation_change,protective_put,21,300,MDT,2025-01-22,no usable strict ordinary-day match
executive_compensation_change,protective_put,21,300,PYPL,2025-01-23,no usable strict ordinary-day match
executive_compensation_change,protective_put,21,300,TMUS,2025-01-28,no usable strict ordinary-day match
executive_compensation_change,protective_put,21,300,USB,2025-01-29,no usable strict ordinary-day match
executive_compensation_change,protective_put,21,300,COF,2025-02-10,no usable strict ordinary-day match
executive_compensation_change,protective_put,21,300,BAC,2025-02-10,no usable strict ordinary-day match
executive_compensation_change,protective_put,21,300,MA,2025-02-11,no usable strict ordinary-day match
executive_compensation_change,protective_put,21,300,MS,2025-02-14,no usable strict ordinary-day match
executive_compensation_change,protective_put,21,300,BLK,2025-02-18,no usable strict ordinary-day match
executive_compensation_change,protective_put,21,300,C,2025-02-19,no usable strict ordinary-day match
executive_compensation_change,protective_put,21,300,HON,2025-02-19,no usable strict ordinary-day match
executive_compensation_change,protective_put,21,300,DHR,2025-02-21,no usable strict ordinary-day match
executive_compensation_change,protective_put,21,300,INTC,2025-03-03,no usable strict ordinary-day match
executive_compensation_change,protective_put,21,300,BAC,2025-03-03,no usable strict ordinary-day match
executive_compensation_change,protective_put,21,300,SBUX,2025-03-05,no usable strict ordinary-day match
executive_compensation_change,protective_put,21,300,AMT,2025-03-06,no usable strict ordinary-day match
executive_compensation_change,protective_put,21,300,INTC,2025-03-17,no usable strict ordinary-day match
executive_compensation_change,protective_put,21,300,NEE,2025-03-18,no usable strict ordinary-day match
executive_compensation_change,protective_put,21,300,VZ,2025-03-20,no usable strict ordinary-day match
executive_compensation_change,protective_put,21,300,TMUS,2025-03-24,no usable strict ordinary-day match
executive_compensation_change,protective_put,21,300,TMUS,2025-04-04,no usable strict ordinary-day match
executive_compensation_change,protective_put,21,300,HON,2025-04-09,no usable strict ordinary-day match
executive_compensation_change,protective_put,21,300,TMUS,2025-04-14,unusable event quote or stock
executive_compensation_change,protective_put,21,300,CAT,2025-04-16,unusable event quote or stock
executive_compensation_change,protective_put,21,300,LMT,2025-04-21,no usable strict ordinary-day match
executive_compensation_change,protective_put,21,300,NKE,2025-05-06,no usable strict ordinary-day match
executive_compensation_change,protective_put,21,300,ABBV,2025-05-14,no usable strict ordinary-day match
executive_compensation_change,protective_put,21,300,CSCO,2025-05-14,no usable strict ordinary-day match
executive_compensation_change,protective_put,21,300,UNH,2025-05-15,no usable strict ordinary-day match
executive_compensation_change,protective_put,21,300,MO,2025-05-20,no usable strict ordinary-day match
executive_compensation_change,protective_put,21,300,COF,2025-05-20,no usable strict ordinary-day match
executive_compensation_change,protective_put,21,300,TGT,2025-05-22,no usable strict ordinary-day match
executive_compensation_change,protective_put,21,300,TMO,2025-05-23,no usable strict ordinary-day match
executive_compensation_change,protective_put,21,300,MDLZ,2025-05-28,no usable strict ordinary-day match
executive_compensation_change,protective_put,21,300,CL,2025-05-30,no usable strict ordinary-day match
executive_compensation_change,protective_put,21,300,UBER,2025-06-03,unusable event quote or stock
executive_compensation_change,protective_put,21,300,SBUX,2025-06-05,no usable strict ordinary-day match
executive_compensation_change,protective_put,21,300,COF,2025-06-06,no usable strict ordinary-day match
executive_compensation_change,protective_put,21,300,CSCO,2025-06-10,no usable strict ordinary-day match
executive_compensation_change,protective_put,21,300,GD,2025-06-10,no usable strict ordinary-day match
executive_compensation_change,protective_put,21,300,INTU,2025-06-17,unusable event quote or stock
executive_compensation_change,protective_put,21,300,SBUX,2025-07-03,unusable event quote or stock
executive_compensation_change,protective_put,21,300,AMD,2025-07-03,unusable event quote or stock
executive_compensation_change,protective_put,21,300,AIG,2025-07-22,no usable strict ordinary-day match
executive_compensation_change,protective_put,21,300,DHR,2025-07-25,no usable strict ordinary-day match
executive_compensation_change,protective_put,21,300,PG,2025-07-29,no usable strict ordinary-day match
executive_compensation_change,protective_put,21,300,MET,2025-07-31,no usable strict ordinary-day match
executive_compensation_change,protective_put,21,300,WFC,2025-08-01,no usable strict ordinary-day match
executive_compensation_change,protective_put,21,300,UNH,2025-08-01,no usable strict ordinary-day match
executive_compensation_change,protective_put,21,300,CHTR,2025-08-06,no usable strict ordinary-day match
executive_compensation_change,protective_put,21,300,PG,2025-08-15,no usable strict ordinary-day match
executive_compensation_change,protective_put,21,300,AVGO,2025-09-10,no usable strict ordinary-day match
executive_compensation_change,protective_put,21,300,TMUS,2025-09-23,no usable strict ordinary-day match
executive_compensation_change,protective_put,21,300,DIS,2025-10-02,no usable strict ordinary-day match
executive_compensation_change,protective_put,21,300,FDX,2025-10-03,unusable event quote or stock
executive_compensation_change,protective_put,21,300,PEP,2025-10-10,no usable strict ordinary-day match
executive_compensation_change,protective_put,21,300,KO,2025-10-17,no usable strict ordinary-day match
executive_compensation_change,protective_put,21,300,WMT,2025-10-23,no usable strict ordinary-day match
executive_compensation_change,protective_put,21,300,C,2025-10-23,no usable strict ordinary-day match
executive_compensation_change,protective_put,21,300,PM,2025-11-05,no usable strict ordinary-day match
executive_compensation_change,protective_put,21,300,NFLX,2025-11-05,unusable event quote or stock
executive_compensation_change,protective_put,21,300,COF,2025-11-10,no usable strict ordinary-day match
executive_compensation_change,protective_put,21,300,EMR,2025-11-17,no usable strict ordinary-day match
executive_compensation_change,protective_put,21,300,WMT,2025-11-17,no usable strict ordinary-day match
executive_compensation_change,protective_put,21,300,GD,2025-12-08,unusable event quote or stock
executive_compensation_change,protective_put,21,300,TMUS,2025-12-10,no usable strict ordinary-day match
executive_compensation_change,protective_put,21,300,MO,2025-12-12,no usable strict ordinary-day match
executive_compensation_change,protective_put,21,300,AMD,2025-12-16,no usable strict ordinary-day match
executive_compensation_change,protective_put,21,300,CMCSA,2025-12-24,unusable event quote or stock
executive_compensation_change,protective_put,21,300,NOW,2025-12-24,unusable event quote or stock
executive_compensation_change,collar,21,300,PYPL,2024-01-09,no usable strict ordinary-day match
executive_compensation_change,collar,21,300,BKNG,2024-01-22,no usable strict ordinary-day match
executive_compensation_change,collar,21,300,QCOM,2024-01-24,no usable strict ordinary-day match
executive_compensation_change,collar,21,300,ADBE,2024-01-29,no usable strict ordinary-day match
executive_compensation_change,collar,21,300,COF,2024-02-06,no usable strict ordinary-day match
executive_compensation_change,collar,21,300,AMT,2024-02-08,no usable strict ordinary-day match
executive_compensation_change,collar,21,300,PYPL,2024-02-13,no usable strict ordinary-day match
executive_compensation_change,collar,21,300,GS,2024-02-20,no usable strict ordinary-day match
executive_compensation_change,collar,21,300,INTC,2024-02-20,no usable strict ordinary-day match
executive_compensation_change,collar,21,300,MO,2024-02-27,unusable event quote or stock
executive_compensation_change,collar,21,300,MO,2024-02-29,unusable event quote or stock
executive_compensation_change,collar,21,300,AMT,2024-03-04,no usable strict ordinary-day match
executive_compensation_change,collar,21,300,GD,2024-03-08,no usable strict ordinary-day match
executive_compensation_change,collar,21,300,MMM,2024-03-13,unusable event quote or stock
executive_compensation_change,collar,21,300,AMT,2024-03-15,unusable event quote or stock
executive_compensation_change,collar,21,300,DUK,2024-03-18,no usable strict ordinary-day match
executive_compensation_change,collar,21,300,BKNG,2024-04-08,no usable strict ordinary-day match
executive_compensation_change,collar,21,300,GE,2024-04-09,unusable event quote or stock
executive_compensation_change,collar,21,300,INTU,2024-05-03,unusable event quote or stock
executive_compensation_change,collar,21,300,UPS,2024-05-07,no usable strict ordinary-day match
executive_compensation_change,collar,21,300,MDLZ,2024-05-23,unusable event quote or stock
executive_compensation_change,collar,21,300,PYPL,2024-06-04,no usable strict ordinary-day match
executive_compensation_change,collar,21,300,GOOGL,2024-06-10,no usable strict ordinary-day match
executive_compensation_change,collar,21,300,GE,2024-07-02,unusable event quote or stock
executive_compensation_change,collar,21,300,AMD,2024-07-03,unusable event quote or stock
executive_compensation_change,collar,21,300,CSCO,2024-07-22,unusable event quote or stock
executive_compensation_change,collar,21,300,MCD,2024-07-29,no usable strict ordinary-day match
executive_compensation_change,collar,21,300,MMM,2024-08-02,no usable strict ordinary-day match
executive_compensation_change,collar,21,300,ADBE,2024-08-09,no usable strict ordinary-day match
executive_compensation_change,collar,21,300,LLY,2024-09-10,no usable strict ordinary-day match
executive_compensation_change,collar,21,300,TMUS,2024-09-16,no usable strict ordinary-day match
executive_compensation_change,collar,21,300,KO,2024-10-18,no usable strict ordinary-day match
executive_compensation_change,collar,21,300,CVS,2024-10-21,no usable strict ordinary-day match
executive_compensation_change,collar,21,300,NOW,2024-10-24,no usable strict ordinary-day match
executive_compensation_change,collar,21,300,MS,2024-10-25,no usable strict ordinary-day match
executive_compensation_change,collar,21,300,INTU,2024-11-05,no usable strict ordinary-day match
executive_compensation_change,collar,21,300,EMR,2024-11-06,unusable event quote or stock
executive_compensation_change,collar,21,300,CVS,2024-11-19,no usable strict ordinary-day match
executive_compensation_change,collar,21,300,BLK,2024-11-20,no usable strict ordinary-day match
executive_compensation_change,collar,21,300,SBUX,2024-11-22,unusable event quote or stock
executive_compensation_change,collar,21,300,LIN,2024-12-03,unusable event quote or stock
executive_compensation_change,collar,21,300,INTC,2024-12-04,no usable strict ordinary-day match
executive_compensation_change,collar,21,300,KO,2024-12-12,no usable strict ordinary-day match
executive_compensation_change,collar,21,300,ABBV,2024-12-16,no usable strict ordinary-day match
executive_compensation_change,collar,21,300,BKNG,2024-12-19,unusable event quote or stock
executive_compensation_change,collar,21,300,NOW,2024-12-30,unusable event quote or stock
executive_compensation_change,collar,21,300,AMT,2025-01-08,no usable strict ordinary-day match
executive_compensation_change,collar,21,300,DUK,2025-01-14,no usable strict ordinary-day match
executive_compensation_change,collar,21,300,GS,2025-01-21,no usable strict ordinary-day match
executive_compensation_change,collar,21,300,MDT,2025-01-22,no usable strict ordinary-day match
executive_compensation_change,collar,21,300,PYPL,2025-01-23,no usable strict ordinary-day match
executive_compensation_change,collar,21,300,TMUS,2025-01-28,no usable strict ordinary-day match
executive_compensation_change,collar,21,300,USB,2025-01-29,no usable strict ordinary-day match
executive_compensation_change,collar,21,300,COF,2025-02-10,no usable strict ordinary-day match
executive_compensation_change,collar,21,300,BAC,2025-02-10,no usable strict ordinary-day match
executive_compensation_change,collar,21,300,MA,2025-02-11,no usable strict ordinary-day match
executive_compensation_change,collar,21,300,MS,2025-02-14,no usable strict ordinary-day match
executive_compensation_change,collar,21,300,BLK,2025-02-18,no usable strict ordinary-day match
executive_compensation_change,collar,21,300,C,2025-02-19,no usable strict ordinary-day match
executive_compensation_change,collar,21,300,HON,2025-02-19,no usable strict ordinary-day match
executive_compensation_change,collar,21,300,DHR,2025-02-21,no usable strict ordinary-day match
executive_compensation_change,collar,21,300,INTC,2025-03-03,no usable strict ordinary-day match
executive_compensation_change,collar,21,300,BAC,2025-03-03,no usable strict ordinary-day match
executive_compensation_change,collar,21,300,SBUX,2025-03-05,no usable strict ordinary-day match
executive_compensation_change,collar,21,300,AMT,2025-03-06,no usable strict ordinary-day match
executive_compensation_change,collar,21,300,INTC,2025-03-17,no usable strict ordinary-day match
executive_compensation_change,collar,21,300,NEE,2025-03-18,no usable strict ordinary-day match
executive_compensation_change,collar,21,300,VZ,2025-03-20,no usable strict ordinary-day match
executive_compensation_change,collar,21,300,TMUS,2025-03-24,no usable strict ordinary-day match
executive_compensation_change,collar,21,300,TMUS,2025-04-04,no usable strict ordinary-day match
executive_compensation_change,collar,21,300,HON,2025-04-09,no usable strict ordinary-day match
executive_compensation_change,collar,21,300,TMUS,2025-04-14,unusable event quote or stock
executive_compensation_change,collar,21,300,CAT,2025-04-16,unusable event quote or stock
executive_compensation_change,collar,21,300,LMT,2025-04-21,no usable strict ordinary-day match
executive_compensation_change,collar,21,300,NKE,2025-05-06,no usable strict ordinary-day match
executive_compensation_change,collar,21,300,ABBV,2025-05-14,no usable strict ordinary-day match
executive_compensation_change,collar,21,300,CSCO,2025-05-14,no usable strict ordinary-day match
executive_compensation_change,collar,21,300,UNH,2025-05-15,no usable strict ordinary-day match
executive_compensation_change,collar,21,300,MO,2025-05-20,no usable strict ordinary-day match
executive_compensation_change,collar,21,300,COF,2025-05-20,no usable strict ordinary-day match
executive_compensation_change,collar,21,300,TGT,2025-05-22,no usable strict ordinary-day match
executive_compensation_change,collar,21,300,TMO,2025-05-23,no usable strict ordinary-day match
executive_compensation_change,collar,21,300,MDLZ,2025-05-28,no usable strict ordinary-day match
executive_compensation_change,collar,21,300,CL,2025-05-30,no usable strict ordinary-day match
executive_compensation_change,collar,21,300,UBER,2025-06-03,unusable event quote or stock
executive_compensation_change,collar,21,300,SBUX,2025-06-05,no usable strict ordinary-day match
executive_compensation_change,collar,21,300,COF,2025-06-06,no usable strict ordinary-day match
executive_compensation_change,collar,21,300,CSCO,2025-06-10,no usable strict ordinary-day match
executive_compensation_change,collar,21,300,GD,2025-06-10,no usable strict ordinary-day match
executive_compensation_change,collar,21,300,INTU,2025-06-17,unusable event quote or stock
executive_compensation_change,collar,21,300,SBUX,2025-07-03,unusable event quote or stock
executive_compensation_change,collar,21,300,AMD,2025-07-03,unusable event quote or stock
executive_compensation_change,collar,21,300,AIG,2025-07-22,no usable strict ordinary-day match
executive_compensation_change,collar,21,300,DHR,2025-07-25,no usable strict ordinary-day match
executive_compensation_change,collar,21,300,PG,2025-07-29,no usable strict ordinary-day match
executive_compensation_change,collar,21,300,MET,2025-07-31,no usable strict ordinary-day match
executive_compensation_change,collar,21,300,WFC,2025-08-01,no usable strict ordinary-day match
executive_compensation_change,collar,21,300,UNH,2025-08-01,no usable strict ordinary-day match
executive_compensation_change,collar,21,300,CHTR,2025-08-06,no usable strict ordinary-day match
executive_compensation_change,collar,21,300,PG,2025-08-15,no usable strict ordinary-day match
executive_compensation_change,collar,21,300,AVGO,2025-09-10,no usable strict ordinary-day match
executive_compensation_change,collar,21,300,TMUS,2025-09-23,no usable strict ordinary-day match
executive_compensation_change,collar,21,300,DIS,2025-10-02,no usable strict ordinary-day match
executive_compensation_change,collar,21,300,FDX,2025-10-03,unusable event quote or stock
executive_compensation_change,collar,21,300,PEP,2025-10-10,no usable strict ordinary-day match
executive_compensation_change,collar,21,300,KO,2025-10-17,no usable strict ordinary-day match
executive_compensation_change,collar,21,300,WMT,2025-10-23,no usable strict ordinary-day match
executive_compensation_change,collar,21,300,C,2025-10-23,no usable strict ordinary-day match
executive_compensation_change,collar,21,300,PM,2025-11-05,no usable strict ordinary-day match
executive_compensation_change,collar,21,300,NFLX,2025-11-05,unusable event quote or stock
executive_compensation_change,collar,21,300,COF,2025-11-10,no usable strict ordinary-day match
executive_compensation_change,collar,21,300,EMR,2025-11-17,no usable strict ordinary-day match
executive_compensation_change,collar,21,300,WMT,2025-11-17,no usable strict ordinary-day match
executive_compensation_change,collar,21,300,GD,2025-12-08,unusable event quote or stock
executive_compensation_change,collar,21,300,TMUS,2025-12-10,no usable strict ordinary-day match
executive_compensation_change,collar,21,300,MO,2025-12-12,no usable strict ordinary-day match
executive_compensation_change,collar,21,300,AMD,2025-12-16,no usable strict ordinary-day match
executive_compensation_change,collar,21,300,CMCSA,2025-12-24,unusable event quote or stock
executive_compensation_change,collar,21,300,NOW,2025-12-24,unusable event quote or stock
executive_compensation_change,cash_secured_put,21,300,PYPL,2024-01-09,no usable strict ordinary-day match
executive_compensation_change,cash_secured_put,21,300,BKNG,2024-01-22,no usable strict ordinary-day match
executive_compensation_change,cash_secured_put,21,300,QCOM,2024-01-24,no usable strict ordinary-day match
executive_compensation_change,cash_secured_put,21,300,ADBE,2024-01-29,no usable strict ordinary-day match
executive_compensation_change,cash_secured_put,21,300,COF,2024-02-06,no usable strict ordinary-day match
executive_compensation_change,cash_secured_put,21,300,AMT,2024-02-08,no usable strict ordinary-day match
executive_compensation_change,cash_secured_put,21,300,PYPL,2024-02-13,no usable strict ordinary-day match
executive_compensation_change,cash_secured_put,21,300,GS,2024-02-20,no usable strict ordinary-day match
executive_compensation_change,cash_secured_put,21,300,INTC,2024-02-20,no usable strict ordinary-day match
executive_compensation_change,cash_secured_put,21,300,MO,2024-02-27,no usable strict ordinary-day match
executive_compensation_change,cash_secured_put,21,300,MO,2024-02-29,unusable event quote or stock
executive_compensation_change,cash_secured_put,21,300,AMT,2024-03-04,no usable strict ordinary-day match
executive_compensation_change,cash_secured_put,21,300,GD,2024-03-08,no usable strict ordinary-day match
executive_compensation_change,cash_secured_put,21,300,MMM,2024-03-13,unusable event quote or stock
executive_compensation_change,cash_secured_put,21,300,AMT,2024-03-15,unusable event quote or stock
executive_compensation_change,cash_secured_put,21,300,BKNG,2024-04-08,no usable strict ordinary-day match
executive_compensation_change,cash_secured_put,21,300,GE,2024-04-09,unusable event quote or stock
executive_compensation_change,cash_secured_put,21,300,INTU,2024-05-03,unusable event quote or stock
executive_compensation_change,cash_secured_put,21,300,UPS,2024-05-07,no usable strict ordinary-day match
executive_compensation_change,cash_secured_put,21,300,MDLZ,2024-05-23,unusable event quote or stock
executive_compensation_change,cash_secured_put,21,300,PYPL,2024-06-04,no usable strict ordinary-day match
executive_compensation_change,cash_secured_put,21,300,GOOGL,2024-06-10,no usable strict ordinary-day match
executive_compensation_change,cash_secured_put,21,300,GE,2024-07-02,unusable event quote or stock
executive_compensation_change,cash_secured_put,21,300,AMD,2024-07-03,unusable event quote or stock
executive_compensation_change,cash_secured_put,21,300,CSCO,2024-07-22,unusable event quote or stock
executive_compensation_change,cash_secured_put,21,300,MCD,2024-07-29,no usable strict ordinary-day match
executive_compensation_change,cash_secured_put,21,300,MMM,2024-08-02,no usable strict ordinary-day match
executive_compensation_change,cash_secured_put,21,300,ADBE,2024-08-09,no usable strict ordinary-day match
executive_compensation_change,cash_secured_put,21,300,LLY,2024-09-10,no usable strict ordinary-day match
executive_compensation_change,cash_secured_put,21,300,TMUS,2024-09-16,no usable strict ordinary-day match
executive_compensation_change,cash_secured_put,21,300,KO,2024-10-18,no usable strict ordinary-day match
executive_compensation_change,cash_secured_put,21,300,CVS,2024-10-21,no usable strict ordinary-day match
executive_compensation_change,cash_secured_put,21,300,NOW,2024-10-24,no usable strict ordinary-day match
executive_compensation_change,cash_secured_put,21,300,MS,2024-10-25,no usable strict ordinary-day match
executive_compensation_change,cash_secured_put,21,300,INTU,2024-11-05,no usable strict ordinary-day match
executive_compensation_change,cash_secured_put,21,300,EMR,2024-11-06,unusable event quote or stock
executive_compensation_change,cash_secured_put,21,300,CVS,2024-11-19,no usable strict ordinary-day match
executive_compensation_change,cash_secured_put,21,300,BLK,2024-11-20,no usable strict ordinary-day match
executive_compensation_change,cash_secured_put,21,300,SBUX,2024-11-22,unusable event quote or stock
executive_compensation_change,cash_secured_put,21,300,LIN,2024-12-03,unusable event quote or stock
executive_compensation_change,cash_secured_put,21,300,INTC,2024-12-04,no usable strict ordinary-day match
executive_compensation_change,cash_secured_put,21,300,KO,2024-12-12,no usable strict ordinary-day match
executive_compensation_change,cash_secured_put,21,300,ABBV,2024-12-16,no usable strict ordinary-day match
executive_compensation_change,cash_secured_put,21,300,BKNG,2024-12-19,unusable event quote or stock
executive_compensation_change,cash_secured_put,21,300,NOW,2024-12-30,unusable event quote or stock
executive_compensation_change,cash_secured_put,21,300,AMT,2025-01-08,no usable strict ordinary-day match
executive_compensation_change,cash_secured_put,21,300,DUK,2025-01-14,no usable strict ordinary-day match
executive_compensation_change,cash_secured_put,21,300,GS,2025-01-21,no usable strict ordinary-day match
executive_compensation_change,cash_secured_put,21,300,MDT,2025-01-22,no usable strict ordinary-day match
executive_compensation_change,cash_secured_put,21,300,PYPL,2025-01-23,no usable strict ordinary-day match
executive_compensation_change,cash_secured_put,21,300,TMUS,2025-01-28,no usable strict ordinary-day match
executive_compensation_change,cash_secured_put,21,300,USB,2025-01-29,no usable strict ordinary-day match
executive_compensation_change,cash_secured_put,21,300,COF,2025-02-10,no usable strict ordinary-day match
executive_compensation_change,cash_secured_put,21,300,BAC,2025-02-10,no usable strict ordinary-day match
executive_compensation_change,cash_secured_put,21,300,MA,2025-02-11,no usable strict ordinary-day match
executive_compensation_change,cash_secured_put,21,300,MS,2025-02-14,no usable strict ordinary-day match
executive_compensation_change,cash_secured_put,21,300,BLK,2025-02-18,no usable strict ordinary-day match
executive_compensation_change,cash_secured_put,21,300,C,2025-02-19,no usable strict ordinary-day match
executive_compensation_change,cash_secured_put,21,300,HON,2025-02-19,no usable strict ordinary-day match
executive_compensation_change,cash_secured_put,21,300,DHR,2025-02-21,no usable strict ordinary-day match
executive_compensation_change,cash_secured_put,21,300,INTC,2025-03-03,no usable strict ordinary-day match
executive_compensation_change,cash_secured_put,21,300,BAC,2025-03-03,no usable strict ordinary-day match
executive_compensation_change,cash_secured_put,21,300,SBUX,2025-03-05,no usable strict ordinary-day match
executive_compensation_change,cash_secured_put,21,300,AMT,2025-03-06,no usable strict ordinary-day match
executive_compensation_change,cash_secured_put,21,300,INTC,2025-03-17,no usable strict ordinary-day match
executive_compensation_change,cash_secured_put,21,300,NEE,2025-03-18,no usable strict ordinary-day match
executive_compensation_change,cash_secured_put,21,300,VZ,2025-03-20,no usable strict ordinary-day match
executive_compensation_change,cash_secured_put,21,300,TMUS,2025-03-24,no usable strict ordinary-day match
executive_compensation_change,cash_secured_put,21,300,TMUS,2025-04-04,no usable strict ordinary-day match
executive_compensation_change,cash_secured_put,21,300,HON,2025-04-09,no usable strict ordinary-day match
executive_compensation_change,cash_secured_put,21,300,TMUS,2025-04-14,unusable event quote or stock
executive_compensation_change,cash_secured_put,21,300,CAT,2025-04-16,unusable event quote or stock
executive_compensation_change,cash_secured_put,21,300,LMT,2025-04-21,no usable strict ordinary-day match
executive_compensation_change,cash_secured_put,21,300,NKE,2025-05-06,no usable strict ordinary-day match
executive_compensation_change,cash_secured_put,21,300,ABBV,2025-05-14,no usable strict ordinary-day match
executive_compensation_change,cash_secured_put,21,300,CSCO,2025-05-14,no usable strict ordinary-day match
executive_compensation_change,cash_secured_put,21,300,UNH,2025-05-15,no usable strict ordinary-day match
executive_compensation_change,cash_secured_put,21,300,MO,2025-05-20,no usable strict ordinary-day match
executive_compensation_change,cash_secured_put,21,300,COF,2025-05-20,no usable strict ordinary-day match
executive_compensation_change,cash_secured_put,21,300,TGT,2025-05-22,no usable strict ordinary-day match
executive_compensation_change,cash_secured_put,21,300,TMO,2025-05-23,no usable strict ordinary-day match
executive_compensation_change,cash_secured_put,21,300,MDLZ,2025-05-28,no usable strict ordinary-day match
executive_compensation_change,cash_secured_put,21,300,CL,2025-05-30,no usable strict ordinary-day match
executive_compensation_change,cash_secured_put,21,300,UBER,2025-06-03,unusable event quote or stock
executive_compensation_change,cash_secured_put,21,300,SBUX,2025-06-05,no usable strict ordinary-day match
executive_compensation_change,cash_secured_put,21,300,COF,2025-06-06,no usable strict ordinary-day match
executive_compensation_change,cash_secured_put,21,300,CSCO,2025-06-10,no usable strict ordinary-day match
executive_compensation_change,cash_secured_put,21,300,GD,2025-06-10,no usable strict ordinary-day match
executive_compensation_change,cash_secured_put,21,300,INTU,2025-06-17,unusable event quote or stock
executive_compensation_change,cash_secured_put,21,300,SBUX,2025-07-03,unusable event quote or stock
executive_compensation_change,cash_secured_put,21,300,AMD,2025-07-03,unusable event quote or stock
executive_compensation_change,cash_secured_put,21,300,AIG,2025-07-22,no usable strict ordinary-day match
executive_compensation_change,cash_secured_put,21,300,DHR,2025-07-25,no usable strict ordinary-day match
executive_compensation_change,cash_secured_put,21,300,PG,2025-07-29,no usable strict ordinary-day match
executive_compensation_change,cash_secured_put,21,300,MET,2025-07-31,no usable strict ordinary-day match
executive_compensation_change,cash_secured_put,21,300,WFC,2025-08-01,no usable strict ordinary-day match
executive_compensation_change,cash_secured_put,21,300,UNH,2025-08-01,no usable strict ordinary-day match
executive_compensation_change,cash_secured_put,21,300,CHTR,2025-08-06,no usable strict ordinary-day match
executive_compensation_change,cash_secured_put,21,300,PG,2025-08-15,no usable strict ordinary-day match
executive_compensation_change,cash_secured_put,21,300,AVGO,2025-09-10,no usable strict ordinary-day match
executive_compensation_change,cash_secured_put,21,300,TMUS,2025-09-23,no usable strict ordinary-day match
executive_compensation_change,cash_secured_put,21,300,DIS,2025-10-02,no usable strict ordinary-day match
executive_compensation_change,cash_secured_put,21,300,FDX,2025-10-03,unusable event quote or stock
executive_compensation_change,cash_secured_put,21,300,PEP,2025-10-10,no usable strict ordinary-day match
executive_compensation_change,cash_secured_put,21,300,KO,2025-10-17,no usable strict ordinary-day match
executive_compensation_change,cash_secured_put,21,300,WMT,2025-10-23,no usable strict ordinary-day match
executive_compensation_change,cash_secured_put,21,300,C,2025-10-23,no usable strict ordinary-day match
executive_compensation_change,cash_secured_put,21,300,PM,2025-11-05,no usable strict ordinary-day match
executive_compensation_change,cash_secured_put,21,300,NFLX,2025-11-05,unusable event quote or stock
executive_compensation_change,cash_secured_put,21,300,COF,2025-11-10,no usable strict ordinary-day match
executive_compensation_change,cash_secured_put,21,300,EMR,2025-11-17,no usable strict ordinary-day match
executive_compensation_change,cash_secured_put,21,300,WMT,2025-11-17,no usable strict ordinary-day match
executive_compensation_change,cash_secured_put,21,300,GD,2025-12-08,unusable event quote or stock
executive_compensation_change,cash_secured_put,21,300,TMUS,2025-12-10,no usable strict ordinary-day match
executive_compensation_change,cash_secured_put,21,300,MO,2025-12-12,no usable strict ordinary-day match
executive_compensation_change,cash_secured_put,21,300,AMD,2025-12-16,no usable strict ordinary-day match
executive_compensation_change,cash_secured_put,21,300,CMCSA,2025-12-24,unusable event quote or stock
executive_compensation_change,cash_secured_put,21,300,NOW,2025-12-24,unusable event quote or stock
executive_officer_appointment,long_call,21,60,INTC,2024-01-04,no usable strict ordinary-day match
executive_officer_appointment,long_call,21,60,CVS,2024-01-08,no usable strict ordinary-day match
executive_officer_appointment,long_call,21,60,QCOM,2024-01-24,no usable strict ordinary-day match
executive_officer_appointment,long_call,21,60,BMY,2024-02-16,no usable strict ordinary-day match
executive_officer_appointment,long_call,21,60,UNH,2024-04-01,no usable strict ordinary-day match
executive_officer_appointment,long_call,21,60,GE,2024-04-09,unusable event quote or stock
executive_officer_appointment,long_call,21,60,GS,2024-04-15,no usable strict ordinary-day match
executive_officer_appointment,long_call,21,60,UNH,2024-05-16,no usable strict ordinary-day match
executive_officer_appointment,long_call,21,60,PYPL,2024-06-04,no usable strict ordinary-day match
executive_officer_appointment,long_call,21,60,GM,2024-06-26,unusable event quote or stock
executive_officer_appointment,long_call,21,60,NOW,2024-07-25,unusable event quote or stock
executive_officer_appointment,long_call,21,60,MCD,2024-07-29,no usable strict ordinary-day match
executive_officer_appointment,long_call,21,60,CVX,2024-08-05,no usable strict ordinary-day match
executive_officer_appointment,long_call,21,60,UBER,2024-08-05,no usable strict ordinary-day match
executive_officer_appointment,long_call,21,60,ADBE,2024-08-09,no usable strict ordinary-day match
executive_officer_appointment,long_call,21,60,NOW,2024-10-24,no usable strict ordinary-day match
executive_officer_appointment,long_call,21,60,LIN,2024-11-05,no usable strict ordinary-day match
executive_officer_appointment,long_call,21,60,CVS,2024-11-07,no usable strict ordinary-day match
executive_officer_appointment,long_call,21,60,MDLZ,2024-12-04,unusable event quote or stock
executive_officer_appointment,long_call,21,60,BK,2024-12-06,unusable event quote or stock
executive_officer_appointment,long_call,21,60,SO,2024-12-11,no usable strict ordinary-day match
executive_officer_appointment,long_call,21,60,KO,2024-12-12,no usable strict ordinary-day match
executive_officer_appointment,long_call,21,60,QCOM,2024-12-13,no usable strict ordinary-day match
executive_officer_appointment,long_call,21,60,ABBV,2024-12-16,no usable strict ordinary-day match
executive_officer_appointment,long_call,21,60,AMT,2025-01-08,no usable strict ordinary-day match
executive_officer_appointment,long_call,21,60,TMUS,2025-01-28,no usable strict ordinary-day match
executive_officer_appointment,long_call,21,60,MDLZ,2025-01-28,unusable event quote or stock
executive_officer_appointment,long_call,21,60,MMM,2025-02-11,unusable event quote or stock
executive_officer_appointment,long_call,21,60,C,2025-02-19,no usable strict ordinary-day match
executive_officer_appointment,long_call,21,60,TMUS,2025-02-24,no usable strict ordinary-day match
executive_officer_appointment,long_call,21,60,INTC,2025-03-03,no usable strict ordinary-day match
executive_officer_appointment,long_call,21,60,BAC,2025-03-03,no usable strict ordinary-day match
executive_officer_appointment,long_call,21,60,MCD,2025-03-12,no usable strict ordinary-day match
executive_officer_appointment,long_call,21,60,MDT,2025-03-18,no usable strict ordinary-day match
executive_officer_appointment,long_call,21,60,NEE,2025-03-18,no usable strict ordinary-day match
executive_officer_appointment,long_call,21,60,HON,2025-04-09,no usable strict ordinary-day match
executive_officer_appointment,long_call,21,60,CVS,2025-04-09,no usable strict ordinary-day match
executive_officer_appointment,long_call,21,60,TMUS,2025-04-14,unusable event quote or stock
executive_officer_appointment,long_call,21,60,NOW,2025-04-24,no usable strict ordinary-day match
executive_officer_appointment,long_call,21,60,UNH,2025-04-30,no usable strict ordinary-day match
executive_officer_appointment,long_call,21,60,UNP,2025-05-12,unusable event quote or stock
executive_officer_appointment,long_call,21,60,ABBV,2025-05-14,no usable strict ordinary-day match
executive_officer_appointment,long_call,21,60,CSCO,2025-05-15,no usable strict ordinary-day match
executive_officer_appointment,long_call,21,60,MO,2025-05-20,no usable strict ordinary-day match
executive_officer_appointment,long_call,21,60,CL,2025-05-30,no usable strict ordinary-day match
executive_officer_appointment,long_call,21,60,UBER,2025-06-03,unusable event quote or stock
executive_officer_appointment,long_call,21,60,SBUX,2025-06-05,no usable strict ordinary-day match
executive_officer_appointment,long_call,21,60,GD,2025-06-05,unusable event quote or stock
executive_officer_appointment,long_call,21,60,GD,2025-06-10,unusable event quote or stock
executive_officer_appointment,long_call,21,60,INTU,2025-06-17,unusable event quote or stock
executive_officer_appointment,long_call,21,60,ACN,2025-06-23,no usable strict ordinary-day match
executive_officer_appointment,long_call,21,60,AIG,2025-07-22,no usable strict ordinary-day match
executive_officer_appointment,long_call,21,60,MET,2025-07-31,no usable strict ordinary-day match
executive_officer_appointment,long_call,21,60,LIN,2025-08-08,unusable event quote or stock
executive_officer_appointment,long_call,21,60,GILD,2025-08-15,no usable strict ordinary-day match
executive_officer_appointment,long_call,21,60,HON,2025-08-25,unusable event quote or stock
executive_officer_appointment,long_call,21,60,TMUS,2025-08-26,no usable strict ordinary-day match
executive_officer_appointment,long_call,21,60,DE,2025-09-03,no usable strict ordinary-day match
executive_officer_appointment,long_call,21,60,BAC,2025-09-15,no usable strict ordinary-day match
executive_officer_appointment,long_call,21,60,BAC,2025-09-16,no usable strict ordinary-day match
executive_officer_appointment,long_call,21,60,TMUS,2025-09-23,no usable strict ordinary-day match
executive_officer_appointment,long_call,21,60,LIN,2025-09-30,unusable event quote or stock
executive_officer_appointment,long_call,21,60,DIS,2025-10-02,no usable strict ordinary-day match
executive_officer_appointment,long_call,21,60,WMT,2025-10-23,no usable strict ordinary-day match
executive_officer_appointment,long_call,21,60,HON,2025-10-23,unusable event quote or stock
executive_officer_appointment,long_call,21,60,CVX,2025-11-04,no usable strict ordinary-day match
executive_officer_appointment,long_call,21,60,PM,2025-11-05,no usable strict ordinary-day match
executive_officer_appointment,long_call,21,60,DIS,2025-11-10,no usable strict ordinary-day match
executive_officer_appointment,long_call,21,60,BAC,2025-11-28,unusable event quote or stock
executive_officer_appointment,long_call,21,60,NKE,2025-12-03,no usable strict ordinary-day match
executive_officer_appointment,long_call,21,60,GD,2025-12-08,unusable event quote or stock
executive_officer_appointment,long_call,21,60,CVX,2025-12-08,no usable strict ordinary-day match
executive_officer_appointment,long_call,21,60,TMUS,2025-12-10,no usable strict ordinary-day match
executive_officer_appointment,long_call,21,60,DUK,2025-12-15,no usable strict ordinary-day match
executive_officer_appointment,long_call,21,60,AMD,2025-12-16,no usable strict ordinary-day match
executive_officer_appointment,long_call,21,60,PEP,2025-12-16,no usable strict ordinary-day match
executive_officer_appointment,covered_call,21,60,INTC,2024-01-04,no usable strict ordinary-day match
executive_officer_appointment,covered_call,21,60,CVS,2024-01-08,no usable strict ordinary-day match
executive_officer_appointment,covered_call,21,60,QCOM,2024-01-24,no usable strict ordinary-day match
executive_officer_appointment,covered_call,21,60,BMY,2024-02-16,no usable strict ordinary-day match
executive_officer_appointment,covered_call,21,60,DUK,2024-03-18,no usable strict ordinary-day match
executive_officer_appointment,covered_call,21,60,UNH,2024-04-01,no usable strict ordinary-day match
executive_officer_appointment,covered_call,21,60,GE,2024-04-09,unusable event quote or stock
executive_officer_appointment,covered_call,21,60,GS,2024-04-15,no usable strict ordinary-day match
executive_officer_appointment,covered_call,21,60,UNH,2024-05-16,no usable strict ordinary-day match
executive_officer_appointment,covered_call,21,60,PYPL,2024-06-04,no usable strict ordinary-day match
executive_officer_appointment,covered_call,21,60,MCD,2024-07-29,no usable strict ordinary-day match
executive_officer_appointment,covered_call,21,60,UBER,2024-08-05,no usable strict ordinary-day match
executive_officer_appointment,covered_call,21,60,ADBE,2024-08-09,no usable strict ordinary-day match
executive_officer_appointment,covered_call,21,60,NOW,2024-10-24,no usable strict ordinary-day match
executive_officer_appointment,covered_call,21,60,LIN,2024-11-05,unusable event quote or stock
executive_officer_appointment,covered_call,21,60,CVS,2024-11-07,no usable strict ordinary-day match
executive_officer_appointment,covered_call,21,60,AMD,2024-11-19,unusable event quote or stock
executive_officer_appointment,covered_call,21,60,MDLZ,2024-12-04,unusable event quote or stock
executive_officer_appointment,covered_call,21,60,BK,2024-12-06,unusable event quote or stock
executive_officer_appointment,covered_call,21,60,SO,2024-12-11,no usable strict ordinary-day match
executive_officer_appointment,covered_call,21,60,KO,2024-12-12,no usable strict ordinary-day match
executive_officer_appointment,covered_call,21,60,QCOM,2024-12-13,no usable strict ordinary-day match
executive_officer_appointment,covered_call,21,60,ABBV,2024-12-16,no usable strict ordinary-day match
executive_officer_appointment,covered_call,21,60,ISRG,2025-01-07,no usable strict ordinary-day match
executive_officer_appointment,covered_call,21,60,AMT,2025-01-08,no usable strict ordinary-day match
executive_officer_appointment,covered_call,21,60,TMUS,2025-01-28,no usable strict ordinary-day match
executive_officer_appointment,covered_call,21,60,MDLZ,2025-01-28,unusable event quote or stock
executive_officer_appointment,covered_call,21,60,MMM,2025-02-11,unusable event quote or stock
executive_officer_appointment,covered_call,21,60,C,2025-02-19,no usable strict ordinary-day match
executive_officer_appointment,covered_call,21,60,TMUS,2025-02-24,no usable strict ordinary-day match
executive_officer_appointment,covered_call,21,60,MA,2025-02-27,unusable event quote or stock
executive_officer_appointment,covered_call,21,60,INTC,2025-03-03,no usable strict ordinary-day match
executive_officer_appointment,covered_call,21,60,BAC,2025-03-03,no usable strict ordinary-day match
executive_officer_appointment,covered_call,21,60,MCD,2025-03-12,no usable strict ordinary-day match
executive_officer_appointment,covered_call,21,60,GILD,2025-03-13,no usable strict ordinary-day match
executive_officer_appointment,covered_call,21,60,MDT,2025-03-18,unusable event quote or stock
executive_officer_appointment,covered_call,21,60,NEE,2025-03-18,no usable strict ordinary-day match
executive_officer_appointment,covered_call,21,60,HON,2025-04-09,no usable strict ordinary-day match
executive_officer_appointment,covered_call,21,60,CVS,2025-04-09,no usable strict ordinary-day match
executive_officer_appointment,covered_call,21,60,TMUS,2025-04-14,unusable event quote or stock
executive_officer_appointment,covered_call,21,60,NOW,2025-04-24,no usable strict ordinary-day match
executive_officer_appointment,covered_call,21,60,UNH,2025-04-30,no usable strict ordinary-day match
executive_officer_appointment,covered_call,21,60,UNP,2025-05-12,unusable event quote or stock
executive_officer_appointment,covered_call,21,60,ABBV,2025-05-14,no usable strict ordinary-day match
executive_officer_appointment,covered_call,21,60,CSCO,2025-05-15,no usable strict ordinary-day match
executive_officer_appointment,covered_call,21,60,MO,2025-05-20,no usable strict ordinary-day match
executive_officer_appointment,covered_call,21,60,CL,2025-05-30,no usable strict ordinary-day match
executive_officer_appointment,covered_call,21,60,UBER,2025-06-03,unusable event quote or stock
executive_officer_appointment,covered_call,21,60,SBUX,2025-06-05,no usable strict ordinary-day match
executive_officer_appointment,covered_call,21,60,GD,2025-06-05,unusable event quote or stock
executive_officer_appointment,covered_call,21,60,GD,2025-06-10,unusable event quote or stock
executive_officer_appointment,covered_call,21,60,COST,2025-06-12,unusable event quote or stock
executive_officer_appointment,covered_call,21,60,INTU,2025-06-17,unusable event quote or stock
executive_officer_appointment,covered_call,21,60,ACN,2025-06-23,no usable strict ordinary-day match
executive_officer_appointment,covered_call,21,60,AIG,2025-07-22,unusable event quote or stock
executive_officer_appointment,covered_call,21,60,SO,2025-07-24,unusable event quote or stock
executive_officer_appointment,covered_call,21,60,MET,2025-07-31,no usable strict ordinary-day match
executive_officer_appointment,covered_call,21,60,LIN,2025-08-08,unusable event quote or stock
executive_officer_appointment,covered_call,21,60,GILD,2025-08-15,no usable strict ordinary-day match
executive_officer_appointment,covered_call,21,60,HON,2025-08-25,unusable event quote or stock
executive_officer_appointment,covered_call,21,60,TMUS,2025-08-26,no usable strict ordinary-day match
executive_officer_appointment,covered_call,21,60,DE,2025-09-03,no usable strict ordinary-day match
executive_officer_appointment,covered_call,21,60,BAC,2025-09-15,no usable strict ordinary-day match
executive_officer_appointment,covered_call,21,60,BAC,2025-09-16,no usable strict ordinary-day match
executive_officer_appointment,covered_call,21,60,TMUS,2025-09-23,no usable strict ordinary-day match
executive_officer_appointment,covered_call,21,60,LIN,2025-09-30,unusable event quote or stock
executive_officer_appointment,covered_call,21,60,DIS,2025-10-02,no usable strict ordinary-day match
executive_officer_appointment,covered_call,21,60,WMT,2025-10-23,no usable strict ordinary-day match
executive_officer_appointment,covered_call,21,60,HON,2025-10-23,unusable event quote or stock
executive_officer_appointment,covered_call,21,60,CVX,2025-11-04,no usable strict ordinary-day match
executive_officer_appointment,covered_call,21,60,PM,2025-11-05,no usable strict ordinary-day match
executive_officer_appointment,covered_call,21,60,BAC,2025-11-28,unusable event quote or stock
executive_officer_appointment,covered_call,21,60,GD,2025-12-08,unusable event quote or stock
executive_officer_appointment,covered_call,21,60,CVX,2025-12-08,no usable strict ordinary-day match
executive_officer_appointment,covered_call,21,60,TMUS,2025-12-10,no usable strict ordinary-day match
executive_officer_appointment,covered_call,21,60,DUK,2025-12-15,unusable event quote or stock
executive_officer_appointment,covered_call,21,60,AMD,2025-12-16,no usable strict ordinary-day match
executive_officer_appointment,covered_call,21,60,PEP,2025-12-16,no usable strict ordinary-day match
executive_officer_appointment,protective_put,21,60,INTC,2024-01-04,no usable strict ordinary-day match
executive_officer_appointment,protective_put,21,60,RTX,2024-01-05,unusable event quote or stock
executive_officer_appointment,protective_put,21,60,CVS,2024-01-08,no usable strict ordinary-day match
executive_officer_appointment,protective_put,21,60,QCOM,2024-01-24,no usable strict ordinary-day match
executive_officer_appointment,protective_put,21,60,BMY,2024-02-16,no usable strict ordinary-day match
executive_officer_appointment,protective_put,21,60,UNH,2024-04-01,no usable strict ordinary-day match
executive_officer_appointment,protective_put,21,60,GE,2024-04-09,unusable event quote or stock
executive_officer_appointment,protective_put,21,60,GS,2024-04-15,no usable strict ordinary-day match
executive_officer_appointment,protective_put,21,60,USB,2024-05-06,no usable strict ordinary-day match
executive_officer_appointment,protective_put,21,60,UNH,2024-05-16,no usable strict ordinary-day match
executive_officer_appointment,protective_put,21,60,PYPL,2024-06-04,no usable strict ordinary-day match
executive_officer_appointment,protective_put,21,60,MCD,2024-07-29,no usable strict ordinary-day match
executive_officer_appointment,protective_put,21,60,CVX,2024-08-05,no usable strict ordinary-day match
executive_officer_appointment,protective_put,21,60,UBER,2024-08-05,unusable event quote or stock
executive_officer_appointment,protective_put,21,60,ADBE,2024-08-09,no usable strict ordinary-day match
executive_officer_appointment,protective_put,21,60,NOW,2024-10-24,no usable strict ordinary-day match
executive_officer_appointment,protective_put,21,60,LIN,2024-11-05,unusable event quote or stock
executive_officer_appointment,protective_put,21,60,CVS,2024-11-07,no usable strict ordinary-day match
executive_officer_appointment,protective_put,21,60,MDLZ,2024-12-04,unusable event quote or stock
executive_officer_appointment,protective_put,21,60,BK,2024-12-06,unusable event quote or stock
executive_officer_appointment,protective_put,21,60,SO,2024-12-11,unusable event quote or stock
executive_officer_appointment,protective_put,21,60,KO,2024-12-12,no usable strict ordinary-day match
executive_officer_appointment,protective_put,21,60,QCOM,2024-12-13,no usable strict ordinary-day match
executive_officer_appointment,protective_put,21,60,ABBV,2024-12-16,no usable strict ordinary-day match
executive_officer_appointment,protective_put,21,60,AMT,2025-01-08,no usable strict ordinary-day match
executive_officer_appointment,protective_put,21,60,TMUS,2025-01-28,no usable strict ordinary-day match
executive_officer_appointment,protective_put,21,60,MDLZ,2025-01-28,unusable event quote or stock
executive_officer_appointment,protective_put,21,60,MMM,2025-02-11,unusable event quote or stock
executive_officer_appointment,protective_put,21,60,C,2025-02-19,unusable event quote or stock
executive_officer_appointment,protective_put,21,60,TMUS,2025-02-24,no usable strict ordinary-day match
executive_officer_appointment,protective_put,21,60,INTC,2025-03-03,no usable strict ordinary-day match
executive_officer_appointment,protective_put,21,60,BAC,2025-03-03,no usable strict ordinary-day match
executive_officer_appointment,protective_put,21,60,MCD,2025-03-12,no usable strict ordinary-day match
executive_officer_appointment,protective_put,21,60,GILD,2025-03-13,no usable strict ordinary-day match
executive_officer_appointment,protective_put,21,60,MDT,2025-03-18,no usable strict ordinary-day match
executive_officer_appointment,protective_put,21,60,NEE,2025-03-18,no usable strict ordinary-day match
executive_officer_appointment,protective_put,21,60,HON,2025-04-09,unusable event quote or stock
executive_officer_appointment,protective_put,21,60,CVS,2025-04-09,no usable strict ordinary-day match
executive_officer_appointment,protective_put,21,60,TMUS,2025-04-14,unusable event quote or stock
executive_officer_appointment,protective_put,21,60,NOW,2025-04-24,unusable event quote or stock
executive_officer_appointment,protective_put,21,60,UNH,2025-04-30,no usable strict ordinary-day match
executive_officer_appointment,protective_put,21,60,UNP,2025-05-12,unusable event quote or stock
executive_officer_appointment,protective_put,21,60,ABBV,2025-05-14,no usable strict ordinary-day match
executive_officer_appointment,protective_put,21,60,CSCO,2025-05-15,no usable strict ordinary-day match
executive_officer_appointment,protective_put,21,60,MO,2025-05-20,no usable strict ordinary-day match
executive_officer_appointment,protective_put,21,60,MDT,2025-05-22,unusable event quote or stock
executive_officer_appointment,protective_put,21,60,CL,2025-05-30,unusable event quote or stock
executive_officer_appointment,protective_put,21,60,UBER,2025-06-03,unusable event quote or stock
executive_officer_appointment,protective_put,21,60,SBUX,2025-06-05,no usable strict ordinary-day match
executive_officer_appointment,protective_put,21,60,GD,2025-06-05,unusable event quote or stock
executive_officer_appointment,protective_put,21,60,GD,2025-06-10,unusable event quote or stock
executive_officer_appointment,protective_put,21,60,INTU,2025-06-17,unusable event quote or stock
executive_officer_appointment,protective_put,21,60,ACN,2025-06-23,unusable event quote or stock
executive_officer_appointment,protective_put,21,60,AIG,2025-07-22,no usable strict ordinary-day match
executive_officer_appointment,protective_put,21,60,MET,2025-07-31,no usable strict ordinary-day match
executive_officer_appointment,protective_put,21,60,LIN,2025-08-08,unusable event quote or stock
executive_officer_appointment,protective_put,21,60,GILD,2025-08-15,no usable strict ordinary-day match
executive_officer_appointment,protective_put,21,60,HON,2025-08-25,unusable event quote or stock
executive_officer_appointment,protective_put,21,60,TMUS,2025-08-26,no usable strict ordinary-day match
executive_officer_appointment,protective_put,21,60,DE,2025-09-03,no usable strict ordinary-day match
executive_officer_appointment,protective_put,21,60,BAC,2025-09-15,no usable strict ordinary-day match
executive_officer_appointment,protective_put,21,60,BAC,2025-09-16,no usable strict ordinary-day match
executive_officer_appointment,protective_put,21,60,TMUS,2025-09-23,no usable strict ordinary-day match
executive_officer_appointment,protective_put,21,60,LIN,2025-09-30,unusable event quote or stock
executive_officer_appointment,protective_put,21,60,DIS,2025-10-02,no usable strict ordinary-day match
executive_officer_appointment,protective_put,21,60,WMT,2025-10-23,no usable strict ordinary-day match
executive_officer_appointment,protective_put,21,60,HON,2025-10-23,unusable event quote or stock
executive_officer_appointment,protective_put,21,60,CVX,2025-11-04,no usable strict ordinary-day match
executive_officer_appointment,protective_put,21,60,PM,2025-11-05,no usable strict ordinary-day match
executive_officer_appointment,protective_put,21,60,BAC,2025-11-28,unusable event quote or stock
executive_officer_appointment,protective_put,21,60,GD,2025-12-08,unusable event quote or stock
executive_officer_appointment,protective_put,21,60,CVX,2025-12-08,no usable strict ordinary-day match
executive_officer_appointment,protective_put,21,60,TMUS,2025-12-10,unusable event quote or stock
executive_officer_appointment,protective_put,21,60,DUK,2025-12-15,no usable strict ordinary-day match
executive_officer_appointment,protective_put,21,60,AMD,2025-12-16,no usable strict ordinary-day match
executive_officer_appointment,protective_put,21,60,PEP,2025-12-16,no usable strict ordinary-day match
executive_officer_appointment,collar,21,60,INTC,2024-01-04,no usable strict ordinary-day match
executive_officer_appointment,collar,21,60,RTX,2024-01-05,unusable event quote or stock
executive_officer_appointment,collar,21,60,CVS,2024-01-08,no usable strict ordinary-day match
executive_officer_appointment,collar,21,60,QCOM,2024-01-24,no usable strict ordinary-day match
executive_officer_appointment,collar,21,60,BMY,2024-02-16,no usable strict ordinary-day match
executive_officer_appointment,collar,21,60,DUK,2024-03-18,no usable strict ordinary-day match
executive_officer_appointment,collar,21,60,UNH,2024-04-01,no usable strict ordinary-day match
executive_officer_appointment,collar,21,60,GE,2024-04-09,unusable event quote or stock
executive_officer_appointment,collar,21,60,GS,2024-04-15,no usable strict ordinary-day match
executive_officer_appointment,collar,21,60,USB,2024-05-06,no usable strict ordinary-day match
executive_officer_appointment,collar,21,60,UNH,2024-05-16,no usable strict ordinary-day match
executive_officer_appointment,collar,21,60,PYPL,2024-06-04,no usable strict ordinary-day match
executive_officer_appointment,collar,21,60,MCD,2024-07-29,no usable strict ordinary-day match
executive_officer_appointment,collar,21,60,CVX,2024-08-05,no usable strict ordinary-day match
executive_officer_appointment,collar,21,60,UBER,2024-08-05,unusable event quote or stock
executive_officer_appointment,collar,21,60,ADBE,2024-08-09,no usable strict ordinary-day match
executive_officer_appointment,collar,21,60,NOW,2024-10-24,no usable strict ordinary-day match
executive_officer_appointment,collar,21,60,LIN,2024-11-05,unusable event quote or stock
executive_officer_appointment,collar,21,60,CVS,2024-11-07,no usable strict ordinary-day match
executive_officer_appointment,collar,21,60,AMD,2024-11-19,unusable event quote or stock
executive_officer_appointment,collar,21,60,MDLZ,2024-12-04,unusable event quote or stock
executive_officer_appointment,collar,21,60,BK,2024-12-06,unusable event quote or stock
executive_officer_appointment,collar,21,60,SO,2024-12-11,unusable event quote or stock
executive_officer_appointment,collar,21,60,KO,2024-12-12,no usable strict ordinary-day match
executive_officer_appointment,collar,21,60,QCOM,2024-12-13,no usable strict ordinary-day match
executive_officer_appointment,collar,21,60,ABBV,2024-12-16,no usable strict ordinary-day match
executive_officer_appointment,collar,21,60,ISRG,2025-01-07,no usable strict ordinary-day match
executive_officer_appointment,collar,21,60,AMT,2025-01-08,no usable strict ordinary-day match
executive_officer_appointment,collar,21,60,TMUS,2025-01-28,no usable strict ordinary-day match
executive_officer_appointment,collar,21,60,MDLZ,2025-01-28,unusable event quote or stock
executive_officer_appointment,collar,21,60,MMM,2025-02-11,unusable event quote or stock
executive_officer_appointment,collar,21,60,C,2025-02-19,unusable event quote or stock
executive_officer_appointment,collar,21,60,TMUS,2025-02-24,no usable strict ordinary-day match
executive_officer_appointment,collar,21,60,MA,2025-02-27,unusable event quote or stock
executive_officer_appointment,collar,21,60,INTC,2025-03-03,no usable strict ordinary-day match
executive_officer_appointment,collar,21,60,BAC,2025-03-03,no usable strict ordinary-day match
executive_officer_appointment,collar,21,60,MCD,2025-03-12,no usable strict ordinary-day match
executive_officer_appointment,collar,21,60,GILD,2025-03-13,no usable strict ordinary-day match
executive_officer_appointment,collar,21,60,MDT,2025-03-18,unusable event quote or stock
executive_officer_appointment,collar,21,60,NEE,2025-03-18,no usable strict ordinary-day match
executive_officer_appointment,collar,21,60,HON,2025-04-09,unusable event quote or stock
executive_officer_appointment,collar,21,60,CVS,2025-04-09,no usable strict ordinary-day match
executive_officer_appointment,collar,21,60,TMUS,2025-04-14,unusable event quote or stock
executive_officer_appointment,collar,21,60,NOW,2025-04-24,unusable event quote or stock
executive_officer_appointment,collar,21,60,UNH,2025-04-30,no usable strict ordinary-day match
executive_officer_appointment,collar,21,60,UNP,2025-05-12,unusable event quote or stock
executive_officer_appointment,collar,21,60,ABBV,2025-05-14,no usable strict ordinary-day match
executive_officer_appointment,collar,21,60,CSCO,2025-05-15,no usable strict ordinary-day match
executive_officer_appointment,collar,21,60,MO,2025-05-20,no usable strict ordinary-day match
executive_officer_appointment,collar,21,60,MDT,2025-05-22,unusable event quote or stock
executive_officer_appointment,collar,21,60,CL,2025-05-30,unusable event quote or stock
executive_officer_appointment,collar,21,60,UBER,2025-06-03,unusable event quote or stock
executive_officer_appointment,collar,21,60,SBUX,2025-06-05,no usable strict ordinary-day match
executive_officer_appointment,collar,21,60,GD,2025-06-05,unusable event quote or stock
executive_officer_appointment,collar,21,60,GD,2025-06-10,unusable event quote or stock
executive_officer_appointment,collar,21,60,COST,2025-06-12,unusable event quote or stock
executive_officer_appointment,collar,21,60,INTU,2025-06-17,unusable event quote or stock
executive_officer_appointment,collar,21,60,ACN,2025-06-23,unusable event quote or stock
executive_officer_appointment,collar,21,60,AIG,2025-07-22,unusable event quote or stock
executive_officer_appointment,collar,21,60,SO,2025-07-24,unusable event quote or stock
executive_officer_appointment,collar,21,60,MET,2025-07-31,no usable strict ordinary-day match
executive_officer_appointment,collar,21,60,LIN,2025-08-08,unusable event quote or stock
executive_officer_appointment,collar,21,60,GILD,2025-08-15,no usable strict ordinary-day match
executive_officer_appointment,collar,21,60,HON,2025-08-25,unusable event quote or stock
executive_officer_appointment,collar,21,60,TMUS,2025-08-26,no usable strict ordinary-day match
executive_officer_appointment,collar,21,60,DE,2025-09-03,no usable strict ordinary-day match
executive_officer_appointment,collar,21,60,BAC,2025-09-15,no usable strict ordinary-day match
executive_officer_appointment,collar,21,60,BAC,2025-09-16,no usable strict ordinary-day match
executive_officer_appointment,collar,21,60,TMUS,2025-09-23,no usable strict ordinary-day match
executive_officer_appointment,collar,21,60,LIN,2025-09-30,unusable event quote or stock
executive_officer_appointment,collar,21,60,DIS,2025-10-02,no usable strict ordinary-day match
executive_officer_appointment,collar,21,60,WMT,2025-10-23,no usable strict ordinary-day match
executive_officer_appointment,collar,21,60,HON,2025-10-23,unusable event quote or stock
executive_officer_appointment,collar,21,60,CVX,2025-11-04,no usable strict ordinary-day match
executive_officer_appointment,collar,21,60,PM,2025-11-05,no usable strict ordinary-day match
executive_officer_appointment,collar,21,60,BAC,2025-11-28,unusable event quote or stock
executive_officer_appointment,collar,21,60,GD,2025-12-08,unusable event quote or stock
executive_officer_appointment,collar,21,60,CVX,2025-12-08,no usable strict ordinary-day match
executive_officer_appointment,collar,21,60,TMUS,2025-12-10,unusable event quote or stock
executive_officer_appointment,collar,21,60,DUK,2025-12-15,unusable event quote or stock
executive_officer_appointment,collar,21,60,AMD,2025-12-16,no usable strict ordinary-day match
executive_officer_appointment,collar,21,60,PEP,2025-12-16,no usable strict ordinary-day match
executive_officer_appointment,cash_secured_put,21,60,INTC,2024-01-04,no usable strict ordinary-day match
executive_officer_appointment,cash_secured_put,21,60,RTX,2024-01-05,unusable event quote or stock
executive_officer_appointment,cash_secured_put,21,60,CVS,2024-01-08,no usable strict ordinary-day match
executive_officer_appointment,cash_secured_put,21,60,QCOM,2024-01-24,no usable strict ordinary-day match
executive_officer_appointment,cash_secured_put,21,60,BMY,2024-02-16,no usable strict ordinary-day match
executive_officer_appointment,cash_secured_put,21,60,UNH,2024-04-01,no usable strict ordinary-day match
executive_officer_appointment,cash_secured_put,21,60,GE,2024-04-09,unusable event quote or stock
executive_officer_appointment,cash_secured_put,21,60,GS,2024-04-15,no usable strict ordinary-day match
executive_officer_appointment,cash_secured_put,21,60,USB,2024-05-06,no usable strict ordinary-day match
executive_officer_appointment,cash_secured_put,21,60,UNH,2024-05-16,no usable strict ordinary-day match
executive_officer_appointment,cash_secured_put,21,60,PYPL,2024-06-04,no usable strict ordinary-day match
executive_officer_appointment,cash_secured_put,21,60,MCD,2024-07-29,no usable strict ordinary-day match
executive_officer_appointment,cash_secured_put,21,60,CVX,2024-08-05,no usable strict ordinary-day match
executive_officer_appointment,cash_secured_put,21,60,UBER,2024-08-05,unusable event quote or stock
executive_officer_appointment,cash_secured_put,21,60,ADBE,2024-08-09,no usable strict ordinary-day match
executive_officer_appointment,cash_secured_put,21,60,NOW,2024-10-24,no usable strict ordinary-day match
executive_officer_appointment,cash_secured_put,21,60,LIN,2024-11-05,unusable event quote or stock
executive_officer_appointment,cash_secured_put,21,60,CVS,2024-11-07,no usable strict ordinary-day match
executive_officer_appointment,cash_secured_put,21,60,MDLZ,2024-12-04,unusable event quote or stock
executive_officer_appointment,cash_secured_put,21,60,BK,2024-12-06,unusable event quote or stock
executive_officer_appointment,cash_secured_put,21,60,SO,2024-12-11,unusable event quote or stock
executive_officer_appointment,cash_secured_put,21,60,KO,2024-12-12,no usable strict ordinary-day match
executive_officer_appointment,cash_secured_put,21,60,QCOM,2024-12-13,no usable strict ordinary-day match
executive_officer_appointment,cash_secured_put,21,60,ABBV,2024-12-16,no usable strict ordinary-day match
executive_officer_appointment,cash_secured_put,21,60,AMT,2025-01-08,no usable strict ordinary-day match
executive_officer_appointment,cash_secured_put,21,60,TMUS,2025-01-28,no usable strict ordinary-day match
executive_officer_appointment,cash_secured_put,21,60,MDLZ,2025-01-28,unusable event quote or stock
executive_officer_appointment,cash_secured_put,21,60,MMM,2025-02-11,unusable event quote or stock
executive_officer_appointment,cash_secured_put,21,60,C,2025-02-19,unusable event quote or stock
executive_officer_appointment,cash_secured_put,21,60,TMUS,2025-02-24,no usable strict ordinary-day match
executive_officer_appointment,cash_secured_put,21,60,INTC,2025-03-03,no usable strict ordinary-day match
executive_officer_appointment,cash_secured_put,21,60,BAC,2025-03-03,no usable strict ordinary-day match
executive_officer_appointment,cash_secured_put,21,60,MCD,2025-03-12,no usable strict ordinary-day match
executive_officer_appointment,cash_secured_put,21,60,GILD,2025-03-13,no usable strict ordinary-day match
executive_officer_appointment,cash_secured_put,21,60,MDT,2025-03-18,no usable strict ordinary-day match
executive_officer_appointment,cash_secured_put,21,60,NEE,2025-03-18,no usable strict ordinary-day match
executive_officer_appointment,cash_secured_put,21,60,HON,2025-04-09,unusable event quote or stock
executive_officer_appointment,cash_secured_put,21,60,CVS,2025-04-09,no usable strict ordinary-day match
executive_officer_appointment,cash_secured_put,21,60,TMUS,2025-04-14,unusable event quote or stock
executive_officer_appointment,cash_secured_put,21,60,NOW,2025-04-24,unusable event quote or stock
executive_officer_appointment,cash_secured_put,21,60,UNH,2025-04-30,no usable strict ordinary-day match
executive_officer_appointment,cash_secured_put,21,60,UNP,2025-05-12,unusable event quote or stock
executive_officer_appointment,cash_secured_put,21,60,ABBV,2025-05-14,no usable strict ordinary-day match
executive_officer_appointment,cash_secured_put,21,60,CSCO,2025-05-15,no usable strict ordinary-day match
executive_officer_appointment,cash_secured_put,21,60,MO,2025-05-20,no usable strict ordinary-day match
executive_officer_appointment,cash_secured_put,21,60,MDT,2025-05-22,unusable event quote or stock
executive_officer_appointment,cash_secured_put,21,60,CL,2025-05-30,unusable event quote or stock
executive_officer_appointment,cash_secured_put,21,60,UBER,2025-06-03,unusable event quote or stock
executive_officer_appointment,cash_secured_put,21,60,SBUX,2025-06-05,no usable strict ordinary-day match
executive_officer_appointment,cash_secured_put,21,60,GD,2025-06-05,unusable event quote or stock
executive_officer_appointment,cash_secured_put,21,60,GD,2025-06-10,unusable event quote or stock
executive_officer_appointment,cash_secured_put,21,60,INTU,2025-06-17,unusable event quote or stock
executive_officer_appointment,cash_secured_put,21,60,ACN,2025-06-23,unusable event quote or stock
executive_officer_appointment,cash_secured_put,21,60,AIG,2025-07-22,no usable strict ordinary-day match
executive_officer_appointment,cash_secured_put,21,60,MET,2025-07-31,no usable strict ordinary-day match
executive_officer_appointment,cash_secured_put,21,60,LIN,2025-08-08,unusable event quote or stock
executive_officer_appointment,cash_secured_put,21,60,GILD,2025-08-15,no usable strict ordinary-day match
executive_officer_appointment,cash_secured_put,21,60,HON,2025-08-25,unusable event quote or stock
executive_officer_appointment,cash_secured_put,21,60,TMUS,2025-08-26,no usable strict ordinary-day match
executive_officer_appointment,cash_secured_put,21,60,DE,2025-09-03,no usable strict ordinary-day match
executive_officer_appointment,cash_secured_put,21,60,BAC,2025-09-15,no usable strict ordinary-day match
executive_officer_appointment,cash_secured_put,21,60,BAC,2025-09-16,no usable strict ordinary-day match
executive_officer_appointment,cash_secured_put,21,60,TMUS,2025-09-23,no usable strict ordinary-day match
executive_officer_appointment,cash_secured_put,21,60,LIN,2025-09-30,unusable event quote or stock
executive_officer_appointment,cash_secured_put,21,60,DIS,2025-10-02,no usable strict ordinary-day match
executive_officer_appointment,cash_secured_put,21,60,WMT,2025-10-23,no usable strict ordinary-day match
executive_officer_appointment,cash_secured_put,21,60,HON,2025-10-23,unusable event quote or stock
executive_officer_appointment,cash_secured_put,21,60,CVX,2025-11-04,no usable strict ordinary-day match
executive_officer_appointment,cash_secured_put,21,60,PM,2025-11-05,no usable strict ordinary-day match
executive_officer_appointment,cash_secured_put,21,60,BAC,2025-11-28,unusable event quote or stock
executive_officer_appointment,cash_secured_put,21,60,GD,2025-12-08,unusable event quote or stock
executive_officer_appointment,cash_secured_put,21,60,CVX,2025-12-08,no usable strict ordinary-day match
executive_officer_appointment,cash_secured_put,21,60,TMUS,2025-12-10,unusable event quote or stock
executive_officer_appointment,cash_secured_put,21,60,DUK,2025-12-15,no usable strict ordinary-day match
executive_officer_appointment,cash_secured_put,21,60,AMD,2025-12-16,no usable strict ordinary-day match
executive_officer_appointment,cash_secured_put,21,60,PEP,2025-12-16,no usable strict ordinary-day match
executive_officer_appointment,long_call,21,300,INTC,2024-01-04,no usable strict ordinary-day match
executive_officer_appointment,long_call,21,300,CVS,2024-01-08,no usable strict ordinary-day match
executive_officer_appointment,long_call,21,300,QCOM,2024-01-24,no usable strict ordinary-day match
executive_officer_appointment,long_call,21,300,BMY,2024-02-16,no usable strict ordinary-day match
executive_officer_appointment,long_call,21,300,UNH,2024-04-01,no usable strict ordinary-day match
executive_officer_appointment,long_call,21,300,GE,2024-04-09,unusable event quote or stock
executive_officer_appointment,long_call,21,300,GS,2024-04-15,no usable strict ordinary-day match
executive_officer_appointment,long_call,21,300,UNH,2024-05-16,no usable strict ordinary-day match
executive_officer_appointment,long_call,21,300,PYPL,2024-06-04,no usable strict ordinary-day match
executive_officer_appointment,long_call,21,300,MCD,2024-07-29,no usable strict ordinary-day match
executive_officer_appointment,long_call,21,300,UBER,2024-08-05,no usable strict ordinary-day match
executive_officer_appointment,long_call,21,300,ADBE,2024-08-09,no usable strict ordinary-day match
executive_officer_appointment,long_call,21,300,NOW,2024-10-24,no usable strict ordinary-day match
executive_officer_appointment,long_call,21,300,LIN,2024-11-05,no usable strict ordinary-day match
executive_officer_appointment,long_call,21,300,CVS,2024-11-07,no usable strict ordinary-day match
executive_officer_appointment,long_call,21,300,MDLZ,2024-12-04,unusable event quote or stock
executive_officer_appointment,long_call,21,300,BK,2024-12-06,unusable event quote or stock
executive_officer_appointment,long_call,21,300,SO,2024-12-11,no usable strict ordinary-day match
executive_officer_appointment,long_call,21,300,KO,2024-12-12,no usable strict ordinary-day match
executive_officer_appointment,long_call,21,300,QCOM,2024-12-13,no usable strict ordinary-day match
executive_officer_appointment,long_call,21,300,ABBV,2024-12-16,no usable strict ordinary-day match
executive_officer_appointment,long_call,21,300,AMT,2025-01-08,no usable strict ordinary-day match
executive_officer_appointment,long_call,21,300,TMUS,2025-01-28,no usable strict ordinary-day match
executive_officer_appointment,long_call,21,300,MDLZ,2025-01-28,no usable strict ordinary-day match
executive_officer_appointment,long_call,21,300,MMM,2025-02-11,unusable event quote or stock
executive_officer_appointment,long_call,21,300,C,2025-02-19,no usable strict ordinary-day match
executive_officer_appointment,long_call,21,300,TMUS,2025-02-24,no usable strict ordinary-day match
executive_officer_appointment,long_call,21,300,INTC,2025-03-03,no usable strict ordinary-day match
executive_officer_appointment,long_call,21,300,BAC,2025-03-03,no usable strict ordinary-day match
executive_officer_appointment,long_call,21,300,MCD,2025-03-12,no usable strict ordinary-day match
executive_officer_appointment,long_call,21,300,MDT,2025-03-18,no usable strict ordinary-day match
executive_officer_appointment,long_call,21,300,NEE,2025-03-18,no usable strict ordinary-day match
executive_officer_appointment,long_call,21,300,HON,2025-04-09,no usable strict ordinary-day match
executive_officer_appointment,long_call,21,300,CVS,2025-04-09,no usable strict ordinary-day match
executive_officer_appointment,long_call,21,300,TMUS,2025-04-14,unusable event quote or stock
executive_officer_appointment,long_call,21,300,NOW,2025-04-24,no usable strict ordinary-day match
executive_officer_appointment,long_call,21,300,UNH,2025-04-30,no usable strict ordinary-day match
executive_officer_appointment,long_call,21,300,ABBV,2025-05-14,no usable strict ordinary-day match
executive_officer_appointment,long_call,21,300,CSCO,2025-05-15,no usable strict ordinary-day match
executive_officer_appointment,long_call,21,300,MO,2025-05-20,no usable strict ordinary-day match
executive_officer_appointment,long_call,21,300,CL,2025-05-30,no usable strict ordinary-day match
executive_officer_appointment,long_call,21,300,UBER,2025-06-03,unusable event quote or stock
executive_officer_appointment,long_call,21,300,SBUX,2025-06-05,no usable strict ordinary-day match
executive_officer_appointment,long_call,21,300,GD,2025-06-05,unusable event quote or stock
executive_officer_appointment,long_call,21,300,GD,2025-06-10,no usable strict ordinary-day match
executive_officer_appointment,long_call,21,300,INTU,2025-06-17,unusable event quote or stock
executive_officer_appointment,long_call,21,300,ACN,2025-06-23,no usable strict ordinary-day match
executive_officer_appointment,long_call,21,300,AIG,2025-07-22,no usable strict ordinary-day match
executive_officer_appointment,long_call,21,300,MET,2025-07-31,no usable strict ordinary-day match
executive_officer_appointment,long_call,21,300,LIN,2025-08-08,unusable event quote or stock
executive_officer_appointment,long_call,21,300,GILD,2025-08-15,no usable strict ordinary-day match
executive_officer_appointment,long_call,21,300,HON,2025-08-25,unusable event quote or stock
executive_officer_appointment,long_call,21,300,TMUS,2025-08-26,no usable strict ordinary-day match
executive_officer_appointment,long_call,21,300,DE,2025-09-03,no usable strict ordinary-day match
executive_officer_appointment,long_call,21,300,BAC,2025-09-15,no usable strict ordinary-day match
executive_officer_appointment,long_call,21,300,BAC,2025-09-16,no usable strict ordinary-day match
executive_officer_appointment,long_call,21,300,TMUS,2025-09-23,no usable strict ordinary-day match
executive_officer_appointment,long_call,21,300,LIN,2025-09-30,unusable event quote or stock
executive_officer_appointment,long_call,21,300,DIS,2025-10-02,no usable strict ordinary-day match
executive_officer_appointment,long_call,21,300,WMT,2025-10-23,no usable strict ordinary-day match
executive_officer_appointment,long_call,21,300,HON,2025-10-23,unusable event quote or stock
executive_officer_appointment,long_call,21,300,CVX,2025-11-04,no usable strict ordinary-day match
executive_officer_appointment,long_call,21,300,PM,2025-11-05,no usable strict ordinary-day match
executive_officer_appointment,long_call,21,300,BAC,2025-11-28,unusable event quote or stock
executive_officer_appointment,long_call,21,300,GD,2025-12-08,unusable event quote or stock
executive_officer_appointment,long_call,21,300,CVX,2025-12-08,no usable strict ordinary-day match
executive_officer_appointment,long_call,21,300,TMUS,2025-12-10,no usable strict ordinary-day match
executive_officer_appointment,long_call,21,300,AMD,2025-12-16,no usable strict ordinary-day match
executive_officer_appointment,long_call,21,300,PEP,2025-12-16,no usable strict ordinary-day match
executive_officer_appointment,covered_call,21,300,INTC,2024-01-04,no usable strict ordinary-day match
executive_officer_appointment,covered_call,21,300,CVS,2024-01-08,no usable strict ordinary-day match
executive_officer_appointment,covered_call,21,300,QCOM,2024-01-24,no usable strict ordinary-day match
executive_officer_appointment,covered_call,21,300,BMY,2024-02-16,no usable strict ordinary-day match
executive_officer_appointment,covered_call,21,300,DUK,2024-03-18,no usable strict ordinary-day match
executive_officer_appointment,covered_call,21,300,UNH,2024-04-01,no usable strict ordinary-day match
executive_officer_appointment,covered_call,21,300,GE,2024-04-09,unusable event quote or stock
executive_officer_appointment,covered_call,21,300,GS,2024-04-15,no usable strict ordinary-day match
executive_officer_appointment,covered_call,21,300,UNH,2024-05-16,no usable strict ordinary-day match
executive_officer_appointment,covered_call,21,300,PYPL,2024-06-04,no usable strict ordinary-day match
executive_officer_appointment,covered_call,21,300,MCD,2024-07-29,no usable strict ordinary-day match
executive_officer_appointment,covered_call,21,300,UBER,2024-08-05,no usable strict ordinary-day match
executive_officer_appointment,covered_call,21,300,ADBE,2024-08-09,no usable strict ordinary-day match
executive_officer_appointment,covered_call,21,300,NOW,2024-10-24,no usable strict ordinary-day match
executive_officer_appointment,covered_call,21,300,LIN,2024-11-05,no usable strict ordinary-day match
executive_officer_appointment,covered_call,21,300,CVS,2024-11-07,no usable strict ordinary-day match
executive_officer_appointment,covered_call,21,300,MDLZ,2024-12-04,unusable event quote or stock
executive_officer_appointment,covered_call,21,300,BK,2024-12-06,unusable event quote or stock
executive_officer_appointment,covered_call,21,300,SO,2024-12-11,no usable strict ordinary-day match
executive_officer_appointment,covered_call,21,300,KO,2024-12-12,no usable strict ordinary-day match
executive_officer_appointment,covered_call,21,300,QCOM,2024-12-13,no usable strict ordinary-day match
executive_officer_appointment,covered_call,21,300,ABBV,2024-12-16,no usable strict ordinary-day match
executive_officer_appointment,covered_call,21,300,AMT,2025-01-08,no usable strict ordinary-day match
executive_officer_appointment,covered_call,21,300,TMUS,2025-01-28,no usable strict ordinary-day match
executive_officer_appointment,covered_call,21,300,MDLZ,2025-01-28,no usable strict ordinary-day match
executive_officer_appointment,covered_call,21,300,MMM,2025-02-11,unusable event quote or stock
executive_officer_appointment,covered_call,21,300,C,2025-02-19,no usable strict ordinary-day match
executive_officer_appointment,covered_call,21,300,TMUS,2025-02-24,no usable strict ordinary-day match
executive_officer_appointment,covered_call,21,300,INTC,2025-03-03,no usable strict ordinary-day match
executive_officer_appointment,covered_call,21,300,BAC,2025-03-03,no usable strict ordinary-day match
executive_officer_appointment,covered_call,21,300,MCD,2025-03-12,no usable strict ordinary-day match
executive_officer_appointment,covered_call,21,300,MDT,2025-03-18,no usable strict ordinary-day match
executive_officer_appointment,covered_call,21,300,NEE,2025-03-18,no usable strict ordinary-day match
executive_officer_appointment,covered_call,21,300,HON,2025-04-09,no usable strict ordinary-day match
executive_officer_appointment,covered_call,21,300,CVS,2025-04-09,no usable strict ordinary-day match
executive_officer_appointment,covered_call,21,300,TMUS,2025-04-14,unusable event quote or stock
executive_officer_appointment,covered_call,21,300,NOW,2025-04-24,no usable strict ordinary-day match
executive_officer_appointment,covered_call,21,300,UNH,2025-04-30,no usable strict ordinary-day match
executive_officer_appointment,covered_call,21,300,ABBV,2025-05-14,no usable strict ordinary-day match
executive_officer_appointment,covered_call,21,300,CSCO,2025-05-15,no usable strict ordinary-day match
executive_officer_appointment,covered_call,21,300,MO,2025-05-20,no usable strict ordinary-day match
executive_officer_appointment,covered_call,21,300,CL,2025-05-30,no usable strict ordinary-day match
executive_officer_appointment,covered_call,21,300,UBER,2025-06-03,unusable event quote or stock
executive_officer_appointment,covered_call,21,300,SBUX,2025-06-05,no usable strict ordinary-day match
executive_officer_appointment,covered_call,21,300,GD,2025-06-05,unusable event quote or stock
executive_officer_appointment,covered_call,21,300,GD,2025-06-10,no usable strict ordinary-day match
executive_officer_appointment,covered_call,21,300,INTU,2025-06-17,unusable event quote or stock
executive_officer_appointment,covered_call,21,300,ACN,2025-06-23,no usable strict ordinary-day match
executive_officer_appointment,covered_call,21,300,AIG,2025-07-22,no usable strict ordinary-day match
executive_officer_appointment,covered_call,21,300,MET,2025-07-31,no usable strict ordinary-day match
executive_officer_appointment,covered_call,21,300,LIN,2025-08-08,unusable event quote or stock
executive_officer_appointment,covered_call,21,300,GILD,2025-08-15,no usable strict ordinary-day match
executive_officer_appointment,covered_call,21,300,HON,2025-08-25,unusable event quote or stock
executive_officer_appointment,covered_call,21,300,TMUS,2025-08-26,no usable strict ordinary-day match
executive_officer_appointment,covered_call,21,300,DE,2025-09-03,no usable strict ordinary-day match
executive_officer_appointment,covered_call,21,300,BAC,2025-09-15,no usable strict ordinary-day match
executive_officer_appointment,covered_call,21,300,BAC,2025-09-16,no usable strict ordinary-day match
executive_officer_appointment,covered_call,21,300,TMUS,2025-09-23,no usable strict ordinary-day match
executive_officer_appointment,covered_call,21,300,LIN,2025-09-30,unusable event quote or stock
executive_officer_appointment,covered_call,21,300,DIS,2025-10-02,no usable strict ordinary-day match
executive_officer_appointment,covered_call,21,300,WMT,2025-10-23,no usable strict ordinary-day match
executive_officer_appointment,covered_call,21,300,HON,2025-10-23,unusable event quote or stock
executive_officer_appointment,covered_call,21,300,CVX,2025-11-04,no usable strict ordinary-day match
executive_officer_appointment,covered_call,21,300,PM,2025-11-05,no usable strict ordinary-day match
executive_officer_appointment,covered_call,21,300,BAC,2025-11-28,unusable event quote or stock
executive_officer_appointment,covered_call,21,300,GD,2025-12-08,unusable event quote or stock
executive_officer_appointment,covered_call,21,300,CVX,2025-12-08,no usable strict ordinary-day match
executive_officer_appointment,covered_call,21,300,TMUS,2025-12-10,no usable strict ordinary-day match
executive_officer_appointment,covered_call,21,300,AMD,2025-12-16,no usable strict ordinary-day match
executive_officer_appointment,covered_call,21,300,PEP,2025-12-16,no usable strict ordinary-day match
executive_officer_appointment,protective_put,21,300,INTC,2024-01-04,no usable strict ordinary-day match
executive_officer_appointment,protective_put,21,300,CVS,2024-01-08,no usable strict ordinary-day match
executive_officer_appointment,protective_put,21,300,QCOM,2024-01-24,no usable strict ordinary-day match
executive_officer_appointment,protective_put,21,300,BMY,2024-02-16,no usable strict ordinary-day match
executive_officer_appointment,protective_put,21,300,UNH,2024-04-01,no usable strict ordinary-day match
executive_officer_appointment,protective_put,21,300,GE,2024-04-09,unusable event quote or stock
executive_officer_appointment,protective_put,21,300,GS,2024-04-15,no usable strict ordinary-day match
executive_officer_appointment,protective_put,21,300,UNH,2024-05-16,no usable strict ordinary-day match
executive_officer_appointment,protective_put,21,300,PYPL,2024-06-04,no usable strict ordinary-day match
executive_officer_appointment,protective_put,21,300,MCD,2024-07-29,no usable strict ordinary-day match
executive_officer_appointment,protective_put,21,300,UBER,2024-08-05,no usable strict ordinary-day match
executive_officer_appointment,protective_put,21,300,ADBE,2024-08-09,no usable strict ordinary-day match
executive_officer_appointment,protective_put,21,300,NOW,2024-10-24,no usable strict ordinary-day match
executive_officer_appointment,protective_put,21,300,LIN,2024-11-05,unusable event quote or stock
executive_officer_appointment,protective_put,21,300,CVS,2024-11-07,no usable strict ordinary-day match
executive_officer_appointment,protective_put,21,300,BK,2024-12-06,unusable event quote or stock
executive_officer_appointment,protective_put,21,300,SO,2024-12-11,unusable event quote or stock
executive_officer_appointment,protective_put,21,300,KO,2024-12-12,no usable strict ordinary-day match
executive_officer_appointment,protective_put,21,300,QCOM,2024-12-13,no usable strict ordinary-day match
executive_officer_appointment,protective_put,21,300,ABBV,2024-12-16,no usable strict ordinary-day match
executive_officer_appointment,protective_put,21,300,AMT,2025-01-08,no usable strict ordinary-day match
executive_officer_appointment,protective_put,21,300,TMUS,2025-01-28,no usable strict ordinary-day match
executive_officer_appointment,protective_put,21,300,MDLZ,2025-01-28,no usable strict ordinary-day match
executive_officer_appointment,protective_put,21,300,MMM,2025-02-11,unusable event quote or stock
executive_officer_appointment,protective_put,21,300,C,2025-02-19,no usable strict ordinary-day match
executive_officer_appointment,protective_put,21,300,TMUS,2025-02-24,no usable strict ordinary-day match
executive_officer_appointment,protective_put,21,300,INTC,2025-03-03,no usable strict ordinary-day match
executive_officer_appointment,protective_put,21,300,BAC,2025-03-03,no usable strict ordinary-day match
executive_officer_appointment,protective_put,21,300,MCD,2025-03-12,no usable strict ordinary-day match
executive_officer_appointment,protective_put,21,300,GILD,2025-03-13,no usable strict ordinary-day match
executive_officer_appointment,protective_put,21,300,MDT,2025-03-18,no usable strict ordinary-day match
executive_officer_appointment,protective_put,21,300,NEE,2025-03-18,no usable strict ordinary-day match
executive_officer_appointment,protective_put,21,300,HON,2025-04-09,no usable strict ordinary-day match
executive_officer_appointment,protective_put,21,300,CVS,2025-04-09,no usable strict ordinary-day match
executive_officer_appointment,protective_put,21,300,TMUS,2025-04-14,unusable event quote or stock
executive_officer_appointment,protective_put,21,300,NOW,2025-04-24,unusable event quote or stock
executive_officer_appointment,protective_put,21,300,UNH,2025-04-30,no usable strict ordinary-day match
executive_officer_appointment,protective_put,21,300,ABBV,2025-05-14,no usable strict ordinary-day match
executive_officer_appointment,protective_put,21,300,CSCO,2025-05-15,no usable strict ordinary-day match
executive_officer_appointment,protective_put,21,300,MO,2025-05-20,no usable strict ordinary-day match
executive_officer_appointment,protective_put,21,300,CL,2025-05-30,no usable strict ordinary-day match
executive_officer_appointment,protective_put,21,300,UBER,2025-06-03,unusable event quote or stock
executive_officer_appointment,protective_put,21,300,SBUX,2025-06-05,no usable strict ordinary-day match
executive_officer_appointment,protective_put,21,300,GD,2025-06-05,unusable event quote or stock
executive_officer_appointment,protective_put,21,300,GD,2025-06-10,no usable strict ordinary-day match
executive_officer_appointment,protective_put,21,300,INTU,2025-06-17,unusable event quote or stock
executive_officer_appointment,protective_put,21,300,ACN,2025-06-23,no usable strict ordinary-day match
executive_officer_appointment,protective_put,21,300,AIG,2025-07-22,no usable strict ordinary-day match
executive_officer_appointment,protective_put,21,300,MET,2025-07-31,no usable strict ordinary-day match
executive_officer_appointment,protective_put,21,300,LIN,2025-08-08,unusable event quote or stock
executive_officer_appointment,protective_put,21,300,GILD,2025-08-15,no usable strict ordinary-day match
executive_officer_appointment,protective_put,21,300,HON,2025-08-25,unusable event quote or stock
executive_officer_appointment,protective_put,21,300,TMUS,2025-08-26,no usable strict ordinary-day match
executive_officer_appointment,protective_put,21,300,DE,2025-09-03,no usable strict ordinary-day match
executive_officer_appointment,protective_put,21,300,BAC,2025-09-15,no usable strict ordinary-day match
executive_officer_appointment,protective_put,21,300,BAC,2025-09-16,no usable strict ordinary-day match
executive_officer_appointment,protective_put,21,300,TMUS,2025-09-23,no usable strict ordinary-day match
executive_officer_appointment,protective_put,21,300,LIN,2025-09-30,unusable event quote or stock
executive_officer_appointment,protective_put,21,300,DIS,2025-10-02,no usable strict ordinary-day match
executive_officer_appointment,protective_put,21,300,WMT,2025-10-23,no usable strict ordinary-day match
executive_officer_appointment,protective_put,21,300,HON,2025-10-23,unusable event quote or stock
executive_officer_appointment,protective_put,21,300,CVX,2025-11-04,no usable strict ordinary-day match
executive_officer_appointment,protective_put,21,300,PM,2025-11-05,no usable strict ordinary-day match
executive_officer_appointment,protective_put,21,300,BAC,2025-11-28,unusable event quote or stock
executive_officer_appointment,protective_put,21,300,GD,2025-12-08,unusable event quote or stock
executive_officer_appointment,protective_put,21,300,CVX,2025-12-08,no usable strict ordinary-day match
executive_officer_appointment,protective_put,21,300,TMUS,2025-12-10,no usable strict ordinary-day match
executive_officer_appointment,protective_put,21,300,AMD,2025-12-16,no usable strict ordinary-day match
executive_officer_appointment,protective_put,21,300,PEP,2025-12-16,no usable strict ordinary-day match
executive_officer_appointment,collar,21,300,INTC,2024-01-04,no usable strict ordinary-day match
executive_officer_appointment,collar,21,300,CVS,2024-01-08,no usable strict ordinary-day match
executive_officer_appointment,collar,21,300,QCOM,2024-01-24,no usable strict ordinary-day match
executive_officer_appointment,collar,21,300,BMY,2024-02-16,no usable strict ordinary-day match
executive_officer_appointment,collar,21,300,DUK,2024-03-18,no usable strict ordinary-day match
executive_officer_appointment,collar,21,300,UNH,2024-04-01,no usable strict ordinary-day match
executive_officer_appointment,collar,21,300,GE,2024-04-09,unusable event quote or stock
executive_officer_appointment,collar,21,300,GS,2024-04-15,no usable strict ordinary-day match
executive_officer_appointment,collar,21,300,UNH,2024-05-16,no usable strict ordinary-day match
executive_officer_appointment,collar,21,300,PYPL,2024-06-04,no usable strict ordinary-day match
executive_officer_appointment,collar,21,300,MCD,2024-07-29,no usable strict ordinary-day match
executive_officer_appointment,collar,21,300,UBER,2024-08-05,no usable strict ordinary-day match
executive_officer_appointment,collar,21,300,ADBE,2024-08-09,no usable strict ordinary-day match
executive_officer_appointment,collar,21,300,NOW,2024-10-24,no usable strict ordinary-day match
executive_officer_appointment,collar,21,300,LIN,2024-11-05,unusable event quote or stock
executive_officer_appointment,collar,21,300,CVS,2024-11-07,no usable strict ordinary-day match
executive_officer_appointment,collar,21,300,MDLZ,2024-12-04,unusable event quote or stock
executive_officer_appointment,collar,21,300,BK,2024-12-06,unusable event quote or stock
executive_officer_appointment,collar,21,300,SO,2024-12-11,unusable event quote or stock
executive_officer_appointment,collar,21,300,KO,2024-12-12,no usable strict ordinary-day match
executive_officer_appointment,collar,21,300,QCOM,2024-12-13,no usable strict ordinary-day match
executive_officer_appointment,collar,21,300,ABBV,2024-12-16,no usable strict ordinary-day match
executive_officer_appointment,collar,21,300,AMT,2025-01-08,no usable strict ordinary-day match
executive_officer_appointment,collar,21,300,TMUS,2025-01-28,no usable strict ordinary-day match
executive_officer_appointment,collar,21,300,MDLZ,2025-01-28,no usable strict ordinary-day match
executive_officer_appointment,collar,21,300,MMM,2025-02-11,unusable event quote or stock
executive_officer_appointment,collar,21,300,C,2025-02-19,no usable strict ordinary-day match
executive_officer_appointment,collar,21,300,TMUS,2025-02-24,no usable strict ordinary-day match
executive_officer_appointment,collar,21,300,INTC,2025-03-03,no usable strict ordinary-day match
executive_officer_appointment,collar,21,300,BAC,2025-03-03,no usable strict ordinary-day match
executive_officer_appointment,collar,21,300,MCD,2025-03-12,no usable strict ordinary-day match
executive_officer_appointment,collar,21,300,GILD,2025-03-13,no usable strict ordinary-day match
executive_officer_appointment,collar,21,300,MDT,2025-03-18,no usable strict ordinary-day match
executive_officer_appointment,collar,21,300,NEE,2025-03-18,no usable strict ordinary-day match
executive_officer_appointment,collar,21,300,HON,2025-04-09,no usable strict ordinary-day match
executive_officer_appointment,collar,21,300,CVS,2025-04-09,no usable strict ordinary-day match
executive_officer_appointment,collar,21,300,TMUS,2025-04-14,unusable event quote or stock
executive_officer_appointment,collar,21,300,NOW,2025-04-24,unusable event quote or stock
executive_officer_appointment,collar,21,300,UNH,2025-04-30,no usable strict ordinary-day match
executive_officer_appointment,collar,21,300,ABBV,2025-05-14,no usable strict ordinary-day match
executive_officer_appointment,collar,21,300,CSCO,2025-05-15,no usable strict ordinary-day match
executive_officer_appointment,collar,21,300,MO,2025-05-20,no usable strict ordinary-day match
executive_officer_appointment,collar,21,300,CL,2025-05-30,no usable strict ordinary-day match
executive_officer_appointment,collar,21,300,UBER,2025-06-03,unusable event quote or stock
executive_officer_appointment,collar,21,300,SBUX,2025-06-05,no usable strict ordinary-day match
executive_officer_appointment,collar,21,300,GD,2025-06-05,unusable event quote or stock
executive_officer_appointment,collar,21,300,GD,2025-06-10,no usable strict ordinary-day match
executive_officer_appointment,collar,21,300,INTU,2025-06-17,unusable event quote or stock
executive_officer_appointment,collar,21,300,ACN,2025-06-23,no usable strict ordinary-day match
executive_officer_appointment,collar,21,300,AIG,2025-07-22,no usable strict ordinary-day match
executive_officer_appointment,collar,21,300,MET,2025-07-31,no usable strict ordinary-day match
executive_officer_appointment,collar,21,300,LIN,2025-08-08,unusable event quote or stock
executive_officer_appointment,collar,21,300,GILD,2025-08-15,no usable strict ordinary-day match
executive_officer_appointment,collar,21,300,HON,2025-08-25,unusable event quote or stock
executive_officer_appointment,collar,21,300,TMUS,2025-08-26,no usable strict ordinary-day match
executive_officer_appointment,collar,21,300,DE,2025-09-03,no usable strict ordinary-day match
executive_officer_appointment,collar,21,300,BAC,2025-09-15,no usable strict ordinary-day match
executive_officer_appointment,collar,21,300,BAC,2025-09-16,no usable strict ordinary-day match
executive_officer_appointment,collar,21,300,TMUS,2025-09-23,no usable strict ordinary-day match
executive_officer_appointment,collar,21,300,LIN,2025-09-30,unusable event quote or stock
executive_officer_appointment,collar,21,300,DIS,2025-10-02,no usable strict ordinary-day match
executive_officer_appointment,collar,21,300,WMT,2025-10-23,no usable strict ordinary-day match
executive_officer_appointment,collar,21,300,HON,2025-10-23,unusable event quote or stock
executive_officer_appointment,collar,21,300,CVX,2025-11-04,no usable strict ordinary-day match
executive_officer_appointment,collar,21,300,PM,2025-11-05,no usable strict ordinary-day match
executive_officer_appointment,collar,21,300,BAC,2025-11-28,unusable event quote or stock
executive_officer_appointment,collar,21,300,GD,2025-12-08,unusable event quote or stock
executive_officer_appointment,collar,21,300,CVX,2025-12-08,no usable strict ordinary-day match
executive_officer_appointment,collar,21,300,TMUS,2025-12-10,no usable strict ordinary-day match
executive_officer_appointment,collar,21,300,AMD,2025-12-16,no usable strict ordinary-day match
executive_officer_appointment,collar,21,300,PEP,2025-12-16,no usable strict ordinary-day match
executive_officer_appointment,cash_secured_put,21,300,INTC,2024-01-04,no usable strict ordinary-day match
executive_officer_appointment,cash_secured_put,21,300,CVS,2024-01-08,no usable strict ordinary-day match
executive_officer_appointment,cash_secured_put,21,300,QCOM,2024-01-24,no usable strict ordinary-day match
executive_officer_appointment,cash_secured_put,21,300,BMY,2024-02-16,no usable strict ordinary-day match
executive_officer_appointment,cash_secured_put,21,300,UNH,2024-04-01,no usable strict ordinary-day match
executive_officer_appointment,cash_secured_put,21,300,GE,2024-04-09,unusable event quote or stock
executive_officer_appointment,cash_secured_put,21,300,GS,2024-04-15,no usable strict ordinary-day match
executive_officer_appointment,cash_secured_put,21,300,UNH,2024-05-16,no usable strict ordinary-day match
executive_officer_appointment,cash_secured_put,21,300,PYPL,2024-06-04,no usable strict ordinary-day match
executive_officer_appointment,cash_secured_put,21,300,MCD,2024-07-29,no usable strict ordinary-day match
executive_officer_appointment,cash_secured_put,21,300,UBER,2024-08-05,no usable strict ordinary-day match
executive_officer_appointment,cash_secured_put,21,300,ADBE,2024-08-09,no usable strict ordinary-day match
executive_officer_appointment,cash_secured_put,21,300,NOW,2024-10-24,no usable strict ordinary-day match
executive_officer_appointment,cash_secured_put,21,300,LIN,2024-11-05,unusable event quote or stock
executive_officer_appointment,cash_secured_put,21,300,CVS,2024-11-07,no usable strict ordinary-day match
executive_officer_appointment,cash_secured_put,21,300,BK,2024-12-06,unusable event quote or stock
executive_officer_appointment,cash_secured_put,21,300,SO,2024-12-11,unusable event quote or stock
executive_officer_appointment,cash_secured_put,21,300,KO,2024-12-12,no usable strict ordinary-day match
executive_officer_appointment,cash_secured_put,21,300,QCOM,2024-12-13,no usable strict ordinary-day match
executive_officer_appointment,cash_secured_put,21,300,ABBV,2024-12-16,no usable strict ordinary-day match
executive_officer_appointment,cash_secured_put,21,300,AMT,2025-01-08,no usable strict ordinary-day match
executive_officer_appointment,cash_secured_put,21,300,TMUS,2025-01-28,no usable strict ordinary-day match
executive_officer_appointment,cash_secured_put,21,300,MDLZ,2025-01-28,no usable strict ordinary-day match
executive_officer_appointment,cash_secured_put,21,300,MMM,2025-02-11,unusable event quote or stock
executive_officer_appointment,cash_secured_put,21,300,C,2025-02-19,no usable strict ordinary-day match
executive_officer_appointment,cash_secured_put,21,300,TMUS,2025-02-24,no usable strict ordinary-day match
executive_officer_appointment,cash_secured_put,21,300,INTC,2025-03-03,no usable strict ordinary-day match
executive_officer_appointment,cash_secured_put,21,300,BAC,2025-03-03,no usable strict ordinary-day match
executive_officer_appointment,cash_secured_put,21,300,MCD,2025-03-12,no usable strict ordinary-day match
executive_officer_appointment,cash_secured_put,21,300,GILD,2025-03-13,no usable strict ordinary-day match
executive_officer_appointment,cash_secured_put,21,300,MDT,2025-03-18,no usable strict ordinary-day match
executive_officer_appointment,cash_secured_put,21,300,NEE,2025-03-18,no usable strict ordinary-day match
executive_officer_appointment,cash_secured_put,21,300,HON,2025-04-09,no usable strict ordinary-day match
executive_officer_appointment,cash_secured_put,21,300,CVS,2025-04-09,no usable strict ordinary-day match
executive_officer_appointment,cash_secured_put,21,300,TMUS,2025-04-14,unusable event quote or stock
executive_officer_appointment,cash_secured_put,21,300,NOW,2025-04-24,unusable event quote or stock
executive_officer_appointment,cash_secured_put,21,300,UNH,2025-04-30,no usable strict ordinary-day match
executive_officer_appointment,cash_secured_put,21,300,ABBV,2025-05-14,no usable strict ordinary-day match
executive_officer_appointment,cash_secured_put,21,300,CSCO,2025-05-15,no usable strict ordinary-day match
executive_officer_appointment,cash_secured_put,21,300,MO,2025-05-20,no usable strict ordinary-day match
executive_officer_appointment,cash_secured_put,21,300,CL,2025-05-30,no usable strict ordinary-day match
executive_officer_appointment,cash_secured_put,21,300,UBER,2025-06-03,unusable event quote or stock
executive_officer_appointment,cash_secured_put,21,300,SBUX,2025-06-05,no usable strict ordinary-day match
executive_officer_appointment,cash_secured_put,21,300,GD,2025-06-05,unusable event quote or stock
executive_officer_appointment,cash_secured_put,21,300,GD,2025-06-10,no usable strict ordinary-day match
executive_officer_appointment,cash_secured_put,21,300,INTU,2025-06-17,unusable event quote or stock
executive_officer_appointment,cash_secured_put,21,300,ACN,2025-06-23,no usable strict ordinary-day match
executive_officer_appointment,cash_secured_put,21,300,AIG,2025-07-22,no usable strict ordinary-day match
executive_officer_appointment,cash_secured_put,21,300,MET,2025-07-31,no usable strict ordinary-day match
executive_officer_appointment,cash_secured_put,21,300,LIN,2025-08-08,unusable event quote or stock
executive_officer_appointment,cash_secured_put,21,300,GILD,2025-08-15,no usable strict ordinary-day match
executive_officer_appointment,cash_secured_put,21,300,HON,2025-08-25,unusable event quote or stock
executive_officer_appointment,cash_secured_put,21,300,TMUS,2025-08-26,no usable strict ordinary-day match
executive_officer_appointment,cash_secured_put,21,300,DE,2025-09-03,no usable strict ordinary-day match
executive_officer_appointment,cash_secured_put,21,300,BAC,2025-09-15,no usable strict ordinary-day match
executive_officer_appointment,cash_secured_put,21,300,BAC,2025-09-16,no usable strict ordinary-day match
executive_officer_appointment,cash_secured_put,21,300,TMUS,2025-09-23,no usable strict ordinary-day match
executive_officer_appointment,cash_secured_put,21,300,LIN,2025-09-30,unusable event quote or stock
executive_officer_appointment,cash_secured_put,21,300,DIS,2025-10-02,no usable strict ordinary-day match
executive_officer_appointment,cash_secured_put,21,300,WMT,2025-10-23,no usable strict ordinary-day match
executive_officer_appointment,cash_secured_put,21,300,HON,2025-10-23,unusable event quote or stock
executive_officer_appointment,cash_secured_put,21,300,CVX,2025-11-04,no usable strict ordinary-day match
executive_officer_appointment,cash_secured_put,21,300,PM,2025-11-05,no usable strict ordinary-day match
executive_officer_appointment,cash_secured_put,21,300,BAC,2025-11-28,unusable event quote or stock
executive_officer_appointment,cash_secured_put,21,300,GD,2025-12-08,unusable event quote or stock
executive_officer_appointment,cash_secured_put,21,300,CVX,2025-12-08,no usable strict ordinary-day match
executive_officer_appointment,cash_secured_put,21,300,TMUS,2025-12-10,no usable strict ordinary-day match
executive_officer_appointment,cash_secured_put,21,300,AMD,2025-12-16,no usable strict ordinary-day match
executive_officer_appointment,cash_secured_put,21,300,PEP,2025-12-16,no usable strict ordinary-day match
guidance_issuance_or_update,long_call,21,60,ABBV,2024-01-08,no usable strict ordinary-day match
guidance_issuance_or_update,long_call,21,60,CVS,2024-01-08,no usable strict ordinary-day match
guidance_issuance_or_update,long_call,21,60,DHR,2024-01-09,unusable event quote or stock
guidance_issuance_or_update,long_call,21,60,PG,2024-01-24,no usable strict ordinary-day match
guidance_issuance_or_update,long_call,21,60,MMM,2024-01-24,unusable event quote or stock
guidance_issuance_or_update,long_call,21,60,MET,2024-02-01,no usable strict ordinary-day match
guidance_issuance_or_update,long_call,21,60,SO,2024-02-02,no usable strict ordinary-day match
guidance_issuance_or_update,long_call,21,60,CVS,2024-03-06,no usable strict ordinary-day match
guidance_issuance_or_update,long_call,21,60,PG,2024-04-22,no usable strict ordinary-day match
guidance_issuance_or_update,long_call,21,60,TMUS,2024-04-26,unusable event quote or stock
guidance_issuance_or_update,long_call,21,60,MMM,2024-05-01,no usable strict ordinary-day match
guidance_issuance_or_update,long_call,21,60,AMD,2024-05-01,no usable strict ordinary-day match
guidance_issuance_or_update,long_call,21,60,INTC,2024-05-09,no usable strict ordinary-day match
guidance_issuance_or_update,long_call,21,60,UBER,2024-05-15,no usable strict ordinary-day match
guidance_issuance_or_update,long_call,21,60,HON,2024-06-04,no usable strict ordinary-day match
guidance_issuance_or_update,long_call,21,60,NEE,2024-06-12,no usable strict ordinary-day match
guidance_issuance_or_update,long_call,21,60,LMT,2024-07-22,no usable strict ordinary-day match
guidance_issuance_or_update,long_call,21,60,TMUS,2024-08-01,no usable strict ordinary-day match
guidance_issuance_or_update,long_call,21,60,UNP,2024-09-20,unusable event quote or stock
guidance_issuance_or_update,long_call,21,60,MMM,2024-10-23,unusable event quote or stock
guidance_issuance_or_update,long_call,21,60,TMUS,2024-10-24,no usable strict ordinary-day match
guidance_issuance_or_update,long_call,21,60,MA,2024-11-14,unusable event quote or stock
guidance_issuance_or_update,long_call,21,60,INTU,2024-11-22,unusable event quote or stock
guidance_issuance_or_update,long_call,21,60,HON,2024-12-03,unusable event quote or stock
guidance_issuance_or_update,long_call,21,60,PFE,2024-12-18,no usable strict ordinary-day match
guidance_issuance_or_update,long_call,21,60,ABBV,2025-01-07,no usable strict ordinary-day match
guidance_issuance_or_update,long_call,21,60,MMM,2025-01-22,unusable event quote or stock
guidance_issuance_or_update,long_call,21,60,INTC,2025-01-31,no usable strict ordinary-day match
guidance_issuance_or_update,long_call,21,60,MET,2025-02-06,unusable event quote or stock
guidance_issuance_or_update,long_call,21,60,PYPL,2025-02-26,no usable strict ordinary-day match
guidance_issuance_or_update,long_call,21,60,VZ,2025-03-12,no usable strict ordinary-day match
guidance_issuance_or_update,long_call,21,60,ABBV,2025-04-04,no usable strict ordinary-day match
guidance_issuance_or_update,long_call,21,60,GM,2025-05-02,no usable strict ordinary-day match
guidance_issuance_or_update,long_call,21,60,INTU,2025-05-23,unusable event quote or stock
guidance_issuance_or_update,long_call,21,60,ADBE,2025-06-13,no usable strict ordinary-day match
guidance_issuance_or_update,long_call,21,60,MMM,2025-07-21,no usable strict ordinary-day match
guidance_issuance_or_update,long_call,21,60,TMUS,2025-07-24,no usable strict ordinary-day match
guidance_issuance_or_update,long_call,21,60,INTU,2025-08-22,no usable strict ordinary-day match
guidance_issuance_or_update,long_call,21,60,UNH,2025-09-09,no usable strict ordinary-day match
guidance_issuance_or_update,long_call,21,60,INTC,2025-09-16,no usable strict ordinary-day match
guidance_issuance_or_update,long_call,21,60,MET,2025-09-23,no usable strict ordinary-day match
guidance_issuance_or_update,long_call,21,60,MMM,2025-10-22,no usable strict ordinary-day match
guidance_issuance_or_update,long_call,21,60,TMUS,2025-10-24,unusable event quote or stock
guidance_issuance_or_update,long_call,21,60,PEP,2025-12-09,no usable strict ordinary-day match
guidance_issuance_or_update,long_call,21,60,PFE,2025-12-17,no usable strict ordinary-day match
guidance_issuance_or_update,long_call,21,60,MET,2025-12-23,no usable strict ordinary-day match
guidance_issuance_or_update,covered_call,21,60,ABBV,2024-01-08,no usable strict ordinary-day match
guidance_issuance_or_update,covered_call,21,60,CVS,2024-01-08,no usable strict ordinary-day match
guidance_issuance_or_update,covered_call,21,60,DHR,2024-01-09,unusable event quote or stock
guidance_issuance_or_update,covered_call,21,60,PG,2024-01-24,no usable strict ordinary-day match
guidance_issuance_or_update,covered_call,21,60,MMM,2024-01-24,unusable event quote or stock
guidance_issuance_or_update,covered_call,21,60,MET,2024-02-01,no usable strict ordinary-day match
guidance_issuance_or_update,covered_call,21,60,SO,2024-02-02,unusable event quote or stock
guidance_issuance_or_update,covered_call,21,60,CVS,2024-03-06,unusable event quote or stock
guidance_issuance_or_update,covered_call,21,60,PG,2024-04-22,no usable strict ordinary-day match
guidance_issuance_or_update,covered_call,21,60,TMUS,2024-04-26,unusable event quote or stock
guidance_issuance_or_update,covered_call,21,60,MMM,2024-05-01,no usable strict ordinary-day match
guidance_issuance_or_update,covered_call,21,60,AMD,2024-05-01,no usable strict ordinary-day match
guidance_issuance_or_update,covered_call,21,60,INTC,2024-05-09,no usable strict ordinary-day match
guidance_issuance_or_update,covered_call,21,60,UBER,2024-05-15,no usable strict ordinary-day match
guidance_issuance_or_update,covered_call,21,60,HON,2024-06-04,no usable strict ordinary-day match
guidance_issuance_or_update,covered_call,21,60,NEE,2024-06-12,no usable strict ordinary-day match
guidance_issuance_or_update,covered_call,21,60,LMT,2024-07-22,no usable strict ordinary-day match
guidance_issuance_or_update,covered_call,21,60,TMUS,2024-08-01,no usable strict ordinary-day match
guidance_issuance_or_update,covered_call,21,60,UNP,2024-09-20,unusable event quote or stock
guidance_issuance_or_update,covered_call,21,60,ABBV,2024-10-04,unusable event quote or stock
guidance_issuance_or_update,covered_call,21,60,MMM,2024-10-23,unusable event quote or stock
guidance_issuance_or_update,covered_call,21,60,TMUS,2024-10-24,no usable strict ordinary-day match
guidance_issuance_or_update,covered_call,21,60,MA,2024-11-14,unusable event quote or stock
guidance_issuance_or_update,covered_call,21,60,INTU,2024-11-22,unusable event quote or stock
guidance_issuance_or_update,covered_call,21,60,HON,2024-12-03,unusable event quote or stock
guidance_issuance_or_update,covered_call,21,60,PFE,2024-12-18,no usable strict ordinary-day match
guidance_issuance_or_update,covered_call,21,60,ABBV,2025-01-07,unusable event quote or stock
guidance_issuance_or_update,covered_call,21,60,MMM,2025-01-22,unusable event quote or stock
guidance_issuance_or_update,covered_call,21,60,INTC,2025-01-31,no usable strict ordinary-day match
guidance_issuance_or_update,covered_call,21,60,MET,2025-02-06,unusable event quote or stock
guidance_issuance_or_update,covered_call,21,60,PYPL,2025-02-26,no usable strict ordinary-day match
guidance_issuance_or_update,covered_call,21,60,VZ,2025-03-12,no usable strict ordinary-day match
guidance_issuance_or_update,covered_call,21,60,ABBV,2025-04-04,no usable strict ordinary-day match
guidance_issuance_or_update,covered_call,21,60,GM,2025-05-02,no usable strict ordinary-day match
guidance_issuance_or_update,covered_call,21,60,INTU,2025-05-23,no usable strict ordinary-day match
guidance_issuance_or_update,covered_call,21,60,ADBE,2025-06-13,no usable strict ordinary-day match
guidance_issuance_or_update,covered_call,21,60,MMM,2025-07-21,no usable strict ordinary-day match
guidance_issuance_or_update,covered_call,21,60,TMUS,2025-07-24,no usable strict ordinary-day match
guidance_issuance_or_update,covered_call,21,60,INTU,2025-08-22,no usable strict ordinary-day match
guidance_issuance_or_update,covered_call,21,60,UNH,2025-09-09,no usable strict ordinary-day match
guidance_issuance_or_update,covered_call,21,60,INTC,2025-09-16,no usable strict ordinary-day match
guidance_issuance_or_update,covered_call,21,60,MET,2025-09-23,unusable event quote or stock
guidance_issuance_or_update,covered_call,21,60,MMM,2025-10-22,no usable strict ordinary-day match
guidance_issuance_or_update,covered_call,21,60,TMUS,2025-10-24,unusable event quote or stock
guidance_issuance_or_update,covered_call,21,60,PEP,2025-12-09,no usable strict ordinary-day match
guidance_issuance_or_update,covered_call,21,60,PFE,2025-12-17,unusable event quote or stock
guidance_issuance_or_update,covered_call,21,60,MET,2025-12-23,unusable event quote or stock
guidance_issuance_or_update,protective_put,21,60,ABBV,2024-01-08,no usable strict ordinary-day match
guidance_issuance_or_update,protective_put,21,60,CVS,2024-01-08,no usable strict ordinary-day match
guidance_issuance_or_update,protective_put,21,60,DHR,2024-01-09,unusable event quote or stock
guidance_issuance_or_update,protective_put,21,60,PG,2024-01-24,no usable strict ordinary-day match
guidance_issuance_or_update,protective_put,21,60,MMM,2024-01-24,unusable event quote or stock
guidance_issuance_or_update,protective_put,21,60,MET,2024-02-01,no usable strict ordinary-day match
guidance_issuance_or_update,protective_put,21,60,SO,2024-02-02,unusable event quote or stock
guidance_issuance_or_update,protective_put,21,60,CVS,2024-03-06,no usable strict ordinary-day match
guidance_issuance_or_update,protective_put,21,60,PG,2024-04-22,unusable event quote or stock
guidance_issuance_or_update,protective_put,21,60,TMUS,2024-04-26,unusable event quote or stock
guidance_issuance_or_update,protective_put,21,60,MMM,2024-05-01,no usable strict ordinary-day match
guidance_issuance_or_update,protective_put,21,60,AMD,2024-05-01,no usable strict ordinary-day match
guidance_issuance_or_update,protective_put,21,60,INTC,2024-05-09,no usable strict ordinary-day match
guidance_issuance_or_update,protective_put,21,60,UBER,2024-05-15,no usable strict ordinary-day match
guidance_issuance_or_update,protective_put,21,60,HON,2024-06-04,no usable strict ordinary-day match
guidance_issuance_or_update,protective_put,21,60,NEE,2024-06-12,no usable strict ordinary-day match
guidance_issuance_or_update,protective_put,21,60,LMT,2024-07-22,unusable event quote or stock
guidance_issuance_or_update,protective_put,21,60,MMM,2024-07-29,no usable strict ordinary-day match
guidance_issuance_or_update,protective_put,21,60,TMUS,2024-08-01,no usable strict ordinary-day match
guidance_issuance_or_update,protective_put,21,60,UNP,2024-09-20,unusable event quote or stock
guidance_issuance_or_update,protective_put,21,60,MMM,2024-10-23,unusable event quote or stock
guidance_issuance_or_update,protective_put,21,60,TMUS,2024-10-24,no usable strict ordinary-day match
guidance_issuance_or_update,protective_put,21,60,MA,2024-11-14,unusable event quote or stock
guidance_issuance_or_update,protective_put,21,60,INTU,2024-11-22,unusable event quote or stock
guidance_issuance_or_update,protective_put,21,60,HON,2024-12-03,unusable event quote or stock
guidance_issuance_or_update,protective_put,21,60,PFE,2024-12-18,no usable strict ordinary-day match
guidance_issuance_or_update,protective_put,21,60,ABBV,2025-01-07,no usable strict ordinary-day match
guidance_issuance_or_update,protective_put,21,60,MMM,2025-01-22,unusable event quote or stock
guidance_issuance_or_update,protective_put,21,60,INTC,2025-01-31,no usable strict ordinary-day match
guidance_issuance_or_update,protective_put,21,60,MET,2025-02-06,unusable event quote or stock
guidance_issuance_or_update,protective_put,21,60,PYPL,2025-02-26,no usable strict ordinary-day match
guidance_issuance_or_update,protective_put,21,60,VZ,2025-03-12,no usable strict ordinary-day match
guidance_issuance_or_update,protective_put,21,60,ABBV,2025-04-04,no usable strict ordinary-day match
guidance_issuance_or_update,protective_put,21,60,GM,2025-05-02,no usable strict ordinary-day match
guidance_issuance_or_update,protective_put,21,60,INTU,2025-05-23,no usable strict ordinary-day match
guidance_issuance_or_update,protective_put,21,60,ADBE,2025-06-13,no usable strict ordinary-day match
guidance_issuance_or_update,protective_put,21,60,ABBV,2025-07-07,unusable event quote or stock
guidance_issuance_or_update,protective_put,21,60,MMM,2025-07-21,no usable strict ordinary-day match
guidance_issuance_or_update,protective_put,21,60,TMUS,2025-07-24,no usable strict ordinary-day match
guidance_issuance_or_update,protective_put,21,60,INTU,2025-08-22,no usable strict ordinary-day match
guidance_issuance_or_update,protective_put,21,60,UNH,2025-09-09,no usable strict ordinary-day match
guidance_issuance_or_update,protective_put,21,60,INTC,2025-09-16,unusable event quote or stock
guidance_issuance_or_update,protective_put,21,60,MET,2025-09-23,unusable event quote or stock
guidance_issuance_or_update,protective_put,21,60,MMM,2025-10-22,no usable strict ordinary-day match
guidance_issuance_or_update,protective_put,21,60,TMUS,2025-10-24,unusable event quote or stock
guidance_issuance_or_update,protective_put,21,60,PEP,2025-12-09,no usable strict ordinary-day match
guidance_issuance_or_update,protective_put,21,60,PFE,2025-12-17,no usable strict ordinary-day match
guidance_issuance_or_update,protective_put,21,60,MET,2025-12-23,unusable event quote or stock
guidance_issuance_or_update,collar,21,60,ABBV,2024-01-08,no usable strict ordinary-day match
guidance_issuance_or_update,collar,21,60,CVS,2024-01-08,no usable strict ordinary-day match
guidance_issuance_or_update,collar,21,60,DHR,2024-01-09,unusable event quote or stock
guidance_issuance_or_update,collar,21,60,PG,2024-01-24,no usable strict ordinary-day match
guidance_issuance_or_update,collar,21,60,MMM,2024-01-24,unusable event quote or stock
guidance_issuance_or_update,collar,21,60,MET,2024-02-01,no usable strict ordinary-day match
guidance_issuance_or_update,collar,21,60,SO,2024-02-02,unusable event quote or stock
guidance_issuance_or_update,collar,21,60,USB,2024-03-06,no usable strict ordinary-day match
guidance_issuance_or_update,collar,21,60,CVS,2024-03-06,unusable event quote or stock
guidance_issuance_or_update,collar,21,60,PG,2024-04-22,unusable event quote or stock
guidance_issuance_or_update,collar,21,60,TMUS,2024-04-26,unusable event quote or stock
guidance_issuance_or_update,collar,21,60,MMM,2024-05-01,no usable strict ordinary-day match
guidance_issuance_or_update,collar,21,60,AMD,2024-05-01,no usable strict ordinary-day match
guidance_issuance_or_update,collar,21,60,INTC,2024-05-09,no usable strict ordinary-day match
guidance_issuance_or_update,collar,21,60,UBER,2024-05-15,no usable strict ordinary-day match
guidance_issuance_or_update,collar,21,60,HON,2024-06-04,no usable strict ordinary-day match
guidance_issuance_or_update,collar,21,60,NEE,2024-06-12,no usable strict ordinary-day match
guidance_issuance_or_update,collar,21,60,LMT,2024-07-22,unusable event quote or stock
guidance_issuance_or_update,collar,21,60,MMM,2024-07-29,no usable strict ordinary-day match
guidance_issuance_or_update,collar,21,60,TMUS,2024-08-01,no usable strict ordinary-day match
guidance_issuance_or_update,collar,21,60,UNP,2024-09-20,unusable event quote or stock
guidance_issuance_or_update,collar,21,60,ABBV,2024-10-04,unusable event quote or stock
guidance_issuance_or_update,collar,21,60,MMM,2024-10-23,unusable event quote or stock
guidance_issuance_or_update,collar,21,60,TMUS,2024-10-24,no usable strict ordinary-day match
guidance_issuance_or_update,collar,21,60,MA,2024-11-14,unusable event quote or stock
guidance_issuance_or_update,collar,21,60,INTU,2024-11-22,unusable event quote or stock
guidance_issuance_or_update,collar,21,60,HON,2024-12-03,unusable event quote or stock
guidance_issuance_or_update,collar,21,60,PFE,2024-12-18,no usable strict ordinary-day match
guidance_issuance_or_update,collar,21,60,ABBV,2025-01-07,unusable event quote or stock
guidance_issuance_or_update,collar,21,60,MMM,2025-01-22,unusable event quote or stock
guidance_issuance_or_update,collar,21,60,INTC,2025-01-31,no usable strict ordinary-day match
guidance_issuance_or_update,collar,21,60,MET,2025-02-06,unusable event quote or stock
guidance_issuance_or_update,collar,21,60,PYPL,2025-02-26,no usable strict ordinary-day match
guidance_issuance_or_update,collar,21,60,VZ,2025-03-12,no usable strict ordinary-day match
guidance_issuance_or_update,collar,21,60,ABBV,2025-04-04,no usable strict ordinary-day match
guidance_issuance_or_update,collar,21,60,GM,2025-05-02,no usable strict ordinary-day match
guidance_issuance_or_update,collar,21,60,INTU,2025-05-23,no usable strict ordinary-day match
guidance_issuance_or_update,collar,21,60,ADBE,2025-06-13,no usable strict ordinary-day match
guidance_issuance_or_update,collar,21,60,ABBV,2025-07-07,unusable event quote or stock
guidance_issuance_or_update,collar,21,60,MMM,2025-07-21,no usable strict ordinary-day match
guidance_issuance_or_update,collar,21,60,TMUS,2025-07-24,no usable strict ordinary-day match
guidance_issuance_or_update,collar,21,60,INTU,2025-08-22,no usable strict ordinary-day match
guidance_issuance_or_update,collar,21,60,UNH,2025-09-09,no usable strict ordinary-day match
guidance_issuance_or_update,collar,21,60,INTC,2025-09-16,unusable event quote or stock
guidance_issuance_or_update,collar,21,60,MET,2025-09-23,unusable event quote or stock
guidance_issuance_or_update,collar,21,60,MMM,2025-10-22,no usable strict ordinary-day match
guidance_issuance_or_update,collar,21,60,TMUS,2025-10-24,unusable event quote or stock
guidance_issuance_or_update,collar,21,60,PEP,2025-12-09,no usable strict ordinary-day match
guidance_issuance_or_update,collar,21,60,PFE,2025-12-17,unusable event quote or stock
guidance_issuance_or_update,collar,21,60,MET,2025-12-23,unusable event quote or stock
guidance_issuance_or_update,cash_secured_put,21,60,ABBV,2024-01-08,no usable strict ordinary-day match
guidance_issuance_or_update,cash_secured_put,21,60,CVS,2024-01-08,no usable strict ordinary-day match
guidance_issuance_or_update,cash_secured_put,21,60,DHR,2024-01-09,unusable event quote or stock
guidance_issuance_or_update,cash_secured_put,21,60,PG,2024-01-24,no usable strict ordinary-day match
guidance_issuance_or_update,cash_secured_put,21,60,MMM,2024-01-24,unusable event quote or stock
guidance_issuance_or_update,cash_secured_put,21,60,MET,2024-02-01,no usable strict ordinary-day match
guidance_issuance_or_update,cash_secured_put,21,60,SO,2024-02-02,unusable event quote or stock
guidance_issuance_or_update,cash_secured_put,21,60,CVS,2024-03-06,no usable strict ordinary-day match
guidance_issuance_or_update,cash_secured_put,21,60,PG,2024-04-22,unusable event quote or stock
guidance_issuance_or_update,cash_secured_put,21,60,TMUS,2024-04-26,unusable event quote or stock
guidance_issuance_or_update,cash_secured_put,21,60,MMM,2024-05-01,no usable strict ordinary-day match
guidance_issuance_or_update,cash_secured_put,21,60,AMD,2024-05-01,no usable strict ordinary-day match
guidance_issuance_or_update,cash_secured_put,21,60,INTC,2024-05-09,no usable strict ordinary-day match
guidance_issuance_or_update,cash_secured_put,21,60,UBER,2024-05-15,no usable strict ordinary-day match
guidance_issuance_or_update,cash_secured_put,21,60,HON,2024-06-04,no usable strict ordinary-day match
guidance_issuance_or_update,cash_secured_put,21,60,NEE,2024-06-12,no usable strict ordinary-day match
guidance_issuance_or_update,cash_secured_put,21,60,LMT,2024-07-22,unusable event quote or stock
guidance_issuance_or_update,cash_secured_put,21,60,MMM,2024-07-29,no usable strict ordinary-day match
guidance_issuance_or_update,cash_secured_put,21,60,TMUS,2024-08-01,no usable strict ordinary-day match
guidance_issuance_or_update,cash_secured_put,21,60,UNP,2024-09-20,unusable event quote or stock
guidance_issuance_or_update,cash_secured_put,21,60,MMM,2024-10-23,unusable event quote or stock
guidance_issuance_or_update,cash_secured_put,21,60,TMUS,2024-10-24,no usable strict ordinary-day match
guidance_issuance_or_update,cash_secured_put,21,60,MA,2024-11-14,unusable event quote or stock
guidance_issuance_or_update,cash_secured_put,21,60,INTU,2024-11-22,unusable event quote or stock
guidance_issuance_or_update,cash_secured_put,21,60,HON,2024-12-03,unusable event quote or stock
guidance_issuance_or_update,cash_secured_put,21,60,PFE,2024-12-18,no usable strict ordinary-day match
guidance_issuance_or_update,cash_secured_put,21,60,ABBV,2025-01-07,no usable strict ordinary-day match
guidance_issuance_or_update,cash_secured_put,21,60,MMM,2025-01-22,unusable event quote or stock
guidance_issuance_or_update,cash_secured_put,21,60,INTC,2025-01-31,no usable strict ordinary-day match
guidance_issuance_or_update,cash_secured_put,21,60,MET,2025-02-06,unusable event quote or stock
guidance_issuance_or_update,cash_secured_put,21,60,PYPL,2025-02-26,no usable strict ordinary-day match
guidance_issuance_or_update,cash_secured_put,21,60,VZ,2025-03-12,no usable strict ordinary-day match
guidance_issuance_or_update,cash_secured_put,21,60,ABBV,2025-04-04,no usable strict ordinary-day match
guidance_issuance_or_update,cash_secured_put,21,60,GM,2025-05-02,no usable strict ordinary-day match
guidance_issuance_or_update,cash_secured_put,21,60,INTU,2025-05-23,no usable strict ordinary-day match
guidance_issuance_or_update,cash_secured_put,21,60,ADBE,2025-06-13,no usable strict ordinary-day match
guidance_issuance_or_update,cash_secured_put,21,60,ABBV,2025-07-07,unusable event quote or stock
guidance_issuance_or_update,cash_secured_put,21,60,MMM,2025-07-21,no usable strict ordinary-day match
guidance_issuance_or_update,cash_secured_put,21,60,TMUS,2025-07-24,no usable strict ordinary-day match
guidance_issuance_or_update,cash_secured_put,21,60,INTU,2025-08-22,no usable strict ordinary-day match
guidance_issuance_or_update,cash_secured_put,21,60,UNH,2025-09-09,no usable strict ordinary-day match
guidance_issuance_or_update,cash_secured_put,21,60,INTC,2025-09-16,unusable event quote or stock
guidance_issuance_or_update,cash_secured_put,21,60,MET,2025-09-23,unusable event quote or stock
guidance_issuance_or_update,cash_secured_put,21,60,MMM,2025-10-22,no usable strict ordinary-day match
guidance_issuance_or_update,cash_secured_put,21,60,TMUS,2025-10-24,unusable event quote or stock
guidance_issuance_or_update,cash_secured_put,21,60,PEP,2025-12-09,no usable strict ordinary-day match
guidance_issuance_or_update,cash_secured_put,21,60,PFE,2025-12-17,no usable strict ordinary-day match
guidance_issuance_or_update,cash_secured_put,21,60,MET,2025-12-23,unusable event quote or stock
guidance_issuance_or_update,long_call,21,300,ABBV,2024-01-08,no usable strict ordinary-day match
guidance_issuance_or_update,long_call,21,300,CVS,2024-01-08,no usable strict ordinary-day match
guidance_issuance_or_update,long_call,21,300,DHR,2024-01-09,unusable event quote or stock
guidance_issuance_or_update,long_call,21,300,PG,2024-01-24,no usable strict ordinary-day match
guidance_issuance_or_update,long_call,21,300,MMM,2024-01-24,unusable event quote or stock
guidance_issuance_or_update,long_call,21,300,MET,2024-02-01,no usable strict ordinary-day match
guidance_issuance_or_update,long_call,21,300,SO,2024-02-02,no usable strict ordinary-day match
guidance_issuance_or_update,long_call,21,300,CVS,2024-03-06,no usable strict ordinary-day match
guidance_issuance_or_update,long_call,21,300,PG,2024-04-22,no usable strict ordinary-day match
guidance_issuance_or_update,long_call,21,300,TMUS,2024-04-26,unusable event quote or stock
guidance_issuance_or_update,long_call,21,300,MMM,2024-05-01,no usable strict ordinary-day match
guidance_issuance_or_update,long_call,21,300,AMD,2024-05-01,no usable strict ordinary-day match
guidance_issuance_or_update,long_call,21,300,INTC,2024-05-09,no usable strict ordinary-day match
guidance_issuance_or_update,long_call,21,300,UBER,2024-05-15,no usable strict ordinary-day match
guidance_issuance_or_update,long_call,21,300,HON,2024-06-04,no usable strict ordinary-day match
guidance_issuance_or_update,long_call,21,300,NEE,2024-06-12,no usable strict ordinary-day match
guidance_issuance_or_update,long_call,21,300,LMT,2024-07-22,no usable strict ordinary-day match
guidance_issuance_or_update,long_call,21,300,TMUS,2024-08-01,no usable strict ordinary-day match
guidance_issuance_or_update,long_call,21,300,UNP,2024-09-20,unusable event quote or stock
guidance_issuance_or_update,long_call,21,300,MMM,2024-10-23,unusable event quote or stock
guidance_issuance_or_update,long_call,21,300,TMUS,2024-10-24,no usable strict ordinary-day match
guidance_issuance_or_update,long_call,21,300,MA,2024-11-14,unusable event quote or stock
guidance_issuance_or_update,long_call,21,300,INTU,2024-11-22,unusable event quote or stock
guidance_issuance_or_update,long_call,21,300,HON,2024-12-03,unusable event quote or stock
guidance_issuance_or_update,long_call,21,300,PFE,2024-12-18,no usable strict ordinary-day match
guidance_issuance_or_update,long_call,21,300,ABBV,2025-01-07,no usable strict ordinary-day match
guidance_issuance_or_update,long_call,21,300,MMM,2025-01-22,unusable event quote or stock
guidance_issuance_or_update,long_call,21,300,INTC,2025-01-31,no usable strict ordinary-day match
guidance_issuance_or_update,long_call,21,300,MET,2025-02-06,unusable event quote or stock
guidance_issuance_or_update,long_call,21,300,PYPL,2025-02-26,no usable strict ordinary-day match
guidance_issuance_or_update,long_call,21,300,VZ,2025-03-12,no usable strict ordinary-day match
guidance_issuance_or_update,long_call,21,300,ABBV,2025-04-04,no usable strict ordinary-day match
guidance_issuance_or_update,long_call,21,300,GM,2025-05-02,no usable strict ordinary-day match
guidance_issuance_or_update,long_call,21,300,INTU,2025-05-23,no usable strict ordinary-day match
guidance_issuance_or_update,long_call,21,300,ADBE,2025-06-13,no usable strict ordinary-day match
guidance_issuance_or_update,long_call,21,300,MMM,2025-07-21,no usable strict ordinary-day match
guidance_issuance_or_update,long_call,21,300,TMUS,2025-07-24,no usable strict ordinary-day match
guidance_issuance_or_update,long_call,21,300,INTU,2025-08-22,no usable strict ordinary-day match
guidance_issuance_or_update,long_call,21,300,UNH,2025-09-09,no usable strict ordinary-day match
guidance_issuance_or_update,long_call,21,300,INTC,2025-09-16,no usable strict ordinary-day match
guidance_issuance_or_update,long_call,21,300,MET,2025-09-23,no usable strict ordinary-day match
guidance_issuance_or_update,long_call,21,300,MMM,2025-10-22,no usable strict ordinary-day match
guidance_issuance_or_update,long_call,21,300,TMUS,2025-10-24,unusable event quote or stock
guidance_issuance_or_update,long_call,21,300,PEP,2025-12-09,no usable strict ordinary-day match
guidance_issuance_or_update,long_call,21,300,PFE,2025-12-17,no usable strict ordinary-day match
guidance_issuance_or_update,long_call,21,300,MET,2025-12-23,no usable strict ordinary-day match
guidance_issuance_or_update,covered_call,21,300,ABBV,2024-01-08,no usable strict ordinary-day match
guidance_issuance_or_update,covered_call,21,300,CVS,2024-01-08,no usable strict ordinary-day match
guidance_issuance_or_update,covered_call,21,300,DHR,2024-01-09,unusable event quote or stock
guidance_issuance_or_update,covered_call,21,300,PG,2024-01-24,no usable strict ordinary-day match
guidance_issuance_or_update,covered_call,21,300,MMM,2024-01-24,unusable event quote or stock
guidance_issuance_or_update,covered_call,21,300,MET,2024-02-01,no usable strict ordinary-day match
guidance_issuance_or_update,covered_call,21,300,SO,2024-02-02,unusable event quote or stock
guidance_issuance_or_update,covered_call,21,300,CVS,2024-03-06,no usable strict ordinary-day match
guidance_issuance_or_update,covered_call,21,300,PG,2024-04-22,no usable strict ordinary-day match
guidance_issuance_or_update,covered_call,21,300,TMUS,2024-04-26,unusable event quote or stock
guidance_issuance_or_update,covered_call,21,300,MMM,2024-05-01,no usable strict ordinary-day match
guidance_issuance_or_update,covered_call,21,300,AMD,2024-05-01,no usable strict ordinary-day match
guidance_issuance_or_update,covered_call,21,300,INTC,2024-05-09,no usable strict ordinary-day match
guidance_issuance_or_update,covered_call,21,300,UBER,2024-05-15,no usable strict ordinary-day match
guidance_issuance_or_update,covered_call,21,300,HON,2024-06-04,no usable strict ordinary-day match
guidance_issuance_or_update,covered_call,21,300,NEE,2024-06-12,no usable strict ordinary-day match
guidance_issuance_or_update,covered_call,21,300,LMT,2024-07-22,no usable strict ordinary-day match
guidance_issuance_or_update,covered_call,21,300,TMUS,2024-08-01,no usable strict ordinary-day match
guidance_issuance_or_update,covered_call,21,300,UNP,2024-09-20,unusable event quote or stock
guidance_issuance_or_update,covered_call,21,300,MMM,2024-10-23,unusable event quote or stock
guidance_issuance_or_update,covered_call,21,300,TMUS,2024-10-24,no usable strict ordinary-day match
guidance_issuance_or_update,covered_call,21,300,MA,2024-11-14,unusable event quote or stock
guidance_issuance_or_update,covered_call,21,300,INTU,2024-11-22,unusable event quote or stock
guidance_issuance_or_update,covered_call,21,300,HON,2024-12-03,unusable event quote or stock
guidance_issuance_or_update,covered_call,21,300,PFE,2024-12-18,no usable strict ordinary-day match
guidance_issuance_or_update,covered_call,21,300,ABBV,2025-01-07,no usable strict ordinary-day match
guidance_issuance_or_update,covered_call,21,300,MMM,2025-01-22,unusable event quote or stock
guidance_issuance_or_update,covered_call,21,300,INTC,2025-01-31,no usable strict ordinary-day match
guidance_issuance_or_update,covered_call,21,300,MET,2025-02-06,unusable event quote or stock
guidance_issuance_or_update,covered_call,21,300,PYPL,2025-02-26,no usable strict ordinary-day match
guidance_issuance_or_update,covered_call,21,300,VZ,2025-03-12,no usable strict ordinary-day match
guidance_issuance_or_update,covered_call,21,300,ABBV,2025-04-04,no usable strict ordinary-day match
guidance_issuance_or_update,covered_call,21,300,GM,2025-05-02,no usable strict ordinary-day match
guidance_issuance_or_update,covered_call,21,300,INTU,2025-05-23,no usable strict ordinary-day match
guidance_issuance_or_update,covered_call,21,300,ADBE,2025-06-13,no usable strict ordinary-day match
guidance_issuance_or_update,covered_call,21,300,MMM,2025-07-21,no usable strict ordinary-day match
guidance_issuance_or_update,covered_call,21,300,TMUS,2025-07-24,no usable strict ordinary-day match
guidance_issuance_or_update,covered_call,21,300,INTU,2025-08-22,no usable strict ordinary-day match
guidance_issuance_or_update,covered_call,21,300,UNH,2025-09-09,no usable strict ordinary-day match
guidance_issuance_or_update,covered_call,21,300,INTC,2025-09-16,no usable strict ordinary-day match
guidance_issuance_or_update,covered_call,21,300,MET,2025-09-23,no usable strict ordinary-day match
guidance_issuance_or_update,covered_call,21,300,MMM,2025-10-22,no usable strict ordinary-day match
guidance_issuance_or_update,covered_call,21,300,TMUS,2025-10-24,no usable strict ordinary-day match
guidance_issuance_or_update,covered_call,21,300,PEP,2025-12-09,no usable strict ordinary-day match
guidance_issuance_or_update,covered_call,21,300,PFE,2025-12-17,no usable strict ordinary-day match
guidance_issuance_or_update,covered_call,21,300,MET,2025-12-23,no usable strict ordinary-day match
guidance_issuance_or_update,protective_put,21,300,ABBV,2024-01-08,no usable strict ordinary-day match
guidance_issuance_or_update,protective_put,21,300,CVS,2024-01-08,no usable strict ordinary-day match
guidance_issuance_or_update,protective_put,21,300,DHR,2024-01-09,unusable event quote or stock
guidance_issuance_or_update,protective_put,21,300,PG,2024-01-24,no usable strict ordinary-day match
guidance_issuance_or_update,protective_put,21,300,MMM,2024-01-24,unusable event quote or stock
guidance_issuance_or_update,protective_put,21,300,MET,2024-02-01,no usable strict ordinary-day match
guidance_issuance_or_update,protective_put,21,300,SO,2024-02-02,no usable strict ordinary-day match
guidance_issuance_or_update,protective_put,21,300,CVS,2024-03-06,no usable strict ordinary-day match
guidance_issuance_or_update,protective_put,21,300,PG,2024-04-22,unusable event quote or stock
guidance_issuance_or_update,protective_put,21,300,TMUS,2024-04-26,unusable event quote or stock
guidance_issuance_or_update,protective_put,21,300,MMM,2024-05-01,no usable strict ordinary-day match
guidance_issuance_or_update,protective_put,21,300,AMD,2024-05-01,no usable strict ordinary-day match
guidance_issuance_or_update,protective_put,21,300,INTC,2024-05-09,no usable strict ordinary-day match
guidance_issuance_or_update,protective_put,21,300,UBER,2024-05-15,no usable strict ordinary-day match
guidance_issuance_or_update,protective_put,21,300,HON,2024-06-04,no usable strict ordinary-day match
guidance_issuance_or_update,protective_put,21,300,NEE,2024-06-12,no usable strict ordinary-day match
guidance_issuance_or_update,protective_put,21,300,LMT,2024-07-22,no usable strict ordinary-day match
guidance_issuance_or_update,protective_put,21,300,TMUS,2024-08-01,no usable strict ordinary-day match
guidance_issuance_or_update,protective_put,21,300,UNP,2024-09-20,unusable event quote or stock
guidance_issuance_or_update,protective_put,21,300,MMM,2024-10-23,unusable event quote or stock
guidance_issuance_or_update,protective_put,21,300,TMUS,2024-10-24,no usable strict ordinary-day match
guidance_issuance_or_update,protective_put,21,300,MA,2024-11-14,unusable event quote or stock
guidance_issuance_or_update,protective_put,21,300,INTU,2024-11-22,unusable event quote or stock
guidance_issuance_or_update,protective_put,21,300,HON,2024-12-03,unusable event quote or stock
guidance_issuance_or_update,protective_put,21,300,PFE,2024-12-18,no usable strict ordinary-day match
guidance_issuance_or_update,protective_put,21,300,ABBV,2025-01-07,no usable strict ordinary-day match
guidance_issuance_or_update,protective_put,21,300,MMM,2025-01-22,unusable event quote or stock
guidance_issuance_or_update,protective_put,21,300,INTC,2025-01-31,no usable strict ordinary-day match
guidance_issuance_or_update,protective_put,21,300,MET,2025-02-06,unusable event quote or stock
guidance_issuance_or_update,protective_put,21,300,PYPL,2025-02-26,no usable strict ordinary-day match
guidance_issuance_or_update,protective_put,21,300,VZ,2025-03-12,no usable strict ordinary-day match
guidance_issuance_or_update,protective_put,21,300,ABBV,2025-04-04,no usable strict ordinary-day match
guidance_issuance_or_update,protective_put,21,300,GM,2025-05-02,no usable strict ordinary-day match
guidance_issuance_or_update,protective_put,21,300,INTU,2025-05-23,no usable strict ordinary-day match
guidance_issuance_or_update,protective_put,21,300,ADBE,2025-06-13,no usable strict ordinary-day match
guidance_issuance_or_update,protective_put,21,300,MMM,2025-07-21,no usable strict ordinary-day match
guidance_issuance_or_update,protective_put,21,300,TMUS,2025-07-24,no usable strict ordinary-day match
guidance_issuance_or_update,protective_put,21,300,INTU,2025-08-22,no usable strict ordinary-day match
guidance_issuance_or_update,protective_put,21,300,UNH,2025-09-09,no usable strict ordinary-day match
guidance_issuance_or_update,protective_put,21,300,INTC,2025-09-16,unusable event quote or stock
guidance_issuance_or_update,protective_put,21,300,MET,2025-09-23,no usable strict ordinary-day match
guidance_issuance_or_update,protective_put,21,300,MMM,2025-10-22,no usable strict ordinary-day match
guidance_issuance_or_update,protective_put,21,300,TMUS,2025-10-24,no usable strict ordinary-day match
guidance_issuance_or_update,protective_put,21,300,PEP,2025-12-09,no usable strict ordinary-day match
guidance_issuance_or_update,protective_put,21,300,PFE,2025-12-17,no usable strict ordinary-day match
guidance_issuance_or_update,protective_put,21,300,MET,2025-12-23,no usable strict ordinary-day match
guidance_issuance_or_update,collar,21,300,ABBV,2024-01-08,no usable strict ordinary-day match
guidance_issuance_or_update,collar,21,300,CVS,2024-01-08,no usable strict ordinary-day match
guidance_issuance_or_update,collar,21,300,DHR,2024-01-09,unusable event quote or stock
guidance_issuance_or_update,collar,21,300,PG,2024-01-24,no usable strict ordinary-day match
guidance_issuance_or_update,collar,21,300,MMM,2024-01-24,unusable event quote or stock
guidance_issuance_or_update,collar,21,300,MET,2024-02-01,no usable strict ordinary-day match
guidance_issuance_or_update,collar,21,300,SO,2024-02-02,unusable event quote or stock
guidance_issuance_or_update,collar,21,300,CVS,2024-03-06,no usable strict ordinary-day match
guidance_issuance_or_update,collar,21,300,PG,2024-04-22,unusable event quote or stock
guidance_issuance_or_update,collar,21,300,TMUS,2024-04-26,unusable event quote or stock
guidance_issuance_or_update,collar,21,300,MMM,2024-05-01,no usable strict ordinary-day match
guidance_issuance_or_update,collar,21,300,AMD,2024-05-01,no usable strict ordinary-day match
guidance_issuance_or_update,collar,21,300,INTC,2024-05-09,no usable strict ordinary-day match
guidance_issuance_or_update,collar,21,300,UBER,2024-05-15,no usable strict ordinary-day match
guidance_issuance_or_update,collar,21,300,HON,2024-06-04,no usable strict ordinary-day match
guidance_issuance_or_update,collar,21,300,NEE,2024-06-12,no usable strict ordinary-day match
guidance_issuance_or_update,collar,21,300,LMT,2024-07-22,no usable strict ordinary-day match
guidance_issuance_or_update,collar,21,300,TMUS,2024-08-01,no usable strict ordinary-day match
guidance_issuance_or_update,collar,21,300,UNP,2024-09-20,unusable event quote or stock
guidance_issuance_or_update,collar,21,300,MMM,2024-10-23,unusable event quote or stock
guidance_issuance_or_update,collar,21,300,TMUS,2024-10-24,no usable strict ordinary-day match
guidance_issuance_or_update,collar,21,300,MA,2024-11-14,unusable event quote or stock
guidance_issuance_or_update,collar,21,300,INTU,2024-11-22,unusable event quote or stock
guidance_issuance_or_update,collar,21,300,HON,2024-12-03,unusable event quote or stock
guidance_issuance_or_update,collar,21,300,PFE,2024-12-18,no usable strict ordinary-day match
guidance_issuance_or_update,collar,21,300,ABBV,2025-01-07,no usable strict ordinary-day match
guidance_issuance_or_update,collar,21,300,MMM,2025-01-22,unusable event quote or stock
guidance_issuance_or_update,collar,21,300,INTC,2025-01-31,no usable strict ordinary-day match
guidance_issuance_or_update,collar,21,300,MET,2025-02-06,unusable event quote or stock
guidance_issuance_or_update,collar,21,300,PYPL,2025-02-26,no usable strict ordinary-day match
guidance_issuance_or_update,collar,21,300,VZ,2025-03-12,no usable strict ordinary-day match
guidance_issuance_or_update,collar,21,300,ABBV,2025-04-04,no usable strict ordinary-day match
guidance_issuance_or_update,collar,21,300,GM,2025-05-02,no usable strict ordinary-day match
guidance_issuance_or_update,collar,21,300,INTU,2025-05-23,no usable strict ordinary-day match
guidance_issuance_or_update,collar,21,300,ADBE,2025-06-13,no usable strict ordinary-day match
guidance_issuance_or_update,collar,21,300,MMM,2025-07-21,no usable strict ordinary-day match
guidance_issuance_or_update,collar,21,300,TMUS,2025-07-24,no usable strict ordinary-day match
guidance_issuance_or_update,collar,21,300,INTU,2025-08-22,no usable strict ordinary-day match
guidance_issuance_or_update,collar,21,300,UNH,2025-09-09,no usable strict ordinary-day match
guidance_issuance_or_update,collar,21,300,INTC,2025-09-16,unusable event quote or stock
guidance_issuance_or_update,collar,21,300,MET,2025-09-23,no usable strict ordinary-day match
guidance_issuance_or_update,collar,21,300,MMM,2025-10-22,no usable strict ordinary-day match
guidance_issuance_or_update,collar,21,300,TMUS,2025-10-24,no usable strict ordinary-day match
guidance_issuance_or_update,collar,21,300,PEP,2025-12-09,no usable strict ordinary-day match
guidance_issuance_or_update,collar,21,300,PFE,2025-12-17,no usable strict ordinary-day match
guidance_issuance_or_update,collar,21,300,MET,2025-12-23,no usable strict ordinary-day match
guidance_issuance_or_update,cash_secured_put,21,300,ABBV,2024-01-08,no usable strict ordinary-day match
guidance_issuance_or_update,cash_secured_put,21,300,CVS,2024-01-08,no usable strict ordinary-day match
guidance_issuance_or_update,cash_secured_put,21,300,DHR,2024-01-09,unusable event quote or stock
guidance_issuance_or_update,cash_secured_put,21,300,PG,2024-01-24,no usable strict ordinary-day match
guidance_issuance_or_update,cash_secured_put,21,300,MMM,2024-01-24,unusable event quote or stock
guidance_issuance_or_update,cash_secured_put,21,300,MET,2024-02-01,no usable strict ordinary-day match
guidance_issuance_or_update,cash_secured_put,21,300,SO,2024-02-02,no usable strict ordinary-day match
guidance_issuance_or_update,cash_secured_put,21,300,CVS,2024-03-06,no usable strict ordinary-day match
guidance_issuance_or_update,cash_secured_put,21,300,PG,2024-04-22,unusable event quote or stock
guidance_issuance_or_update,cash_secured_put,21,300,TMUS,2024-04-26,unusable event quote or stock
guidance_issuance_or_update,cash_secured_put,21,300,MMM,2024-05-01,no usable strict ordinary-day match
guidance_issuance_or_update,cash_secured_put,21,300,AMD,2024-05-01,no usable strict ordinary-day match
guidance_issuance_or_update,cash_secured_put,21,300,INTC,2024-05-09,no usable strict ordinary-day match
guidance_issuance_or_update,cash_secured_put,21,300,UBER,2024-05-15,no usable strict ordinary-day match
guidance_issuance_or_update,cash_secured_put,21,300,HON,2024-06-04,no usable strict ordinary-day match
guidance_issuance_or_update,cash_secured_put,21,300,NEE,2024-06-12,no usable strict ordinary-day match
guidance_issuance_or_update,cash_secured_put,21,300,LMT,2024-07-22,no usable strict ordinary-day match
guidance_issuance_or_update,cash_secured_put,21,300,TMUS,2024-08-01,no usable strict ordinary-day match
guidance_issuance_or_update,cash_secured_put,21,300,UNP,2024-09-20,unusable event quote or stock
guidance_issuance_or_update,cash_secured_put,21,300,MMM,2024-10-23,unusable event quote or stock
guidance_issuance_or_update,cash_secured_put,21,300,TMUS,2024-10-24,no usable strict ordinary-day match
guidance_issuance_or_update,cash_secured_put,21,300,MA,2024-11-14,unusable event quote or stock
guidance_issuance_or_update,cash_secured_put,21,300,INTU,2024-11-22,unusable event quote or stock
guidance_issuance_or_update,cash_secured_put,21,300,HON,2024-12-03,unusable event quote or stock
guidance_issuance_or_update,cash_secured_put,21,300,PFE,2024-12-18,no usable strict ordinary-day match
guidance_issuance_or_update,cash_secured_put,21,300,ABBV,2025-01-07,no usable strict ordinary-day match
guidance_issuance_or_update,cash_secured_put,21,300,MMM,2025-01-22,unusable event quote or stock
guidance_issuance_or_update,cash_secured_put,21,300,INTC,2025-01-31,no usable strict ordinary-day match
guidance_issuance_or_update,cash_secured_put,21,300,MET,2025-02-06,unusable event quote or stock
guidance_issuance_or_update,cash_secured_put,21,300,PYPL,2025-02-26,no usable strict ordinary-day match
guidance_issuance_or_update,cash_secured_put,21,300,VZ,2025-03-12,no usable strict ordinary-day match
guidance_issuance_or_update,cash_secured_put,21,300,ABBV,2025-04-04,no usable strict ordinary-day match
guidance_issuance_or_update,cash_secured_put,21,300,GM,2025-05-02,no usable strict ordinary-day match
guidance_issuance_or_update,cash_secured_put,21,300,INTU,2025-05-23,no usable strict ordinary-day match
guidance_issuance_or_update,cash_secured_put,21,300,ADBE,2025-06-13,no usable strict ordinary-day match
guidance_issuance_or_update,cash_secured_put,21,300,MMM,2025-07-21,no usable strict ordinary-day match
guidance_issuance_or_update,cash_secured_put,21,300,TMUS,2025-07-24,no usable strict ordinary-day match
guidance_issuance_or_update,cash_secured_put,21,300,INTU,2025-08-22,no usable strict ordinary-day match
guidance_issuance_or_update,cash_secured_put,21,300,UNH,2025-09-09,no usable strict ordinary-day match
guidance_issuance_or_update,cash_secured_put,21,300,INTC,2025-09-16,unusable event quote or stock
guidance_issuance_or_update,cash_secured_put,21,300,MET,2025-09-23,no usable strict ordinary-day match
guidance_issuance_or_update,cash_secured_put,21,300,MMM,2025-10-22,no usable strict ordinary-day match
guidance_issuance_or_update,cash_secured_put,21,300,TMUS,2025-10-24,no usable strict ordinary-day match
guidance_issuance_or_update,cash_secured_put,21,300,PEP,2025-12-09,no usable strict ordinary-day match
guidance_issuance_or_update,cash_secured_put,21,300,PFE,2025-12-17,no usable strict ordinary-day match
guidance_issuance_or_update,cash_secured_put,21,300,MET,2025-12-23,no usable strict ordinary-day match
quarterly_earnings,long_call,21,60,BLK,2024-01-16,no usable strict ordinary-day match
quarterly_earnings,long_call,21,60,SCHW,2024-01-18,unusable event quote or stock
quarterly_earnings,long_call,21,60,MMM,2024-01-24,unusable event quote or stock
quarterly_earnings,long_call,21,60,VZ,2024-01-24,no usable strict ordinary-day match
quarterly_earnings,long_call,21,60,JNJ,2024-01-24,no usable strict ordinary-day match
quarterly_earnings,long_call,21,60,T,2024-01-25,no usable strict ordinary-day match
quarterly_earnings,long_call,21,60,MET,2024-02-01,no usable strict ordinary-day match
quarterly_earnings,long_call,21,60,HON,2024-02-02,no usable strict ordinary-day match
quarterly_earnings,long_call,21,60,MRK,2024-02-02,no usable strict ordinary-day match
quarterly_earnings,long_call,21,60,PM,2024-02-09,unusable event quote or stock
quarterly_earnings,long_call,21,60,BKNG,2024-02-23,no usable strict ordinary-day match
quarterly_earnings,long_call,21,60,FDX,2024-03-22,no usable strict ordinary-day match
quarterly_earnings,long_call,21,60,JPM,2024-04-15,no usable strict ordinary-day match
quarterly_earnings,long_call,21,60,JNJ,2024-04-17,no usable strict ordinary-day match
quarterly_earnings,long_call,21,60,MS,2024-04-17,no usable strict ordinary-day match
quarterly_earnings,long_call,21,60,VZ,2024-04-23,no usable strict ordinary-day match
quarterly_earnings,long_call,21,60,PEP,2024-04-24,no usable strict ordinary-day match
quarterly_earnings,long_call,21,60,PM,2024-04-24,unusable event quote or stock
quarterly_earnings,long_call,21,60,T,2024-04-25,no usable strict ordinary-day match
quarterly_earnings,long_call,21,60,MRK,2024-04-26,unusable event quote or stock
quarterly_earnings,long_call,21,60,XOM,2024-04-29,no usable strict ordinary-day match
quarterly_earnings,long_call,21,60,CVX,2024-04-29,no usable strict ordinary-day match
quarterly_earnings,long_call,21,60,AMD,2024-05-01,no usable strict ordinary-day match
quarterly_earnings,long_call,21,60,LLY,2024-05-01,no usable strict ordinary-day match
quarterly_earnings,long_call,21,60,KO,2024-05-01,no usable strict ordinary-day match
quarterly_earnings,long_call,21,60,JNJ,2024-05-02,no usable strict ordinary-day match
quarterly_earnings,long_call,21,60,MET,2024-05-02,unusable event quote or stock
quarterly_earnings,long_call,21,60,BKNG,2024-05-03,unusable event quote or stock
quarterly_earnings,long_call,21,60,ADBE,2024-06-14,no usable strict ordinary-day match
quarterly_earnings,long_call,21,60,FDX,2024-06-26,no usable strict ordinary-day match
quarterly_earnings,long_call,21,60,BLK,2024-07-16,unusable event quote or stock
quarterly_earnings,long_call,21,60,JNJ,2024-07-18,no usable strict ordinary-day match
quarterly_earnings,long_call,21,60,BLK,2024-07-18,unusable event quote or stock
quarterly_earnings,long_call,21,60,VZ,2024-07-23,no usable strict ordinary-day match
quarterly_earnings,long_call,21,60,PM,2024-07-24,no usable strict ordinary-day match
quarterly_earnings,long_call,21,60,KO,2024-07-24,no usable strict ordinary-day match
quarterly_earnings,long_call,21,60,IBM,2024-07-25,no usable strict ordinary-day match
quarterly_earnings,long_call,21,60,HON,2024-07-26,no usable strict ordinary-day match
quarterly_earnings,long_call,21,60,MRK,2024-07-31,no usable strict ordinary-day match
quarterly_earnings,long_call,21,60,MET,2024-08-01,no usable strict ordinary-day match
quarterly_earnings,long_call,21,60,BKNG,2024-08-02,unusable event quote or stock
quarterly_earnings,long_call,21,60,XOM,2024-08-05,no usable strict ordinary-day match
quarterly_earnings,long_call,21,60,CVX,2024-08-05,no usable strict ordinary-day match
quarterly_earnings,long_call,21,60,LLY,2024-08-09,no usable strict ordinary-day match
quarterly_earnings,long_call,21,60,ADBE,2024-09-13,no usable strict ordinary-day match
quarterly_earnings,long_call,21,60,JPM,2024-10-14,no usable strict ordinary-day match
quarterly_earnings,long_call,21,60,BLK,2024-10-14,no usable strict ordinary-day match
quarterly_earnings,long_call,21,60,JNJ,2024-10-16,unusable event quote or stock
quarterly_earnings,long_call,21,60,MS,2024-10-17,no usable strict ordinary-day match
quarterly_earnings,long_call,21,60,PM,2024-10-23,no usable strict ordinary-day match
quarterly_earnings,long_call,21,60,VZ,2024-10-23,no usable strict ordinary-day match
quarterly_earnings,long_call,21,60,MMM,2024-10-23,unusable event quote or stock
quarterly_earnings,long_call,21,60,IBM,2024-10-24,no usable strict ordinary-day match
quarterly_earnings,long_call,21,60,KO,2024-10-24,no usable strict ordinary-day match
quarterly_earnings,long_call,21,60,MET,2024-10-31,unusable event quote or stock
quarterly_earnings,long_call,21,60,BKNG,2024-10-31,unusable event quote or stock
quarterly_earnings,long_call,21,60,CVX,2024-11-04,no usable strict ordinary-day match
quarterly_earnings,long_call,21,60,BLK,2025-01-16,unusable event quote or stock
quarterly_earnings,long_call,21,60,JNJ,2025-01-23,no usable strict ordinary-day match
quarterly_earnings,long_call,21,60,VZ,2025-01-27,no usable strict ordinary-day match
quarterly_earnings,long_call,21,60,T,2025-01-28,no usable strict ordinary-day match
quarterly_earnings,long_call,21,60,GM,2025-01-29,no usable strict ordinary-day match
quarterly_earnings,long_call,21,60,MET,2025-02-06,unusable event quote or stock
quarterly_earnings,long_call,21,60,HON,2025-02-07,no usable strict ordinary-day match
quarterly_earnings,long_call,21,60,LLY,2025-02-07,no usable strict ordinary-day match
quarterly_earnings,long_call,21,60,PM,2025-02-07,no usable strict ordinary-day match
quarterly_earnings,long_call,21,60,MS,2025-02-14,unusable event quote or stock
quarterly_earnings,long_call,21,60,BKNG,2025-02-21,no usable strict ordinary-day match
quarterly_earnings,long_call,21,60,FDX,2025-03-21,no usable strict ordinary-day match
quarterly_earnings,long_call,21,60,JPM,2025-04-14,no usable strict ordinary-day match
quarterly_earnings,long_call,21,60,BLK,2025-04-14,unusable event quote or stock
quarterly_earnings,long_call,21,60,PM,2025-04-24,unusable event quote or stock
quarterly_earnings,long_call,21,60,PEP,2025-04-25,no usable strict ordinary-day match
quarterly_earnings,long_call,21,60,MRK,2025-04-25,no usable strict ordinary-day match
quarterly_earnings,long_call,21,60,BKNG,2025-04-30,no usable strict ordinary-day match
quarterly_earnings,long_call,21,60,KO,2025-04-30,no usable strict ordinary-day match
quarterly_earnings,long_call,21,60,MET,2025-05-01,no usable strict ordinary-day match
quarterly_earnings,long_call,21,60,LLY,2025-05-02,no usable strict ordinary-day match
quarterly_earnings,long_call,21,60,FDX,2025-06-25,no usable strict ordinary-day match
quarterly_earnings,long_call,21,60,BLK,2025-07-16,unusable event quote or stock
quarterly_earnings,long_call,21,60,BAC,2025-07-17,no usable strict ordinary-day match
quarterly_earnings,long_call,21,60,PEP,2025-07-18,no usable strict ordinary-day match
quarterly_earnings,long_call,21,60,MMM,2025-07-21,no usable strict ordinary-day match
quarterly_earnings,long_call,21,60,PM,2025-07-23,unusable event quote or stock
quarterly_earnings,long_call,21,60,BKNG,2025-07-30,no usable strict ordinary-day match
quarterly_earnings,long_call,21,60,MRK,2025-07-30,no usable strict ordinary-day match
quarterly_earnings,long_call,21,60,MET,2025-08-07,unusable event quote or stock
quarterly_earnings,long_call,21,60,LLY,2025-08-08,no usable strict ordinary-day match
quarterly_earnings,long_call,21,60,PEP,2025-10-10,no usable strict ordinary-day match
quarterly_earnings,long_call,21,60,JPM,2025-10-15,no usable strict ordinary-day match
quarterly_earnings,long_call,21,60,BLK,2025-10-15,no usable strict ordinary-day match
quarterly_earnings,long_call,21,60,JNJ,2025-10-15,no usable strict ordinary-day match
quarterly_earnings,long_call,21,60,BAC,2025-10-16,no usable strict ordinary-day match
quarterly_earnings,long_call,21,60,AXP,2025-10-20,no usable strict ordinary-day match
quarterly_earnings,long_call,21,60,KO,2025-10-22,no usable strict ordinary-day match
quarterly_earnings,long_call,21,60,PM,2025-10-22,unusable event quote or stock
quarterly_earnings,long_call,21,60,BKNG,2025-10-29,unusable event quote or stock
quarterly_earnings,long_call,21,60,MRK,2025-10-31,no usable strict ordinary-day match
quarterly_earnings,long_call,21,60,XOM,2025-11-03,no usable strict ordinary-day match
quarterly_earnings,long_call,21,60,CVX,2025-11-03,unusable event quote or stock
quarterly_earnings,long_call,21,60,MET,2025-11-06,unusable event quote or stock
quarterly_earnings,long_call,21,60,FDX,2025-12-19,unusable event quote or stock
quarterly_earnings,covered_call,21,60,BLK,2024-01-16,unusable event quote or stock
quarterly_earnings,covered_call,21,60,SCHW,2024-01-18,unusable event quote or stock
quarterly_earnings,covered_call,21,60,MMM,2024-01-24,unusable event quote or stock
quarterly_earnings,covered_call,21,60,VZ,2024-01-24,unusable event quote or stock
quarterly_earnings,covered_call,21,60,JNJ,2024-01-24,no usable strict ordinary-day match
quarterly_earnings,covered_call,21,60,T,2024-01-25,no usable strict ordinary-day match
quarterly_earnings,covered_call,21,60,MET,2024-02-01,no usable strict ordinary-day match
quarterly_earnings,covered_call,21,60,HON,2024-02-02,no usable strict ordinary-day match
quarterly_earnings,covered_call,21,60,MRK,2024-02-02,no usable strict ordinary-day match
quarterly_earnings,covered_call,21,60,PM,2024-02-09,unusable event quote or stock
quarterly_earnings,covered_call,21,60,BKNG,2024-02-23,no usable strict ordinary-day match
quarterly_earnings,covered_call,21,60,FDX,2024-03-22,no usable strict ordinary-day match
quarterly_earnings,covered_call,21,60,JPM,2024-04-15,no usable strict ordinary-day match
quarterly_earnings,covered_call,21,60,JNJ,2024-04-17,no usable strict ordinary-day match
quarterly_earnings,covered_call,21,60,MS,2024-04-17,no usable strict ordinary-day match
quarterly_earnings,covered_call,21,60,VZ,2024-04-23,no usable strict ordinary-day match
quarterly_earnings,covered_call,21,60,PEP,2024-04-24,no usable strict ordinary-day match
quarterly_earnings,covered_call,21,60,PM,2024-04-24,unusable event quote or stock
quarterly_earnings,covered_call,21,60,T,2024-04-25,no usable strict ordinary-day match
quarterly_earnings,covered_call,21,60,MRK,2024-04-26,unusable event quote or stock
quarterly_earnings,covered_call,21,60,XOM,2024-04-29,no usable strict ordinary-day match
quarterly_earnings,covered_call,21,60,CVX,2024-04-29,no usable strict ordinary-day match
quarterly_earnings,covered_call,21,60,AMD,2024-05-01,no usable strict ordinary-day match
quarterly_earnings,covered_call,21,60,LLY,2024-05-01,no usable strict ordinary-day match
quarterly_earnings,covered_call,21,60,KO,2024-05-01,no usable strict ordinary-day match
quarterly_earnings,covered_call,21,60,JNJ,2024-05-02,no usable strict ordinary-day match
quarterly_earnings,covered_call,21,60,MET,2024-05-02,unusable event quote or stock
quarterly_earnings,covered_call,21,60,BKNG,2024-05-03,unusable event quote or stock
quarterly_earnings,covered_call,21,60,ADBE,2024-06-14,no usable strict ordinary-day match
quarterly_earnings,covered_call,21,60,FDX,2024-06-26,no usable strict ordinary-day match
quarterly_earnings,covered_call,21,60,BLK,2024-07-16,unusable event quote or stock
quarterly_earnings,covered_call,21,60,JNJ,2024-07-18,no usable strict ordinary-day match
quarterly_earnings,covered_call,21,60,BLK,2024-07-18,unusable event quote or stock
quarterly_earnings,covered_call,21,60,VZ,2024-07-23,no usable strict ordinary-day match
quarterly_earnings,covered_call,21,60,PM,2024-07-24,no usable strict ordinary-day match
quarterly_earnings,covered_call,21,60,KO,2024-07-24,no usable strict ordinary-day match
quarterly_earnings,covered_call,21,60,IBM,2024-07-25,no usable strict ordinary-day match
quarterly_earnings,covered_call,21,60,HON,2024-07-26,unusable event quote or stock
quarterly_earnings,covered_call,21,60,MRK,2024-07-31,unusable event quote or stock
quarterly_earnings,covered_call,21,60,MET,2024-08-01,no usable strict ordinary-day match
quarterly_earnings,covered_call,21,60,BKNG,2024-08-02,unusable event quote or stock
quarterly_earnings,covered_call,21,60,XOM,2024-08-05,no usable strict ordinary-day match
quarterly_earnings,covered_call,21,60,LLY,2024-08-09,no usable strict ordinary-day match
quarterly_earnings,covered_call,21,60,ADBE,2024-09-13,no usable strict ordinary-day match
quarterly_earnings,covered_call,21,60,PEP,2024-10-09,no usable strict ordinary-day match
quarterly_earnings,covered_call,21,60,JPM,2024-10-14,no usable strict ordinary-day match
quarterly_earnings,covered_call,21,60,BLK,2024-10-14,no usable strict ordinary-day match
quarterly_earnings,covered_call,21,60,JNJ,2024-10-16,unusable event quote or stock
quarterly_earnings,covered_call,21,60,MS,2024-10-17,no usable strict ordinary-day match
quarterly_earnings,covered_call,21,60,PM,2024-10-23,no usable strict ordinary-day match
quarterly_earnings,covered_call,21,60,VZ,2024-10-23,unusable event quote or stock
quarterly_earnings,covered_call,21,60,MMM,2024-10-23,unusable event quote or stock
quarterly_earnings,covered_call,21,60,IBM,2024-10-24,no usable strict ordinary-day match
quarterly_earnings,covered_call,21,60,KO,2024-10-24,no usable strict ordinary-day match
quarterly_earnings,covered_call,21,60,MET,2024-10-31,unusable event quote or stock
quarterly_earnings,covered_call,21,60,BKNG,2024-10-31,unusable event quote or stock
quarterly_earnings,covered_call,21,60,CVX,2024-11-04,unusable event quote or stock
quarterly_earnings,covered_call,21,60,BLK,2025-01-16,unusable event quote or stock
quarterly_earnings,covered_call,21,60,JNJ,2025-01-23,no usable strict ordinary-day match
quarterly_earnings,covered_call,21,60,VZ,2025-01-27,unusable event quote or stock
quarterly_earnings,covered_call,21,60,T,2025-01-28,no usable strict ordinary-day match
quarterly_earnings,covered_call,21,60,GM,2025-01-29,no usable strict ordinary-day match
quarterly_earnings,covered_call,21,60,PEP,2025-02-05,unusable event quote or stock
quarterly_earnings,covered_call,21,60,MRK,2025-02-05,unusable event quote or stock
quarterly_earnings,covered_call,21,60,MET,2025-02-06,unusable event quote or stock
quarterly_earnings,covered_call,21,60,HON,2025-02-07,no usable strict ordinary-day match
quarterly_earnings,covered_call,21,60,LLY,2025-02-07,no usable strict ordinary-day match
quarterly_earnings,covered_call,21,60,PM,2025-02-07,no usable strict ordinary-day match
quarterly_earnings,covered_call,21,60,MS,2025-02-14,no usable strict ordinary-day match
quarterly_earnings,covered_call,21,60,BKNG,2025-02-21,no usable strict ordinary-day match
quarterly_earnings,covered_call,21,60,FDX,2025-03-21,no usable strict ordinary-day match
quarterly_earnings,covered_call,21,60,JPM,2025-04-14,no usable strict ordinary-day match
quarterly_earnings,covered_call,21,60,BLK,2025-04-14,unusable event quote or stock
quarterly_earnings,covered_call,21,60,PM,2025-04-24,unusable event quote or stock
quarterly_earnings,covered_call,21,60,PEP,2025-04-25,no usable strict ordinary-day match
quarterly_earnings,covered_call,21,60,MRK,2025-04-25,no usable strict ordinary-day match
quarterly_earnings,covered_call,21,60,BKNG,2025-04-30,no usable strict ordinary-day match
quarterly_earnings,covered_call,21,60,KO,2025-04-30,no usable strict ordinary-day match
quarterly_earnings,covered_call,21,60,MET,2025-05-01,no usable strict ordinary-day match
quarterly_earnings,covered_call,21,60,LLY,2025-05-02,no usable strict ordinary-day match
quarterly_earnings,covered_call,21,60,XOM,2025-05-05,unusable event quote or stock
quarterly_earnings,covered_call,21,60,FDX,2025-06-25,unusable event quote or stock
quarterly_earnings,covered_call,21,60,BLK,2025-07-16,no usable strict ordinary-day match
quarterly_earnings,covered_call,21,60,BAC,2025-07-17,no usable strict ordinary-day match
quarterly_earnings,covered_call,21,60,PEP,2025-07-18,no usable strict ordinary-day match
quarterly_earnings,covered_call,21,60,MMM,2025-07-21,no usable strict ordinary-day match
quarterly_earnings,covered_call,21,60,PM,2025-07-23,unusable event quote or stock
quarterly_earnings,covered_call,21,60,BKNG,2025-07-30,no usable strict ordinary-day match
quarterly_earnings,covered_call,21,60,MRK,2025-07-30,no usable strict ordinary-day match
quarterly_earnings,covered_call,21,60,MET,2025-08-07,unusable event quote or stock
quarterly_earnings,covered_call,21,60,PEP,2025-10-10,no usable strict ordinary-day match
quarterly_earnings,covered_call,21,60,JPM,2025-10-15,no usable strict ordinary-day match
quarterly_earnings,covered_call,21,60,BLK,2025-10-15,unusable event quote or stock
quarterly_earnings,covered_call,21,60,JNJ,2025-10-15,no usable strict ordinary-day match
quarterly_earnings,covered_call,21,60,BAC,2025-10-16,no usable strict ordinary-day match
quarterly_earnings,covered_call,21,60,AXP,2025-10-20,no usable strict ordinary-day match
quarterly_earnings,covered_call,21,60,KO,2025-10-22,no usable strict ordinary-day match
quarterly_earnings,covered_call,21,60,PM,2025-10-22,no usable strict ordinary-day match
quarterly_earnings,covered_call,21,60,BKNG,2025-10-29,unusable event quote or stock
quarterly_earnings,covered_call,21,60,MRK,2025-10-31,no usable strict ordinary-day match
quarterly_earnings,covered_call,21,60,XOM,2025-11-03,no usable strict ordinary-day match
quarterly_earnings,covered_call,21,60,CVX,2025-11-03,unusable event quote or stock
quarterly_earnings,covered_call,21,60,MET,2025-11-06,unusable event quote or stock
quarterly_earnings,covered_call,21,60,FDX,2025-12-19,unusable event quote or stock
quarterly_earnings,protective_put,21,60,BLK,2024-01-16,no usable strict ordinary-day match
quarterly_earnings,protective_put,21,60,SCHW,2024-01-18,no usable strict ordinary-day match
quarterly_earnings,protective_put,21,60,MMM,2024-01-24,unusable event quote or stock
quarterly_earnings,protective_put,21,60,VZ,2024-01-24,no usable strict ordinary-day match
quarterly_earnings,protective_put,21,60,JNJ,2024-01-24,no usable strict ordinary-day match
quarterly_earnings,protective_put,21,60,T,2024-01-25,no usable strict ordinary-day match
quarterly_earnings,protective_put,21,60,MET,2024-02-01,no usable strict ordinary-day match
quarterly_earnings,protective_put,21,60,HON,2024-02-02,no usable strict ordinary-day match
quarterly_earnings,protective_put,21,60,MRK,2024-02-02,no usable strict ordinary-day match
quarterly_earnings,protective_put,21,60,PM,2024-02-09,no usable strict ordinary-day match
quarterly_earnings,protective_put,21,60,BKNG,2024-02-23,no usable strict ordinary-day match
quarterly_earnings,protective_put,21,60,FDX,2024-03-22,no usable strict ordinary-day match
quarterly_earnings,protective_put,21,60,JPM,2024-04-15,no usable strict ordinary-day match
quarterly_earnings,protective_put,21,60,JNJ,2024-04-17,no usable strict ordinary-day match
quarterly_earnings,protective_put,21,60,MS,2024-04-17,no usable strict ordinary-day match
quarterly_earnings,protective_put,21,60,VZ,2024-04-23,unusable event quote or stock
quarterly_earnings,protective_put,21,60,PEP,2024-04-24,no usable strict ordinary-day match
quarterly_earnings,protective_put,21,60,PM,2024-04-24,no usable strict ordinary-day match
quarterly_earnings,protective_put,21,60,T,2024-04-25,no usable strict ordinary-day match
quarterly_earnings,protective_put,21,60,MRK,2024-04-26,unusable event quote or stock
quarterly_earnings,protective_put,21,60,XOM,2024-04-29,no usable strict ordinary-day match
quarterly_earnings,protective_put,21,60,CVX,2024-04-29,no usable strict ordinary-day match
quarterly_earnings,protective_put,21,60,AMD,2024-05-01,no usable strict ordinary-day match
quarterly_earnings,protective_put,21,60,LLY,2024-05-01,no usable strict ordinary-day match
quarterly_earnings,protective_put,21,60,KO,2024-05-01,no usable strict ordinary-day match
quarterly_earnings,protective_put,21,60,JNJ,2024-05-02,no usable strict ordinary-day match
quarterly_earnings,protective_put,21,60,MET,2024-05-02,unusable event quote or stock
quarterly_earnings,protective_put,21,60,BKNG,2024-05-03,unusable event quote or stock
quarterly_earnings,protective_put,21,60,ADBE,2024-06-14,no usable strict ordinary-day match
quarterly_earnings,protective_put,21,60,FDX,2024-06-26,no usable strict ordinary-day match
quarterly_earnings,protective_put,21,60,BLK,2024-07-16,unusable event quote or stock
quarterly_earnings,protective_put,21,60,JNJ,2024-07-18,no usable strict ordinary-day match
quarterly_earnings,protective_put,21,60,BLK,2024-07-18,unusable event quote or stock
quarterly_earnings,protective_put,21,60,VZ,2024-07-23,no usable strict ordinary-day match
quarterly_earnings,protective_put,21,60,PM,2024-07-24,no usable strict ordinary-day match
quarterly_earnings,protective_put,21,60,KO,2024-07-24,no usable strict ordinary-day match
quarterly_earnings,protective_put,21,60,IBM,2024-07-25,no usable strict ordinary-day match
quarterly_earnings,protective_put,21,60,HON,2024-07-26,no usable strict ordinary-day match
quarterly_earnings,protective_put,21,60,MMM,2024-07-29,no usable strict ordinary-day match
quarterly_earnings,protective_put,21,60,MRK,2024-07-31,no usable strict ordinary-day match
quarterly_earnings,protective_put,21,60,MET,2024-08-01,no usable strict ordinary-day match
quarterly_earnings,protective_put,21,60,BKNG,2024-08-02,unusable event quote or stock
quarterly_earnings,protective_put,21,60,XOM,2024-08-05,no usable strict ordinary-day match
quarterly_earnings,protective_put,21,60,CVX,2024-08-05,no usable strict ordinary-day match
quarterly_earnings,protective_put,21,60,LLY,2024-08-09,no usable strict ordinary-day match
quarterly_earnings,protective_put,21,60,ADBE,2024-09-13,no usable strict ordinary-day match
quarterly_earnings,protective_put,21,60,JPM,2024-10-14,no usable strict ordinary-day match
quarterly_earnings,protective_put,21,60,BLK,2024-10-14,no usable strict ordinary-day match
quarterly_earnings,protective_put,21,60,JNJ,2024-10-16,no usable strict ordinary-day match
quarterly_earnings,protective_put,21,60,MS,2024-10-17,no usable strict ordinary-day match
quarterly_earnings,protective_put,21,60,PM,2024-10-23,no usable strict ordinary-day match
quarterly_earnings,protective_put,21,60,VZ,2024-10-23,no usable strict ordinary-day match
quarterly_earnings,protective_put,21,60,MMM,2024-10-23,unusable event quote or stock
quarterly_earnings,protective_put,21,60,IBM,2024-10-24,no usable strict ordinary-day match
quarterly_earnings,protective_put,21,60,KO,2024-10-24,no usable strict ordinary-day match
quarterly_earnings,protective_put,21,60,MET,2024-10-31,unusable event quote or stock
quarterly_earnings,protective_put,21,60,BKNG,2024-10-31,unusable event quote or stock
quarterly_earnings,protective_put,21,60,CVX,2024-11-04,no usable strict ordinary-day match
quarterly_earnings,protective_put,21,60,BLK,2025-01-16,unusable event quote or stock
quarterly_earnings,protective_put,21,60,JNJ,2025-01-23,no usable strict ordinary-day match
quarterly_earnings,protective_put,21,60,VZ,2025-01-27,no usable strict ordinary-day match
quarterly_earnings,protective_put,21,60,T,2025-01-28,no usable strict ordinary-day match
quarterly_earnings,protective_put,21,60,GM,2025-01-29,no usable strict ordinary-day match
quarterly_earnings,protective_put,21,60,MET,2025-02-06,unusable event quote or stock
quarterly_earnings,protective_put,21,60,HON,2025-02-07,no usable strict ordinary-day match
quarterly_earnings,protective_put,21,60,LLY,2025-02-07,no usable strict ordinary-day match
quarterly_earnings,protective_put,21,60,PM,2025-02-07,no usable strict ordinary-day match
quarterly_earnings,protective_put,21,60,MS,2025-02-14,no usable strict ordinary-day match
quarterly_earnings,protective_put,21,60,BKNG,2025-02-21,no usable strict ordinary-day match
quarterly_earnings,protective_put,21,60,FDX,2025-03-21,no usable strict ordinary-day match
quarterly_earnings,protective_put,21,60,JPM,2025-04-14,no usable strict ordinary-day match
quarterly_earnings,protective_put,21,60,BLK,2025-04-14,unusable event quote or stock
quarterly_earnings,protective_put,21,60,BAC,2025-04-16,unusable event quote or stock
quarterly_earnings,protective_put,21,60,PM,2025-04-24,unusable event quote or stock
quarterly_earnings,protective_put,21,60,PEP,2025-04-25,unusable event quote or stock
quarterly_earnings,protective_put,21,60,MRK,2025-04-25,no usable strict ordinary-day match
quarterly_earnings,protective_put,21,60,BKNG,2025-04-30,no usable strict ordinary-day match
quarterly_earnings,protective_put,21,60,KO,2025-04-30,no usable strict ordinary-day match
quarterly_earnings,protective_put,21,60,MET,2025-05-01,unusable event quote or stock
quarterly_earnings,protective_put,21,60,LLY,2025-05-02,no usable strict ordinary-day match
quarterly_earnings,protective_put,21,60,XOM,2025-05-05,unusable event quote or stock
quarterly_earnings,protective_put,21,60,FDX,2025-06-25,no usable strict ordinary-day match
quarterly_earnings,protective_put,21,60,BLK,2025-07-16,no usable strict ordinary-day match
quarterly_earnings,protective_put,21,60,BAC,2025-07-17,no usable strict ordinary-day match
quarterly_earnings,protective_put,21,60,PEP,2025-07-18,unusable event quote or stock
quarterly_earnings,protective_put,21,60,MMM,2025-07-21,no usable strict ordinary-day match
quarterly_earnings,protective_put,21,60,PM,2025-07-23,unusable event quote or stock
quarterly_earnings,protective_put,21,60,BKNG,2025-07-30,no usable strict ordinary-day match
quarterly_earnings,protective_put,21,60,MRK,2025-07-30,no usable strict ordinary-day match
quarterly_earnings,protective_put,21,60,MET,2025-08-07,no usable strict ordinary-day match
quarterly_earnings,protective_put,21,60,PEP,2025-10-10,no usable strict ordinary-day match
quarterly_earnings,protective_put,21,60,JPM,2025-10-15,no usable strict ordinary-day match
quarterly_earnings,protective_put,21,60,BLK,2025-10-15,no usable strict ordinary-day match
quarterly_earnings,protective_put,21,60,JNJ,2025-10-15,no usable strict ordinary-day match
quarterly_earnings,protective_put,21,60,BAC,2025-10-16,no usable strict ordinary-day match
quarterly_earnings,protective_put,21,60,AXP,2025-10-20,no usable strict ordinary-day match
quarterly_earnings,protective_put,21,60,KO,2025-10-22,no usable strict ordinary-day match
quarterly_earnings,protective_put,21,60,PM,2025-10-22,no usable strict ordinary-day match
quarterly_earnings,protective_put,21,60,BKNG,2025-10-29,unusable event quote or stock
quarterly_earnings,protective_put,21,60,MRK,2025-10-31,unusable event quote or stock
quarterly_earnings,protective_put,21,60,LLY,2025-10-31,unusable event quote or stock
quarterly_earnings,protective_put,21,60,XOM,2025-11-03,no usable strict ordinary-day match
quarterly_earnings,protective_put,21,60,CVX,2025-11-03,unusable event quote or stock
quarterly_earnings,protective_put,21,60,MET,2025-11-06,unusable event quote or stock
quarterly_earnings,protective_put,21,60,FDX,2025-12-19,unusable event quote or stock
quarterly_earnings,collar,21,60,BLK,2024-01-16,unusable event quote or stock
quarterly_earnings,collar,21,60,SCHW,2024-01-18,unusable event quote or stock
quarterly_earnings,collar,21,60,MMM,2024-01-24,unusable event quote or stock
quarterly_earnings,collar,21,60,VZ,2024-01-24,unusable event quote or stock
quarterly_earnings,collar,21,60,JNJ,2024-01-24,no usable strict ordinary-day match
quarterly_earnings,collar,21,60,T,2024-01-25,no usable strict ordinary-day match
quarterly_earnings,collar,21,60,MET,2024-02-01,no usable strict ordinary-day match
quarterly_earnings,collar,21,60,HON,2024-02-02,no usable strict ordinary-day match
quarterly_earnings,collar,21,60,MRK,2024-02-02,no usable strict ordinary-day match
quarterly_earnings,collar,21,60,PM,2024-02-09,unusable event quote or stock
quarterly_earnings,collar,21,60,BKNG,2024-02-23,no usable strict ordinary-day match
quarterly_earnings,collar,21,60,FDX,2024-03-22,no usable strict ordinary-day match
quarterly_earnings,collar,21,60,JPM,2024-04-15,no usable strict ordinary-day match
quarterly_earnings,collar,21,60,JNJ,2024-04-17,no usable strict ordinary-day match
quarterly_earnings,collar,21,60,MS,2024-04-17,no usable strict ordinary-day match
quarterly_earnings,collar,21,60,VZ,2024-04-23,unusable event quote or stock
quarterly_earnings,collar,21,60,PEP,2024-04-24,no usable strict ordinary-day match
quarterly_earnings,collar,21,60,PM,2024-04-24,unusable event quote or stock
quarterly_earnings,collar,21,60,T,2024-04-25,no usable strict ordinary-day match
quarterly_earnings,collar,21,60,MRK,2024-04-26,unusable event quote or stock
quarterly_earnings,collar,21,60,XOM,2024-04-29,no usable strict ordinary-day match
quarterly_earnings,collar,21,60,CVX,2024-04-29,no usable strict ordinary-day match
quarterly_earnings,collar,21,60,AMD,2024-05-01,no usable strict ordinary-day match
quarterly_earnings,collar,21,60,LLY,2024-05-01,no usable strict ordinary-day match
quarterly_earnings,collar,21,60,KO,2024-05-01,no usable strict ordinary-day match
quarterly_earnings,collar,21,60,JNJ,2024-05-02,no usable strict ordinary-day match
quarterly_earnings,collar,21,60,MET,2024-05-02,unusable event quote or stock
quarterly_earnings,collar,21,60,BKNG,2024-05-03,unusable event quote or stock
quarterly_earnings,collar,21,60,ADBE,2024-06-14,no usable strict ordinary-day match
quarterly_earnings,collar,21,60,FDX,2024-06-26,no usable strict ordinary-day match
quarterly_earnings,collar,21,60,BLK,2024-07-16,unusable event quote or stock
quarterly_earnings,collar,21,60,JNJ,2024-07-18,no usable strict ordinary-day match
quarterly_earnings,collar,21,60,BLK,2024-07-18,unusable event quote or stock
quarterly_earnings,collar,21,60,VZ,2024-07-23,no usable strict ordinary-day match
quarterly_earnings,collar,21,60,PM,2024-07-24,no usable strict ordinary-day match
quarterly_earnings,collar,21,60,KO,2024-07-24,no usable strict ordinary-day match
quarterly_earnings,collar,21,60,IBM,2024-07-25,no usable strict ordinary-day match
quarterly_earnings,collar,21,60,HON,2024-07-26,unusable event quote or stock
quarterly_earnings,collar,21,60,MMM,2024-07-29,no usable strict ordinary-day match
quarterly_earnings,collar,21,60,MRK,2024-07-31,unusable event quote or stock
quarterly_earnings,collar,21,60,MET,2024-08-01,no usable strict ordinary-day match
quarterly_earnings,collar,21,60,BKNG,2024-08-02,unusable event quote or stock
quarterly_earnings,collar,21,60,XOM,2024-08-05,no usable strict ordinary-day match
quarterly_earnings,collar,21,60,CVX,2024-08-05,no usable strict ordinary-day match
quarterly_earnings,collar,21,60,LLY,2024-08-09,no usable strict ordinary-day match
quarterly_earnings,collar,21,60,ADBE,2024-09-13,no usable strict ordinary-day match
quarterly_earnings,collar,21,60,PEP,2024-10-09,no usable strict ordinary-day match
quarterly_earnings,collar,21,60,JPM,2024-10-14,no usable strict ordinary-day match
quarterly_earnings,collar,21,60,BLK,2024-10-14,no usable strict ordinary-day match
quarterly_earnings,collar,21,60,JNJ,2024-10-16,unusable event quote or stock
quarterly_earnings,collar,21,60,MS,2024-10-17,no usable strict ordinary-day match
quarterly_earnings,collar,21,60,PM,2024-10-23,no usable strict ordinary-day match
quarterly_earnings,collar,21,60,VZ,2024-10-23,unusable event quote or stock
quarterly_earnings,collar,21,60,MMM,2024-10-23,unusable event quote or stock
quarterly_earnings,collar,21,60,IBM,2024-10-24,no usable strict ordinary-day match
quarterly_earnings,collar,21,60,KO,2024-10-24,no usable strict ordinary-day match
quarterly_earnings,collar,21,60,MET,2024-10-31,unusable event quote or stock
quarterly_earnings,collar,21,60,BKNG,2024-10-31,unusable event quote or stock
quarterly_earnings,collar,21,60,CVX,2024-11-04,unusable event quote or stock
quarterly_earnings,collar,21,60,BLK,2025-01-16,unusable event quote or stock
quarterly_earnings,collar,21,60,JNJ,2025-01-23,no usable strict ordinary-day match
quarterly_earnings,collar,21,60,VZ,2025-01-27,unusable event quote or stock
quarterly_earnings,collar,21,60,T,2025-01-28,no usable strict ordinary-day match
quarterly_earnings,collar,21,60,GM,2025-01-29,no usable strict ordinary-day match
quarterly_earnings,collar,21,60,PEP,2025-02-05,unusable event quote or stock
quarterly_earnings,collar,21,60,MRK,2025-02-05,unusable event quote or stock
quarterly_earnings,collar,21,60,MET,2025-02-06,unusable event quote or stock
quarterly_earnings,collar,21,60,HON,2025-02-07,no usable strict ordinary-day match
quarterly_earnings,collar,21,60,LLY,2025-02-07,no usable strict ordinary-day match
quarterly_earnings,collar,21,60,PM,2025-02-07,no usable strict ordinary-day match
quarterly_earnings,collar,21,60,MS,2025-02-14,no usable strict ordinary-day match
quarterly_earnings,collar,21,60,BKNG,2025-02-21,no usable strict ordinary-day match
quarterly_earnings,collar,21,60,FDX,2025-03-21,no usable strict ordinary-day match
quarterly_earnings,collar,21,60,JPM,2025-04-14,no usable strict ordinary-day match
quarterly_earnings,collar,21,60,BLK,2025-04-14,unusable event quote or stock
quarterly_earnings,collar,21,60,BAC,2025-04-16,unusable event quote or stock
quarterly_earnings,collar,21,60,PM,2025-04-24,unusable event quote or stock
quarterly_earnings,collar,21,60,PEP,2025-04-25,unusable event quote or stock
quarterly_earnings,collar,21,60,MRK,2025-04-25,no usable strict ordinary-day match
quarterly_earnings,collar,21,60,BKNG,2025-04-30,no usable strict ordinary-day match
quarterly_earnings,collar,21,60,KO,2025-04-30,no usable strict ordinary-day match
quarterly_earnings,collar,21,60,MET,2025-05-01,unusable event quote or stock
quarterly_earnings,collar,21,60,LLY,2025-05-02,no usable strict ordinary-day match
quarterly_earnings,collar,21,60,XOM,2025-05-05,unusable event quote or stock
quarterly_earnings,collar,21,60,FDX,2025-06-25,unusable event quote or stock
quarterly_earnings,collar,21,60,BLK,2025-07-16,no usable strict ordinary-day match
quarterly_earnings,collar,21,60,BAC,2025-07-17,no usable strict ordinary-day match
quarterly_earnings,collar,21,60,PEP,2025-07-18,unusable event quote or stock
quarterly_earnings,collar,21,60,MMM,2025-07-21,no usable strict ordinary-day match
quarterly_earnings,collar,21,60,PM,2025-07-23,unusable event quote or stock
quarterly_earnings,collar,21,60,BKNG,2025-07-30,no usable strict ordinary-day match
quarterly_earnings,collar,21,60,MRK,2025-07-30,no usable strict ordinary-day match
quarterly_earnings,collar,21,60,MET,2025-08-07,unusable event quote or stock
quarterly_earnings,collar,21,60,PEP,2025-10-10,no usable strict ordinary-day match
quarterly_earnings,collar,21,60,JPM,2025-10-15,no usable strict ordinary-day match
quarterly_earnings,collar,21,60,BLK,2025-10-15,unusable event quote or stock
quarterly_earnings,collar,21,60,JNJ,2025-10-15,no usable strict ordinary-day match
quarterly_earnings,collar,21,60,BAC,2025-10-16,no usable strict ordinary-day match
quarterly_earnings,collar,21,60,AXP,2025-10-20,no usable strict ordinary-day match
quarterly_earnings,collar,21,60,KO,2025-10-22,no usable strict ordinary-day match
quarterly_earnings,collar,21,60,PM,2025-10-22,no usable strict ordinary-day match
quarterly_earnings,collar,21,60,BKNG,2025-10-29,unusable event quote or stock
quarterly_earnings,collar,21,60,MRK,2025-10-31,unusable event quote or stock
quarterly_earnings,collar,21,60,LLY,2025-10-31,unusable event quote or stock
quarterly_earnings,collar,21,60,XOM,2025-11-03,no usable strict ordinary-day match
quarterly_earnings,collar,21,60,CVX,2025-11-03,unusable event quote or stock
quarterly_earnings,collar,21,60,MET,2025-11-06,unusable event quote or stock
quarterly_earnings,collar,21,60,FDX,2025-12-19,unusable event quote or stock
quarterly_earnings,cash_secured_put,21,60,BLK,2024-01-16,no usable strict ordinary-day match
quarterly_earnings,cash_secured_put,21,60,SCHW,2024-01-18,no usable strict ordinary-day match
quarterly_earnings,cash_secured_put,21,60,MMM,2024-01-24,unusable event quote or stock
quarterly_earnings,cash_secured_put,21,60,VZ,2024-01-24,no usable strict ordinary-day match
quarterly_earnings,cash_secured_put,21,60,JNJ,2024-01-24,no usable strict ordinary-day match
quarterly_earnings,cash_secured_put,21,60,T,2024-01-25,no usable strict ordinary-day match
quarterly_earnings,cash_secured_put,21,60,MET,2024-02-01,no usable strict ordinary-day match
quarterly_earnings,cash_secured_put,21,60,HON,2024-02-02,no usable strict ordinary-day match
quarterly_earnings,cash_secured_put,21,60,MRK,2024-02-02,no usable strict ordinary-day match
quarterly_earnings,cash_secured_put,21,60,PM,2024-02-09,no usable strict ordinary-day match
quarterly_earnings,cash_secured_put,21,60,BKNG,2024-02-23,no usable strict ordinary-day match
quarterly_earnings,cash_secured_put,21,60,FDX,2024-03-22,no usable strict ordinary-day match
quarterly_earnings,cash_secured_put,21,60,JPM,2024-04-15,no usable strict ordinary-day match
quarterly_earnings,cash_secured_put,21,60,JNJ,2024-04-17,no usable strict ordinary-day match
quarterly_earnings,cash_secured_put,21,60,MS,2024-04-17,no usable strict ordinary-day match
quarterly_earnings,cash_secured_put,21,60,VZ,2024-04-23,unusable event quote or stock
quarterly_earnings,cash_secured_put,21,60,PEP,2024-04-24,no usable strict ordinary-day match
quarterly_earnings,cash_secured_put,21,60,PM,2024-04-24,no usable strict ordinary-day match
quarterly_earnings,cash_secured_put,21,60,T,2024-04-25,no usable strict ordinary-day match
quarterly_earnings,cash_secured_put,21,60,MRK,2024-04-26,unusable event quote or stock
quarterly_earnings,cash_secured_put,21,60,XOM,2024-04-29,no usable strict ordinary-day match
quarterly_earnings,cash_secured_put,21,60,CVX,2024-04-29,no usable strict ordinary-day match
quarterly_earnings,cash_secured_put,21,60,AMD,2024-05-01,no usable strict ordinary-day match
quarterly_earnings,cash_secured_put,21,60,LLY,2024-05-01,no usable strict ordinary-day match
quarterly_earnings,cash_secured_put,21,60,KO,2024-05-01,no usable strict ordinary-day match
quarterly_earnings,cash_secured_put,21,60,JNJ,2024-05-02,no usable strict ordinary-day match
quarterly_earnings,cash_secured_put,21,60,MET,2024-05-02,unusable event quote or stock
quarterly_earnings,cash_secured_put,21,60,BKNG,2024-05-03,unusable event quote or stock
quarterly_earnings,cash_secured_put,21,60,ADBE,2024-06-14,no usable strict ordinary-day match
quarterly_earnings,cash_secured_put,21,60,FDX,2024-06-26,no usable strict ordinary-day match
quarterly_earnings,cash_secured_put,21,60,BLK,2024-07-16,unusable event quote or stock
quarterly_earnings,cash_secured_put,21,60,JNJ,2024-07-18,no usable strict ordinary-day match
quarterly_earnings,cash_secured_put,21,60,BLK,2024-07-18,unusable event quote or stock
quarterly_earnings,cash_secured_put,21,60,VZ,2024-07-23,no usable strict ordinary-day match
quarterly_earnings,cash_secured_put,21,60,PM,2024-07-24,no usable strict ordinary-day match
quarterly_earnings,cash_secured_put,21,60,KO,2024-07-24,no usable strict ordinary-day match
quarterly_earnings,cash_secured_put,21,60,IBM,2024-07-25,no usable strict ordinary-day match
quarterly_earnings,cash_secured_put,21,60,HON,2024-07-26,no usable strict ordinary-day match
quarterly_earnings,cash_secured_put,21,60,MMM,2024-07-29,no usable strict ordinary-day match
quarterly_earnings,cash_secured_put,21,60,MRK,2024-07-31,no usable strict ordinary-day match
quarterly_earnings,cash_secured_put,21,60,MET,2024-08-01,no usable strict ordinary-day match
quarterly_earnings,cash_secured_put,21,60,BKNG,2024-08-02,unusable event quote or stock
quarterly_earnings,cash_secured_put,21,60,XOM,2024-08-05,no usable strict ordinary-day match
quarterly_earnings,cash_secured_put,21,60,CVX,2024-08-05,no usable strict ordinary-day match
quarterly_earnings,cash_secured_put,21,60,LLY,2024-08-09,no usable strict ordinary-day match
quarterly_earnings,cash_secured_put,21,60,ADBE,2024-09-13,no usable strict ordinary-day match
quarterly_earnings,cash_secured_put,21,60,JPM,2024-10-14,no usable strict ordinary-day match
quarterly_earnings,cash_secured_put,21,60,BLK,2024-10-14,no usable strict ordinary-day match
quarterly_earnings,cash_secured_put,21,60,JNJ,2024-10-16,no usable strict ordinary-day match
quarterly_earnings,cash_secured_put,21,60,MS,2024-10-17,no usable strict ordinary-day match
quarterly_earnings,cash_secured_put,21,60,PM,2024-10-23,no usable strict ordinary-day match
quarterly_earnings,cash_secured_put,21,60,VZ,2024-10-23,no usable strict ordinary-day match
quarterly_earnings,cash_secured_put,21,60,MMM,2024-10-23,unusable event quote or stock
quarterly_earnings,cash_secured_put,21,60,IBM,2024-10-24,no usable strict ordinary-day match
quarterly_earnings,cash_secured_put,21,60,KO,2024-10-24,no usable strict ordinary-day match
quarterly_earnings,cash_secured_put,21,60,MET,2024-10-31,unusable event quote or stock
quarterly_earnings,cash_secured_put,21,60,BKNG,2024-10-31,unusable event quote or stock
quarterly_earnings,cash_secured_put,21,60,CVX,2024-11-04,no usable strict ordinary-day match
quarterly_earnings,cash_secured_put,21,60,BLK,2025-01-16,unusable event quote or stock
quarterly_earnings,cash_secured_put,21,60,JNJ,2025-01-23,no usable strict ordinary-day match
quarterly_earnings,cash_secured_put,21,60,VZ,2025-01-27,no usable strict ordinary-day match
quarterly_earnings,cash_secured_put,21,60,T,2025-01-28,no usable strict ordinary-day match
quarterly_earnings,cash_secured_put,21,60,GM,2025-01-29,no usable strict ordinary-day match
quarterly_earnings,cash_secured_put,21,60,MET,2025-02-06,unusable event quote or stock
quarterly_earnings,cash_secured_put,21,60,HON,2025-02-07,no usable strict ordinary-day match
quarterly_earnings,cash_secured_put,21,60,LLY,2025-02-07,no usable strict ordinary-day match
quarterly_earnings,cash_secured_put,21,60,PM,2025-02-07,no usable strict ordinary-day match
quarterly_earnings,cash_secured_put,21,60,MS,2025-02-14,no usable strict ordinary-day match
quarterly_earnings,cash_secured_put,21,60,BKNG,2025-02-21,no usable strict ordinary-day match
quarterly_earnings,cash_secured_put,21,60,FDX,2025-03-21,no usable strict ordinary-day match
quarterly_earnings,cash_secured_put,21,60,JPM,2025-04-14,no usable strict ordinary-day match
quarterly_earnings,cash_secured_put,21,60,BLK,2025-04-14,unusable event quote or stock
quarterly_earnings,cash_secured_put,21,60,BAC,2025-04-16,unusable event quote or stock
quarterly_earnings,cash_secured_put,21,60,PM,2025-04-24,unusable event quote or stock
quarterly_earnings,cash_secured_put,21,60,PEP,2025-04-25,unusable event quote or stock
quarterly_earnings,cash_secured_put,21,60,MRK,2025-04-25,no usable strict ordinary-day match
quarterly_earnings,cash_secured_put,21,60,BKNG,2025-04-30,no usable strict ordinary-day match
quarterly_earnings,cash_secured_put,21,60,KO,2025-04-30,no usable strict ordinary-day match
quarterly_earnings,cash_secured_put,21,60,MET,2025-05-01,unusable event quote or stock
quarterly_earnings,cash_secured_put,21,60,LLY,2025-05-02,no usable strict ordinary-day match
quarterly_earnings,cash_secured_put,21,60,XOM,2025-05-05,unusable event quote or stock
quarterly_earnings,cash_secured_put,21,60,FDX,2025-06-25,no usable strict ordinary-day match
quarterly_earnings,cash_secured_put,21,60,BLK,2025-07-16,no usable strict ordinary-day match
quarterly_earnings,cash_secured_put,21,60,BAC,2025-07-17,no usable strict ordinary-day match
quarterly_earnings,cash_secured_put,21,60,PEP,2025-07-18,unusable event quote or stock
quarterly_earnings,cash_secured_put,21,60,MMM,2025-07-21,no usable strict ordinary-day match
quarterly_earnings,cash_secured_put,21,60,PM,2025-07-23,unusable event quote or stock
quarterly_earnings,cash_secured_put,21,60,BKNG,2025-07-30,no usable strict ordinary-day match
quarterly_earnings,cash_secured_put,21,60,MRK,2025-07-30,no usable strict ordinary-day match
quarterly_earnings,cash_secured_put,21,60,MET,2025-08-07,no usable strict ordinary-day match
quarterly_earnings,cash_secured_put,21,60,PEP,2025-10-10,no usable strict ordinary-day match
quarterly_earnings,cash_secured_put,21,60,JPM,2025-10-15,no usable strict ordinary-day match
quarterly_earnings,cash_secured_put,21,60,BLK,2025-10-15,no usable strict ordinary-day match
quarterly_earnings,cash_secured_put,21,60,JNJ,2025-10-15,no usable strict ordinary-day match
quarterly_earnings,cash_secured_put,21,60,BAC,2025-10-16,no usable strict ordinary-day match
quarterly_earnings,cash_secured_put,21,60,AXP,2025-10-20,no usable strict ordinary-day match
quarterly_earnings,cash_secured_put,21,60,KO,2025-10-22,no usable strict ordinary-day match
quarterly_earnings,cash_secured_put,21,60,PM,2025-10-22,no usable strict ordinary-day match
quarterly_earnings,cash_secured_put,21,60,BKNG,2025-10-29,unusable event quote or stock
quarterly_earnings,cash_secured_put,21,60,MRK,2025-10-31,unusable event quote or stock
quarterly_earnings,cash_secured_put,21,60,LLY,2025-10-31,unusable event quote or stock
quarterly_earnings,cash_secured_put,21,60,XOM,2025-11-03,no usable strict ordinary-day match
quarterly_earnings,cash_secured_put,21,60,CVX,2025-11-03,unusable event quote or stock
quarterly_earnings,cash_secured_put,21,60,MET,2025-11-06,unusable event quote or stock
quarterly_earnings,cash_secured_put,21,60,FDX,2025-12-19,unusable event quote or stock
quarterly_earnings,long_call,21,300,BLK,2024-01-16,no usable strict ordinary-day match
quarterly_earnings,long_call,21,300,SCHW,2024-01-18,no usable strict ordinary-day match
quarterly_earnings,long_call,21,300,MMM,2024-01-24,unusable event quote or stock
quarterly_earnings,long_call,21,300,VZ,2024-01-24,no usable strict ordinary-day match
quarterly_earnings,long_call,21,300,JNJ,2024-01-24,no usable strict ordinary-day match
quarterly_earnings,long_call,21,300,T,2024-01-25,no usable strict ordinary-day match
quarterly_earnings,long_call,21,300,MET,2024-02-01,no usable strict ordinary-day match
quarterly_earnings,long_call,21,300,HON,2024-02-02,no usable strict ordinary-day match
quarterly_earnings,long_call,21,300,MRK,2024-02-02,no usable strict ordinary-day match
quarterly_earnings,long_call,21,300,PM,2024-02-09,no usable strict ordinary-day match
quarterly_earnings,long_call,21,300,BKNG,2024-02-23,no usable strict ordinary-day match
quarterly_earnings,long_call,21,300,FDX,2024-03-22,no usable strict ordinary-day match
quarterly_earnings,long_call,21,300,JPM,2024-04-15,no usable strict ordinary-day match
quarterly_earnings,long_call,21,300,JNJ,2024-04-17,no usable strict ordinary-day match
quarterly_earnings,long_call,21,300,MS,2024-04-17,no usable strict ordinary-day match
quarterly_earnings,long_call,21,300,VZ,2024-04-23,no usable strict ordinary-day match
quarterly_earnings,long_call,21,300,PEP,2024-04-24,no usable strict ordinary-day match
quarterly_earnings,long_call,21,300,PM,2024-04-24,no usable strict ordinary-day match
quarterly_earnings,long_call,21,300,T,2024-04-25,no usable strict ordinary-day match
quarterly_earnings,long_call,21,300,MRK,2024-04-26,unusable event quote or stock
quarterly_earnings,long_call,21,300,XOM,2024-04-29,no usable strict ordinary-day match
quarterly_earnings,long_call,21,300,CVX,2024-04-29,no usable strict ordinary-day match
quarterly_earnings,long_call,21,300,AMD,2024-05-01,no usable strict ordinary-day match
quarterly_earnings,long_call,21,300,LLY,2024-05-01,no usable strict ordinary-day match
quarterly_earnings,long_call,21,300,KO,2024-05-01,no usable strict ordinary-day match
quarterly_earnings,long_call,21,300,JNJ,2024-05-02,no usable strict ordinary-day match
quarterly_earnings,long_call,21,300,MET,2024-05-02,unusable event quote or stock
quarterly_earnings,long_call,21,300,BKNG,2024-05-03,unusable event quote or stock
quarterly_earnings,long_call,21,300,ADBE,2024-06-14,no usable strict ordinary-day match
quarterly_earnings,long_call,21,300,FDX,2024-06-26,no usable strict ordinary-day match
quarterly_earnings,long_call,21,300,BLK,2024-07-16,unusable event quote or stock
quarterly_earnings,long_call,21,300,JNJ,2024-07-18,no usable strict ordinary-day match
quarterly_earnings,long_call,21,300,BLK,2024-07-18,unusable event quote or stock
quarterly_earnings,long_call,21,300,VZ,2024-07-23,no usable strict ordinary-day match
quarterly_earnings,long_call,21,300,PM,2024-07-24,no usable strict ordinary-day match
quarterly_earnings,long_call,21,300,KO,2024-07-24,no usable strict ordinary-day match
quarterly_earnings,long_call,21,300,IBM,2024-07-25,no usable strict ordinary-day match
quarterly_earnings,long_call,21,300,HON,2024-07-26,no usable strict ordinary-day match
quarterly_earnings,long_call,21,300,MRK,2024-07-31,no usable strict ordinary-day match
quarterly_earnings,long_call,21,300,MET,2024-08-01,no usable strict ordinary-day match
quarterly_earnings,long_call,21,300,BKNG,2024-08-02,unusable event quote or stock
quarterly_earnings,long_call,21,300,XOM,2024-08-05,no usable strict ordinary-day match
quarterly_earnings,long_call,21,300,LLY,2024-08-09,no usable strict ordinary-day match
quarterly_earnings,long_call,21,300,ADBE,2024-09-13,no usable strict ordinary-day match
quarterly_earnings,long_call,21,300,JPM,2024-10-14,no usable strict ordinary-day match
quarterly_earnings,long_call,21,300,BLK,2024-10-14,no usable strict ordinary-day match
quarterly_earnings,long_call,21,300,JNJ,2024-10-16,no usable strict ordinary-day match
quarterly_earnings,long_call,21,300,MS,2024-10-17,no usable strict ordinary-day match
quarterly_earnings,long_call,21,300,PM,2024-10-23,no usable strict ordinary-day match
quarterly_earnings,long_call,21,300,VZ,2024-10-23,no usable strict ordinary-day match
quarterly_earnings,long_call,21,300,MMM,2024-10-23,unusable event quote or stock
quarterly_earnings,long_call,21,300,IBM,2024-10-24,no usable strict ordinary-day match
quarterly_earnings,long_call,21,300,KO,2024-10-24,no usable strict ordinary-day match
quarterly_earnings,long_call,21,300,MET,2024-10-31,unusable event quote or stock
quarterly_earnings,long_call,21,300,BKNG,2024-10-31,unusable event quote or stock
quarterly_earnings,long_call,21,300,CVX,2024-11-04,no usable strict ordinary-day match
quarterly_earnings,long_call,21,300,BLK,2025-01-16,unusable event quote or stock
quarterly_earnings,long_call,21,300,JNJ,2025-01-23,no usable strict ordinary-day match
quarterly_earnings,long_call,21,300,VZ,2025-01-27,no usable strict ordinary-day match
quarterly_earnings,long_call,21,300,T,2025-01-28,no usable strict ordinary-day match
quarterly_earnings,long_call,21,300,GM,2025-01-29,no usable strict ordinary-day match
quarterly_earnings,long_call,21,300,MET,2025-02-06,unusable event quote or stock
quarterly_earnings,long_call,21,300,HON,2025-02-07,no usable strict ordinary-day match
quarterly_earnings,long_call,21,300,LLY,2025-02-07,no usable strict ordinary-day match
quarterly_earnings,long_call,21,300,PM,2025-02-07,no usable strict ordinary-day match
quarterly_earnings,long_call,21,300,MS,2025-02-14,no usable strict ordinary-day match
quarterly_earnings,long_call,21,300,BKNG,2025-02-21,no usable strict ordinary-day match
quarterly_earnings,long_call,21,300,FDX,2025-03-21,no usable strict ordinary-day match
quarterly_earnings,long_call,21,300,JPM,2025-04-14,no usable strict ordinary-day match
quarterly_earnings,long_call,21,300,BLK,2025-04-14,unusable event quote or stock
quarterly_earnings,long_call,21,300,PM,2025-04-24,unusable event quote or stock
quarterly_earnings,long_call,21,300,PEP,2025-04-25,no usable strict ordinary-day match
quarterly_earnings,long_call,21,300,MRK,2025-04-25,no usable strict ordinary-day match
quarterly_earnings,long_call,21,300,BKNG,2025-04-30,no usable strict ordinary-day match
quarterly_earnings,long_call,21,300,KO,2025-04-30,no usable strict ordinary-day match
quarterly_earnings,long_call,21,300,MET,2025-05-01,no usable strict ordinary-day match
quarterly_earnings,long_call,21,300,LLY,2025-05-02,no usable strict ordinary-day match
quarterly_earnings,long_call,21,300,FDX,2025-06-25,no usable strict ordinary-day match
quarterly_earnings,long_call,21,300,BLK,2025-07-16,no usable strict ordinary-day match
quarterly_earnings,long_call,21,300,BAC,2025-07-17,no usable strict ordinary-day match
quarterly_earnings,long_call,21,300,PEP,2025-07-18,no usable strict ordinary-day match
quarterly_earnings,long_call,21,300,MMM,2025-07-21,no usable strict ordinary-day match
quarterly_earnings,long_call,21,300,PM,2025-07-23,unusable event quote or stock
quarterly_earnings,long_call,21,300,BKNG,2025-07-30,no usable strict ordinary-day match
quarterly_earnings,long_call,21,300,MRK,2025-07-30,no usable strict ordinary-day match
quarterly_earnings,long_call,21,300,MET,2025-08-07,unusable event quote or stock
quarterly_earnings,long_call,21,300,PEP,2025-10-10,no usable strict ordinary-day match
quarterly_earnings,long_call,21,300,JPM,2025-10-15,no usable strict ordinary-day match
quarterly_earnings,long_call,21,300,BLK,2025-10-15,no usable strict ordinary-day match
quarterly_earnings,long_call,21,300,JNJ,2025-10-15,no usable strict ordinary-day match
quarterly_earnings,long_call,21,300,BAC,2025-10-16,no usable strict ordinary-day match
quarterly_earnings,long_call,21,300,AXP,2025-10-20,no usable strict ordinary-day match
quarterly_earnings,long_call,21,300,KO,2025-10-22,no usable strict ordinary-day match
quarterly_earnings,long_call,21,300,PM,2025-10-22,no usable strict ordinary-day match
quarterly_earnings,long_call,21,300,BKNG,2025-10-29,unusable event quote or stock
quarterly_earnings,long_call,21,300,MRK,2025-10-31,no usable strict ordinary-day match
quarterly_earnings,long_call,21,300,XOM,2025-11-03,no usable strict ordinary-day match
quarterly_earnings,long_call,21,300,CVX,2025-11-03,unusable event quote or stock
quarterly_earnings,long_call,21,300,MET,2025-11-06,no usable strict ordinary-day match
quarterly_earnings,long_call,21,300,FDX,2025-12-19,unusable event quote or stock
quarterly_earnings,covered_call,21,300,BLK,2024-01-16,unusable event quote or stock
quarterly_earnings,covered_call,21,300,SCHW,2024-01-18,no usable strict ordinary-day match
quarterly_earnings,covered_call,21,300,MMM,2024-01-24,unusable event quote or stock
quarterly_earnings,covered_call,21,300,VZ,2024-01-24,no usable strict ordinary-day match
quarterly_earnings,covered_call,21,300,JNJ,2024-01-24,no usable strict ordinary-day match
quarterly_earnings,covered_call,21,300,T,2024-01-25,no usable strict ordinary-day match
quarterly_earnings,covered_call,21,300,MET,2024-02-01,no usable strict ordinary-day match
quarterly_earnings,covered_call,21,300,HON,2024-02-02,no usable strict ordinary-day match
quarterly_earnings,covered_call,21,300,MRK,2024-02-02,no usable strict ordinary-day match
quarterly_earnings,covered_call,21,300,PM,2024-02-09,no usable strict ordinary-day match
quarterly_earnings,covered_call,21,300,BKNG,2024-02-23,no usable strict ordinary-day match
quarterly_earnings,covered_call,21,300,FDX,2024-03-22,no usable strict ordinary-day match
quarterly_earnings,covered_call,21,300,JPM,2024-04-15,no usable strict ordinary-day match
quarterly_earnings,covered_call,21,300,JNJ,2024-04-17,no usable strict ordinary-day match
quarterly_earnings,covered_call,21,300,MS,2024-04-17,no usable strict ordinary-day match
quarterly_earnings,covered_call,21,300,VZ,2024-04-23,no usable strict ordinary-day match
quarterly_earnings,covered_call,21,300,PEP,2024-04-24,no usable strict ordinary-day match
quarterly_earnings,covered_call,21,300,PM,2024-04-24,no usable strict ordinary-day match
quarterly_earnings,covered_call,21,300,T,2024-04-25,no usable strict ordinary-day match
quarterly_earnings,covered_call,21,300,MRK,2024-04-26,unusable event quote or stock
quarterly_earnings,covered_call,21,300,XOM,2024-04-29,no usable strict ordinary-day match
quarterly_earnings,covered_call,21,300,CVX,2024-04-29,no usable strict ordinary-day match
quarterly_earnings,covered_call,21,300,AMD,2024-05-01,no usable strict ordinary-day match
quarterly_earnings,covered_call,21,300,LLY,2024-05-01,no usable strict ordinary-day match
quarterly_earnings,covered_call,21,300,KO,2024-05-01,no usable strict ordinary-day match
quarterly_earnings,covered_call,21,300,JNJ,2024-05-02,no usable strict ordinary-day match
quarterly_earnings,covered_call,21,300,MET,2024-05-02,unusable event quote or stock
quarterly_earnings,covered_call,21,300,BKNG,2024-05-03,unusable event quote or stock
quarterly_earnings,covered_call,21,300,ADBE,2024-06-14,no usable strict ordinary-day match
quarterly_earnings,covered_call,21,300,FDX,2024-06-26,no usable strict ordinary-day match
quarterly_earnings,covered_call,21,300,BLK,2024-07-16,unusable event quote or stock
quarterly_earnings,covered_call,21,300,JNJ,2024-07-18,no usable strict ordinary-day match
quarterly_earnings,covered_call,21,300,BLK,2024-07-18,unusable event quote or stock
quarterly_earnings,covered_call,21,300,VZ,2024-07-23,no usable strict ordinary-day match
quarterly_earnings,covered_call,21,300,PM,2024-07-24,no usable strict ordinary-day match
quarterly_earnings,covered_call,21,300,KO,2024-07-24,no usable strict ordinary-day match
quarterly_earnings,covered_call,21,300,IBM,2024-07-25,no usable strict ordinary-day match
quarterly_earnings,covered_call,21,300,HON,2024-07-26,no usable strict ordinary-day match
quarterly_earnings,covered_call,21,300,MRK,2024-07-31,no usable strict ordinary-day match
quarterly_earnings,covered_call,21,300,MET,2024-08-01,no usable strict ordinary-day match
quarterly_earnings,covered_call,21,300,BKNG,2024-08-02,unusable event quote or stock
quarterly_earnings,covered_call,21,300,XOM,2024-08-05,no usable strict ordinary-day match
quarterly_earnings,covered_call,21,300,LLY,2024-08-09,no usable strict ordinary-day match
quarterly_earnings,covered_call,21,300,ADBE,2024-09-13,no usable strict ordinary-day match
quarterly_earnings,covered_call,21,300,JPM,2024-10-14,no usable strict ordinary-day match
quarterly_earnings,covered_call,21,300,BLK,2024-10-14,no usable strict ordinary-day match
quarterly_earnings,covered_call,21,300,JNJ,2024-10-16,unusable event quote or stock
quarterly_earnings,covered_call,21,300,MS,2024-10-17,no usable strict ordinary-day match
quarterly_earnings,covered_call,21,300,PM,2024-10-23,no usable strict ordinary-day match
quarterly_earnings,covered_call,21,300,VZ,2024-10-23,no usable strict ordinary-day match
quarterly_earnings,covered_call,21,300,MMM,2024-10-23,unusable event quote or stock
quarterly_earnings,covered_call,21,300,IBM,2024-10-24,no usable strict ordinary-day match
quarterly_earnings,covered_call,21,300,KO,2024-10-24,no usable strict ordinary-day match
quarterly_earnings,covered_call,21,300,MET,2024-10-31,unusable event quote or stock
quarterly_earnings,covered_call,21,300,BKNG,2024-10-31,unusable event quote or stock
quarterly_earnings,covered_call,21,300,CVX,2024-11-04,no usable strict ordinary-day match
quarterly_earnings,covered_call,21,300,BLK,2025-01-16,unusable event quote or stock
quarterly_earnings,covered_call,21,300,JNJ,2025-01-23,no usable strict ordinary-day match
quarterly_earnings,covered_call,21,300,VZ,2025-01-27,no usable strict ordinary-day match
quarterly_earnings,covered_call,21,300,T,2025-01-28,no usable strict ordinary-day match
quarterly_earnings,covered_call,21,300,GM,2025-01-29,no usable strict ordinary-day match
quarterly_earnings,covered_call,21,300,MET,2025-02-06,unusable event quote or stock
quarterly_earnings,covered_call,21,300,HON,2025-02-07,no usable strict ordinary-day match
quarterly_earnings,covered_call,21,300,LLY,2025-02-07,no usable strict ordinary-day match
quarterly_earnings,covered_call,21,300,PM,2025-02-07,no usable strict ordinary-day match
quarterly_earnings,covered_call,21,300,MS,2025-02-14,no usable strict ordinary-day match
quarterly_earnings,covered_call,21,300,BKNG,2025-02-21,no usable strict ordinary-day match
quarterly_earnings,covered_call,21,300,FDX,2025-03-21,no usable strict ordinary-day match
quarterly_earnings,covered_call,21,300,JPM,2025-04-14,no usable strict ordinary-day match
quarterly_earnings,covered_call,21,300,BLK,2025-04-14,unusable event quote or stock
quarterly_earnings,covered_call,21,300,PM,2025-04-24,unusable event quote or stock
quarterly_earnings,covered_call,21,300,PEP,2025-04-25,no usable strict ordinary-day match
quarterly_earnings,covered_call,21,300,MRK,2025-04-25,no usable strict ordinary-day match
quarterly_earnings,covered_call,21,300,BKNG,2025-04-30,no usable strict ordinary-day match
quarterly_earnings,covered_call,21,300,KO,2025-04-30,no usable strict ordinary-day match
quarterly_earnings,covered_call,21,300,MET,2025-05-01,no usable strict ordinary-day match
quarterly_earnings,covered_call,21,300,LLY,2025-05-02,no usable strict ordinary-day match
quarterly_earnings,covered_call,21,300,FDX,2025-06-25,no usable strict ordinary-day match
quarterly_earnings,covered_call,21,300,BLK,2025-07-16,no usable strict ordinary-day match
quarterly_earnings,covered_call,21,300,BAC,2025-07-17,no usable strict ordinary-day match
quarterly_earnings,covered_call,21,300,PEP,2025-07-18,no usable strict ordinary-day match
quarterly_earnings,covered_call,21,300,MMM,2025-07-21,no usable strict ordinary-day match
quarterly_earnings,covered_call,21,300,PM,2025-07-23,unusable event quote or stock
quarterly_earnings,covered_call,21,300,BKNG,2025-07-30,no usable strict ordinary-day match
quarterly_earnings,covered_call,21,300,MRK,2025-07-30,no usable strict ordinary-day match
quarterly_earnings,covered_call,21,300,MET,2025-08-07,no usable strict ordinary-day match
quarterly_earnings,covered_call,21,300,PEP,2025-10-10,no usable strict ordinary-day match
quarterly_earnings,covered_call,21,300,JPM,2025-10-15,no usable strict ordinary-day match
quarterly_earnings,covered_call,21,300,BLK,2025-10-15,no usable strict ordinary-day match
quarterly_earnings,covered_call,21,300,JNJ,2025-10-15,no usable strict ordinary-day match
quarterly_earnings,covered_call,21,300,BAC,2025-10-16,no usable strict ordinary-day match
quarterly_earnings,covered_call,21,300,AXP,2025-10-20,no usable strict ordinary-day match
quarterly_earnings,covered_call,21,300,KO,2025-10-22,no usable strict ordinary-day match
quarterly_earnings,covered_call,21,300,PM,2025-10-22,no usable strict ordinary-day match
quarterly_earnings,covered_call,21,300,BKNG,2025-10-29,unusable event quote or stock
quarterly_earnings,covered_call,21,300,MRK,2025-10-31,no usable strict ordinary-day match
quarterly_earnings,covered_call,21,300,XOM,2025-11-03,no usable strict ordinary-day match
quarterly_earnings,covered_call,21,300,CVX,2025-11-03,unusable event quote or stock
quarterly_earnings,covered_call,21,300,MET,2025-11-06,unusable event quote or stock
quarterly_earnings,covered_call,21,300,FDX,2025-12-19,unusable event quote or stock
quarterly_earnings,protective_put,21,300,BLK,2024-01-16,no usable strict ordinary-day match
quarterly_earnings,protective_put,21,300,SCHW,2024-01-18,no usable strict ordinary-day match
quarterly_earnings,protective_put,21,300,MMM,2024-01-24,unusable event quote or stock
quarterly_earnings,protective_put,21,300,VZ,2024-01-24,no usable strict ordinary-day match
quarterly_earnings,protective_put,21,300,JNJ,2024-01-24,no usable strict ordinary-day match
quarterly_earnings,protective_put,21,300,T,2024-01-25,no usable strict ordinary-day match
quarterly_earnings,protective_put,21,300,MET,2024-02-01,no usable strict ordinary-day match
quarterly_earnings,protective_put,21,300,HON,2024-02-02,no usable strict ordinary-day match
quarterly_earnings,protective_put,21,300,MRK,2024-02-02,no usable strict ordinary-day match
quarterly_earnings,protective_put,21,300,PM,2024-02-09,no usable strict ordinary-day match
quarterly_earnings,protective_put,21,300,BKNG,2024-02-23,no usable strict ordinary-day match
quarterly_earnings,protective_put,21,300,FDX,2024-03-22,no usable strict ordinary-day match
quarterly_earnings,protective_put,21,300,JPM,2024-04-15,no usable strict ordinary-day match
quarterly_earnings,protective_put,21,300,JNJ,2024-04-17,no usable strict ordinary-day match
quarterly_earnings,protective_put,21,300,MS,2024-04-17,no usable strict ordinary-day match
quarterly_earnings,protective_put,21,300,VZ,2024-04-23,no usable strict ordinary-day match
quarterly_earnings,protective_put,21,300,PEP,2024-04-24,no usable strict ordinary-day match
quarterly_earnings,protective_put,21,300,PM,2024-04-24,no usable strict ordinary-day match
quarterly_earnings,protective_put,21,300,T,2024-04-25,no usable strict ordinary-day match
quarterly_earnings,protective_put,21,300,MRK,2024-04-26,unusable event quote or stock
quarterly_earnings,protective_put,21,300,XOM,2024-04-29,no usable strict ordinary-day match
quarterly_earnings,protective_put,21,300,CVX,2024-04-29,no usable strict ordinary-day match
quarterly_earnings,protective_put,21,300,AMD,2024-05-01,no usable strict ordinary-day match
quarterly_earnings,protective_put,21,300,LLY,2024-05-01,no usable strict ordinary-day match
quarterly_earnings,protective_put,21,300,KO,2024-05-01,no usable strict ordinary-day match
quarterly_earnings,protective_put,21,300,JNJ,2024-05-02,no usable strict ordinary-day match
quarterly_earnings,protective_put,21,300,MET,2024-05-02,unusable event quote or stock
quarterly_earnings,protective_put,21,300,BKNG,2024-05-03,unusable event quote or stock
quarterly_earnings,protective_put,21,300,ADBE,2024-06-14,no usable strict ordinary-day match
quarterly_earnings,protective_put,21,300,FDX,2024-06-26,no usable strict ordinary-day match
quarterly_earnings,protective_put,21,300,BLK,2024-07-16,unusable event quote or stock
quarterly_earnings,protective_put,21,300,JNJ,2024-07-18,no usable strict ordinary-day match
quarterly_earnings,protective_put,21,300,BLK,2024-07-18,unusable event quote or stock
quarterly_earnings,protective_put,21,300,VZ,2024-07-23,no usable strict ordinary-day match
quarterly_earnings,protective_put,21,300,PM,2024-07-24,no usable strict ordinary-day match
quarterly_earnings,protective_put,21,300,KO,2024-07-24,no usable strict ordinary-day match
quarterly_earnings,protective_put,21,300,IBM,2024-07-25,no usable strict ordinary-day match
quarterly_earnings,protective_put,21,300,HON,2024-07-26,no usable strict ordinary-day match
quarterly_earnings,protective_put,21,300,MRK,2024-07-31,no usable strict ordinary-day match
quarterly_earnings,protective_put,21,300,MET,2024-08-01,no usable strict ordinary-day match
quarterly_earnings,protective_put,21,300,BKNG,2024-08-02,unusable event quote or stock
quarterly_earnings,protective_put,21,300,XOM,2024-08-05,no usable strict ordinary-day match
quarterly_earnings,protective_put,21,300,LLY,2024-08-09,no usable strict ordinary-day match
quarterly_earnings,protective_put,21,300,ADBE,2024-09-13,no usable strict ordinary-day match
quarterly_earnings,protective_put,21,300,JPM,2024-10-14,no usable strict ordinary-day match
quarterly_earnings,protective_put,21,300,BLK,2024-10-14,no usable strict ordinary-day match
quarterly_earnings,protective_put,21,300,JNJ,2024-10-16,no usable strict ordinary-day match
quarterly_earnings,protective_put,21,300,MS,2024-10-17,no usable strict ordinary-day match
quarterly_earnings,protective_put,21,300,PM,2024-10-23,no usable strict ordinary-day match
quarterly_earnings,protective_put,21,300,VZ,2024-10-23,no usable strict ordinary-day match
quarterly_earnings,protective_put,21,300,MMM,2024-10-23,unusable event quote or stock
quarterly_earnings,protective_put,21,300,IBM,2024-10-24,no usable strict ordinary-day match
quarterly_earnings,protective_put,21,300,KO,2024-10-24,no usable strict ordinary-day match
quarterly_earnings,protective_put,21,300,MET,2024-10-31,unusable event quote or stock
quarterly_earnings,protective_put,21,300,BKNG,2024-10-31,unusable event quote or stock
quarterly_earnings,protective_put,21,300,CVX,2024-11-04,no usable strict ordinary-day match
quarterly_earnings,protective_put,21,300,BLK,2025-01-16,unusable event quote or stock
quarterly_earnings,protective_put,21,300,JNJ,2025-01-23,no usable strict ordinary-day match
quarterly_earnings,protective_put,21,300,VZ,2025-01-27,no usable strict ordinary-day match
quarterly_earnings,protective_put,21,300,T,2025-01-28,no usable strict ordinary-day match
quarterly_earnings,protective_put,21,300,GM,2025-01-29,no usable strict ordinary-day match
quarterly_earnings,protective_put,21,300,MET,2025-02-06,unusable event quote or stock
quarterly_earnings,protective_put,21,300,HON,2025-02-07,no usable strict ordinary-day match
quarterly_earnings,protective_put,21,300,LLY,2025-02-07,no usable strict ordinary-day match
quarterly_earnings,protective_put,21,300,PM,2025-02-07,no usable strict ordinary-day match
quarterly_earnings,protective_put,21,300,MS,2025-02-14,no usable strict ordinary-day match
quarterly_earnings,protective_put,21,300,BKNG,2025-02-21,no usable strict ordinary-day match
quarterly_earnings,protective_put,21,300,FDX,2025-03-21,no usable strict ordinary-day match
quarterly_earnings,protective_put,21,300,JPM,2025-04-14,no usable strict ordinary-day match
quarterly_earnings,protective_put,21,300,BLK,2025-04-14,unusable event quote or stock
quarterly_earnings,protective_put,21,300,PM,2025-04-24,unusable event quote or stock
quarterly_earnings,protective_put,21,300,PEP,2025-04-25,no usable strict ordinary-day match
quarterly_earnings,protective_put,21,300,MRK,2025-04-25,no usable strict ordinary-day match
quarterly_earnings,protective_put,21,300,BKNG,2025-04-30,no usable strict ordinary-day match
quarterly_earnings,protective_put,21,300,KO,2025-04-30,no usable strict ordinary-day match
quarterly_earnings,protective_put,21,300,MET,2025-05-01,no usable strict ordinary-day match
quarterly_earnings,protective_put,21,300,LLY,2025-05-02,no usable strict ordinary-day match
quarterly_earnings,protective_put,21,300,FDX,2025-06-25,no usable strict ordinary-day match
quarterly_earnings,protective_put,21,300,BLK,2025-07-16,no usable strict ordinary-day match
quarterly_earnings,protective_put,21,300,BAC,2025-07-17,no usable strict ordinary-day match
quarterly_earnings,protective_put,21,300,PEP,2025-07-18,unusable event quote or stock
quarterly_earnings,protective_put,21,300,MMM,2025-07-21,no usable strict ordinary-day match
quarterly_earnings,protective_put,21,300,PM,2025-07-23,unusable event quote or stock
quarterly_earnings,protective_put,21,300,BKNG,2025-07-30,no usable strict ordinary-day match
quarterly_earnings,protective_put,21,300,MRK,2025-07-30,no usable strict ordinary-day match
quarterly_earnings,protective_put,21,300,MET,2025-08-07,no usable strict ordinary-day match
quarterly_earnings,protective_put,21,300,PEP,2025-10-10,no usable strict ordinary-day match
quarterly_earnings,protective_put,21,300,JPM,2025-10-15,no usable strict ordinary-day match
quarterly_earnings,protective_put,21,300,BLK,2025-10-15,no usable strict ordinary-day match
quarterly_earnings,protective_put,21,300,JNJ,2025-10-15,no usable strict ordinary-day match
quarterly_earnings,protective_put,21,300,BAC,2025-10-16,no usable strict ordinary-day match
quarterly_earnings,protective_put,21,300,AXP,2025-10-20,no usable strict ordinary-day match
quarterly_earnings,protective_put,21,300,KO,2025-10-22,no usable strict ordinary-day match
quarterly_earnings,protective_put,21,300,PM,2025-10-22,no usable strict ordinary-day match
quarterly_earnings,protective_put,21,300,BKNG,2025-10-29,unusable event quote or stock
quarterly_earnings,protective_put,21,300,MRK,2025-10-31,unusable event quote or stock
quarterly_earnings,protective_put,21,300,XOM,2025-11-03,no usable strict ordinary-day match
quarterly_earnings,protective_put,21,300,CVX,2025-11-03,unusable event quote or stock
quarterly_earnings,protective_put,21,300,MET,2025-11-06,no usable strict ordinary-day match
quarterly_earnings,protective_put,21,300,FDX,2025-12-19,unusable event quote or stock
quarterly_earnings,collar,21,300,BLK,2024-01-16,unusable event quote or stock
quarterly_earnings,collar,21,300,SCHW,2024-01-18,no usable strict ordinary-day match
quarterly_earnings,collar,21,300,MMM,2024-01-24,unusable event quote or stock
quarterly_earnings,collar,21,300,VZ,2024-01-24,no usable strict ordinary-day match
quarterly_earnings,collar,21,300,JNJ,2024-01-24,no usable strict ordinary-day match
quarterly_earnings,collar,21,300,T,2024-01-25,no usable strict ordinary-day match
quarterly_earnings,collar,21,300,MET,2024-02-01,no usable strict ordinary-day match
quarterly_earnings,collar,21,300,HON,2024-02-02,no usable strict ordinary-day match
quarterly_earnings,collar,21,300,MRK,2024-02-02,no usable strict ordinary-day match
quarterly_earnings,collar,21,300,PM,2024-02-09,no usable strict ordinary-day match
quarterly_earnings,collar,21,300,BKNG,2024-02-23,no usable strict ordinary-day match
quarterly_earnings,collar,21,300,FDX,2024-03-22,no usable strict ordinary-day match
quarterly_earnings,collar,21,300,JPM,2024-04-15,no usable strict ordinary-day match
quarterly_earnings,collar,21,300,JNJ,2024-04-17,no usable strict ordinary-day match
quarterly_earnings,collar,21,300,MS,2024-04-17,no usable strict ordinary-day match
quarterly_earnings,collar,21,300,VZ,2024-04-23,no usable strict ordinary-day match
quarterly_earnings,collar,21,300,PEP,2024-04-24,no usable strict ordinary-day match
quarterly_earnings,collar,21,300,PM,2024-04-24,no usable strict ordinary-day match
quarterly_earnings,collar,21,300,T,2024-04-25,no usable strict ordinary-day match
quarterly_earnings,collar,21,300,MRK,2024-04-26,unusable event quote or stock
quarterly_earnings,collar,21,300,XOM,2024-04-29,no usable strict ordinary-day match
quarterly_earnings,collar,21,300,CVX,2024-04-29,no usable strict ordinary-day match
quarterly_earnings,collar,21,300,AMD,2024-05-01,no usable strict ordinary-day match
quarterly_earnings,collar,21,300,LLY,2024-05-01,no usable strict ordinary-day match
quarterly_earnings,collar,21,300,KO,2024-05-01,no usable strict ordinary-day match
quarterly_earnings,collar,21,300,JNJ,2024-05-02,no usable strict ordinary-day match
quarterly_earnings,collar,21,300,MET,2024-05-02,unusable event quote or stock
quarterly_earnings,collar,21,300,BKNG,2024-05-03,unusable event quote or stock
quarterly_earnings,collar,21,300,ADBE,2024-06-14,no usable strict ordinary-day match
quarterly_earnings,collar,21,300,FDX,2024-06-26,no usable strict ordinary-day match
quarterly_earnings,collar,21,300,BLK,2024-07-16,unusable event quote or stock
quarterly_earnings,collar,21,300,JNJ,2024-07-18,no usable strict ordinary-day match
quarterly_earnings,collar,21,300,BLK,2024-07-18,unusable event quote or stock
quarterly_earnings,collar,21,300,VZ,2024-07-23,no usable strict ordinary-day match
quarterly_earnings,collar,21,300,PM,2024-07-24,no usable strict ordinary-day match
quarterly_earnings,collar,21,300,KO,2024-07-24,no usable strict ordinary-day match
quarterly_earnings,collar,21,300,IBM,2024-07-25,no usable strict ordinary-day match
quarterly_earnings,collar,21,300,HON,2024-07-26,no usable strict ordinary-day match
quarterly_earnings,collar,21,300,MRK,2024-07-31,no usable strict ordinary-day match
quarterly_earnings,collar,21,300,MET,2024-08-01,no usable strict ordinary-day match
quarterly_earnings,collar,21,300,BKNG,2024-08-02,unusable event quote or stock
quarterly_earnings,collar,21,300,XOM,2024-08-05,no usable strict ordinary-day match
quarterly_earnings,collar,21,300,LLY,2024-08-09,no usable strict ordinary-day match
quarterly_earnings,collar,21,300,ADBE,2024-09-13,no usable strict ordinary-day match
quarterly_earnings,collar,21,300,JPM,2024-10-14,no usable strict ordinary-day match
quarterly_earnings,collar,21,300,BLK,2024-10-14,no usable strict ordinary-day match
quarterly_earnings,collar,21,300,JNJ,2024-10-16,unusable event quote or stock
quarterly_earnings,collar,21,300,MS,2024-10-17,no usable strict ordinary-day match
quarterly_earnings,collar,21,300,PM,2024-10-23,no usable strict ordinary-day match
quarterly_earnings,collar,21,300,VZ,2024-10-23,no usable strict ordinary-day match
quarterly_earnings,collar,21,300,MMM,2024-10-23,unusable event quote or stock
quarterly_earnings,collar,21,300,IBM,2024-10-24,no usable strict ordinary-day match
quarterly_earnings,collar,21,300,KO,2024-10-24,no usable strict ordinary-day match
quarterly_earnings,collar,21,300,MET,2024-10-31,unusable event quote or stock
quarterly_earnings,collar,21,300,BKNG,2024-10-31,unusable event quote or stock
quarterly_earnings,collar,21,300,CVX,2024-11-04,no usable strict ordinary-day match
quarterly_earnings,collar,21,300,BLK,2025-01-16,unusable event quote or stock
quarterly_earnings,collar,21,300,JNJ,2025-01-23,no usable strict ordinary-day match
quarterly_earnings,collar,21,300,VZ,2025-01-27,no usable strict ordinary-day match
quarterly_earnings,collar,21,300,T,2025-01-28,no usable strict ordinary-day match
quarterly_earnings,collar,21,300,GM,2025-01-29,no usable strict ordinary-day match
quarterly_earnings,collar,21,300,MET,2025-02-06,unusable event quote or stock
quarterly_earnings,collar,21,300,HON,2025-02-07,no usable strict ordinary-day match
quarterly_earnings,collar,21,300,LLY,2025-02-07,no usable strict ordinary-day match
quarterly_earnings,collar,21,300,PM,2025-02-07,no usable strict ordinary-day match
quarterly_earnings,collar,21,300,MS,2025-02-14,no usable strict ordinary-day match
quarterly_earnings,collar,21,300,BKNG,2025-02-21,no usable strict ordinary-day match
quarterly_earnings,collar,21,300,FDX,2025-03-21,no usable strict ordinary-day match
quarterly_earnings,collar,21,300,JPM,2025-04-14,no usable strict ordinary-day match
quarterly_earnings,collar,21,300,BLK,2025-04-14,unusable event quote or stock
quarterly_earnings,collar,21,300,PM,2025-04-24,unusable event quote or stock
quarterly_earnings,collar,21,300,PEP,2025-04-25,no usable strict ordinary-day match
quarterly_earnings,collar,21,300,MRK,2025-04-25,no usable strict ordinary-day match
quarterly_earnings,collar,21,300,BKNG,2025-04-30,no usable strict ordinary-day match
quarterly_earnings,collar,21,300,KO,2025-04-30,no usable strict ordinary-day match
quarterly_earnings,collar,21,300,MET,2025-05-01,no usable strict ordinary-day match
quarterly_earnings,collar,21,300,LLY,2025-05-02,no usable strict ordinary-day match
quarterly_earnings,collar,21,300,FDX,2025-06-25,no usable strict ordinary-day match
quarterly_earnings,collar,21,300,BLK,2025-07-16,no usable strict ordinary-day match
quarterly_earnings,collar,21,300,BAC,2025-07-17,no usable strict ordinary-day match
quarterly_earnings,collar,21,300,PEP,2025-07-18,unusable event quote or stock
quarterly_earnings,collar,21,300,MMM,2025-07-21,no usable strict ordinary-day match
quarterly_earnings,collar,21,300,PM,2025-07-23,unusable event quote or stock
quarterly_earnings,collar,21,300,BKNG,2025-07-30,no usable strict ordinary-day match
quarterly_earnings,collar,21,300,MRK,2025-07-30,no usable strict ordinary-day match
quarterly_earnings,collar,21,300,MET,2025-08-07,no usable strict ordinary-day match
quarterly_earnings,collar,21,300,PEP,2025-10-10,no usable strict ordinary-day match
quarterly_earnings,collar,21,300,JPM,2025-10-15,no usable strict ordinary-day match
quarterly_earnings,collar,21,300,BLK,2025-10-15,no usable strict ordinary-day match
quarterly_earnings,collar,21,300,JNJ,2025-10-15,no usable strict ordinary-day match
quarterly_earnings,collar,21,300,BAC,2025-10-16,no usable strict ordinary-day match
quarterly_earnings,collar,21,300,AXP,2025-10-20,no usable strict ordinary-day match
quarterly_earnings,collar,21,300,KO,2025-10-22,no usable strict ordinary-day match
quarterly_earnings,collar,21,300,PM,2025-10-22,no usable strict ordinary-day match
quarterly_earnings,collar,21,300,BKNG,2025-10-29,unusable event quote or stock
quarterly_earnings,collar,21,300,MRK,2025-10-31,unusable event quote or stock
quarterly_earnings,collar,21,300,XOM,2025-11-03,no usable strict ordinary-day match
quarterly_earnings,collar,21,300,CVX,2025-11-03,unusable event quote or stock
quarterly_earnings,collar,21,300,MET,2025-11-06,unusable event quote or stock
quarterly_earnings,collar,21,300,FDX,2025-12-19,unusable event quote or stock
quarterly_earnings,cash_secured_put,21,300,BLK,2024-01-16,no usable strict ordinary-day match
quarterly_earnings,cash_secured_put,21,300,SCHW,2024-01-18,no usable strict ordinary-day match
quarterly_earnings,cash_secured_put,21,300,MMM,2024-01-24,unusable event quote or stock
quarterly_earnings,cash_secured_put,21,300,VZ,2024-01-24,no usable strict ordinary-day match
quarterly_earnings,cash_secured_put,21,300,JNJ,2024-01-24,no usable strict ordinary-day match
quarterly_earnings,cash_secured_put,21,300,T,2024-01-25,no usable strict ordinary-day match
quarterly_earnings,cash_secured_put,21,300,MET,2024-02-01,no usable strict ordinary-day match
quarterly_earnings,cash_secured_put,21,300,HON,2024-02-02,no usable strict ordinary-day match
quarterly_earnings,cash_secured_put,21,300,MRK,2024-02-02,no usable strict ordinary-day match
quarterly_earnings,cash_secured_put,21,300,PM,2024-02-09,no usable strict ordinary-day match
quarterly_earnings,cash_secured_put,21,300,BKNG,2024-02-23,no usable strict ordinary-day match
quarterly_earnings,cash_secured_put,21,300,FDX,2024-03-22,no usable strict ordinary-day match
quarterly_earnings,cash_secured_put,21,300,JPM,2024-04-15,no usable strict ordinary-day match
quarterly_earnings,cash_secured_put,21,300,JNJ,2024-04-17,no usable strict ordinary-day match
quarterly_earnings,cash_secured_put,21,300,MS,2024-04-17,no usable strict ordinary-day match
quarterly_earnings,cash_secured_put,21,300,VZ,2024-04-23,no usable strict ordinary-day match
quarterly_earnings,cash_secured_put,21,300,PEP,2024-04-24,no usable strict ordinary-day match
quarterly_earnings,cash_secured_put,21,300,PM,2024-04-24,no usable strict ordinary-day match
quarterly_earnings,cash_secured_put,21,300,T,2024-04-25,no usable strict ordinary-day match
quarterly_earnings,cash_secured_put,21,300,MRK,2024-04-26,unusable event quote or stock
quarterly_earnings,cash_secured_put,21,300,XOM,2024-04-29,no usable strict ordinary-day match
quarterly_earnings,cash_secured_put,21,300,CVX,2024-04-29,no usable strict ordinary-day match
quarterly_earnings,cash_secured_put,21,300,AMD,2024-05-01,no usable strict ordinary-day match
quarterly_earnings,cash_secured_put,21,300,LLY,2024-05-01,no usable strict ordinary-day match
quarterly_earnings,cash_secured_put,21,300,KO,2024-05-01,no usable strict ordinary-day match
quarterly_earnings,cash_secured_put,21,300,JNJ,2024-05-02,no usable strict ordinary-day match
quarterly_earnings,cash_secured_put,21,300,MET,2024-05-02,unusable event quote or stock
quarterly_earnings,cash_secured_put,21,300,BKNG,2024-05-03,unusable event quote or stock
quarterly_earnings,cash_secured_put,21,300,ADBE,2024-06-14,no usable strict ordinary-day match
quarterly_earnings,cash_secured_put,21,300,FDX,2024-06-26,no usable strict ordinary-day match
quarterly_earnings,cash_secured_put,21,300,BLK,2024-07-16,unusable event quote or stock
quarterly_earnings,cash_secured_put,21,300,JNJ,2024-07-18,no usable strict ordinary-day match
quarterly_earnings,cash_secured_put,21,300,BLK,2024-07-18,unusable event quote or stock
quarterly_earnings,cash_secured_put,21,300,VZ,2024-07-23,no usable strict ordinary-day match
quarterly_earnings,cash_secured_put,21,300,PM,2024-07-24,no usable strict ordinary-day match
quarterly_earnings,cash_secured_put,21,300,KO,2024-07-24,no usable strict ordinary-day match
quarterly_earnings,cash_secured_put,21,300,IBM,2024-07-25,no usable strict ordinary-day match
quarterly_earnings,cash_secured_put,21,300,HON,2024-07-26,no usable strict ordinary-day match
quarterly_earnings,cash_secured_put,21,300,MRK,2024-07-31,no usable strict ordinary-day match
quarterly_earnings,cash_secured_put,21,300,MET,2024-08-01,no usable strict ordinary-day match
quarterly_earnings,cash_secured_put,21,300,BKNG,2024-08-02,unusable event quote or stock
quarterly_earnings,cash_secured_put,21,300,XOM,2024-08-05,no usable strict ordinary-day match
quarterly_earnings,cash_secured_put,21,300,LLY,2024-08-09,no usable strict ordinary-day match
quarterly_earnings,cash_secured_put,21,300,ADBE,2024-09-13,no usable strict ordinary-day match
quarterly_earnings,cash_secured_put,21,300,JPM,2024-10-14,no usable strict ordinary-day match
quarterly_earnings,cash_secured_put,21,300,BLK,2024-10-14,no usable strict ordinary-day match
quarterly_earnings,cash_secured_put,21,300,JNJ,2024-10-16,no usable strict ordinary-day match
quarterly_earnings,cash_secured_put,21,300,MS,2024-10-17,no usable strict ordinary-day match
quarterly_earnings,cash_secured_put,21,300,PM,2024-10-23,no usable strict ordinary-day match
quarterly_earnings,cash_secured_put,21,300,VZ,2024-10-23,no usable strict ordinary-day match
quarterly_earnings,cash_secured_put,21,300,MMM,2024-10-23,unusable event quote or stock
quarterly_earnings,cash_secured_put,21,300,IBM,2024-10-24,no usable strict ordinary-day match
quarterly_earnings,cash_secured_put,21,300,KO,2024-10-24,no usable strict ordinary-day match
quarterly_earnings,cash_secured_put,21,300,MET,2024-10-31,unusable event quote or stock
quarterly_earnings,cash_secured_put,21,300,BKNG,2024-10-31,unusable event quote or stock
quarterly_earnings,cash_secured_put,21,300,CVX,2024-11-04,no usable strict ordinary-day match
quarterly_earnings,cash_secured_put,21,300,BLK,2025-01-16,unusable event quote or stock
quarterly_earnings,cash_secured_put,21,300,JNJ,2025-01-23,no usable strict ordinary-day match
quarterly_earnings,cash_secured_put,21,300,VZ,2025-01-27,no usable strict ordinary-day match
quarterly_earnings,cash_secured_put,21,300,T,2025-01-28,no usable strict ordinary-day match
quarterly_earnings,cash_secured_put,21,300,GM,2025-01-29,no usable strict ordinary-day match
quarterly_earnings,cash_secured_put,21,300,MET,2025-02-06,unusable event quote or stock
quarterly_earnings,cash_secured_put,21,300,HON,2025-02-07,no usable strict ordinary-day match
quarterly_earnings,cash_secured_put,21,300,LLY,2025-02-07,no usable strict ordinary-day match
quarterly_earnings,cash_secured_put,21,300,PM,2025-02-07,no usable strict ordinary-day match
quarterly_earnings,cash_secured_put,21,300,MS,2025-02-14,no usable strict ordinary-day match
quarterly_earnings,cash_secured_put,21,300,BKNG,2025-02-21,no usable strict ordinary-day match
quarterly_earnings,cash_secured_put,21,300,FDX,2025-03-21,no usable strict ordinary-day match
quarterly_earnings,cash_secured_put,21,300,JPM,2025-04-14,no usable strict ordinary-day match
quarterly_earnings,cash_secured_put,21,300,BLK,2025-04-14,unusable event quote or stock
quarterly_earnings,cash_secured_put,21,300,PM,2025-04-24,unusable event quote or stock
quarterly_earnings,cash_secured_put,21,300,PEP,2025-04-25,no usable strict ordinary-day match
quarterly_earnings,cash_secured_put,21,300,MRK,2025-04-25,no usable strict ordinary-day match
quarterly_earnings,cash_secured_put,21,300,BKNG,2025-04-30,no usable strict ordinary-day match
quarterly_earnings,cash_secured_put,21,300,KO,2025-04-30,no usable strict ordinary-day match
quarterly_earnings,cash_secured_put,21,300,MET,2025-05-01,no usable strict ordinary-day match
quarterly_earnings,cash_secured_put,21,300,LLY,2025-05-02,no usable strict ordinary-day match
quarterly_earnings,cash_secured_put,21,300,FDX,2025-06-25,no usable strict ordinary-day match
quarterly_earnings,cash_secured_put,21,300,BLK,2025-07-16,no usable strict ordinary-day match
quarterly_earnings,cash_secured_put,21,300,BAC,2025-07-17,no usable strict ordinary-day match
quarterly_earnings,cash_secured_put,21,300,PEP,2025-07-18,unusable event quote or stock
quarterly_earnings,cash_secured_put,21,300,MMM,2025-07-21,no usable strict ordinary-day match
quarterly_earnings,cash_secured_put,21,300,PM,2025-07-23,unusable event quote or stock
quarterly_earnings,cash_secured_put,21,300,BKNG,2025-07-30,no usable strict ordinary-day match
quarterly_earnings,cash_secured_put,21,300,MRK,2025-07-30,no usable strict ordinary-day match
quarterly_earnings,cash_secured_put,21,300,MET,2025-08-07,no usable strict ordinary-day match
quarterly_earnings,cash_secured_put,21,300,PEP,2025-10-10,no usable strict ordinary-day match
quarterly_earnings,cash_secured_put,21,300,JPM,2025-10-15,no usable strict ordinary-day match
quarterly_earnings,cash_secured_put,21,300,BLK,2025-10-15,no usable strict ordinary-day match
quarterly_earnings,cash_secured_put,21,300,JNJ,2025-10-15,no usable strict ordinary-day match
quarterly_earnings,cash_secured_put,21,300,BAC,2025-10-16,no usable strict ordinary-day match
quarterly_earnings,cash_secured_put,21,300,AXP,2025-10-20,no usable strict ordinary-day match
quarterly_earnings,cash_secured_put,21,300,KO,2025-10-22,no usable strict ordinary-day match
quarterly_earnings,cash_secured_put,21,300,PM,2025-10-22,no usable strict ordinary-day match
quarterly_earnings,cash_secured_put,21,300,BKNG,2025-10-29,unusable event quote or stock
quarterly_earnings,cash_secured_put,21,300,MRK,2025-10-31,unusable event quote or stock
quarterly_earnings,cash_secured_put,21,300,XOM,2025-11-03,no usable strict ordinary-day match
quarterly_earnings,cash_secured_put,21,300,CVX,2025-11-03,unusable event quote or stock
quarterly_earnings,cash_secured_put,21,300,MET,2025-11-06,no usable strict ordinary-day match
quarterly_earnings,cash_secured_put,21,300,FDX,2025-12-19,unusable event quote or stock
shareholder_proposal_outcome,long_call,21,60,INTU,2024-01-23,no usable strict ordinary-day match
shareholder_proposal_outcome,long_call,21,60,EMR,2024-02-12,unusable event quote or stock
shareholder_proposal_outcome,long_call,21,60,DE,2024-03-04,no usable strict ordinary-day match
shareholder_proposal_outcome,long_call,21,60,SBUX,2024-03-18,no usable strict ordinary-day match
shareholder_proposal_outcome,long_call,21,60,BK,2024-04-11,no usable strict ordinary-day match
shareholder_proposal_outcome,long_call,21,60,GS,2024-04-26,no usable strict ordinary-day match
shareholder_proposal_outcome,long_call,21,60,BAC,2024-04-29,no usable strict ordinary-day match
shareholder_proposal_outcome,long_call,21,60,PFE,2024-04-30,no usable strict ordinary-day match
shareholder_proposal_outcome,long_call,21,60,C,2024-05-03,no usable strict ordinary-day match
shareholder_proposal_outcome,long_call,21,60,LMT,2024-05-06,no usable strict ordinary-day match
shareholder_proposal_outcome,long_call,21,60,COF,2024-05-06,no usable strict ordinary-day match
shareholder_proposal_outcome,long_call,21,60,GD,2024-05-06,unusable event quote or stock
shareholder_proposal_outcome,long_call,21,60,UPS,2024-05-07,no usable strict ordinary-day match
shareholder_proposal_outcome,long_call,21,60,DHR,2024-05-10,no usable strict ordinary-day match
shareholder_proposal_outcome,long_call,21,60,BMY,2024-05-10,no usable strict ordinary-day match
shareholder_proposal_outcome,long_call,21,60,INTC,2024-05-10,no usable strict ordinary-day match
shareholder_proposal_outcome,long_call,21,60,LLY,2024-05-10,no usable strict ordinary-day match
shareholder_proposal_outcome,long_call,21,60,UBER,2024-05-13,no usable strict ordinary-day match
shareholder_proposal_outcome,long_call,21,60,AMD,2024-05-14,no usable strict ordinary-day match
shareholder_proposal_outcome,long_call,21,60,CL,2024-05-16,no usable strict ordinary-day match
shareholder_proposal_outcome,long_call,21,60,MMM,2024-05-17,unusable event quote or stock
shareholder_proposal_outcome,long_call,21,60,BLK,2024-05-20,unusable event quote or stock
shareholder_proposal_outcome,long_call,21,60,MO,2024-05-21,no usable strict ordinary-day match
shareholder_proposal_outcome,long_call,21,60,T,2024-05-22,no usable strict ordinary-day match
shareholder_proposal_outcome,long_call,21,60,MDLZ,2024-05-23,unusable event quote or stock
shareholder_proposal_outcome,long_call,21,60,JPM,2024-05-24,no usable strict ordinary-day match
shareholder_proposal_outcome,long_call,21,60,MCD,2024-05-28,no usable strict ordinary-day match
shareholder_proposal_outcome,long_call,21,60,TMO,2024-05-28,no usable strict ordinary-day match
shareholder_proposal_outcome,long_call,21,60,SO,2024-05-28,unusable event quote or stock
shareholder_proposal_outcome,long_call,21,60,MS,2024-05-28,no usable strict ordinary-day match
shareholder_proposal_outcome,long_call,21,60,NEE,2024-05-29,no usable strict ordinary-day match
shareholder_proposal_outcome,long_call,21,60,META,2024-06-03,unusable event quote or stock
shareholder_proposal_outcome,long_call,21,60,CVX,2024-06-03,unusable event quote or stock
shareholder_proposal_outcome,long_call,21,60,BKNG,2024-06-06,unusable event quote or stock
shareholder_proposal_outcome,long_call,21,60,UNH,2024-06-10,no usable strict ordinary-day match
shareholder_proposal_outcome,long_call,21,60,CMCSA,2024-06-13,no usable strict ordinary-day match
shareholder_proposal_outcome,long_call,21,60,GOOGL,2024-06-14,no usable strict ordinary-day match
shareholder_proposal_outcome,long_call,21,60,TSLA,2024-06-17,no usable strict ordinary-day match
shareholder_proposal_outcome,long_call,21,60,CRM,2024-07-02,no usable strict ordinary-day match
shareholder_proposal_outcome,long_call,21,60,PG,2024-10-11,no usable strict ordinary-day match
shareholder_proposal_outcome,long_call,21,60,ORCL,2024-11-19,no usable strict ordinary-day match
shareholder_proposal_outcome,long_call,21,60,COST,2025-01-28,unusable event quote or stock
shareholder_proposal_outcome,long_call,21,60,AAPL,2025-02-26,no usable strict ordinary-day match
shareholder_proposal_outcome,long_call,21,60,DE,2025-03-03,unusable event quote or stock
shareholder_proposal_outcome,long_call,21,60,SBUX,2025-03-17,no usable strict ordinary-day match
shareholder_proposal_outcome,long_call,21,60,JNJ,2025-05-01,no usable strict ordinary-day match
shareholder_proposal_outcome,long_call,21,60,C,2025-05-02,no usable strict ordinary-day match
shareholder_proposal_outcome,long_call,21,60,AXP,2025-05-02,no usable strict ordinary-day match
shareholder_proposal_outcome,long_call,21,60,KO,2025-05-05,no usable strict ordinary-day match
shareholder_proposal_outcome,long_call,21,60,DUK,2025-05-06,no usable strict ordinary-day match
shareholder_proposal_outcome,long_call,21,60,BMY,2025-05-08,no usable strict ordinary-day match
shareholder_proposal_outcome,long_call,21,60,COF,2025-05-09,unusable event quote or stock
shareholder_proposal_outcome,long_call,21,60,GILD,2025-05-09,no usable strict ordinary-day match
shareholder_proposal_outcome,long_call,21,60,UNP,2025-05-12,unusable event quote or stock
shareholder_proposal_outcome,long_call,21,60,GD,2025-05-12,unusable event quote or stock
shareholder_proposal_outcome,long_call,21,60,UPS,2025-05-13,no usable strict ordinary-day match
shareholder_proposal_outcome,long_call,21,60,CL,2025-05-15,unusable event quote or stock
shareholder_proposal_outcome,long_call,21,60,BLK,2025-05-19,unusable event quote or stock
shareholder_proposal_outcome,long_call,21,60,AMD,2025-05-19,no usable strict ordinary-day match
shareholder_proposal_outcome,long_call,21,60,MS,2025-05-19,no usable strict ordinary-day match
shareholder_proposal_outcome,long_call,21,60,CVS,2025-05-21,unusable event quote or stock
shareholder_proposal_outcome,long_call,21,60,JPM,2025-05-23,no usable strict ordinary-day match
shareholder_proposal_outcome,long_call,21,60,HON,2025-05-27,unusable event quote or stock
shareholder_proposal_outcome,long_call,21,60,MDLZ,2025-05-28,no usable strict ordinary-day match
shareholder_proposal_outcome,long_call,21,60,SO,2025-05-28,no usable strict ordinary-day match
shareholder_proposal_outcome,long_call,21,60,VZ,2025-05-29,no usable strict ordinary-day match
shareholder_proposal_outcome,long_call,21,60,TMO,2025-05-29,no usable strict ordinary-day match
shareholder_proposal_outcome,long_call,21,60,MRK,2025-05-30,no usable strict ordinary-day match
shareholder_proposal_outcome,long_call,21,60,BKNG,2025-06-05,no usable strict ordinary-day match
shareholder_proposal_outcome,long_call,21,60,UNH,2025-06-05,no usable strict ordinary-day match
shareholder_proposal_outcome,long_call,21,60,GM,2025-06-06,no usable strict ordinary-day match
shareholder_proposal_outcome,long_call,21,60,NFLX,2025-06-09,no usable strict ordinary-day match
shareholder_proposal_outcome,long_call,21,60,WMT,2025-06-09,no usable strict ordinary-day match
shareholder_proposal_outcome,long_call,21,60,CAT,2025-06-13,unusable event quote or stock
shareholder_proposal_outcome,long_call,21,60,GOOGL,2025-06-13,no usable strict ordinary-day match
shareholder_proposal_outcome,long_call,21,60,TGT,2025-06-16,no usable strict ordinary-day match
shareholder_proposal_outcome,long_call,21,60,CMCSA,2025-06-23,no usable strict ordinary-day match
shareholder_proposal_outcome,long_call,21,60,FDX,2025-10-03,unusable event quote or stock
shareholder_proposal_outcome,long_call,21,60,MSFT,2025-12-09,no usable strict ordinary-day match
shareholder_proposal_outcome,covered_call,21,60,INTU,2024-01-23,no usable strict ordinary-day match
shareholder_proposal_outcome,covered_call,21,60,EMR,2024-02-12,no usable strict ordinary-day match
shareholder_proposal_outcome,covered_call,21,60,DE,2024-03-04,no usable strict ordinary-day match
shareholder_proposal_outcome,covered_call,21,60,SBUX,2024-03-18,no usable strict ordinary-day match
shareholder_proposal_outcome,covered_call,21,60,BK,2024-04-11,unusable event quote or stock
shareholder_proposal_outcome,covered_call,21,60,GS,2024-04-26,no usable strict ordinary-day match
shareholder_proposal_outcome,covered_call,21,60,BAC,2024-04-29,no usable strict ordinary-day match
shareholder_proposal_outcome,covered_call,21,60,PFE,2024-04-30,no usable strict ordinary-day match
shareholder_proposal_outcome,covered_call,21,60,C,2024-05-03,no usable strict ordinary-day match
shareholder_proposal_outcome,covered_call,21,60,LMT,2024-05-06,no usable strict ordinary-day match
shareholder_proposal_outcome,covered_call,21,60,COF,2024-05-06,no usable strict ordinary-day match
shareholder_proposal_outcome,covered_call,21,60,GD,2024-05-06,unusable event quote or stock
shareholder_proposal_outcome,covered_call,21,60,UPS,2024-05-07,no usable strict ordinary-day match
shareholder_proposal_outcome,covered_call,21,60,DHR,2024-05-10,no usable strict ordinary-day match
shareholder_proposal_outcome,covered_call,21,60,BMY,2024-05-10,no usable strict ordinary-day match
shareholder_proposal_outcome,covered_call,21,60,INTC,2024-05-10,no usable strict ordinary-day match
shareholder_proposal_outcome,covered_call,21,60,LLY,2024-05-10,no usable strict ordinary-day match
shareholder_proposal_outcome,covered_call,21,60,UBER,2024-05-13,no usable strict ordinary-day match
shareholder_proposal_outcome,covered_call,21,60,UNP,2024-05-13,unusable event quote or stock
shareholder_proposal_outcome,covered_call,21,60,VZ,2024-05-14,unusable event quote or stock
shareholder_proposal_outcome,covered_call,21,60,AMD,2024-05-14,no usable strict ordinary-day match
shareholder_proposal_outcome,covered_call,21,60,CL,2024-05-16,no usable strict ordinary-day match
shareholder_proposal_outcome,covered_call,21,60,MMM,2024-05-17,unusable event quote or stock
shareholder_proposal_outcome,covered_call,21,60,COP,2024-05-17,no usable strict ordinary-day match
shareholder_proposal_outcome,covered_call,21,60,BLK,2024-05-20,unusable event quote or stock
shareholder_proposal_outcome,covered_call,21,60,MO,2024-05-21,unusable event quote or stock
shareholder_proposal_outcome,covered_call,21,60,T,2024-05-22,unusable event quote or stock
shareholder_proposal_outcome,covered_call,21,60,MDLZ,2024-05-23,unusable event quote or stock
shareholder_proposal_outcome,covered_call,21,60,JPM,2024-05-24,no usable strict ordinary-day match
shareholder_proposal_outcome,covered_call,21,60,MCD,2024-05-28,no usable strict ordinary-day match
shareholder_proposal_outcome,covered_call,21,60,TMO,2024-05-28,no usable strict ordinary-day match
shareholder_proposal_outcome,covered_call,21,60,SO,2024-05-28,no usable strict ordinary-day match
shareholder_proposal_outcome,covered_call,21,60,MS,2024-05-28,no usable strict ordinary-day match
shareholder_proposal_outcome,covered_call,21,60,NEE,2024-05-29,no usable strict ordinary-day match
shareholder_proposal_outcome,covered_call,21,60,SCHW,2024-05-30,no usable strict ordinary-day match
shareholder_proposal_outcome,covered_call,21,60,META,2024-06-03,unusable event quote or stock
shareholder_proposal_outcome,covered_call,21,60,CVX,2024-06-03,unusable event quote or stock
shareholder_proposal_outcome,covered_call,21,60,BKNG,2024-06-06,unusable event quote or stock
shareholder_proposal_outcome,covered_call,21,60,UNH,2024-06-10,no usable strict ordinary-day match
shareholder_proposal_outcome,covered_call,21,60,CMCSA,2024-06-13,no usable strict ordinary-day match
shareholder_proposal_outcome,covered_call,21,60,GOOGL,2024-06-14,no usable strict ordinary-day match
shareholder_proposal_outcome,covered_call,21,60,TSLA,2024-06-17,no usable strict ordinary-day match
shareholder_proposal_outcome,covered_call,21,60,CRM,2024-07-02,no usable strict ordinary-day match
shareholder_proposal_outcome,covered_call,21,60,PG,2024-10-11,unusable event quote or stock
shareholder_proposal_outcome,covered_call,21,60,ORCL,2024-11-19,no usable strict ordinary-day match
shareholder_proposal_outcome,covered_call,21,60,COST,2025-01-28,unusable event quote or stock
shareholder_proposal_outcome,covered_call,21,60,AAPL,2025-02-26,no usable strict ordinary-day match
shareholder_proposal_outcome,covered_call,21,60,DE,2025-03-03,unusable event quote or stock
shareholder_proposal_outcome,covered_call,21,60,SBUX,2025-03-17,no usable strict ordinary-day match
shareholder_proposal_outcome,covered_call,21,60,PFE,2025-04-29,unusable event quote or stock
shareholder_proposal_outcome,covered_call,21,60,JNJ,2025-05-01,no usable strict ordinary-day match
shareholder_proposal_outcome,covered_call,21,60,C,2025-05-02,no usable strict ordinary-day match
shareholder_proposal_outcome,covered_call,21,60,AXP,2025-05-02,no usable strict ordinary-day match
shareholder_proposal_outcome,covered_call,21,60,KO,2025-05-05,no usable strict ordinary-day match
shareholder_proposal_outcome,covered_call,21,60,DUK,2025-05-06,unusable event quote or stock
shareholder_proposal_outcome,covered_call,21,60,BMY,2025-05-08,no usable strict ordinary-day match
shareholder_proposal_outcome,covered_call,21,60,COF,2025-05-09,unusable event quote or stock
shareholder_proposal_outcome,covered_call,21,60,GILD,2025-05-09,no usable strict ordinary-day match
shareholder_proposal_outcome,covered_call,21,60,UNP,2025-05-12,unusable event quote or stock
shareholder_proposal_outcome,covered_call,21,60,INTC,2025-05-12,unusable event quote or stock
shareholder_proposal_outcome,covered_call,21,60,GD,2025-05-12,unusable event quote or stock
shareholder_proposal_outcome,covered_call,21,60,UPS,2025-05-13,no usable strict ordinary-day match
shareholder_proposal_outcome,covered_call,21,60,CL,2025-05-15,no usable strict ordinary-day match
shareholder_proposal_outcome,covered_call,21,60,BLK,2025-05-19,unusable event quote or stock
shareholder_proposal_outcome,covered_call,21,60,AMD,2025-05-19,no usable strict ordinary-day match
shareholder_proposal_outcome,covered_call,21,60,MS,2025-05-19,no usable strict ordinary-day match
shareholder_proposal_outcome,covered_call,21,60,CVS,2025-05-21,no usable strict ordinary-day match
shareholder_proposal_outcome,covered_call,21,60,JPM,2025-05-23,no usable strict ordinary-day match
shareholder_proposal_outcome,covered_call,21,60,HON,2025-05-27,unusable event quote or stock
shareholder_proposal_outcome,covered_call,21,60,MDLZ,2025-05-28,no usable strict ordinary-day match
shareholder_proposal_outcome,covered_call,21,60,SO,2025-05-28,no usable strict ordinary-day match
shareholder_proposal_outcome,covered_call,21,60,VZ,2025-05-29,no usable strict ordinary-day match
shareholder_proposal_outcome,covered_call,21,60,TMO,2025-05-29,no usable strict ordinary-day match
shareholder_proposal_outcome,covered_call,21,60,MRK,2025-05-30,no usable strict ordinary-day match
shareholder_proposal_outcome,covered_call,21,60,BKNG,2025-06-05,no usable strict ordinary-day match
shareholder_proposal_outcome,covered_call,21,60,UNH,2025-06-05,no usable strict ordinary-day match
shareholder_proposal_outcome,covered_call,21,60,GM,2025-06-06,no usable strict ordinary-day match
shareholder_proposal_outcome,covered_call,21,60,NFLX,2025-06-09,no usable strict ordinary-day match
shareholder_proposal_outcome,covered_call,21,60,WMT,2025-06-09,no usable strict ordinary-day match
shareholder_proposal_outcome,covered_call,21,60,CAT,2025-06-13,no usable strict ordinary-day match
shareholder_proposal_outcome,covered_call,21,60,GOOGL,2025-06-13,no usable strict ordinary-day match
shareholder_proposal_outcome,covered_call,21,60,TGT,2025-06-16,no usable strict ordinary-day match
shareholder_proposal_outcome,covered_call,21,60,CMCSA,2025-06-23,no usable strict ordinary-day match
shareholder_proposal_outcome,covered_call,21,60,FDX,2025-10-03,unusable event quote or stock
shareholder_proposal_outcome,covered_call,21,60,MSFT,2025-12-09,no usable strict ordinary-day match
shareholder_proposal_outcome,protective_put,21,60,INTU,2024-01-23,no usable strict ordinary-day match
shareholder_proposal_outcome,protective_put,21,60,EMR,2024-02-12,no usable strict ordinary-day match
shareholder_proposal_outcome,protective_put,21,60,DE,2024-03-04,no usable strict ordinary-day match
shareholder_proposal_outcome,protective_put,21,60,SBUX,2024-03-18,no usable strict ordinary-day match
shareholder_proposal_outcome,protective_put,21,60,BK,2024-04-11,no usable strict ordinary-day match
shareholder_proposal_outcome,protective_put,21,60,GS,2024-04-26,no usable strict ordinary-day match
shareholder_proposal_outcome,protective_put,21,60,BAC,2024-04-29,no usable strict ordinary-day match
shareholder_proposal_outcome,protective_put,21,60,PFE,2024-04-30,no usable strict ordinary-day match
shareholder_proposal_outcome,protective_put,21,60,C,2024-05-03,no usable strict ordinary-day match
shareholder_proposal_outcome,protective_put,21,60,LMT,2024-05-06,no usable strict ordinary-day match
shareholder_proposal_outcome,protective_put,21,60,COF,2024-05-06,unusable event quote or stock
shareholder_proposal_outcome,protective_put,21,60,GD,2024-05-06,unusable event quote or stock
shareholder_proposal_outcome,protective_put,21,60,UPS,2024-05-07,no usable strict ordinary-day match
shareholder_proposal_outcome,protective_put,21,60,DHR,2024-05-10,no usable strict ordinary-day match
shareholder_proposal_outcome,protective_put,21,60,GILD,2024-05-10,unusable event quote or stock
shareholder_proposal_outcome,protective_put,21,60,BMY,2024-05-10,no usable strict ordinary-day match
shareholder_proposal_outcome,protective_put,21,60,INTC,2024-05-10,no usable strict ordinary-day match
shareholder_proposal_outcome,protective_put,21,60,LLY,2024-05-10,no usable strict ordinary-day match
shareholder_proposal_outcome,protective_put,21,60,UBER,2024-05-13,no usable strict ordinary-day match
shareholder_proposal_outcome,protective_put,21,60,AMD,2024-05-14,no usable strict ordinary-day match
shareholder_proposal_outcome,protective_put,21,60,CL,2024-05-16,unusable event quote or stock
shareholder_proposal_outcome,protective_put,21,60,MMM,2024-05-17,unusable event quote or stock
shareholder_proposal_outcome,protective_put,21,60,BLK,2024-05-20,unusable event quote or stock
shareholder_proposal_outcome,protective_put,21,60,MO,2024-05-21,unusable event quote or stock
shareholder_proposal_outcome,protective_put,21,60,T,2024-05-22,unusable event quote or stock
shareholder_proposal_outcome,protective_put,21,60,MDLZ,2024-05-23,unusable event quote or stock
shareholder_proposal_outcome,protective_put,21,60,JPM,2024-05-24,no usable strict ordinary-day match
shareholder_proposal_outcome,protective_put,21,60,MCD,2024-05-28,no usable strict ordinary-day match
shareholder_proposal_outcome,protective_put,21,60,TMO,2024-05-28,no usable strict ordinary-day match
shareholder_proposal_outcome,protective_put,21,60,SO,2024-05-28,unusable event quote or stock
shareholder_proposal_outcome,protective_put,21,60,MS,2024-05-28,no usable strict ordinary-day match
shareholder_proposal_outcome,protective_put,21,60,NEE,2024-05-29,no usable strict ordinary-day match
shareholder_proposal_outcome,protective_put,21,60,SCHW,2024-05-30,no usable strict ordinary-day match
shareholder_proposal_outcome,protective_put,21,60,META,2024-06-03,unusable event quote or stock
shareholder_proposal_outcome,protective_put,21,60,CVX,2024-06-03,unusable event quote or stock
shareholder_proposal_outcome,protective_put,21,60,BKNG,2024-06-06,unusable event quote or stock
shareholder_proposal_outcome,protective_put,21,60,UNH,2024-06-10,no usable strict ordinary-day match
shareholder_proposal_outcome,protective_put,21,60,CMCSA,2024-06-13,no usable strict ordinary-day match
shareholder_proposal_outcome,protective_put,21,60,GOOGL,2024-06-14,no usable strict ordinary-day match
shareholder_proposal_outcome,protective_put,21,60,TSLA,2024-06-17,no usable strict ordinary-day match
shareholder_proposal_outcome,protective_put,21,60,CRM,2024-07-02,no usable strict ordinary-day match
shareholder_proposal_outcome,protective_put,21,60,PG,2024-10-11,no usable strict ordinary-day match
shareholder_proposal_outcome,protective_put,21,60,ORCL,2024-11-19,no usable strict ordinary-day match
shareholder_proposal_outcome,protective_put,21,60,COST,2025-01-28,unusable event quote or stock
shareholder_proposal_outcome,protective_put,21,60,AAPL,2025-02-26,no usable strict ordinary-day match
shareholder_proposal_outcome,protective_put,21,60,DE,2025-03-03,unusable event quote or stock
shareholder_proposal_outcome,protective_put,21,60,SBUX,2025-03-17,no usable strict ordinary-day match
shareholder_proposal_outcome,protective_put,21,60,PFE,2025-04-29,no usable strict ordinary-day match
shareholder_proposal_outcome,protective_put,21,60,JNJ,2025-05-01,no usable strict ordinary-day match
shareholder_proposal_outcome,protective_put,21,60,C,2025-05-02,no usable strict ordinary-day match
shareholder_proposal_outcome,protective_put,21,60,AXP,2025-05-02,no usable strict ordinary-day match
shareholder_proposal_outcome,protective_put,21,60,KO,2025-05-05,no usable strict ordinary-day match
shareholder_proposal_outcome,protective_put,21,60,DUK,2025-05-06,unusable event quote or stock
shareholder_proposal_outcome,protective_put,21,60,BMY,2025-05-08,no usable strict ordinary-day match
shareholder_proposal_outcome,protective_put,21,60,GILD,2025-05-09,no usable strict ordinary-day match
shareholder_proposal_outcome,protective_put,21,60,UNP,2025-05-12,unusable event quote or stock
shareholder_proposal_outcome,protective_put,21,60,GD,2025-05-12,unusable event quote or stock
shareholder_proposal_outcome,protective_put,21,60,UPS,2025-05-13,no usable strict ordinary-day match
shareholder_proposal_outcome,protective_put,21,60,CL,2025-05-15,unusable event quote or stock
shareholder_proposal_outcome,protective_put,21,60,BLK,2025-05-19,unusable event quote or stock
shareholder_proposal_outcome,protective_put,21,60,AMD,2025-05-19,no usable strict ordinary-day match
shareholder_proposal_outcome,protective_put,21,60,MS,2025-05-19,no usable strict ordinary-day match
shareholder_proposal_outcome,protective_put,21,60,CVS,2025-05-21,no usable strict ordinary-day match
shareholder_proposal_outcome,protective_put,21,60,JPM,2025-05-23,no usable strict ordinary-day match
shareholder_proposal_outcome,protective_put,21,60,HON,2025-05-27,no usable strict ordinary-day match
shareholder_proposal_outcome,protective_put,21,60,MDLZ,2025-05-28,unusable event quote or stock
shareholder_proposal_outcome,protective_put,21,60,SO,2025-05-28,no usable strict ordinary-day match
shareholder_proposal_outcome,protective_put,21,60,VZ,2025-05-29,no usable strict ordinary-day match
shareholder_proposal_outcome,protective_put,21,60,TMO,2025-05-29,unusable event quote or stock
shareholder_proposal_outcome,protective_put,21,60,MRK,2025-05-30,no usable strict ordinary-day match
shareholder_proposal_outcome,protective_put,21,60,BKNG,2025-06-05,no usable strict ordinary-day match
shareholder_proposal_outcome,protective_put,21,60,UNH,2025-06-05,no usable strict ordinary-day match
shareholder_proposal_outcome,protective_put,21,60,GM,2025-06-06,unusable event quote or stock
shareholder_proposal_outcome,protective_put,21,60,NFLX,2025-06-09,no usable strict ordinary-day match
shareholder_proposal_outcome,protective_put,21,60,WMT,2025-06-09,no usable strict ordinary-day match
shareholder_proposal_outcome,protective_put,21,60,CAT,2025-06-13,no usable strict ordinary-day match
shareholder_proposal_outcome,protective_put,21,60,GOOGL,2025-06-13,no usable strict ordinary-day match
shareholder_proposal_outcome,protective_put,21,60,TGT,2025-06-16,unusable event quote or stock
shareholder_proposal_outcome,protective_put,21,60,CMCSA,2025-06-23,no usable strict ordinary-day match
shareholder_proposal_outcome,protective_put,21,60,FDX,2025-10-03,unusable event quote or stock
shareholder_proposal_outcome,protective_put,21,60,MSFT,2025-12-09,no usable strict ordinary-day match
shareholder_proposal_outcome,collar,21,60,INTU,2024-01-23,no usable strict ordinary-day match
shareholder_proposal_outcome,collar,21,60,EMR,2024-02-12,no usable strict ordinary-day match
shareholder_proposal_outcome,collar,21,60,DE,2024-03-04,no usable strict ordinary-day match
shareholder_proposal_outcome,collar,21,60,SBUX,2024-03-18,no usable strict ordinary-day match
shareholder_proposal_outcome,collar,21,60,BK,2024-04-11,unusable event quote or stock
shareholder_proposal_outcome,collar,21,60,GS,2024-04-26,no usable strict ordinary-day match
shareholder_proposal_outcome,collar,21,60,BAC,2024-04-29,no usable strict ordinary-day match
shareholder_proposal_outcome,collar,21,60,PFE,2024-04-30,no usable strict ordinary-day match
shareholder_proposal_outcome,collar,21,60,C,2024-05-03,no usable strict ordinary-day match
shareholder_proposal_outcome,collar,21,60,LMT,2024-05-06,no usable strict ordinary-day match
shareholder_proposal_outcome,collar,21,60,COF,2024-05-06,unusable event quote or stock
shareholder_proposal_outcome,collar,21,60,GD,2024-05-06,unusable event quote or stock
shareholder_proposal_outcome,collar,21,60,UPS,2024-05-07,no usable strict ordinary-day match
shareholder_proposal_outcome,collar,21,60,DHR,2024-05-10,no usable strict ordinary-day match
shareholder_proposal_outcome,collar,21,60,GILD,2024-05-10,unusable event quote or stock
shareholder_proposal_outcome,collar,21,60,BMY,2024-05-10,no usable strict ordinary-day match
shareholder_proposal_outcome,collar,21,60,INTC,2024-05-10,no usable strict ordinary-day match
shareholder_proposal_outcome,collar,21,60,LLY,2024-05-10,no usable strict ordinary-day match
shareholder_proposal_outcome,collar,21,60,UBER,2024-05-13,no usable strict ordinary-day match
shareholder_proposal_outcome,collar,21,60,UNP,2024-05-13,unusable event quote or stock
shareholder_proposal_outcome,collar,21,60,VZ,2024-05-14,unusable event quote or stock
shareholder_proposal_outcome,collar,21,60,AMD,2024-05-14,no usable strict ordinary-day match
shareholder_proposal_outcome,collar,21,60,CL,2024-05-16,unusable event quote or stock
shareholder_proposal_outcome,collar,21,60,MMM,2024-05-17,unusable event quote or stock
shareholder_proposal_outcome,collar,21,60,COP,2024-05-17,no usable strict ordinary-day match
shareholder_proposal_outcome,collar,21,60,BLK,2024-05-20,unusable event quote or stock
shareholder_proposal_outcome,collar,21,60,MO,2024-05-21,unusable event quote or stock
shareholder_proposal_outcome,collar,21,60,T,2024-05-22,unusable event quote or stock
shareholder_proposal_outcome,collar,21,60,MDLZ,2024-05-23,unusable event quote or stock
shareholder_proposal_outcome,collar,21,60,JPM,2024-05-24,no usable strict ordinary-day match
shareholder_proposal_outcome,collar,21,60,MCD,2024-05-28,no usable strict ordinary-day match
shareholder_proposal_outcome,collar,21,60,TMO,2024-05-28,no usable strict ordinary-day match
shareholder_proposal_outcome,collar,21,60,SO,2024-05-28,unusable event quote or stock
shareholder_proposal_outcome,collar,21,60,MS,2024-05-28,no usable strict ordinary-day match
shareholder_proposal_outcome,collar,21,60,NEE,2024-05-29,no usable strict ordinary-day match
shareholder_proposal_outcome,collar,21,60,SCHW,2024-05-30,no usable strict ordinary-day match
shareholder_proposal_outcome,collar,21,60,META,2024-06-03,unusable event quote or stock
shareholder_proposal_outcome,collar,21,60,CVX,2024-06-03,unusable event quote or stock
shareholder_proposal_outcome,collar,21,60,BKNG,2024-06-06,unusable event quote or stock
shareholder_proposal_outcome,collar,21,60,UNH,2024-06-10,no usable strict ordinary-day match
shareholder_proposal_outcome,collar,21,60,CMCSA,2024-06-13,no usable strict ordinary-day match
shareholder_proposal_outcome,collar,21,60,GOOGL,2024-06-14,no usable strict ordinary-day match
shareholder_proposal_outcome,collar,21,60,TSLA,2024-06-17,no usable strict ordinary-day match
shareholder_proposal_outcome,collar,21,60,CRM,2024-07-02,no usable strict ordinary-day match
shareholder_proposal_outcome,collar,21,60,PG,2024-10-11,unusable event quote or stock
shareholder_proposal_outcome,collar,21,60,ORCL,2024-11-19,no usable strict ordinary-day match
shareholder_proposal_outcome,collar,21,60,COST,2025-01-28,unusable event quote or stock
shareholder_proposal_outcome,collar,21,60,AAPL,2025-02-26,no usable strict ordinary-day match
shareholder_proposal_outcome,collar,21,60,DE,2025-03-03,unusable event quote or stock
shareholder_proposal_outcome,collar,21,60,SBUX,2025-03-17,no usable strict ordinary-day match
shareholder_proposal_outcome,collar,21,60,PFE,2025-04-29,unusable event quote or stock
shareholder_proposal_outcome,collar,21,60,JNJ,2025-05-01,no usable strict ordinary-day match
shareholder_proposal_outcome,collar,21,60,C,2025-05-02,no usable strict ordinary-day match
shareholder_proposal_outcome,collar,21,60,AXP,2025-05-02,no usable strict ordinary-day match
shareholder_proposal_outcome,collar,21,60,KO,2025-05-05,no usable strict ordinary-day match
shareholder_proposal_outcome,collar,21,60,DUK,2025-05-06,unusable event quote or stock
shareholder_proposal_outcome,collar,21,60,BMY,2025-05-08,no usable strict ordinary-day match
shareholder_proposal_outcome,collar,21,60,COF,2025-05-09,unusable event quote or stock
shareholder_proposal_outcome,collar,21,60,GILD,2025-05-09,no usable strict ordinary-day match
shareholder_proposal_outcome,collar,21,60,UNP,2025-05-12,unusable event quote or stock
shareholder_proposal_outcome,collar,21,60,INTC,2025-05-12,unusable event quote or stock
shareholder_proposal_outcome,collar,21,60,GD,2025-05-12,unusable event quote or stock
shareholder_proposal_outcome,collar,21,60,UPS,2025-05-13,no usable strict ordinary-day match
shareholder_proposal_outcome,collar,21,60,CL,2025-05-15,unusable event quote or stock
shareholder_proposal_outcome,collar,21,60,BLK,2025-05-19,unusable event quote or stock
shareholder_proposal_outcome,collar,21,60,AMD,2025-05-19,no usable strict ordinary-day match
shareholder_proposal_outcome,collar,21,60,MS,2025-05-19,no usable strict ordinary-day match
shareholder_proposal_outcome,collar,21,60,CVS,2025-05-21,no usable strict ordinary-day match
shareholder_proposal_outcome,collar,21,60,JPM,2025-05-23,no usable strict ordinary-day match
shareholder_proposal_outcome,collar,21,60,HON,2025-05-27,unusable event quote or stock
shareholder_proposal_outcome,collar,21,60,MDLZ,2025-05-28,unusable event quote or stock
shareholder_proposal_outcome,collar,21,60,SO,2025-05-28,no usable strict ordinary-day match
shareholder_proposal_outcome,collar,21,60,VZ,2025-05-29,no usable strict ordinary-day match
shareholder_proposal_outcome,collar,21,60,TMO,2025-05-29,unusable event quote or stock
shareholder_proposal_outcome,collar,21,60,MRK,2025-05-30,no usable strict ordinary-day match
shareholder_proposal_outcome,collar,21,60,BKNG,2025-06-05,no usable strict ordinary-day match
shareholder_proposal_outcome,collar,21,60,UNH,2025-06-05,no usable strict ordinary-day match
shareholder_proposal_outcome,collar,21,60,GM,2025-06-06,unusable event quote or stock
shareholder_proposal_outcome,collar,21,60,NFLX,2025-06-09,no usable strict ordinary-day match
shareholder_proposal_outcome,collar,21,60,WMT,2025-06-09,no usable strict ordinary-day match
shareholder_proposal_outcome,collar,21,60,CAT,2025-06-13,no usable strict ordinary-day match
shareholder_proposal_outcome,collar,21,60,GOOGL,2025-06-13,no usable strict ordinary-day match
shareholder_proposal_outcome,collar,21,60,TGT,2025-06-16,unusable event quote or stock
shareholder_proposal_outcome,collar,21,60,CMCSA,2025-06-23,no usable strict ordinary-day match
shareholder_proposal_outcome,collar,21,60,FDX,2025-10-03,unusable event quote or stock
shareholder_proposal_outcome,collar,21,60,MSFT,2025-12-09,no usable strict ordinary-day match
shareholder_proposal_outcome,cash_secured_put,21,60,INTU,2024-01-23,no usable strict ordinary-day match
shareholder_proposal_outcome,cash_secured_put,21,60,EMR,2024-02-12,no usable strict ordinary-day match
shareholder_proposal_outcome,cash_secured_put,21,60,DE,2024-03-04,no usable strict ordinary-day match
shareholder_proposal_outcome,cash_secured_put,21,60,SBUX,2024-03-18,no usable strict ordinary-day match
shareholder_proposal_outcome,cash_secured_put,21,60,BK,2024-04-11,no usable strict ordinary-day match
shareholder_proposal_outcome,cash_secured_put,21,60,GS,2024-04-26,no usable strict ordinary-day match
shareholder_proposal_outcome,cash_secured_put,21,60,BAC,2024-04-29,no usable strict ordinary-day match
shareholder_proposal_outcome,cash_secured_put,21,60,PFE,2024-04-30,no usable strict ordinary-day match
shareholder_proposal_outcome,cash_secured_put,21,60,C,2024-05-03,no usable strict ordinary-day match
shareholder_proposal_outcome,cash_secured_put,21,60,LMT,2024-05-06,no usable strict ordinary-day match
shareholder_proposal_outcome,cash_secured_put,21,60,COF,2024-05-06,unusable event quote or stock
shareholder_proposal_outcome,cash_secured_put,21,60,GD,2024-05-06,unusable event quote or stock
shareholder_proposal_outcome,cash_secured_put,21,60,UPS,2024-05-07,no usable strict ordinary-day match
shareholder_proposal_outcome,cash_secured_put,21,60,DHR,2024-05-10,no usable strict ordinary-day match
shareholder_proposal_outcome,cash_secured_put,21,60,GILD,2024-05-10,unusable event quote or stock
shareholder_proposal_outcome,cash_secured_put,21,60,BMY,2024-05-10,no usable strict ordinary-day match
shareholder_proposal_outcome,cash_secured_put,21,60,INTC,2024-05-10,no usable strict ordinary-day match
shareholder_proposal_outcome,cash_secured_put,21,60,LLY,2024-05-10,no usable strict ordinary-day match
shareholder_proposal_outcome,cash_secured_put,21,60,UBER,2024-05-13,no usable strict ordinary-day match
shareholder_proposal_outcome,cash_secured_put,21,60,AMD,2024-05-14,no usable strict ordinary-day match
shareholder_proposal_outcome,cash_secured_put,21,60,CL,2024-05-16,unusable event quote or stock
shareholder_proposal_outcome,cash_secured_put,21,60,MMM,2024-05-17,unusable event quote or stock
shareholder_proposal_outcome,cash_secured_put,21,60,BLK,2024-05-20,unusable event quote or stock
shareholder_proposal_outcome,cash_secured_put,21,60,MO,2024-05-21,unusable event quote or stock
shareholder_proposal_outcome,cash_secured_put,21,60,T,2024-05-22,unusable event quote or stock
shareholder_proposal_outcome,cash_secured_put,21,60,MDLZ,2024-05-23,unusable event quote or stock
shareholder_proposal_outcome,cash_secured_put,21,60,JPM,2024-05-24,no usable strict ordinary-day match
shareholder_proposal_outcome,cash_secured_put,21,60,MCD,2024-05-28,no usable strict ordinary-day match
shareholder_proposal_outcome,cash_secured_put,21,60,TMO,2024-05-28,no usable strict ordinary-day match
shareholder_proposal_outcome,cash_secured_put,21,60,SO,2024-05-28,unusable event quote or stock
shareholder_proposal_outcome,cash_secured_put,21,60,MS,2024-05-28,no usable strict ordinary-day match
shareholder_proposal_outcome,cash_secured_put,21,60,NEE,2024-05-29,no usable strict ordinary-day match
shareholder_proposal_outcome,cash_secured_put,21,60,SCHW,2024-05-30,no usable strict ordinary-day match
shareholder_proposal_outcome,cash_secured_put,21,60,META,2024-06-03,unusable event quote or stock
shareholder_proposal_outcome,cash_secured_put,21,60,CVX,2024-06-03,unusable event quote or stock
shareholder_proposal_outcome,cash_secured_put,21,60,BKNG,2024-06-06,unusable event quote or stock
shareholder_proposal_outcome,cash_secured_put,21,60,UNH,2024-06-10,no usable strict ordinary-day match
shareholder_proposal_outcome,cash_secured_put,21,60,CMCSA,2024-06-13,no usable strict ordinary-day match
shareholder_proposal_outcome,cash_secured_put,21,60,GOOGL,2024-06-14,no usable strict ordinary-day match
shareholder_proposal_outcome,cash_secured_put,21,60,TSLA,2024-06-17,no usable strict ordinary-day match
shareholder_proposal_outcome,cash_secured_put,21,60,CRM,2024-07-02,no usable strict ordinary-day match
shareholder_proposal_outcome,cash_secured_put,21,60,PG,2024-10-11,no usable strict ordinary-day match
shareholder_proposal_outcome,cash_secured_put,21,60,ORCL,2024-11-19,no usable strict ordinary-day match
shareholder_proposal_outcome,cash_secured_put,21,60,COST,2025-01-28,unusable event quote or stock
shareholder_proposal_outcome,cash_secured_put,21,60,AAPL,2025-02-26,no usable strict ordinary-day match
shareholder_proposal_outcome,cash_secured_put,21,60,DE,2025-03-03,unusable event quote or stock
shareholder_proposal_outcome,cash_secured_put,21,60,SBUX,2025-03-17,no usable strict ordinary-day match
shareholder_proposal_outcome,cash_secured_put,21,60,PFE,2025-04-29,no usable strict ordinary-day match
shareholder_proposal_outcome,cash_secured_put,21,60,JNJ,2025-05-01,no usable strict ordinary-day match
shareholder_proposal_outcome,cash_secured_put,21,60,C,2025-05-02,no usable strict ordinary-day match
shareholder_proposal_outcome,cash_secured_put,21,60,AXP,2025-05-02,no usable strict ordinary-day match
shareholder_proposal_outcome,cash_secured_put,21,60,KO,2025-05-05,no usable strict ordinary-day match
shareholder_proposal_outcome,cash_secured_put,21,60,DUK,2025-05-06,unusable event quote or stock
shareholder_proposal_outcome,cash_secured_put,21,60,BMY,2025-05-08,no usable strict ordinary-day match
shareholder_proposal_outcome,cash_secured_put,21,60,GILD,2025-05-09,no usable strict ordinary-day match
shareholder_proposal_outcome,cash_secured_put,21,60,UNP,2025-05-12,unusable event quote or stock
shareholder_proposal_outcome,cash_secured_put,21,60,GD,2025-05-12,unusable event quote or stock
shareholder_proposal_outcome,cash_secured_put,21,60,UPS,2025-05-13,no usable strict ordinary-day match
shareholder_proposal_outcome,cash_secured_put,21,60,CL,2025-05-15,unusable event quote or stock
shareholder_proposal_outcome,cash_secured_put,21,60,BLK,2025-05-19,unusable event quote or stock
shareholder_proposal_outcome,cash_secured_put,21,60,AMD,2025-05-19,no usable strict ordinary-day match
shareholder_proposal_outcome,cash_secured_put,21,60,MS,2025-05-19,no usable strict ordinary-day match
shareholder_proposal_outcome,cash_secured_put,21,60,CVS,2025-05-21,no usable strict ordinary-day match
shareholder_proposal_outcome,cash_secured_put,21,60,JPM,2025-05-23,no usable strict ordinary-day match
shareholder_proposal_outcome,cash_secured_put,21,60,HON,2025-05-27,no usable strict ordinary-day match
shareholder_proposal_outcome,cash_secured_put,21,60,MDLZ,2025-05-28,unusable event quote or stock
shareholder_proposal_outcome,cash_secured_put,21,60,SO,2025-05-28,no usable strict ordinary-day match
shareholder_proposal_outcome,cash_secured_put,21,60,VZ,2025-05-29,no usable strict ordinary-day match
shareholder_proposal_outcome,cash_secured_put,21,60,TMO,2025-05-29,unusable event quote or stock
shareholder_proposal_outcome,cash_secured_put,21,60,MRK,2025-05-30,no usable strict ordinary-day match
shareholder_proposal_outcome,cash_secured_put,21,60,BKNG,2025-06-05,no usable strict ordinary-day match
shareholder_proposal_outcome,cash_secured_put,21,60,UNH,2025-06-05,no usable strict ordinary-day match
shareholder_proposal_outcome,cash_secured_put,21,60,GM,2025-06-06,unusable event quote or stock
shareholder_proposal_outcome,cash_secured_put,21,60,NFLX,2025-06-09,no usable strict ordinary-day match
shareholder_proposal_outcome,cash_secured_put,21,60,WMT,2025-06-09,no usable strict ordinary-day match
shareholder_proposal_outcome,cash_secured_put,21,60,CAT,2025-06-13,no usable strict ordinary-day match
shareholder_proposal_outcome,cash_secured_put,21,60,GOOGL,2025-06-13,no usable strict ordinary-day match
shareholder_proposal_outcome,cash_secured_put,21,60,TGT,2025-06-16,unusable event quote or stock
shareholder_proposal_outcome,cash_secured_put,21,60,CMCSA,2025-06-23,no usable strict ordinary-day match
shareholder_proposal_outcome,cash_secured_put,21,60,FDX,2025-10-03,unusable event quote or stock
shareholder_proposal_outcome,cash_secured_put,21,60,MSFT,2025-12-09,no usable strict ordinary-day match
shareholder_proposal_outcome,long_call,21,300,INTU,2024-01-23,no usable strict ordinary-day match
shareholder_proposal_outcome,long_call,21,300,EMR,2024-02-12,unusable event quote or stock
shareholder_proposal_outcome,long_call,21,300,DE,2024-03-04,no usable strict ordinary-day match
shareholder_proposal_outcome,long_call,21,300,SBUX,2024-03-18,no usable strict ordinary-day match
shareholder_proposal_outcome,long_call,21,300,BK,2024-04-11,no usable strict ordinary-day match
shareholder_proposal_outcome,long_call,21,300,GS,2024-04-26,no usable strict ordinary-day match
shareholder_proposal_outcome,long_call,21,300,BAC,2024-04-29,no usable strict ordinary-day match
shareholder_proposal_outcome,long_call,21,300,PFE,2024-04-30,no usable strict ordinary-day match
shareholder_proposal_outcome,long_call,21,300,C,2024-05-03,no usable strict ordinary-day match
shareholder_proposal_outcome,long_call,21,300,LMT,2024-05-06,no usable strict ordinary-day match
shareholder_proposal_outcome,long_call,21,300,COF,2024-05-06,no usable strict ordinary-day match
shareholder_proposal_outcome,long_call,21,300,GD,2024-05-06,unusable event quote or stock
shareholder_proposal_outcome,long_call,21,300,UPS,2024-05-07,no usable strict ordinary-day match
shareholder_proposal_outcome,long_call,21,300,DHR,2024-05-10,no usable strict ordinary-day match
shareholder_proposal_outcome,long_call,21,300,BMY,2024-05-10,no usable strict ordinary-day match
shareholder_proposal_outcome,long_call,21,300,INTC,2024-05-10,no usable strict ordinary-day match
shareholder_proposal_outcome,long_call,21,300,LLY,2024-05-10,no usable strict ordinary-day match
shareholder_proposal_outcome,long_call,21,300,UBER,2024-05-13,no usable strict ordinary-day match
shareholder_proposal_outcome,long_call,21,300,AMD,2024-05-14,no usable strict ordinary-day match
shareholder_proposal_outcome,long_call,21,300,CL,2024-05-16,no usable strict ordinary-day match
shareholder_proposal_outcome,long_call,21,300,MMM,2024-05-17,unusable event quote or stock
shareholder_proposal_outcome,long_call,21,300,BLK,2024-05-20,unusable event quote or stock
shareholder_proposal_outcome,long_call,21,300,MO,2024-05-21,no usable strict ordinary-day match
shareholder_proposal_outcome,long_call,21,300,T,2024-05-22,no usable strict ordinary-day match
shareholder_proposal_outcome,long_call,21,300,MDLZ,2024-05-23,unusable event quote or stock
shareholder_proposal_outcome,long_call,21,300,JPM,2024-05-24,no usable strict ordinary-day match
shareholder_proposal_outcome,long_call,21,300,MCD,2024-05-28,no usable strict ordinary-day match
shareholder_proposal_outcome,long_call,21,300,TMO,2024-05-28,no usable strict ordinary-day match
shareholder_proposal_outcome,long_call,21,300,SO,2024-05-28,no usable strict ordinary-day match
shareholder_proposal_outcome,long_call,21,300,MS,2024-05-28,no usable strict ordinary-day match
shareholder_proposal_outcome,long_call,21,300,NEE,2024-05-29,no usable strict ordinary-day match
shareholder_proposal_outcome,long_call,21,300,META,2024-06-03,unusable event quote or stock
shareholder_proposal_outcome,long_call,21,300,CVX,2024-06-03,unusable event quote or stock
shareholder_proposal_outcome,long_call,21,300,BKNG,2024-06-06,unusable event quote or stock
shareholder_proposal_outcome,long_call,21,300,UNH,2024-06-10,no usable strict ordinary-day match
shareholder_proposal_outcome,long_call,21,300,CMCSA,2024-06-13,no usable strict ordinary-day match
shareholder_proposal_outcome,long_call,21,300,GOOGL,2024-06-14,no usable strict ordinary-day match
shareholder_proposal_outcome,long_call,21,300,TSLA,2024-06-17,no usable strict ordinary-day match
shareholder_proposal_outcome,long_call,21,300,CRM,2024-07-02,no usable strict ordinary-day match
shareholder_proposal_outcome,long_call,21,300,PG,2024-10-11,no usable strict ordinary-day match
shareholder_proposal_outcome,long_call,21,300,ORCL,2024-11-19,no usable strict ordinary-day match
shareholder_proposal_outcome,long_call,21,300,COST,2025-01-28,unusable event quote or stock
shareholder_proposal_outcome,long_call,21,300,AAPL,2025-02-26,no usable strict ordinary-day match
shareholder_proposal_outcome,long_call,21,300,DE,2025-03-03,unusable event quote or stock
shareholder_proposal_outcome,long_call,21,300,SBUX,2025-03-17,no usable strict ordinary-day match
shareholder_proposal_outcome,long_call,21,300,JNJ,2025-05-01,no usable strict ordinary-day match
shareholder_proposal_outcome,long_call,21,300,C,2025-05-02,no usable strict ordinary-day match
shareholder_proposal_outcome,long_call,21,300,AXP,2025-05-02,no usable strict ordinary-day match
shareholder_proposal_outcome,long_call,21,300,KO,2025-05-05,no usable strict ordinary-day match
shareholder_proposal_outcome,long_call,21,300,BMY,2025-05-08,no usable strict ordinary-day match
shareholder_proposal_outcome,long_call,21,300,GILD,2025-05-09,no usable strict ordinary-day match
shareholder_proposal_outcome,long_call,21,300,GD,2025-05-12,no usable strict ordinary-day match
shareholder_proposal_outcome,long_call,21,300,UPS,2025-05-13,no usable strict ordinary-day match
shareholder_proposal_outcome,long_call,21,300,CL,2025-05-15,no usable strict ordinary-day match
shareholder_proposal_outcome,long_call,21,300,BLK,2025-05-19,no usable strict ordinary-day match
shareholder_proposal_outcome,long_call,21,300,AMD,2025-05-19,no usable strict ordinary-day match
shareholder_proposal_outcome,long_call,21,300,MS,2025-05-19,no usable strict ordinary-day match
shareholder_proposal_outcome,long_call,21,300,CVS,2025-05-21,no usable strict ordinary-day match
shareholder_proposal_outcome,long_call,21,300,JPM,2025-05-23,no usable strict ordinary-day match
shareholder_proposal_outcome,long_call,21,300,HON,2025-05-27,no usable strict ordinary-day match
shareholder_proposal_outcome,long_call,21,300,MDLZ,2025-05-28,no usable strict ordinary-day match
shareholder_proposal_outcome,long_call,21,300,SO,2025-05-28,no usable strict ordinary-day match
shareholder_proposal_outcome,long_call,21,300,VZ,2025-05-29,no usable strict ordinary-day match
shareholder_proposal_outcome,long_call,21,300,TMO,2025-05-29,no usable strict ordinary-day match
shareholder_proposal_outcome,long_call,21,300,MRK,2025-05-30,no usable strict ordinary-day match
shareholder_proposal_outcome,long_call,21,300,BKNG,2025-06-05,no usable strict ordinary-day match
shareholder_proposal_outcome,long_call,21,300,UNH,2025-06-05,no usable strict ordinary-day match
shareholder_proposal_outcome,long_call,21,300,GM,2025-06-06,no usable strict ordinary-day match
shareholder_proposal_outcome,long_call,21,300,NFLX,2025-06-09,no usable strict ordinary-day match
shareholder_proposal_outcome,long_call,21,300,WMT,2025-06-09,no usable strict ordinary-day match
shareholder_proposal_outcome,long_call,21,300,CAT,2025-06-13,no usable strict ordinary-day match
shareholder_proposal_outcome,long_call,21,300,GOOGL,2025-06-13,no usable strict ordinary-day match
shareholder_proposal_outcome,long_call,21,300,TGT,2025-06-16,no usable strict ordinary-day match
shareholder_proposal_outcome,long_call,21,300,CMCSA,2025-06-23,no usable strict ordinary-day match
shareholder_proposal_outcome,long_call,21,300,FDX,2025-10-03,unusable event quote or stock
shareholder_proposal_outcome,long_call,21,300,MSFT,2025-12-09,no usable strict ordinary-day match
shareholder_proposal_outcome,covered_call,21,300,INTU,2024-01-23,no usable strict ordinary-day match
shareholder_proposal_outcome,covered_call,21,300,EMR,2024-02-12,no usable strict ordinary-day match
shareholder_proposal_outcome,covered_call,21,300,DE,2024-03-04,no usable strict ordinary-day match
shareholder_proposal_outcome,covered_call,21,300,SBUX,2024-03-18,no usable strict ordinary-day match
shareholder_proposal_outcome,covered_call,21,300,BK,2024-04-11,unusable event quote or stock
shareholder_proposal_outcome,covered_call,21,300,GS,2024-04-26,no usable strict ordinary-day match
shareholder_proposal_outcome,covered_call,21,300,BAC,2024-04-29,no usable strict ordinary-day match
shareholder_proposal_outcome,covered_call,21,300,PFE,2024-04-30,no usable strict ordinary-day match
shareholder_proposal_outcome,covered_call,21,300,C,2024-05-03,no usable strict ordinary-day match
shareholder_proposal_outcome,covered_call,21,300,LMT,2024-05-06,no usable strict ordinary-day match
shareholder_proposal_outcome,covered_call,21,300,COF,2024-05-06,no usable strict ordinary-day match
shareholder_proposal_outcome,covered_call,21,300,GD,2024-05-06,unusable event quote or stock
shareholder_proposal_outcome,covered_call,21,300,UPS,2024-05-07,no usable strict ordinary-day match
shareholder_proposal_outcome,covered_call,21,300,DHR,2024-05-10,no usable strict ordinary-day match
shareholder_proposal_outcome,covered_call,21,300,BMY,2024-05-10,no usable strict ordinary-day match
shareholder_proposal_outcome,covered_call,21,300,INTC,2024-05-10,no usable strict ordinary-day match
shareholder_proposal_outcome,covered_call,21,300,LLY,2024-05-10,no usable strict ordinary-day match
shareholder_proposal_outcome,covered_call,21,300,UBER,2024-05-13,no usable strict ordinary-day match
shareholder_proposal_outcome,covered_call,21,300,UNP,2024-05-13,unusable event quote or stock
shareholder_proposal_outcome,covered_call,21,300,AMD,2024-05-14,no usable strict ordinary-day match
shareholder_proposal_outcome,covered_call,21,300,CL,2024-05-16,no usable strict ordinary-day match
shareholder_proposal_outcome,covered_call,21,300,MMM,2024-05-17,unusable event quote or stock
shareholder_proposal_outcome,covered_call,21,300,BLK,2024-05-20,unusable event quote or stock
shareholder_proposal_outcome,covered_call,21,300,MO,2024-05-21,no usable strict ordinary-day match
shareholder_proposal_outcome,covered_call,21,300,T,2024-05-22,no usable strict ordinary-day match
shareholder_proposal_outcome,covered_call,21,300,MDLZ,2024-05-23,unusable event quote or stock
shareholder_proposal_outcome,covered_call,21,300,JPM,2024-05-24,no usable strict ordinary-day match
shareholder_proposal_outcome,covered_call,21,300,MCD,2024-05-28,no usable strict ordinary-day match
shareholder_proposal_outcome,covered_call,21,300,TMO,2024-05-28,no usable strict ordinary-day match
shareholder_proposal_outcome,covered_call,21,300,SO,2024-05-28,no usable strict ordinary-day match
shareholder_proposal_outcome,covered_call,21,300,MS,2024-05-28,no usable strict ordinary-day match
shareholder_proposal_outcome,covered_call,21,300,NEE,2024-05-29,no usable strict ordinary-day match
shareholder_proposal_outcome,covered_call,21,300,META,2024-06-03,unusable event quote or stock
shareholder_proposal_outcome,covered_call,21,300,CVX,2024-06-03,unusable event quote or stock
shareholder_proposal_outcome,covered_call,21,300,BKNG,2024-06-06,unusable event quote or stock
shareholder_proposal_outcome,covered_call,21,300,UNH,2024-06-10,no usable strict ordinary-day match
shareholder_proposal_outcome,covered_call,21,300,CMCSA,2024-06-13,no usable strict ordinary-day match
shareholder_proposal_outcome,covered_call,21,300,GOOGL,2024-06-14,no usable strict ordinary-day match
shareholder_proposal_outcome,covered_call,21,300,TSLA,2024-06-17,no usable strict ordinary-day match
shareholder_proposal_outcome,covered_call,21,300,CRM,2024-07-02,no usable strict ordinary-day match
shareholder_proposal_outcome,covered_call,21,300,PG,2024-10-11,unusable event quote or stock
shareholder_proposal_outcome,covered_call,21,300,ORCL,2024-11-19,no usable strict ordinary-day match
shareholder_proposal_outcome,covered_call,21,300,COST,2025-01-28,unusable event quote or stock
shareholder_proposal_outcome,covered_call,21,300,AAPL,2025-02-26,no usable strict ordinary-day match
shareholder_proposal_outcome,covered_call,21,300,DE,2025-03-03,unusable event quote or stock
shareholder_proposal_outcome,covered_call,21,300,SBUX,2025-03-17,no usable strict ordinary-day match
shareholder_proposal_outcome,covered_call,21,300,JNJ,2025-05-01,no usable strict ordinary-day match
shareholder_proposal_outcome,covered_call,21,300,C,2025-05-02,no usable strict ordinary-day match
shareholder_proposal_outcome,covered_call,21,300,AXP,2025-05-02,no usable strict ordinary-day match
shareholder_proposal_outcome,covered_call,21,300,KO,2025-05-05,no usable strict ordinary-day match
shareholder_proposal_outcome,covered_call,21,300,BMY,2025-05-08,no usable strict ordinary-day match
shareholder_proposal_outcome,covered_call,21,300,GILD,2025-05-09,no usable strict ordinary-day match
shareholder_proposal_outcome,covered_call,21,300,GD,2025-05-12,no usable strict ordinary-day match
shareholder_proposal_outcome,covered_call,21,300,UPS,2025-05-13,no usable strict ordinary-day match
shareholder_proposal_outcome,covered_call,21,300,CL,2025-05-15,no usable strict ordinary-day match
shareholder_proposal_outcome,covered_call,21,300,BLK,2025-05-19,no usable strict ordinary-day match
shareholder_proposal_outcome,covered_call,21,300,AMD,2025-05-19,no usable strict ordinary-day match
shareholder_proposal_outcome,covered_call,21,300,MS,2025-05-19,no usable strict ordinary-day match
shareholder_proposal_outcome,covered_call,21,300,CVS,2025-05-21,no usable strict ordinary-day match
shareholder_proposal_outcome,covered_call,21,300,JPM,2025-05-23,no usable strict ordinary-day match
shareholder_proposal_outcome,covered_call,21,300,HON,2025-05-27,no usable strict ordinary-day match
shareholder_proposal_outcome,covered_call,21,300,MDLZ,2025-05-28,no usable strict ordinary-day match
shareholder_proposal_outcome,covered_call,21,300,SO,2025-05-28,no usable strict ordinary-day match
shareholder_proposal_outcome,covered_call,21,300,VZ,2025-05-29,no usable strict ordinary-day match
shareholder_proposal_outcome,covered_call,21,300,TMO,2025-05-29,no usable strict ordinary-day match
shareholder_proposal_outcome,covered_call,21,300,MRK,2025-05-30,no usable strict ordinary-day match
shareholder_proposal_outcome,covered_call,21,300,BKNG,2025-06-05,no usable strict ordinary-day match
shareholder_proposal_outcome,covered_call,21,300,UNH,2025-06-05,no usable strict ordinary-day match
shareholder_proposal_outcome,covered_call,21,300,GM,2025-06-06,no usable strict ordinary-day match
shareholder_proposal_outcome,covered_call,21,300,NFLX,2025-06-09,no usable strict ordinary-day match
shareholder_proposal_outcome,covered_call,21,300,WMT,2025-06-09,no usable strict ordinary-day match
shareholder_proposal_outcome,covered_call,21,300,CAT,2025-06-13,no usable strict ordinary-day match
shareholder_proposal_outcome,covered_call,21,300,GOOGL,2025-06-13,no usable strict ordinary-day match
shareholder_proposal_outcome,covered_call,21,300,TGT,2025-06-16,no usable strict ordinary-day match
shareholder_proposal_outcome,covered_call,21,300,CMCSA,2025-06-23,no usable strict ordinary-day match
shareholder_proposal_outcome,covered_call,21,300,FDX,2025-10-03,unusable event quote or stock
shareholder_proposal_outcome,covered_call,21,300,MSFT,2025-12-09,no usable strict ordinary-day match
shareholder_proposal_outcome,protective_put,21,300,INTU,2024-01-23,no usable strict ordinary-day match
shareholder_proposal_outcome,protective_put,21,300,EMR,2024-02-12,no usable strict ordinary-day match
shareholder_proposal_outcome,protective_put,21,300,DE,2024-03-04,no usable strict ordinary-day match
shareholder_proposal_outcome,protective_put,21,300,SBUX,2024-03-18,no usable strict ordinary-day match
shareholder_proposal_outcome,protective_put,21,300,BK,2024-04-11,no usable strict ordinary-day match
shareholder_proposal_outcome,protective_put,21,300,GS,2024-04-26,no usable strict ordinary-day match
shareholder_proposal_outcome,protective_put,21,300,BAC,2024-04-29,no usable strict ordinary-day match
shareholder_proposal_outcome,protective_put,21,300,PFE,2024-04-30,no usable strict ordinary-day match
shareholder_proposal_outcome,protective_put,21,300,C,2024-05-03,no usable strict ordinary-day match
shareholder_proposal_outcome,protective_put,21,300,LMT,2024-05-06,no usable strict ordinary-day match
shareholder_proposal_outcome,protective_put,21,300,COF,2024-05-06,unusable event quote or stock
shareholder_proposal_outcome,protective_put,21,300,GD,2024-05-06,unusable event quote or stock
shareholder_proposal_outcome,protective_put,21,300,UPS,2024-05-07,no usable strict ordinary-day match
shareholder_proposal_outcome,protective_put,21,300,DHR,2024-05-10,no usable strict ordinary-day match
shareholder_proposal_outcome,protective_put,21,300,BMY,2024-05-10,no usable strict ordinary-day match
shareholder_proposal_outcome,protective_put,21,300,INTC,2024-05-10,no usable strict ordinary-day match
shareholder_proposal_outcome,protective_put,21,300,LLY,2024-05-10,no usable strict ordinary-day match
shareholder_proposal_outcome,protective_put,21,300,UBER,2024-05-13,no usable strict ordinary-day match
shareholder_proposal_outcome,protective_put,21,300,AMD,2024-05-14,no usable strict ordinary-day match
shareholder_proposal_outcome,protective_put,21,300,CL,2024-05-16,no usable strict ordinary-day match
shareholder_proposal_outcome,protective_put,21,300,MMM,2024-05-17,unusable event quote or stock
shareholder_proposal_outcome,protective_put,21,300,BLK,2024-05-20,unusable event quote or stock
shareholder_proposal_outcome,protective_put,21,300,MO,2024-05-21,no usable strict ordinary-day match
shareholder_proposal_outcome,protective_put,21,300,T,2024-05-22,unusable event quote or stock
shareholder_proposal_outcome,protective_put,21,300,MDLZ,2024-05-23,unusable event quote or stock
shareholder_proposal_outcome,protective_put,21,300,JPM,2024-05-24,no usable strict ordinary-day match
shareholder_proposal_outcome,protective_put,21,300,MCD,2024-05-28,no usable strict ordinary-day match
shareholder_proposal_outcome,protective_put,21,300,TMO,2024-05-28,no usable strict ordinary-day match
shareholder_proposal_outcome,protective_put,21,300,SO,2024-05-28,no usable strict ordinary-day match
shareholder_proposal_outcome,protective_put,21,300,MS,2024-05-28,no usable strict ordinary-day match
shareholder_proposal_outcome,protective_put,21,300,NEE,2024-05-29,no usable strict ordinary-day match
shareholder_proposal_outcome,protective_put,21,300,META,2024-06-03,unusable event quote or stock
shareholder_proposal_outcome,protective_put,21,300,CVX,2024-06-03,unusable event quote or stock
shareholder_proposal_outcome,protective_put,21,300,BKNG,2024-06-06,unusable event quote or stock
shareholder_proposal_outcome,protective_put,21,300,UNH,2024-06-10,no usable strict ordinary-day match
shareholder_proposal_outcome,protective_put,21,300,CMCSA,2024-06-13,no usable strict ordinary-day match
shareholder_proposal_outcome,protective_put,21,300,GOOGL,2024-06-14,no usable strict ordinary-day match
shareholder_proposal_outcome,protective_put,21,300,TSLA,2024-06-17,no usable strict ordinary-day match
shareholder_proposal_outcome,protective_put,21,300,CRM,2024-07-02,no usable strict ordinary-day match
shareholder_proposal_outcome,protective_put,21,300,PG,2024-10-11,no usable strict ordinary-day match
shareholder_proposal_outcome,protective_put,21,300,ORCL,2024-11-19,no usable strict ordinary-day match
shareholder_proposal_outcome,protective_put,21,300,COST,2025-01-28,unusable event quote or stock
shareholder_proposal_outcome,protective_put,21,300,AAPL,2025-02-26,no usable strict ordinary-day match
shareholder_proposal_outcome,protective_put,21,300,DE,2025-03-03,unusable event quote or stock
shareholder_proposal_outcome,protective_put,21,300,SBUX,2025-03-17,no usable strict ordinary-day match
shareholder_proposal_outcome,protective_put,21,300,PFE,2025-04-29,no usable strict ordinary-day match
shareholder_proposal_outcome,protective_put,21,300,JNJ,2025-05-01,no usable strict ordinary-day match
shareholder_proposal_outcome,protective_put,21,300,C,2025-05-02,no usable strict ordinary-day match
shareholder_proposal_outcome,protective_put,21,300,AXP,2025-05-02,no usable strict ordinary-day match
shareholder_proposal_outcome,protective_put,21,300,KO,2025-05-05,no usable strict ordinary-day match
shareholder_proposal_outcome,protective_put,21,300,BMY,2025-05-08,no usable strict ordinary-day match
shareholder_proposal_outcome,protective_put,21,300,GILD,2025-05-09,no usable strict ordinary-day match
shareholder_proposal_outcome,protective_put,21,300,GD,2025-05-12,no usable strict ordinary-day match
shareholder_proposal_outcome,protective_put,21,300,UPS,2025-05-13,no usable strict ordinary-day match
shareholder_proposal_outcome,protective_put,21,300,CL,2025-05-15,no usable strict ordinary-day match
shareholder_proposal_outcome,protective_put,21,300,BLK,2025-05-19,no usable strict ordinary-day match
shareholder_proposal_outcome,protective_put,21,300,AMD,2025-05-19,no usable strict ordinary-day match
shareholder_proposal_outcome,protective_put,21,300,MS,2025-05-19,no usable strict ordinary-day match
shareholder_proposal_outcome,protective_put,21,300,CVS,2025-05-21,no usable strict ordinary-day match
shareholder_proposal_outcome,protective_put,21,300,JPM,2025-05-23,no usable strict ordinary-day match
shareholder_proposal_outcome,protective_put,21,300,HON,2025-05-27,no usable strict ordinary-day match
shareholder_proposal_outcome,protective_put,21,300,MDLZ,2025-05-28,no usable strict ordinary-day match
shareholder_proposal_outcome,protective_put,21,300,SO,2025-05-28,no usable strict ordinary-day match
shareholder_proposal_outcome,protective_put,21,300,VZ,2025-05-29,no usable strict ordinary-day match
shareholder_proposal_outcome,protective_put,21,300,TMO,2025-05-29,no usable strict ordinary-day match
shareholder_proposal_outcome,protective_put,21,300,MRK,2025-05-30,no usable strict ordinary-day match
shareholder_proposal_outcome,protective_put,21,300,BKNG,2025-06-05,no usable strict ordinary-day match
shareholder_proposal_outcome,protective_put,21,300,UNH,2025-06-05,no usable strict ordinary-day match
shareholder_proposal_outcome,protective_put,21,300,GM,2025-06-06,no usable strict ordinary-day match
shareholder_proposal_outcome,protective_put,21,300,NFLX,2025-06-09,no usable strict ordinary-day match
shareholder_proposal_outcome,protective_put,21,300,WMT,2025-06-09,no usable strict ordinary-day match
shareholder_proposal_outcome,protective_put,21,300,CAT,2025-06-13,no usable strict ordinary-day match
shareholder_proposal_outcome,protective_put,21,300,GOOGL,2025-06-13,no usable strict ordinary-day match
shareholder_proposal_outcome,protective_put,21,300,TGT,2025-06-16,no usable strict ordinary-day match
shareholder_proposal_outcome,protective_put,21,300,CMCSA,2025-06-23,no usable strict ordinary-day match
shareholder_proposal_outcome,protective_put,21,300,FDX,2025-10-03,unusable event quote or stock
shareholder_proposal_outcome,protective_put,21,300,MSFT,2025-12-09,no usable strict ordinary-day match
shareholder_proposal_outcome,collar,21,300,INTU,2024-01-23,no usable strict ordinary-day match
shareholder_proposal_outcome,collar,21,300,EMR,2024-02-12,no usable strict ordinary-day match
shareholder_proposal_outcome,collar,21,300,DE,2024-03-04,no usable strict ordinary-day match
shareholder_proposal_outcome,collar,21,300,SBUX,2024-03-18,no usable strict ordinary-day match
shareholder_proposal_outcome,collar,21,300,BK,2024-04-11,unusable event quote or stock
shareholder_proposal_outcome,collar,21,300,GS,2024-04-26,no usable strict ordinary-day match
shareholder_proposal_outcome,collar,21,300,BAC,2024-04-29,no usable strict ordinary-day match
shareholder_proposal_outcome,collar,21,300,PFE,2024-04-30,no usable strict ordinary-day match
shareholder_proposal_outcome,collar,21,300,C,2024-05-03,no usable strict ordinary-day match
shareholder_proposal_outcome,collar,21,300,LMT,2024-05-06,no usable strict ordinary-day match
shareholder_proposal_outcome,collar,21,300,COF,2024-05-06,unusable event quote or stock
shareholder_proposal_outcome,collar,21,300,GD,2024-05-06,unusable event quote or stock
shareholder_proposal_outcome,collar,21,300,UPS,2024-05-07,no usable strict ordinary-day match
shareholder_proposal_outcome,collar,21,300,DHR,2024-05-10,no usable strict ordinary-day match
shareholder_proposal_outcome,collar,21,300,BMY,2024-05-10,no usable strict ordinary-day match
shareholder_proposal_outcome,collar,21,300,INTC,2024-05-10,no usable strict ordinary-day match
shareholder_proposal_outcome,collar,21,300,LLY,2024-05-10,no usable strict ordinary-day match
shareholder_proposal_outcome,collar,21,300,UBER,2024-05-13,no usable strict ordinary-day match
shareholder_proposal_outcome,collar,21,300,UNP,2024-05-13,unusable event quote or stock
shareholder_proposal_outcome,collar,21,300,AMD,2024-05-14,no usable strict ordinary-day match
shareholder_proposal_outcome,collar,21,300,CL,2024-05-16,no usable strict ordinary-day match
shareholder_proposal_outcome,collar,21,300,MMM,2024-05-17,unusable event quote or stock
shareholder_proposal_outcome,collar,21,300,BLK,2024-05-20,unusable event quote or stock
shareholder_proposal_outcome,collar,21,300,MO,2024-05-21,no usable strict ordinary-day match
shareholder_proposal_outcome,collar,21,300,T,2024-05-22,unusable event quote or stock
shareholder_proposal_outcome,collar,21,300,MDLZ,2024-05-23,unusable event quote or stock
shareholder_proposal_outcome,collar,21,300,JPM,2024-05-24,no usable strict ordinary-day match
shareholder_proposal_outcome,collar,21,300,MCD,2024-05-28,no usable strict ordinary-day match
shareholder_proposal_outcome,collar,21,300,TMO,2024-05-28,no usable strict ordinary-day match
shareholder_proposal_outcome,collar,21,300,SO,2024-05-28,no usable strict ordinary-day match
shareholder_proposal_outcome,collar,21,300,MS,2024-05-28,no usable strict ordinary-day match
shareholder_proposal_outcome,collar,21,300,NEE,2024-05-29,no usable strict ordinary-day match
shareholder_proposal_outcome,collar,21,300,META,2024-06-03,unusable event quote or stock
shareholder_proposal_outcome,collar,21,300,CVX,2024-06-03,unusable event quote or stock
shareholder_proposal_outcome,collar,21,300,BKNG,2024-06-06,unusable event quote or stock
shareholder_proposal_outcome,collar,21,300,UNH,2024-06-10,no usable strict ordinary-day match
shareholder_proposal_outcome,collar,21,300,CMCSA,2024-06-13,no usable strict ordinary-day match
shareholder_proposal_outcome,collar,21,300,GOOGL,2024-06-14,no usable strict ordinary-day match
shareholder_proposal_outcome,collar,21,300,TSLA,2024-06-17,no usable strict ordinary-day match
shareholder_proposal_outcome,collar,21,300,CRM,2024-07-02,no usable strict ordinary-day match
shareholder_proposal_outcome,collar,21,300,PG,2024-10-11,unusable event quote or stock
shareholder_proposal_outcome,collar,21,300,ORCL,2024-11-19,no usable strict ordinary-day match
shareholder_proposal_outcome,collar,21,300,COST,2025-01-28,unusable event quote or stock
shareholder_proposal_outcome,collar,21,300,AAPL,2025-02-26,no usable strict ordinary-day match
shareholder_proposal_outcome,collar,21,300,DE,2025-03-03,unusable event quote or stock
shareholder_proposal_outcome,collar,21,300,SBUX,2025-03-17,no usable strict ordinary-day match
shareholder_proposal_outcome,collar,21,300,PFE,2025-04-29,no usable strict ordinary-day match
shareholder_proposal_outcome,collar,21,300,JNJ,2025-05-01,no usable strict ordinary-day match
shareholder_proposal_outcome,collar,21,300,C,2025-05-02,no usable strict ordinary-day match
shareholder_proposal_outcome,collar,21,300,AXP,2025-05-02,no usable strict ordinary-day match
shareholder_proposal_outcome,collar,21,300,KO,2025-05-05,no usable strict ordinary-day match
shareholder_proposal_outcome,collar,21,300,BMY,2025-05-08,no usable strict ordinary-day match
shareholder_proposal_outcome,collar,21,300,GILD,2025-05-09,no usable strict ordinary-day match
shareholder_proposal_outcome,collar,21,300,GD,2025-05-12,no usable strict ordinary-day match
shareholder_proposal_outcome,collar,21,300,UPS,2025-05-13,no usable strict ordinary-day match
shareholder_proposal_outcome,collar,21,300,CL,2025-05-15,no usable strict ordinary-day match
shareholder_proposal_outcome,collar,21,300,BLK,2025-05-19,no usable strict ordinary-day match
shareholder_proposal_outcome,collar,21,300,AMD,2025-05-19,no usable strict ordinary-day match
shareholder_proposal_outcome,collar,21,300,MS,2025-05-19,no usable strict ordinary-day match
shareholder_proposal_outcome,collar,21,300,CVS,2025-05-21,no usable strict ordinary-day match
shareholder_proposal_outcome,collar,21,300,JPM,2025-05-23,no usable strict ordinary-day match
shareholder_proposal_outcome,collar,21,300,HON,2025-05-27,no usable strict ordinary-day match
shareholder_proposal_outcome,collar,21,300,MDLZ,2025-05-28,no usable strict ordinary-day match
shareholder_proposal_outcome,collar,21,300,SO,2025-05-28,no usable strict ordinary-day match
shareholder_proposal_outcome,collar,21,300,VZ,2025-05-29,no usable strict ordinary-day match
shareholder_proposal_outcome,collar,21,300,TMO,2025-05-29,no usable strict ordinary-day match
shareholder_proposal_outcome,collar,21,300,MRK,2025-05-30,no usable strict ordinary-day match
shareholder_proposal_outcome,collar,21,300,BKNG,2025-06-05,no usable strict ordinary-day match
shareholder_proposal_outcome,collar,21,300,UNH,2025-06-05,no usable strict ordinary-day match
shareholder_proposal_outcome,collar,21,300,GM,2025-06-06,no usable strict ordinary-day match
shareholder_proposal_outcome,collar,21,300,NFLX,2025-06-09,no usable strict ordinary-day match
shareholder_proposal_outcome,collar,21,300,WMT,2025-06-09,no usable strict ordinary-day match
shareholder_proposal_outcome,collar,21,300,CAT,2025-06-13,no usable strict ordinary-day match
shareholder_proposal_outcome,collar,21,300,GOOGL,2025-06-13,no usable strict ordinary-day match
shareholder_proposal_outcome,collar,21,300,TGT,2025-06-16,no usable strict ordinary-day match
shareholder_proposal_outcome,collar,21,300,CMCSA,2025-06-23,no usable strict ordinary-day match
shareholder_proposal_outcome,collar,21,300,FDX,2025-10-03,unusable event quote or stock
shareholder_proposal_outcome,collar,21,300,MSFT,2025-12-09,no usable strict ordinary-day match
shareholder_proposal_outcome,cash_secured_put,21,300,INTU,2024-01-23,no usable strict ordinary-day match
shareholder_proposal_outcome,cash_secured_put,21,300,EMR,2024-02-12,no usable strict ordinary-day match
shareholder_proposal_outcome,cash_secured_put,21,300,DE,2024-03-04,no usable strict ordinary-day match
shareholder_proposal_outcome,cash_secured_put,21,300,SBUX,2024-03-18,no usable strict ordinary-day match
shareholder_proposal_outcome,cash_secured_put,21,300,BK,2024-04-11,no usable strict ordinary-day match
shareholder_proposal_outcome,cash_secured_put,21,300,GS,2024-04-26,no usable strict ordinary-day match
shareholder_proposal_outcome,cash_secured_put,21,300,BAC,2024-04-29,no usable strict ordinary-day match
shareholder_proposal_outcome,cash_secured_put,21,300,PFE,2024-04-30,no usable strict ordinary-day match
shareholder_proposal_outcome,cash_secured_put,21,300,C,2024-05-03,no usable strict ordinary-day match
shareholder_proposal_outcome,cash_secured_put,21,300,LMT,2024-05-06,no usable strict ordinary-day match
shareholder_proposal_outcome,cash_secured_put,21,300,COF,2024-05-06,unusable event quote or stock
shareholder_proposal_outcome,cash_secured_put,21,300,GD,2024-05-06,unusable event quote or stock
shareholder_proposal_outcome,cash_secured_put,21,300,UPS,2024-05-07,no usable strict ordinary-day match
shareholder_proposal_outcome,cash_secured_put,21,300,DHR,2024-05-10,no usable strict ordinary-day match
shareholder_proposal_outcome,cash_secured_put,21,300,BMY,2024-05-10,no usable strict ordinary-day match
shareholder_proposal_outcome,cash_secured_put,21,300,INTC,2024-05-10,no usable strict ordinary-day match
shareholder_proposal_outcome,cash_secured_put,21,300,LLY,2024-05-10,no usable strict ordinary-day match
shareholder_proposal_outcome,cash_secured_put,21,300,UBER,2024-05-13,no usable strict ordinary-day match
shareholder_proposal_outcome,cash_secured_put,21,300,AMD,2024-05-14,no usable strict ordinary-day match
shareholder_proposal_outcome,cash_secured_put,21,300,CL,2024-05-16,no usable strict ordinary-day match
shareholder_proposal_outcome,cash_secured_put,21,300,MMM,2024-05-17,unusable event quote or stock
shareholder_proposal_outcome,cash_secured_put,21,300,BLK,2024-05-20,unusable event quote or stock
shareholder_proposal_outcome,cash_secured_put,21,300,MO,2024-05-21,no usable strict ordinary-day match
shareholder_proposal_outcome,cash_secured_put,21,300,T,2024-05-22,unusable event quote or stock
shareholder_proposal_outcome,cash_secured_put,21,300,MDLZ,2024-05-23,unusable event quote or stock
shareholder_proposal_outcome,cash_secured_put,21,300,JPM,2024-05-24,no usable strict ordinary-day match
shareholder_proposal_outcome,cash_secured_put,21,300,MCD,2024-05-28,no usable strict ordinary-day match
shareholder_proposal_outcome,cash_secured_put,21,300,TMO,2024-05-28,no usable strict ordinary-day match
shareholder_proposal_outcome,cash_secured_put,21,300,SO,2024-05-28,no usable strict ordinary-day match
shareholder_proposal_outcome,cash_secured_put,21,300,MS,2024-05-28,no usable strict ordinary-day match
shareholder_proposal_outcome,cash_secured_put,21,300,NEE,2024-05-29,no usable strict ordinary-day match
shareholder_proposal_outcome,cash_secured_put,21,300,META,2024-06-03,unusable event quote or stock
shareholder_proposal_outcome,cash_secured_put,21,300,CVX,2024-06-03,unusable event quote or stock
shareholder_proposal_outcome,cash_secured_put,21,300,BKNG,2024-06-06,unusable event quote or stock
shareholder_proposal_outcome,cash_secured_put,21,300,UNH,2024-06-10,no usable strict ordinary-day match
shareholder_proposal_outcome,cash_secured_put,21,300,CMCSA,2024-06-13,no usable strict ordinary-day match
shareholder_proposal_outcome,cash_secured_put,21,300,GOOGL,2024-06-14,no usable strict ordinary-day match
shareholder_proposal_outcome,cash_secured_put,21,300,TSLA,2024-06-17,no usable strict ordinary-day match
shareholder_proposal_outcome,cash_secured_put,21,300,CRM,2024-07-02,no usable strict ordinary-day match
shareholder_proposal_outcome,cash_secured_put,21,300,PG,2024-10-11,no usable strict ordinary-day match
shareholder_proposal_outcome,cash_secured_put,21,300,ORCL,2024-11-19,no usable strict ordinary-day match
shareholder_proposal_outcome,cash_secured_put,21,300,COST,2025-01-28,unusable event quote or stock
shareholder_proposal_outcome,cash_secured_put,21,300,AAPL,2025-02-26,no usable strict ordinary-day match
shareholder_proposal_outcome,cash_secured_put,21,300,DE,2025-03-03,unusable event quote or stock
shareholder_proposal_outcome,cash_secured_put,21,300,SBUX,2025-03-17,no usable strict ordinary-day match
shareholder_proposal_outcome,cash_secured_put,21,300,PFE,2025-04-29,no usable strict ordinary-day match
shareholder_proposal_outcome,cash_secured_put,21,300,JNJ,2025-05-01,no usable strict ordinary-day match
shareholder_proposal_outcome,cash_secured_put,21,300,C,2025-05-02,no usable strict ordinary-day match
shareholder_proposal_outcome,cash_secured_put,21,300,AXP,2025-05-02,no usable strict ordinary-day match
shareholder_proposal_outcome,cash_secured_put,21,300,KO,2025-05-05,no usable strict ordinary-day match
shareholder_proposal_outcome,cash_secured_put,21,300,BMY,2025-05-08,no usable strict ordinary-day match
shareholder_proposal_outcome,cash_secured_put,21,300,GILD,2025-05-09,no usable strict ordinary-day match
shareholder_proposal_outcome,cash_secured_put,21,300,GD,2025-05-12,no usable strict ordinary-day match
shareholder_proposal_outcome,cash_secured_put,21,300,UPS,2025-05-13,no usable strict ordinary-day match
shareholder_proposal_outcome,cash_secured_put,21,300,CL,2025-05-15,no usable strict ordinary-day match
shareholder_proposal_outcome,cash_secured_put,21,300,BLK,2025-05-19,no usable strict ordinary-day match
shareholder_proposal_outcome,cash_secured_put,21,300,AMD,2025-05-19,no usable strict ordinary-day match
shareholder_proposal_outcome,cash_secured_put,21,300,MS,2025-05-19,no usable strict ordinary-day match
shareholder_proposal_outcome,cash_secured_put,21,300,CVS,2025-05-21,no usable strict ordinary-day match
shareholder_proposal_outcome,cash_secured_put,21,300,JPM,2025-05-23,no usable strict ordinary-day match
shareholder_proposal_outcome,cash_secured_put,21,300,HON,2025-05-27,no usable strict ordinary-day match
shareholder_proposal_outcome,cash_secured_put,21,300,MDLZ,2025-05-28,no usable strict ordinary-day match
shareholder_proposal_outcome,cash_secured_put,21,300,SO,2025-05-28,no usable strict ordinary-day match
shareholder_proposal_outcome,cash_secured_put,21,300,VZ,2025-05-29,no usable strict ordinary-day match
shareholder_proposal_outcome,cash_secured_put,21,300,TMO,2025-05-29,no usable strict ordinary-day match
shareholder_proposal_outcome,cash_secured_put,21,300,MRK,2025-05-30,no usable strict ordinary-day match
shareholder_proposal_outcome,cash_secured_put,21,300,BKNG,2025-06-05,no usable strict ordinary-day match
shareholder_proposal_outcome,cash_secured_put,21,300,UNH,2025-06-05,no usable strict ordinary-day match
shareholder_proposal_outcome,cash_secured_put,21,300,GM,2025-06-06,no usable strict ordinary-day match
shareholder_proposal_outcome,cash_secured_put,21,300,NFLX,2025-06-09,no usable strict ordinary-day match
shareholder_proposal_outcome,cash_secured_put,21,300,WMT,2025-06-09,no usable strict ordinary-day match
shareholder_proposal_outcome,cash_secured_put,21,300,CAT,2025-06-13,no usable strict ordinary-day match
shareholder_proposal_outcome,cash_secured_put,21,300,GOOGL,2025-06-13,no usable strict ordinary-day match
shareholder_proposal_outcome,cash_secured_put,21,300,TGT,2025-06-16,no usable strict ordinary-day match
shareholder_proposal_outcome,cash_secured_put,21,300,CMCSA,2025-06-23,no usable strict ordinary-day match
shareholder_proposal_outcome,cash_secured_put,21,300,FDX,2025-10-03,unusable event quote or stock
shareholder_proposal_outcome,cash_secured_put,21,300,MSFT,2025-12-09,no usable strict ordinary-day match
underwriting_agreement,long_call,21,60,DUK,2024-01-16,unusable event quote or stock
underwriting_agreement,long_call,21,60,LMT,2024-01-30,no usable strict ordinary-day match
underwriting_agreement,long_call,21,60,COF,2024-02-02,no usable strict ordinary-day match
underwriting_agreement,long_call,21,60,TXN,2024-02-09,no usable strict ordinary-day match
underwriting_agreement,long_call,21,60,SBUX,2024-02-09,no usable strict ordinary-day match
underwriting_agreement,long_call,21,60,PM,2024-02-14,no usable strict ordinary-day match
underwriting_agreement,long_call,21,60,MDLZ,2024-02-21,no usable strict ordinary-day match
underwriting_agreement,long_call,21,60,SO,2024-02-29,no usable strict ordinary-day match
underwriting_agreement,long_call,21,60,BLK,2024-03-07,no usable strict ordinary-day match
underwriting_agreement,long_call,21,60,MO,2024-03-20,no usable strict ordinary-day match
underwriting_agreement,long_call,21,60,UNH,2024-03-22,no usable strict ordinary-day match
underwriting_agreement,long_call,21,60,ADBE,2024-04-05,no usable strict ordinary-day match
underwriting_agreement,long_call,21,60,WFC,2024-04-24,no usable strict ordinary-day match
underwriting_agreement,long_call,21,60,BRK.B,2024-04-29,no usable strict ordinary-day match
underwriting_agreement,long_call,21,60,SO,2024-05-06,unusable event quote or stock
underwriting_agreement,long_call,21,60,CVS,2024-05-09,no usable strict ordinary-day match
underwriting_agreement,long_call,21,60,KO,2024-05-09,no usable strict ordinary-day match
underwriting_agreement,long_call,21,60,MA,2024-05-10,no usable strict ordinary-day match
underwriting_agreement,long_call,21,60,JNJ,2024-05-21,no usable strict ordinary-day match
underwriting_agreement,long_call,21,60,PYPL,2024-05-22,no usable strict ordinary-day match
underwriting_agreement,long_call,21,60,CMCSA,2024-05-23,no usable strict ordinary-day match
underwriting_agreement,long_call,21,60,UPS,2024-05-23,no usable strict ordinary-day match
underwriting_agreement,long_call,21,60,MET,2024-06-06,no usable strict ordinary-day match
underwriting_agreement,long_call,21,60,PM,2024-06-07,no usable strict ordinary-day match
underwriting_agreement,long_call,21,60,HD,2024-06-20,no usable strict ordinary-day match
underwriting_agreement,long_call,21,60,MDLZ,2024-07-02,unusable event quote or stock
underwriting_agreement,long_call,21,60,PEP,2024-07-18,no usable strict ordinary-day match
underwriting_agreement,long_call,21,60,BLK,2024-07-19,no usable strict ordinary-day match
underwriting_agreement,long_call,21,60,WFC,2024-07-24,unusable event quote or stock
underwriting_agreement,long_call,21,60,UNH,2024-07-26,no usable strict ordinary-day match
underwriting_agreement,long_call,21,60,COF,2024-07-29,no usable strict ordinary-day match
underwriting_agreement,long_call,21,60,LLY,2024-08-15,no usable strict ordinary-day match
underwriting_agreement,long_call,21,60,DUK,2024-08-23,no usable strict ordinary-day match
underwriting_agreement,long_call,21,60,MDLZ,2024-08-26,unusable event quote or stock
underwriting_agreement,long_call,21,60,MA,2024-09-06,unusable event quote or stock
underwriting_agreement,long_call,21,60,UBER,2024-09-10,no usable strict ordinary-day match
underwriting_agreement,long_call,21,60,SO,2024-09-10,unusable event quote or stock
underwriting_agreement,long_call,21,60,TMUS,2024-09-27,no usable strict ordinary-day match
underwriting_agreement,long_call,21,60,MET,2024-10-01,no usable strict ordinary-day match
underwriting_agreement,long_call,21,60,ACN,2024-10-07,no usable strict ordinary-day match
underwriting_agreement,long_call,21,60,BRK.B,2024-10-24,no usable strict ordinary-day match
underwriting_agreement,long_call,21,60,PM,2024-11-04,no usable strict ordinary-day match
underwriting_agreement,long_call,21,60,GILD,2024-11-21,no usable strict ordinary-day match
underwriting_agreement,long_call,21,60,BKNG,2024-11-22,unusable event quote or stock
underwriting_agreement,long_call,21,60,CVS,2024-12-06,no usable strict ordinary-day match
underwriting_agreement,long_call,21,60,SO,2025-01-14,no usable strict ordinary-day match
underwriting_agreement,long_call,21,60,DE,2025-01-17,unusable event quote or stock
underwriting_agreement,long_call,21,60,MO,2025-02-07,no usable strict ordinary-day match
underwriting_agreement,long_call,21,60,TMUS,2025-02-12,no usable strict ordinary-day match
underwriting_agreement,long_call,21,60,SCHW,2025-02-13,no usable strict ordinary-day match
underwriting_agreement,long_call,21,60,C,2025-02-13,no usable strict ordinary-day match
underwriting_agreement,long_call,21,60,UNP,2025-02-14,no usable strict ordinary-day match
underwriting_agreement,long_call,21,60,ABBV,2025-02-20,no usable strict ordinary-day match
underwriting_agreement,long_call,21,60,JNJ,2025-02-21,no usable strict ordinary-day match
underwriting_agreement,long_call,21,60,CSCO,2025-02-25,no usable strict ordinary-day match
underwriting_agreement,long_call,21,60,CVX,2025-02-27,unusable event quote or stock
underwriting_agreement,long_call,21,60,JNJ,2025-02-27,no usable strict ordinary-day match
underwriting_agreement,long_call,21,60,SO,2025-03-03,no usable strict ordinary-day match
underwriting_agreement,long_call,21,60,EMR,2025-03-03,no usable strict ordinary-day match
underwriting_agreement,long_call,21,60,C,2025-03-05,no usable strict ordinary-day match
underwriting_agreement,long_call,21,60,BK,2025-03-11,no usable strict ordinary-day match
underwriting_agreement,long_call,21,60,MET,2025-03-14,no usable strict ordinary-day match
underwriting_agreement,long_call,21,60,MMM,2025-03-14,no usable strict ordinary-day match
underwriting_agreement,long_call,21,60,BK,2025-03-17,no usable strict ordinary-day match
underwriting_agreement,long_call,21,60,BLK,2025-03-27,unusable event quote or stock
underwriting_agreement,long_call,21,60,TMUS,2025-03-28,no usable strict ordinary-day match
underwriting_agreement,long_call,21,60,T,2025-04-01,no usable strict ordinary-day match
underwriting_agreement,long_call,21,60,XOM,2025-04-02,unusable event quote or stock
underwriting_agreement,long_call,21,60,BRK.B,2025-04-21,no usable strict ordinary-day match
underwriting_agreement,long_call,21,60,WMT,2025-04-29,no usable strict ordinary-day match
underwriting_agreement,long_call,21,60,PM,2025-05-01,no usable strict ordinary-day match
underwriting_agreement,long_call,21,60,CL,2025-05-05,no usable strict ordinary-day match
underwriting_agreement,long_call,21,60,MDLZ,2025-05-07,unusable event quote or stock
underwriting_agreement,long_call,21,60,GD,2025-05-08,unusable event quote or stock
underwriting_agreement,long_call,21,60,C,2025-05-08,no usable strict ordinary-day match
underwriting_agreement,long_call,21,60,GM,2025-05-08,no usable strict ordinary-day match
underwriting_agreement,long_call,21,60,SBUX,2025-05-09,no usable strict ordinary-day match
underwriting_agreement,long_call,21,60,CMCSA,2025-05-09,no usable strict ordinary-day match
underwriting_agreement,long_call,21,60,BKNG,2025-05-12,unusable event quote or stock
underwriting_agreement,long_call,21,60,UPS,2025-05-15,unusable event quote or stock
underwriting_agreement,long_call,21,60,CAT,2025-05-16,unusable event quote or stock
underwriting_agreement,long_call,21,60,UPS,2025-05-21,no usable strict ordinary-day match
underwriting_agreement,long_call,21,60,T,2025-06-04,no usable strict ordinary-day match
underwriting_agreement,long_call,21,60,PM,2025-06-09,no usable strict ordinary-day match
underwriting_agreement,long_call,21,60,UNH,2025-06-23,unusable event quote or stock
underwriting_agreement,long_call,21,60,PEP,2025-07-24,no usable strict ordinary-day match
underwriting_agreement,long_call,21,60,FDX,2025-07-25,unusable event quote or stock
underwriting_agreement,long_call,21,60,BAC,2025-07-25,no usable strict ordinary-day match
underwriting_agreement,long_call,21,60,PEP,2025-07-29,no usable strict ordinary-day match
underwriting_agreement,long_call,21,60,LMT,2025-07-29,no usable strict ordinary-day match
underwriting_agreement,long_call,21,60,MO,2025-08-07,unusable event quote or stock
underwriting_agreement,long_call,21,60,CHTR,2025-08-21,no usable strict ordinary-day match
underwriting_agreement,long_call,21,60,UBER,2025-09-12,no usable strict ordinary-day match
underwriting_agreement,long_call,21,60,DUK,2025-09-12,no usable strict ordinary-day match
underwriting_agreement,long_call,21,60,MDT,2025-09-17,unusable event quote or stock
underwriting_agreement,long_call,21,60,T,2025-09-17,no usable strict ordinary-day match
underwriting_agreement,long_call,21,60,AVGO,2025-09-30,no usable strict ordinary-day match
underwriting_agreement,long_call,21,60,TMO,2025-10-08,unusable event quote or stock
underwriting_agreement,long_call,21,60,TMUS,2025-10-10,unusable event quote or stock
underwriting_agreement,long_call,21,60,PM,2025-10-30,no usable strict ordinary-day match
underwriting_agreement,long_call,21,60,META,2025-11-04,no usable strict ordinary-day match
underwriting_agreement,long_call,21,60,SO,2025-11-07,unusable event quote or stock
underwriting_agreement,long_call,21,60,BKNG,2025-11-10,no usable strict ordinary-day match
underwriting_agreement,long_call,21,60,BMY,2025-11-11,no usable strict ordinary-day match
underwriting_agreement,long_call,21,60,CL,2025-11-11,no usable strict ordinary-day match
underwriting_agreement,long_call,21,60,XOM,2025-11-14,no usable strict ordinary-day match
underwriting_agreement,long_call,21,60,SCHW,2025-11-17,no usable strict ordinary-day match
underwriting_agreement,long_call,21,60,BRK.B,2025-11-24,unusable event quote or stock
underwriting_agreement,long_call,21,60,PFE,2025-11-24,unusable event quote or stock
underwriting_agreement,long_call,21,60,TMO,2025-12-02,unusable event quote or stock
underwriting_agreement,long_call,21,60,CVX,2025-12-10,no usable strict ordinary-day match
underwriting_agreement,covered_call,21,60,DUK,2024-01-16,unusable event quote or stock
underwriting_agreement,covered_call,21,60,LMT,2024-01-30,no usable strict ordinary-day match
underwriting_agreement,covered_call,21,60,COF,2024-02-02,no usable strict ordinary-day match
underwriting_agreement,covered_call,21,60,TXN,2024-02-09,no usable strict ordinary-day match
underwriting_agreement,covered_call,21,60,SBUX,2024-02-09,no usable strict ordinary-day match
underwriting_agreement,covered_call,21,60,PM,2024-02-14,no usable strict ordinary-day match
underwriting_agreement,covered_call,21,60,MDLZ,2024-02-21,unusable event quote or stock
underwriting_agreement,covered_call,21,60,SO,2024-02-29,no usable strict ordinary-day match
underwriting_agreement,covered_call,21,60,BLK,2024-03-07,no usable strict ordinary-day match
underwriting_agreement,covered_call,21,60,MO,2024-03-20,unusable event quote or stock
underwriting_agreement,covered_call,21,60,UNH,2024-03-22,no usable strict ordinary-day match
underwriting_agreement,covered_call,21,60,ADBE,2024-04-05,no usable strict ordinary-day match
underwriting_agreement,covered_call,21,60,WFC,2024-04-24,no usable strict ordinary-day match
underwriting_agreement,covered_call,21,60,BRK.B,2024-04-29,no usable strict ordinary-day match
underwriting_agreement,covered_call,21,60,SO,2024-05-06,unusable event quote or stock
underwriting_agreement,covered_call,21,60,CVS,2024-05-09,no usable strict ordinary-day match
underwriting_agreement,covered_call,21,60,KO,2024-05-09,no usable strict ordinary-day match
underwriting_agreement,covered_call,21,60,MA,2024-05-10,no usable strict ordinary-day match
underwriting_agreement,covered_call,21,60,JNJ,2024-05-21,no usable strict ordinary-day match
underwriting_agreement,covered_call,21,60,PYPL,2024-05-22,no usable strict ordinary-day match
underwriting_agreement,covered_call,21,60,CMCSA,2024-05-23,no usable strict ordinary-day match
underwriting_agreement,covered_call,21,60,UPS,2024-05-23,unusable event quote or stock
underwriting_agreement,covered_call,21,60,MET,2024-06-06,unusable event quote or stock
underwriting_agreement,covered_call,21,60,PM,2024-06-07,no usable strict ordinary-day match
underwriting_agreement,covered_call,21,60,HD,2024-06-20,no usable strict ordinary-day match
underwriting_agreement,covered_call,21,60,MDLZ,2024-07-02,unusable event quote or stock
underwriting_agreement,covered_call,21,60,PEP,2024-07-18,no usable strict ordinary-day match
underwriting_agreement,covered_call,21,60,BLK,2024-07-19,no usable strict ordinary-day match
underwriting_agreement,covered_call,21,60,UNH,2024-07-26,no usable strict ordinary-day match
underwriting_agreement,covered_call,21,60,COF,2024-07-29,no usable strict ordinary-day match
underwriting_agreement,covered_call,21,60,KO,2024-08-12,no usable strict ordinary-day match
underwriting_agreement,covered_call,21,60,LLY,2024-08-15,no usable strict ordinary-day match
underwriting_agreement,covered_call,21,60,DUK,2024-08-23,unusable event quote or stock
underwriting_agreement,covered_call,21,60,MDLZ,2024-08-26,unusable event quote or stock
underwriting_agreement,covered_call,21,60,MA,2024-09-06,unusable event quote or stock
underwriting_agreement,covered_call,21,60,UBER,2024-09-10,no usable strict ordinary-day match
underwriting_agreement,covered_call,21,60,SO,2024-09-10,unusable event quote or stock
underwriting_agreement,covered_call,21,60,TMUS,2024-09-27,no usable strict ordinary-day match
underwriting_agreement,covered_call,21,60,MET,2024-10-01,no usable strict ordinary-day match
underwriting_agreement,covered_call,21,60,ACN,2024-10-07,no usable strict ordinary-day match
underwriting_agreement,covered_call,21,60,BRK.B,2024-10-24,no usable strict ordinary-day match
underwriting_agreement,covered_call,21,60,PM,2024-11-04,no usable strict ordinary-day match
underwriting_agreement,covered_call,21,60,GILD,2024-11-21,no usable strict ordinary-day match
underwriting_agreement,covered_call,21,60,BKNG,2024-11-22,unusable event quote or stock
underwriting_agreement,covered_call,21,60,CVS,2024-12-06,no usable strict ordinary-day match
underwriting_agreement,covered_call,21,60,SO,2025-01-14,unusable event quote or stock
underwriting_agreement,covered_call,21,60,DE,2025-01-17,unusable event quote or stock
underwriting_agreement,covered_call,21,60,MO,2025-02-07,no usable strict ordinary-day match
underwriting_agreement,covered_call,21,60,IBM,2025-02-10,unusable event quote or stock
underwriting_agreement,covered_call,21,60,TMUS,2025-02-12,no usable strict ordinary-day match
underwriting_agreement,covered_call,21,60,SCHW,2025-02-13,no usable strict ordinary-day match
underwriting_agreement,covered_call,21,60,C,2025-02-13,no usable strict ordinary-day match
underwriting_agreement,covered_call,21,60,UNP,2025-02-14,no usable strict ordinary-day match
underwriting_agreement,covered_call,21,60,ABBV,2025-02-20,no usable strict ordinary-day match
underwriting_agreement,covered_call,21,60,JNJ,2025-02-21,no usable strict ordinary-day match
underwriting_agreement,covered_call,21,60,CSCO,2025-02-25,no usable strict ordinary-day match
underwriting_agreement,covered_call,21,60,CVX,2025-02-27,no usable strict ordinary-day match
underwriting_agreement,covered_call,21,60,JNJ,2025-02-27,no usable strict ordinary-day match
underwriting_agreement,covered_call,21,60,SO,2025-03-03,no usable strict ordinary-day match
underwriting_agreement,covered_call,21,60,EMR,2025-03-03,unusable event quote or stock
underwriting_agreement,covered_call,21,60,C,2025-03-05,no usable strict ordinary-day match
underwriting_agreement,covered_call,21,60,BK,2025-03-11,no usable strict ordinary-day match
underwriting_agreement,covered_call,21,60,MET,2025-03-14,unusable event quote or stock
underwriting_agreement,covered_call,21,60,MMM,2025-03-14,no usable strict ordinary-day match
underwriting_agreement,covered_call,21,60,BK,2025-03-17,no usable strict ordinary-day match
underwriting_agreement,covered_call,21,60,BLK,2025-03-27,unusable event quote or stock
underwriting_agreement,covered_call,21,60,TMUS,2025-03-28,unusable event quote or stock
underwriting_agreement,covered_call,21,60,T,2025-04-01,no usable strict ordinary-day match
underwriting_agreement,covered_call,21,60,XOM,2025-04-02,unusable event quote or stock
underwriting_agreement,covered_call,21,60,BRK.B,2025-04-21,no usable strict ordinary-day match
underwriting_agreement,covered_call,21,60,WMT,2025-04-29,no usable strict ordinary-day match
underwriting_agreement,covered_call,21,60,PM,2025-05-01,unusable event quote or stock
underwriting_agreement,covered_call,21,60,CL,2025-05-05,no usable strict ordinary-day match
underwriting_agreement,covered_call,21,60,MDLZ,2025-05-07,unusable event quote or stock
underwriting_agreement,covered_call,21,60,GD,2025-05-08,unusable event quote or stock
underwriting_agreement,covered_call,21,60,C,2025-05-08,no usable strict ordinary-day match
underwriting_agreement,covered_call,21,60,GM,2025-05-08,no usable strict ordinary-day match
underwriting_agreement,covered_call,21,60,SBUX,2025-05-09,no usable strict ordinary-day match
underwriting_agreement,covered_call,21,60,CMCSA,2025-05-09,no usable strict ordinary-day match
underwriting_agreement,covered_call,21,60,BKNG,2025-05-12,unusable event quote or stock
underwriting_agreement,covered_call,21,60,UPS,2025-05-15,no usable strict ordinary-day match
underwriting_agreement,covered_call,21,60,CAT,2025-05-16,no usable strict ordinary-day match
underwriting_agreement,covered_call,21,60,UPS,2025-05-21,no usable strict ordinary-day match
underwriting_agreement,covered_call,21,60,T,2025-06-04,unusable event quote or stock
underwriting_agreement,covered_call,21,60,PM,2025-06-09,unusable event quote or stock
underwriting_agreement,covered_call,21,60,UNH,2025-06-23,no usable strict ordinary-day match
underwriting_agreement,covered_call,21,60,PEP,2025-07-24,no usable strict ordinary-day match
underwriting_agreement,covered_call,21,60,FDX,2025-07-25,unusable event quote or stock
underwriting_agreement,covered_call,21,60,BAC,2025-07-25,no usable strict ordinary-day match
underwriting_agreement,covered_call,21,60,PEP,2025-07-29,no usable strict ordinary-day match
underwriting_agreement,covered_call,21,60,LMT,2025-07-29,no usable strict ordinary-day match
underwriting_agreement,covered_call,21,60,MO,2025-08-07,no usable strict ordinary-day match
underwriting_agreement,covered_call,21,60,CHTR,2025-08-21,no usable strict ordinary-day match
underwriting_agreement,covered_call,21,60,BK,2025-09-11,unusable event quote or stock
underwriting_agreement,covered_call,21,60,UBER,2025-09-12,no usable strict ordinary-day match
underwriting_agreement,covered_call,21,60,DUK,2025-09-12,unusable event quote or stock
underwriting_agreement,covered_call,21,60,MDT,2025-09-17,unusable event quote or stock
underwriting_agreement,covered_call,21,60,T,2025-09-17,no usable strict ordinary-day match
underwriting_agreement,covered_call,21,60,AVGO,2025-09-30,no usable strict ordinary-day match
underwriting_agreement,covered_call,21,60,TMO,2025-10-08,unusable event quote or stock
underwriting_agreement,covered_call,21,60,TMUS,2025-10-10,unusable event quote or stock
underwriting_agreement,covered_call,21,60,PM,2025-10-30,no usable strict ordinary-day match
underwriting_agreement,covered_call,21,60,META,2025-11-04,no usable strict ordinary-day match
underwriting_agreement,covered_call,21,60,BKNG,2025-11-10,no usable strict ordinary-day match
underwriting_agreement,covered_call,21,60,BMY,2025-11-11,no usable strict ordinary-day match
underwriting_agreement,covered_call,21,60,CL,2025-11-11,unusable event quote or stock
underwriting_agreement,covered_call,21,60,XOM,2025-11-14,no usable strict ordinary-day match
underwriting_agreement,covered_call,21,60,SCHW,2025-11-17,no usable strict ordinary-day match
underwriting_agreement,covered_call,21,60,BRK.B,2025-11-24,unusable event quote or stock
underwriting_agreement,covered_call,21,60,PFE,2025-11-24,unusable event quote or stock
underwriting_agreement,covered_call,21,60,TMO,2025-12-02,unusable event quote or stock
underwriting_agreement,covered_call,21,60,CVX,2025-12-10,no usable strict ordinary-day match
underwriting_agreement,protective_put,21,60,DUK,2024-01-16,no usable strict ordinary-day match
underwriting_agreement,protective_put,21,60,LMT,2024-01-30,no usable strict ordinary-day match
underwriting_agreement,protective_put,21,60,COF,2024-02-02,no usable strict ordinary-day match
underwriting_agreement,protective_put,21,60,TXN,2024-02-09,no usable strict ordinary-day match
underwriting_agreement,protective_put,21,60,SBUX,2024-02-09,no usable strict ordinary-day match
underwriting_agreement,protective_put,21,60,PM,2024-02-14,no usable strict ordinary-day match
underwriting_agreement,protective_put,21,60,MDLZ,2024-02-21,no usable strict ordinary-day match
underwriting_agreement,protective_put,21,60,SO,2024-02-29,unusable event quote or stock
underwriting_agreement,protective_put,21,60,BLK,2024-03-07,no usable strict ordinary-day match
underwriting_agreement,protective_put,21,60,MO,2024-03-20,no usable strict ordinary-day match
underwriting_agreement,protective_put,21,60,UNH,2024-03-22,no usable strict ordinary-day match
underwriting_agreement,protective_put,21,60,ADBE,2024-04-05,no usable strict ordinary-day match
underwriting_agreement,protective_put,21,60,BRK.B,2024-04-29,no usable strict ordinary-day match
underwriting_agreement,protective_put,21,60,SO,2024-05-06,no usable strict ordinary-day match
underwriting_agreement,protective_put,21,60,CVS,2024-05-09,unusable event quote or stock
underwriting_agreement,protective_put,21,60,KO,2024-05-09,no usable strict ordinary-day match
underwriting_agreement,protective_put,21,60,MA,2024-05-10,no usable strict ordinary-day match
underwriting_agreement,protective_put,21,60,JNJ,2024-05-21,no usable strict ordinary-day match
underwriting_agreement,protective_put,21,60,PYPL,2024-05-22,no usable strict ordinary-day match
underwriting_agreement,protective_put,21,60,CMCSA,2024-05-23,no usable strict ordinary-day match
underwriting_agreement,protective_put,21,60,UPS,2024-05-23,no usable strict ordinary-day match
underwriting_agreement,protective_put,21,60,MET,2024-06-06,no usable strict ordinary-day match
underwriting_agreement,protective_put,21,60,PM,2024-06-07,no usable strict ordinary-day match
underwriting_agreement,protective_put,21,60,HD,2024-06-20,no usable strict ordinary-day match
underwriting_agreement,protective_put,21,60,MDLZ,2024-07-02,unusable event quote or stock
underwriting_agreement,protective_put,21,60,PEP,2024-07-18,no usable strict ordinary-day match
underwriting_agreement,protective_put,21,60,BLK,2024-07-19,no usable strict ordinary-day match
underwriting_agreement,protective_put,21,60,UNH,2024-07-26,no usable strict ordinary-day match
underwriting_agreement,protective_put,21,60,COF,2024-07-29,unusable event quote or stock
underwriting_agreement,protective_put,21,60,LLY,2024-08-15,no usable strict ordinary-day match
underwriting_agreement,protective_put,21,60,DUK,2024-08-23,no usable strict ordinary-day match
underwriting_agreement,protective_put,21,60,MDLZ,2024-08-26,unusable event quote or stock
underwriting_agreement,protective_put,21,60,MA,2024-09-06,unusable event quote or stock
underwriting_agreement,protective_put,21,60,UBER,2024-09-10,no usable strict ordinary-day match
underwriting_agreement,protective_put,21,60,TMUS,2024-09-27,unusable event quote or stock
underwriting_agreement,protective_put,21,60,CMCSA,2024-09-27,unusable event quote or stock
underwriting_agreement,protective_put,21,60,MET,2024-10-01,no usable strict ordinary-day match
underwriting_agreement,protective_put,21,60,ACN,2024-10-07,no usable strict ordinary-day match
underwriting_agreement,protective_put,21,60,BRK.B,2024-10-24,no usable strict ordinary-day match
underwriting_agreement,protective_put,21,60,PM,2024-11-04,no usable strict ordinary-day match
underwriting_agreement,protective_put,21,60,GILD,2024-11-21,no usable strict ordinary-day match
underwriting_agreement,protective_put,21,60,BKNG,2024-11-22,unusable event quote or stock
underwriting_agreement,protective_put,21,60,CVS,2024-12-06,no usable strict ordinary-day match
underwriting_agreement,protective_put,21,60,SO,2025-01-14,unusable event quote or stock
underwriting_agreement,protective_put,21,60,DE,2025-01-17,no usable strict ordinary-day match
underwriting_agreement,protective_put,21,60,ADBE,2025-01-21,unusable event quote or stock
underwriting_agreement,protective_put,21,60,MO,2025-02-07,no usable strict ordinary-day match
underwriting_agreement,protective_put,21,60,PEP,2025-02-10,unusable event quote or stock
underwriting_agreement,protective_put,21,60,TMUS,2025-02-12,no usable strict ordinary-day match
underwriting_agreement,protective_put,21,60,LLY,2025-02-13,unusable event quote or stock
underwriting_agreement,protective_put,21,60,SCHW,2025-02-13,no usable strict ordinary-day match
underwriting_agreement,protective_put,21,60,C,2025-02-13,no usable strict ordinary-day match
underwriting_agreement,protective_put,21,60,UNP,2025-02-14,unusable event quote or stock
underwriting_agreement,protective_put,21,60,ABBV,2025-02-20,no usable strict ordinary-day match
underwriting_agreement,protective_put,21,60,JNJ,2025-02-21,no usable strict ordinary-day match
underwriting_agreement,protective_put,21,60,CSCO,2025-02-25,no usable strict ordinary-day match
underwriting_agreement,protective_put,21,60,CVX,2025-02-27,no usable strict ordinary-day match
underwriting_agreement,protective_put,21,60,JNJ,2025-02-27,no usable strict ordinary-day match
underwriting_agreement,protective_put,21,60,SO,2025-03-03,no usable strict ordinary-day match
underwriting_agreement,protective_put,21,60,EMR,2025-03-03,no usable strict ordinary-day match
underwriting_agreement,protective_put,21,60,C,2025-03-05,no usable strict ordinary-day match
underwriting_agreement,protective_put,21,60,BK,2025-03-11,no usable strict ordinary-day match
underwriting_agreement,protective_put,21,60,MET,2025-03-14,no usable strict ordinary-day match
underwriting_agreement,protective_put,21,60,MMM,2025-03-14,no usable strict ordinary-day match
underwriting_agreement,protective_put,21,60,BK,2025-03-17,unusable event quote or stock
underwriting_agreement,protective_put,21,60,BLK,2025-03-27,unusable event quote or stock
underwriting_agreement,protective_put,21,60,TMUS,2025-03-28,no usable strict ordinary-day match
underwriting_agreement,protective_put,21,60,T,2025-04-01,no usable strict ordinary-day match
underwriting_agreement,protective_put,21,60,BRK.B,2025-04-21,no usable strict ordinary-day match
underwriting_agreement,protective_put,21,60,WMT,2025-04-29,no usable strict ordinary-day match
underwriting_agreement,protective_put,21,60,PM,2025-05-01,no usable strict ordinary-day match
underwriting_agreement,protective_put,21,60,CL,2025-05-05,no usable strict ordinary-day match
underwriting_agreement,protective_put,21,60,MDLZ,2025-05-07,unusable event quote or stock
underwriting_agreement,protective_put,21,60,GD,2025-05-08,unusable event quote or stock
underwriting_agreement,protective_put,21,60,C,2025-05-08,no usable strict ordinary-day match
underwriting_agreement,protective_put,21,60,GM,2025-05-08,no usable strict ordinary-day match
underwriting_agreement,protective_put,21,60,SBUX,2025-05-09,no usable strict ordinary-day match
underwriting_agreement,protective_put,21,60,CMCSA,2025-05-09,no usable strict ordinary-day match
underwriting_agreement,protective_put,21,60,BKNG,2025-05-12,unusable event quote or stock
underwriting_agreement,protective_put,21,60,UPS,2025-05-15,no usable strict ordinary-day match
underwriting_agreement,protective_put,21,60,CAT,2025-05-16,no usable strict ordinary-day match
underwriting_agreement,protective_put,21,60,PFE,2025-05-20,no usable strict ordinary-day match
underwriting_agreement,protective_put,21,60,UPS,2025-05-21,no usable strict ordinary-day match
underwriting_agreement,protective_put,21,60,T,2025-06-04,unusable event quote or stock
underwriting_agreement,protective_put,21,60,PM,2025-06-09,no usable strict ordinary-day match
underwriting_agreement,protective_put,21,60,UNH,2025-06-23,no usable strict ordinary-day match
underwriting_agreement,protective_put,21,60,PEP,2025-07-24,no usable strict ordinary-day match
underwriting_agreement,protective_put,21,60,FDX,2025-07-25,unusable event quote or stock
underwriting_agreement,protective_put,21,60,BAC,2025-07-25,no usable strict ordinary-day match
underwriting_agreement,protective_put,21,60,PEP,2025-07-29,no usable strict ordinary-day match
underwriting_agreement,protective_put,21,60,LMT,2025-07-29,no usable strict ordinary-day match
underwriting_agreement,protective_put,21,60,MO,2025-08-07,no usable strict ordinary-day match
underwriting_agreement,protective_put,21,60,CHTR,2025-08-21,no usable strict ordinary-day match
underwriting_agreement,protective_put,21,60,BK,2025-09-11,unusable event quote or stock
underwriting_agreement,protective_put,21,60,UBER,2025-09-12,no usable strict ordinary-day match
underwriting_agreement,protective_put,21,60,DUK,2025-09-12,no usable strict ordinary-day match
underwriting_agreement,protective_put,21,60,MDT,2025-09-17,unusable event quote or stock
underwriting_agreement,protective_put,21,60,T,2025-09-17,no usable strict ordinary-day match
underwriting_agreement,protective_put,21,60,AVGO,2025-09-30,no usable strict ordinary-day match
underwriting_agreement,protective_put,21,60,TMO,2025-10-08,unusable event quote or stock
underwriting_agreement,protective_put,21,60,TMUS,2025-10-10,no usable strict ordinary-day match
underwriting_agreement,protective_put,21,60,PM,2025-10-30,no usable strict ordinary-day match
underwriting_agreement,protective_put,21,60,META,2025-11-04,no usable strict ordinary-day match
underwriting_agreement,protective_put,21,60,SO,2025-11-07,unusable event quote or stock
underwriting_agreement,protective_put,21,60,BKNG,2025-11-10,no usable strict ordinary-day match
underwriting_agreement,protective_put,21,60,BMY,2025-11-11,unusable event quote or stock
underwriting_agreement,protective_put,21,60,CL,2025-11-11,no usable strict ordinary-day match
underwriting_agreement,protective_put,21,60,XOM,2025-11-14,no usable strict ordinary-day match
underwriting_agreement,protective_put,21,60,SCHW,2025-11-17,no usable strict ordinary-day match
underwriting_agreement,protective_put,21,60,BRK.B,2025-11-24,unusable event quote or stock
underwriting_agreement,protective_put,21,60,PFE,2025-11-24,unusable event quote or stock
underwriting_agreement,protective_put,21,60,TMO,2025-12-02,unusable event quote or stock
underwriting_agreement,protective_put,21,60,CVX,2025-12-10,no usable strict ordinary-day match
underwriting_agreement,collar,21,60,DUK,2024-01-16,unusable event quote or stock
underwriting_agreement,collar,21,60,LMT,2024-01-30,no usable strict ordinary-day match
underwriting_agreement,collar,21,60,COF,2024-02-02,no usable strict ordinary-day match
underwriting_agreement,collar,21,60,TXN,2024-02-09,no usable strict ordinary-day match
underwriting_agreement,collar,21,60,SBUX,2024-02-09,no usable strict ordinary-day match
underwriting_agreement,collar,21,60,PM,2024-02-14,no usable strict ordinary-day match
underwriting_agreement,collar,21,60,MDLZ,2024-02-21,unusable event quote or stock
underwriting_agreement,collar,21,60,SO,2024-02-29,unusable event quote or stock
underwriting_agreement,collar,21,60,BLK,2024-03-07,no usable strict ordinary-day match
underwriting_agreement,collar,21,60,MO,2024-03-20,unusable event quote or stock
underwriting_agreement,collar,21,60,UNH,2024-03-22,no usable strict ordinary-day match
underwriting_agreement,collar,21,60,ADBE,2024-04-05,no usable strict ordinary-day match
underwriting_agreement,collar,21,60,WFC,2024-04-24,no usable strict ordinary-day match
underwriting_agreement,collar,21,60,BRK.B,2024-04-29,no usable strict ordinary-day match
underwriting_agreement,collar,21,60,SO,2024-05-06,unusable event quote or stock
underwriting_agreement,collar,21,60,CVS,2024-05-09,unusable event quote or stock
underwriting_agreement,collar,21,60,KO,2024-05-09,no usable strict ordinary-day match
underwriting_agreement,collar,21,60,MA,2024-05-10,no usable strict ordinary-day match
underwriting_agreement,collar,21,60,JNJ,2024-05-21,no usable strict ordinary-day match
underwriting_agreement,collar,21,60,PYPL,2024-05-22,no usable strict ordinary-day match
underwriting_agreement,collar,21,60,CMCSA,2024-05-23,no usable strict ordinary-day match
underwriting_agreement,collar,21,60,UPS,2024-05-23,unusable event quote or stock
underwriting_agreement,collar,21,60,MET,2024-06-06,unusable event quote or stock
underwriting_agreement,collar,21,60,PM,2024-06-07,no usable strict ordinary-day match
underwriting_agreement,collar,21,60,HD,2024-06-20,no usable strict ordinary-day match
underwriting_agreement,collar,21,60,MDLZ,2024-07-02,unusable event quote or stock
underwriting_agreement,collar,21,60,PEP,2024-07-18,no usable strict ordinary-day match
underwriting_agreement,collar,21,60,BLK,2024-07-19,no usable strict ordinary-day match
underwriting_agreement,collar,21,60,UNH,2024-07-26,no usable strict ordinary-day match
underwriting_agreement,collar,21,60,COF,2024-07-29,unusable event quote or stock
underwriting_agreement,collar,21,60,KO,2024-08-12,no usable strict ordinary-day match
underwriting_agreement,collar,21,60,LLY,2024-08-15,no usable strict ordinary-day match
underwriting_agreement,collar,21,60,DUK,2024-08-23,unusable event quote or stock
underwriting_agreement,collar,21,60,MDLZ,2024-08-26,unusable event quote or stock
underwriting_agreement,collar,21,60,MA,2024-09-06,unusable event quote or stock
underwriting_agreement,collar,21,60,UBER,2024-09-10,no usable strict ordinary-day match
underwriting_agreement,collar,21,60,SO,2024-09-10,unusable event quote or stock
underwriting_agreement,collar,21,60,TMUS,2024-09-27,unusable event quote or stock
underwriting_agreement,collar,21,60,CMCSA,2024-09-27,unusable event quote or stock
underwriting_agreement,collar,21,60,MET,2024-10-01,no usable strict ordinary-day match
underwriting_agreement,collar,21,60,ACN,2024-10-07,no usable strict ordinary-day match
underwriting_agreement,collar,21,60,BRK.B,2024-10-24,no usable strict ordinary-day match
underwriting_agreement,collar,21,60,PM,2024-11-04,no usable strict ordinary-day match
underwriting_agreement,collar,21,60,GILD,2024-11-21,no usable strict ordinary-day match
underwriting_agreement,collar,21,60,BKNG,2024-11-22,unusable event quote or stock
underwriting_agreement,collar,21,60,CVS,2024-12-06,no usable strict ordinary-day match
underwriting_agreement,collar,21,60,SO,2025-01-14,unusable event quote or stock
underwriting_agreement,collar,21,60,DE,2025-01-17,unusable event quote or stock
underwriting_agreement,collar,21,60,ADBE,2025-01-21,unusable event quote or stock
underwriting_agreement,collar,21,60,MO,2025-02-07,no usable strict ordinary-day match
underwriting_agreement,collar,21,60,IBM,2025-02-10,unusable event quote or stock
underwriting_agreement,collar,21,60,PEP,2025-02-10,unusable event quote or stock
underwriting_agreement,collar,21,60,TMUS,2025-02-12,no usable strict ordinary-day match
underwriting_agreement,collar,21,60,LLY,2025-02-13,unusable event quote or stock
underwriting_agreement,collar,21,60,SCHW,2025-02-13,no usable strict ordinary-day match
underwriting_agreement,collar,21,60,C,2025-02-13,no usable strict ordinary-day match
underwriting_agreement,collar,21,60,UNP,2025-02-14,unusable event quote or stock
underwriting_agreement,collar,21,60,ABBV,2025-02-20,no usable strict ordinary-day match
underwriting_agreement,collar,21,60,JNJ,2025-02-21,no usable strict ordinary-day match
underwriting_agreement,collar,21,60,CSCO,2025-02-25,no usable strict ordinary-day match
underwriting_agreement,collar,21,60,CVX,2025-02-27,no usable strict ordinary-day match
underwriting_agreement,collar,21,60,JNJ,2025-02-27,no usable strict ordinary-day match
underwriting_agreement,collar,21,60,SO,2025-03-03,no usable strict ordinary-day match
underwriting_agreement,collar,21,60,EMR,2025-03-03,unusable event quote or stock
underwriting_agreement,collar,21,60,C,2025-03-05,no usable strict ordinary-day match
underwriting_agreement,collar,21,60,BK,2025-03-11,no usable strict ordinary-day match
underwriting_agreement,collar,21,60,MET,2025-03-14,unusable event quote or stock
underwriting_agreement,collar,21,60,MMM,2025-03-14,no usable strict ordinary-day match
underwriting_agreement,collar,21,60,BK,2025-03-17,unusable event quote or stock
underwriting_agreement,collar,21,60,BLK,2025-03-27,unusable event quote or stock
underwriting_agreement,collar,21,60,TMUS,2025-03-28,unusable event quote or stock
underwriting_agreement,collar,21,60,T,2025-04-01,no usable strict ordinary-day match
underwriting_agreement,collar,21,60,XOM,2025-04-02,unusable event quote or stock
underwriting_agreement,collar,21,60,BRK.B,2025-04-21,no usable strict ordinary-day match
underwriting_agreement,collar,21,60,WMT,2025-04-29,no usable strict ordinary-day match
underwriting_agreement,collar,21,60,PM,2025-05-01,unusable event quote or stock
underwriting_agreement,collar,21,60,CL,2025-05-05,no usable strict ordinary-day match
underwriting_agreement,collar,21,60,MDLZ,2025-05-07,unusable event quote or stock
underwriting_agreement,collar,21,60,GD,2025-05-08,unusable event quote or stock
underwriting_agreement,collar,21,60,C,2025-05-08,no usable strict ordinary-day match
underwriting_agreement,collar,21,60,GM,2025-05-08,no usable strict ordinary-day match
underwriting_agreement,collar,21,60,SBUX,2025-05-09,no usable strict ordinary-day match
underwriting_agreement,collar,21,60,CMCSA,2025-05-09,no usable strict ordinary-day match
underwriting_agreement,collar,21,60,BKNG,2025-05-12,unusable event quote or stock
underwriting_agreement,collar,21,60,UPS,2025-05-15,no usable strict ordinary-day match
underwriting_agreement,collar,21,60,CAT,2025-05-16,no usable strict ordinary-day match
underwriting_agreement,collar,21,60,PFE,2025-05-20,no usable strict ordinary-day match
underwriting_agreement,collar,21,60,UPS,2025-05-21,no usable strict ordinary-day match
underwriting_agreement,collar,21,60,T,2025-06-04,unusable event quote or stock
underwriting_agreement,collar,21,60,PM,2025-06-09,unusable event quote or stock
underwriting_agreement,collar,21,60,UNH,2025-06-23,no usable strict ordinary-day match
underwriting_agreement,collar,21,60,PEP,2025-07-24,no usable strict ordinary-day match
underwriting_agreement,collar,21,60,FDX,2025-07-25,unusable event quote or stock
underwriting_agreement,collar,21,60,BAC,2025-07-25,no usable strict ordinary-day match
underwriting_agreement,collar,21,60,PEP,2025-07-29,no usable strict ordinary-day match
underwriting_agreement,collar,21,60,LMT,2025-07-29,no usable strict ordinary-day match
underwriting_agreement,collar,21,60,MO,2025-08-07,no usable strict ordinary-day match
underwriting_agreement,collar,21,60,CHTR,2025-08-21,no usable strict ordinary-day match
underwriting_agreement,collar,21,60,BK,2025-09-11,unusable event quote or stock
underwriting_agreement,collar,21,60,UBER,2025-09-12,no usable strict ordinary-day match
underwriting_agreement,collar,21,60,DUK,2025-09-12,unusable event quote or stock
underwriting_agreement,collar,21,60,MDT,2025-09-17,unusable event quote or stock
underwriting_agreement,collar,21,60,T,2025-09-17,no usable strict ordinary-day match
underwriting_agreement,collar,21,60,AVGO,2025-09-30,no usable strict ordinary-day match
underwriting_agreement,collar,21,60,TMO,2025-10-08,unusable event quote or stock
underwriting_agreement,collar,21,60,TMUS,2025-10-10,unusable event quote or stock
underwriting_agreement,collar,21,60,PM,2025-10-30,no usable strict ordinary-day match
underwriting_agreement,collar,21,60,META,2025-11-04,no usable strict ordinary-day match
underwriting_agreement,collar,21,60,SO,2025-11-07,unusable event quote or stock
underwriting_agreement,collar,21,60,BKNG,2025-11-10,no usable strict ordinary-day match
underwriting_agreement,collar,21,60,BMY,2025-11-11,unusable event quote or stock
underwriting_agreement,collar,21,60,CL,2025-11-11,unusable event quote or stock
underwriting_agreement,collar,21,60,XOM,2025-11-14,no usable strict ordinary-day match
underwriting_agreement,collar,21,60,SCHW,2025-11-17,no usable strict ordinary-day match
underwriting_agreement,collar,21,60,BRK.B,2025-11-24,unusable event quote or stock
underwriting_agreement,collar,21,60,PFE,2025-11-24,unusable event quote or stock
underwriting_agreement,collar,21,60,TMO,2025-12-02,unusable event quote or stock
underwriting_agreement,collar,21,60,CVX,2025-12-10,no usable strict ordinary-day match
underwriting_agreement,cash_secured_put,21,60,DUK,2024-01-16,no usable strict ordinary-day match
underwriting_agreement,cash_secured_put,21,60,LMT,2024-01-30,no usable strict ordinary-day match
underwriting_agreement,cash_secured_put,21,60,COF,2024-02-02,no usable strict ordinary-day match
underwriting_agreement,cash_secured_put,21,60,TXN,2024-02-09,no usable strict ordinary-day match
underwriting_agreement,cash_secured_put,21,60,SBUX,2024-02-09,no usable strict ordinary-day match
underwriting_agreement,cash_secured_put,21,60,PM,2024-02-14,no usable strict ordinary-day match
underwriting_agreement,cash_secured_put,21,60,MDLZ,2024-02-21,no usable strict ordinary-day match
underwriting_agreement,cash_secured_put,21,60,SO,2024-02-29,unusable event quote or stock
underwriting_agreement,cash_secured_put,21,60,BLK,2024-03-07,no usable strict ordinary-day match
underwriting_agreement,cash_secured_put,21,60,MO,2024-03-20,no usable strict ordinary-day match
underwriting_agreement,cash_secured_put,21,60,UNH,2024-03-22,no usable strict ordinary-day match
underwriting_agreement,cash_secured_put,21,60,ADBE,2024-04-05,no usable strict ordinary-day match
underwriting_agreement,cash_secured_put,21,60,BRK.B,2024-04-29,no usable strict ordinary-day match
underwriting_agreement,cash_secured_put,21,60,SO,2024-05-06,no usable strict ordinary-day match
underwriting_agreement,cash_secured_put,21,60,CVS,2024-05-09,unusable event quote or stock
underwriting_agreement,cash_secured_put,21,60,KO,2024-05-09,no usable strict ordinary-day match
underwriting_agreement,cash_secured_put,21,60,MA,2024-05-10,no usable strict ordinary-day match
underwriting_agreement,cash_secured_put,21,60,JNJ,2024-05-21,no usable strict ordinary-day match
underwriting_agreement,cash_secured_put,21,60,PYPL,2024-05-22,no usable strict ordinary-day match
underwriting_agreement,cash_secured_put,21,60,CMCSA,2024-05-23,no usable strict ordinary-day match
underwriting_agreement,cash_secured_put,21,60,UPS,2024-05-23,no usable strict ordinary-day match
underwriting_agreement,cash_secured_put,21,60,MET,2024-06-06,no usable strict ordinary-day match
underwriting_agreement,cash_secured_put,21,60,PM,2024-06-07,no usable strict ordinary-day match
underwriting_agreement,cash_secured_put,21,60,HD,2024-06-20,no usable strict ordinary-day match
underwriting_agreement,cash_secured_put,21,60,MDLZ,2024-07-02,unusable event quote or stock
underwriting_agreement,cash_secured_put,21,60,PEP,2024-07-18,no usable strict ordinary-day match
underwriting_agreement,cash_secured_put,21,60,BLK,2024-07-19,no usable strict ordinary-day match
underwriting_agreement,cash_secured_put,21,60,UNH,2024-07-26,no usable strict ordinary-day match
underwriting_agreement,cash_secured_put,21,60,COF,2024-07-29,unusable event quote or stock
underwriting_agreement,cash_secured_put,21,60,LLY,2024-08-15,no usable strict ordinary-day match
underwriting_agreement,cash_secured_put,21,60,DUK,2024-08-23,no usable strict ordinary-day match
underwriting_agreement,cash_secured_put,21,60,MDLZ,2024-08-26,unusable event quote or stock
underwriting_agreement,cash_secured_put,21,60,MA,2024-09-06,unusable event quote or stock
underwriting_agreement,cash_secured_put,21,60,UBER,2024-09-10,no usable strict ordinary-day match
underwriting_agreement,cash_secured_put,21,60,TMUS,2024-09-27,unusable event quote or stock
underwriting_agreement,cash_secured_put,21,60,CMCSA,2024-09-27,unusable event quote or stock
underwriting_agreement,cash_secured_put,21,60,MET,2024-10-01,no usable strict ordinary-day match
underwriting_agreement,cash_secured_put,21,60,ACN,2024-10-07,no usable strict ordinary-day match
underwriting_agreement,cash_secured_put,21,60,BRK.B,2024-10-24,no usable strict ordinary-day match
underwriting_agreement,cash_secured_put,21,60,PM,2024-11-04,no usable strict ordinary-day match
underwriting_agreement,cash_secured_put,21,60,GILD,2024-11-21,no usable strict ordinary-day match
underwriting_agreement,cash_secured_put,21,60,BKNG,2024-11-22,unusable event quote or stock
underwriting_agreement,cash_secured_put,21,60,CVS,2024-12-06,no usable strict ordinary-day match
underwriting_agreement,cash_secured_put,21,60,SO,2025-01-14,unusable event quote or stock
underwriting_agreement,cash_secured_put,21,60,DE,2025-01-17,no usable strict ordinary-day match
underwriting_agreement,cash_secured_put,21,60,ADBE,2025-01-21,unusable event quote or stock
underwriting_agreement,cash_secured_put,21,60,MO,2025-02-07,no usable strict ordinary-day match
underwriting_agreement,cash_secured_put,21,60,PEP,2025-02-10,unusable event quote or stock
underwriting_agreement,cash_secured_put,21,60,TMUS,2025-02-12,no usable strict ordinary-day match
underwriting_agreement,cash_secured_put,21,60,LLY,2025-02-13,unusable event quote or stock
underwriting_agreement,cash_secured_put,21,60,SCHW,2025-02-13,no usable strict ordinary-day match
underwriting_agreement,cash_secured_put,21,60,C,2025-02-13,no usable strict ordinary-day match
underwriting_agreement,cash_secured_put,21,60,UNP,2025-02-14,unusable event quote or stock
underwriting_agreement,cash_secured_put,21,60,ABBV,2025-02-20,no usable strict ordinary-day match
underwriting_agreement,cash_secured_put,21,60,JNJ,2025-02-21,no usable strict ordinary-day match
underwriting_agreement,cash_secured_put,21,60,CSCO,2025-02-25,no usable strict ordinary-day match
underwriting_agreement,cash_secured_put,21,60,CVX,2025-02-27,no usable strict ordinary-day match
underwriting_agreement,cash_secured_put,21,60,JNJ,2025-02-27,no usable strict ordinary-day match
underwriting_agreement,cash_secured_put,21,60,SO,2025-03-03,no usable strict ordinary-day match
underwriting_agreement,cash_secured_put,21,60,EMR,2025-03-03,no usable strict ordinary-day match
underwriting_agreement,cash_secured_put,21,60,C,2025-03-05,no usable strict ordinary-day match
underwriting_agreement,cash_secured_put,21,60,BK,2025-03-11,no usable strict ordinary-day match
underwriting_agreement,cash_secured_put,21,60,MET,2025-03-14,no usable strict ordinary-day match
underwriting_agreement,cash_secured_put,21,60,MMM,2025-03-14,no usable strict ordinary-day match
underwriting_agreement,cash_secured_put,21,60,BK,2025-03-17,unusable event quote or stock
underwriting_agreement,cash_secured_put,21,60,BLK,2025-03-27,unusable event quote or stock
underwriting_agreement,cash_secured_put,21,60,TMUS,2025-03-28,no usable strict ordinary-day match
underwriting_agreement,cash_secured_put,21,60,T,2025-04-01,no usable strict ordinary-day match
underwriting_agreement,cash_secured_put,21,60,BRK.B,2025-04-21,no usable strict ordinary-day match
underwriting_agreement,cash_secured_put,21,60,WMT,2025-04-29,no usable strict ordinary-day match
underwriting_agreement,cash_secured_put,21,60,PM,2025-05-01,no usable strict ordinary-day match
underwriting_agreement,cash_secured_put,21,60,CL,2025-05-05,no usable strict ordinary-day match
underwriting_agreement,cash_secured_put,21,60,MDLZ,2025-05-07,unusable event quote or stock
underwriting_agreement,cash_secured_put,21,60,GD,2025-05-08,unusable event quote or stock
underwriting_agreement,cash_secured_put,21,60,C,2025-05-08,no usable strict ordinary-day match
underwriting_agreement,cash_secured_put,21,60,GM,2025-05-08,no usable strict ordinary-day match
underwriting_agreement,cash_secured_put,21,60,SBUX,2025-05-09,no usable strict ordinary-day match
underwriting_agreement,cash_secured_put,21,60,CMCSA,2025-05-09,no usable strict ordinary-day match
underwriting_agreement,cash_secured_put,21,60,BKNG,2025-05-12,unusable event quote or stock
underwriting_agreement,cash_secured_put,21,60,UPS,2025-05-15,no usable strict ordinary-day match
underwriting_agreement,cash_secured_put,21,60,CAT,2025-05-16,no usable strict ordinary-day match
underwriting_agreement,cash_secured_put,21,60,PFE,2025-05-20,no usable strict ordinary-day match
underwriting_agreement,cash_secured_put,21,60,UPS,2025-05-21,no usable strict ordinary-day match
underwriting_agreement,cash_secured_put,21,60,T,2025-06-04,unusable event quote or stock
underwriting_agreement,cash_secured_put,21,60,PM,2025-06-09,no usable strict ordinary-day match
underwriting_agreement,cash_secured_put,21,60,UNH,2025-06-23,no usable strict ordinary-day match
underwriting_agreement,cash_secured_put,21,60,PEP,2025-07-24,no usable strict ordinary-day match
underwriting_agreement,cash_secured_put,21,60,FDX,2025-07-25,unusable event quote or stock
underwriting_agreement,cash_secured_put,21,60,BAC,2025-07-25,no usable strict ordinary-day match
underwriting_agreement,cash_secured_put,21,60,PEP,2025-07-29,no usable strict ordinary-day match
underwriting_agreement,cash_secured_put,21,60,LMT,2025-07-29,no usable strict ordinary-day match
underwriting_agreement,cash_secured_put,21,60,MO,2025-08-07,no usable strict ordinary-day match
underwriting_agreement,cash_secured_put,21,60,CHTR,2025-08-21,no usable strict ordinary-day match
underwriting_agreement,cash_secured_put,21,60,BK,2025-09-11,unusable event quote or stock
underwriting_agreement,cash_secured_put,21,60,UBER,2025-09-12,no usable strict ordinary-day match
underwriting_agreement,cash_secured_put,21,60,DUK,2025-09-12,no usable strict ordinary-day match
underwriting_agreement,cash_secured_put,21,60,MDT,2025-09-17,unusable event quote or stock
underwriting_agreement,cash_secured_put,21,60,T,2025-09-17,no usable strict ordinary-day match
underwriting_agreement,cash_secured_put,21,60,AVGO,2025-09-30,no usable strict ordinary-day match
underwriting_agreement,cash_secured_put,21,60,TMO,2025-10-08,unusable event quote or stock
underwriting_agreement,cash_secured_put,21,60,TMUS,2025-10-10,no usable strict ordinary-day match
underwriting_agreement,cash_secured_put,21,60,PM,2025-10-30,no usable strict ordinary-day match
underwriting_agreement,cash_secured_put,21,60,META,2025-11-04,no usable strict ordinary-day match
underwriting_agreement,cash_secured_put,21,60,SO,2025-11-07,unusable event quote or stock
underwriting_agreement,cash_secured_put,21,60,BKNG,2025-11-10,no usable strict ordinary-day match
underwriting_agreement,cash_secured_put,21,60,BMY,2025-11-11,unusable event quote or stock
underwriting_agreement,cash_secured_put,21,60,CL,2025-11-11,no usable strict ordinary-day match
underwriting_agreement,cash_secured_put,21,60,XOM,2025-11-14,no usable strict ordinary-day match
underwriting_agreement,cash_secured_put,21,60,SCHW,2025-11-17,no usable strict ordinary-day match
underwriting_agreement,cash_secured_put,21,60,BRK.B,2025-11-24,unusable event quote or stock
underwriting_agreement,cash_secured_put,21,60,PFE,2025-11-24,unusable event quote or stock
underwriting_agreement,cash_secured_put,21,60,TMO,2025-12-02,unusable event quote or stock
underwriting_agreement,cash_secured_put,21,60,CVX,2025-12-10,no usable strict ordinary-day match
underwriting_agreement,long_call,21,300,DUK,2024-01-16,unusable event quote or stock
underwriting_agreement,long_call,21,300,LMT,2024-01-30,no usable strict ordinary-day match
underwriting_agreement,long_call,21,300,COF,2024-02-02,no usable strict ordinary-day match
underwriting_agreement,long_call,21,300,TXN,2024-02-09,no usable strict ordinary-day match
underwriting_agreement,long_call,21,300,SBUX,2024-02-09,no usable strict ordinary-day match
underwriting_agreement,long_call,21,300,PM,2024-02-14,no usable strict ordinary-day match
underwriting_agreement,long_call,21,300,MDLZ,2024-02-21,no usable strict ordinary-day match
underwriting_agreement,long_call,21,300,SO,2024-02-29,no usable strict ordinary-day match
underwriting_agreement,long_call,21,300,BLK,2024-03-07,no usable strict ordinary-day match
underwriting_agreement,long_call,21,300,MO,2024-03-20,no usable strict ordinary-day match
underwriting_agreement,long_call,21,300,UNH,2024-03-22,no usable strict ordinary-day match
underwriting_agreement,long_call,21,300,ADBE,2024-04-05,no usable strict ordinary-day match
underwriting_agreement,long_call,21,300,BRK.B,2024-04-29,no usable strict ordinary-day match
underwriting_agreement,long_call,21,300,SO,2024-05-06,no usable strict ordinary-day match
underwriting_agreement,long_call,21,300,CVS,2024-05-09,no usable strict ordinary-day match
underwriting_agreement,long_call,21,300,KO,2024-05-09,no usable strict ordinary-day match
underwriting_agreement,long_call,21,300,MA,2024-05-10,no usable strict ordinary-day match
underwriting_agreement,long_call,21,300,JNJ,2024-05-21,no usable strict ordinary-day match
underwriting_agreement,long_call,21,300,PYPL,2024-05-22,no usable strict ordinary-day match
underwriting_agreement,long_call,21,300,CMCSA,2024-05-23,no usable strict ordinary-day match
underwriting_agreement,long_call,21,300,UPS,2024-05-23,no usable strict ordinary-day match
underwriting_agreement,long_call,21,300,MET,2024-06-06,no usable strict ordinary-day match
underwriting_agreement,long_call,21,300,PM,2024-06-07,no usable strict ordinary-day match
underwriting_agreement,long_call,21,300,HD,2024-06-20,no usable strict ordinary-day match
underwriting_agreement,long_call,21,300,MDLZ,2024-07-02,unusable event quote or stock
underwriting_agreement,long_call,21,300,PEP,2024-07-18,no usable strict ordinary-day match
underwriting_agreement,long_call,21,300,BLK,2024-07-19,no usable strict ordinary-day match
underwriting_agreement,long_call,21,300,UNH,2024-07-26,no usable strict ordinary-day match
underwriting_agreement,long_call,21,300,COF,2024-07-29,no usable strict ordinary-day match
underwriting_agreement,long_call,21,300,LLY,2024-08-15,no usable strict ordinary-day match
underwriting_agreement,long_call,21,300,DUK,2024-08-23,no usable strict ordinary-day match
underwriting_agreement,long_call,21,300,MDLZ,2024-08-26,unusable event quote or stock
underwriting_agreement,long_call,21,300,MA,2024-09-06,unusable event quote or stock
underwriting_agreement,long_call,21,300,UBER,2024-09-10,no usable strict ordinary-day match
underwriting_agreement,long_call,21,300,SO,2024-09-10,unusable event quote or stock
underwriting_agreement,long_call,21,300,TMUS,2024-09-27,no usable strict ordinary-day match
underwriting_agreement,long_call,21,300,MET,2024-10-01,no usable strict ordinary-day match
underwriting_agreement,long_call,21,300,ACN,2024-10-07,no usable strict ordinary-day match
underwriting_agreement,long_call,21,300,BRK.B,2024-10-24,no usable strict ordinary-day match
underwriting_agreement,long_call,21,300,PM,2024-11-04,no usable strict ordinary-day match
underwriting_agreement,long_call,21,300,GILD,2024-11-21,no usable strict ordinary-day match
underwriting_agreement,long_call,21,300,BKNG,2024-11-22,unusable event quote or stock
underwriting_agreement,long_call,21,300,CVS,2024-12-06,no usable strict ordinary-day match
underwriting_agreement,long_call,21,300,SO,2025-01-14,no usable strict ordinary-day match
underwriting_agreement,long_call,21,300,DE,2025-01-17,no usable strict ordinary-day match
underwriting_agreement,long_call,21,300,MO,2025-02-07,no usable strict ordinary-day match
underwriting_agreement,long_call,21,300,TMUS,2025-02-12,no usable strict ordinary-day match
underwriting_agreement,long_call,21,300,SCHW,2025-02-13,no usable strict ordinary-day match
underwriting_agreement,long_call,21,300,C,2025-02-13,no usable strict ordinary-day match
underwriting_agreement,long_call,21,300,UNP,2025-02-14,no usable strict ordinary-day match
underwriting_agreement,long_call,21,300,ABBV,2025-02-20,no usable strict ordinary-day match
underwriting_agreement,long_call,21,300,JNJ,2025-02-21,no usable strict ordinary-day match
underwriting_agreement,long_call,21,300,CSCO,2025-02-25,no usable strict ordinary-day match
underwriting_agreement,long_call,21,300,CVX,2025-02-27,no usable strict ordinary-day match
underwriting_agreement,long_call,21,300,JNJ,2025-02-27,no usable strict ordinary-day match
underwriting_agreement,long_call,21,300,SO,2025-03-03,no usable strict ordinary-day match
underwriting_agreement,long_call,21,300,EMR,2025-03-03,no usable strict ordinary-day match
underwriting_agreement,long_call,21,300,C,2025-03-05,no usable strict ordinary-day match
underwriting_agreement,long_call,21,300,BK,2025-03-11,no usable strict ordinary-day match
underwriting_agreement,long_call,21,300,MET,2025-03-14,no usable strict ordinary-day match
underwriting_agreement,long_call,21,300,MMM,2025-03-14,no usable strict ordinary-day match
underwriting_agreement,long_call,21,300,BK,2025-03-17,no usable strict ordinary-day match
underwriting_agreement,long_call,21,300,BLK,2025-03-27,unusable event quote or stock
underwriting_agreement,long_call,21,300,TMUS,2025-03-28,no usable strict ordinary-day match
underwriting_agreement,long_call,21,300,T,2025-04-01,no usable strict ordinary-day match
underwriting_agreement,long_call,21,300,BRK.B,2025-04-21,no usable strict ordinary-day match
underwriting_agreement,long_call,21,300,WMT,2025-04-29,no usable strict ordinary-day match
underwriting_agreement,long_call,21,300,PM,2025-05-01,no usable strict ordinary-day match
underwriting_agreement,long_call,21,300,CL,2025-05-05,no usable strict ordinary-day match
underwriting_agreement,long_call,21,300,MDLZ,2025-05-07,unusable event quote or stock
underwriting_agreement,long_call,21,300,GD,2025-05-08,unusable event quote or stock
underwriting_agreement,long_call,21,300,C,2025-05-08,no usable strict ordinary-day match
underwriting_agreement,long_call,21,300,GM,2025-05-08,no usable strict ordinary-day match
underwriting_agreement,long_call,21,300,SBUX,2025-05-09,no usable strict ordinary-day match
underwriting_agreement,long_call,21,300,CMCSA,2025-05-09,no usable strict ordinary-day match
underwriting_agreement,long_call,21,300,BKNG,2025-05-12,unusable event quote or stock
underwriting_agreement,long_call,21,300,UPS,2025-05-15,no usable strict ordinary-day match
underwriting_agreement,long_call,21,300,CAT,2025-05-16,no usable strict ordinary-day match
underwriting_agreement,long_call,21,300,UPS,2025-05-21,no usable strict ordinary-day match
underwriting_agreement,long_call,21,300,T,2025-06-04,no usable strict ordinary-day match
underwriting_agreement,long_call,21,300,PM,2025-06-09,no usable strict ordinary-day match
underwriting_agreement,long_call,21,300,UNH,2025-06-23,no usable strict ordinary-day match
underwriting_agreement,long_call,21,300,PEP,2025-07-24,no usable strict ordinary-day match
underwriting_agreement,long_call,21,300,FDX,2025-07-25,unusable event quote or stock
underwriting_agreement,long_call,21,300,BAC,2025-07-25,no usable strict ordinary-day match
underwriting_agreement,long_call,21,300,PEP,2025-07-29,no usable strict ordinary-day match
underwriting_agreement,long_call,21,300,LMT,2025-07-29,no usable strict ordinary-day match
underwriting_agreement,long_call,21,300,MO,2025-08-07,no usable strict ordinary-day match
underwriting_agreement,long_call,21,300,CHTR,2025-08-21,no usable strict ordinary-day match
underwriting_agreement,long_call,21,300,UBER,2025-09-12,no usable strict ordinary-day match
underwriting_agreement,long_call,21,300,DUK,2025-09-12,no usable strict ordinary-day match
underwriting_agreement,long_call,21,300,MDT,2025-09-17,no usable strict ordinary-day match
underwriting_agreement,long_call,21,300,T,2025-09-17,no usable strict ordinary-day match
underwriting_agreement,long_call,21,300,AVGO,2025-09-30,no usable strict ordinary-day match
underwriting_agreement,long_call,21,300,TMO,2025-10-08,unusable event quote or stock
underwriting_agreement,long_call,21,300,TMUS,2025-10-10,no usable strict ordinary-day match
underwriting_agreement,long_call,21,300,PM,2025-10-30,no usable strict ordinary-day match
underwriting_agreement,long_call,21,300,META,2025-11-04,no usable strict ordinary-day match
underwriting_agreement,long_call,21,300,BKNG,2025-11-10,no usable strict ordinary-day match
underwriting_agreement,long_call,21,300,BMY,2025-11-11,no usable strict ordinary-day match
underwriting_agreement,long_call,21,300,XOM,2025-11-14,no usable strict ordinary-day match
underwriting_agreement,long_call,21,300,SCHW,2025-11-17,no usable strict ordinary-day match
underwriting_agreement,long_call,21,300,BRK.B,2025-11-24,unusable event quote or stock
underwriting_agreement,long_call,21,300,PFE,2025-11-24,unusable event quote or stock
underwriting_agreement,long_call,21,300,TMO,2025-12-02,no usable strict ordinary-day match
underwriting_agreement,long_call,21,300,CVX,2025-12-10,no usable strict ordinary-day match
underwriting_agreement,covered_call,21,300,DUK,2024-01-16,unusable event quote or stock
underwriting_agreement,covered_call,21,300,LMT,2024-01-30,no usable strict ordinary-day match
underwriting_agreement,covered_call,21,300,COF,2024-02-02,no usable strict ordinary-day match
underwriting_agreement,covered_call,21,300,TXN,2024-02-09,no usable strict ordinary-day match
underwriting_agreement,covered_call,21,300,SBUX,2024-02-09,no usable strict ordinary-day match
underwriting_agreement,covered_call,21,300,PM,2024-02-14,no usable strict ordinary-day match
underwriting_agreement,covered_call,21,300,MDLZ,2024-02-21,no usable strict ordinary-day match
underwriting_agreement,covered_call,21,300,SO,2024-02-29,no usable strict ordinary-day match
underwriting_agreement,covered_call,21,300,BLK,2024-03-07,no usable strict ordinary-day match
underwriting_agreement,covered_call,21,300,MO,2024-03-20,unusable event quote or stock
underwriting_agreement,covered_call,21,300,UNH,2024-03-22,no usable strict ordinary-day match
underwriting_agreement,covered_call,21,300,ADBE,2024-04-05,no usable strict ordinary-day match
underwriting_agreement,covered_call,21,300,BRK.B,2024-04-29,no usable strict ordinary-day match
underwriting_agreement,covered_call,21,300,SO,2024-05-06,unusable event quote or stock
underwriting_agreement,covered_call,21,300,CVS,2024-05-09,no usable strict ordinary-day match
underwriting_agreement,covered_call,21,300,KO,2024-05-09,no usable strict ordinary-day match
underwriting_agreement,covered_call,21,300,MA,2024-05-10,no usable strict ordinary-day match
underwriting_agreement,covered_call,21,300,JNJ,2024-05-21,no usable strict ordinary-day match
underwriting_agreement,covered_call,21,300,PYPL,2024-05-22,no usable strict ordinary-day match
underwriting_agreement,covered_call,21,300,CMCSA,2024-05-23,no usable strict ordinary-day match
underwriting_agreement,covered_call,21,300,UPS,2024-05-23,no usable strict ordinary-day match
underwriting_agreement,covered_call,21,300,MET,2024-06-06,no usable strict ordinary-day match
underwriting_agreement,covered_call,21,300,PM,2024-06-07,no usable strict ordinary-day match
underwriting_agreement,covered_call,21,300,HD,2024-06-20,no usable strict ordinary-day match
underwriting_agreement,covered_call,21,300,MDLZ,2024-07-02,unusable event quote or stock
underwriting_agreement,covered_call,21,300,PEP,2024-07-18,no usable strict ordinary-day match
underwriting_agreement,covered_call,21,300,BLK,2024-07-19,no usable strict ordinary-day match
underwriting_agreement,covered_call,21,300,UNH,2024-07-26,no usable strict ordinary-day match
underwriting_agreement,covered_call,21,300,COF,2024-07-29,no usable strict ordinary-day match
underwriting_agreement,covered_call,21,300,LLY,2024-08-15,no usable strict ordinary-day match
underwriting_agreement,covered_call,21,300,DUK,2024-08-23,no usable strict ordinary-day match
underwriting_agreement,covered_call,21,300,MDLZ,2024-08-26,unusable event quote or stock
underwriting_agreement,covered_call,21,300,MA,2024-09-06,unusable event quote or stock
underwriting_agreement,covered_call,21,300,UBER,2024-09-10,no usable strict ordinary-day match
underwriting_agreement,covered_call,21,300,TMUS,2024-09-27,no usable strict ordinary-day match
underwriting_agreement,covered_call,21,300,MET,2024-10-01,no usable strict ordinary-day match
underwriting_agreement,covered_call,21,300,ACN,2024-10-07,no usable strict ordinary-day match
underwriting_agreement,covered_call,21,300,BRK.B,2024-10-24,no usable strict ordinary-day match
underwriting_agreement,covered_call,21,300,PM,2024-11-04,no usable strict ordinary-day match
underwriting_agreement,covered_call,21,300,GILD,2024-11-21,no usable strict ordinary-day match
underwriting_agreement,covered_call,21,300,BKNG,2024-11-22,unusable event quote or stock
underwriting_agreement,covered_call,21,300,CVS,2024-12-06,no usable strict ordinary-day match
underwriting_agreement,covered_call,21,300,SO,2025-01-14,no usable strict ordinary-day match
underwriting_agreement,covered_call,21,300,DE,2025-01-17,unusable event quote or stock
underwriting_agreement,covered_call,21,300,MO,2025-02-07,no usable strict ordinary-day match
underwriting_agreement,covered_call,21,300,TMUS,2025-02-12,no usable strict ordinary-day match
underwriting_agreement,covered_call,21,300,SCHW,2025-02-13,no usable strict ordinary-day match
underwriting_agreement,covered_call,21,300,C,2025-02-13,no usable strict ordinary-day match
underwriting_agreement,covered_call,21,300,UNP,2025-02-14,no usable strict ordinary-day match
underwriting_agreement,covered_call,21,300,ABBV,2025-02-20,no usable strict ordinary-day match
underwriting_agreement,covered_call,21,300,JNJ,2025-02-21,no usable strict ordinary-day match
underwriting_agreement,covered_call,21,300,CSCO,2025-02-25,no usable strict ordinary-day match
underwriting_agreement,covered_call,21,300,CVX,2025-02-27,no usable strict ordinary-day match
underwriting_agreement,covered_call,21,300,JNJ,2025-02-27,no usable strict ordinary-day match
underwriting_agreement,covered_call,21,300,SO,2025-03-03,no usable strict ordinary-day match
underwriting_agreement,covered_call,21,300,EMR,2025-03-03,no usable strict ordinary-day match
underwriting_agreement,covered_call,21,300,C,2025-03-05,no usable strict ordinary-day match
underwriting_agreement,covered_call,21,300,BK,2025-03-11,no usable strict ordinary-day match
underwriting_agreement,covered_call,21,300,MET,2025-03-14,no usable strict ordinary-day match
underwriting_agreement,covered_call,21,300,MMM,2025-03-14,no usable strict ordinary-day match
underwriting_agreement,covered_call,21,300,BK,2025-03-17,no usable strict ordinary-day match
underwriting_agreement,covered_call,21,300,BLK,2025-03-27,unusable event quote or stock
underwriting_agreement,covered_call,21,300,TMUS,2025-03-28,no usable strict ordinary-day match
underwriting_agreement,covered_call,21,300,T,2025-04-01,no usable strict ordinary-day match
underwriting_agreement,covered_call,21,300,XOM,2025-04-02,unusable event quote or stock
underwriting_agreement,covered_call,21,300,BRK.B,2025-04-21,no usable strict ordinary-day match
underwriting_agreement,covered_call,21,300,WMT,2025-04-29,no usable strict ordinary-day match
underwriting_agreement,covered_call,21,300,PM,2025-05-01,no usable strict ordinary-day match
underwriting_agreement,covered_call,21,300,CL,2025-05-05,no usable strict ordinary-day match
underwriting_agreement,covered_call,21,300,MDLZ,2025-05-07,unusable event quote or stock
underwriting_agreement,covered_call,21,300,GD,2025-05-08,unusable event quote or stock
underwriting_agreement,covered_call,21,300,C,2025-05-08,no usable strict ordinary-day match
underwriting_agreement,covered_call,21,300,GM,2025-05-08,no usable strict ordinary-day match
underwriting_agreement,covered_call,21,300,SBUX,2025-05-09,no usable strict ordinary-day match
underwriting_agreement,covered_call,21,300,CMCSA,2025-05-09,no usable strict ordinary-day match
underwriting_agreement,covered_call,21,300,BKNG,2025-05-12,unusable event quote or stock
underwriting_agreement,covered_call,21,300,UPS,2025-05-15,no usable strict ordinary-day match
underwriting_agreement,covered_call,21,300,CAT,2025-05-16,no usable strict ordinary-day match
underwriting_agreement,covered_call,21,300,UPS,2025-05-21,no usable strict ordinary-day match
underwriting_agreement,covered_call,21,300,T,2025-06-04,no usable strict ordinary-day match
underwriting_agreement,covered_call,21,300,PM,2025-06-09,no usable strict ordinary-day match
underwriting_agreement,covered_call,21,300,UNH,2025-06-23,no usable strict ordinary-day match
underwriting_agreement,covered_call,21,300,PEP,2025-07-24,no usable strict ordinary-day match
underwriting_agreement,covered_call,21,300,FDX,2025-07-25,unusable event quote or stock
underwriting_agreement,covered_call,21,300,BAC,2025-07-25,no usable strict ordinary-day match
underwriting_agreement,covered_call,21,300,PEP,2025-07-29,no usable strict ordinary-day match
underwriting_agreement,covered_call,21,300,LMT,2025-07-29,no usable strict ordinary-day match
underwriting_agreement,covered_call,21,300,MO,2025-08-07,no usable strict ordinary-day match
underwriting_agreement,covered_call,21,300,CHTR,2025-08-21,no usable strict ordinary-day match
underwriting_agreement,covered_call,21,300,UBER,2025-09-12,no usable strict ordinary-day match
underwriting_agreement,covered_call,21,300,MDT,2025-09-17,no usable strict ordinary-day match
underwriting_agreement,covered_call,21,300,T,2025-09-17,no usable strict ordinary-day match
underwriting_agreement,covered_call,21,300,AVGO,2025-09-30,no usable strict ordinary-day match
underwriting_agreement,covered_call,21,300,TMO,2025-10-08,unusable event quote or stock
underwriting_agreement,covered_call,21,300,TMUS,2025-10-10,no usable strict ordinary-day match
underwriting_agreement,covered_call,21,300,PM,2025-10-30,no usable strict ordinary-day match
underwriting_agreement,covered_call,21,300,META,2025-11-04,no usable strict ordinary-day match
underwriting_agreement,covered_call,21,300,BKNG,2025-11-10,no usable strict ordinary-day match
underwriting_agreement,covered_call,21,300,BMY,2025-11-11,no usable strict ordinary-day match
underwriting_agreement,covered_call,21,300,XOM,2025-11-14,no usable strict ordinary-day match
underwriting_agreement,covered_call,21,300,SCHW,2025-11-17,no usable strict ordinary-day match
underwriting_agreement,covered_call,21,300,BRK.B,2025-11-24,unusable event quote or stock
underwriting_agreement,covered_call,21,300,PFE,2025-11-24,unusable event quote or stock
underwriting_agreement,covered_call,21,300,TMO,2025-12-02,no usable strict ordinary-day match
underwriting_agreement,covered_call,21,300,CVX,2025-12-10,no usable strict ordinary-day match
underwriting_agreement,protective_put,21,300,DUK,2024-01-16,no usable strict ordinary-day match
underwriting_agreement,protective_put,21,300,LMT,2024-01-30,no usable strict ordinary-day match
underwriting_agreement,protective_put,21,300,COF,2024-02-02,no usable strict ordinary-day match
underwriting_agreement,protective_put,21,300,TXN,2024-02-09,no usable strict ordinary-day match
underwriting_agreement,protective_put,21,300,SBUX,2024-02-09,no usable strict ordinary-day match
underwriting_agreement,protective_put,21,300,PM,2024-02-14,no usable strict ordinary-day match
underwriting_agreement,protective_put,21,300,MDLZ,2024-02-21,no usable strict ordinary-day match
underwriting_agreement,protective_put,21,300,SO,2024-02-29,no usable strict ordinary-day match
underwriting_agreement,protective_put,21,300,BLK,2024-03-07,no usable strict ordinary-day match
underwriting_agreement,protective_put,21,300,MO,2024-03-20,no usable strict ordinary-day match
underwriting_agreement,protective_put,21,300,UNH,2024-03-22,no usable strict ordinary-day match
underwriting_agreement,protective_put,21,300,ADBE,2024-04-05,no usable strict ordinary-day match
underwriting_agreement,protective_put,21,300,BRK.B,2024-04-29,no usable strict ordinary-day match
underwriting_agreement,protective_put,21,300,SO,2024-05-06,no usable strict ordinary-day match
underwriting_agreement,protective_put,21,300,CVS,2024-05-09,no usable strict ordinary-day match
underwriting_agreement,protective_put,21,300,KO,2024-05-09,no usable strict ordinary-day match
underwriting_agreement,protective_put,21,300,MA,2024-05-10,no usable strict ordinary-day match
underwriting_agreement,protective_put,21,300,JNJ,2024-05-21,no usable strict ordinary-day match
underwriting_agreement,protective_put,21,300,PYPL,2024-05-22,no usable strict ordinary-day match
underwriting_agreement,protective_put,21,300,CMCSA,2024-05-23,no usable strict ordinary-day match
underwriting_agreement,protective_put,21,300,UPS,2024-05-23,no usable strict ordinary-day match
underwriting_agreement,protective_put,21,300,MET,2024-06-06,no usable strict ordinary-day match
underwriting_agreement,protective_put,21,300,PM,2024-06-07,no usable strict ordinary-day match
underwriting_agreement,protective_put,21,300,HD,2024-06-20,no usable strict ordinary-day match
underwriting_agreement,protective_put,21,300,MDLZ,2024-07-02,unusable event quote or stock
underwriting_agreement,protective_put,21,300,PEP,2024-07-18,no usable strict ordinary-day match
underwriting_agreement,protective_put,21,300,BLK,2024-07-19,no usable strict ordinary-day match
underwriting_agreement,protective_put,21,300,UNH,2024-07-26,no usable strict ordinary-day match
underwriting_agreement,protective_put,21,300,COF,2024-07-29,unusable event quote or stock
underwriting_agreement,protective_put,21,300,LLY,2024-08-15,no usable strict ordinary-day match
underwriting_agreement,protective_put,21,300,DUK,2024-08-23,no usable strict ordinary-day match
underwriting_agreement,protective_put,21,300,MDLZ,2024-08-26,unusable event quote or stock
underwriting_agreement,protective_put,21,300,MA,2024-09-06,unusable event quote or stock
underwriting_agreement,protective_put,21,300,UBER,2024-09-10,no usable strict ordinary-day match
underwriting_agreement,protective_put,21,300,TMUS,2024-09-27,unusable event quote or stock
underwriting_agreement,protective_put,21,300,MET,2024-10-01,no usable strict ordinary-day match
underwriting_agreement,protective_put,21,300,ACN,2024-10-07,no usable strict ordinary-day match
underwriting_agreement,protective_put,21,300,BRK.B,2024-10-24,no usable strict ordinary-day match
underwriting_agreement,protective_put,21,300,PM,2024-11-04,no usable strict ordinary-day match
underwriting_agreement,protective_put,21,300,GILD,2024-11-21,no usable strict ordinary-day match
underwriting_agreement,protective_put,21,300,BKNG,2024-11-22,unusable event quote or stock
underwriting_agreement,protective_put,21,300,CVS,2024-12-06,no usable strict ordinary-day match
underwriting_agreement,protective_put,21,300,SO,2025-01-14,unusable event quote or stock
underwriting_agreement,protective_put,21,300,DE,2025-01-17,no usable strict ordinary-day match
underwriting_agreement,protective_put,21,300,MO,2025-02-07,no usable strict ordinary-day match
underwriting_agreement,protective_put,21,300,TMUS,2025-02-12,no usable strict ordinary-day match
underwriting_agreement,protective_put,21,300,SCHW,2025-02-13,no usable strict ordinary-day match
underwriting_agreement,protective_put,21,300,C,2025-02-13,no usable strict ordinary-day match
underwriting_agreement,protective_put,21,300,UNP,2025-02-14,no usable strict ordinary-day match
underwriting_agreement,protective_put,21,300,ABBV,2025-02-20,no usable strict ordinary-day match
underwriting_agreement,protective_put,21,300,JNJ,2025-02-21,no usable strict ordinary-day match
underwriting_agreement,protective_put,21,300,CSCO,2025-02-25,no usable strict ordinary-day match
underwriting_agreement,protective_put,21,300,CVX,2025-02-27,no usable strict ordinary-day match
underwriting_agreement,protective_put,21,300,JNJ,2025-02-27,no usable strict ordinary-day match
underwriting_agreement,protective_put,21,300,SO,2025-03-03,no usable strict ordinary-day match
underwriting_agreement,protective_put,21,300,EMR,2025-03-03,no usable strict ordinary-day match
underwriting_agreement,protective_put,21,300,C,2025-03-05,no usable strict ordinary-day match
underwriting_agreement,protective_put,21,300,BK,2025-03-11,no usable strict ordinary-day match
underwriting_agreement,protective_put,21,300,MET,2025-03-14,no usable strict ordinary-day match
underwriting_agreement,protective_put,21,300,MMM,2025-03-14,no usable strict ordinary-day match
underwriting_agreement,protective_put,21,300,BK,2025-03-17,no usable strict ordinary-day match
underwriting_agreement,protective_put,21,300,BLK,2025-03-27,unusable event quote or stock
underwriting_agreement,protective_put,21,300,TMUS,2025-03-28,no usable strict ordinary-day match
underwriting_agreement,protective_put,21,300,T,2025-04-01,no usable strict ordinary-day match
underwriting_agreement,protective_put,21,300,BRK.B,2025-04-21,no usable strict ordinary-day match
underwriting_agreement,protective_put,21,300,WMT,2025-04-29,no usable strict ordinary-day match
underwriting_agreement,protective_put,21,300,PM,2025-05-01,no usable strict ordinary-day match
underwriting_agreement,protective_put,21,300,CL,2025-05-05,no usable strict ordinary-day match
underwriting_agreement,protective_put,21,300,MDLZ,2025-05-07,no usable strict ordinary-day match
underwriting_agreement,protective_put,21,300,GD,2025-05-08,unusable event quote or stock
underwriting_agreement,protective_put,21,300,C,2025-05-08,no usable strict ordinary-day match
underwriting_agreement,protective_put,21,300,GM,2025-05-08,no usable strict ordinary-day match
underwriting_agreement,protective_put,21,300,SBUX,2025-05-09,no usable strict ordinary-day match
underwriting_agreement,protective_put,21,300,CMCSA,2025-05-09,no usable strict ordinary-day match
underwriting_agreement,protective_put,21,300,BKNG,2025-05-12,unusable event quote or stock
underwriting_agreement,protective_put,21,300,UPS,2025-05-15,no usable strict ordinary-day match
underwriting_agreement,protective_put,21,300,CAT,2025-05-16,no usable strict ordinary-day match
underwriting_agreement,protective_put,21,300,PFE,2025-05-20,no usable strict ordinary-day match
underwriting_agreement,protective_put,21,300,UPS,2025-05-21,no usable strict ordinary-day match
underwriting_agreement,protective_put,21,300,T,2025-06-04,no usable strict ordinary-day match
underwriting_agreement,protective_put,21,300,PM,2025-06-09,no usable strict ordinary-day match
underwriting_agreement,protective_put,21,300,UNH,2025-06-23,no usable strict ordinary-day match
underwriting_agreement,protective_put,21,300,PEP,2025-07-24,no usable strict ordinary-day match
underwriting_agreement,protective_put,21,300,FDX,2025-07-25,unusable event quote or stock
underwriting_agreement,protective_put,21,300,BAC,2025-07-25,no usable strict ordinary-day match
underwriting_agreement,protective_put,21,300,PEP,2025-07-29,no usable strict ordinary-day match
underwriting_agreement,protective_put,21,300,LMT,2025-07-29,no usable strict ordinary-day match
underwriting_agreement,protective_put,21,300,MO,2025-08-07,no usable strict ordinary-day match
underwriting_agreement,protective_put,21,300,CHTR,2025-08-21,no usable strict ordinary-day match
underwriting_agreement,protective_put,21,300,UBER,2025-09-12,no usable strict ordinary-day match
underwriting_agreement,protective_put,21,300,MDT,2025-09-17,no usable strict ordinary-day match
underwriting_agreement,protective_put,21,300,T,2025-09-17,no usable strict ordinary-day match
underwriting_agreement,protective_put,21,300,AVGO,2025-09-30,no usable strict ordinary-day match
underwriting_agreement,protective_put,21,300,TMO,2025-10-08,unusable event quote or stock
underwriting_agreement,protective_put,21,300,TMUS,2025-10-10,no usable strict ordinary-day match
underwriting_agreement,protective_put,21,300,PM,2025-10-30,no usable strict ordinary-day match
underwriting_agreement,protective_put,21,300,META,2025-11-04,no usable strict ordinary-day match
underwriting_agreement,protective_put,21,300,BKNG,2025-11-10,no usable strict ordinary-day match
underwriting_agreement,protective_put,21,300,BMY,2025-11-11,no usable strict ordinary-day match
underwriting_agreement,protective_put,21,300,XOM,2025-11-14,no usable strict ordinary-day match
underwriting_agreement,protective_put,21,300,SCHW,2025-11-17,no usable strict ordinary-day match
underwriting_agreement,protective_put,21,300,BRK.B,2025-11-24,unusable event quote or stock
underwriting_agreement,protective_put,21,300,PFE,2025-11-24,unusable event quote or stock
underwriting_agreement,protective_put,21,300,TMO,2025-12-02,no usable strict ordinary-day match
underwriting_agreement,protective_put,21,300,CVX,2025-12-10,no usable strict ordinary-day match
underwriting_agreement,collar,21,300,DUK,2024-01-16,unusable event quote or stock
underwriting_agreement,collar,21,300,LMT,2024-01-30,no usable strict ordinary-day match
underwriting_agreement,collar,21,300,COF,2024-02-02,no usable strict ordinary-day match
underwriting_agreement,collar,21,300,TXN,2024-02-09,no usable strict ordinary-day match
underwriting_agreement,collar,21,300,SBUX,2024-02-09,no usable strict ordinary-day match
underwriting_agreement,collar,21,300,PM,2024-02-14,no usable strict ordinary-day match
underwriting_agreement,collar,21,300,MDLZ,2024-02-21,no usable strict ordinary-day match
underwriting_agreement,collar,21,300,SO,2024-02-29,no usable strict ordinary-day match
underwriting_agreement,collar,21,300,BLK,2024-03-07,no usable strict ordinary-day match
underwriting_agreement,collar,21,300,MO,2024-03-20,unusable event quote or stock
underwriting_agreement,collar,21,300,UNH,2024-03-22,no usable strict ordinary-day match
underwriting_agreement,collar,21,300,ADBE,2024-04-05,no usable strict ordinary-day match
underwriting_agreement,collar,21,300,BRK.B,2024-04-29,no usable strict ordinary-day match
underwriting_agreement,collar,21,300,SO,2024-05-06,unusable event quote or stock
underwriting_agreement,collar,21,300,CVS,2024-05-09,no usable strict ordinary-day match
underwriting_agreement,collar,21,300,KO,2024-05-09,no usable strict ordinary-day match
underwriting_agreement,collar,21,300,MA,2024-05-10,no usable strict ordinary-day match
underwriting_agreement,collar,21,300,JNJ,2024-05-21,no usable strict ordinary-day match
underwriting_agreement,collar,21,300,PYPL,2024-05-22,no usable strict ordinary-day match
underwriting_agreement,collar,21,300,CMCSA,2024-05-23,no usable strict ordinary-day match
underwriting_agreement,collar,21,300,UPS,2024-05-23,no usable strict ordinary-day match
underwriting_agreement,collar,21,300,MET,2024-06-06,no usable strict ordinary-day match
underwriting_agreement,collar,21,300,PM,2024-06-07,no usable strict ordinary-day match
underwriting_agreement,collar,21,300,HD,2024-06-20,no usable strict ordinary-day match
underwriting_agreement,collar,21,300,MDLZ,2024-07-02,unusable event quote or stock
underwriting_agreement,collar,21,300,PEP,2024-07-18,no usable strict ordinary-day match
underwriting_agreement,collar,21,300,BLK,2024-07-19,no usable strict ordinary-day match
underwriting_agreement,collar,21,300,UNH,2024-07-26,no usable strict ordinary-day match
underwriting_agreement,collar,21,300,COF,2024-07-29,unusable event quote or stock
underwriting_agreement,collar,21,300,LLY,2024-08-15,no usable strict ordinary-day match
underwriting_agreement,collar,21,300,DUK,2024-08-23,no usable strict ordinary-day match
underwriting_agreement,collar,21,300,MDLZ,2024-08-26,unusable event quote or stock
underwriting_agreement,collar,21,300,MA,2024-09-06,unusable event quote or stock
underwriting_agreement,collar,21,300,UBER,2024-09-10,no usable strict ordinary-day match
underwriting_agreement,collar,21,300,TMUS,2024-09-27,unusable event quote or stock
underwriting_agreement,collar,21,300,MET,2024-10-01,no usable strict ordinary-day match
underwriting_agreement,collar,21,300,ACN,2024-10-07,no usable strict ordinary-day match
underwriting_agreement,collar,21,300,BRK.B,2024-10-24,no usable strict ordinary-day match
underwriting_agreement,collar,21,300,PM,2024-11-04,no usable strict ordinary-day match
underwriting_agreement,collar,21,300,GILD,2024-11-21,no usable strict ordinary-day match
underwriting_agreement,collar,21,300,BKNG,2024-11-22,unusable event quote or stock
underwriting_agreement,collar,21,300,CVS,2024-12-06,no usable strict ordinary-day match
underwriting_agreement,collar,21,300,SO,2025-01-14,unusable event quote or stock
underwriting_agreement,collar,21,300,DE,2025-01-17,unusable event quote or stock
underwriting_agreement,collar,21,300,MO,2025-02-07,no usable strict ordinary-day match
underwriting_agreement,collar,21,300,TMUS,2025-02-12,no usable strict ordinary-day match
underwriting_agreement,collar,21,300,SCHW,2025-02-13,no usable strict ordinary-day match
underwriting_agreement,collar,21,300,C,2025-02-13,no usable strict ordinary-day match
underwriting_agreement,collar,21,300,UNP,2025-02-14,no usable strict ordinary-day match
underwriting_agreement,collar,21,300,ABBV,2025-02-20,no usable strict ordinary-day match
underwriting_agreement,collar,21,300,JNJ,2025-02-21,no usable strict ordinary-day match
underwriting_agreement,collar,21,300,CSCO,2025-02-25,no usable strict ordinary-day match
underwriting_agreement,collar,21,300,CVX,2025-02-27,no usable strict ordinary-day match
underwriting_agreement,collar,21,300,JNJ,2025-02-27,no usable strict ordinary-day match
underwriting_agreement,collar,21,300,SO,2025-03-03,no usable strict ordinary-day match
underwriting_agreement,collar,21,300,EMR,2025-03-03,no usable strict ordinary-day match
underwriting_agreement,collar,21,300,C,2025-03-05,no usable strict ordinary-day match
underwriting_agreement,collar,21,300,BK,2025-03-11,no usable strict ordinary-day match
underwriting_agreement,collar,21,300,MET,2025-03-14,no usable strict ordinary-day match
underwriting_agreement,collar,21,300,MMM,2025-03-14,no usable strict ordinary-day match
underwriting_agreement,collar,21,300,BK,2025-03-17,no usable strict ordinary-day match
underwriting_agreement,collar,21,300,BLK,2025-03-27,unusable event quote or stock
underwriting_agreement,collar,21,300,TMUS,2025-03-28,no usable strict ordinary-day match
underwriting_agreement,collar,21,300,T,2025-04-01,no usable strict ordinary-day match
underwriting_agreement,collar,21,300,XOM,2025-04-02,unusable event quote or stock
underwriting_agreement,collar,21,300,BRK.B,2025-04-21,no usable strict ordinary-day match
underwriting_agreement,collar,21,300,WMT,2025-04-29,no usable strict ordinary-day match
underwriting_agreement,collar,21,300,PM,2025-05-01,no usable strict ordinary-day match
underwriting_agreement,collar,21,300,CL,2025-05-05,no usable strict ordinary-day match
underwriting_agreement,collar,21,300,MDLZ,2025-05-07,unusable event quote or stock
underwriting_agreement,collar,21,300,GD,2025-05-08,unusable event quote or stock
underwriting_agreement,collar,21,300,C,2025-05-08,no usable strict ordinary-day match
underwriting_agreement,collar,21,300,GM,2025-05-08,no usable strict ordinary-day match
underwriting_agreement,collar,21,300,SBUX,2025-05-09,no usable strict ordinary-day match
underwriting_agreement,collar,21,300,CMCSA,2025-05-09,no usable strict ordinary-day match
underwriting_agreement,collar,21,300,BKNG,2025-05-12,unusable event quote or stock
underwriting_agreement,collar,21,300,UPS,2025-05-15,no usable strict ordinary-day match
underwriting_agreement,collar,21,300,CAT,2025-05-16,no usable strict ordinary-day match
underwriting_agreement,collar,21,300,PFE,2025-05-20,no usable strict ordinary-day match
underwriting_agreement,collar,21,300,UPS,2025-05-21,no usable strict ordinary-day match
underwriting_agreement,collar,21,300,T,2025-06-04,no usable strict ordinary-day match
underwriting_agreement,collar,21,300,PM,2025-06-09,no usable strict ordinary-day match
underwriting_agreement,collar,21,300,UNH,2025-06-23,no usable strict ordinary-day match
underwriting_agreement,collar,21,300,PEP,2025-07-24,no usable strict ordinary-day match
underwriting_agreement,collar,21,300,FDX,2025-07-25,unusable event quote or stock
underwriting_agreement,collar,21,300,BAC,2025-07-25,no usable strict ordinary-day match
underwriting_agreement,collar,21,300,PEP,2025-07-29,no usable strict ordinary-day match
underwriting_agreement,collar,21,300,LMT,2025-07-29,no usable strict ordinary-day match
underwriting_agreement,collar,21,300,MO,2025-08-07,no usable strict ordinary-day match
underwriting_agreement,collar,21,300,CHTR,2025-08-21,no usable strict ordinary-day match
underwriting_agreement,collar,21,300,UBER,2025-09-12,no usable strict ordinary-day match
underwriting_agreement,collar,21,300,MDT,2025-09-17,no usable strict ordinary-day match
underwriting_agreement,collar,21,300,T,2025-09-17,no usable strict ordinary-day match
underwriting_agreement,collar,21,300,AVGO,2025-09-30,no usable strict ordinary-day match
underwriting_agreement,collar,21,300,TMO,2025-10-08,unusable event quote or stock
underwriting_agreement,collar,21,300,TMUS,2025-10-10,no usable strict ordinary-day match
underwriting_agreement,collar,21,300,PM,2025-10-30,no usable strict ordinary-day match
underwriting_agreement,collar,21,300,META,2025-11-04,no usable strict ordinary-day match
underwriting_agreement,collar,21,300,BKNG,2025-11-10,no usable strict ordinary-day match
underwriting_agreement,collar,21,300,BMY,2025-11-11,no usable strict ordinary-day match
underwriting_agreement,collar,21,300,XOM,2025-11-14,no usable strict ordinary-day match
underwriting_agreement,collar,21,300,SCHW,2025-11-17,no usable strict ordinary-day match
underwriting_agreement,collar,21,300,BRK.B,2025-11-24,unusable event quote or stock
underwriting_agreement,collar,21,300,PFE,2025-11-24,unusable event quote or stock
underwriting_agreement,collar,21,300,TMO,2025-12-02,no usable strict ordinary-day match
underwriting_agreement,collar,21,300,CVX,2025-12-10,no usable strict ordinary-day match
underwriting_agreement,cash_secured_put,21,300,DUK,2024-01-16,no usable strict ordinary-day match
underwriting_agreement,cash_secured_put,21,300,LMT,2024-01-30,no usable strict ordinary-day match
underwriting_agreement,cash_secured_put,21,300,COF,2024-02-02,no usable strict ordinary-day match
underwriting_agreement,cash_secured_put,21,300,TXN,2024-02-09,no usable strict ordinary-day match
underwriting_agreement,cash_secured_put,21,300,SBUX,2024-02-09,no usable strict ordinary-day match
underwriting_agreement,cash_secured_put,21,300,PM,2024-02-14,no usable strict ordinary-day match
underwriting_agreement,cash_secured_put,21,300,MDLZ,2024-02-21,no usable strict ordinary-day match
underwriting_agreement,cash_secured_put,21,300,SO,2024-02-29,no usable strict ordinary-day match
underwriting_agreement,cash_secured_put,21,300,BLK,2024-03-07,no usable strict ordinary-day match
underwriting_agreement,cash_secured_put,21,300,MO,2024-03-20,no usable strict ordinary-day match
underwriting_agreement,cash_secured_put,21,300,UNH,2024-03-22,no usable strict ordinary-day match
underwriting_agreement,cash_secured_put,21,300,ADBE,2024-04-05,no usable strict ordinary-day match
underwriting_agreement,cash_secured_put,21,300,BRK.B,2024-04-29,no usable strict ordinary-day match
underwriting_agreement,cash_secured_put,21,300,SO,2024-05-06,no usable strict ordinary-day match
underwriting_agreement,cash_secured_put,21,300,CVS,2024-05-09,no usable strict ordinary-day match
underwriting_agreement,cash_secured_put,21,300,KO,2024-05-09,no usable strict ordinary-day match
underwriting_agreement,cash_secured_put,21,300,MA,2024-05-10,no usable strict ordinary-day match
underwriting_agreement,cash_secured_put,21,300,JNJ,2024-05-21,no usable strict ordinary-day match
underwriting_agreement,cash_secured_put,21,300,PYPL,2024-05-22,no usable strict ordinary-day match
underwriting_agreement,cash_secured_put,21,300,CMCSA,2024-05-23,no usable strict ordinary-day match
underwriting_agreement,cash_secured_put,21,300,UPS,2024-05-23,no usable strict ordinary-day match
underwriting_agreement,cash_secured_put,21,300,MET,2024-06-06,no usable strict ordinary-day match
underwriting_agreement,cash_secured_put,21,300,PM,2024-06-07,no usable strict ordinary-day match
underwriting_agreement,cash_secured_put,21,300,HD,2024-06-20,no usable strict ordinary-day match
underwriting_agreement,cash_secured_put,21,300,MDLZ,2024-07-02,unusable event quote or stock
underwriting_agreement,cash_secured_put,21,300,PEP,2024-07-18,no usable strict ordinary-day match
underwriting_agreement,cash_secured_put,21,300,BLK,2024-07-19,no usable strict ordinary-day match
underwriting_agreement,cash_secured_put,21,300,UNH,2024-07-26,no usable strict ordinary-day match
underwriting_agreement,cash_secured_put,21,300,COF,2024-07-29,unusable event quote or stock
underwriting_agreement,cash_secured_put,21,300,LLY,2024-08-15,no usable strict ordinary-day match
underwriting_agreement,cash_secured_put,21,300,DUK,2024-08-23,no usable strict ordinary-day match
underwriting_agreement,cash_secured_put,21,300,MDLZ,2024-08-26,unusable event quote or stock
underwriting_agreement,cash_secured_put,21,300,MA,2024-09-06,unusable event quote or stock
underwriting_agreement,cash_secured_put,21,300,UBER,2024-09-10,no usable strict ordinary-day match
underwriting_agreement,cash_secured_put,21,300,TMUS,2024-09-27,unusable event quote or stock
underwriting_agreement,cash_secured_put,21,300,MET,2024-10-01,no usable strict ordinary-day match
underwriting_agreement,cash_secured_put,21,300,ACN,2024-10-07,no usable strict ordinary-day match
underwriting_agreement,cash_secured_put,21,300,BRK.B,2024-10-24,no usable strict ordinary-day match
underwriting_agreement,cash_secured_put,21,300,PM,2024-11-04,no usable strict ordinary-day match
underwriting_agreement,cash_secured_put,21,300,GILD,2024-11-21,no usable strict ordinary-day match
underwriting_agreement,cash_secured_put,21,300,BKNG,2024-11-22,unusable event quote or stock
underwriting_agreement,cash_secured_put,21,300,CVS,2024-12-06,no usable strict ordinary-day match
underwriting_agreement,cash_secured_put,21,300,SO,2025-01-14,unusable event quote or stock
underwriting_agreement,cash_secured_put,21,300,DE,2025-01-17,no usable strict ordinary-day match
underwriting_agreement,cash_secured_put,21,300,MO,2025-02-07,no usable strict ordinary-day match
underwriting_agreement,cash_secured_put,21,300,TMUS,2025-02-12,no usable strict ordinary-day match
underwriting_agreement,cash_secured_put,21,300,SCHW,2025-02-13,no usable strict ordinary-day match
underwriting_agreement,cash_secured_put,21,300,C,2025-02-13,no usable strict ordinary-day match
underwriting_agreement,cash_secured_put,21,300,UNP,2025-02-14,no usable strict ordinary-day match
underwriting_agreement,cash_secured_put,21,300,ABBV,2025-02-20,no usable strict ordinary-day match
underwriting_agreement,cash_secured_put,21,300,JNJ,2025-02-21,no usable strict ordinary-day match
underwriting_agreement,cash_secured_put,21,300,CSCO,2025-02-25,no usable strict ordinary-day match
underwriting_agreement,cash_secured_put,21,300,CVX,2025-02-27,no usable strict ordinary-day match
underwriting_agreement,cash_secured_put,21,300,JNJ,2025-02-27,no usable strict ordinary-day match
underwriting_agreement,cash_secured_put,21,300,SO,2025-03-03,no usable strict ordinary-day match
underwriting_agreement,cash_secured_put,21,300,EMR,2025-03-03,no usable strict ordinary-day match
underwriting_agreement,cash_secured_put,21,300,C,2025-03-05,no usable strict ordinary-day match
underwriting_agreement,cash_secured_put,21,300,BK,2025-03-11,no usable strict ordinary-day match
underwriting_agreement,cash_secured_put,21,300,MET,2025-03-14,no usable strict ordinary-day match
underwriting_agreement,cash_secured_put,21,300,MMM,2025-03-14,no usable strict ordinary-day match
underwriting_agreement,cash_secured_put,21,300,BK,2025-03-17,no usable strict ordinary-day match
underwriting_agreement,cash_secured_put,21,300,BLK,2025-03-27,unusable event quote or stock
underwriting_agreement,cash_secured_put,21,300,TMUS,2025-03-28,no usable strict ordinary-day match
underwriting_agreement,cash_secured_put,21,300,T,2025-04-01,no usable strict ordinary-day match
underwriting_agreement,cash_secured_put,21,300,BRK.B,2025-04-21,no usable strict ordinary-day match
underwriting_agreement,cash_secured_put,21,300,WMT,2025-04-29,no usable strict ordinary-day match
underwriting_agreement,cash_secured_put,21,300,PM,2025-05-01,no usable strict ordinary-day match
underwriting_agreement,cash_secured_put,21,300,CL,2025-05-05,no usable strict ordinary-day match
underwriting_agreement,cash_secured_put,21,300,MDLZ,2025-05-07,no usable strict ordinary-day match
underwriting_agreement,cash_secured_put,21,300,GD,2025-05-08,unusable event quote or stock
underwriting_agreement,cash_secured_put,21,300,C,2025-05-08,no usable strict ordinary-day match
underwriting_agreement,cash_secured_put,21,300,GM,2025-05-08,no usable strict ordinary-day match
underwriting_agreement,cash_secured_put,21,300,SBUX,2025-05-09,no usable strict ordinary-day match
underwriting_agreement,cash_secured_put,21,300,CMCSA,2025-05-09,no usable strict ordinary-day match
underwriting_agreement,cash_secured_put,21,300,BKNG,2025-05-12,unusable event quote or stock
underwriting_agreement,cash_secured_put,21,300,UPS,2025-05-15,no usable strict ordinary-day match
underwriting_agreement,cash_secured_put,21,300,CAT,2025-05-16,no usable strict ordinary-day match
underwriting_agreement,cash_secured_put,21,300,PFE,2025-05-20,no usable strict ordinary-day match
underwriting_agreement,cash_secured_put,21,300,UPS,2025-05-21,no usable strict ordinary-day match
underwriting_agreement,cash_secured_put,21,300,T,2025-06-04,no usable strict ordinary-day match
underwriting_agreement,cash_secured_put,21,300,PM,2025-06-09,no usable strict ordinary-day match
underwriting_agreement,cash_secured_put,21,300,UNH,2025-06-23,no usable strict ordinary-day match
underwriting_agreement,cash_secured_put,21,300,PEP,2025-07-24,no usable strict ordinary-day match
underwriting_agreement,cash_secured_put,21,300,FDX,2025-07-25,unusable event quote or stock
underwriting_agreement,cash_secured_put,21,300,BAC,2025-07-25,no usable strict ordinary-day match
underwriting_agreement,cash_secured_put,21,300,PEP,2025-07-29,no usable strict ordinary-day match
underwriting_agreement,cash_secured_put,21,300,LMT,2025-07-29,no usable strict ordinary-day match
underwriting_agreement,cash_secured_put,21,300,MO,2025-08-07,no usable strict ordinary-day match
underwriting_agreement,cash_secured_put,21,300,CHTR,2025-08-21,no usable strict ordinary-day match
underwriting_agreement,cash_secured_put,21,300,UBER,2025-09-12,no usable strict ordinary-day match
underwriting_agreement,cash_secured_put,21,300,MDT,2025-09-17,no usable strict ordinary-day match
underwriting_agreement,cash_secured_put,21,300,T,2025-09-17,no usable strict ordinary-day match
underwriting_agreement,cash_secured_put,21,300,AVGO,2025-09-30,no usable strict ordinary-day match
underwriting_agreement,cash_secured_put,21,300,TMO,2025-10-08,unusable event quote or stock
underwriting_agreement,cash_secured_put,21,300,TMUS,2025-10-10,no usable strict ordinary-day match
underwriting_agreement,cash_secured_put,21,300,PM,2025-10-30,no usable strict ordinary-day match
underwriting_agreement,cash_secured_put,21,300,META,2025-11-04,no usable strict ordinary-day match
underwriting_agreement,cash_secured_put,21,300,BKNG,2025-11-10,no usable strict ordinary-day match
underwriting_agreement,cash_secured_put,21,300,BMY,2025-11-11,no usable strict ordinary-day match
underwriting_agreement,cash_secured_put,21,300,XOM,2025-11-14,no usable strict ordinary-day match
underwriting_agreement,cash_secured_put,21,300,SCHW,2025-11-17,no usable strict ordinary-day match
underwriting_agreement,cash_secured_put,21,300,BRK.B,2025-11-24,unusable event quote or stock
underwriting_agreement,cash_secured_put,21,300,PFE,2025-11-24,unusable event quote or stock
underwriting_agreement,cash_secured_put,21,300,TMO,2025-12-02,no usable strict ordinary-day match
underwriting_agreement,cash_secured_put,21,300,CVX,2025-12-10,no usable strict ordinary-day match
