tag,strategy,ticker,entry_date,saved_controls,clean_controls,dirty_controls,retains_any_control,all_saved_controls_clean
annual_meeting_results,long_call,COST,2024-01-23,2,0,2,False,False
annual_meeting_results,long_call,DIS,2024-04-10,3,3,0,True,True
annual_meeting_results,long_call,AVGO,2024-04-25,2,0,2,False,False
annual_meeting_results,long_call,ABT,2024-04-30,2,2,0,True,True
annual_meeting_results,long_call,KO,2024-05-03,1,1,0,True,True
annual_meeting_results,long_call,WFC,2024-05-03,1,0,1,False,False
annual_meeting_results,long_call,IBM,2024-05-06,1,0,1,False,False
annual_meeting_results,long_call,RTX,2024-05-07,1,1,0,True,True
annual_meeting_results,long_call,UNP,2024-05-13,2,2,0,True,True
annual_meeting_results,long_call,VZ,2024-05-14,1,0,1,False,False
annual_meeting_results,long_call,COP,2024-05-17,1,1,0,True,True
annual_meeting_results,long_call,BA,2024-05-20,2,0,2,False,False
annual_meeting_results,long_call,HD,2024-05-23,2,0,2,False,False
annual_meeting_results,long_call,CVS,2024-05-23,1,1,0,True,True
annual_meeting_results,long_call,NOW,2024-05-24,1,1,0,True,True
annual_meeting_results,long_call,AMZN,2024-05-28,3,1,2,True,False
annual_meeting_results,long_call,SCHW,2024-05-30,1,1,0,True,True
annual_meeting_results,long_call,AMGN,2024-06-04,2,2,0,True,True
annual_meeting_results,long_call,LOW,2024-06-06,2,2,0,True,True
annual_meeting_results,long_call,WMT,2024-06-10,3,0,3,False,False
annual_meeting_results,long_call,PLTR,2024-06-11,3,0,3,False,False
annual_meeting_results,long_call,MA,2024-06-24,1,0,1,False,False
annual_meeting_results,long_call,FDX,2024-09-25,1,1,0,True,True
annual_meeting_results,long_call,MSFT,2024-12-12,3,3,0,True,True
annual_meeting_results,long_call,V,2025-01-30,2,2,0,True,True
annual_meeting_results,long_call,QCOM,2025-03-21,3,3,0,True,True
annual_meeting_results,long_call,DIS,2025-03-25,1,0,1,False,False
annual_meeting_results,long_call,USB,2025-04-21,1,1,0,True,True
annual_meeting_results,long_call,AVGO,2025-04-23,2,0,2,False,False
annual_meeting_results,long_call,GS,2025-04-25,3,2,1,True,False
annual_meeting_results,long_call,BAC,2025-04-25,2,2,0,True,True
annual_meeting_results,long_call,ABT,2025-04-29,1,1,0,True,True
annual_meeting_results,long_call,PFE,2025-04-29,1,1,0,True,True
annual_meeting_results,long_call,WFC,2025-05-05,1,0,1,False,False
annual_meeting_results,long_call,RTX,2025-05-06,1,1,0,True,True
annual_meeting_results,long_call,UBER,2025-05-12,1,0,1,False,False
annual_meeting_results,long_call,INTC,2025-05-12,2,2,0,True,True
annual_meeting_results,long_call,GE,2025-05-12,3,3,0,True,True
annual_meeting_results,long_call,COP,2025-05-16,1,1,0,True,True
annual_meeting_results,long_call,AMZN,2025-05-23,2,1,1,True,False
annual_meeting_results,long_call,MCD,2025-05-27,1,1,0,True,True
annual_meeting_results,long_call,AMGN,2025-05-28,2,2,0,True,True
annual_meeting_results,long_call,HD,2025-05-29,2,0,2,False,False
annual_meeting_results,long_call,CVX,2025-06-02,2,2,0,True,True
annual_meeting_results,long_call,META,2025-06-02,3,3,0,True,True
annual_meeting_results,long_call,LOW,2025-06-06,2,2,0,True,True
annual_meeting_results,long_call,PLTR,2025-06-10,3,0,3,False,False
annual_meeting_results,long_call,MA,2025-06-27,2,2,0,True,True
annual_meeting_results,long_call,NVDA,2025-07-02,1,1,0,True,True
annual_meeting_results,long_call,TSLA,2025-11-10,2,2,0,True,True
annual_meeting_results,covered_call,COST,2024-01-23,2,0,2,False,False
annual_meeting_results,covered_call,DIS,2024-04-10,3,3,0,True,True
annual_meeting_results,covered_call,AVGO,2024-04-25,2,0,2,False,False
annual_meeting_results,covered_call,ABT,2024-04-30,1,1,0,True,True
annual_meeting_results,covered_call,KO,2024-05-03,1,1,0,True,True
annual_meeting_results,covered_call,WFC,2024-05-03,1,0,1,False,False
annual_meeting_results,covered_call,IBM,2024-05-06,1,0,1,False,False
annual_meeting_results,covered_call,RTX,2024-05-07,1,1,0,True,True
annual_meeting_results,covered_call,BA,2024-05-20,2,0,2,False,False
annual_meeting_results,covered_call,HD,2024-05-23,2,0,2,False,False
annual_meeting_results,covered_call,NOW,2024-05-24,1,1,0,True,True
annual_meeting_results,covered_call,AMZN,2024-05-28,3,1,2,True,False
annual_meeting_results,covered_call,AMGN,2024-06-04,2,2,0,True,True
annual_meeting_results,covered_call,LOW,2024-06-06,2,2,0,True,True
annual_meeting_results,covered_call,WMT,2024-06-10,3,0,3,False,False
annual_meeting_results,covered_call,PLTR,2024-06-11,3,0,3,False,False
annual_meeting_results,covered_call,MA,2024-06-24,1,0,1,False,False
annual_meeting_results,covered_call,FDX,2024-09-25,1,1,0,True,True
annual_meeting_results,covered_call,MSFT,2024-12-12,3,3,0,True,True
annual_meeting_results,covered_call,V,2025-01-30,2,2,0,True,True
annual_meeting_results,covered_call,QCOM,2025-03-21,3,3,0,True,True
annual_meeting_results,covered_call,USB,2025-04-21,2,1,1,True,False
annual_meeting_results,covered_call,AVGO,2025-04-23,2,0,2,False,False
annual_meeting_results,covered_call,GS,2025-04-25,3,2,1,True,False
annual_meeting_results,covered_call,BAC,2025-04-25,2,2,0,True,True
annual_meeting_results,covered_call,WFC,2025-05-05,1,0,1,False,False
annual_meeting_results,covered_call,RTX,2025-05-06,1,1,0,True,True
annual_meeting_results,covered_call,UBER,2025-05-12,1,0,1,False,False
annual_meeting_results,covered_call,GE,2025-05-12,3,3,0,True,True
annual_meeting_results,covered_call,COP,2025-05-16,2,2,0,True,True
annual_meeting_results,covered_call,AMZN,2025-05-23,2,1,1,True,False
annual_meeting_results,covered_call,MCD,2025-05-27,1,1,0,True,True
annual_meeting_results,covered_call,AMGN,2025-05-28,2,2,0,True,True
annual_meeting_results,covered_call,HD,2025-05-29,2,0,2,False,False
annual_meeting_results,covered_call,CVX,2025-06-02,2,2,0,True,True
annual_meeting_results,covered_call,META,2025-06-02,3,3,0,True,True
annual_meeting_results,covered_call,PLTR,2025-06-10,3,0,3,False,False
annual_meeting_results,covered_call,MA,2025-06-27,2,2,0,True,True
annual_meeting_results,covered_call,NVDA,2025-07-02,1,1,0,True,True
annual_meeting_results,covered_call,TSLA,2025-11-10,2,2,0,True,True
annual_meeting_results,protective_put,COST,2024-01-23,2,0,2,False,False
annual_meeting_results,protective_put,DIS,2024-04-10,3,3,0,True,True
annual_meeting_results,protective_put,AVGO,2024-04-25,2,0,2,False,False
annual_meeting_results,protective_put,ABT,2024-04-30,2,2,0,True,True
annual_meeting_results,protective_put,KO,2024-05-03,1,1,0,True,True
annual_meeting_results,protective_put,WFC,2024-05-03,1,0,1,False,False
annual_meeting_results,protective_put,IBM,2024-05-06,1,0,1,False,False
annual_meeting_results,protective_put,RTX,2024-05-07,1,1,0,True,True
annual_meeting_results,protective_put,UNP,2024-05-13,1,1,0,True,True
annual_meeting_results,protective_put,VZ,2024-05-14,1,0,1,False,False
annual_meeting_results,protective_put,COP,2024-05-17,1,1,0,True,True
annual_meeting_results,protective_put,BA,2024-05-20,2,0,2,False,False
annual_meeting_results,protective_put,HD,2024-05-23,2,0,2,False,False
annual_meeting_results,protective_put,CVS,2024-05-23,1,1,0,True,True
annual_meeting_results,protective_put,NOW,2024-05-24,1,1,0,True,True
annual_meeting_results,protective_put,AMZN,2024-05-28,3,1,2,True,False
annual_meeting_results,protective_put,AMGN,2024-06-04,3,3,0,True,True
annual_meeting_results,protective_put,LOW,2024-06-06,2,2,0,True,True
annual_meeting_results,protective_put,WMT,2024-06-10,3,0,3,False,False
annual_meeting_results,protective_put,PLTR,2024-06-11,3,0,3,False,False
annual_meeting_results,protective_put,MA,2024-06-24,1,0,1,False,False
annual_meeting_results,protective_put,FDX,2024-09-25,1,1,0,True,True
annual_meeting_results,protective_put,MSFT,2024-12-12,3,3,0,True,True
annual_meeting_results,protective_put,V,2025-01-30,2,2,0,True,True
annual_meeting_results,protective_put,QCOM,2025-03-21,3,3,0,True,True
annual_meeting_results,protective_put,DIS,2025-03-25,1,0,1,False,False
annual_meeting_results,protective_put,USB,2025-04-21,2,1,1,True,False
annual_meeting_results,protective_put,AVGO,2025-04-23,2,0,2,False,False
annual_meeting_results,protective_put,GS,2025-04-25,3,2,1,True,False
annual_meeting_results,protective_put,BAC,2025-04-25,2,2,0,True,True
annual_meeting_results,protective_put,ABT,2025-04-29,1,1,0,True,True
annual_meeting_results,protective_put,WFC,2025-05-05,1,0,1,False,False
annual_meeting_results,protective_put,RTX,2025-05-06,1,1,0,True,True
annual_meeting_results,protective_put,COF,2025-05-09,1,0,1,False,False
annual_meeting_results,protective_put,INTC,2025-05-12,2,2,0,True,True
annual_meeting_results,protective_put,GE,2025-05-12,3,3,0,True,True
annual_meeting_results,protective_put,COP,2025-05-16,1,1,0,True,True
annual_meeting_results,protective_put,AMZN,2025-05-23,2,1,1,True,False
annual_meeting_results,protective_put,MCD,2025-05-27,1,1,0,True,True
annual_meeting_results,protective_put,AMGN,2025-05-28,3,3,0,True,True
annual_meeting_results,protective_put,HD,2025-05-29,2,0,2,False,False
annual_meeting_results,protective_put,CVX,2025-06-02,2,2,0,True,True
annual_meeting_results,protective_put,META,2025-06-02,3,3,0,True,True
annual_meeting_results,protective_put,LOW,2025-06-06,2,2,0,True,True
annual_meeting_results,protective_put,PLTR,2025-06-10,3,0,3,False,False
annual_meeting_results,protective_put,MA,2025-06-27,2,2,0,True,True
annual_meeting_results,protective_put,NVDA,2025-07-02,1,1,0,True,True
annual_meeting_results,protective_put,MDT,2025-10-22,1,0,1,False,False
annual_meeting_results,protective_put,TSLA,2025-11-10,2,2,0,True,True
annual_meeting_results,collar,COST,2024-01-23,2,0,2,False,False
annual_meeting_results,collar,DIS,2024-04-10,3,3,0,True,True
annual_meeting_results,collar,AVGO,2024-04-25,2,0,2,False,False
annual_meeting_results,collar,ABT,2024-04-30,1,1,0,True,True
annual_meeting_results,collar,KO,2024-05-03,1,1,0,True,True
annual_meeting_results,collar,WFC,2024-05-03,1,0,1,False,False
annual_meeting_results,collar,IBM,2024-05-06,1,0,1,False,False
annual_meeting_results,collar,RTX,2024-05-07,1,1,0,True,True
annual_meeting_results,collar,BA,2024-05-20,2,0,2,False,False
annual_meeting_results,collar,HD,2024-05-23,2,0,2,False,False
annual_meeting_results,collar,NOW,2024-05-24,1,1,0,True,True
annual_meeting_results,collar,AMZN,2024-05-28,3,1,2,True,False
annual_meeting_results,collar,AMGN,2024-06-04,2,2,0,True,True
annual_meeting_results,collar,LOW,2024-06-06,2,2,0,True,True
annual_meeting_results,collar,WMT,2024-06-10,3,0,3,False,False
annual_meeting_results,collar,PLTR,2024-06-11,3,0,3,False,False
annual_meeting_results,collar,MA,2024-06-24,1,0,1,False,False
annual_meeting_results,collar,FDX,2024-09-25,1,1,0,True,True
annual_meeting_results,collar,MSFT,2024-12-12,3,3,0,True,True
annual_meeting_results,collar,V,2025-01-30,2,2,0,True,True
annual_meeting_results,collar,QCOM,2025-03-21,3,3,0,True,True
annual_meeting_results,collar,USB,2025-04-21,2,1,1,True,False
annual_meeting_results,collar,AVGO,2025-04-23,2,0,2,False,False
annual_meeting_results,collar,GS,2025-04-25,3,2,1,True,False
annual_meeting_results,collar,BAC,2025-04-25,2,2,0,True,True
annual_meeting_results,collar,WFC,2025-05-05,1,0,1,False,False
annual_meeting_results,collar,RTX,2025-05-06,1,1,0,True,True
annual_meeting_results,collar,GE,2025-05-12,3,3,0,True,True
annual_meeting_results,collar,COP,2025-05-16,1,1,0,True,True
annual_meeting_results,collar,AMZN,2025-05-23,2,1,1,True,False
annual_meeting_results,collar,MCD,2025-05-27,1,1,0,True,True
annual_meeting_results,collar,AMGN,2025-05-28,2,2,0,True,True
annual_meeting_results,collar,HD,2025-05-29,2,0,2,False,False
annual_meeting_results,collar,CVX,2025-06-02,2,2,0,True,True
annual_meeting_results,collar,META,2025-06-02,3,3,0,True,True
annual_meeting_results,collar,PLTR,2025-06-10,3,0,3,False,False
annual_meeting_results,collar,MA,2025-06-27,2,2,0,True,True
annual_meeting_results,collar,NVDA,2025-07-02,1,1,0,True,True
annual_meeting_results,collar,TSLA,2025-11-10,2,2,0,True,True
annual_meeting_results,cash_secured_put,COST,2024-01-23,2,0,2,False,False
annual_meeting_results,cash_secured_put,DIS,2024-04-10,3,3,0,True,True
annual_meeting_results,cash_secured_put,AVGO,2024-04-25,2,0,2,False,False
annual_meeting_results,cash_secured_put,ABT,2024-04-30,2,2,0,True,True
annual_meeting_results,cash_secured_put,KO,2024-05-03,1,1,0,True,True
annual_meeting_results,cash_secured_put,WFC,2024-05-03,1,0,1,False,False
annual_meeting_results,cash_secured_put,IBM,2024-05-06,1,0,1,False,False
annual_meeting_results,cash_secured_put,RTX,2024-05-07,1,1,0,True,True
annual_meeting_results,cash_secured_put,UNP,2024-05-13,1,1,0,True,True
annual_meeting_results,cash_secured_put,VZ,2024-05-14,1,0,1,False,False
annual_meeting_results,cash_secured_put,COP,2024-05-17,1,1,0,True,True
annual_meeting_results,cash_secured_put,BA,2024-05-20,2,0,2,False,False
annual_meeting_results,cash_secured_put,HD,2024-05-23,2,0,2,False,False
annual_meeting_results,cash_secured_put,CVS,2024-05-23,1,1,0,True,True
annual_meeting_results,cash_secured_put,NOW,2024-05-24,1,1,0,True,True
annual_meeting_results,cash_secured_put,AMZN,2024-05-28,3,1,2,True,False
annual_meeting_results,cash_secured_put,AMGN,2024-06-04,3,3,0,True,True
annual_meeting_results,cash_secured_put,LOW,2024-06-06,2,2,0,True,True
annual_meeting_results,cash_secured_put,WMT,2024-06-10,3,0,3,False,False
annual_meeting_results,cash_secured_put,PLTR,2024-06-11,3,0,3,False,False
annual_meeting_results,cash_secured_put,MA,2024-06-24,1,0,1,False,False
annual_meeting_results,cash_secured_put,FDX,2024-09-25,1,1,0,True,True
annual_meeting_results,cash_secured_put,MSFT,2024-12-12,3,3,0,True,True
annual_meeting_results,cash_secured_put,V,2025-01-30,2,2,0,True,True
annual_meeting_results,cash_secured_put,QCOM,2025-03-21,3,3,0,True,True
annual_meeting_results,cash_secured_put,DIS,2025-03-25,1,0,1,False,False
annual_meeting_results,cash_secured_put,USB,2025-04-21,2,1,1,True,False
annual_meeting_results,cash_secured_put,AVGO,2025-04-23,2,0,2,False,False
annual_meeting_results,cash_secured_put,GS,2025-04-25,3,2,1,True,False
annual_meeting_results,cash_secured_put,BAC,2025-04-25,2,2,0,True,True
annual_meeting_results,cash_secured_put,ABT,2025-04-29,1,1,0,True,True
annual_meeting_results,cash_secured_put,WFC,2025-05-05,1,0,1,False,False
annual_meeting_results,cash_secured_put,RTX,2025-05-06,1,1,0,True,True
annual_meeting_results,cash_secured_put,COF,2025-05-09,1,0,1,False,False
annual_meeting_results,cash_secured_put,INTC,2025-05-12,2,2,0,True,True
annual_meeting_results,cash_secured_put,GE,2025-05-12,3,3,0,True,True
annual_meeting_results,cash_secured_put,COP,2025-05-16,1,1,0,True,True
annual_meeting_results,cash_secured_put,AMZN,2025-05-23,2,1,1,True,False
annual_meeting_results,cash_secured_put,MCD,2025-05-27,1,1,0,True,True
annual_meeting_results,cash_secured_put,AMGN,2025-05-28,3,3,0,True,True
annual_meeting_results,cash_secured_put,HD,2025-05-29,2,0,2,False,False
annual_meeting_results,cash_secured_put,CVX,2025-06-02,2,2,0,True,True
annual_meeting_results,cash_secured_put,META,2025-06-02,3,3,0,True,True
annual_meeting_results,cash_secured_put,LOW,2025-06-06,2,2,0,True,True
annual_meeting_results,cash_secured_put,PLTR,2025-06-10,3,0,3,False,False
annual_meeting_results,cash_secured_put,MA,2025-06-27,2,2,0,True,True
annual_meeting_results,cash_secured_put,NVDA,2025-07-02,1,1,0,True,True
annual_meeting_results,cash_secured_put,MDT,2025-10-22,1,0,1,False,False
annual_meeting_results,cash_secured_put,TSLA,2025-11-10,2,2,0,True,True
debt_issuance,long_call,JPM,2024-01-24,2,0,2,False,False
debt_issuance,long_call,WFC,2024-01-24,3,0,3,False,False
debt_issuance,long_call,LLY,2024-02-12,2,2,0,True,True
debt_issuance,long_call,AXP,2024-02-20,1,0,1,False,False
debt_issuance,long_call,PEP,2024-02-20,1,1,0,True,True
debt_issuance,long_call,AMT,2024-03-08,1,0,1,False,False
debt_issuance,long_call,WFC,2024-04-23,1,0,1,False,False
debt_issuance,long_call,CVS,2024-05-10,1,1,0,True,True
debt_issuance,long_call,UPS,2024-05-29,1,1,0,True,True
debt_issuance,long_call,HD,2024-06-26,1,0,1,False,False
debt_issuance,long_call,NEE,2024-07-02,2,2,0,True,True
debt_issuance,long_call,JPM,2024-07-23,3,0,3,False,False
debt_issuance,long_call,GS,2024-07-24,3,0,3,False,False
debt_issuance,long_call,AXP,2024-07-29,3,0,3,False,False
debt_issuance,long_call,NFLX,2024-08-02,3,3,0,True,True
debt_issuance,long_call,META,2024-08-12,3,1,2,True,False
debt_issuance,long_call,KO,2024-08-12,1,1,0,True,True
debt_issuance,long_call,TGT,2024-09-09,2,2,0,True,True
debt_issuance,long_call,C,2024-09-20,2,0,2,False,False
debt_issuance,long_call,CMCSA,2024-09-27,2,2,0,True,True
debt_issuance,long_call,ORCL,2024-09-30,1,0,1,False,False
debt_issuance,long_call,AVGO,2024-10-03,2,1,1,True,False
debt_issuance,long_call,XOM,2024-10-09,1,1,0,True,True
debt_issuance,long_call,AMT,2024-11-20,2,0,2,False,False
debt_issuance,long_call,WFC,2024-12-04,1,0,1,False,False
debt_issuance,long_call,COP,2024-12-06,2,1,1,True,False
debt_issuance,long_call,LMT,2024-12-12,2,2,0,True,True
debt_issuance,long_call,AVGO,2025-01-13,3,0,3,False,False
debt_issuance,long_call,ADBE,2025-01-21,2,2,0,True,True
debt_issuance,long_call,JPM,2025-01-27,2,0,2,False,False
debt_issuance,long_call,WFC,2025-01-27,1,1,0,True,True
debt_issuance,long_call,ORCL,2025-02-04,1,0,1,False,False
debt_issuance,long_call,PEP,2025-02-10,2,2,0,True,True
debt_issuance,long_call,LLY,2025-02-13,1,1,0,True,True
debt_issuance,long_call,MA,2025-02-28,1,1,0,True,True
debt_issuance,long_call,AMD,2025-03-13,1,0,1,False,False
debt_issuance,long_call,AMD,2025-03-25,2,0,2,False,False
debt_issuance,long_call,TGT,2025-03-26,1,1,0,True,True
debt_issuance,long_call,GS,2025-04-24,3,2,1,True,False
debt_issuance,long_call,WFC,2025-04-24,2,0,2,False,False
debt_issuance,long_call,AAPL,2025-05-13,1,1,0,True,True
debt_issuance,long_call,V,2025-05-16,2,1,1,True,False
debt_issuance,long_call,PFE,2025-05-20,1,1,0,True,True
debt_issuance,long_call,SO,2025-05-22,1,1,0,True,True
debt_issuance,long_call,QCOM,2025-05-23,1,0,1,False,False
debt_issuance,long_call,TXN,2025-05-27,2,2,0,True,True
debt_issuance,long_call,UBER,2025-06-09,1,0,1,False,False
debt_issuance,long_call,JPM,2025-07-24,2,0,2,False,False
debt_issuance,long_call,GE,2025-07-25,1,1,0,True,True
debt_issuance,long_call,AXP,2025-07-28,2,0,2,False,False
debt_issuance,long_call,CVX,2025-08-14,1,0,1,False,False
debt_issuance,long_call,CVS,2025-08-18,2,0,2,False,False
debt_issuance,long_call,LLY,2025-08-21,1,1,0,True,True
debt_issuance,long_call,MCD,2025-08-28,1,1,0,True,True
debt_issuance,long_call,HD,2025-09-11,3,3,0,True,True
debt_issuance,long_call,COF,2025-09-12,2,0,2,False,False
debt_issuance,long_call,HD,2025-09-16,3,3,0,True,True
debt_issuance,long_call,ORCL,2025-09-29,1,1,0,True,True
debt_issuance,long_call,LOW,2025-10-01,2,2,0,True,True
debt_issuance,long_call,DE,2025-10-10,3,0,3,False,False
debt_issuance,long_call,GS,2025-10-22,3,1,2,True,False
debt_issuance,long_call,PG,2025-11-04,1,0,1,False,False
debt_issuance,long_call,PG,2025-11-05,1,0,1,False,False
debt_issuance,long_call,GOOGL,2025-11-07,2,1,1,True,False
debt_issuance,long_call,AMZN,2025-11-21,2,2,0,True,True
debt_issuance,covered_call,JPM,2024-01-24,2,0,2,False,False
debt_issuance,covered_call,WFC,2024-01-24,3,0,3,False,False
debt_issuance,covered_call,LLY,2024-02-12,2,2,0,True,True
debt_issuance,covered_call,AXP,2024-02-20,1,0,1,False,False
debt_issuance,covered_call,PEP,2024-02-20,1,1,0,True,True
debt_issuance,covered_call,WFC,2024-04-23,1,0,1,False,False
debt_issuance,covered_call,UPS,2024-05-29,1,1,0,True,True
debt_issuance,covered_call,HD,2024-06-26,1,0,1,False,False
debt_issuance,covered_call,NEE,2024-07-02,1,1,0,True,True
debt_issuance,covered_call,JPM,2024-07-23,3,0,3,False,False
debt_issuance,covered_call,GS,2024-07-24,3,0,3,False,False
debt_issuance,covered_call,AXP,2024-07-29,3,0,3,False,False
debt_issuance,covered_call,NFLX,2024-08-02,3,3,0,True,True
debt_issuance,covered_call,META,2024-08-12,3,1,2,True,False
debt_issuance,covered_call,TGT,2024-09-09,2,2,0,True,True
debt_issuance,covered_call,C,2024-09-20,2,0,2,False,False
debt_issuance,covered_call,CMCSA,2024-09-27,2,2,0,True,True
debt_issuance,covered_call,ORCL,2024-09-30,1,0,1,False,False
debt_issuance,covered_call,AVGO,2024-10-03,2,1,1,True,False
debt_issuance,covered_call,XOM,2024-10-09,1,1,0,True,True
debt_issuance,covered_call,WFC,2024-12-04,1,0,1,False,False
debt_issuance,covered_call,COP,2024-12-06,2,1,1,True,False
debt_issuance,covered_call,LMT,2024-12-12,1,1,0,True,True
debt_issuance,covered_call,AVGO,2025-01-13,3,0,3,False,False
debt_issuance,covered_call,ADBE,2025-01-21,2,2,0,True,True
debt_issuance,covered_call,JPM,2025-01-27,2,0,2,False,False
debt_issuance,covered_call,WFC,2025-01-27,1,1,0,True,True
debt_issuance,covered_call,ORCL,2025-02-04,1,0,1,False,False
debt_issuance,covered_call,PEP,2025-02-10,2,2,0,True,True
debt_issuance,covered_call,LLY,2025-02-13,1,1,0,True,True
debt_issuance,covered_call,MA,2025-02-28,1,1,0,True,True
debt_issuance,covered_call,AMD,2025-03-13,1,0,1,False,False
debt_issuance,covered_call,AMD,2025-03-25,2,0,2,False,False
debt_issuance,covered_call,TGT,2025-03-26,1,1,0,True,True
debt_issuance,covered_call,GS,2025-04-24,3,2,1,True,False
debt_issuance,covered_call,WFC,2025-04-24,2,0,2,False,False
debt_issuance,covered_call,AAPL,2025-05-13,1,1,0,True,True
debt_issuance,covered_call,V,2025-05-16,2,1,1,True,False
debt_issuance,covered_call,PFE,2025-05-20,1,1,0,True,True
debt_issuance,covered_call,QCOM,2025-05-23,1,0,1,False,False
debt_issuance,covered_call,TXN,2025-05-27,2,2,0,True,True
debt_issuance,covered_call,UBER,2025-06-09,1,0,1,False,False
debt_issuance,covered_call,JPM,2025-07-24,1,0,1,False,False
debt_issuance,covered_call,GE,2025-07-25,1,1,0,True,True
debt_issuance,covered_call,AXP,2025-07-28,2,0,2,False,False
debt_issuance,covered_call,CVX,2025-08-14,1,0,1,False,False
debt_issuance,covered_call,CVS,2025-08-18,3,1,2,True,False
debt_issuance,covered_call,LLY,2025-08-21,1,1,0,True,True
debt_issuance,covered_call,MCD,2025-08-28,1,1,0,True,True
debt_issuance,covered_call,HD,2025-09-11,3,3,0,True,True
debt_issuance,covered_call,COF,2025-09-12,3,0,3,False,False
debt_issuance,covered_call,HD,2025-09-16,3,3,0,True,True
debt_issuance,covered_call,ORCL,2025-09-29,1,1,0,True,True
debt_issuance,covered_call,LOW,2025-10-01,2,2,0,True,True
debt_issuance,covered_call,DE,2025-10-10,2,0,2,False,False
debt_issuance,covered_call,GS,2025-10-22,3,1,2,True,False
debt_issuance,covered_call,PG,2025-11-05,1,0,1,False,False
debt_issuance,covered_call,GOOGL,2025-11-07,2,1,1,True,False
debt_issuance,covered_call,SO,2025-11-07,2,2,0,True,True
debt_issuance,covered_call,AMZN,2025-11-21,2,2,0,True,True
debt_issuance,protective_put,JPM,2024-01-24,2,0,2,False,False
debt_issuance,protective_put,WFC,2024-01-24,3,0,3,False,False
debt_issuance,protective_put,LLY,2024-02-12,2,2,0,True,True
debt_issuance,protective_put,AXP,2024-02-20,1,0,1,False,False
debt_issuance,protective_put,PEP,2024-02-20,1,1,0,True,True
debt_issuance,protective_put,AMT,2024-03-05,1,0,1,False,False
debt_issuance,protective_put,AMT,2024-03-08,1,0,1,False,False
debt_issuance,protective_put,WFC,2024-04-23,1,0,1,False,False
debt_issuance,protective_put,WFC,2024-04-24,1,0,1,False,False
debt_issuance,protective_put,CVS,2024-05-10,1,1,0,True,True
debt_issuance,protective_put,UPS,2024-05-29,1,1,0,True,True
debt_issuance,protective_put,HD,2024-06-26,1,0,1,False,False
debt_issuance,protective_put,NEE,2024-07-02,2,2,0,True,True
debt_issuance,protective_put,JPM,2024-07-23,3,0,3,False,False
debt_issuance,protective_put,GS,2024-07-24,3,0,3,False,False
debt_issuance,protective_put,AXP,2024-07-29,3,0,3,False,False
debt_issuance,protective_put,NFLX,2024-08-02,3,3,0,True,True
debt_issuance,protective_put,META,2024-08-12,3,1,2,True,False
debt_issuance,protective_put,KO,2024-08-12,1,1,0,True,True
debt_issuance,protective_put,TGT,2024-09-09,2,2,0,True,True
debt_issuance,protective_put,SO,2024-09-10,3,3,0,True,True
debt_issuance,protective_put,C,2024-09-20,2,0,2,False,False
debt_issuance,protective_put,AVGO,2024-10-03,2,1,1,True,False
debt_issuance,protective_put,XOM,2024-10-09,1,1,0,True,True
debt_issuance,protective_put,AMT,2024-11-20,2,0,2,False,False
debt_issuance,protective_put,WFC,2024-12-04,1,0,1,False,False
debt_issuance,protective_put,COP,2024-12-06,2,1,1,True,False
debt_issuance,protective_put,LMT,2024-12-12,2,2,0,True,True
debt_issuance,protective_put,COP,2024-12-31,1,1,0,True,True
debt_issuance,protective_put,AVGO,2025-01-13,3,0,3,False,False
debt_issuance,protective_put,JPM,2025-01-27,2,0,2,False,False
debt_issuance,protective_put,WFC,2025-01-27,1,1,0,True,True
debt_issuance,protective_put,ORCL,2025-02-04,1,0,1,False,False
debt_issuance,protective_put,MA,2025-02-28,1,1,0,True,True
debt_issuance,protective_put,AMD,2025-03-13,1,0,1,False,False
debt_issuance,protective_put,AMD,2025-03-25,2,0,2,False,False
debt_issuance,protective_put,TGT,2025-03-26,1,1,0,True,True
debt_issuance,protective_put,XOM,2025-04-02,2,2,0,True,True
debt_issuance,protective_put,GS,2025-04-24,3,2,1,True,False
debt_issuance,protective_put,WFC,2025-04-24,2,0,2,False,False
debt_issuance,protective_put,AAPL,2025-05-13,1,1,0,True,True
debt_issuance,protective_put,V,2025-05-16,2,1,1,True,False
debt_issuance,protective_put,SO,2025-05-22,1,1,0,True,True
debt_issuance,protective_put,QCOM,2025-05-23,1,0,1,False,False
debt_issuance,protective_put,TXN,2025-05-27,2,2,0,True,True
debt_issuance,protective_put,JPM,2025-07-24,2,0,2,False,False
debt_issuance,protective_put,GE,2025-07-25,1,1,0,True,True
debt_issuance,protective_put,AXP,2025-07-28,2,0,2,False,False
debt_issuance,protective_put,CVX,2025-08-14,1,0,1,False,False
debt_issuance,protective_put,CVS,2025-08-18,1,1,0,True,True
debt_issuance,protective_put,LLY,2025-08-21,1,1,0,True,True
debt_issuance,protective_put,MCD,2025-08-28,1,1,0,True,True
debt_issuance,protective_put,HD,2025-09-11,3,3,0,True,True
debt_issuance,protective_put,COF,2025-09-12,3,0,3,False,False
debt_issuance,protective_put,HD,2025-09-16,2,2,0,True,True
debt_issuance,protective_put,ORCL,2025-09-29,1,1,0,True,True
debt_issuance,protective_put,LOW,2025-10-01,2,2,0,True,True
debt_issuance,protective_put,DE,2025-10-10,3,0,3,False,False
debt_issuance,protective_put,GS,2025-10-22,3,1,2,True,False
debt_issuance,protective_put,PG,2025-11-04,1,0,1,False,False
debt_issuance,protective_put,GOOGL,2025-11-07,2,1,1,True,False
debt_issuance,protective_put,AMZN,2025-11-21,2,2,0,True,True
debt_issuance,collar,JPM,2024-01-24,2,0,2,False,False
debt_issuance,collar,WFC,2024-01-24,3,0,3,False,False
debt_issuance,collar,LLY,2024-02-12,2,2,0,True,True
debt_issuance,collar,AXP,2024-02-20,1,0,1,False,False
debt_issuance,collar,PEP,2024-02-20,1,1,0,True,True
debt_issuance,collar,WFC,2024-04-23,1,0,1,False,False
debt_issuance,collar,UPS,2024-05-29,1,1,0,True,True
debt_issuance,collar,HD,2024-06-26,1,0,1,False,False
debt_issuance,collar,NEE,2024-07-02,1,1,0,True,True
debt_issuance,collar,JPM,2024-07-23,3,0,3,False,False
debt_issuance,collar,GS,2024-07-24,3,0,3,False,False
debt_issuance,collar,AXP,2024-07-29,3,0,3,False,False
debt_issuance,collar,NFLX,2024-08-02,3,3,0,True,True
debt_issuance,collar,META,2024-08-12,3,1,2,True,False
debt_issuance,collar,TGT,2024-09-09,2,2,0,True,True
debt_issuance,collar,C,2024-09-20,1,0,1,False,False
debt_issuance,collar,AVGO,2024-10-03,2,1,1,True,False
debt_issuance,collar,XOM,2024-10-09,1,1,0,True,True
debt_issuance,collar,WFC,2024-12-04,1,0,1,False,False
debt_issuance,collar,COP,2024-12-06,2,1,1,True,False
debt_issuance,collar,LMT,2024-12-12,1,1,0,True,True
debt_issuance,collar,AVGO,2025-01-13,3,0,3,False,False
debt_issuance,collar,JPM,2025-01-27,2,0,2,False,False
debt_issuance,collar,WFC,2025-01-27,1,1,0,True,True
debt_issuance,collar,ORCL,2025-02-04,1,0,1,False,False
debt_issuance,collar,MA,2025-02-28,1,1,0,True,True
debt_issuance,collar,AMD,2025-03-13,1,0,1,False,False
debt_issuance,collar,AMD,2025-03-25,2,0,2,False,False
debt_issuance,collar,TGT,2025-03-26,1,1,0,True,True
debt_issuance,collar,GS,2025-04-24,3,2,1,True,False
debt_issuance,collar,WFC,2025-04-24,2,0,2,False,False
debt_issuance,collar,AAPL,2025-05-13,1,1,0,True,True
debt_issuance,collar,V,2025-05-16,2,1,1,True,False
debt_issuance,collar,QCOM,2025-05-23,1,0,1,False,False
debt_issuance,collar,TXN,2025-05-27,2,2,0,True,True
debt_issuance,collar,JPM,2025-07-24,1,0,1,False,False
debt_issuance,collar,GE,2025-07-25,1,1,0,True,True
debt_issuance,collar,AXP,2025-07-28,2,0,2,False,False
debt_issuance,collar,CVX,2025-08-14,1,0,1,False,False
debt_issuance,collar,CVS,2025-08-18,1,1,0,True,True
debt_issuance,collar,LLY,2025-08-21,1,1,0,True,True
debt_issuance,collar,MCD,2025-08-28,1,1,0,True,True
debt_issuance,collar,HD,2025-09-11,3,3,0,True,True
debt_issuance,collar,COF,2025-09-12,3,0,3,False,False
debt_issuance,collar,HD,2025-09-16,2,2,0,True,True
debt_issuance,collar,ORCL,2025-09-29,1,1,0,True,True
debt_issuance,collar,LOW,2025-10-01,2,2,0,True,True
debt_issuance,collar,DE,2025-10-10,2,0,2,False,False
debt_issuance,collar,GS,2025-10-22,3,1,2,True,False
debt_issuance,collar,GOOGL,2025-11-07,2,1,1,True,False
debt_issuance,collar,AMZN,2025-11-21,2,2,0,True,True
debt_issuance,cash_secured_put,JPM,2024-01-24,2,0,2,False,False
debt_issuance,cash_secured_put,WFC,2024-01-24,3,0,3,False,False
debt_issuance,cash_secured_put,LLY,2024-02-12,2,2,0,True,True
debt_issuance,cash_secured_put,AXP,2024-02-20,1,0,1,False,False
debt_issuance,cash_secured_put,PEP,2024-02-20,1,1,0,True,True
debt_issuance,cash_secured_put,AMT,2024-03-05,1,0,1,False,False
debt_issuance,cash_secured_put,AMT,2024-03-08,1,0,1,False,False
debt_issuance,cash_secured_put,WFC,2024-04-23,1,0,1,False,False
debt_issuance,cash_secured_put,WFC,2024-04-24,1,0,1,False,False
debt_issuance,cash_secured_put,CVS,2024-05-10,1,1,0,True,True
debt_issuance,cash_secured_put,UPS,2024-05-29,1,1,0,True,True
debt_issuance,cash_secured_put,HD,2024-06-26,1,0,1,False,False
debt_issuance,cash_secured_put,NEE,2024-07-02,2,2,0,True,True
debt_issuance,cash_secured_put,JPM,2024-07-23,3,0,3,False,False
debt_issuance,cash_secured_put,GS,2024-07-24,3,0,3,False,False
debt_issuance,cash_secured_put,AXP,2024-07-29,3,0,3,False,False
debt_issuance,cash_secured_put,NFLX,2024-08-02,3,3,0,True,True
debt_issuance,cash_secured_put,META,2024-08-12,3,1,2,True,False
debt_issuance,cash_secured_put,KO,2024-08-12,1,1,0,True,True
debt_issuance,cash_secured_put,TGT,2024-09-09,2,2,0,True,True
debt_issuance,cash_secured_put,SO,2024-09-10,3,3,0,True,True
debt_issuance,cash_secured_put,C,2024-09-20,2,0,2,False,False
debt_issuance,cash_secured_put,AVGO,2024-10-03,2,1,1,True,False
debt_issuance,cash_secured_put,XOM,2024-10-09,1,1,0,True,True
debt_issuance,cash_secured_put,AMT,2024-11-20,2,0,2,False,False
debt_issuance,cash_secured_put,WFC,2024-12-04,1,0,1,False,False
debt_issuance,cash_secured_put,COP,2024-12-06,2,1,1,True,False
debt_issuance,cash_secured_put,LMT,2024-12-12,2,2,0,True,True
debt_issuance,cash_secured_put,COP,2024-12-31,1,1,0,True,True
debt_issuance,cash_secured_put,AVGO,2025-01-13,3,0,3,False,False
debt_issuance,cash_secured_put,JPM,2025-01-27,2,0,2,False,False
debt_issuance,cash_secured_put,WFC,2025-01-27,1,1,0,True,True
debt_issuance,cash_secured_put,ORCL,2025-02-04,1,0,1,False,False
debt_issuance,cash_secured_put,MA,2025-02-28,1,1,0,True,True
debt_issuance,cash_secured_put,AMD,2025-03-13,1,0,1,False,False
debt_issuance,cash_secured_put,AMD,2025-03-25,2,0,2,False,False
debt_issuance,cash_secured_put,TGT,2025-03-26,1,1,0,True,True
debt_issuance,cash_secured_put,XOM,2025-04-02,2,2,0,True,True
debt_issuance,cash_secured_put,GS,2025-04-24,3,2,1,True,False
debt_issuance,cash_secured_put,WFC,2025-04-24,2,0,2,False,False
debt_issuance,cash_secured_put,AAPL,2025-05-13,1,1,0,True,True
debt_issuance,cash_secured_put,V,2025-05-16,2,1,1,True,False
debt_issuance,cash_secured_put,SO,2025-05-22,1,1,0,True,True
debt_issuance,cash_secured_put,QCOM,2025-05-23,1,0,1,False,False
debt_issuance,cash_secured_put,TXN,2025-05-27,2,2,0,True,True
debt_issuance,cash_secured_put,JPM,2025-07-24,2,0,2,False,False
debt_issuance,cash_secured_put,GE,2025-07-25,1,1,0,True,True
debt_issuance,cash_secured_put,AXP,2025-07-28,2,0,2,False,False
debt_issuance,cash_secured_put,CVX,2025-08-14,1,0,1,False,False
debt_issuance,cash_secured_put,CVS,2025-08-18,1,1,0,True,True
debt_issuance,cash_secured_put,LLY,2025-08-21,1,1,0,True,True
debt_issuance,cash_secured_put,MCD,2025-08-28,1,1,0,True,True
debt_issuance,cash_secured_put,HD,2025-09-11,3,3,0,True,True
debt_issuance,cash_secured_put,COF,2025-09-12,3,0,3,False,False
debt_issuance,cash_secured_put,HD,2025-09-16,2,2,0,True,True
debt_issuance,cash_secured_put,ORCL,2025-09-29,1,1,0,True,True
debt_issuance,cash_secured_put,LOW,2025-10-01,2,2,0,True,True
debt_issuance,cash_secured_put,DE,2025-10-10,3,0,3,False,False
debt_issuance,cash_secured_put,GS,2025-10-22,3,1,2,True,False
debt_issuance,cash_secured_put,PG,2025-11-04,1,0,1,False,False
debt_issuance,cash_secured_put,GOOGL,2025-11-07,2,1,1,True,False
debt_issuance,cash_secured_put,AMZN,2025-11-21,2,2,0,True,True
director_appointment,long_call,JPM,2024-01-17,1,0,1,False,False
director_appointment,long_call,META,2024-02-15,1,1,0,True,True
director_appointment,long_call,CVS,2024-05-23,1,1,0,True,True
director_appointment,long_call,AMGN,2024-06-04,2,2,0,True,True
director_appointment,long_call,CSCO,2024-06-17,1,0,1,False,False
director_appointment,long_call,PYPL,2024-07-01,3,3,0,True,True
director_appointment,long_call,PFE,2024-07-02,2,2,0,True,True
director_appointment,long_call,NEE,2024-07-11,2,2,0,True,True
director_appointment,long_call,BA,2024-08-01,3,0,3,False,False
director_appointment,long_call,SBUX,2024-08-15,1,0,1,False,False
director_appointment,long_call,WMT,2024-08-16,1,0,1,False,False
director_appointment,long_call,NKE,2024-09-20,3,3,0,True,True
director_appointment,long_call,CAT,2024-10-14,3,3,0,True,True
director_appointment,long_call,NVDA,2024-11-08,2,2,0,True,True
director_appointment,long_call,LMT,2024-12-12,2,2,0,True,True
director_appointment,long_call,UPS,2025-03-04,1,1,0,True,True
director_appointment,long_call,TSLA,2025-05-19,3,3,0,True,True
director_appointment,long_call,UBER,2025-06-05,1,1,0,True,True
director_appointment,long_call,COP,2025-07-02,3,3,0,True,True
director_appointment,long_call,CVX,2025-07-30,2,0,2,False,False
director_appointment,long_call,T,2025-08-20,2,2,0,True,True
director_appointment,long_call,TGT,2025-08-21,2,1,1,True,False
director_appointment,long_call,QCOM,2025-09-03,1,0,1,False,False
director_appointment,long_call,V,2025-09-30,3,0,3,False,False
director_appointment,long_call,INTC,2025-11-13,1,0,1,False,False
director_appointment,long_call,BA,2025-12-04,2,2,0,True,True
director_appointment,long_call,UNP,2025-12-15,1,1,0,True,True
director_appointment,covered_call,JPM,2024-01-17,1,0,1,False,False
director_appointment,covered_call,META,2024-02-15,1,1,0,True,True
director_appointment,covered_call,AMGN,2024-06-04,2,2,0,True,True
director_appointment,covered_call,PYPL,2024-07-01,3,3,0,True,True
director_appointment,covered_call,NEE,2024-07-11,2,2,0,True,True
director_appointment,covered_call,BA,2024-08-01,2,0,2,False,False
director_appointment,covered_call,SBUX,2024-08-15,1,0,1,False,False
director_appointment,covered_call,WMT,2024-08-16,1,0,1,False,False
director_appointment,covered_call,NKE,2024-09-20,3,3,0,True,True
director_appointment,covered_call,CAT,2024-10-14,2,2,0,True,True
director_appointment,covered_call,NVDA,2024-11-08,2,2,0,True,True
director_appointment,covered_call,LMT,2024-12-12,1,1,0,True,True
director_appointment,covered_call,UPS,2025-03-04,1,1,0,True,True
director_appointment,covered_call,TSLA,2025-05-19,3,3,0,True,True
director_appointment,covered_call,UBER,2025-06-05,1,1,0,True,True
director_appointment,covered_call,COP,2025-07-02,3,3,0,True,True
director_appointment,covered_call,CVX,2025-07-30,2,0,2,False,False
director_appointment,covered_call,TGT,2025-08-21,2,1,1,True,False
director_appointment,covered_call,QCOM,2025-09-03,1,0,1,False,False
director_appointment,covered_call,V,2025-09-30,3,0,3,False,False
director_appointment,covered_call,INTC,2025-11-13,1,0,1,False,False
director_appointment,covered_call,BA,2025-12-04,2,2,0,True,True
director_appointment,protective_put,JPM,2024-01-17,1,0,1,False,False
director_appointment,protective_put,META,2024-02-15,1,1,0,True,True
director_appointment,protective_put,CVS,2024-05-23,1,1,0,True,True
director_appointment,protective_put,AMGN,2024-06-04,3,3,0,True,True
director_appointment,protective_put,CSCO,2024-06-17,1,0,1,False,False
director_appointment,protective_put,PYPL,2024-07-01,2,2,0,True,True
director_appointment,protective_put,NEE,2024-07-11,2,2,0,True,True
director_appointment,protective_put,BA,2024-08-01,3,0,3,False,False
director_appointment,protective_put,SBUX,2024-08-15,1,0,1,False,False
director_appointment,protective_put,WMT,2024-08-16,1,0,1,False,False
director_appointment,protective_put,NKE,2024-09-20,3,3,0,True,True
director_appointment,protective_put,CAT,2024-10-14,3,3,0,True,True
director_appointment,protective_put,NVDA,2024-11-08,2,2,0,True,True
director_appointment,protective_put,LMT,2024-12-12,2,2,0,True,True
director_appointment,protective_put,UPS,2025-03-04,1,1,0,True,True
director_appointment,protective_put,TSLA,2025-05-19,3,3,0,True,True
director_appointment,protective_put,UBER,2025-06-05,1,1,0,True,True
director_appointment,protective_put,COP,2025-07-02,3,3,0,True,True
director_appointment,protective_put,CVX,2025-07-30,2,0,2,False,False
director_appointment,protective_put,T,2025-08-20,2,2,0,True,True
director_appointment,protective_put,TGT,2025-08-21,2,1,1,True,False
director_appointment,protective_put,QCOM,2025-09-03,1,0,1,False,False
director_appointment,protective_put,V,2025-09-30,3,0,3,False,False
director_appointment,protective_put,INTC,2025-11-13,1,0,1,False,False
director_appointment,protective_put,BA,2025-12-04,2,2,0,True,True
director_appointment,protective_put,UNP,2025-12-15,1,1,0,True,True
director_appointment,collar,JPM,2024-01-17,1,0,1,False,False
director_appointment,collar,META,2024-02-15,1,1,0,True,True
director_appointment,collar,AMGN,2024-06-04,2,2,0,True,True
director_appointment,collar,PYPL,2024-07-01,2,2,0,True,True
director_appointment,collar,NEE,2024-07-11,2,2,0,True,True
director_appointment,collar,BA,2024-08-01,2,0,2,False,False
director_appointment,collar,SBUX,2024-08-15,1,0,1,False,False
director_appointment,collar,WMT,2024-08-16,1,0,1,False,False
director_appointment,collar,NKE,2024-09-20,3,3,0,True,True
director_appointment,collar,CAT,2024-10-14,2,2,0,True,True
director_appointment,collar,NVDA,2024-11-08,2,2,0,True,True
director_appointment,collar,LMT,2024-12-12,1,1,0,True,True
director_appointment,collar,UPS,2025-03-04,1,1,0,True,True
director_appointment,collar,TSLA,2025-05-19,3,3,0,True,True
director_appointment,collar,UBER,2025-06-05,1,1,0,True,True
director_appointment,collar,COP,2025-07-02,3,3,0,True,True
director_appointment,collar,CVX,2025-07-30,2,0,2,False,False
director_appointment,collar,TGT,2025-08-21,2,1,1,True,False
director_appointment,collar,QCOM,2025-09-03,1,0,1,False,False
director_appointment,collar,V,2025-09-30,3,0,3,False,False
director_appointment,collar,INTC,2025-11-13,1,0,1,False,False
director_appointment,collar,BA,2025-12-04,2,2,0,True,True
director_appointment,cash_secured_put,JPM,2024-01-17,1,0,1,False,False
director_appointment,cash_secured_put,META,2024-02-15,1,1,0,True,True
director_appointment,cash_secured_put,CVS,2024-05-23,1,1,0,True,True
director_appointment,cash_secured_put,AMGN,2024-06-04,3,3,0,True,True
director_appointment,cash_secured_put,CSCO,2024-06-17,1,0,1,False,False
director_appointment,cash_secured_put,PYPL,2024-07-01,2,2,0,True,True
director_appointment,cash_secured_put,NEE,2024-07-11,2,2,0,True,True
director_appointment,cash_secured_put,BA,2024-08-01,3,0,3,False,False
director_appointment,cash_secured_put,SBUX,2024-08-15,1,0,1,False,False
director_appointment,cash_secured_put,WMT,2024-08-16,1,0,1,False,False
director_appointment,cash_secured_put,NKE,2024-09-20,3,3,0,True,True
director_appointment,cash_secured_put,CAT,2024-10-14,3,3,0,True,True
director_appointment,cash_secured_put,NVDA,2024-11-08,2,2,0,True,True
director_appointment,cash_secured_put,LMT,2024-12-12,2,2,0,True,True
director_appointment,cash_secured_put,UPS,2025-03-04,1,1,0,True,True
director_appointment,cash_secured_put,TSLA,2025-05-19,3,3,0,True,True
director_appointment,cash_secured_put,UBER,2025-06-05,1,1,0,True,True
director_appointment,cash_secured_put,COP,2025-07-02,3,3,0,True,True
director_appointment,cash_secured_put,CVX,2025-07-30,2,0,2,False,False
director_appointment,cash_secured_put,T,2025-08-20,2,2,0,True,True
director_appointment,cash_secured_put,TGT,2025-08-21,2,1,1,True,False
director_appointment,cash_secured_put,QCOM,2025-09-03,1,0,1,False,False
director_appointment,cash_secured_put,V,2025-09-30,3,0,3,False,False
director_appointment,cash_secured_put,INTC,2025-11-13,1,0,1,False,False
director_appointment,cash_secured_put,BA,2025-12-04,2,2,0,True,True
director_appointment,cash_secured_put,UNP,2025-12-15,1,1,0,True,True
director_departure,long_call,HD,2024-01-11,2,2,0,True,True
director_departure,long_call,META,2024-01-19,1,1,0,True,True
director_departure,long_call,AIG,2024-02-02,1,1,0,True,True
director_departure,long_call,AVGO,2024-02-12,2,0,2,False,False
director_departure,long_call,XOM,2024-02-29,3,0,3,False,False
director_departure,long_call,BMY,2024-03-19,1,0,1,False,False
director_departure,long_call,MCD,2024-03-20,1,0,1,False,False
director_departure,long_call,BA,2024-03-26,3,3,0,True,True
director_departure,long_call,PG,2024-04-10,1,1,0,True,True
director_departure,long_call,LMT,2024-05-28,1,1,0,True,True
director_departure,long_call,DIS,2024-07-22,3,3,0,True,True
director_departure,long_call,RTX,2024-08-01,2,0,2,False,False
director_departure,long_call,BA,2024-08-01,3,0,3,False,False
director_departure,long_call,INTC,2024-08-23,2,2,0,True,True
director_departure,long_call,NKE,2024-09-20,3,3,0,True,True
director_departure,long_call,XOM,2024-10-21,3,3,0,True,True
director_departure,long_call,RTX,2025-02-04,1,1,0,True,True
director_departure,long_call,UBER,2025-02-10,2,2,0,True,True
director_departure,long_call,BA,2025-02-26,2,0,2,False,False
director_departure,long_call,CMCSA,2025-03-20,1,1,0,True,True
director_departure,long_call,NVDA,2025-08-06,1,1,0,True,True
director_departure,long_call,T,2025-08-20,2,2,0,True,True
director_departure,long_call,MSFT,2025-10-01,1,0,1,False,False
director_departure,long_call,GE,2025-10-02,2,2,0,True,True
director_departure,long_call,AIG,2025-10-06,1,0,1,False,False
director_departure,long_call,TXN,2025-10-17,2,2,0,True,True
director_departure,long_call,DHR,2025-11-07,1,0,1,False,False
director_departure,long_call,QCOM,2025-12-17,2,1,1,True,False
director_departure,covered_call,HD,2024-01-11,2,2,0,True,True
director_departure,covered_call,META,2024-01-19,1,1,0,True,True
director_departure,covered_call,AIG,2024-02-02,1,1,0,True,True
director_departure,covered_call,AVGO,2024-02-12,2,0,2,False,False
director_departure,covered_call,XOM,2024-02-29,3,0,3,False,False
director_departure,covered_call,BA,2024-03-26,3,3,0,True,True
director_departure,covered_call,PG,2024-04-10,1,1,0,True,True
director_departure,covered_call,LMT,2024-05-28,1,1,0,True,True
director_departure,covered_call,NKE,2024-06-06,1,0,1,False,False
director_departure,covered_call,DIS,2024-07-22,3,3,0,True,True
director_departure,covered_call,PYPL,2024-07-26,3,3,0,True,True
director_departure,covered_call,RTX,2024-08-01,2,0,2,False,False
director_departure,covered_call,BA,2024-08-01,2,0,2,False,False
director_departure,covered_call,INTC,2024-08-23,2,2,0,True,True
director_departure,covered_call,NKE,2024-09-20,3,3,0,True,True
director_departure,covered_call,XOM,2024-10-21,3,3,0,True,True
director_departure,covered_call,UBER,2025-02-10,2,2,0,True,True
director_departure,covered_call,BA,2025-02-26,2,0,2,False,False
director_departure,covered_call,NVDA,2025-08-06,1,1,0,True,True
director_departure,covered_call,MSFT,2025-10-01,1,0,1,False,False
director_departure,covered_call,GE,2025-10-02,2,2,0,True,True
director_departure,covered_call,AIG,2025-10-06,1,0,1,False,False
director_departure,covered_call,TXN,2025-10-17,3,3,0,True,True
director_departure,covered_call,DHR,2025-11-07,1,0,1,False,False
director_departure,covered_call,QCOM,2025-12-17,3,2,1,True,False
director_departure,protective_put,META,2024-01-19,1,1,0,True,True
director_departure,protective_put,AVGO,2024-02-12,2,0,2,False,False
director_departure,protective_put,XOM,2024-02-29,3,0,3,False,False
director_departure,protective_put,BMY,2024-03-19,1,0,1,False,False
director_departure,protective_put,MCD,2024-03-20,1,0,1,False,False
director_departure,protective_put,BA,2024-03-26,3,3,0,True,True
director_departure,protective_put,PG,2024-04-10,1,1,0,True,True
director_departure,protective_put,LMT,2024-05-28,1,1,0,True,True
director_departure,protective_put,NKE,2024-06-06,2,1,1,True,False
director_departure,protective_put,DIS,2024-07-22,3,3,0,True,True
director_departure,protective_put,PYPL,2024-07-26,3,3,0,True,True
director_departure,protective_put,RTX,2024-08-01,2,0,2,False,False
director_departure,protective_put,BA,2024-08-01,3,0,3,False,False
director_departure,protective_put,INTC,2024-08-23,2,2,0,True,True
director_departure,protective_put,NKE,2024-09-20,3,3,0,True,True
director_departure,protective_put,XOM,2024-10-21,3,3,0,True,True
director_departure,protective_put,RTX,2025-02-04,1,1,0,True,True
director_departure,protective_put,UBER,2025-02-10,2,2,0,True,True
director_departure,protective_put,BA,2025-02-26,2,0,2,False,False
director_departure,protective_put,CMCSA,2025-03-20,1,1,0,True,True
director_departure,protective_put,NVDA,2025-08-06,1,1,0,True,True
director_departure,protective_put,T,2025-08-20,2,2,0,True,True
director_departure,protective_put,MSFT,2025-10-01,1,0,1,False,False
director_departure,protective_put,GE,2025-10-02,2,2,0,True,True
director_departure,protective_put,TXN,2025-10-17,3,3,0,True,True
director_departure,protective_put,DHR,2025-11-07,1,0,1,False,False
director_departure,protective_put,QCOM,2025-12-17,3,2,1,True,False
director_departure,collar,META,2024-01-19,1,1,0,True,True
director_departure,collar,AVGO,2024-02-12,2,0,2,False,False
director_departure,collar,XOM,2024-02-29,3,0,3,False,False
director_departure,collar,BA,2024-03-26,3,3,0,True,True
director_departure,collar,PG,2024-04-10,1,1,0,True,True
director_departure,collar,LMT,2024-05-28,1,1,0,True,True
director_departure,collar,NKE,2024-06-06,1,0,1,False,False
director_departure,collar,DIS,2024-07-22,3,3,0,True,True
director_departure,collar,PYPL,2024-07-26,3,3,0,True,True
director_departure,collar,RTX,2024-08-01,2,0,2,False,False
director_departure,collar,BA,2024-08-01,2,0,2,False,False
director_departure,collar,INTC,2024-08-23,2,2,0,True,True
director_departure,collar,NKE,2024-09-20,3,3,0,True,True
director_departure,collar,XOM,2024-10-21,3,3,0,True,True
director_departure,collar,UBER,2025-02-10,2,2,0,True,True
director_departure,collar,BA,2025-02-26,2,0,2,False,False
director_departure,collar,NVDA,2025-08-06,1,1,0,True,True
director_departure,collar,MSFT,2025-10-01,1,0,1,False,False
director_departure,collar,GE,2025-10-02,2,2,0,True,True
director_departure,collar,TXN,2025-10-17,3,3,0,True,True
director_departure,collar,DHR,2025-11-07,1,0,1,False,False
director_departure,collar,QCOM,2025-12-17,3,2,1,True,False
director_departure,cash_secured_put,META,2024-01-19,1,1,0,True,True
director_departure,cash_secured_put,AVGO,2024-02-12,2,0,2,False,False
director_departure,cash_secured_put,XOM,2024-02-29,3,0,3,False,False
director_departure,cash_secured_put,BMY,2024-03-19,1,0,1,False,False
director_departure,cash_secured_put,MCD,2024-03-20,1,0,1,False,False
director_departure,cash_secured_put,BA,2024-03-26,3,3,0,True,True
director_departure,cash_secured_put,PG,2024-04-10,1,1,0,True,True
director_departure,cash_secured_put,LMT,2024-05-28,1,1,0,True,True
director_departure,cash_secured_put,NKE,2024-06-06,2,1,1,True,False
director_departure,cash_secured_put,DIS,2024-07-22,3,3,0,True,True
director_departure,cash_secured_put,PYPL,2024-07-26,3,3,0,True,True
director_departure,cash_secured_put,RTX,2024-08-01,2,0,2,False,False
director_departure,cash_secured_put,BA,2024-08-01,3,0,3,False,False
director_departure,cash_secured_put,INTC,2024-08-23,2,2,0,True,True
director_departure,cash_secured_put,NKE,2024-09-20,3,3,0,True,True
director_departure,cash_secured_put,XOM,2024-10-21,3,3,0,True,True
director_departure,cash_secured_put,RTX,2025-02-04,1,1,0,True,True
director_departure,cash_secured_put,UBER,2025-02-10,2,2,0,True,True
director_departure,cash_secured_put,BA,2025-02-26,2,0,2,False,False
director_departure,cash_secured_put,CMCSA,2025-03-20,1,1,0,True,True
director_departure,cash_secured_put,NVDA,2025-08-06,1,1,0,True,True
director_departure,cash_secured_put,T,2025-08-20,2,2,0,True,True
director_departure,cash_secured_put,MSFT,2025-10-01,1,0,1,False,False
director_departure,cash_secured_put,GE,2025-10-02,2,2,0,True,True
director_departure,cash_secured_put,TXN,2025-10-17,3,3,0,True,True
director_departure,cash_secured_put,DHR,2025-11-07,1,0,1,False,False
director_departure,cash_secured_put,QCOM,2025-12-17,3,2,1,True,False
executive_compensation_change,long_call,JPM,2024-01-19,2,0,2,False,False
executive_compensation_change,long_call,TGT,2024-01-19,3,3,0,True,True
executive_compensation_change,long_call,MS,2024-01-22,2,2,0,True,True
executive_compensation_change,long_call,BAC,2024-02-05,1,1,0,True,True
executive_compensation_change,long_call,VZ,2024-02-05,1,0,1,False,False
executive_compensation_change,long_call,CVX,2024-02-05,1,1,0,True,True
executive_compensation_change,long_call,COST,2024-02-12,2,0,2,False,False
executive_compensation_change,long_call,AMD,2024-02-21,3,1,2,True,False
executive_compensation_change,long_call,NVDA,2024-03-15,3,3,0,True,True
executive_compensation_change,long_call,DUK,2024-03-18,1,1,0,True,True
executive_compensation_change,long_call,KO,2024-05-03,1,1,0,True,True
executive_compensation_change,long_call,USB,2024-05-06,1,0,1,False,False
executive_compensation_change,long_call,CSCO,2024-05-16,1,0,1,False,False
executive_compensation_change,long_call,UPS,2024-07-10,1,1,0,True,True
executive_compensation_change,long_call,SCHW,2024-07-26,1,1,0,True,True
executive_compensation_change,long_call,PFE,2024-07-29,1,1,0,True,True
executive_compensation_change,long_call,BA,2024-08-01,3,0,3,False,False
executive_compensation_change,long_call,SBUX,2024-08-15,1,0,1,False,False
executive_compensation_change,long_call,WMT,2024-08-16,1,0,1,False,False
executive_compensation_change,long_call,NKE,2024-09-20,3,3,0,True,True
executive_compensation_change,long_call,TGT,2024-09-20,3,3,0,True,True
executive_compensation_change,long_call,SCHW,2024-10-02,2,2,0,True,True
executive_compensation_change,long_call,AMD,2024-11-19,1,1,0,True,True
executive_compensation_change,long_call,AAPL,2025-01-06,1,1,0,True,True
executive_compensation_change,long_call,ISRG,2025-01-07,1,1,0,True,True
executive_compensation_change,long_call,JPM,2025-01-24,2,1,1,True,False
executive_compensation_change,long_call,ADBE,2025-01-31,1,1,0,True,True
executive_compensation_change,long_call,CVX,2025-02-03,1,0,1,False,False
executive_compensation_change,long_call,RTX,2025-02-04,1,1,0,True,True
executive_compensation_change,long_call,CRM,2025-02-06,2,1,1,True,False
executive_compensation_change,long_call,META,2025-02-21,1,1,0,True,True
executive_compensation_change,long_call,AMD,2025-02-25,2,0,2,False,False
executive_compensation_change,long_call,PLTR,2025-03-03,2,1,1,True,False
executive_compensation_change,long_call,NVDA,2025-03-10,2,2,0,True,True
executive_compensation_change,long_call,USB,2025-04-17,1,1,0,True,True
executive_compensation_change,long_call,INTC,2025-04-21,2,2,0,True,True
executive_compensation_change,long_call,UBER,2025-06-05,1,1,0,True,True
executive_compensation_change,long_call,COST,2025-06-12,3,0,3,False,False
executive_compensation_change,long_call,BA,2025-07-07,2,1,1,True,False
executive_compensation_change,long_call,BMY,2025-07-28,3,2,1,True,False
executive_compensation_change,long_call,TSLA,2025-08-05,3,3,0,True,True
executive_compensation_change,long_call,QCOM,2025-08-26,2,1,1,True,False
executive_compensation_change,long_call,ORCL,2025-09-23,2,1,1,True,False
executive_compensation_change,long_call,VZ,2025-10-07,1,0,1,False,False
executive_compensation_change,long_call,DIS,2025-10-17,1,1,0,True,True
executive_compensation_change,long_call,TSLA,2025-11-10,2,2,0,True,True
executive_compensation_change,covered_call,JPM,2024-01-19,2,0,2,False,False
executive_compensation_change,covered_call,TGT,2024-01-19,3,3,0,True,True
executive_compensation_change,covered_call,MS,2024-01-22,1,1,0,True,True
executive_compensation_change,covered_call,BAC,2024-02-05,1,1,0,True,True
executive_compensation_change,covered_call,VZ,2024-02-05,1,0,1,False,False
executive_compensation_change,covered_call,CVX,2024-02-05,1,1,0,True,True
executive_compensation_change,covered_call,COST,2024-02-12,2,0,2,False,False
executive_compensation_change,covered_call,AMD,2024-02-21,3,1,2,True,False
executive_compensation_change,covered_call,NVDA,2024-03-15,3,3,0,True,True
executive_compensation_change,covered_call,KO,2024-05-03,1,1,0,True,True
executive_compensation_change,covered_call,USB,2024-05-06,1,0,1,False,False
executive_compensation_change,covered_call,CSCO,2024-05-16,1,0,1,False,False
executive_compensation_change,covered_call,UPS,2024-07-10,1,1,0,True,True
executive_compensation_change,covered_call,PYPL,2024-07-26,3,3,0,True,True
executive_compensation_change,covered_call,SCHW,2024-07-26,1,1,0,True,True
executive_compensation_change,covered_call,PFE,2024-07-29,1,1,0,True,True
executive_compensation_change,covered_call,BA,2024-08-01,2,0,2,False,False
executive_compensation_change,covered_call,SBUX,2024-08-15,1,0,1,False,False
executive_compensation_change,covered_call,WMT,2024-08-16,1,0,1,False,False
executive_compensation_change,covered_call,AIG,2024-09-19,2,0,2,False,False
executive_compensation_change,covered_call,NKE,2024-09-20,3,3,0,True,True
executive_compensation_change,covered_call,TGT,2024-09-20,3,3,0,True,True
executive_compensation_change,covered_call,SCHW,2024-10-02,2,2,0,True,True
executive_compensation_change,covered_call,AAPL,2025-01-06,1,1,0,True,True
executive_compensation_change,covered_call,JPM,2025-01-24,2,1,1,True,False
executive_compensation_change,covered_call,ADBE,2025-01-31,1,1,0,True,True
executive_compensation_change,covered_call,CVX,2025-02-03,1,0,1,False,False
executive_compensation_change,covered_call,CRM,2025-02-06,2,1,1,True,False
executive_compensation_change,covered_call,META,2025-02-21,1,1,0,True,True
executive_compensation_change,covered_call,AMD,2025-02-25,2,0,2,False,False
executive_compensation_change,covered_call,PLTR,2025-03-03,2,1,1,True,False
executive_compensation_change,covered_call,NVDA,2025-03-10,2,2,0,True,True
executive_compensation_change,covered_call,USB,2025-04-17,1,1,0,True,True
executive_compensation_change,covered_call,INTC,2025-04-21,2,2,0,True,True
executive_compensation_change,covered_call,UBER,2025-06-05,1,1,0,True,True
executive_compensation_change,covered_call,BA,2025-07-07,2,1,1,True,False
executive_compensation_change,covered_call,BMY,2025-07-28,3,2,1,True,False
executive_compensation_change,covered_call,TSLA,2025-08-05,3,3,0,True,True
executive_compensation_change,covered_call,QCOM,2025-08-26,1,1,0,True,True
executive_compensation_change,covered_call,ORCL,2025-09-23,2,1,1,True,False
executive_compensation_change,covered_call,VZ,2025-10-07,1,0,1,False,False
executive_compensation_change,covered_call,DIS,2025-10-17,1,1,0,True,True
executive_compensation_change,covered_call,TSLA,2025-11-10,2,2,0,True,True
executive_compensation_change,covered_call,DIS,2025-11-10,1,1,0,True,True
executive_compensation_change,covered_call,DIS,2025-11-13,1,1,0,True,True
executive_compensation_change,covered_call,NKE,2025-12-03,1,1,0,True,True
executive_compensation_change,covered_call,CHTR,2025-12-08,1,1,0,True,True
executive_compensation_change,covered_call,BK,2025-12-12,1,0,1,False,False
executive_compensation_change,protective_put,JPM,2024-01-19,2,0,2,False,False
executive_compensation_change,protective_put,TGT,2024-01-19,3,3,0,True,True
executive_compensation_change,protective_put,MS,2024-01-22,2,2,0,True,True
executive_compensation_change,protective_put,BAC,2024-02-05,1,1,0,True,True
executive_compensation_change,protective_put,VZ,2024-02-05,1,0,1,False,False
executive_compensation_change,protective_put,CVX,2024-02-05,1,1,0,True,True
executive_compensation_change,protective_put,COST,2024-02-12,2,0,2,False,False
executive_compensation_change,protective_put,AMD,2024-02-21,3,1,2,True,False
executive_compensation_change,protective_put,NVDA,2024-03-15,3,3,0,True,True
executive_compensation_change,protective_put,DUK,2024-03-18,1,1,0,True,True
executive_compensation_change,protective_put,KO,2024-05-03,1,1,0,True,True
executive_compensation_change,protective_put,CSCO,2024-05-16,1,0,1,False,False
executive_compensation_change,protective_put,UPS,2024-07-10,1,1,0,True,True
executive_compensation_change,protective_put,PYPL,2024-07-26,3,3,0,True,True
executive_compensation_change,protective_put,SCHW,2024-07-26,1,1,0,True,True
executive_compensation_change,protective_put,PFE,2024-07-29,1,1,0,True,True
executive_compensation_change,protective_put,BA,2024-08-01,3,0,3,False,False
executive_compensation_change,protective_put,SBUX,2024-08-15,1,0,1,False,False
executive_compensation_change,protective_put,WMT,2024-08-16,1,0,1,False,False
executive_compensation_change,protective_put,AIG,2024-09-19,3,1,2,True,False
executive_compensation_change,protective_put,NKE,2024-09-20,3,3,0,True,True
executive_compensation_change,protective_put,TGT,2024-09-20,3,3,0,True,True
executive_compensation_change,protective_put,SCHW,2024-10-02,2,2,0,True,True
executive_compensation_change,protective_put,AMD,2024-11-19,1,1,0,True,True
executive_compensation_change,protective_put,AAPL,2025-01-06,1,1,0,True,True
executive_compensation_change,protective_put,ISRG,2025-01-07,1,1,0,True,True
executive_compensation_change,protective_put,JPM,2025-01-24,2,1,1,True,False
executive_compensation_change,protective_put,ADBE,2025-01-31,1,1,0,True,True
executive_compensation_change,protective_put,CVX,2025-02-03,1,0,1,False,False
executive_compensation_change,protective_put,RTX,2025-02-04,1,1,0,True,True
executive_compensation_change,protective_put,CRM,2025-02-06,2,1,1,True,False
executive_compensation_change,protective_put,META,2025-02-21,1,1,0,True,True
executive_compensation_change,protective_put,AMD,2025-02-25,2,0,2,False,False
executive_compensation_change,protective_put,PLTR,2025-03-03,2,1,1,True,False
executive_compensation_change,protective_put,NVDA,2025-03-10,2,2,0,True,True
executive_compensation_change,protective_put,INTC,2025-04-21,2,2,0,True,True
executive_compensation_change,protective_put,ISRG,2025-05-16,1,1,0,True,True
executive_compensation_change,protective_put,UBER,2025-06-05,1,1,0,True,True
executive_compensation_change,protective_put,COST,2025-06-12,3,0,3,False,False
executive_compensation_change,protective_put,BMY,2025-07-28,3,2,1,True,False
executive_compensation_change,protective_put,TSLA,2025-08-05,3,3,0,True,True
executive_compensation_change,protective_put,QCOM,2025-08-26,2,1,1,True,False
executive_compensation_change,protective_put,ORCL,2025-09-23,2,1,1,True,False
executive_compensation_change,protective_put,DIS,2025-10-17,1,1,0,True,True
executive_compensation_change,protective_put,TSLA,2025-11-10,2,2,0,True,True
executive_compensation_change,protective_put,DIS,2025-11-10,1,1,0,True,True
executive_compensation_change,protective_put,DIS,2025-11-13,1,1,0,True,True
executive_compensation_change,protective_put,NKE,2025-12-03,1,1,0,True,True
executive_compensation_change,collar,JPM,2024-01-19,2,0,2,False,False
executive_compensation_change,collar,TGT,2024-01-19,3,3,0,True,True
executive_compensation_change,collar,MS,2024-01-22,1,1,0,True,True
executive_compensation_change,collar,BAC,2024-02-05,1,1,0,True,True
executive_compensation_change,collar,VZ,2024-02-05,1,0,1,False,False
executive_compensation_change,collar,CVX,2024-02-05,1,1,0,True,True
executive_compensation_change,collar,COST,2024-02-12,2,0,2,False,False
executive_compensation_change,collar,AMD,2024-02-21,3,1,2,True,False
executive_compensation_change,collar,NVDA,2024-03-15,3,3,0,True,True
executive_compensation_change,collar,KO,2024-05-03,1,1,0,True,True
executive_compensation_change,collar,CSCO,2024-05-16,1,0,1,False,False
executive_compensation_change,collar,UPS,2024-07-10,1,1,0,True,True
executive_compensation_change,collar,PYPL,2024-07-26,3,3,0,True,True
executive_compensation_change,collar,SCHW,2024-07-26,1,1,0,True,True
executive_compensation_change,collar,PFE,2024-07-29,1,1,0,True,True
executive_compensation_change,collar,BA,2024-08-01,2,0,2,False,False
executive_compensation_change,collar,SBUX,2024-08-15,1,0,1,False,False
executive_compensation_change,collar,WMT,2024-08-16,1,0,1,False,False
executive_compensation_change,collar,AIG,2024-09-19,2,0,2,False,False
executive_compensation_change,collar,NKE,2024-09-20,3,3,0,True,True
executive_compensation_change,collar,TGT,2024-09-20,3,3,0,True,True
executive_compensation_change,collar,SCHW,2024-10-02,2,2,0,True,True
executive_compensation_change,collar,AAPL,2025-01-06,1,1,0,True,True
executive_compensation_change,collar,JPM,2025-01-24,2,1,1,True,False
executive_compensation_change,collar,ADBE,2025-01-31,1,1,0,True,True
executive_compensation_change,collar,CVX,2025-02-03,1,0,1,False,False
executive_compensation_change,collar,CRM,2025-02-06,2,1,1,True,False
executive_compensation_change,collar,META,2025-02-21,1,1,0,True,True
executive_compensation_change,collar,AMD,2025-02-25,2,0,2,False,False
executive_compensation_change,collar,PLTR,2025-03-03,2,1,1,True,False
executive_compensation_change,collar,NVDA,2025-03-10,2,2,0,True,True
executive_compensation_change,collar,INTC,2025-04-21,2,2,0,True,True
executive_compensation_change,collar,UBER,2025-06-05,1,1,0,True,True
executive_compensation_change,collar,BMY,2025-07-28,3,2,1,True,False
executive_compensation_change,collar,TSLA,2025-08-05,3,3,0,True,True
executive_compensation_change,collar,QCOM,2025-08-26,1,1,0,True,True
executive_compensation_change,collar,ORCL,2025-09-23,2,1,1,True,False
executive_compensation_change,collar,DIS,2025-10-17,1,1,0,True,True
executive_compensation_change,collar,TSLA,2025-11-10,2,2,0,True,True
executive_compensation_change,collar,DIS,2025-11-10,1,1,0,True,True
executive_compensation_change,collar,DIS,2025-11-13,1,1,0,True,True
executive_compensation_change,collar,NKE,2025-12-03,1,1,0,True,True
executive_compensation_change,cash_secured_put,JPM,2024-01-19,2,0,2,False,False
executive_compensation_change,cash_secured_put,TGT,2024-01-19,3,3,0,True,True
executive_compensation_change,cash_secured_put,MS,2024-01-22,2,2,0,True,True
executive_compensation_change,cash_secured_put,BAC,2024-02-05,1,1,0,True,True
executive_compensation_change,cash_secured_put,VZ,2024-02-05,1,0,1,False,False
executive_compensation_change,cash_secured_put,CVX,2024-02-05,1,1,0,True,True
executive_compensation_change,cash_secured_put,COST,2024-02-12,2,0,2,False,False
executive_compensation_change,cash_secured_put,AMD,2024-02-21,3,1,2,True,False
executive_compensation_change,cash_secured_put,NVDA,2024-03-15,3,3,0,True,True
executive_compensation_change,cash_secured_put,DUK,2024-03-18,1,1,0,True,True
executive_compensation_change,cash_secured_put,KO,2024-05-03,1,1,0,True,True
executive_compensation_change,cash_secured_put,CSCO,2024-05-16,1,0,1,False,False
executive_compensation_change,cash_secured_put,UPS,2024-07-10,1,1,0,True,True
executive_compensation_change,cash_secured_put,PYPL,2024-07-26,3,3,0,True,True
executive_compensation_change,cash_secured_put,SCHW,2024-07-26,1,1,0,True,True
executive_compensation_change,cash_secured_put,PFE,2024-07-29,1,1,0,True,True
executive_compensation_change,cash_secured_put,BA,2024-08-01,3,0,3,False,False
executive_compensation_change,cash_secured_put,SBUX,2024-08-15,1,0,1,False,False
executive_compensation_change,cash_secured_put,WMT,2024-08-16,1,0,1,False,False
executive_compensation_change,cash_secured_put,AIG,2024-09-19,3,1,2,True,False
executive_compensation_change,cash_secured_put,NKE,2024-09-20,3,3,0,True,True
executive_compensation_change,cash_secured_put,TGT,2024-09-20,3,3,0,True,True
executive_compensation_change,cash_secured_put,SCHW,2024-10-02,2,2,0,True,True
executive_compensation_change,cash_secured_put,AMD,2024-11-19,1,1,0,True,True
executive_compensation_change,cash_secured_put,AAPL,2025-01-06,1,1,0,True,True
executive_compensation_change,cash_secured_put,ISRG,2025-01-07,1,1,0,True,True
executive_compensation_change,cash_secured_put,JPM,2025-01-24,2,1,1,True,False
executive_compensation_change,cash_secured_put,ADBE,2025-01-31,1,1,0,True,True
executive_compensation_change,cash_secured_put,CVX,2025-02-03,1,0,1,False,False
executive_compensation_change,cash_secured_put,RTX,2025-02-04,1,1,0,True,True
executive_compensation_change,cash_secured_put,CRM,2025-02-06,2,1,1,True,False
executive_compensation_change,cash_secured_put,META,2025-02-21,1,1,0,True,True
executive_compensation_change,cash_secured_put,AMD,2025-02-25,2,0,2,False,False
executive_compensation_change,cash_secured_put,PLTR,2025-03-03,2,1,1,True,False
executive_compensation_change,cash_secured_put,NVDA,2025-03-10,2,2,0,True,True
executive_compensation_change,cash_secured_put,INTC,2025-04-21,2,2,0,True,True
executive_compensation_change,cash_secured_put,ISRG,2025-05-16,1,1,0,True,True
executive_compensation_change,cash_secured_put,UBER,2025-06-05,1,1,0,True,True
executive_compensation_change,cash_secured_put,COST,2025-06-12,3,0,3,False,False
executive_compensation_change,cash_secured_put,BMY,2025-07-28,3,2,1,True,False
executive_compensation_change,cash_secured_put,TSLA,2025-08-05,3,3,0,True,True
executive_compensation_change,cash_secured_put,QCOM,2025-08-26,2,1,1,True,False
executive_compensation_change,cash_secured_put,ORCL,2025-09-23,2,1,1,True,False
executive_compensation_change,cash_secured_put,DIS,2025-10-17,1,1,0,True,True
executive_compensation_change,cash_secured_put,TSLA,2025-11-10,2,2,0,True,True
executive_compensation_change,cash_secured_put,DIS,2025-11-10,1,1,0,True,True
executive_compensation_change,cash_secured_put,DIS,2025-11-13,1,1,0,True,True
executive_compensation_change,cash_secured_put,NKE,2025-12-03,1,1,0,True,True
executive_officer_appointment,long_call,RTX,2024-01-05,3,3,0,True,True
executive_officer_appointment,long_call,TGT,2024-01-19,3,3,0,True,True
executive_officer_appointment,long_call,FDX,2024-03-12,1,1,0,True,True
executive_officer_appointment,long_call,DUK,2024-03-18,1,1,0,True,True
executive_officer_appointment,long_call,BA,2024-03-26,3,3,0,True,True
executive_officer_appointment,long_call,KO,2024-05-03,1,1,0,True,True
executive_officer_appointment,long_call,USB,2024-05-06,1,0,1,False,False
executive_officer_appointment,long_call,CSCO,2024-05-16,1,0,1,False,False
executive_officer_appointment,long_call,ACN,2024-06-12,3,1,2,True,False
executive_officer_appointment,long_call,RTX,2024-07-18,3,0,3,False,False
executive_officer_appointment,long_call,C,2024-09-11,3,0,3,False,False
executive_officer_appointment,long_call,GOOGL,2024-10-18,3,3,0,True,True
executive_officer_appointment,long_call,AMD,2024-11-19,1,1,0,True,True
executive_officer_appointment,long_call,ISRG,2025-01-07,1,1,0,True,True
executive_officer_appointment,long_call,JPM,2025-01-15,1,0,1,False,False
executive_officer_appointment,long_call,COP,2025-01-29,2,2,0,True,True
executive_officer_appointment,long_call,WFC,2025-01-31,1,1,0,True,True
executive_officer_appointment,long_call,CRM,2025-02-06,2,1,1,True,False
executive_officer_appointment,long_call,MA,2025-02-27,1,1,0,True,True
executive_officer_appointment,long_call,PLTR,2025-03-03,2,1,1,True,False
executive_officer_appointment,long_call,GILD,2025-03-13,1,1,0,True,True
executive_officer_appointment,long_call,MDT,2025-05-22,1,1,0,True,True
executive_officer_appointment,long_call,COST,2025-06-12,3,0,3,False,False
executive_officer_appointment,long_call,AAPL,2025-07-10,1,1,0,True,True
executive_officer_appointment,long_call,SO,2025-07-24,3,3,0,True,True
executive_officer_appointment,long_call,AAPL,2025-07-28,3,3,0,True,True
executive_officer_appointment,long_call,COST,2025-08-08,1,1,0,True,True
executive_officer_appointment,long_call,QCOM,2025-08-26,2,1,1,True,False
executive_officer_appointment,long_call,AAPL,2025-12-08,2,2,0,True,True
executive_officer_appointment,covered_call,RTX,2024-01-05,3,3,0,True,True
executive_officer_appointment,covered_call,TGT,2024-01-19,3,3,0,True,True
executive_officer_appointment,covered_call,FDX,2024-03-12,1,1,0,True,True
executive_officer_appointment,covered_call,BA,2024-03-26,3,3,0,True,True
executive_officer_appointment,covered_call,KO,2024-05-03,1,1,0,True,True
executive_officer_appointment,covered_call,USB,2024-05-06,1,0,1,False,False
executive_officer_appointment,covered_call,CSCO,2024-05-16,1,0,1,False,False
executive_officer_appointment,covered_call,ACN,2024-06-12,3,1,2,True,False
executive_officer_appointment,covered_call,GM,2024-06-26,3,1,2,True,False
executive_officer_appointment,covered_call,RTX,2024-07-18,3,0,3,False,False
executive_officer_appointment,covered_call,NOW,2024-07-25,3,3,0,True,True
executive_officer_appointment,covered_call,CVX,2024-08-05,1,0,1,False,False
executive_officer_appointment,covered_call,C,2024-09-11,3,0,3,False,False
executive_officer_appointment,covered_call,GOOGL,2024-10-18,3,3,0,True,True
executive_officer_appointment,covered_call,JPM,2025-01-15,1,0,1,False,False
executive_officer_appointment,covered_call,COP,2025-01-29,2,2,0,True,True
executive_officer_appointment,covered_call,WFC,2025-01-31,1,1,0,True,True
executive_officer_appointment,covered_call,CRM,2025-02-06,2,1,1,True,False
executive_officer_appointment,covered_call,PLTR,2025-03-03,2,1,1,True,False
executive_officer_appointment,covered_call,MDT,2025-05-22,1,1,0,True,True
executive_officer_appointment,covered_call,AAPL,2025-07-10,1,1,0,True,True
executive_officer_appointment,covered_call,AAPL,2025-07-28,3,3,0,True,True
executive_officer_appointment,covered_call,COST,2025-08-08,1,1,0,True,True
executive_officer_appointment,covered_call,QCOM,2025-08-26,1,1,0,True,True
executive_officer_appointment,covered_call,DIS,2025-11-10,1,1,0,True,True
executive_officer_appointment,covered_call,NKE,2025-12-03,1,1,0,True,True
executive_officer_appointment,covered_call,AAPL,2025-12-08,2,2,0,True,True
executive_officer_appointment,protective_put,TGT,2024-01-19,3,3,0,True,True
executive_officer_appointment,protective_put,FDX,2024-03-12,1,1,0,True,True
executive_officer_appointment,protective_put,DUK,2024-03-18,1,1,0,True,True
executive_officer_appointment,protective_put,BA,2024-03-26,3,3,0,True,True
executive_officer_appointment,protective_put,KO,2024-05-03,1,1,0,True,True
executive_officer_appointment,protective_put,CSCO,2024-05-16,1,0,1,False,False
executive_officer_appointment,protective_put,ACN,2024-06-12,3,1,2,True,False
executive_officer_appointment,protective_put,GM,2024-06-26,3,1,2,True,False
executive_officer_appointment,protective_put,RTX,2024-07-18,3,0,3,False,False
executive_officer_appointment,protective_put,NOW,2024-07-25,3,3,0,True,True
executive_officer_appointment,protective_put,C,2024-09-11,3,0,3,False,False
executive_officer_appointment,protective_put,GOOGL,2024-10-18,3,3,0,True,True
executive_officer_appointment,protective_put,AMD,2024-11-19,1,1,0,True,True
executive_officer_appointment,protective_put,ISRG,2025-01-07,1,1,0,True,True
executive_officer_appointment,protective_put,JPM,2025-01-15,1,0,1,False,False
executive_officer_appointment,protective_put,COP,2025-01-29,2,2,0,True,True
executive_officer_appointment,protective_put,WFC,2025-01-31,1,1,0,True,True
executive_officer_appointment,protective_put,CRM,2025-02-06,2,1,1,True,False
executive_officer_appointment,protective_put,MA,2025-02-27,1,1,0,True,True
executive_officer_appointment,protective_put,PLTR,2025-03-03,2,1,1,True,False
executive_officer_appointment,protective_put,COST,2025-06-12,3,0,3,False,False
executive_officer_appointment,protective_put,AAPL,2025-07-10,1,1,0,True,True
executive_officer_appointment,protective_put,SO,2025-07-24,2,2,0,True,True
executive_officer_appointment,protective_put,AAPL,2025-07-28,3,3,0,True,True
executive_officer_appointment,protective_put,COST,2025-08-08,1,1,0,True,True
executive_officer_appointment,protective_put,QCOM,2025-08-26,2,1,1,True,False
executive_officer_appointment,protective_put,DIS,2025-11-10,1,1,0,True,True
executive_officer_appointment,protective_put,NKE,2025-12-03,1,1,0,True,True
executive_officer_appointment,protective_put,AAPL,2025-12-08,2,2,0,True,True
executive_officer_appointment,collar,TGT,2024-01-19,3,3,0,True,True
executive_officer_appointment,collar,FDX,2024-03-12,1,1,0,True,True
executive_officer_appointment,collar,BA,2024-03-26,3,3,0,True,True
executive_officer_appointment,collar,KO,2024-05-03,1,1,0,True,True
executive_officer_appointment,collar,CSCO,2024-05-16,1,0,1,False,False
executive_officer_appointment,collar,ACN,2024-06-12,3,1,2,True,False
executive_officer_appointment,collar,GM,2024-06-26,3,1,2,True,False
executive_officer_appointment,collar,RTX,2024-07-18,3,0,3,False,False
executive_officer_appointment,collar,NOW,2024-07-25,3,3,0,True,True
executive_officer_appointment,collar,C,2024-09-11,3,0,3,False,False
executive_officer_appointment,collar,GOOGL,2024-10-18,3,3,0,True,True
executive_officer_appointment,collar,JPM,2025-01-15,1,0,1,False,False
executive_officer_appointment,collar,COP,2025-01-29,2,2,0,True,True
executive_officer_appointment,collar,WFC,2025-01-31,1,1,0,True,True
executive_officer_appointment,collar,CRM,2025-02-06,2,1,1,True,False
executive_officer_appointment,collar,PLTR,2025-03-03,2,1,1,True,False
executive_officer_appointment,collar,AAPL,2025-07-10,1,1,0,True,True
executive_officer_appointment,collar,AAPL,2025-07-28,3,3,0,True,True
executive_officer_appointment,collar,COST,2025-08-08,1,1,0,True,True
executive_officer_appointment,collar,QCOM,2025-08-26,1,1,0,True,True
executive_officer_appointment,collar,DIS,2025-11-10,1,1,0,True,True
executive_officer_appointment,collar,NKE,2025-12-03,1,1,0,True,True
executive_officer_appointment,collar,AAPL,2025-12-08,2,2,0,True,True
executive_officer_appointment,cash_secured_put,TGT,2024-01-19,3,3,0,True,True
executive_officer_appointment,cash_secured_put,FDX,2024-03-12,1,1,0,True,True
executive_officer_appointment,cash_secured_put,DUK,2024-03-18,1,1,0,True,True
executive_officer_appointment,cash_secured_put,BA,2024-03-26,3,3,0,True,True
executive_officer_appointment,cash_secured_put,KO,2024-05-03,1,1,0,True,True
executive_officer_appointment,cash_secured_put,CSCO,2024-05-16,1,0,1,False,False
executive_officer_appointment,cash_secured_put,ACN,2024-06-12,3,1,2,True,False
executive_officer_appointment,cash_secured_put,GM,2024-06-26,3,1,2,True,False
executive_officer_appointment,cash_secured_put,RTX,2024-07-18,3,0,3,False,False
executive_officer_appointment,cash_secured_put,NOW,2024-07-25,3,3,0,True,True
executive_officer_appointment,cash_secured_put,C,2024-09-11,3,0,3,False,False
executive_officer_appointment,cash_secured_put,GOOGL,2024-10-18,3,3,0,True,True
executive_officer_appointment,cash_secured_put,AMD,2024-11-19,1,1,0,True,True
executive_officer_appointment,cash_secured_put,ISRG,2025-01-07,1,1,0,True,True
executive_officer_appointment,cash_secured_put,JPM,2025-01-15,1,0,1,False,False
executive_officer_appointment,cash_secured_put,COP,2025-01-29,2,2,0,True,True
executive_officer_appointment,cash_secured_put,WFC,2025-01-31,1,1,0,True,True
executive_officer_appointment,cash_secured_put,CRM,2025-02-06,2,1,1,True,False
executive_officer_appointment,cash_secured_put,MA,2025-02-27,1,1,0,True,True
executive_officer_appointment,cash_secured_put,PLTR,2025-03-03,2,1,1,True,False
executive_officer_appointment,cash_secured_put,COST,2025-06-12,3,0,3,False,False
executive_officer_appointment,cash_secured_put,AAPL,2025-07-10,1,1,0,True,True
executive_officer_appointment,cash_secured_put,SO,2025-07-24,2,2,0,True,True
executive_officer_appointment,cash_secured_put,AAPL,2025-07-28,3,3,0,True,True
executive_officer_appointment,cash_secured_put,COST,2025-08-08,1,1,0,True,True
executive_officer_appointment,cash_secured_put,QCOM,2025-08-26,2,1,1,True,False
executive_officer_appointment,cash_secured_put,DIS,2025-11-10,1,1,0,True,True
executive_officer_appointment,cash_secured_put,NKE,2025-12-03,1,1,0,True,True
executive_officer_appointment,cash_secured_put,AAPL,2025-12-08,2,2,0,True,True
guidance_issuance_or_update,long_call,UBER,2024-02-15,1,1,0,True,True
guidance_issuance_or_update,long_call,USB,2024-03-06,3,0,3,False,False
guidance_issuance_or_update,long_call,ABBV,2024-04-04,2,2,0,True,True
guidance_issuance_or_update,long_call,ABBV,2024-07-05,2,0,2,False,False
guidance_issuance_or_update,long_call,MMM,2024-07-29,1,0,1,False,False
guidance_issuance_or_update,long_call,ABBV,2024-10-04,1,1,0,True,True
guidance_issuance_or_update,long_call,UNH,2024-12-04,2,2,0,True,True
guidance_issuance_or_update,long_call,ABBV,2025-07-07,1,1,0,True,True
guidance_issuance_or_update,long_call,CAT,2025-08-29,1,1,0,True,True
guidance_issuance_or_update,long_call,ADBE,2025-09-12,2,2,0,True,True
guidance_issuance_or_update,long_call,ABBV,2025-10-06,3,2,1,True,False
guidance_issuance_or_update,long_call,CRM,2025-10-17,3,1,2,True,False
guidance_issuance_or_update,long_call,NEE,2025-12-09,1,1,0,True,True
guidance_issuance_or_update,long_call,CVS,2025-12-10,2,1,1,True,False
guidance_issuance_or_update,covered_call,UBER,2024-02-15,1,1,0,True,True
guidance_issuance_or_update,covered_call,USB,2024-03-06,1,0,1,False,False
guidance_issuance_or_update,covered_call,ABBV,2024-04-04,2,2,0,True,True
guidance_issuance_or_update,covered_call,ABBV,2024-07-05,2,0,2,False,False
guidance_issuance_or_update,covered_call,MMM,2024-07-29,1,0,1,False,False
guidance_issuance_or_update,covered_call,UNH,2024-12-04,2,2,0,True,True
guidance_issuance_or_update,covered_call,ABBV,2025-07-07,1,1,0,True,True
guidance_issuance_or_update,covered_call,CAT,2025-08-29,1,1,0,True,True
guidance_issuance_or_update,covered_call,ADBE,2025-09-12,2,2,0,True,True
guidance_issuance_or_update,covered_call,ABBV,2025-10-06,3,2,1,True,False
guidance_issuance_or_update,covered_call,CRM,2025-10-17,3,1,2,True,False
guidance_issuance_or_update,covered_call,NEE,2025-12-09,1,1,0,True,True
guidance_issuance_or_update,covered_call,CVS,2025-12-10,2,1,1,True,False
guidance_issuance_or_update,protective_put,UBER,2024-02-15,1,1,0,True,True
guidance_issuance_or_update,protective_put,USB,2024-03-06,2,0,2,False,False
guidance_issuance_or_update,protective_put,ABBV,2024-04-04,2,2,0,True,True
guidance_issuance_or_update,protective_put,ABBV,2024-07-05,2,0,2,False,False
guidance_issuance_or_update,protective_put,ABBV,2024-10-04,1,1,0,True,True
guidance_issuance_or_update,protective_put,UNH,2024-12-04,2,2,0,True,True
guidance_issuance_or_update,protective_put,CAT,2025-08-29,1,1,0,True,True
guidance_issuance_or_update,protective_put,ADBE,2025-09-12,2,2,0,True,True
guidance_issuance_or_update,protective_put,ABBV,2025-10-06,3,2,1,True,False
guidance_issuance_or_update,protective_put,CRM,2025-10-17,3,1,2,True,False
guidance_issuance_or_update,protective_put,NEE,2025-12-09,1,1,0,True,True
guidance_issuance_or_update,protective_put,CVS,2025-12-10,2,1,1,True,False
guidance_issuance_or_update,collar,UBER,2024-02-15,1,1,0,True,True
guidance_issuance_or_update,collar,ABBV,2024-04-04,2,2,0,True,True
guidance_issuance_or_update,collar,ABBV,2024-07-05,2,0,2,False,False
guidance_issuance_or_update,collar,UNH,2024-12-04,2,2,0,True,True
guidance_issuance_or_update,collar,CAT,2025-08-29,1,1,0,True,True
guidance_issuance_or_update,collar,ADBE,2025-09-12,2,2,0,True,True
guidance_issuance_or_update,collar,ABBV,2025-10-06,3,2,1,True,False
guidance_issuance_or_update,collar,CRM,2025-10-17,3,1,2,True,False
guidance_issuance_or_update,collar,NEE,2025-12-09,1,1,0,True,True
guidance_issuance_or_update,collar,CVS,2025-12-10,2,1,1,True,False
guidance_issuance_or_update,cash_secured_put,UBER,2024-02-15,1,1,0,True,True
guidance_issuance_or_update,cash_secured_put,USB,2024-03-06,2,0,2,False,False
guidance_issuance_or_update,cash_secured_put,ABBV,2024-04-04,2,2,0,True,True
guidance_issuance_or_update,cash_secured_put,ABBV,2024-07-05,2,0,2,False,False
guidance_issuance_or_update,cash_secured_put,ABBV,2024-10-04,1,1,0,True,True
guidance_issuance_or_update,cash_secured_put,UNH,2024-12-04,2,2,0,True,True
guidance_issuance_or_update,cash_secured_put,CAT,2025-08-29,1,1,0,True,True
guidance_issuance_or_update,cash_secured_put,ADBE,2025-09-12,2,2,0,True,True
guidance_issuance_or_update,cash_secured_put,ABBV,2025-10-06,3,2,1,True,False
guidance_issuance_or_update,cash_secured_put,CRM,2025-10-17,3,1,2,True,False
guidance_issuance_or_update,cash_secured_put,NEE,2025-12-09,1,1,0,True,True
guidance_issuance_or_update,cash_secured_put,CVS,2025-12-10,2,1,1,True,False
quarterly_earnings,long_call,JPM,2024-01-16,1,0,1,False,False
quarterly_earnings,long_call,BAC,2024-01-16,1,1,0,True,True
quarterly_earnings,long_call,LLY,2024-02-07,1,1,0,True,True
quarterly_earnings,long_call,PEP,2024-02-12,1,1,0,True,True
quarterly_earnings,long_call,BAC,2024-04-17,2,0,2,False,False
quarterly_earnings,long_call,PEP,2024-07-12,1,0,1,False,False
quarterly_earnings,long_call,JPM,2024-07-15,2,0,2,False,False
quarterly_earnings,long_call,WFC,2024-07-15,3,2,1,True,False
quarterly_earnings,long_call,MS,2024-07-17,2,0,2,False,False
quarterly_earnings,long_call,BAC,2024-07-17,2,2,0,True,True
quarterly_earnings,long_call,MMM,2024-07-29,1,0,1,False,False
quarterly_earnings,long_call,FDX,2024-09-20,2,2,0,True,True
quarterly_earnings,long_call,PEP,2024-10-09,1,1,0,True,True
quarterly_earnings,long_call,BAC,2024-10-16,1,1,0,True,True
quarterly_earnings,long_call,LLY,2024-10-31,1,1,0,True,True
quarterly_earnings,long_call,MRK,2024-11-01,2,1,1,True,False
quarterly_earnings,long_call,XOM,2024-11-04,3,3,0,True,True
quarterly_earnings,long_call,FDX,2024-12-20,1,1,0,True,True
quarterly_earnings,long_call,JPM,2025-01-16,1,0,1,False,False
quarterly_earnings,long_call,CVX,2025-02-03,1,0,1,False,False
quarterly_earnings,long_call,PEP,2025-02-05,1,1,0,True,True
quarterly_earnings,long_call,MRK,2025-02-05,1,1,0,True,True
quarterly_earnings,long_call,BAC,2025-04-16,1,1,0,True,True
quarterly_earnings,long_call,XOM,2025-05-05,2,2,0,True,True
quarterly_earnings,long_call,NVDA,2025-05-29,2,0,2,False,False
quarterly_earnings,long_call,JPM,2025-07-16,1,0,1,False,False
quarterly_earnings,long_call,CVX,2025-08-04,2,0,2,False,False
quarterly_earnings,long_call,XOM,2025-08-04,2,2,0,True,True
quarterly_earnings,long_call,LLY,2025-10-31,1,1,0,True,True
quarterly_earnings,covered_call,JPM,2024-01-16,1,0,1,False,False
quarterly_earnings,covered_call,BAC,2024-01-16,1,1,0,True,True
quarterly_earnings,covered_call,LLY,2024-02-07,1,1,0,True,True
quarterly_earnings,covered_call,PEP,2024-02-12,1,1,0,True,True
quarterly_earnings,covered_call,BAC,2024-04-17,2,0,2,False,False
quarterly_earnings,covered_call,PEP,2024-07-12,1,0,1,False,False
quarterly_earnings,covered_call,JPM,2024-07-15,2,0,2,False,False
quarterly_earnings,covered_call,WFC,2024-07-15,3,2,1,True,False
quarterly_earnings,covered_call,MS,2024-07-17,3,1,2,True,False
quarterly_earnings,covered_call,BAC,2024-07-17,2,2,0,True,True
quarterly_earnings,covered_call,MMM,2024-07-29,1,0,1,False,False
quarterly_earnings,covered_call,CVX,2024-08-05,1,0,1,False,False
quarterly_earnings,covered_call,FDX,2024-09-20,2,2,0,True,True
quarterly_earnings,covered_call,BAC,2024-10-16,1,1,0,True,True
quarterly_earnings,covered_call,LLY,2024-10-31,1,1,0,True,True
quarterly_earnings,covered_call,MRK,2024-11-01,1,1,0,True,True
quarterly_earnings,covered_call,XOM,2024-11-04,2,2,0,True,True
quarterly_earnings,covered_call,FDX,2024-12-20,1,1,0,True,True
quarterly_earnings,covered_call,JPM,2025-01-16,1,0,1,False,False
quarterly_earnings,covered_call,CVX,2025-02-03,1,0,1,False,False
quarterly_earnings,covered_call,BAC,2025-04-16,1,1,0,True,True
quarterly_earnings,covered_call,NVDA,2025-05-29,2,0,2,False,False
quarterly_earnings,covered_call,JPM,2025-07-16,1,0,1,False,False
quarterly_earnings,covered_call,CVX,2025-08-04,2,0,2,False,False
quarterly_earnings,covered_call,XOM,2025-08-04,2,2,0,True,True
quarterly_earnings,covered_call,LLY,2025-08-08,1,1,0,True,True
quarterly_earnings,covered_call,LLY,2025-10-31,1,1,0,True,True
quarterly_earnings,protective_put,JPM,2024-01-16,1,0,1,False,False
quarterly_earnings,protective_put,BAC,2024-01-16,1,1,0,True,True
quarterly_earnings,protective_put,LLY,2024-02-07,1,1,0,True,True
quarterly_earnings,protective_put,PEP,2024-02-12,1,1,0,True,True
quarterly_earnings,protective_put,BAC,2024-04-17,2,0,2,False,False
quarterly_earnings,protective_put,PEP,2024-07-12,1,0,1,False,False
quarterly_earnings,protective_put,JPM,2024-07-15,2,0,2,False,False
quarterly_earnings,protective_put,WFC,2024-07-15,2,1,1,True,False
quarterly_earnings,protective_put,MS,2024-07-17,1,0,1,False,False
quarterly_earnings,protective_put,BAC,2024-07-17,2,2,0,True,True
quarterly_earnings,protective_put,FDX,2024-09-20,2,2,0,True,True
quarterly_earnings,protective_put,PEP,2024-10-09,1,1,0,True,True
quarterly_earnings,protective_put,BAC,2024-10-16,1,1,0,True,True
quarterly_earnings,protective_put,LLY,2024-10-31,1,1,0,True,True
quarterly_earnings,protective_put,MRK,2024-11-01,2,1,1,True,False
quarterly_earnings,protective_put,XOM,2024-11-04,3,3,0,True,True
quarterly_earnings,protective_put,FDX,2024-12-20,1,1,0,True,True
quarterly_earnings,protective_put,JPM,2025-01-16,1,0,1,False,False
quarterly_earnings,protective_put,CVX,2025-02-03,1,0,1,False,False
quarterly_earnings,protective_put,PEP,2025-02-05,1,1,0,True,True
quarterly_earnings,protective_put,MRK,2025-02-05,1,1,0,True,True
quarterly_earnings,protective_put,NVDA,2025-05-29,2,0,2,False,False
quarterly_earnings,protective_put,JPM,2025-07-16,1,0,1,False,False
quarterly_earnings,protective_put,CVX,2025-08-04,2,0,2,False,False
quarterly_earnings,protective_put,XOM,2025-08-04,2,2,0,True,True
quarterly_earnings,protective_put,LLY,2025-08-08,1,1,0,True,True
quarterly_earnings,collar,JPM,2024-01-16,1,0,1,False,False
quarterly_earnings,collar,BAC,2024-01-16,1,1,0,True,True
quarterly_earnings,collar,LLY,2024-02-07,1,1,0,True,True
quarterly_earnings,collar,PEP,2024-02-12,1,1,0,True,True
quarterly_earnings,collar,BAC,2024-04-17,2,0,2,False,False
quarterly_earnings,collar,PEP,2024-07-12,1,0,1,False,False
quarterly_earnings,collar,JPM,2024-07-15,2,0,2,False,False
quarterly_earnings,collar,WFC,2024-07-15,2,1,1,True,False
quarterly_earnings,collar,MS,2024-07-17,1,0,1,False,False
quarterly_earnings,collar,BAC,2024-07-17,2,2,0,True,True
quarterly_earnings,collar,FDX,2024-09-20,2,2,0,True,True
quarterly_earnings,collar,BAC,2024-10-16,1,1,0,True,True
quarterly_earnings,collar,LLY,2024-10-31,1,1,0,True,True
quarterly_earnings,collar,MRK,2024-11-01,1,1,0,True,True
quarterly_earnings,collar,XOM,2024-11-04,2,2,0,True,True
quarterly_earnings,collar,FDX,2024-12-20,1,1,0,True,True
quarterly_earnings,collar,JPM,2025-01-16,1,0,1,False,False
quarterly_earnings,collar,CVX,2025-02-03,1,0,1,False,False
quarterly_earnings,collar,NVDA,2025-05-29,2,0,2,False,False
quarterly_earnings,collar,JPM,2025-07-16,1,0,1,False,False
quarterly_earnings,collar,CVX,2025-08-04,2,0,2,False,False
quarterly_earnings,collar,XOM,2025-08-04,2,2,0,True,True
quarterly_earnings,collar,LLY,2025-08-08,1,1,0,True,True
quarterly_earnings,cash_secured_put,JPM,2024-01-16,1,0,1,False,False
quarterly_earnings,cash_secured_put,BAC,2024-01-16,1,1,0,True,True
quarterly_earnings,cash_secured_put,LLY,2024-02-07,1,1,0,True,True
quarterly_earnings,cash_secured_put,PEP,2024-02-12,1,1,0,True,True
quarterly_earnings,cash_secured_put,BAC,2024-04-17,2,0,2,False,False
quarterly_earnings,cash_secured_put,PEP,2024-07-12,1,0,1,False,False
quarterly_earnings,cash_secured_put,JPM,2024-07-15,2,0,2,False,False
quarterly_earnings,cash_secured_put,WFC,2024-07-15,2,1,1,True,False
quarterly_earnings,cash_secured_put,MS,2024-07-17,1,0,1,False,False
quarterly_earnings,cash_secured_put,BAC,2024-07-17,2,2,0,True,True
quarterly_earnings,cash_secured_put,FDX,2024-09-20,2,2,0,True,True
quarterly_earnings,cash_secured_put,PEP,2024-10-09,1,1,0,True,True
quarterly_earnings,cash_secured_put,BAC,2024-10-16,1,1,0,True,True
quarterly_earnings,cash_secured_put,LLY,2024-10-31,1,1,0,True,True
quarterly_earnings,cash_secured_put,MRK,2024-11-01,2,1,1,True,False
quarterly_earnings,cash_secured_put,XOM,2024-11-04,3,3,0,True,True
quarterly_earnings,cash_secured_put,FDX,2024-12-20,1,1,0,True,True
quarterly_earnings,cash_secured_put,JPM,2025-01-16,1,0,1,False,False
quarterly_earnings,cash_secured_put,CVX,2025-02-03,1,0,1,False,False
quarterly_earnings,cash_secured_put,PEP,2025-02-05,1,1,0,True,True
quarterly_earnings,cash_secured_put,MRK,2025-02-05,1,1,0,True,True
quarterly_earnings,cash_secured_put,NVDA,2025-05-29,2,0,2,False,False
quarterly_earnings,cash_secured_put,JPM,2025-07-16,1,0,1,False,False
quarterly_earnings,cash_secured_put,CVX,2025-08-04,2,0,2,False,False
quarterly_earnings,cash_secured_put,XOM,2025-08-04,2,2,0,True,True
quarterly_earnings,cash_secured_put,LLY,2025-08-08,1,1,0,True,True
shareholder_proposal_outcome,long_call,AAPL,2024-02-29,3,3,0,True,True
shareholder_proposal_outcome,long_call,DIS,2024-04-10,3,3,0,True,True
shareholder_proposal_outcome,long_call,KO,2024-05-03,1,1,0,True,True
shareholder_proposal_outcome,long_call,IBM,2024-05-06,1,0,1,False,False
shareholder_proposal_outcome,long_call,RTX,2024-05-07,1,1,0,True,True
shareholder_proposal_outcome,long_call,AXP,2024-05-09,1,0,1,False,False
shareholder_proposal_outcome,long_call,GILD,2024-05-10,1,0,1,False,False
shareholder_proposal_outcome,long_call,UNP,2024-05-13,2,2,0,True,True
shareholder_proposal_outcome,long_call,VZ,2024-05-14,1,0,1,False,False
shareholder_proposal_outcome,long_call,COP,2024-05-17,1,1,0,True,True
shareholder_proposal_outcome,long_call,BA,2024-05-20,2,0,2,False,False
shareholder_proposal_outcome,long_call,HD,2024-05-23,2,0,2,False,False
shareholder_proposal_outcome,long_call,NOW,2024-05-24,1,1,0,True,True
shareholder_proposal_outcome,long_call,AMZN,2024-05-28,3,1,2,True,False
shareholder_proposal_outcome,long_call,SCHW,2024-05-30,1,1,0,True,True
shareholder_proposal_outcome,long_call,GM,2024-06-07,3,1,2,True,False
shareholder_proposal_outcome,long_call,NFLX,2024-06-10,1,0,1,False,False
shareholder_proposal_outcome,long_call,WMT,2024-06-10,3,0,3,False,False
shareholder_proposal_outcome,long_call,CAT,2024-06-17,1,1,0,True,True
shareholder_proposal_outcome,long_call,TGT,2024-06-17,3,3,0,True,True
shareholder_proposal_outcome,long_call,MA,2024-06-24,1,0,1,False,False
shareholder_proposal_outcome,long_call,FDX,2024-09-25,1,1,0,True,True
shareholder_proposal_outcome,long_call,MSFT,2024-12-12,3,3,0,True,True
shareholder_proposal_outcome,long_call,V,2025-01-30,2,2,0,True,True
shareholder_proposal_outcome,long_call,QCOM,2025-03-21,3,3,0,True,True
shareholder_proposal_outcome,long_call,USB,2025-04-21,1,1,0,True,True
shareholder_proposal_outcome,long_call,GS,2025-04-25,3,2,1,True,False
shareholder_proposal_outcome,long_call,BA,2025-04-25,1,0,1,False,False
shareholder_proposal_outcome,long_call,BAC,2025-04-25,2,2,0,True,True
shareholder_proposal_outcome,long_call,PFE,2025-04-29,1,1,0,True,True
shareholder_proposal_outcome,long_call,WFC,2025-05-05,1,0,1,False,False
shareholder_proposal_outcome,long_call,RTX,2025-05-06,1,1,0,True,True
shareholder_proposal_outcome,long_call,PEP,2025-05-12,1,0,1,False,False
shareholder_proposal_outcome,long_call,INTC,2025-05-12,2,2,0,True,True
shareholder_proposal_outcome,long_call,COP,2025-05-16,1,1,0,True,True
shareholder_proposal_outcome,long_call,AMZN,2025-05-23,2,1,1,True,False
shareholder_proposal_outcome,long_call,MCD,2025-05-27,1,1,0,True,True
shareholder_proposal_outcome,long_call,HD,2025-05-29,2,0,2,False,False
shareholder_proposal_outcome,long_call,CVX,2025-06-02,2,2,0,True,True
shareholder_proposal_outcome,long_call,META,2025-06-02,3,3,0,True,True
shareholder_proposal_outcome,long_call,NVDA,2025-07-02,1,1,0,True,True
shareholder_proposal_outcome,long_call,TSLA,2025-11-10,2,2,0,True,True
shareholder_proposal_outcome,covered_call,AAPL,2024-02-29,3,3,0,True,True
shareholder_proposal_outcome,covered_call,DIS,2024-04-10,3,3,0,True,True
shareholder_proposal_outcome,covered_call,KO,2024-05-03,1,1,0,True,True
shareholder_proposal_outcome,covered_call,IBM,2024-05-06,1,0,1,False,False
shareholder_proposal_outcome,covered_call,RTX,2024-05-07,1,1,0,True,True
shareholder_proposal_outcome,covered_call,AXP,2024-05-09,1,0,1,False,False
shareholder_proposal_outcome,covered_call,GILD,2024-05-10,1,0,1,False,False
shareholder_proposal_outcome,covered_call,BA,2024-05-20,2,0,2,False,False
shareholder_proposal_outcome,covered_call,HD,2024-05-23,2,0,2,False,False
shareholder_proposal_outcome,covered_call,NOW,2024-05-24,1,1,0,True,True
shareholder_proposal_outcome,covered_call,AMZN,2024-05-28,3,1,2,True,False
shareholder_proposal_outcome,covered_call,GM,2024-06-07,3,1,2,True,False
shareholder_proposal_outcome,covered_call,NFLX,2024-06-10,1,0,1,False,False
shareholder_proposal_outcome,covered_call,WMT,2024-06-10,3,0,3,False,False
shareholder_proposal_outcome,covered_call,CAT,2024-06-17,1,1,0,True,True
shareholder_proposal_outcome,covered_call,TGT,2024-06-17,3,3,0,True,True
shareholder_proposal_outcome,covered_call,MA,2024-06-24,1,0,1,False,False
shareholder_proposal_outcome,covered_call,FDX,2024-09-25,1,1,0,True,True
shareholder_proposal_outcome,covered_call,MSFT,2024-12-12,3,3,0,True,True
shareholder_proposal_outcome,covered_call,V,2025-01-30,2,2,0,True,True
shareholder_proposal_outcome,covered_call,QCOM,2025-03-21,3,3,0,True,True
shareholder_proposal_outcome,covered_call,USB,2025-04-21,2,1,1,True,False
shareholder_proposal_outcome,covered_call,GS,2025-04-25,3,2,1,True,False
shareholder_proposal_outcome,covered_call,BA,2025-04-25,1,0,1,False,False
shareholder_proposal_outcome,covered_call,BAC,2025-04-25,2,2,0,True,True
shareholder_proposal_outcome,covered_call,WFC,2025-05-05,1,0,1,False,False
shareholder_proposal_outcome,covered_call,RTX,2025-05-06,1,1,0,True,True
shareholder_proposal_outcome,covered_call,PEP,2025-05-12,2,0,2,False,False
shareholder_proposal_outcome,covered_call,COP,2025-05-16,2,2,0,True,True
shareholder_proposal_outcome,covered_call,AMZN,2025-05-23,2,1,1,True,False
shareholder_proposal_outcome,covered_call,MCD,2025-05-27,1,1,0,True,True
shareholder_proposal_outcome,covered_call,HD,2025-05-29,2,0,2,False,False
shareholder_proposal_outcome,covered_call,CVX,2025-06-02,2,2,0,True,True
shareholder_proposal_outcome,covered_call,META,2025-06-02,3,3,0,True,True
shareholder_proposal_outcome,covered_call,NVDA,2025-07-02,1,1,0,True,True
shareholder_proposal_outcome,covered_call,TSLA,2025-11-10,2,2,0,True,True
shareholder_proposal_outcome,protective_put,AAPL,2024-02-29,3,3,0,True,True
shareholder_proposal_outcome,protective_put,DIS,2024-04-10,3,3,0,True,True
shareholder_proposal_outcome,protective_put,KO,2024-05-03,1,1,0,True,True
shareholder_proposal_outcome,protective_put,IBM,2024-05-06,1,0,1,False,False
shareholder_proposal_outcome,protective_put,RTX,2024-05-07,1,1,0,True,True
shareholder_proposal_outcome,protective_put,AXP,2024-05-09,1,0,1,False,False
shareholder_proposal_outcome,protective_put,UNP,2024-05-13,1,1,0,True,True
shareholder_proposal_outcome,protective_put,VZ,2024-05-14,1,0,1,False,False
shareholder_proposal_outcome,protective_put,COP,2024-05-17,1,1,0,True,True
shareholder_proposal_outcome,protective_put,BA,2024-05-20,2,0,2,False,False
shareholder_proposal_outcome,protective_put,HD,2024-05-23,2,0,2,False,False
shareholder_proposal_outcome,protective_put,NOW,2024-05-24,1,1,0,True,True
shareholder_proposal_outcome,protective_put,AMZN,2024-05-28,3,1,2,True,False
shareholder_proposal_outcome,protective_put,GM,2024-06-07,3,1,2,True,False
shareholder_proposal_outcome,protective_put,NFLX,2024-06-10,1,0,1,False,False
shareholder_proposal_outcome,protective_put,WMT,2024-06-10,3,0,3,False,False
shareholder_proposal_outcome,protective_put,CAT,2024-06-17,1,1,0,True,True
shareholder_proposal_outcome,protective_put,TGT,2024-06-17,3,3,0,True,True
shareholder_proposal_outcome,protective_put,MA,2024-06-24,1,0,1,False,False
shareholder_proposal_outcome,protective_put,FDX,2024-09-25,1,1,0,True,True
shareholder_proposal_outcome,protective_put,MSFT,2024-12-12,3,3,0,True,True
shareholder_proposal_outcome,protective_put,V,2025-01-30,2,2,0,True,True
shareholder_proposal_outcome,protective_put,QCOM,2025-03-21,3,3,0,True,True
shareholder_proposal_outcome,protective_put,USB,2025-04-21,2,1,1,True,False
shareholder_proposal_outcome,protective_put,GS,2025-04-25,3,2,1,True,False
shareholder_proposal_outcome,protective_put,BA,2025-04-25,1,0,1,False,False
shareholder_proposal_outcome,protective_put,BAC,2025-04-25,2,2,0,True,True
shareholder_proposal_outcome,protective_put,WFC,2025-05-05,1,0,1,False,False
shareholder_proposal_outcome,protective_put,RTX,2025-05-06,1,1,0,True,True
shareholder_proposal_outcome,protective_put,COF,2025-05-09,1,0,1,False,False
shareholder_proposal_outcome,protective_put,PEP,2025-05-12,2,0,2,False,False
shareholder_proposal_outcome,protective_put,INTC,2025-05-12,2,2,0,True,True
shareholder_proposal_outcome,protective_put,COP,2025-05-16,1,1,0,True,True
shareholder_proposal_outcome,protective_put,AMZN,2025-05-23,2,1,1,True,False
shareholder_proposal_outcome,protective_put,MCD,2025-05-27,1,1,0,True,True
shareholder_proposal_outcome,protective_put,HD,2025-05-29,2,0,2,False,False
shareholder_proposal_outcome,protective_put,CVX,2025-06-02,2,2,0,True,True
shareholder_proposal_outcome,protective_put,META,2025-06-02,3,3,0,True,True
shareholder_proposal_outcome,protective_put,NVDA,2025-07-02,1,1,0,True,True
shareholder_proposal_outcome,protective_put,TSLA,2025-11-10,2,2,0,True,True
shareholder_proposal_outcome,collar,AAPL,2024-02-29,3,3,0,True,True
shareholder_proposal_outcome,collar,DIS,2024-04-10,3,3,0,True,True
shareholder_proposal_outcome,collar,KO,2024-05-03,1,1,0,True,True
shareholder_proposal_outcome,collar,IBM,2024-05-06,1,0,1,False,False
shareholder_proposal_outcome,collar,RTX,2024-05-07,1,1,0,True,True
shareholder_proposal_outcome,collar,AXP,2024-05-09,1,0,1,False,False
shareholder_proposal_outcome,collar,BA,2024-05-20,2,0,2,False,False
shareholder_proposal_outcome,collar,HD,2024-05-23,2,0,2,False,False
shareholder_proposal_outcome,collar,NOW,2024-05-24,1,1,0,True,True
shareholder_proposal_outcome,collar,AMZN,2024-05-28,3,1,2,True,False
shareholder_proposal_outcome,collar,GM,2024-06-07,3,1,2,True,False
shareholder_proposal_outcome,collar,NFLX,2024-06-10,1,0,1,False,False
shareholder_proposal_outcome,collar,WMT,2024-06-10,3,0,3,False,False
shareholder_proposal_outcome,collar,CAT,2024-06-17,1,1,0,True,True
shareholder_proposal_outcome,collar,TGT,2024-06-17,3,3,0,True,True
shareholder_proposal_outcome,collar,MA,2024-06-24,1,0,1,False,False
shareholder_proposal_outcome,collar,FDX,2024-09-25,1,1,0,True,True
shareholder_proposal_outcome,collar,MSFT,2024-12-12,3,3,0,True,True
shareholder_proposal_outcome,collar,V,2025-01-30,2,2,0,True,True
shareholder_proposal_outcome,collar,QCOM,2025-03-21,3,3,0,True,True
shareholder_proposal_outcome,collar,USB,2025-04-21,2,1,1,True,False
shareholder_proposal_outcome,collar,GS,2025-04-25,3,2,1,True,False
shareholder_proposal_outcome,collar,BA,2025-04-25,1,0,1,False,False
shareholder_proposal_outcome,collar,BAC,2025-04-25,2,2,0,True,True
shareholder_proposal_outcome,collar,WFC,2025-05-05,1,0,1,False,False
shareholder_proposal_outcome,collar,RTX,2025-05-06,1,1,0,True,True
shareholder_proposal_outcome,collar,PEP,2025-05-12,2,0,2,False,False
shareholder_proposal_outcome,collar,COP,2025-05-16,1,1,0,True,True
shareholder_proposal_outcome,collar,AMZN,2025-05-23,2,1,1,True,False
shareholder_proposal_outcome,collar,MCD,2025-05-27,1,1,0,True,True
shareholder_proposal_outcome,collar,HD,2025-05-29,2,0,2,False,False
shareholder_proposal_outcome,collar,CVX,2025-06-02,2,2,0,True,True
shareholder_proposal_outcome,collar,META,2025-06-02,3,3,0,True,True
shareholder_proposal_outcome,collar,NVDA,2025-07-02,1,1,0,True,True
shareholder_proposal_outcome,collar,TSLA,2025-11-10,2,2,0,True,True
shareholder_proposal_outcome,cash_secured_put,AAPL,2024-02-29,3,3,0,True,True
shareholder_proposal_outcome,cash_secured_put,DIS,2024-04-10,3,3,0,True,True
shareholder_proposal_outcome,cash_secured_put,KO,2024-05-03,1,1,0,True,True
shareholder_proposal_outcome,cash_secured_put,IBM,2024-05-06,1,0,1,False,False
shareholder_proposal_outcome,cash_secured_put,RTX,2024-05-07,1,1,0,True,True
shareholder_proposal_outcome,cash_secured_put,AXP,2024-05-09,1,0,1,False,False
shareholder_proposal_outcome,cash_secured_put,UNP,2024-05-13,1,1,0,True,True
shareholder_proposal_outcome,cash_secured_put,VZ,2024-05-14,1,0,1,False,False
shareholder_proposal_outcome,cash_secured_put,COP,2024-05-17,1,1,0,True,True
shareholder_proposal_outcome,cash_secured_put,BA,2024-05-20,2,0,2,False,False
shareholder_proposal_outcome,cash_secured_put,HD,2024-05-23,2,0,2,False,False
shareholder_proposal_outcome,cash_secured_put,NOW,2024-05-24,1,1,0,True,True
shareholder_proposal_outcome,cash_secured_put,AMZN,2024-05-28,3,1,2,True,False
shareholder_proposal_outcome,cash_secured_put,GM,2024-06-07,3,1,2,True,False
shareholder_proposal_outcome,cash_secured_put,NFLX,2024-06-10,1,0,1,False,False
shareholder_proposal_outcome,cash_secured_put,WMT,2024-06-10,3,0,3,False,False
shareholder_proposal_outcome,cash_secured_put,CAT,2024-06-17,1,1,0,True,True
shareholder_proposal_outcome,cash_secured_put,TGT,2024-06-17,3,3,0,True,True
shareholder_proposal_outcome,cash_secured_put,MA,2024-06-24,1,0,1,False,False
shareholder_proposal_outcome,cash_secured_put,FDX,2024-09-25,1,1,0,True,True
shareholder_proposal_outcome,cash_secured_put,MSFT,2024-12-12,3,3,0,True,True
shareholder_proposal_outcome,cash_secured_put,V,2025-01-30,2,2,0,True,True
shareholder_proposal_outcome,cash_secured_put,QCOM,2025-03-21,3,3,0,True,True
shareholder_proposal_outcome,cash_secured_put,USB,2025-04-21,2,1,1,True,False
shareholder_proposal_outcome,cash_secured_put,GS,2025-04-25,3,2,1,True,False
shareholder_proposal_outcome,cash_secured_put,BA,2025-04-25,1,0,1,False,False
shareholder_proposal_outcome,cash_secured_put,BAC,2025-04-25,2,2,0,True,True
shareholder_proposal_outcome,cash_secured_put,WFC,2025-05-05,1,0,1,False,False
shareholder_proposal_outcome,cash_secured_put,RTX,2025-05-06,1,1,0,True,True
shareholder_proposal_outcome,cash_secured_put,COF,2025-05-09,1,0,1,False,False
shareholder_proposal_outcome,cash_secured_put,PEP,2025-05-12,2,0,2,False,False
shareholder_proposal_outcome,cash_secured_put,INTC,2025-05-12,2,2,0,True,True
shareholder_proposal_outcome,cash_secured_put,COP,2025-05-16,1,1,0,True,True
shareholder_proposal_outcome,cash_secured_put,AMZN,2025-05-23,2,1,1,True,False
shareholder_proposal_outcome,cash_secured_put,MCD,2025-05-27,1,1,0,True,True
shareholder_proposal_outcome,cash_secured_put,HD,2025-05-29,2,0,2,False,False
shareholder_proposal_outcome,cash_secured_put,CVX,2025-06-02,2,2,0,True,True
shareholder_proposal_outcome,cash_secured_put,META,2025-06-02,3,3,0,True,True
shareholder_proposal_outcome,cash_secured_put,NVDA,2025-07-02,1,1,0,True,True
shareholder_proposal_outcome,cash_secured_put,TSLA,2025-11-10,2,2,0,True,True
underwriting_agreement,long_call,LLY,2024-02-12,2,2,0,True,True
underwriting_agreement,long_call,PEP,2024-02-20,1,1,0,True,True
underwriting_agreement,long_call,UPS,2024-05-29,1,1,0,True,True
underwriting_agreement,long_call,NFLX,2024-08-02,3,3,0,True,True
underwriting_agreement,long_call,META,2024-08-12,3,1,2,True,False
underwriting_agreement,long_call,KO,2024-08-12,1,1,0,True,True
underwriting_agreement,long_call,CMCSA,2024-09-27,2,2,0,True,True
underwriting_agreement,long_call,AVGO,2024-10-03,2,1,1,True,False
underwriting_agreement,long_call,XOM,2024-10-09,1,1,0,True,True
underwriting_agreement,long_call,BA,2024-10-31,2,1,1,True,False
underwriting_agreement,long_call,BA,2024-11-01,2,1,1,True,False
underwriting_agreement,long_call,COP,2024-12-06,2,1,1,True,False
underwriting_agreement,long_call,AVGO,2025-01-13,3,0,3,False,False
underwriting_agreement,long_call,ADBE,2025-01-21,2,2,0,True,True
underwriting_agreement,long_call,IBM,2025-02-10,2,2,0,True,True
underwriting_agreement,long_call,PEP,2025-02-10,2,2,0,True,True
underwriting_agreement,long_call,LLY,2025-02-13,1,1,0,True,True
underwriting_agreement,long_call,MA,2025-02-28,1,1,0,True,True
underwriting_agreement,long_call,AMD,2025-03-13,1,0,1,False,False
underwriting_agreement,long_call,BAC,2025-04-30,1,1,0,True,True
underwriting_agreement,long_call,AAPL,2025-05-13,1,1,0,True,True
underwriting_agreement,long_call,V,2025-05-16,2,1,1,True,False
underwriting_agreement,long_call,PFE,2025-05-20,1,1,0,True,True
underwriting_agreement,long_call,QCOM,2025-05-23,1,0,1,False,False
underwriting_agreement,long_call,TXN,2025-05-27,2,2,0,True,True
underwriting_agreement,long_call,GE,2025-07-25,1,1,0,True,True
underwriting_agreement,long_call,CVX,2025-08-14,1,0,1,False,False
underwriting_agreement,long_call,CVS,2025-08-18,2,0,2,False,False
underwriting_agreement,long_call,LLY,2025-08-21,1,1,0,True,True
underwriting_agreement,long_call,BK,2025-09-11,1,0,1,False,False
underwriting_agreement,long_call,HD,2025-09-11,3,3,0,True,True
underwriting_agreement,long_call,COF,2025-09-12,2,0,2,False,False
underwriting_agreement,long_call,ORCL,2025-09-29,1,1,0,True,True
underwriting_agreement,long_call,LOW,2025-10-01,2,2,0,True,True
underwriting_agreement,long_call,DE,2025-10-10,3,0,3,False,False
underwriting_agreement,covered_call,LLY,2024-02-12,2,2,0,True,True
underwriting_agreement,covered_call,PEP,2024-02-20,1,1,0,True,True
underwriting_agreement,covered_call,UPS,2024-05-29,1,1,0,True,True
underwriting_agreement,covered_call,WFC,2024-07-24,3,2,1,True,False
underwriting_agreement,covered_call,NFLX,2024-08-02,3,3,0,True,True
underwriting_agreement,covered_call,META,2024-08-12,3,1,2,True,False
underwriting_agreement,covered_call,CMCSA,2024-09-27,2,2,0,True,True
underwriting_agreement,covered_call,AVGO,2024-10-03,2,1,1,True,False
underwriting_agreement,covered_call,XOM,2024-10-09,1,1,0,True,True
underwriting_agreement,covered_call,BA,2024-10-31,2,1,1,True,False
underwriting_agreement,covered_call,BA,2024-11-01,2,1,1,True,False
underwriting_agreement,covered_call,COP,2024-12-06,2,1,1,True,False
underwriting_agreement,covered_call,AVGO,2025-01-13,3,0,3,False,False
underwriting_agreement,covered_call,ADBE,2025-01-21,2,2,0,True,True
underwriting_agreement,covered_call,PEP,2025-02-10,2,2,0,True,True
underwriting_agreement,covered_call,LLY,2025-02-13,1,1,0,True,True
underwriting_agreement,covered_call,MA,2025-02-28,1,1,0,True,True
underwriting_agreement,covered_call,AMD,2025-03-13,1,0,1,False,False
underwriting_agreement,covered_call,BAC,2025-04-30,1,1,0,True,True
underwriting_agreement,covered_call,AAPL,2025-05-13,1,1,0,True,True
underwriting_agreement,covered_call,V,2025-05-16,2,1,1,True,False
underwriting_agreement,covered_call,PFE,2025-05-20,1,1,0,True,True
underwriting_agreement,covered_call,QCOM,2025-05-23,1,0,1,False,False
underwriting_agreement,covered_call,TXN,2025-05-27,2,2,0,True,True
underwriting_agreement,covered_call,GE,2025-07-25,1,1,0,True,True
underwriting_agreement,covered_call,CVX,2025-08-14,1,0,1,False,False
underwriting_agreement,covered_call,CVS,2025-08-18,3,1,2,True,False
underwriting_agreement,covered_call,LLY,2025-08-21,1,1,0,True,True
underwriting_agreement,covered_call,HD,2025-09-11,3,3,0,True,True
underwriting_agreement,covered_call,COF,2025-09-12,3,0,3,False,False
underwriting_agreement,covered_call,ORCL,2025-09-29,1,1,0,True,True
underwriting_agreement,covered_call,LOW,2025-10-01,2,2,0,True,True
underwriting_agreement,covered_call,DE,2025-10-10,2,0,2,False,False
underwriting_agreement,covered_call,SO,2025-11-07,2,2,0,True,True
underwriting_agreement,protective_put,LLY,2024-02-12,2,2,0,True,True
underwriting_agreement,protective_put,PEP,2024-02-20,1,1,0,True,True
underwriting_agreement,protective_put,WFC,2024-04-24,1,0,1,False,False
underwriting_agreement,protective_put,UPS,2024-05-29,1,1,0,True,True
underwriting_agreement,protective_put,WFC,2024-07-24,3,2,1,True,False
underwriting_agreement,protective_put,NFLX,2024-08-02,3,3,0,True,True
underwriting_agreement,protective_put,META,2024-08-12,3,1,2,True,False
underwriting_agreement,protective_put,KO,2024-08-12,1,1,0,True,True
underwriting_agreement,protective_put,SO,2024-09-10,3,3,0,True,True
underwriting_agreement,protective_put,AVGO,2024-10-03,2,1,1,True,False
underwriting_agreement,protective_put,XOM,2024-10-09,1,1,0,True,True
underwriting_agreement,protective_put,BA,2024-10-31,2,1,1,True,False
underwriting_agreement,protective_put,BA,2024-11-01,1,1,0,True,True
underwriting_agreement,protective_put,COP,2024-12-06,2,1,1,True,False
underwriting_agreement,protective_put,AVGO,2025-01-13,3,0,3,False,False
underwriting_agreement,protective_put,IBM,2025-02-10,1,1,0,True,True
underwriting_agreement,protective_put,MA,2025-02-28,1,1,0,True,True
underwriting_agreement,protective_put,AMD,2025-03-13,1,0,1,False,False
underwriting_agreement,protective_put,XOM,2025-04-02,2,2,0,True,True
underwriting_agreement,protective_put,BAC,2025-04-30,1,1,0,True,True
underwriting_agreement,protective_put,AAPL,2025-05-13,1,1,0,True,True
underwriting_agreement,protective_put,V,2025-05-16,2,1,1,True,False
underwriting_agreement,protective_put,QCOM,2025-05-23,1,0,1,False,False
underwriting_agreement,protective_put,TXN,2025-05-27,2,2,0,True,True
underwriting_agreement,protective_put,GE,2025-07-25,1,1,0,True,True
underwriting_agreement,protective_put,CVX,2025-08-14,1,0,1,False,False
underwriting_agreement,protective_put,CVS,2025-08-18,1,1,0,True,True
underwriting_agreement,protective_put,LLY,2025-08-21,1,1,0,True,True
underwriting_agreement,protective_put,HD,2025-09-11,3,3,0,True,True
underwriting_agreement,protective_put,COF,2025-09-12,3,0,3,False,False
underwriting_agreement,protective_put,ORCL,2025-09-29,1,1,0,True,True
underwriting_agreement,protective_put,LOW,2025-10-01,2,2,0,True,True
underwriting_agreement,protective_put,DE,2025-10-10,3,0,3,False,False
underwriting_agreement,collar,LLY,2024-02-12,2,2,0,True,True
underwriting_agreement,collar,PEP,2024-02-20,1,1,0,True,True
underwriting_agreement,collar,UPS,2024-05-29,1,1,0,True,True
underwriting_agreement,collar,WFC,2024-07-24,3,2,1,True,False
underwriting_agreement,collar,NFLX,2024-08-02,3,3,0,True,True
underwriting_agreement,collar,META,2024-08-12,3,1,2,True,False
underwriting_agreement,collar,AVGO,2024-10-03,2,1,1,True,False
underwriting_agreement,collar,XOM,2024-10-09,1,1,0,True,True
underwriting_agreement,collar,BA,2024-10-31,2,1,1,True,False
underwriting_agreement,collar,BA,2024-11-01,1,1,0,True,True
underwriting_agreement,collar,COP,2024-12-06,2,1,1,True,False
underwriting_agreement,collar,AVGO,2025-01-13,3,0,3,False,False
underwriting_agreement,collar,MA,2025-02-28,1,1,0,True,True
underwriting_agreement,collar,AMD,2025-03-13,1,0,1,False,False
underwriting_agreement,collar,BAC,2025-04-30,1,1,0,True,True
underwriting_agreement,collar,AAPL,2025-05-13,1,1,0,True,True
underwriting_agreement,collar,V,2025-05-16,2,1,1,True,False
underwriting_agreement,collar,QCOM,2025-05-23,1,0,1,False,False
underwriting_agreement,collar,TXN,2025-05-27,2,2,0,True,True
underwriting_agreement,collar,GE,2025-07-25,1,1,0,True,True
underwriting_agreement,collar,CVX,2025-08-14,1,0,1,False,False
underwriting_agreement,collar,CVS,2025-08-18,1,1,0,True,True
underwriting_agreement,collar,LLY,2025-08-21,1,1,0,True,True
underwriting_agreement,collar,HD,2025-09-11,3,3,0,True,True
underwriting_agreement,collar,COF,2025-09-12,3,0,3,False,False
underwriting_agreement,collar,ORCL,2025-09-29,1,1,0,True,True
underwriting_agreement,collar,LOW,2025-10-01,2,2,0,True,True
underwriting_agreement,collar,DE,2025-10-10,2,0,2,False,False
underwriting_agreement,cash_secured_put,LLY,2024-02-12,2,2,0,True,True
underwriting_agreement,cash_secured_put,PEP,2024-02-20,1,1,0,True,True
underwriting_agreement,cash_secured_put,WFC,2024-04-24,1,0,1,False,False
underwriting_agreement,cash_secured_put,UPS,2024-05-29,1,1,0,True,True
underwriting_agreement,cash_secured_put,WFC,2024-07-24,3,2,1,True,False
underwriting_agreement,cash_secured_put,NFLX,2024-08-02,3,3,0,True,True
underwriting_agreement,cash_secured_put,META,2024-08-12,3,1,2,True,False
underwriting_agreement,cash_secured_put,KO,2024-08-12,1,1,0,True,True
underwriting_agreement,cash_secured_put,SO,2024-09-10,3,3,0,True,True
underwriting_agreement,cash_secured_put,AVGO,2024-10-03,2,1,1,True,False
underwriting_agreement,cash_secured_put,XOM,2024-10-09,1,1,0,True,True
underwriting_agreement,cash_secured_put,BA,2024-10-31,2,1,1,True,False
underwriting_agreement,cash_secured_put,BA,2024-11-01,1,1,0,True,True
underwriting_agreement,cash_secured_put,COP,2024-12-06,2,1,1,True,False
underwriting_agreement,cash_secured_put,AVGO,2025-01-13,3,0,3,False,False
underwriting_agreement,cash_secured_put,IBM,2025-02-10,1,1,0,True,True
underwriting_agreement,cash_secured_put,MA,2025-02-28,1,1,0,True,True
underwriting_agreement,cash_secured_put,AMD,2025-03-13,1,0,1,False,False
underwriting_agreement,cash_secured_put,XOM,2025-04-02,2,2,0,True,True
underwriting_agreement,cash_secured_put,BAC,2025-04-30,1,1,0,True,True
underwriting_agreement,cash_secured_put,AAPL,2025-05-13,1,1,0,True,True
underwriting_agreement,cash_secured_put,V,2025-05-16,2,1,1,True,False
underwriting_agreement,cash_secured_put,QCOM,2025-05-23,1,0,1,False,False
underwriting_agreement,cash_secured_put,TXN,2025-05-27,2,2,0,True,True
underwriting_agreement,cash_secured_put,GE,2025-07-25,1,1,0,True,True
underwriting_agreement,cash_secured_put,CVX,2025-08-14,1,0,1,False,False
underwriting_agreement,cash_secured_put,CVS,2025-08-18,1,1,0,True,True
underwriting_agreement,cash_secured_put,LLY,2025-08-21,1,1,0,True,True
underwriting_agreement,cash_secured_put,HD,2025-09-11,3,3,0,True,True
underwriting_agreement,cash_secured_put,COF,2025-09-12,3,0,3,False,False
underwriting_agreement,cash_secured_put,ORCL,2025-09-29,1,1,0,True,True
underwriting_agreement,cash_secured_put,LOW,2025-10-01,2,2,0,True,True
underwriting_agreement,cash_secured_put,DE,2025-10-10,3,0,3,False,False
