tag,strategy,ticker,entry_date,controls,intervals
annual_meeting_results,long_call,DIS,2024-04-10,3,"[[""2024-04-10"", ""2024-05-09""], [""2024-05-15"", ""2024-06-14""], [""2024-05-22"", ""2024-06-24""], [""2024-06-12"", ""2024-07-15""]]"
annual_meeting_results,long_call,ABT,2024-04-30,2,"[[""2024-04-30"", ""2024-05-30""], [""2024-06-04"", ""2024-07-05""], [""2024-06-11"", ""2024-07-12""]]"
annual_meeting_results,long_call,KO,2024-05-03,1,"[[""2024-05-03"", ""2024-06-04""], [""2024-06-14"", ""2024-07-17""]]"
annual_meeting_results,long_call,RTX,2024-05-07,1,"[[""2024-05-07"", ""2024-06-06""], [""2024-04-02"", ""2024-05-01""]]"
annual_meeting_results,long_call,UNP,2024-05-13,2,"[[""2024-05-13"", ""2024-06-12""], [""2024-06-10"", ""2024-07-11""], [""2024-06-17"", ""2024-07-18""]]"
annual_meeting_results,long_call,COP,2024-05-17,1,"[[""2024-05-17"", ""2024-06-18""], [""2024-04-12"", ""2024-05-13""]]"
annual_meeting_results,long_call,CVS,2024-05-23,1,"[[""2024-05-23"", ""2024-06-25""], [""2024-06-27"", ""2024-07-29""]]"
annual_meeting_results,long_call,NOW,2024-05-24,1,"[[""2024-05-24"", ""2024-06-26""], [""2024-04-19"", ""2024-05-20""]]"
annual_meeting_results,long_call,AMZN,2024-05-28,1,"[[""2024-05-28"", ""2024-06-27""], [""2024-06-25"", ""2024-07-25""]]"
annual_meeting_results,long_call,SCHW,2024-05-30,1,"[[""2024-05-30"", ""2024-07-01""], [""2024-04-04"", ""2024-05-03""]]"
annual_meeting_results,long_call,AMGN,2024-06-04,2,"[[""2024-06-04"", ""2024-07-05""], [""2024-04-30"", ""2024-05-30""], [""2024-04-02"", ""2024-05-01""]]"
annual_meeting_results,long_call,LOW,2024-06-06,2,"[[""2024-06-06"", ""2024-07-09""], [""2024-04-11"", ""2024-05-10""], [""2024-04-04"", ""2024-05-03""]]"
annual_meeting_results,long_call,FDX,2024-09-25,1,"[[""2024-09-25"", ""2024-10-24""], [""2024-07-31"", ""2024-08-29""]]"
annual_meeting_results,long_call,MSFT,2024-12-12,3,"[[""2024-12-12"", ""2025-01-15""], [""2024-10-24"", ""2024-11-22""], [""2024-10-17"", ""2024-11-15""], [""2024-10-10"", ""2024-11-08""]]"
annual_meeting_results,long_call,V,2025-01-30,2,"[[""2025-01-30"", ""2025-03-03""], [""2025-03-06"", ""2025-04-04""], [""2025-03-13"", ""2025-04-11""]]"
annual_meeting_results,long_call,QCOM,2025-03-21,3,"[[""2025-03-21"", ""2025-04-22""], [""2025-02-14"", ""2025-03-18""], [""2025-01-24"", ""2025-02-25""], [""2025-01-17"", ""2025-02-19""]]"
annual_meeting_results,long_call,USB,2025-04-21,1,"[[""2025-04-21"", ""2025-05-20""], [""2025-06-16"", ""2025-07-17""]]"
annual_meeting_results,long_call,GS,2025-04-25,2,"[[""2025-04-25"", ""2025-05-27""], [""2025-05-30"", ""2025-07-01""], [""2025-06-06"", ""2025-07-09""]]"
annual_meeting_results,long_call,BAC,2025-04-25,2,"[[""2025-04-25"", ""2025-05-27""], [""2025-05-30"", ""2025-07-01""], [""2025-06-06"", ""2025-07-09""]]"
annual_meeting_results,long_call,ABT,2025-04-29,1,"[[""2025-04-29"", ""2025-05-29""], [""2025-06-10"", ""2025-07-11""]]"
annual_meeting_results,long_call,PFE,2025-04-29,1,"[[""2025-04-29"", ""2025-05-29""], [""2025-06-24"", ""2025-07-24""]]"
annual_meeting_results,long_call,RTX,2025-05-06,1,"[[""2025-05-06"", ""2025-06-05""], [""2025-04-01"", ""2025-05-01""]]"
annual_meeting_results,long_call,INTC,2025-05-12,2,"[[""2025-05-12"", ""2025-06-11""], [""2025-06-09"", ""2025-07-10""], [""2025-06-16"", ""2025-07-17""]]"
annual_meeting_results,long_call,GE,2025-05-12,3,"[[""2025-05-12"", ""2025-06-11""], [""2025-06-09"", ""2025-07-10""], [""2025-04-07"", ""2025-05-07""], [""2025-06-16"", ""2025-07-17""]]"
annual_meeting_results,long_call,COP,2025-05-16,1,"[[""2025-05-16"", ""2025-06-17""], [""2025-04-11"", ""2025-05-13""]]"
annual_meeting_results,long_call,AMZN,2025-05-23,1,"[[""2025-05-23"", ""2025-06-25""], [""2025-06-27"", ""2025-07-29""]]"
annual_meeting_results,long_call,MCD,2025-05-27,1,"[[""2025-05-27"", ""2025-06-26""], [""2025-06-24"", ""2025-07-24""]]"
annual_meeting_results,long_call,AMGN,2025-05-28,2,"[[""2025-05-28"", ""2025-06-27""], [""2025-04-23"", ""2025-05-22""], [""2025-04-02"", ""2025-05-02""]]"
annual_meeting_results,long_call,CVX,2025-06-02,2,"[[""2025-06-02"", ""2025-07-02""], [""2025-04-28"", ""2025-05-28""], [""2025-04-21"", ""2025-05-20""]]"
annual_meeting_results,long_call,META,2025-06-02,3,"[[""2025-06-02"", ""2025-07-02""], [""2025-06-30"", ""2025-07-30""], [""2025-04-28"", ""2025-05-28""], [""2025-04-21"", ""2025-05-20""]]"
annual_meeting_results,long_call,LOW,2025-06-06,2,"[[""2025-06-06"", ""2025-07-09""], [""2025-04-11"", ""2025-05-13""], [""2025-04-04"", ""2025-05-06""]]"
annual_meeting_results,long_call,MA,2025-06-27,2,"[[""2025-06-27"", ""2025-07-29""], [""2025-05-23"", ""2025-06-25""], [""2025-04-04"", ""2025-05-06""]]"
annual_meeting_results,long_call,NVDA,2025-07-02,1,"[[""2025-07-02"", ""2025-08-01""], [""2025-09-24"", ""2025-10-23""]]"
annual_meeting_results,long_call,TSLA,2025-11-10,2,"[[""2025-11-10"", ""2025-12-10""], [""2025-12-08"", ""2026-01-08""], [""2025-12-15"", ""2026-01-15""]]"
annual_meeting_results,covered_call,DIS,2024-04-10,3,"[[""2024-04-10"", ""2024-05-09""], [""2024-05-15"", ""2024-06-14""], [""2024-05-22"", ""2024-06-24""], [""2024-06-12"", ""2024-07-15""]]"
annual_meeting_results,covered_call,ABT,2024-04-30,1,"[[""2024-04-30"", ""2024-05-30""], [""2024-06-04"", ""2024-07-05""]]"
annual_meeting_results,covered_call,KO,2024-05-03,1,"[[""2024-05-03"", ""2024-06-04""], [""2024-06-14"", ""2024-07-17""]]"
annual_meeting_results,covered_call,RTX,2024-05-07,1,"[[""2024-05-07"", ""2024-06-06""], [""2024-04-02"", ""2024-05-01""]]"
annual_meeting_results,covered_call,NOW,2024-05-24,1,"[[""2024-05-24"", ""2024-06-26""], [""2024-04-19"", ""2024-05-20""]]"
annual_meeting_results,covered_call,AMZN,2024-05-28,1,"[[""2024-05-28"", ""2024-06-27""], [""2024-06-25"", ""2024-07-25""]]"
annual_meeting_results,covered_call,AMGN,2024-06-04,2,"[[""2024-06-04"", ""2024-07-05""], [""2024-04-30"", ""2024-05-30""], [""2024-04-02"", ""2024-05-01""]]"
annual_meeting_results,covered_call,LOW,2024-06-06,2,"[[""2024-06-06"", ""2024-07-09""], [""2024-04-11"", ""2024-05-10""], [""2024-04-04"", ""2024-05-03""]]"
annual_meeting_results,covered_call,FDX,2024-09-25,1,"[[""2024-09-25"", ""2024-10-24""], [""2024-07-31"", ""2024-08-29""]]"
annual_meeting_results,covered_call,MSFT,2024-12-12,3,"[[""2024-12-12"", ""2025-01-15""], [""2024-10-24"", ""2024-11-22""], [""2024-10-17"", ""2024-11-15""], [""2024-10-10"", ""2024-11-08""]]"
annual_meeting_results,covered_call,V,2025-01-30,2,"[[""2025-01-30"", ""2025-03-03""], [""2025-03-06"", ""2025-04-04""], [""2025-03-13"", ""2025-04-11""]]"
annual_meeting_results,covered_call,QCOM,2025-03-21,3,"[[""2025-03-21"", ""2025-04-22""], [""2025-02-14"", ""2025-03-18""], [""2025-01-24"", ""2025-02-25""], [""2025-01-17"", ""2025-02-19""]]"
annual_meeting_results,covered_call,USB,2025-04-21,1,"[[""2025-04-21"", ""2025-05-20""], [""2025-06-16"", ""2025-07-17""]]"
annual_meeting_results,covered_call,GS,2025-04-25,2,"[[""2025-04-25"", ""2025-05-27""], [""2025-05-30"", ""2025-07-01""], [""2025-06-06"", ""2025-07-09""]]"
annual_meeting_results,covered_call,BAC,2025-04-25,2,"[[""2025-04-25"", ""2025-05-27""], [""2025-05-30"", ""2025-07-01""], [""2025-06-06"", ""2025-07-09""]]"
annual_meeting_results,covered_call,RTX,2025-05-06,1,"[[""2025-05-06"", ""2025-06-05""], [""2025-04-01"", ""2025-05-01""]]"
annual_meeting_results,covered_call,GE,2025-05-12,3,"[[""2025-05-12"", ""2025-06-11""], [""2025-06-09"", ""2025-07-10""], [""2025-04-07"", ""2025-05-07""], [""2025-06-16"", ""2025-07-17""]]"
annual_meeting_results,covered_call,COP,2025-05-16,2,"[[""2025-05-16"", ""2025-06-17""], [""2025-04-11"", ""2025-05-13""], [""2025-04-04"", ""2025-05-06""]]"
annual_meeting_results,covered_call,AMZN,2025-05-23,1,"[[""2025-05-23"", ""2025-06-25""], [""2025-06-27"", ""2025-07-29""]]"
annual_meeting_results,covered_call,MCD,2025-05-27,1,"[[""2025-05-27"", ""2025-06-26""], [""2025-06-24"", ""2025-07-24""]]"
annual_meeting_results,covered_call,AMGN,2025-05-28,2,"[[""2025-05-28"", ""2025-06-27""], [""2025-04-23"", ""2025-05-22""], [""2025-04-02"", ""2025-05-02""]]"
annual_meeting_results,covered_call,CVX,2025-06-02,2,"[[""2025-06-02"", ""2025-07-02""], [""2025-04-28"", ""2025-05-28""], [""2025-04-21"", ""2025-05-20""]]"
annual_meeting_results,covered_call,META,2025-06-02,3,"[[""2025-06-02"", ""2025-07-02""], [""2025-06-30"", ""2025-07-30""], [""2025-04-28"", ""2025-05-28""], [""2025-04-21"", ""2025-05-20""]]"
annual_meeting_results,covered_call,MA,2025-06-27,2,"[[""2025-06-27"", ""2025-07-29""], [""2025-05-23"", ""2025-06-25""], [""2025-04-04"", ""2025-05-06""]]"
annual_meeting_results,covered_call,NVDA,2025-07-02,1,"[[""2025-07-02"", ""2025-08-01""], [""2025-09-24"", ""2025-10-23""]]"
annual_meeting_results,covered_call,TSLA,2025-11-10,2,"[[""2025-11-10"", ""2025-12-10""], [""2025-12-08"", ""2026-01-08""], [""2025-12-15"", ""2026-01-15""]]"
annual_meeting_results,protective_put,DIS,2024-04-10,3,"[[""2024-04-10"", ""2024-05-09""], [""2024-05-15"", ""2024-06-14""], [""2024-05-22"", ""2024-06-24""], [""2024-06-12"", ""2024-07-15""]]"
annual_meeting_results,protective_put,ABT,2024-04-30,2,"[[""2024-04-30"", ""2024-05-30""], [""2024-06-04"", ""2024-07-05""], [""2024-06-11"", ""2024-07-12""]]"
annual_meeting_results,protective_put,KO,2024-05-03,1,"[[""2024-05-03"", ""2024-06-04""], [""2024-06-14"", ""2024-07-17""]]"
annual_meeting_results,protective_put,RTX,2024-05-07,1,"[[""2024-05-07"", ""2024-06-06""], [""2024-04-02"", ""2024-05-01""]]"
annual_meeting_results,protective_put,UNP,2024-05-13,1,"[[""2024-05-13"", ""2024-06-12""], [""2024-06-10"", ""2024-07-11""]]"
annual_meeting_results,protective_put,COP,2024-05-17,1,"[[""2024-05-17"", ""2024-06-18""], [""2024-04-12"", ""2024-05-13""]]"
annual_meeting_results,protective_put,CVS,2024-05-23,1,"[[""2024-05-23"", ""2024-06-25""], [""2024-06-27"", ""2024-07-29""]]"
annual_meeting_results,protective_put,NOW,2024-05-24,1,"[[""2024-05-24"", ""2024-06-26""], [""2024-04-19"", ""2024-05-20""]]"
annual_meeting_results,protective_put,AMZN,2024-05-28,1,"[[""2024-05-28"", ""2024-06-27""], [""2024-06-25"", ""2024-07-25""]]"
annual_meeting_results,protective_put,AMGN,2024-06-04,3,"[[""2024-06-04"", ""2024-07-05""], [""2024-04-30"", ""2024-05-30""], [""2024-04-23"", ""2024-05-22""], [""2024-04-02"", ""2024-05-01""]]"
annual_meeting_results,protective_put,LOW,2024-06-06,2,"[[""2024-06-06"", ""2024-07-09""], [""2024-04-11"", ""2024-05-10""], [""2024-04-04"", ""2024-05-03""]]"
annual_meeting_results,protective_put,FDX,2024-09-25,1,"[[""2024-09-25"", ""2024-10-24""], [""2024-07-31"", ""2024-08-29""]]"
annual_meeting_results,protective_put,MSFT,2024-12-12,3,"[[""2024-12-12"", ""2025-01-15""], [""2024-10-24"", ""2024-11-22""], [""2024-10-17"", ""2024-11-15""], [""2024-10-10"", ""2024-11-08""]]"
annual_meeting_results,protective_put,V,2025-01-30,2,"[[""2025-01-30"", ""2025-03-03""], [""2025-03-06"", ""2025-04-04""], [""2025-03-13"", ""2025-04-11""]]"
annual_meeting_results,protective_put,QCOM,2025-03-21,3,"[[""2025-03-21"", ""2025-04-22""], [""2025-02-14"", ""2025-03-18""], [""2025-01-24"", ""2025-02-25""], [""2025-01-17"", ""2025-02-19""]]"
annual_meeting_results,protective_put,USB,2025-04-21,1,"[[""2025-04-21"", ""2025-05-20""], [""2025-06-16"", ""2025-07-17""]]"
annual_meeting_results,protective_put,GS,2025-04-25,2,"[[""2025-04-25"", ""2025-05-27""], [""2025-05-30"", ""2025-07-01""], [""2025-06-06"", ""2025-07-09""]]"
annual_meeting_results,protective_put,BAC,2025-04-25,2,"[[""2025-04-25"", ""2025-05-27""], [""2025-05-30"", ""2025-07-01""], [""2025-06-06"", ""2025-07-09""]]"
annual_meeting_results,protective_put,ABT,2025-04-29,1,"[[""2025-04-29"", ""2025-05-29""], [""2025-06-10"", ""2025-07-11""]]"
annual_meeting_results,protective_put,RTX,2025-05-06,1,"[[""2025-05-06"", ""2025-06-05""], [""2025-04-01"", ""2025-05-01""]]"
annual_meeting_results,protective_put,INTC,2025-05-12,2,"[[""2025-05-12"", ""2025-06-11""], [""2025-06-09"", ""2025-07-10""], [""2025-06-16"", ""2025-07-17""]]"
annual_meeting_results,protective_put,GE,2025-05-12,3,"[[""2025-05-12"", ""2025-06-11""], [""2025-06-09"", ""2025-07-10""], [""2025-04-07"", ""2025-05-07""], [""2025-06-16"", ""2025-07-17""]]"
annual_meeting_results,protective_put,COP,2025-05-16,1,"[[""2025-05-16"", ""2025-06-17""], [""2025-04-04"", ""2025-05-06""]]"
annual_meeting_results,protective_put,AMZN,2025-05-23,1,"[[""2025-05-23"", ""2025-06-25""], [""2025-06-27"", ""2025-07-29""]]"
annual_meeting_results,protective_put,MCD,2025-05-27,1,"[[""2025-05-27"", ""2025-06-26""], [""2025-06-24"", ""2025-07-24""]]"
annual_meeting_results,protective_put,AMGN,2025-05-28,3,"[[""2025-05-28"", ""2025-06-27""], [""2025-04-23"", ""2025-05-22""], [""2025-04-16"", ""2025-05-16""], [""2025-04-02"", ""2025-05-02""]]"
annual_meeting_results,protective_put,CVX,2025-06-02,2,"[[""2025-06-02"", ""2025-07-02""], [""2025-04-28"", ""2025-05-28""], [""2025-04-21"", ""2025-05-20""]]"
annual_meeting_results,protective_put,META,2025-06-02,3,"[[""2025-06-02"", ""2025-07-02""], [""2025-06-30"", ""2025-07-30""], [""2025-04-28"", ""2025-05-28""], [""2025-04-21"", ""2025-05-20""]]"
annual_meeting_results,protective_put,LOW,2025-06-06,2,"[[""2025-06-06"", ""2025-07-09""], [""2025-04-11"", ""2025-05-13""], [""2025-04-04"", ""2025-05-06""]]"
annual_meeting_results,protective_put,MA,2025-06-27,2,"[[""2025-06-27"", ""2025-07-29""], [""2025-05-23"", ""2025-06-25""], [""2025-04-04"", ""2025-05-06""]]"
annual_meeting_results,protective_put,NVDA,2025-07-02,1,"[[""2025-07-02"", ""2025-08-01""], [""2025-09-24"", ""2025-10-23""]]"
annual_meeting_results,protective_put,TSLA,2025-11-10,2,"[[""2025-11-10"", ""2025-12-10""], [""2025-12-08"", ""2026-01-08""], [""2025-12-15"", ""2026-01-15""]]"
annual_meeting_results,collar,DIS,2024-04-10,3,"[[""2024-04-10"", ""2024-05-09""], [""2024-05-15"", ""2024-06-14""], [""2024-05-22"", ""2024-06-24""], [""2024-06-12"", ""2024-07-15""]]"
annual_meeting_results,collar,ABT,2024-04-30,1,"[[""2024-04-30"", ""2024-05-30""], [""2024-06-04"", ""2024-07-05""]]"
annual_meeting_results,collar,KO,2024-05-03,1,"[[""2024-05-03"", ""2024-06-04""], [""2024-06-14"", ""2024-07-17""]]"
annual_meeting_results,collar,RTX,2024-05-07,1,"[[""2024-05-07"", ""2024-06-06""], [""2024-04-02"", ""2024-05-01""]]"
annual_meeting_results,collar,NOW,2024-05-24,1,"[[""2024-05-24"", ""2024-06-26""], [""2024-04-19"", ""2024-05-20""]]"
annual_meeting_results,collar,AMZN,2024-05-28,1,"[[""2024-05-28"", ""2024-06-27""], [""2024-06-25"", ""2024-07-25""]]"
annual_meeting_results,collar,AMGN,2024-06-04,2,"[[""2024-06-04"", ""2024-07-05""], [""2024-04-30"", ""2024-05-30""], [""2024-04-02"", ""2024-05-01""]]"
annual_meeting_results,collar,LOW,2024-06-06,2,"[[""2024-06-06"", ""2024-07-09""], [""2024-04-11"", ""2024-05-10""], [""2024-04-04"", ""2024-05-03""]]"
annual_meeting_results,collar,FDX,2024-09-25,1,"[[""2024-09-25"", ""2024-10-24""], [""2024-07-31"", ""2024-08-29""]]"
annual_meeting_results,collar,MSFT,2024-12-12,3,"[[""2024-12-12"", ""2025-01-15""], [""2024-10-24"", ""2024-11-22""], [""2024-10-17"", ""2024-11-15""], [""2024-10-10"", ""2024-11-08""]]"
annual_meeting_results,collar,V,2025-01-30,2,"[[""2025-01-30"", ""2025-03-03""], [""2025-03-06"", ""2025-04-04""], [""2025-03-13"", ""2025-04-11""]]"
annual_meeting_results,collar,QCOM,2025-03-21,3,"[[""2025-03-21"", ""2025-04-22""], [""2025-02-14"", ""2025-03-18""], [""2025-01-24"", ""2025-02-25""], [""2025-01-17"", ""2025-02-19""]]"
annual_meeting_results,collar,USB,2025-04-21,1,"[[""2025-04-21"", ""2025-05-20""], [""2025-06-16"", ""2025-07-17""]]"
annual_meeting_results,collar,GS,2025-04-25,2,"[[""2025-04-25"", ""2025-05-27""], [""2025-05-30"", ""2025-07-01""], [""2025-06-06"", ""2025-07-09""]]"
annual_meeting_results,collar,BAC,2025-04-25,2,"[[""2025-04-25"", ""2025-05-27""], [""2025-05-30"", ""2025-07-01""], [""2025-06-06"", ""2025-07-09""]]"
annual_meeting_results,collar,RTX,2025-05-06,1,"[[""2025-05-06"", ""2025-06-05""], [""2025-04-01"", ""2025-05-01""]]"
annual_meeting_results,collar,GE,2025-05-12,3,"[[""2025-05-12"", ""2025-06-11""], [""2025-06-09"", ""2025-07-10""], [""2025-04-07"", ""2025-05-07""], [""2025-06-16"", ""2025-07-17""]]"
annual_meeting_results,collar,COP,2025-05-16,1,"[[""2025-05-16"", ""2025-06-17""], [""2025-04-04"", ""2025-05-06""]]"
annual_meeting_results,collar,AMZN,2025-05-23,1,"[[""2025-05-23"", ""2025-06-25""], [""2025-06-27"", ""2025-07-29""]]"
annual_meeting_results,collar,MCD,2025-05-27,1,"[[""2025-05-27"", ""2025-06-26""], [""2025-06-24"", ""2025-07-24""]]"
annual_meeting_results,collar,AMGN,2025-05-28,2,"[[""2025-05-28"", ""2025-06-27""], [""2025-04-23"", ""2025-05-22""], [""2025-04-02"", ""2025-05-02""]]"
annual_meeting_results,collar,CVX,2025-06-02,2,"[[""2025-06-02"", ""2025-07-02""], [""2025-04-28"", ""2025-05-28""], [""2025-04-21"", ""2025-05-20""]]"
annual_meeting_results,collar,META,2025-06-02,3,"[[""2025-06-02"", ""2025-07-02""], [""2025-06-30"", ""2025-07-30""], [""2025-04-28"", ""2025-05-28""], [""2025-04-21"", ""2025-05-20""]]"
annual_meeting_results,collar,MA,2025-06-27,2,"[[""2025-06-27"", ""2025-07-29""], [""2025-05-23"", ""2025-06-25""], [""2025-04-04"", ""2025-05-06""]]"
annual_meeting_results,collar,NVDA,2025-07-02,1,"[[""2025-07-02"", ""2025-08-01""], [""2025-09-24"", ""2025-10-23""]]"
annual_meeting_results,collar,TSLA,2025-11-10,2,"[[""2025-11-10"", ""2025-12-10""], [""2025-12-08"", ""2026-01-08""], [""2025-12-15"", ""2026-01-15""]]"
annual_meeting_results,cash_secured_put,DIS,2024-04-10,3,"[[""2024-04-10"", ""2024-05-09""], [""2024-05-15"", ""2024-06-14""], [""2024-05-22"", ""2024-06-24""], [""2024-06-12"", ""2024-07-15""]]"
annual_meeting_results,cash_secured_put,ABT,2024-04-30,2,"[[""2024-04-30"", ""2024-05-30""], [""2024-06-04"", ""2024-07-05""], [""2024-06-11"", ""2024-07-12""]]"
annual_meeting_results,cash_secured_put,KO,2024-05-03,1,"[[""2024-05-03"", ""2024-06-04""], [""2024-06-14"", ""2024-07-17""]]"
annual_meeting_results,cash_secured_put,RTX,2024-05-07,1,"[[""2024-05-07"", ""2024-06-06""], [""2024-04-02"", ""2024-05-01""]]"
annual_meeting_results,cash_secured_put,UNP,2024-05-13,1,"[[""2024-05-13"", ""2024-06-12""], [""2024-06-10"", ""2024-07-11""]]"
annual_meeting_results,cash_secured_put,COP,2024-05-17,1,"[[""2024-05-17"", ""2024-06-18""], [""2024-04-12"", ""2024-05-13""]]"
annual_meeting_results,cash_secured_put,CVS,2024-05-23,1,"[[""2024-05-23"", ""2024-06-25""], [""2024-06-27"", ""2024-07-29""]]"
annual_meeting_results,cash_secured_put,NOW,2024-05-24,1,"[[""2024-05-24"", ""2024-06-26""], [""2024-04-19"", ""2024-05-20""]]"
annual_meeting_results,cash_secured_put,AMZN,2024-05-28,1,"[[""2024-05-28"", ""2024-06-27""], [""2024-06-25"", ""2024-07-25""]]"
annual_meeting_results,cash_secured_put,AMGN,2024-06-04,3,"[[""2024-06-04"", ""2024-07-05""], [""2024-04-30"", ""2024-05-30""], [""2024-04-23"", ""2024-05-22""], [""2024-04-02"", ""2024-05-01""]]"
annual_meeting_results,cash_secured_put,LOW,2024-06-06,2,"[[""2024-06-06"", ""2024-07-09""], [""2024-04-11"", ""2024-05-10""], [""2024-04-04"", ""2024-05-03""]]"
annual_meeting_results,cash_secured_put,FDX,2024-09-25,1,"[[""2024-09-25"", ""2024-10-24""], [""2024-07-31"", ""2024-08-29""]]"
annual_meeting_results,cash_secured_put,MSFT,2024-12-12,3,"[[""2024-12-12"", ""2025-01-15""], [""2024-10-24"", ""2024-11-22""], [""2024-10-17"", ""2024-11-15""], [""2024-10-10"", ""2024-11-08""]]"
annual_meeting_results,cash_secured_put,V,2025-01-30,2,"[[""2025-01-30"", ""2025-03-03""], [""2025-03-06"", ""2025-04-04""], [""2025-03-13"", ""2025-04-11""]]"
annual_meeting_results,cash_secured_put,QCOM,2025-03-21,3,"[[""2025-03-21"", ""2025-04-22""], [""2025-02-14"", ""2025-03-18""], [""2025-01-24"", ""2025-02-25""], [""2025-01-17"", ""2025-02-19""]]"
annual_meeting_results,cash_secured_put,USB,2025-04-21,1,"[[""2025-04-21"", ""2025-05-20""], [""2025-06-16"", ""2025-07-17""]]"
annual_meeting_results,cash_secured_put,GS,2025-04-25,2,"[[""2025-04-25"", ""2025-05-27""], [""2025-05-30"", ""2025-07-01""], [""2025-06-06"", ""2025-07-09""]]"
annual_meeting_results,cash_secured_put,BAC,2025-04-25,2,"[[""2025-04-25"", ""2025-05-27""], [""2025-05-30"", ""2025-07-01""], [""2025-06-06"", ""2025-07-09""]]"
annual_meeting_results,cash_secured_put,ABT,2025-04-29,1,"[[""2025-04-29"", ""2025-05-29""], [""2025-06-10"", ""2025-07-11""]]"
annual_meeting_results,cash_secured_put,RTX,2025-05-06,1,"[[""2025-05-06"", ""2025-06-05""], [""2025-04-01"", ""2025-05-01""]]"
annual_meeting_results,cash_secured_put,INTC,2025-05-12,2,"[[""2025-05-12"", ""2025-06-11""], [""2025-06-09"", ""2025-07-10""], [""2025-06-16"", ""2025-07-17""]]"
annual_meeting_results,cash_secured_put,GE,2025-05-12,3,"[[""2025-05-12"", ""2025-06-11""], [""2025-06-09"", ""2025-07-10""], [""2025-04-07"", ""2025-05-07""], [""2025-06-16"", ""2025-07-17""]]"
annual_meeting_results,cash_secured_put,COP,2025-05-16,1,"[[""2025-05-16"", ""2025-06-17""], [""2025-04-04"", ""2025-05-06""]]"
annual_meeting_results,cash_secured_put,AMZN,2025-05-23,1,"[[""2025-05-23"", ""2025-06-25""], [""2025-06-27"", ""2025-07-29""]]"
annual_meeting_results,cash_secured_put,MCD,2025-05-27,1,"[[""2025-05-27"", ""2025-06-26""], [""2025-06-24"", ""2025-07-24""]]"
annual_meeting_results,cash_secured_put,AMGN,2025-05-28,3,"[[""2025-05-28"", ""2025-06-27""], [""2025-04-23"", ""2025-05-22""], [""2025-04-16"", ""2025-05-16""], [""2025-04-02"", ""2025-05-02""]]"
annual_meeting_results,cash_secured_put,CVX,2025-06-02,2,"[[""2025-06-02"", ""2025-07-02""], [""2025-04-28"", ""2025-05-28""], [""2025-04-21"", ""2025-05-20""]]"
annual_meeting_results,cash_secured_put,META,2025-06-02,3,"[[""2025-06-02"", ""2025-07-02""], [""2025-06-30"", ""2025-07-30""], [""2025-04-28"", ""2025-05-28""], [""2025-04-21"", ""2025-05-20""]]"
annual_meeting_results,cash_secured_put,LOW,2025-06-06,2,"[[""2025-06-06"", ""2025-07-09""], [""2025-04-11"", ""2025-05-13""], [""2025-04-04"", ""2025-05-06""]]"
annual_meeting_results,cash_secured_put,MA,2025-06-27,2,"[[""2025-06-27"", ""2025-07-29""], [""2025-05-23"", ""2025-06-25""], [""2025-04-04"", ""2025-05-06""]]"
annual_meeting_results,cash_secured_put,NVDA,2025-07-02,1,"[[""2025-07-02"", ""2025-08-01""], [""2025-09-24"", ""2025-10-23""]]"
annual_meeting_results,cash_secured_put,TSLA,2025-11-10,2,"[[""2025-11-10"", ""2025-12-10""], [""2025-12-08"", ""2026-01-08""], [""2025-12-15"", ""2026-01-15""]]"
debt_issuance,long_call,LLY,2024-02-12,2,"[[""2024-02-12"", ""2024-03-13""], [""2024-03-11"", ""2024-04-10""], [""2024-03-18"", ""2024-04-17""]]"
debt_issuance,long_call,PEP,2024-02-20,1,"[[""2024-02-20"", ""2024-03-20""], [""2024-03-19"", ""2024-04-18""]]"
debt_issuance,long_call,CVS,2024-05-10,1,"[[""2024-05-10"", ""2024-06-11""], [""2024-04-05"", ""2024-05-06""]]"
debt_issuance,long_call,UPS,2024-05-29,1,"[[""2024-05-29"", ""2024-06-28""], [""2024-04-03"", ""2024-05-02""]]"
debt_issuance,long_call,NEE,2024-07-02,2,"[[""2024-07-02"", ""2024-08-01""], [""2024-09-03"", ""2024-10-02""], [""2024-09-24"", ""2024-10-23""]]"
debt_issuance,long_call,NFLX,2024-08-02,3,"[[""2024-08-02"", ""2024-09-03""], [""2024-09-06"", ""2024-10-07""], [""2024-09-20"", ""2024-10-21""], [""2024-09-27"", ""2024-10-28""]]"
debt_issuance,long_call,META,2024-08-12,1,"[[""2024-08-12"", ""2024-09-11""], [""2024-07-08"", ""2024-08-06""]]"
debt_issuance,long_call,KO,2024-08-12,1,"[[""2024-08-12"", ""2024-09-11""], [""2024-09-16"", ""2024-10-15""]]"
debt_issuance,long_call,TGT,2024-09-09,2,"[[""2024-09-09"", ""2024-10-08""], [""2024-07-22"", ""2024-08-20""], [""2024-07-15"", ""2024-08-13""]]"
debt_issuance,long_call,CMCSA,2024-09-27,2,"[[""2024-09-27"", ""2024-10-28""], [""2024-08-09"", ""2024-09-10""], [""2024-07-26"", ""2024-08-26""]]"
debt_issuance,long_call,AVGO,2024-10-03,1,"[[""2024-10-03"", ""2024-11-01""], [""2024-11-07"", ""2024-12-09""]]"
debt_issuance,long_call,XOM,2024-10-09,1,"[[""2024-10-09"", ""2024-11-07""], [""2024-12-11"", ""2025-01-14""]]"
debt_issuance,long_call,COP,2024-12-06,1,"[[""2024-12-06"", ""2025-01-08""], [""2024-10-04"", ""2024-11-04""]]"
debt_issuance,long_call,LMT,2024-12-12,2,"[[""2024-12-12"", ""2025-01-15""], [""2024-10-10"", ""2024-11-08""], [""2024-10-03"", ""2024-11-01""]]"
debt_issuance,long_call,ADBE,2025-01-21,2,"[[""2025-01-21"", ""2025-02-20""], [""2025-03-04"", ""2025-04-02""], [""2025-03-18"", ""2025-04-16""]]"
debt_issuance,long_call,WFC,2025-01-27,1,"[[""2025-01-27"", ""2025-02-26""], [""2025-03-03"", ""2025-04-01""]]"
debt_issuance,long_call,PEP,2025-02-10,2,"[[""2025-02-10"", ""2025-03-12""], [""2025-03-10"", ""2025-04-08""], [""2025-03-17"", ""2025-04-15""]]"
debt_issuance,long_call,LLY,2025-02-13,1,"[[""2025-02-13"", ""2025-03-17""], [""2025-03-20"", ""2025-04-21""]]"
debt_issuance,long_call,MA,2025-02-28,1,"[[""2025-02-28"", ""2025-03-31""], [""2025-01-03"", ""2025-02-05""]]"
debt_issuance,long_call,TGT,2025-03-26,1,"[[""2025-03-26"", ""2025-04-25""], [""2025-02-19"", ""2025-03-20""]]"
debt_issuance,long_call,GS,2025-04-24,2,"[[""2025-04-24"", ""2025-05-23""], [""2025-05-29"", ""2025-06-30""], [""2025-06-05"", ""2025-07-08""]]"
debt_issuance,long_call,AAPL,2025-05-13,1,"[[""2025-05-13"", ""2025-06-12""], [""2025-04-08"", ""2025-05-08""]]"
debt_issuance,long_call,V,2025-05-16,1,"[[""2025-05-16"", ""2025-06-17""], [""2025-06-20"", ""2025-07-22""]]"
debt_issuance,long_call,PFE,2025-05-20,1,"[[""2025-05-20"", ""2025-06-20""], [""2025-06-24"", ""2025-07-24""]]"
debt_issuance,long_call,SO,2025-05-22,1,"[[""2025-05-22"", ""2025-06-24""], [""2025-04-10"", ""2025-05-12""]]"
debt_issuance,long_call,TXN,2025-05-27,2,"[[""2025-05-27"", ""2025-06-26""], [""2025-06-24"", ""2025-07-24""], [""2025-04-01"", ""2025-05-01""]]"
debt_issuance,long_call,GE,2025-07-25,1,"[[""2025-07-25"", ""2025-08-25""], [""2025-08-29"", ""2025-09-30""]]"
debt_issuance,long_call,LLY,2025-08-21,1,"[[""2025-08-21"", ""2025-09-22""], [""2025-09-25"", ""2025-10-24""]]"
debt_issuance,long_call,MCD,2025-08-28,1,"[[""2025-08-28"", ""2025-09-29""], [""2025-07-24"", ""2025-08-22""]]"
debt_issuance,long_call,HD,2025-09-11,3,"[[""2025-09-11"", ""2025-10-10""], [""2025-07-24"", ""2025-08-22""], [""2025-07-17"", ""2025-08-15""], [""2025-07-10"", ""2025-08-08""]]"
debt_issuance,long_call,HD,2025-09-16,3,"[[""2025-09-16"", ""2025-10-15""], [""2025-07-29"", ""2025-08-27""], [""2025-07-22"", ""2025-08-20""], [""2025-07-15"", ""2025-08-13""]]"
debt_issuance,long_call,ORCL,2025-09-29,1,"[[""2025-09-29"", ""2025-10-28""], [""2025-08-04"", ""2025-09-03""]]"
debt_issuance,long_call,LOW,2025-10-01,2,"[[""2025-10-01"", ""2025-10-30""], [""2025-11-26"", ""2025-12-29""], [""2025-12-03"", ""2026-01-05""]]"
debt_issuance,long_call,GS,2025-10-22,1,"[[""2025-10-22"", ""2025-11-20""], [""2025-11-26"", ""2025-12-29""]]"
debt_issuance,long_call,GOOGL,2025-11-07,1,"[[""2025-11-07"", ""2025-12-09""], [""2025-12-26"", ""2026-01-28""]]"
debt_issuance,long_call,AMZN,2025-11-21,2,"[[""2025-11-21"", ""2025-12-23""], [""2025-12-26"", ""2026-01-28""], [""2025-10-17"", ""2025-11-17""]]"
debt_issuance,covered_call,LLY,2024-02-12,2,"[[""2024-02-12"", ""2024-03-13""], [""2024-03-11"", ""2024-04-10""], [""2024-03-18"", ""2024-04-17""]]"
debt_issuance,covered_call,PEP,2024-02-20,1,"[[""2024-02-20"", ""2024-03-20""], [""2024-03-19"", ""2024-04-18""]]"
debt_issuance,covered_call,UPS,2024-05-29,1,"[[""2024-05-29"", ""2024-06-28""], [""2024-04-03"", ""2024-05-02""]]"
debt_issuance,covered_call,NEE,2024-07-02,1,"[[""2024-07-02"", ""2024-08-01""], [""2024-09-03"", ""2024-10-02""]]"
debt_issuance,covered_call,NFLX,2024-08-02,3,"[[""2024-08-02"", ""2024-09-03""], [""2024-09-06"", ""2024-10-07""], [""2024-09-20"", ""2024-10-21""], [""2024-09-27"", ""2024-10-28""]]"
debt_issuance,covered_call,META,2024-08-12,1,"[[""2024-08-12"", ""2024-09-11""], [""2024-07-08"", ""2024-08-06""]]"
debt_issuance,covered_call,TGT,2024-09-09,2,"[[""2024-09-09"", ""2024-10-08""], [""2024-07-22"", ""2024-08-20""], [""2024-07-15"", ""2024-08-13""]]"
debt_issuance,covered_call,CMCSA,2024-09-27,2,"[[""2024-09-27"", ""2024-10-28""], [""2024-08-02"", ""2024-09-03""], [""2024-07-26"", ""2024-08-26""]]"
debt_issuance,covered_call,AVGO,2024-10-03,1,"[[""2024-10-03"", ""2024-11-01""], [""2024-11-07"", ""2024-12-09""]]"
debt_issuance,covered_call,XOM,2024-10-09,1,"[[""2024-10-09"", ""2024-11-07""], [""2024-12-11"", ""2025-01-14""]]"
debt_issuance,covered_call,COP,2024-12-06,1,"[[""2024-12-06"", ""2025-01-08""], [""2024-10-04"", ""2024-11-04""]]"
debt_issuance,covered_call,LMT,2024-12-12,1,"[[""2024-12-12"", ""2025-01-15""], [""2024-10-03"", ""2024-11-01""]]"
debt_issuance,covered_call,ADBE,2025-01-21,2,"[[""2025-01-21"", ""2025-02-20""], [""2025-03-04"", ""2025-04-02""], [""2025-03-18"", ""2025-04-16""]]"
debt_issuance,covered_call,WFC,2025-01-27,1,"[[""2025-01-27"", ""2025-02-26""], [""2025-03-03"", ""2025-04-01""]]"
debt_issuance,covered_call,PEP,2025-02-10,2,"[[""2025-02-10"", ""2025-03-12""], [""2025-03-10"", ""2025-04-08""], [""2025-03-17"", ""2025-04-15""]]"
debt_issuance,covered_call,LLY,2025-02-13,1,"[[""2025-02-13"", ""2025-03-17""], [""2025-03-20"", ""2025-04-21""]]"
debt_issuance,covered_call,MA,2025-02-28,1,"[[""2025-02-28"", ""2025-03-31""], [""2025-01-03"", ""2025-02-05""]]"
debt_issuance,covered_call,TGT,2025-03-26,1,"[[""2025-03-26"", ""2025-04-25""], [""2025-02-19"", ""2025-03-20""]]"
debt_issuance,covered_call,GS,2025-04-24,2,"[[""2025-04-24"", ""2025-05-23""], [""2025-05-29"", ""2025-06-30""], [""2025-06-05"", ""2025-07-08""]]"
debt_issuance,covered_call,AAPL,2025-05-13,1,"[[""2025-05-13"", ""2025-06-12""], [""2025-04-08"", ""2025-05-08""]]"
debt_issuance,covered_call,V,2025-05-16,1,"[[""2025-05-16"", ""2025-06-17""], [""2025-06-20"", ""2025-07-22""]]"
debt_issuance,covered_call,PFE,2025-05-20,1,"[[""2025-05-20"", ""2025-06-20""], [""2025-06-24"", ""2025-07-24""]]"
debt_issuance,covered_call,TXN,2025-05-27,2,"[[""2025-05-27"", ""2025-06-26""], [""2025-06-24"", ""2025-07-24""], [""2025-04-01"", ""2025-05-01""]]"
debt_issuance,covered_call,GE,2025-07-25,1,"[[""2025-07-25"", ""2025-08-25""], [""2025-08-29"", ""2025-09-30""]]"
debt_issuance,covered_call,CVS,2025-08-18,1,"[[""2025-08-18"", ""2025-09-17""], [""2025-07-14"", ""2025-08-12""]]"
debt_issuance,covered_call,LLY,2025-08-21,1,"[[""2025-08-21"", ""2025-09-22""], [""2025-09-25"", ""2025-10-24""]]"
debt_issuance,covered_call,MCD,2025-08-28,1,"[[""2025-08-28"", ""2025-09-29""], [""2025-07-24"", ""2025-08-22""]]"
debt_issuance,covered_call,HD,2025-09-11,3,"[[""2025-09-11"", ""2025-10-10""], [""2025-07-24"", ""2025-08-22""], [""2025-07-17"", ""2025-08-15""], [""2025-07-10"", ""2025-08-08""]]"
debt_issuance,covered_call,HD,2025-09-16,3,"[[""2025-09-16"", ""2025-10-15""], [""2025-07-29"", ""2025-08-27""], [""2025-07-22"", ""2025-08-20""], [""2025-07-15"", ""2025-08-13""]]"
debt_issuance,covered_call,ORCL,2025-09-29,1,"[[""2025-09-29"", ""2025-10-28""], [""2025-08-04"", ""2025-09-03""]]"
debt_issuance,covered_call,LOW,2025-10-01,2,"[[""2025-10-01"", ""2025-10-30""], [""2025-11-26"", ""2025-12-29""], [""2025-12-03"", ""2026-01-05""]]"
debt_issuance,covered_call,GS,2025-10-22,1,"[[""2025-10-22"", ""2025-11-20""], [""2025-11-26"", ""2025-12-29""]]"
debt_issuance,covered_call,GOOGL,2025-11-07,1,"[[""2025-11-07"", ""2025-12-09""], [""2025-12-26"", ""2026-01-28""]]"
debt_issuance,covered_call,SO,2025-11-07,2,"[[""2025-11-07"", ""2025-12-09""], [""2025-12-12"", ""2026-01-14""], [""2025-10-03"", ""2025-11-03""]]"
debt_issuance,covered_call,AMZN,2025-11-21,2,"[[""2025-11-21"", ""2025-12-23""], [""2025-12-26"", ""2026-01-28""], [""2025-10-17"", ""2025-11-17""]]"
debt_issuance,protective_put,LLY,2024-02-12,2,"[[""2024-02-12"", ""2024-03-13""], [""2024-03-11"", ""2024-04-10""], [""2024-03-18"", ""2024-04-17""]]"
debt_issuance,protective_put,PEP,2024-02-20,1,"[[""2024-02-20"", ""2024-03-20""], [""2024-03-19"", ""2024-04-18""]]"
debt_issuance,protective_put,CVS,2024-05-10,1,"[[""2024-05-10"", ""2024-06-11""], [""2024-04-05"", ""2024-05-06""]]"
debt_issuance,protective_put,UPS,2024-05-29,1,"[[""2024-05-29"", ""2024-06-28""], [""2024-04-03"", ""2024-05-02""]]"
debt_issuance,protective_put,NEE,2024-07-02,2,"[[""2024-07-02"", ""2024-08-01""], [""2024-09-03"", ""2024-10-02""], [""2024-09-24"", ""2024-10-23""]]"
debt_issuance,protective_put,NFLX,2024-08-02,3,"[[""2024-08-02"", ""2024-09-03""], [""2024-09-06"", ""2024-10-07""], [""2024-09-20"", ""2024-10-21""], [""2024-09-27"", ""2024-10-28""]]"
debt_issuance,protective_put,META,2024-08-12,1,"[[""2024-08-12"", ""2024-09-11""], [""2024-07-08"", ""2024-08-06""]]"
debt_issuance,protective_put,KO,2024-08-12,1,"[[""2024-08-12"", ""2024-09-11""], [""2024-09-16"", ""2024-10-15""]]"
debt_issuance,protective_put,TGT,2024-09-09,2,"[[""2024-09-09"", ""2024-10-08""], [""2024-07-22"", ""2024-08-20""], [""2024-07-15"", ""2024-08-13""]]"
debt_issuance,protective_put,SO,2024-09-10,3,"[[""2024-09-10"", ""2024-10-09""], [""2024-07-23"", ""2024-08-21""], [""2024-07-16"", ""2024-08-14""], [""2024-07-09"", ""2024-08-07""]]"
debt_issuance,protective_put,AVGO,2024-10-03,1,"[[""2024-10-03"", ""2024-11-01""], [""2024-11-07"", ""2024-12-09""]]"
debt_issuance,protective_put,XOM,2024-10-09,1,"[[""2024-10-09"", ""2024-11-07""], [""2024-12-11"", ""2025-01-14""]]"
debt_issuance,protective_put,COP,2024-12-06,1,"[[""2024-12-06"", ""2025-01-08""], [""2024-10-04"", ""2024-11-04""]]"
debt_issuance,protective_put,LMT,2024-12-12,2,"[[""2024-12-12"", ""2025-01-15""], [""2024-10-10"", ""2024-11-08""], [""2024-10-03"", ""2024-11-01""]]"
debt_issuance,protective_put,COP,2024-12-31,1,"[[""2024-12-31"", ""2025-02-03""], [""2024-10-15"", ""2024-11-13""]]"
debt_issuance,protective_put,WFC,2025-01-27,1,"[[""2025-01-27"", ""2025-02-26""], [""2025-03-03"", ""2025-04-01""]]"
debt_issuance,protective_put,MA,2025-02-28,1,"[[""2025-02-28"", ""2025-03-31""], [""2025-01-03"", ""2025-02-05""]]"
debt_issuance,protective_put,TGT,2025-03-26,1,"[[""2025-03-26"", ""2025-04-25""], [""2025-02-19"", ""2025-03-20""]]"
debt_issuance,protective_put,XOM,2025-04-02,2,"[[""2025-04-02"", ""2025-05-02""], [""2025-06-04"", ""2025-07-07""], [""2025-06-25"", ""2025-07-25""]]"
debt_issuance,protective_put,GS,2025-04-24,2,"[[""2025-04-24"", ""2025-05-23""], [""2025-05-29"", ""2025-06-30""], [""2025-06-05"", ""2025-07-08""]]"
debt_issuance,protective_put,AAPL,2025-05-13,1,"[[""2025-05-13"", ""2025-06-12""], [""2025-04-08"", ""2025-05-08""]]"
debt_issuance,protective_put,V,2025-05-16,1,"[[""2025-05-16"", ""2025-06-17""], [""2025-06-20"", ""2025-07-22""]]"
debt_issuance,protective_put,SO,2025-05-22,1,"[[""2025-05-22"", ""2025-06-24""], [""2025-04-10"", ""2025-05-12""]]"
debt_issuance,protective_put,TXN,2025-05-27,2,"[[""2025-05-27"", ""2025-06-26""], [""2025-06-24"", ""2025-07-24""], [""2025-04-01"", ""2025-05-01""]]"
debt_issuance,protective_put,GE,2025-07-25,1,"[[""2025-07-25"", ""2025-08-25""], [""2025-08-29"", ""2025-09-30""]]"
debt_issuance,protective_put,CVS,2025-08-18,1,"[[""2025-08-18"", ""2025-09-17""], [""2025-07-14"", ""2025-08-12""]]"
debt_issuance,protective_put,LLY,2025-08-21,1,"[[""2025-08-21"", ""2025-09-22""], [""2025-09-25"", ""2025-10-24""]]"
debt_issuance,protective_put,MCD,2025-08-28,1,"[[""2025-08-28"", ""2025-09-29""], [""2025-07-24"", ""2025-08-22""]]"
debt_issuance,protective_put,HD,2025-09-11,3,"[[""2025-09-11"", ""2025-10-10""], [""2025-07-24"", ""2025-08-22""], [""2025-07-17"", ""2025-08-15""], [""2025-07-10"", ""2025-08-08""]]"
debt_issuance,protective_put,HD,2025-09-16,2,"[[""2025-09-16"", ""2025-10-15""], [""2025-07-29"", ""2025-08-27""], [""2025-07-15"", ""2025-08-13""]]"
debt_issuance,protective_put,ORCL,2025-09-29,1,"[[""2025-09-29"", ""2025-10-28""], [""2025-08-04"", ""2025-09-03""]]"
debt_issuance,protective_put,LOW,2025-10-01,2,"[[""2025-10-01"", ""2025-10-30""], [""2025-11-26"", ""2025-12-29""], [""2025-12-03"", ""2026-01-05""]]"
debt_issuance,protective_put,GS,2025-10-22,1,"[[""2025-10-22"", ""2025-11-20""], [""2025-11-26"", ""2025-12-29""]]"
debt_issuance,protective_put,GOOGL,2025-11-07,1,"[[""2025-11-07"", ""2025-12-09""], [""2025-12-26"", ""2026-01-28""]]"
debt_issuance,protective_put,AMZN,2025-11-21,2,"[[""2025-11-21"", ""2025-12-23""], [""2025-12-26"", ""2026-01-28""], [""2025-10-17"", ""2025-11-17""]]"
debt_issuance,collar,LLY,2024-02-12,2,"[[""2024-02-12"", ""2024-03-13""], [""2024-03-11"", ""2024-04-10""], [""2024-03-18"", ""2024-04-17""]]"
debt_issuance,collar,PEP,2024-02-20,1,"[[""2024-02-20"", ""2024-03-20""], [""2024-03-19"", ""2024-04-18""]]"
debt_issuance,collar,UPS,2024-05-29,1,"[[""2024-05-29"", ""2024-06-28""], [""2024-04-03"", ""2024-05-02""]]"
debt_issuance,collar,NEE,2024-07-02,1,"[[""2024-07-02"", ""2024-08-01""], [""2024-09-03"", ""2024-10-02""]]"
debt_issuance,collar,NFLX,2024-08-02,3,"[[""2024-08-02"", ""2024-09-03""], [""2024-09-06"", ""2024-10-07""], [""2024-09-20"", ""2024-10-21""], [""2024-09-27"", ""2024-10-28""]]"
debt_issuance,collar,META,2024-08-12,1,"[[""2024-08-12"", ""2024-09-11""], [""2024-07-08"", ""2024-08-06""]]"
debt_issuance,collar,TGT,2024-09-09,2,"[[""2024-09-09"", ""2024-10-08""], [""2024-07-22"", ""2024-08-20""], [""2024-07-15"", ""2024-08-13""]]"
debt_issuance,collar,AVGO,2024-10-03,1,"[[""2024-10-03"", ""2024-11-01""], [""2024-11-07"", ""2024-12-09""]]"
debt_issuance,collar,XOM,2024-10-09,1,"[[""2024-10-09"", ""2024-11-07""], [""2024-12-11"", ""2025-01-14""]]"
debt_issuance,collar,COP,2024-12-06,1,"[[""2024-12-06"", ""2025-01-08""], [""2024-10-04"", ""2024-11-04""]]"
debt_issuance,collar,LMT,2024-12-12,1,"[[""2024-12-12"", ""2025-01-15""], [""2024-10-03"", ""2024-11-01""]]"
debt_issuance,collar,WFC,2025-01-27,1,"[[""2025-01-27"", ""2025-02-26""], [""2025-03-03"", ""2025-04-01""]]"
debt_issuance,collar,MA,2025-02-28,1,"[[""2025-02-28"", ""2025-03-31""], [""2025-01-03"", ""2025-02-05""]]"
debt_issuance,collar,TGT,2025-03-26,1,"[[""2025-03-26"", ""2025-04-25""], [""2025-02-19"", ""2025-03-20""]]"
debt_issuance,collar,GS,2025-04-24,2,"[[""2025-04-24"", ""2025-05-23""], [""2025-05-29"", ""2025-06-30""], [""2025-06-05"", ""2025-07-08""]]"
debt_issuance,collar,AAPL,2025-05-13,1,"[[""2025-05-13"", ""2025-06-12""], [""2025-04-08"", ""2025-05-08""]]"
debt_issuance,collar,V,2025-05-16,1,"[[""2025-05-16"", ""2025-06-17""], [""2025-06-20"", ""2025-07-22""]]"
debt_issuance,collar,TXN,2025-05-27,2,"[[""2025-05-27"", ""2025-06-26""], [""2025-06-24"", ""2025-07-24""], [""2025-04-01"", ""2025-05-01""]]"
debt_issuance,collar,GE,2025-07-25,1,"[[""2025-07-25"", ""2025-08-25""], [""2025-08-29"", ""2025-09-30""]]"
debt_issuance,collar,CVS,2025-08-18,1,"[[""2025-08-18"", ""2025-09-17""], [""2025-07-14"", ""2025-08-12""]]"
debt_issuance,collar,LLY,2025-08-21,1,"[[""2025-08-21"", ""2025-09-22""], [""2025-09-25"", ""2025-10-24""]]"
debt_issuance,collar,MCD,2025-08-28,1,"[[""2025-08-28"", ""2025-09-29""], [""2025-07-24"", ""2025-08-22""]]"
debt_issuance,collar,HD,2025-09-11,3,"[[""2025-09-11"", ""2025-10-10""], [""2025-07-24"", ""2025-08-22""], [""2025-07-17"", ""2025-08-15""], [""2025-07-10"", ""2025-08-08""]]"
debt_issuance,collar,HD,2025-09-16,2,"[[""2025-09-16"", ""2025-10-15""], [""2025-07-29"", ""2025-08-27""], [""2025-07-15"", ""2025-08-13""]]"
debt_issuance,collar,ORCL,2025-09-29,1,"[[""2025-09-29"", ""2025-10-28""], [""2025-08-04"", ""2025-09-03""]]"
debt_issuance,collar,LOW,2025-10-01,2,"[[""2025-10-01"", ""2025-10-30""], [""2025-11-26"", ""2025-12-29""], [""2025-12-03"", ""2026-01-05""]]"
debt_issuance,collar,GS,2025-10-22,1,"[[""2025-10-22"", ""2025-11-20""], [""2025-11-26"", ""2025-12-29""]]"
debt_issuance,collar,GOOGL,2025-11-07,1,"[[""2025-11-07"", ""2025-12-09""], [""2025-12-26"", ""2026-01-28""]]"
debt_issuance,collar,AMZN,2025-11-21,2,"[[""2025-11-21"", ""2025-12-23""], [""2025-12-26"", ""2026-01-28""], [""2025-10-17"", ""2025-11-17""]]"
debt_issuance,cash_secured_put,LLY,2024-02-12,2,"[[""2024-02-12"", ""2024-03-13""], [""2024-03-11"", ""2024-04-10""], [""2024-03-18"", ""2024-04-17""]]"
debt_issuance,cash_secured_put,PEP,2024-02-20,1,"[[""2024-02-20"", ""2024-03-20""], [""2024-03-19"", ""2024-04-18""]]"
debt_issuance,cash_secured_put,CVS,2024-05-10,1,"[[""2024-05-10"", ""2024-06-11""], [""2024-04-05"", ""2024-05-06""]]"
debt_issuance,cash_secured_put,UPS,2024-05-29,1,"[[""2024-05-29"", ""2024-06-28""], [""2024-04-03"", ""2024-05-02""]]"
debt_issuance,cash_secured_put,NEE,2024-07-02,2,"[[""2024-07-02"", ""2024-08-01""], [""2024-09-03"", ""2024-10-02""], [""2024-09-24"", ""2024-10-23""]]"
debt_issuance,cash_secured_put,NFLX,2024-08-02,3,"[[""2024-08-02"", ""2024-09-03""], [""2024-09-06"", ""2024-10-07""], [""2024-09-20"", ""2024-10-21""], [""2024-09-27"", ""2024-10-28""]]"
debt_issuance,cash_secured_put,META,2024-08-12,1,"[[""2024-08-12"", ""2024-09-11""], [""2024-07-08"", ""2024-08-06""]]"
debt_issuance,cash_secured_put,KO,2024-08-12,1,"[[""2024-08-12"", ""2024-09-11""], [""2024-09-16"", ""2024-10-15""]]"
debt_issuance,cash_secured_put,TGT,2024-09-09,2,"[[""2024-09-09"", ""2024-10-08""], [""2024-07-22"", ""2024-08-20""], [""2024-07-15"", ""2024-08-13""]]"
debt_issuance,cash_secured_put,SO,2024-09-10,3,"[[""2024-09-10"", ""2024-10-09""], [""2024-07-23"", ""2024-08-21""], [""2024-07-16"", ""2024-08-14""], [""2024-07-09"", ""2024-08-07""]]"
debt_issuance,cash_secured_put,AVGO,2024-10-03,1,"[[""2024-10-03"", ""2024-11-01""], [""2024-11-07"", ""2024-12-09""]]"
debt_issuance,cash_secured_put,XOM,2024-10-09,1,"[[""2024-10-09"", ""2024-11-07""], [""2024-12-11"", ""2025-01-14""]]"
debt_issuance,cash_secured_put,COP,2024-12-06,1,"[[""2024-12-06"", ""2025-01-08""], [""2024-10-04"", ""2024-11-04""]]"
debt_issuance,cash_secured_put,LMT,2024-12-12,2,"[[""2024-12-12"", ""2025-01-15""], [""2024-10-10"", ""2024-11-08""], [""2024-10-03"", ""2024-11-01""]]"
debt_issuance,cash_secured_put,COP,2024-12-31,1,"[[""2024-12-31"", ""2025-02-03""], [""2024-10-15"", ""2024-11-13""]]"
debt_issuance,cash_secured_put,WFC,2025-01-27,1,"[[""2025-01-27"", ""2025-02-26""], [""2025-03-03"", ""2025-04-01""]]"
debt_issuance,cash_secured_put,MA,2025-02-28,1,"[[""2025-02-28"", ""2025-03-31""], [""2025-01-03"", ""2025-02-05""]]"
debt_issuance,cash_secured_put,TGT,2025-03-26,1,"[[""2025-03-26"", ""2025-04-25""], [""2025-02-19"", ""2025-03-20""]]"
debt_issuance,cash_secured_put,XOM,2025-04-02,2,"[[""2025-04-02"", ""2025-05-02""], [""2025-06-04"", ""2025-07-07""], [""2025-06-25"", ""2025-07-25""]]"
debt_issuance,cash_secured_put,GS,2025-04-24,2,"[[""2025-04-24"", ""2025-05-23""], [""2025-05-29"", ""2025-06-30""], [""2025-06-05"", ""2025-07-08""]]"
debt_issuance,cash_secured_put,AAPL,2025-05-13,1,"[[""2025-05-13"", ""2025-06-12""], [""2025-04-08"", ""2025-05-08""]]"
debt_issuance,cash_secured_put,V,2025-05-16,1,"[[""2025-05-16"", ""2025-06-17""], [""2025-06-20"", ""2025-07-22""]]"
debt_issuance,cash_secured_put,SO,2025-05-22,1,"[[""2025-05-22"", ""2025-06-24""], [""2025-04-10"", ""2025-05-12""]]"
debt_issuance,cash_secured_put,TXN,2025-05-27,2,"[[""2025-05-27"", ""2025-06-26""], [""2025-06-24"", ""2025-07-24""], [""2025-04-01"", ""2025-05-01""]]"
debt_issuance,cash_secured_put,GE,2025-07-25,1,"[[""2025-07-25"", ""2025-08-25""], [""2025-08-29"", ""2025-09-30""]]"
debt_issuance,cash_secured_put,CVS,2025-08-18,1,"[[""2025-08-18"", ""2025-09-17""], [""2025-07-14"", ""2025-08-12""]]"
debt_issuance,cash_secured_put,LLY,2025-08-21,1,"[[""2025-08-21"", ""2025-09-22""], [""2025-09-25"", ""2025-10-24""]]"
debt_issuance,cash_secured_put,MCD,2025-08-28,1,"[[""2025-08-28"", ""2025-09-29""], [""2025-07-24"", ""2025-08-22""]]"
debt_issuance,cash_secured_put,HD,2025-09-11,3,"[[""2025-09-11"", ""2025-10-10""], [""2025-07-24"", ""2025-08-22""], [""2025-07-17"", ""2025-08-15""], [""2025-07-10"", ""2025-08-08""]]"
debt_issuance,cash_secured_put,HD,2025-09-16,2,"[[""2025-09-16"", ""2025-10-15""], [""2025-07-29"", ""2025-08-27""], [""2025-07-15"", ""2025-08-13""]]"
debt_issuance,cash_secured_put,ORCL,2025-09-29,1,"[[""2025-09-29"", ""2025-10-28""], [""2025-08-04"", ""2025-09-03""]]"
debt_issuance,cash_secured_put,LOW,2025-10-01,2,"[[""2025-10-01"", ""2025-10-30""], [""2025-11-26"", ""2025-12-29""], [""2025-12-03"", ""2026-01-05""]]"
debt_issuance,cash_secured_put,GS,2025-10-22,1,"[[""2025-10-22"", ""2025-11-20""], [""2025-11-26"", ""2025-12-29""]]"
debt_issuance,cash_secured_put,GOOGL,2025-11-07,1,"[[""2025-11-07"", ""2025-12-09""], [""2025-12-26"", ""2026-01-28""]]"
debt_issuance,cash_secured_put,AMZN,2025-11-21,2,"[[""2025-11-21"", ""2025-12-23""], [""2025-12-26"", ""2026-01-28""], [""2025-10-17"", ""2025-11-17""]]"
director_appointment,long_call,META,2024-02-15,1,"[[""2024-02-15"", ""2024-03-18""], [""2024-03-21"", ""2024-04-22""]]"
director_appointment,long_call,CVS,2024-05-23,1,"[[""2024-05-23"", ""2024-06-25""], [""2024-06-27"", ""2024-07-29""]]"
director_appointment,long_call,AMGN,2024-06-04,2,"[[""2024-06-04"", ""2024-07-05""], [""2024-04-30"", ""2024-05-30""], [""2024-04-02"", ""2024-05-01""]]"
director_appointment,long_call,PYPL,2024-07-01,3,"[[""2024-07-01"", ""2024-07-31""], [""2024-08-26"", ""2024-09-25""], [""2024-09-23"", ""2024-10-22""], [""2024-09-30"", ""2024-10-29""]]"
director_appointment,long_call,PFE,2024-07-02,2,"[[""2024-07-02"", ""2024-08-01""], [""2024-08-27"", ""2024-09-26""], [""2024-09-03"", ""2024-10-02""]]"
director_appointment,long_call,NEE,2024-07-11,2,"[[""2024-07-11"", ""2024-08-09""], [""2024-09-05"", ""2024-10-04""], [""2024-09-26"", ""2024-10-25""]]"
director_appointment,long_call,NKE,2024-09-20,3,"[[""2024-09-20"", ""2024-10-21""], [""2024-08-16"", ""2024-09-17""], [""2024-08-02"", ""2024-09-03""], [""2024-07-19"", ""2024-08-19""]]"
director_appointment,long_call,CAT,2024-10-14,3,"[[""2024-10-14"", ""2024-11-12""], [""2024-11-11"", ""2024-12-11""], [""2024-11-18"", ""2024-12-18""], [""2024-12-30"", ""2025-01-31""]]"
director_appointment,long_call,NVDA,2024-11-08,2,"[[""2024-11-08"", ""2024-12-10""], [""2024-10-04"", ""2024-11-04""], [""2024-12-27"", ""2025-01-30""]]"
director_appointment,long_call,LMT,2024-12-12,2,"[[""2024-12-12"", ""2025-01-15""], [""2024-10-10"", ""2024-11-08""], [""2024-10-03"", ""2024-11-01""]]"
director_appointment,long_call,UPS,2025-03-04,1,"[[""2025-03-04"", ""2025-04-02""], [""2025-01-07"", ""2025-02-07""]]"
director_appointment,long_call,TSLA,2025-05-19,3,"[[""2025-05-19"", ""2025-06-18""], [""2025-06-16"", ""2025-07-17""], [""2025-06-23"", ""2025-07-23""], [""2025-04-14"", ""2025-05-14""]]"
director_appointment,long_call,UBER,2025-06-05,1,"[[""2025-06-05"", ""2025-07-08""], [""2025-04-03"", ""2025-05-05""]]"
director_appointment,long_call,COP,2025-07-02,3,"[[""2025-07-02"", ""2025-08-01""], [""2025-08-06"", ""2025-09-05""], [""2025-08-13"", ""2025-09-12""], [""2025-09-24"", ""2025-10-23""]]"
director_appointment,long_call,T,2025-08-20,2,"[[""2025-08-20"", ""2025-09-19""], [""2025-07-16"", ""2025-08-14""], [""2025-07-09"", ""2025-08-07""]]"
director_appointment,long_call,TGT,2025-08-21,1,"[[""2025-08-21"", ""2025-09-22""], [""2025-07-17"", ""2025-08-15""]]"
director_appointment,long_call,BA,2025-12-04,2,"[[""2025-12-04"", ""2026-01-06""], [""2025-10-30"", ""2025-12-01""], [""2025-10-02"", ""2025-10-31""]]"
director_appointment,long_call,UNP,2025-12-15,1,"[[""2025-12-15"", ""2026-01-15""], [""2025-10-06"", ""2025-11-04""]]"
director_appointment,covered_call,META,2024-02-15,1,"[[""2024-02-15"", ""2024-03-18""], [""2024-03-21"", ""2024-04-22""]]"
director_appointment,covered_call,AMGN,2024-06-04,2,"[[""2024-06-04"", ""2024-07-05""], [""2024-04-30"", ""2024-05-30""], [""2024-04-02"", ""2024-05-01""]]"
director_appointment,covered_call,PYPL,2024-07-01,3,"[[""2024-07-01"", ""2024-07-31""], [""2024-08-26"", ""2024-09-25""], [""2024-09-23"", ""2024-10-22""], [""2024-09-30"", ""2024-10-29""]]"
director_appointment,covered_call,NEE,2024-07-11,2,"[[""2024-07-11"", ""2024-08-09""], [""2024-09-05"", ""2024-10-04""], [""2024-09-26"", ""2024-10-25""]]"
director_appointment,covered_call,NKE,2024-09-20,3,"[[""2024-09-20"", ""2024-10-21""], [""2024-08-16"", ""2024-09-17""], [""2024-08-02"", ""2024-09-03""], [""2024-07-26"", ""2024-08-26""]]"
director_appointment,covered_call,CAT,2024-10-14,2,"[[""2024-10-14"", ""2024-11-12""], [""2024-11-11"", ""2024-12-11""], [""2024-11-18"", ""2024-12-18""]]"
director_appointment,covered_call,NVDA,2024-11-08,2,"[[""2024-11-08"", ""2024-12-10""], [""2024-10-04"", ""2024-11-04""], [""2024-12-27"", ""2025-01-30""]]"
director_appointment,covered_call,LMT,2024-12-12,1,"[[""2024-12-12"", ""2025-01-15""], [""2024-10-03"", ""2024-11-01""]]"
director_appointment,covered_call,UPS,2025-03-04,1,"[[""2025-03-04"", ""2025-04-02""], [""2025-01-07"", ""2025-02-07""]]"
director_appointment,covered_call,TSLA,2025-05-19,3,"[[""2025-05-19"", ""2025-06-18""], [""2025-06-16"", ""2025-07-17""], [""2025-06-23"", ""2025-07-23""], [""2025-04-14"", ""2025-05-14""]]"
director_appointment,covered_call,UBER,2025-06-05,1,"[[""2025-06-05"", ""2025-07-08""], [""2025-04-03"", ""2025-05-05""]]"
director_appointment,covered_call,COP,2025-07-02,3,"[[""2025-07-02"", ""2025-08-01""], [""2025-08-06"", ""2025-09-05""], [""2025-08-13"", ""2025-09-12""], [""2025-09-24"", ""2025-10-23""]]"
director_appointment,covered_call,TGT,2025-08-21,1,"[[""2025-08-21"", ""2025-09-22""], [""2025-07-17"", ""2025-08-15""]]"
director_appointment,covered_call,BA,2025-12-04,2,"[[""2025-12-04"", ""2026-01-06""], [""2025-10-30"", ""2025-12-01""], [""2025-10-02"", ""2025-10-31""]]"
director_appointment,protective_put,META,2024-02-15,1,"[[""2024-02-15"", ""2024-03-18""], [""2024-03-21"", ""2024-04-22""]]"
director_appointment,protective_put,CVS,2024-05-23,1,"[[""2024-05-23"", ""2024-06-25""], [""2024-06-27"", ""2024-07-29""]]"
director_appointment,protective_put,AMGN,2024-06-04,3,"[[""2024-06-04"", ""2024-07-05""], [""2024-04-30"", ""2024-05-30""], [""2024-04-23"", ""2024-05-22""], [""2024-04-02"", ""2024-05-01""]]"
director_appointment,protective_put,PYPL,2024-07-01,2,"[[""2024-07-01"", ""2024-07-31""], [""2024-09-23"", ""2024-10-22""], [""2024-09-30"", ""2024-10-29""]]"
director_appointment,protective_put,NEE,2024-07-11,2,"[[""2024-07-11"", ""2024-08-09""], [""2024-09-05"", ""2024-10-04""], [""2024-09-26"", ""2024-10-25""]]"
director_appointment,protective_put,NKE,2024-09-20,3,"[[""2024-09-20"", ""2024-10-21""], [""2024-08-16"", ""2024-09-17""], [""2024-08-02"", ""2024-09-03""], [""2024-07-26"", ""2024-08-26""]]"
director_appointment,protective_put,CAT,2024-10-14,3,"[[""2024-10-14"", ""2024-11-12""], [""2024-11-11"", ""2024-12-11""], [""2024-11-18"", ""2024-12-18""], [""2024-12-30"", ""2025-01-31""]]"
director_appointment,protective_put,NVDA,2024-11-08,2,"[[""2024-11-08"", ""2024-12-10""], [""2024-10-04"", ""2024-11-04""], [""2024-12-27"", ""2025-01-30""]]"
director_appointment,protective_put,LMT,2024-12-12,2,"[[""2024-12-12"", ""2025-01-15""], [""2024-10-10"", ""2024-11-08""], [""2024-10-03"", ""2024-11-01""]]"
director_appointment,protective_put,UPS,2025-03-04,1,"[[""2025-03-04"", ""2025-04-02""], [""2025-01-07"", ""2025-02-07""]]"
director_appointment,protective_put,TSLA,2025-05-19,3,"[[""2025-05-19"", ""2025-06-18""], [""2025-06-16"", ""2025-07-17""], [""2025-06-23"", ""2025-07-23""], [""2025-04-14"", ""2025-05-14""]]"
director_appointment,protective_put,UBER,2025-06-05,1,"[[""2025-06-05"", ""2025-07-08""], [""2025-04-03"", ""2025-05-05""]]"
director_appointment,protective_put,COP,2025-07-02,3,"[[""2025-07-02"", ""2025-08-01""], [""2025-08-06"", ""2025-09-05""], [""2025-08-13"", ""2025-09-12""], [""2025-09-24"", ""2025-10-23""]]"
director_appointment,protective_put,T,2025-08-20,2,"[[""2025-08-20"", ""2025-09-19""], [""2025-07-16"", ""2025-08-14""], [""2025-07-09"", ""2025-08-07""]]"
director_appointment,protective_put,TGT,2025-08-21,1,"[[""2025-08-21"", ""2025-09-22""], [""2025-07-17"", ""2025-08-15""]]"
director_appointment,protective_put,BA,2025-12-04,2,"[[""2025-12-04"", ""2026-01-06""], [""2025-10-30"", ""2025-12-01""], [""2025-10-02"", ""2025-10-31""]]"
director_appointment,protective_put,UNP,2025-12-15,1,"[[""2025-12-15"", ""2026-01-15""], [""2025-10-06"", ""2025-11-04""]]"
director_appointment,collar,META,2024-02-15,1,"[[""2024-02-15"", ""2024-03-18""], [""2024-03-21"", ""2024-04-22""]]"
director_appointment,collar,AMGN,2024-06-04,2,"[[""2024-06-04"", ""2024-07-05""], [""2024-04-30"", ""2024-05-30""], [""2024-04-02"", ""2024-05-01""]]"
director_appointment,collar,PYPL,2024-07-01,2,"[[""2024-07-01"", ""2024-07-31""], [""2024-09-23"", ""2024-10-22""], [""2024-09-30"", ""2024-10-29""]]"
director_appointment,collar,NEE,2024-07-11,2,"[[""2024-07-11"", ""2024-08-09""], [""2024-09-05"", ""2024-10-04""], [""2024-09-26"", ""2024-10-25""]]"
director_appointment,collar,NKE,2024-09-20,3,"[[""2024-09-20"", ""2024-10-21""], [""2024-08-16"", ""2024-09-17""], [""2024-08-02"", ""2024-09-03""], [""2024-07-26"", ""2024-08-26""]]"
director_appointment,collar,CAT,2024-10-14,2,"[[""2024-10-14"", ""2024-11-12""], [""2024-11-11"", ""2024-12-11""], [""2024-11-18"", ""2024-12-18""]]"
director_appointment,collar,NVDA,2024-11-08,2,"[[""2024-11-08"", ""2024-12-10""], [""2024-10-04"", ""2024-11-04""], [""2024-12-27"", ""2025-01-30""]]"
director_appointment,collar,LMT,2024-12-12,1,"[[""2024-12-12"", ""2025-01-15""], [""2024-10-03"", ""2024-11-01""]]"
director_appointment,collar,UPS,2025-03-04,1,"[[""2025-03-04"", ""2025-04-02""], [""2025-01-07"", ""2025-02-07""]]"
director_appointment,collar,TSLA,2025-05-19,3,"[[""2025-05-19"", ""2025-06-18""], [""2025-06-16"", ""2025-07-17""], [""2025-06-23"", ""2025-07-23""], [""2025-04-14"", ""2025-05-14""]]"
director_appointment,collar,UBER,2025-06-05,1,"[[""2025-06-05"", ""2025-07-08""], [""2025-04-03"", ""2025-05-05""]]"
director_appointment,collar,COP,2025-07-02,3,"[[""2025-07-02"", ""2025-08-01""], [""2025-08-06"", ""2025-09-05""], [""2025-08-13"", ""2025-09-12""], [""2025-09-24"", ""2025-10-23""]]"
director_appointment,collar,TGT,2025-08-21,1,"[[""2025-08-21"", ""2025-09-22""], [""2025-07-17"", ""2025-08-15""]]"
director_appointment,collar,BA,2025-12-04,2,"[[""2025-12-04"", ""2026-01-06""], [""2025-10-30"", ""2025-12-01""], [""2025-10-02"", ""2025-10-31""]]"
director_appointment,cash_secured_put,META,2024-02-15,1,"[[""2024-02-15"", ""2024-03-18""], [""2024-03-21"", ""2024-04-22""]]"
director_appointment,cash_secured_put,CVS,2024-05-23,1,"[[""2024-05-23"", ""2024-06-25""], [""2024-06-27"", ""2024-07-29""]]"
director_appointment,cash_secured_put,AMGN,2024-06-04,3,"[[""2024-06-04"", ""2024-07-05""], [""2024-04-30"", ""2024-05-30""], [""2024-04-23"", ""2024-05-22""], [""2024-04-02"", ""2024-05-01""]]"
director_appointment,cash_secured_put,PYPL,2024-07-01,2,"[[""2024-07-01"", ""2024-07-31""], [""2024-09-23"", ""2024-10-22""], [""2024-09-30"", ""2024-10-29""]]"
director_appointment,cash_secured_put,NEE,2024-07-11,2,"[[""2024-07-11"", ""2024-08-09""], [""2024-09-05"", ""2024-10-04""], [""2024-09-26"", ""2024-10-25""]]"
director_appointment,cash_secured_put,NKE,2024-09-20,3,"[[""2024-09-20"", ""2024-10-21""], [""2024-08-16"", ""2024-09-17""], [""2024-08-02"", ""2024-09-03""], [""2024-07-26"", ""2024-08-26""]]"
director_appointment,cash_secured_put,CAT,2024-10-14,3,"[[""2024-10-14"", ""2024-11-12""], [""2024-11-11"", ""2024-12-11""], [""2024-11-18"", ""2024-12-18""], [""2024-12-30"", ""2025-01-31""]]"
director_appointment,cash_secured_put,NVDA,2024-11-08,2,"[[""2024-11-08"", ""2024-12-10""], [""2024-10-04"", ""2024-11-04""], [""2024-12-27"", ""2025-01-30""]]"
director_appointment,cash_secured_put,LMT,2024-12-12,2,"[[""2024-12-12"", ""2025-01-15""], [""2024-10-10"", ""2024-11-08""], [""2024-10-03"", ""2024-11-01""]]"
director_appointment,cash_secured_put,UPS,2025-03-04,1,"[[""2025-03-04"", ""2025-04-02""], [""2025-01-07"", ""2025-02-07""]]"
director_appointment,cash_secured_put,TSLA,2025-05-19,3,"[[""2025-05-19"", ""2025-06-18""], [""2025-06-16"", ""2025-07-17""], [""2025-06-23"", ""2025-07-23""], [""2025-04-14"", ""2025-05-14""]]"
director_appointment,cash_secured_put,UBER,2025-06-05,1,"[[""2025-06-05"", ""2025-07-08""], [""2025-04-03"", ""2025-05-05""]]"
director_appointment,cash_secured_put,COP,2025-07-02,3,"[[""2025-07-02"", ""2025-08-01""], [""2025-08-06"", ""2025-09-05""], [""2025-08-13"", ""2025-09-12""], [""2025-09-24"", ""2025-10-23""]]"
director_appointment,cash_secured_put,T,2025-08-20,2,"[[""2025-08-20"", ""2025-09-19""], [""2025-07-16"", ""2025-08-14""], [""2025-07-09"", ""2025-08-07""]]"
director_appointment,cash_secured_put,TGT,2025-08-21,1,"[[""2025-08-21"", ""2025-09-22""], [""2025-07-17"", ""2025-08-15""]]"
director_appointment,cash_secured_put,BA,2025-12-04,2,"[[""2025-12-04"", ""2026-01-06""], [""2025-10-30"", ""2025-12-01""], [""2025-10-02"", ""2025-10-31""]]"
director_appointment,cash_secured_put,UNP,2025-12-15,1,"[[""2025-12-15"", ""2026-01-15""], [""2025-10-06"", ""2025-11-04""]]"
director_departure,long_call,HD,2024-01-11,2,"[[""2024-01-11"", ""2024-02-12""], [""2024-02-15"", ""2024-03-18""], [""2024-02-22"", ""2024-03-22""]]"
director_departure,long_call,META,2024-01-19,1,"[[""2024-01-19"", ""2024-02-20""], [""2024-03-22"", ""2024-04-23""]]"
director_departure,long_call,AIG,2024-02-02,1,"[[""2024-02-02"", ""2024-03-05""], [""2024-03-08"", ""2024-04-09""]]"
director_departure,long_call,BA,2024-03-26,3,"[[""2024-03-26"", ""2024-04-25""], [""2024-02-20"", ""2024-03-20""], [""2024-01-30"", ""2024-02-29""], [""2024-01-23"", ""2024-02-22""]]"
director_departure,long_call,PG,2024-04-10,1,"[[""2024-04-10"", ""2024-05-09""], [""2024-06-05"", ""2024-07-08""]]"
director_departure,long_call,LMT,2024-05-28,1,"[[""2024-05-28"", ""2024-06-27""], [""2024-04-02"", ""2024-05-01""]]"
director_departure,long_call,DIS,2024-07-22,3,"[[""2024-07-22"", ""2024-08-20""], [""2024-08-19"", ""2024-09-18""], [""2024-08-26"", ""2024-09-25""], [""2024-09-09"", ""2024-10-08""]]"
director_departure,long_call,INTC,2024-08-23,2,"[[""2024-08-23"", ""2024-09-24""], [""2024-09-27"", ""2024-10-28""], [""2024-07-19"", ""2024-08-19""]]"
director_departure,long_call,NKE,2024-09-20,3,"[[""2024-09-20"", ""2024-10-21""], [""2024-08-16"", ""2024-09-17""], [""2024-08-02"", ""2024-09-03""], [""2024-07-19"", ""2024-08-19""]]"
director_departure,long_call,XOM,2024-10-21,3,"[[""2024-10-21"", ""2024-11-19""], [""2024-12-09"", ""2025-01-10""], [""2024-12-16"", ""2025-01-17""], [""2024-12-23"", ""2025-01-27""]]"
director_departure,long_call,RTX,2025-02-04,1,"[[""2025-02-04"", ""2025-03-06""], [""2025-03-25"", ""2025-04-24""]]"
director_departure,long_call,UBER,2025-02-10,2,"[[""2025-02-10"", ""2025-03-12""], [""2025-03-10"", ""2025-04-08""], [""2025-03-17"", ""2025-04-15""]]"
director_departure,long_call,CMCSA,2025-03-20,1,"[[""2025-03-20"", ""2025-04-21""], [""2025-02-13"", ""2025-03-17""]]"
director_departure,long_call,NVDA,2025-08-06,1,"[[""2025-08-06"", ""2025-09-05""], [""2025-09-24"", ""2025-10-23""]]"
director_departure,long_call,T,2025-08-20,2,"[[""2025-08-20"", ""2025-09-19""], [""2025-07-16"", ""2025-08-14""], [""2025-07-09"", ""2025-08-07""]]"
director_departure,long_call,GE,2025-10-02,2,"[[""2025-10-02"", ""2025-10-31""], [""2025-12-04"", ""2026-01-06""], [""2025-12-11"", ""2026-01-13""]]"
director_departure,long_call,TXN,2025-10-17,2,"[[""2025-10-17"", ""2025-11-17""], [""2025-11-21"", ""2025-12-23""], [""2025-12-19"", ""2026-01-22""]]"
director_departure,long_call,QCOM,2025-12-17,1,"[[""2025-12-17"", ""2026-01-20""], [""2025-10-15"", ""2025-11-13""]]"
director_departure,covered_call,HD,2024-01-11,2,"[[""2024-01-11"", ""2024-02-12""], [""2024-02-15"", ""2024-03-18""], [""2024-02-22"", ""2024-03-22""]]"
director_departure,covered_call,META,2024-01-19,1,"[[""2024-01-19"", ""2024-02-20""], [""2024-03-22"", ""2024-04-23""]]"
director_departure,covered_call,AIG,2024-02-02,1,"[[""2024-02-02"", ""2024-03-05""], [""2024-03-08"", ""2024-04-09""]]"
director_departure,covered_call,BA,2024-03-26,3,"[[""2024-03-26"", ""2024-04-25""], [""2024-02-20"", ""2024-03-20""], [""2024-01-30"", ""2024-02-29""], [""2024-01-23"", ""2024-02-22""]]"
director_departure,covered_call,PG,2024-04-10,1,"[[""2024-04-10"", ""2024-05-09""], [""2024-06-05"", ""2024-07-08""]]"
director_departure,covered_call,LMT,2024-05-28,1,"[[""2024-05-28"", ""2024-06-27""], [""2024-04-02"", ""2024-05-01""]]"
director_departure,covered_call,DIS,2024-07-22,3,"[[""2024-07-22"", ""2024-08-20""], [""2024-08-19"", ""2024-09-18""], [""2024-08-26"", ""2024-09-25""], [""2024-09-09"", ""2024-10-08""]]"
director_departure,covered_call,PYPL,2024-07-26,3,"[[""2024-07-26"", ""2024-08-26""], [""2024-08-30"", ""2024-10-01""], [""2024-09-06"", ""2024-10-07""], [""2024-09-13"", ""2024-10-14""]]"
director_departure,covered_call,INTC,2024-08-23,2,"[[""2024-08-23"", ""2024-09-24""], [""2024-09-27"", ""2024-10-28""], [""2024-07-19"", ""2024-08-19""]]"
director_departure,covered_call,NKE,2024-09-20,3,"[[""2024-09-20"", ""2024-10-21""], [""2024-08-16"", ""2024-09-17""], [""2024-08-02"", ""2024-09-03""], [""2024-07-26"", ""2024-08-26""]]"
director_departure,covered_call,XOM,2024-10-21,3,"[[""2024-10-21"", ""2024-11-19""], [""2024-12-09"", ""2025-01-10""], [""2024-12-16"", ""2025-01-17""], [""2024-12-23"", ""2025-01-27""]]"
director_departure,covered_call,UBER,2025-02-10,2,"[[""2025-02-10"", ""2025-03-12""], [""2025-03-10"", ""2025-04-08""], [""2025-03-17"", ""2025-04-15""]]"
director_departure,covered_call,NVDA,2025-08-06,1,"[[""2025-08-06"", ""2025-09-05""], [""2025-09-24"", ""2025-10-23""]]"
director_departure,covered_call,GE,2025-10-02,2,"[[""2025-10-02"", ""2025-10-31""], [""2025-12-04"", ""2026-01-06""], [""2025-12-11"", ""2026-01-13""]]"
director_departure,covered_call,TXN,2025-10-17,3,"[[""2025-10-17"", ""2025-11-17""], [""2025-11-21"", ""2025-12-23""], [""2025-12-12"", ""2026-01-14""], [""2025-12-19"", ""2026-01-22""]]"
director_departure,covered_call,QCOM,2025-12-17,2,"[[""2025-12-17"", ""2026-01-20""], [""2025-10-22"", ""2025-11-20""], [""2025-10-15"", ""2025-11-13""]]"
director_departure,protective_put,META,2024-01-19,1,"[[""2024-01-19"", ""2024-02-20""], [""2024-03-22"", ""2024-04-23""]]"
director_departure,protective_put,BA,2024-03-26,3,"[[""2024-03-26"", ""2024-04-25""], [""2024-02-20"", ""2024-03-20""], [""2024-01-30"", ""2024-02-29""], [""2024-01-23"", ""2024-02-22""]]"
director_departure,protective_put,PG,2024-04-10,1,"[[""2024-04-10"", ""2024-05-09""], [""2024-06-05"", ""2024-07-08""]]"
director_departure,protective_put,LMT,2024-05-28,1,"[[""2024-05-28"", ""2024-06-27""], [""2024-04-02"", ""2024-05-01""]]"
director_departure,protective_put,NKE,2024-06-06,1,"[[""2024-06-06"", ""2024-07-09""], [""2024-04-11"", ""2024-05-10""]]"
director_departure,protective_put,DIS,2024-07-22,3,"[[""2024-07-22"", ""2024-08-20""], [""2024-08-26"", ""2024-09-25""], [""2024-09-09"", ""2024-10-08""], [""2024-09-16"", ""2024-10-15""]]"
director_departure,protective_put,PYPL,2024-07-26,3,"[[""2024-07-26"", ""2024-08-26""], [""2024-08-30"", ""2024-10-01""], [""2024-09-06"", ""2024-10-07""], [""2024-09-13"", ""2024-10-14""]]"
director_departure,protective_put,INTC,2024-08-23,2,"[[""2024-08-23"", ""2024-09-24""], [""2024-09-27"", ""2024-10-28""], [""2024-07-19"", ""2024-08-19""]]"
director_departure,protective_put,NKE,2024-09-20,3,"[[""2024-09-20"", ""2024-10-21""], [""2024-08-16"", ""2024-09-17""], [""2024-08-02"", ""2024-09-03""], [""2024-07-26"", ""2024-08-26""]]"
director_departure,protective_put,XOM,2024-10-21,3,"[[""2024-10-21"", ""2024-11-19""], [""2024-12-09"", ""2025-01-10""], [""2024-12-16"", ""2025-01-17""], [""2024-12-23"", ""2025-01-27""]]"
director_departure,protective_put,RTX,2025-02-04,1,"[[""2025-02-04"", ""2025-03-06""], [""2025-03-25"", ""2025-04-24""]]"
director_departure,protective_put,UBER,2025-02-10,2,"[[""2025-02-10"", ""2025-03-12""], [""2025-03-10"", ""2025-04-08""], [""2025-03-17"", ""2025-04-15""]]"
director_departure,protective_put,CMCSA,2025-03-20,1,"[[""2025-03-20"", ""2025-04-21""], [""2025-02-13"", ""2025-03-17""]]"
director_departure,protective_put,NVDA,2025-08-06,1,"[[""2025-08-06"", ""2025-09-05""], [""2025-09-24"", ""2025-10-23""]]"
director_departure,protective_put,T,2025-08-20,2,"[[""2025-08-20"", ""2025-09-19""], [""2025-07-16"", ""2025-08-14""], [""2025-07-09"", ""2025-08-07""]]"
director_departure,protective_put,GE,2025-10-02,2,"[[""2025-10-02"", ""2025-10-31""], [""2025-12-04"", ""2026-01-06""], [""2025-12-11"", ""2026-01-13""]]"
director_departure,protective_put,TXN,2025-10-17,3,"[[""2025-10-17"", ""2025-11-17""], [""2025-11-21"", ""2025-12-23""], [""2025-12-12"", ""2026-01-14""], [""2025-12-19"", ""2026-01-22""]]"
director_departure,protective_put,QCOM,2025-12-17,2,"[[""2025-12-17"", ""2026-01-20""], [""2025-10-22"", ""2025-11-20""], [""2025-10-15"", ""2025-11-13""]]"
director_departure,collar,META,2024-01-19,1,"[[""2024-01-19"", ""2024-02-20""], [""2024-03-22"", ""2024-04-23""]]"
director_departure,collar,BA,2024-03-26,3,"[[""2024-03-26"", ""2024-04-25""], [""2024-02-20"", ""2024-03-20""], [""2024-01-30"", ""2024-02-29""], [""2024-01-23"", ""2024-02-22""]]"
director_departure,collar,PG,2024-04-10,1,"[[""2024-04-10"", ""2024-05-09""], [""2024-06-05"", ""2024-07-08""]]"
director_departure,collar,LMT,2024-05-28,1,"[[""2024-05-28"", ""2024-06-27""], [""2024-04-02"", ""2024-05-01""]]"
director_departure,collar,DIS,2024-07-22,3,"[[""2024-07-22"", ""2024-08-20""], [""2024-08-26"", ""2024-09-25""], [""2024-09-09"", ""2024-10-08""], [""2024-09-16"", ""2024-10-15""]]"
director_departure,collar,PYPL,2024-07-26,3,"[[""2024-07-26"", ""2024-08-26""], [""2024-08-30"", ""2024-10-01""], [""2024-09-06"", ""2024-10-07""], [""2024-09-13"", ""2024-10-14""]]"
director_departure,collar,INTC,2024-08-23,2,"[[""2024-08-23"", ""2024-09-24""], [""2024-09-27"", ""2024-10-28""], [""2024-07-19"", ""2024-08-19""]]"
director_departure,collar,NKE,2024-09-20,3,"[[""2024-09-20"", ""2024-10-21""], [""2024-08-16"", ""2024-09-17""], [""2024-08-02"", ""2024-09-03""], [""2024-07-26"", ""2024-08-26""]]"
director_departure,collar,XOM,2024-10-21,3,"[[""2024-10-21"", ""2024-11-19""], [""2024-12-09"", ""2025-01-10""], [""2024-12-16"", ""2025-01-17""], [""2024-12-23"", ""2025-01-27""]]"
director_departure,collar,UBER,2025-02-10,2,"[[""2025-02-10"", ""2025-03-12""], [""2025-03-10"", ""2025-04-08""], [""2025-03-17"", ""2025-04-15""]]"
director_departure,collar,NVDA,2025-08-06,1,"[[""2025-08-06"", ""2025-09-05""], [""2025-09-24"", ""2025-10-23""]]"
director_departure,collar,GE,2025-10-02,2,"[[""2025-10-02"", ""2025-10-31""], [""2025-12-04"", ""2026-01-06""], [""2025-12-11"", ""2026-01-13""]]"
director_departure,collar,TXN,2025-10-17,3,"[[""2025-10-17"", ""2025-11-17""], [""2025-11-21"", ""2025-12-23""], [""2025-12-12"", ""2026-01-14""], [""2025-12-19"", ""2026-01-22""]]"
director_departure,collar,QCOM,2025-12-17,2,"[[""2025-12-17"", ""2026-01-20""], [""2025-10-22"", ""2025-11-20""], [""2025-10-15"", ""2025-11-13""]]"
director_departure,cash_secured_put,META,2024-01-19,1,"[[""2024-01-19"", ""2024-02-20""], [""2024-03-22"", ""2024-04-23""]]"
director_departure,cash_secured_put,BA,2024-03-26,3,"[[""2024-03-26"", ""2024-04-25""], [""2024-02-20"", ""2024-03-20""], [""2024-01-30"", ""2024-02-29""], [""2024-01-23"", ""2024-02-22""]]"
director_departure,cash_secured_put,PG,2024-04-10,1,"[[""2024-04-10"", ""2024-05-09""], [""2024-06-05"", ""2024-07-08""]]"
director_departure,cash_secured_put,LMT,2024-05-28,1,"[[""2024-05-28"", ""2024-06-27""], [""2024-04-02"", ""2024-05-01""]]"
director_departure,cash_secured_put,NKE,2024-06-06,1,"[[""2024-06-06"", ""2024-07-09""], [""2024-04-11"", ""2024-05-10""]]"
director_departure,cash_secured_put,DIS,2024-07-22,3,"[[""2024-07-22"", ""2024-08-20""], [""2024-08-26"", ""2024-09-25""], [""2024-09-09"", ""2024-10-08""], [""2024-09-16"", ""2024-10-15""]]"
director_departure,cash_secured_put,PYPL,2024-07-26,3,"[[""2024-07-26"", ""2024-08-26""], [""2024-08-30"", ""2024-10-01""], [""2024-09-06"", ""2024-10-07""], [""2024-09-13"", ""2024-10-14""]]"
director_departure,cash_secured_put,INTC,2024-08-23,2,"[[""2024-08-23"", ""2024-09-24""], [""2024-09-27"", ""2024-10-28""], [""2024-07-19"", ""2024-08-19""]]"
director_departure,cash_secured_put,NKE,2024-09-20,3,"[[""2024-09-20"", ""2024-10-21""], [""2024-08-16"", ""2024-09-17""], [""2024-08-02"", ""2024-09-03""], [""2024-07-26"", ""2024-08-26""]]"
director_departure,cash_secured_put,XOM,2024-10-21,3,"[[""2024-10-21"", ""2024-11-19""], [""2024-12-09"", ""2025-01-10""], [""2024-12-16"", ""2025-01-17""], [""2024-12-23"", ""2025-01-27""]]"
director_departure,cash_secured_put,RTX,2025-02-04,1,"[[""2025-02-04"", ""2025-03-06""], [""2025-03-25"", ""2025-04-24""]]"
director_departure,cash_secured_put,UBER,2025-02-10,2,"[[""2025-02-10"", ""2025-03-12""], [""2025-03-10"", ""2025-04-08""], [""2025-03-17"", ""2025-04-15""]]"
director_departure,cash_secured_put,CMCSA,2025-03-20,1,"[[""2025-03-20"", ""2025-04-21""], [""2025-02-13"", ""2025-03-17""]]"
director_departure,cash_secured_put,NVDA,2025-08-06,1,"[[""2025-08-06"", ""2025-09-05""], [""2025-09-24"", ""2025-10-23""]]"
director_departure,cash_secured_put,T,2025-08-20,2,"[[""2025-08-20"", ""2025-09-19""], [""2025-07-16"", ""2025-08-14""], [""2025-07-09"", ""2025-08-07""]]"
director_departure,cash_secured_put,GE,2025-10-02,2,"[[""2025-10-02"", ""2025-10-31""], [""2025-12-04"", ""2026-01-06""], [""2025-12-11"", ""2026-01-13""]]"
director_departure,cash_secured_put,TXN,2025-10-17,3,"[[""2025-10-17"", ""2025-11-17""], [""2025-11-21"", ""2025-12-23""], [""2025-12-12"", ""2026-01-14""], [""2025-12-19"", ""2026-01-22""]]"
director_departure,cash_secured_put,QCOM,2025-12-17,2,"[[""2025-12-17"", ""2026-01-20""], [""2025-10-22"", ""2025-11-20""], [""2025-10-15"", ""2025-11-13""]]"
executive_compensation_change,long_call,TGT,2024-01-19,3,"[[""2024-01-19"", ""2024-02-20""], [""2024-02-23"", ""2024-03-25""], [""2024-03-01"", ""2024-04-02""], [""2024-03-15"", ""2024-04-16""]]"
executive_compensation_change,long_call,MS,2024-01-22,2,"[[""2024-01-22"", ""2024-02-21""], [""2024-02-26"", ""2024-03-26""], [""2024-03-04"", ""2024-04-03""]]"
executive_compensation_change,long_call,BAC,2024-02-05,1,"[[""2024-02-05"", ""2024-03-06""], [""2024-03-04"", ""2024-04-03""]]"
executive_compensation_change,long_call,CVX,2024-02-05,1,"[[""2024-02-05"", ""2024-03-06""], [""2024-03-04"", ""2024-04-03""]]"
executive_compensation_change,long_call,AMD,2024-02-21,1,"[[""2024-02-21"", ""2024-03-21""], [""2024-03-27"", ""2024-04-26""]]"
executive_compensation_change,long_call,NVDA,2024-03-15,3,"[[""2024-03-15"", ""2024-04-16""], [""2024-02-09"", ""2024-03-12""], [""2024-01-19"", ""2024-02-20""], [""2024-01-12"", ""2024-02-13""]]"
executive_compensation_change,long_call,DUK,2024-03-18,1,"[[""2024-03-18"", ""2024-04-17""], [""2024-02-12"", ""2024-03-13""]]"
executive_compensation_change,long_call,KO,2024-05-03,1,"[[""2024-05-03"", ""2024-06-04""], [""2024-06-14"", ""2024-07-17""]]"
executive_compensation_change,long_call,UPS,2024-07-10,1,"[[""2024-07-10"", ""2024-08-08""], [""2024-09-25"", ""2024-10-24""]]"
executive_compensation_change,long_call,SCHW,2024-07-26,1,"[[""2024-07-26"", ""2024-08-26""], [""2024-08-30"", ""2024-10-01""]]"
executive_compensation_change,long_call,PFE,2024-07-29,1,"[[""2024-07-29"", ""2024-08-27""], [""2024-08-26"", ""2024-09-25""]]"
executive_compensation_change,long_call,NKE,2024-09-20,3,"[[""2024-09-20"", ""2024-10-21""], [""2024-08-16"", ""2024-09-17""], [""2024-08-02"", ""2024-09-03""], [""2024-07-19"", ""2024-08-19""]]"
executive_compensation_change,long_call,TGT,2024-09-20,3,"[[""2024-09-20"", ""2024-10-21""], [""2024-08-02"", ""2024-09-03""], [""2024-07-26"", ""2024-08-26""], [""2024-07-19"", ""2024-08-19""]]"
executive_compensation_change,long_call,SCHW,2024-10-02,2,"[[""2024-10-02"", ""2024-10-31""], [""2024-11-27"", ""2024-12-30""], [""2024-12-04"", ""2025-01-06""]]"
executive_compensation_change,long_call,AMD,2024-11-19,1,"[[""2024-11-19"", ""2024-12-19""], [""2024-10-15"", ""2024-11-13""]]"
executive_compensation_change,long_call,AAPL,2025-01-06,1,"[[""2025-01-06"", ""2025-02-06""], [""2025-03-31"", ""2025-04-30""]]"
executive_compensation_change,long_call,ISRG,2025-01-07,1,"[[""2025-01-07"", ""2025-02-07""], [""2025-03-04"", ""2025-04-02""]]"
executive_compensation_change,long_call,JPM,2025-01-24,1,"[[""2025-01-24"", ""2025-02-25""], [""2025-03-07"", ""2025-04-07""]]"
executive_compensation_change,long_call,ADBE,2025-01-31,1,"[[""2025-01-31"", ""2025-03-04""], [""2025-03-07"", ""2025-04-07""]]"
executive_compensation_change,long_call,RTX,2025-02-04,1,"[[""2025-02-04"", ""2025-03-06""], [""2025-03-25"", ""2025-04-24""]]"
executive_compensation_change,long_call,CRM,2025-02-06,1,"[[""2025-02-06"", ""2025-03-10""], [""2025-03-13"", ""2025-04-11""]]"
executive_compensation_change,long_call,META,2025-02-21,1,"[[""2025-02-21"", ""2025-03-24""], [""2025-03-28"", ""2025-04-29""]]"
executive_compensation_change,long_call,PLTR,2025-03-03,1,"[[""2025-03-03"", ""2025-04-01""], [""2025-03-31"", ""2025-04-30""]]"
executive_compensation_change,long_call,NVDA,2025-03-10,2,"[[""2025-03-10"", ""2025-04-08""], [""2025-01-13"", ""2025-02-12""], [""2025-01-06"", ""2025-02-06""]]"
executive_compensation_change,long_call,USB,2025-04-17,1,"[[""2025-04-17"", ""2025-05-19""], [""2025-06-12"", ""2025-07-15""]]"
executive_compensation_change,long_call,INTC,2025-04-21,2,"[[""2025-04-21"", ""2025-05-20""], [""2025-06-16"", ""2025-07-17""], [""2025-06-23"", ""2025-07-23""]]"
executive_compensation_change,long_call,UBER,2025-06-05,1,"[[""2025-06-05"", ""2025-07-08""], [""2025-04-03"", ""2025-05-05""]]"
executive_compensation_change,long_call,BA,2025-07-07,1,"[[""2025-07-07"", ""2025-08-05""], [""2025-09-29"", ""2025-10-28""]]"
executive_compensation_change,long_call,BMY,2025-07-28,3,"[[""2025-07-28"", ""2025-08-26""], [""2025-09-15"", ""2025-10-14""], [""2025-09-22"", ""2025-10-21""], [""2025-09-29"", ""2025-10-28""]]"
executive_compensation_change,long_call,TSLA,2025-08-05,3,"[[""2025-08-05"", ""2025-09-04""], [""2025-07-01"", ""2025-07-31""], [""2025-09-23"", ""2025-10-22""], [""2025-09-30"", ""2025-10-29""]]"
executive_compensation_change,long_call,QCOM,2025-08-26,1,"[[""2025-08-26"", ""2025-09-25""], [""2025-07-22"", ""2025-08-20""]]"
executive_compensation_change,long_call,ORCL,2025-09-23,1,"[[""2025-09-23"", ""2025-10-22""], [""2025-08-05"", ""2025-09-04""]]"
executive_compensation_change,long_call,DIS,2025-10-17,1,"[[""2025-10-17"", ""2025-11-17""], [""2025-12-19"", ""2026-01-22""]]"
executive_compensation_change,long_call,TSLA,2025-11-10,2,"[[""2025-11-10"", ""2025-12-10""], [""2025-12-08"", ""2026-01-08""], [""2025-12-15"", ""2026-01-15""]]"
executive_compensation_change,covered_call,TGT,2024-01-19,3,"[[""2024-01-19"", ""2024-02-20""], [""2024-02-23"", ""2024-03-25""], [""2024-03-01"", ""2024-04-02""], [""2024-03-15"", ""2024-04-16""]]"
executive_compensation_change,covered_call,MS,2024-01-22,1,"[[""2024-01-22"", ""2024-02-21""], [""2024-02-26"", ""2024-03-26""]]"
executive_compensation_change,covered_call,BAC,2024-02-05,1,"[[""2024-02-05"", ""2024-03-06""], [""2024-03-04"", ""2024-04-03""]]"
executive_compensation_change,covered_call,CVX,2024-02-05,1,"[[""2024-02-05"", ""2024-03-06""], [""2024-03-04"", ""2024-04-03""]]"
executive_compensation_change,covered_call,AMD,2024-02-21,1,"[[""2024-02-21"", ""2024-03-21""], [""2024-03-27"", ""2024-04-26""]]"
executive_compensation_change,covered_call,NVDA,2024-03-15,3,"[[""2024-03-15"", ""2024-04-16""], [""2024-02-09"", ""2024-03-12""], [""2024-01-19"", ""2024-02-20""], [""2024-01-12"", ""2024-02-13""]]"
executive_compensation_change,covered_call,KO,2024-05-03,1,"[[""2024-05-03"", ""2024-06-04""], [""2024-06-14"", ""2024-07-17""]]"
executive_compensation_change,covered_call,UPS,2024-07-10,1,"[[""2024-07-10"", ""2024-08-08""], [""2024-09-25"", ""2024-10-24""]]"
executive_compensation_change,covered_call,PYPL,2024-07-26,3,"[[""2024-07-26"", ""2024-08-26""], [""2024-08-30"", ""2024-10-01""], [""2024-09-06"", ""2024-10-07""], [""2024-09-13"", ""2024-10-14""]]"
executive_compensation_change,covered_call,SCHW,2024-07-26,1,"[[""2024-07-26"", ""2024-08-26""], [""2024-08-30"", ""2024-10-01""]]"
executive_compensation_change,covered_call,PFE,2024-07-29,1,"[[""2024-07-29"", ""2024-08-27""], [""2024-08-26"", ""2024-09-25""]]"
executive_compensation_change,covered_call,NKE,2024-09-20,3,"[[""2024-09-20"", ""2024-10-21""], [""2024-08-16"", ""2024-09-17""], [""2024-08-02"", ""2024-09-03""], [""2024-07-26"", ""2024-08-26""]]"
executive_compensation_change,covered_call,TGT,2024-09-20,3,"[[""2024-09-20"", ""2024-10-21""], [""2024-08-02"", ""2024-09-03""], [""2024-07-26"", ""2024-08-26""], [""2024-07-19"", ""2024-08-19""]]"
executive_compensation_change,covered_call,SCHW,2024-10-02,2,"[[""2024-10-02"", ""2024-10-31""], [""2024-11-27"", ""2024-12-30""], [""2024-12-04"", ""2025-01-06""]]"
executive_compensation_change,covered_call,AAPL,2025-01-06,1,"[[""2025-01-06"", ""2025-02-06""], [""2025-03-31"", ""2025-04-30""]]"
executive_compensation_change,covered_call,JPM,2025-01-24,1,"[[""2025-01-24"", ""2025-02-25""], [""2025-03-07"", ""2025-04-07""]]"
executive_compensation_change,covered_call,ADBE,2025-01-31,1,"[[""2025-01-31"", ""2025-03-04""], [""2025-03-07"", ""2025-04-07""]]"
executive_compensation_change,covered_call,CRM,2025-02-06,1,"[[""2025-02-06"", ""2025-03-10""], [""2025-03-13"", ""2025-04-11""]]"
executive_compensation_change,covered_call,META,2025-02-21,1,"[[""2025-02-21"", ""2025-03-24""], [""2025-03-28"", ""2025-04-29""]]"
executive_compensation_change,covered_call,PLTR,2025-03-03,1,"[[""2025-03-03"", ""2025-04-01""], [""2025-03-31"", ""2025-04-30""]]"
executive_compensation_change,covered_call,NVDA,2025-03-10,2,"[[""2025-03-10"", ""2025-04-08""], [""2025-01-13"", ""2025-02-12""], [""2025-01-06"", ""2025-02-06""]]"
executive_compensation_change,covered_call,USB,2025-04-17,1,"[[""2025-04-17"", ""2025-05-19""], [""2025-06-12"", ""2025-07-15""]]"
executive_compensation_change,covered_call,INTC,2025-04-21,2,"[[""2025-04-21"", ""2025-05-20""], [""2025-06-16"", ""2025-07-17""], [""2025-06-23"", ""2025-07-23""]]"
executive_compensation_change,covered_call,UBER,2025-06-05,1,"[[""2025-06-05"", ""2025-07-08""], [""2025-04-03"", ""2025-05-05""]]"
executive_compensation_change,covered_call,BA,2025-07-07,1,"[[""2025-07-07"", ""2025-08-05""], [""2025-09-29"", ""2025-10-28""]]"
executive_compensation_change,covered_call,BMY,2025-07-28,3,"[[""2025-07-28"", ""2025-08-26""], [""2025-09-15"", ""2025-10-14""], [""2025-09-22"", ""2025-10-21""], [""2025-09-29"", ""2025-10-28""]]"
executive_compensation_change,covered_call,TSLA,2025-08-05,3,"[[""2025-08-05"", ""2025-09-04""], [""2025-07-01"", ""2025-07-31""], [""2025-09-23"", ""2025-10-22""], [""2025-09-30"", ""2025-10-29""]]"
executive_compensation_change,covered_call,QCOM,2025-08-26,1,"[[""2025-08-26"", ""2025-09-25""], [""2025-07-22"", ""2025-08-20""]]"
executive_compensation_change,covered_call,ORCL,2025-09-23,1,"[[""2025-09-23"", ""2025-10-22""], [""2025-08-05"", ""2025-09-04""]]"
executive_compensation_change,covered_call,DIS,2025-10-17,1,"[[""2025-10-17"", ""2025-11-17""], [""2025-12-19"", ""2026-01-22""]]"
executive_compensation_change,covered_call,TSLA,2025-11-10,2,"[[""2025-11-10"", ""2025-12-10""], [""2025-12-08"", ""2026-01-08""], [""2025-12-15"", ""2026-01-15""]]"
executive_compensation_change,covered_call,DIS,2025-11-10,1,"[[""2025-11-10"", ""2025-12-10""], [""2025-12-15"", ""2026-01-15""]]"
executive_compensation_change,covered_call,DIS,2025-11-13,1,"[[""2025-11-13"", ""2025-12-15""], [""2025-12-18"", ""2026-01-21""]]"
executive_compensation_change,covered_call,NKE,2025-12-03,1,"[[""2025-12-03"", ""2026-01-05""], [""2025-10-01"", ""2025-10-30""]]"
executive_compensation_change,covered_call,CHTR,2025-12-08,1,"[[""2025-12-08"", ""2026-01-08""], [""2025-11-03"", ""2025-12-03""]]"
executive_compensation_change,protective_put,TGT,2024-01-19,3,"[[""2024-01-19"", ""2024-02-20""], [""2024-02-23"", ""2024-03-25""], [""2024-03-01"", ""2024-04-02""], [""2024-03-15"", ""2024-04-16""]]"
executive_compensation_change,protective_put,MS,2024-01-22,2,"[[""2024-01-22"", ""2024-02-21""], [""2024-02-26"", ""2024-03-26""], [""2024-03-04"", ""2024-04-03""]]"
executive_compensation_change,protective_put,BAC,2024-02-05,1,"[[""2024-02-05"", ""2024-03-06""], [""2024-03-04"", ""2024-04-03""]]"
executive_compensation_change,protective_put,CVX,2024-02-05,1,"[[""2024-02-05"", ""2024-03-06""], [""2024-03-04"", ""2024-04-03""]]"
executive_compensation_change,protective_put,AMD,2024-02-21,1,"[[""2024-02-21"", ""2024-03-21""], [""2024-03-27"", ""2024-04-26""]]"
executive_compensation_change,protective_put,NVDA,2024-03-15,3,"[[""2024-03-15"", ""2024-04-16""], [""2024-02-09"", ""2024-03-12""], [""2024-01-19"", ""2024-02-20""], [""2024-01-12"", ""2024-02-13""]]"
executive_compensation_change,protective_put,DUK,2024-03-18,1,"[[""2024-03-18"", ""2024-04-17""], [""2024-02-12"", ""2024-03-13""]]"
executive_compensation_change,protective_put,KO,2024-05-03,1,"[[""2024-05-03"", ""2024-06-04""], [""2024-06-14"", ""2024-07-17""]]"
executive_compensation_change,protective_put,UPS,2024-07-10,1,"[[""2024-07-10"", ""2024-08-08""], [""2024-09-25"", ""2024-10-24""]]"
executive_compensation_change,protective_put,PYPL,2024-07-26,3,"[[""2024-07-26"", ""2024-08-26""], [""2024-08-30"", ""2024-10-01""], [""2024-09-06"", ""2024-10-07""], [""2024-09-13"", ""2024-10-14""]]"
executive_compensation_change,protective_put,SCHW,2024-07-26,1,"[[""2024-07-26"", ""2024-08-26""], [""2024-08-30"", ""2024-10-01""]]"
executive_compensation_change,protective_put,PFE,2024-07-29,1,"[[""2024-07-29"", ""2024-08-27""], [""2024-08-26"", ""2024-09-25""]]"
executive_compensation_change,protective_put,AIG,2024-09-19,1,"[[""2024-09-19"", ""2024-10-18""], [""2024-08-01"", ""2024-08-30""]]"
executive_compensation_change,protective_put,NKE,2024-09-20,3,"[[""2024-09-20"", ""2024-10-21""], [""2024-08-16"", ""2024-09-17""], [""2024-08-02"", ""2024-09-03""], [""2024-07-26"", ""2024-08-26""]]"
executive_compensation_change,protective_put,TGT,2024-09-20,3,"[[""2024-09-20"", ""2024-10-21""], [""2024-08-02"", ""2024-09-03""], [""2024-07-26"", ""2024-08-26""], [""2024-07-19"", ""2024-08-19""]]"
executive_compensation_change,protective_put,SCHW,2024-10-02,2,"[[""2024-10-02"", ""2024-10-31""], [""2024-11-27"", ""2024-12-30""], [""2024-12-04"", ""2025-01-06""]]"
executive_compensation_change,protective_put,AMD,2024-11-19,1,"[[""2024-11-19"", ""2024-12-19""], [""2024-10-15"", ""2024-11-13""]]"
executive_compensation_change,protective_put,AAPL,2025-01-06,1,"[[""2025-01-06"", ""2025-02-06""], [""2025-03-31"", ""2025-04-30""]]"
executive_compensation_change,protective_put,ISRG,2025-01-07,1,"[[""2025-01-07"", ""2025-02-07""], [""2025-03-04"", ""2025-04-02""]]"
executive_compensation_change,protective_put,JPM,2025-01-24,1,"[[""2025-01-24"", ""2025-02-25""], [""2025-03-07"", ""2025-04-07""]]"
executive_compensation_change,protective_put,ADBE,2025-01-31,1,"[[""2025-01-31"", ""2025-03-04""], [""2025-03-07"", ""2025-04-07""]]"
executive_compensation_change,protective_put,RTX,2025-02-04,1,"[[""2025-02-04"", ""2025-03-06""], [""2025-03-25"", ""2025-04-24""]]"
executive_compensation_change,protective_put,CRM,2025-02-06,1,"[[""2025-02-06"", ""2025-03-10""], [""2025-03-13"", ""2025-04-11""]]"
executive_compensation_change,protective_put,META,2025-02-21,1,"[[""2025-02-21"", ""2025-03-24""], [""2025-03-28"", ""2025-04-29""]]"
executive_compensation_change,protective_put,PLTR,2025-03-03,1,"[[""2025-03-03"", ""2025-04-01""], [""2025-03-31"", ""2025-04-30""]]"
executive_compensation_change,protective_put,NVDA,2025-03-10,2,"[[""2025-03-10"", ""2025-04-08""], [""2025-01-13"", ""2025-02-12""], [""2025-01-06"", ""2025-02-06""]]"
executive_compensation_change,protective_put,INTC,2025-04-21,2,"[[""2025-04-21"", ""2025-05-20""], [""2025-06-16"", ""2025-07-17""], [""2025-06-23"", ""2025-07-23""]]"
executive_compensation_change,protective_put,ISRG,2025-05-16,1,"[[""2025-05-16"", ""2025-06-17""], [""2025-06-20"", ""2025-07-22""]]"
executive_compensation_change,protective_put,UBER,2025-06-05,1,"[[""2025-06-05"", ""2025-07-08""], [""2025-04-03"", ""2025-05-05""]]"
executive_compensation_change,protective_put,BMY,2025-07-28,3,"[[""2025-07-28"", ""2025-08-26""], [""2025-09-15"", ""2025-10-14""], [""2025-09-22"", ""2025-10-21""], [""2025-09-29"", ""2025-10-28""]]"
executive_compensation_change,protective_put,TSLA,2025-08-05,3,"[[""2025-08-05"", ""2025-09-04""], [""2025-07-01"", ""2025-07-31""], [""2025-09-23"", ""2025-10-22""], [""2025-09-30"", ""2025-10-29""]]"
executive_compensation_change,protective_put,QCOM,2025-08-26,1,"[[""2025-08-26"", ""2025-09-25""], [""2025-07-22"", ""2025-08-20""]]"
executive_compensation_change,protective_put,ORCL,2025-09-23,1,"[[""2025-09-23"", ""2025-10-22""], [""2025-08-05"", ""2025-09-04""]]"
executive_compensation_change,protective_put,DIS,2025-10-17,1,"[[""2025-10-17"", ""2025-11-17""], [""2025-12-19"", ""2026-01-22""]]"
executive_compensation_change,protective_put,TSLA,2025-11-10,2,"[[""2025-11-10"", ""2025-12-10""], [""2025-12-08"", ""2026-01-08""], [""2025-12-15"", ""2026-01-15""]]"
executive_compensation_change,protective_put,DIS,2025-11-10,1,"[[""2025-11-10"", ""2025-12-10""], [""2025-12-15"", ""2026-01-15""]]"
executive_compensation_change,protective_put,DIS,2025-11-13,1,"[[""2025-11-13"", ""2025-12-15""], [""2025-12-18"", ""2026-01-21""]]"
executive_compensation_change,protective_put,NKE,2025-12-03,1,"[[""2025-12-03"", ""2026-01-05""], [""2025-10-01"", ""2025-10-30""]]"
executive_compensation_change,collar,TGT,2024-01-19,3,"[[""2024-01-19"", ""2024-02-20""], [""2024-02-23"", ""2024-03-25""], [""2024-03-01"", ""2024-04-02""], [""2024-03-15"", ""2024-04-16""]]"
executive_compensation_change,collar,MS,2024-01-22,1,"[[""2024-01-22"", ""2024-02-21""], [""2024-02-26"", ""2024-03-26""]]"
executive_compensation_change,collar,BAC,2024-02-05,1,"[[""2024-02-05"", ""2024-03-06""], [""2024-03-04"", ""2024-04-03""]]"
executive_compensation_change,collar,CVX,2024-02-05,1,"[[""2024-02-05"", ""2024-03-06""], [""2024-03-04"", ""2024-04-03""]]"
executive_compensation_change,collar,AMD,2024-02-21,1,"[[""2024-02-21"", ""2024-03-21""], [""2024-03-27"", ""2024-04-26""]]"
executive_compensation_change,collar,NVDA,2024-03-15,3,"[[""2024-03-15"", ""2024-04-16""], [""2024-02-09"", ""2024-03-12""], [""2024-01-19"", ""2024-02-20""], [""2024-01-12"", ""2024-02-13""]]"
executive_compensation_change,collar,KO,2024-05-03,1,"[[""2024-05-03"", ""2024-06-04""], [""2024-06-14"", ""2024-07-17""]]"
executive_compensation_change,collar,UPS,2024-07-10,1,"[[""2024-07-10"", ""2024-08-08""], [""2024-09-25"", ""2024-10-24""]]"
executive_compensation_change,collar,PYPL,2024-07-26,3,"[[""2024-07-26"", ""2024-08-26""], [""2024-08-30"", ""2024-10-01""], [""2024-09-06"", ""2024-10-07""], [""2024-09-13"", ""2024-10-14""]]"
executive_compensation_change,collar,SCHW,2024-07-26,1,"[[""2024-07-26"", ""2024-08-26""], [""2024-08-30"", ""2024-10-01""]]"
executive_compensation_change,collar,PFE,2024-07-29,1,"[[""2024-07-29"", ""2024-08-27""], [""2024-08-26"", ""2024-09-25""]]"
executive_compensation_change,collar,NKE,2024-09-20,3,"[[""2024-09-20"", ""2024-10-21""], [""2024-08-16"", ""2024-09-17""], [""2024-08-02"", ""2024-09-03""], [""2024-07-26"", ""2024-08-26""]]"
executive_compensation_change,collar,TGT,2024-09-20,3,"[[""2024-09-20"", ""2024-10-21""], [""2024-08-02"", ""2024-09-03""], [""2024-07-26"", ""2024-08-26""], [""2024-07-19"", ""2024-08-19""]]"
executive_compensation_change,collar,SCHW,2024-10-02,2,"[[""2024-10-02"", ""2024-10-31""], [""2024-11-27"", ""2024-12-30""], [""2024-12-04"", ""2025-01-06""]]"
executive_compensation_change,collar,AAPL,2025-01-06,1,"[[""2025-01-06"", ""2025-02-06""], [""2025-03-31"", ""2025-04-30""]]"
executive_compensation_change,collar,JPM,2025-01-24,1,"[[""2025-01-24"", ""2025-02-25""], [""2025-03-07"", ""2025-04-07""]]"
executive_compensation_change,collar,ADBE,2025-01-31,1,"[[""2025-01-31"", ""2025-03-04""], [""2025-03-07"", ""2025-04-07""]]"
executive_compensation_change,collar,CRM,2025-02-06,1,"[[""2025-02-06"", ""2025-03-10""], [""2025-03-13"", ""2025-04-11""]]"
executive_compensation_change,collar,META,2025-02-21,1,"[[""2025-02-21"", ""2025-03-24""], [""2025-03-28"", ""2025-04-29""]]"
executive_compensation_change,collar,PLTR,2025-03-03,1,"[[""2025-03-03"", ""2025-04-01""], [""2025-03-31"", ""2025-04-30""]]"
executive_compensation_change,collar,NVDA,2025-03-10,2,"[[""2025-03-10"", ""2025-04-08""], [""2025-01-13"", ""2025-02-12""], [""2025-01-06"", ""2025-02-06""]]"
executive_compensation_change,collar,INTC,2025-04-21,2,"[[""2025-04-21"", ""2025-05-20""], [""2025-06-16"", ""2025-07-17""], [""2025-06-23"", ""2025-07-23""]]"
executive_compensation_change,collar,UBER,2025-06-05,1,"[[""2025-06-05"", ""2025-07-08""], [""2025-04-03"", ""2025-05-05""]]"
executive_compensation_change,collar,BMY,2025-07-28,3,"[[""2025-07-28"", ""2025-08-26""], [""2025-09-15"", ""2025-10-14""], [""2025-09-22"", ""2025-10-21""], [""2025-09-29"", ""2025-10-28""]]"
executive_compensation_change,collar,TSLA,2025-08-05,3,"[[""2025-08-05"", ""2025-09-04""], [""2025-07-01"", ""2025-07-31""], [""2025-09-23"", ""2025-10-22""], [""2025-09-30"", ""2025-10-29""]]"
executive_compensation_change,collar,QCOM,2025-08-26,1,"[[""2025-08-26"", ""2025-09-25""], [""2025-07-22"", ""2025-08-20""]]"
executive_compensation_change,collar,ORCL,2025-09-23,1,"[[""2025-09-23"", ""2025-10-22""], [""2025-08-05"", ""2025-09-04""]]"
executive_compensation_change,collar,DIS,2025-10-17,1,"[[""2025-10-17"", ""2025-11-17""], [""2025-12-19"", ""2026-01-22""]]"
executive_compensation_change,collar,TSLA,2025-11-10,2,"[[""2025-11-10"", ""2025-12-10""], [""2025-12-08"", ""2026-01-08""], [""2025-12-15"", ""2026-01-15""]]"
executive_compensation_change,collar,DIS,2025-11-10,1,"[[""2025-11-10"", ""2025-12-10""], [""2025-12-15"", ""2026-01-15""]]"
executive_compensation_change,collar,DIS,2025-11-13,1,"[[""2025-11-13"", ""2025-12-15""], [""2025-12-18"", ""2026-01-21""]]"
executive_compensation_change,collar,NKE,2025-12-03,1,"[[""2025-12-03"", ""2026-01-05""], [""2025-10-01"", ""2025-10-30""]]"
executive_compensation_change,cash_secured_put,TGT,2024-01-19,3,"[[""2024-01-19"", ""2024-02-20""], [""2024-02-23"", ""2024-03-25""], [""2024-03-01"", ""2024-04-02""], [""2024-03-15"", ""2024-04-16""]]"
executive_compensation_change,cash_secured_put,MS,2024-01-22,2,"[[""2024-01-22"", ""2024-02-21""], [""2024-02-26"", ""2024-03-26""], [""2024-03-04"", ""2024-04-03""]]"
executive_compensation_change,cash_secured_put,BAC,2024-02-05,1,"[[""2024-02-05"", ""2024-03-06""], [""2024-03-04"", ""2024-04-03""]]"
executive_compensation_change,cash_secured_put,CVX,2024-02-05,1,"[[""2024-02-05"", ""2024-03-06""], [""2024-03-04"", ""2024-04-03""]]"
executive_compensation_change,cash_secured_put,AMD,2024-02-21,1,"[[""2024-02-21"", ""2024-03-21""], [""2024-03-27"", ""2024-04-26""]]"
executive_compensation_change,cash_secured_put,NVDA,2024-03-15,3,"[[""2024-03-15"", ""2024-04-16""], [""2024-02-09"", ""2024-03-12""], [""2024-01-19"", ""2024-02-20""], [""2024-01-12"", ""2024-02-13""]]"
executive_compensation_change,cash_secured_put,DUK,2024-03-18,1,"[[""2024-03-18"", ""2024-04-17""], [""2024-02-12"", ""2024-03-13""]]"
executive_compensation_change,cash_secured_put,KO,2024-05-03,1,"[[""2024-05-03"", ""2024-06-04""], [""2024-06-14"", ""2024-07-17""]]"
executive_compensation_change,cash_secured_put,UPS,2024-07-10,1,"[[""2024-07-10"", ""2024-08-08""], [""2024-09-25"", ""2024-10-24""]]"
executive_compensation_change,cash_secured_put,PYPL,2024-07-26,3,"[[""2024-07-26"", ""2024-08-26""], [""2024-08-30"", ""2024-10-01""], [""2024-09-06"", ""2024-10-07""], [""2024-09-13"", ""2024-10-14""]]"
executive_compensation_change,cash_secured_put,SCHW,2024-07-26,1,"[[""2024-07-26"", ""2024-08-26""], [""2024-08-30"", ""2024-10-01""]]"
executive_compensation_change,cash_secured_put,PFE,2024-07-29,1,"[[""2024-07-29"", ""2024-08-27""], [""2024-08-26"", ""2024-09-25""]]"
executive_compensation_change,cash_secured_put,AIG,2024-09-19,1,"[[""2024-09-19"", ""2024-10-18""], [""2024-08-01"", ""2024-08-30""]]"
executive_compensation_change,cash_secured_put,NKE,2024-09-20,3,"[[""2024-09-20"", ""2024-10-21""], [""2024-08-16"", ""2024-09-17""], [""2024-08-02"", ""2024-09-03""], [""2024-07-26"", ""2024-08-26""]]"
executive_compensation_change,cash_secured_put,TGT,2024-09-20,3,"[[""2024-09-20"", ""2024-10-21""], [""2024-08-02"", ""2024-09-03""], [""2024-07-26"", ""2024-08-26""], [""2024-07-19"", ""2024-08-19""]]"
executive_compensation_change,cash_secured_put,SCHW,2024-10-02,2,"[[""2024-10-02"", ""2024-10-31""], [""2024-11-27"", ""2024-12-30""], [""2024-12-04"", ""2025-01-06""]]"
executive_compensation_change,cash_secured_put,AMD,2024-11-19,1,"[[""2024-11-19"", ""2024-12-19""], [""2024-10-15"", ""2024-11-13""]]"
executive_compensation_change,cash_secured_put,AAPL,2025-01-06,1,"[[""2025-01-06"", ""2025-02-06""], [""2025-03-31"", ""2025-04-30""]]"
executive_compensation_change,cash_secured_put,ISRG,2025-01-07,1,"[[""2025-01-07"", ""2025-02-07""], [""2025-03-04"", ""2025-04-02""]]"
executive_compensation_change,cash_secured_put,JPM,2025-01-24,1,"[[""2025-01-24"", ""2025-02-25""], [""2025-03-07"", ""2025-04-07""]]"
executive_compensation_change,cash_secured_put,ADBE,2025-01-31,1,"[[""2025-01-31"", ""2025-03-04""], [""2025-03-07"", ""2025-04-07""]]"
executive_compensation_change,cash_secured_put,RTX,2025-02-04,1,"[[""2025-02-04"", ""2025-03-06""], [""2025-03-25"", ""2025-04-24""]]"
executive_compensation_change,cash_secured_put,CRM,2025-02-06,1,"[[""2025-02-06"", ""2025-03-10""], [""2025-03-13"", ""2025-04-11""]]"
executive_compensation_change,cash_secured_put,META,2025-02-21,1,"[[""2025-02-21"", ""2025-03-24""], [""2025-03-28"", ""2025-04-29""]]"
executive_compensation_change,cash_secured_put,PLTR,2025-03-03,1,"[[""2025-03-03"", ""2025-04-01""], [""2025-03-31"", ""2025-04-30""]]"
executive_compensation_change,cash_secured_put,NVDA,2025-03-10,2,"[[""2025-03-10"", ""2025-04-08""], [""2025-01-13"", ""2025-02-12""], [""2025-01-06"", ""2025-02-06""]]"
executive_compensation_change,cash_secured_put,INTC,2025-04-21,2,"[[""2025-04-21"", ""2025-05-20""], [""2025-06-16"", ""2025-07-17""], [""2025-06-23"", ""2025-07-23""]]"
executive_compensation_change,cash_secured_put,ISRG,2025-05-16,1,"[[""2025-05-16"", ""2025-06-17""], [""2025-06-20"", ""2025-07-22""]]"
executive_compensation_change,cash_secured_put,UBER,2025-06-05,1,"[[""2025-06-05"", ""2025-07-08""], [""2025-04-03"", ""2025-05-05""]]"
executive_compensation_change,cash_secured_put,BMY,2025-07-28,3,"[[""2025-07-28"", ""2025-08-26""], [""2025-09-15"", ""2025-10-14""], [""2025-09-22"", ""2025-10-21""], [""2025-09-29"", ""2025-10-28""]]"
executive_compensation_change,cash_secured_put,TSLA,2025-08-05,3,"[[""2025-08-05"", ""2025-09-04""], [""2025-07-01"", ""2025-07-31""], [""2025-09-23"", ""2025-10-22""], [""2025-09-30"", ""2025-10-29""]]"
executive_compensation_change,cash_secured_put,QCOM,2025-08-26,1,"[[""2025-08-26"", ""2025-09-25""], [""2025-07-22"", ""2025-08-20""]]"
executive_compensation_change,cash_secured_put,ORCL,2025-09-23,1,"[[""2025-09-23"", ""2025-10-22""], [""2025-08-05"", ""2025-09-04""]]"
executive_compensation_change,cash_secured_put,DIS,2025-10-17,1,"[[""2025-10-17"", ""2025-11-17""], [""2025-12-19"", ""2026-01-22""]]"
executive_compensation_change,cash_secured_put,TSLA,2025-11-10,2,"[[""2025-11-10"", ""2025-12-10""], [""2025-12-08"", ""2026-01-08""], [""2025-12-15"", ""2026-01-15""]]"
executive_compensation_change,cash_secured_put,DIS,2025-11-10,1,"[[""2025-11-10"", ""2025-12-10""], [""2025-12-15"", ""2026-01-15""]]"
executive_compensation_change,cash_secured_put,DIS,2025-11-13,1,"[[""2025-11-13"", ""2025-12-15""], [""2025-12-18"", ""2026-01-21""]]"
executive_compensation_change,cash_secured_put,NKE,2025-12-03,1,"[[""2025-12-03"", ""2026-01-05""], [""2025-10-01"", ""2025-10-30""]]"
executive_officer_appointment,long_call,RTX,2024-01-05,3,"[[""2024-01-05"", ""2024-02-06""], [""2024-03-01"", ""2024-04-02""], [""2024-03-08"", ""2024-04-09""], [""2024-03-15"", ""2024-04-16""]]"
executive_officer_appointment,long_call,TGT,2024-01-19,3,"[[""2024-01-19"", ""2024-02-20""], [""2024-02-23"", ""2024-03-25""], [""2024-03-01"", ""2024-04-02""], [""2024-03-15"", ""2024-04-16""]]"
executive_officer_appointment,long_call,FDX,2024-03-12,1,"[[""2024-03-12"", ""2024-04-11""], [""2024-02-06"", ""2024-03-07""]]"
executive_officer_appointment,long_call,DUK,2024-03-18,1,"[[""2024-03-18"", ""2024-04-17""], [""2024-02-12"", ""2024-03-13""]]"
executive_officer_appointment,long_call,BA,2024-03-26,3,"[[""2024-03-26"", ""2024-04-25""], [""2024-02-20"", ""2024-03-20""], [""2024-01-30"", ""2024-02-29""], [""2024-01-23"", ""2024-02-22""]]"
executive_officer_appointment,long_call,KO,2024-05-03,1,"[[""2024-05-03"", ""2024-06-04""], [""2024-06-14"", ""2024-07-17""]]"
executive_officer_appointment,long_call,ACN,2024-06-12,2,"[[""2024-06-12"", ""2024-07-15""], [""2024-04-10"", ""2024-05-09""], [""2024-04-03"", ""2024-05-02""]]"
executive_officer_appointment,long_call,GOOGL,2024-10-18,3,"[[""2024-10-18"", ""2024-11-18""], [""2024-12-06"", ""2025-01-08""], [""2024-12-13"", ""2025-01-16""], [""2024-12-20"", ""2025-01-24""]]"
executive_officer_appointment,long_call,AMD,2024-11-19,1,"[[""2024-11-19"", ""2024-12-19""], [""2024-10-15"", ""2024-11-13""]]"
executive_officer_appointment,long_call,ISRG,2025-01-07,1,"[[""2025-01-07"", ""2025-02-07""], [""2025-03-04"", ""2025-04-02""]]"
executive_officer_appointment,long_call,COP,2025-01-29,2,"[[""2025-01-29"", ""2025-02-28""], [""2025-03-05"", ""2025-04-03""], [""2025-03-12"", ""2025-04-10""]]"
executive_officer_appointment,long_call,WFC,2025-01-31,1,"[[""2025-01-31"", ""2025-03-04""], [""2025-03-07"", ""2025-04-07""]]"
executive_officer_appointment,long_call,CRM,2025-02-06,1,"[[""2025-02-06"", ""2025-03-10""], [""2025-03-13"", ""2025-04-11""]]"
executive_officer_appointment,long_call,MA,2025-02-27,1,"[[""2025-02-27"", ""2025-03-28""], [""2025-01-02"", ""2025-02-04""]]"
executive_officer_appointment,long_call,PLTR,2025-03-03,1,"[[""2025-03-03"", ""2025-04-01""], [""2025-03-31"", ""2025-04-30""]]"
executive_officer_appointment,long_call,GILD,2025-03-13,1,"[[""2025-03-13"", ""2025-04-11""], [""2025-01-30"", ""2025-03-03""]]"
executive_officer_appointment,long_call,MDT,2025-05-22,1,"[[""2025-05-22"", ""2025-06-24""], [""2025-04-17"", ""2025-05-19""]]"
executive_officer_appointment,long_call,AAPL,2025-07-10,1,"[[""2025-07-10"", ""2025-08-08""], [""2025-09-11"", ""2025-10-10""]]"
executive_officer_appointment,long_call,SO,2025-07-24,3,"[[""2025-07-24"", ""2025-08-22""], [""2025-08-28"", ""2025-09-29""], [""2025-09-11"", ""2025-10-10""], [""2025-09-18"", ""2025-10-17""]]"
executive_officer_appointment,long_call,AAPL,2025-07-28,3,"[[""2025-07-28"", ""2025-08-26""], [""2025-08-25"", ""2025-09-24""], [""2025-09-15"", ""2025-10-14""], [""2025-09-22"", ""2025-10-21""]]"
executive_officer_appointment,long_call,COST,2025-08-08,1,"[[""2025-08-08"", ""2025-09-09""], [""2025-09-12"", ""2025-10-13""]]"
executive_officer_appointment,long_call,QCOM,2025-08-26,1,"[[""2025-08-26"", ""2025-09-25""], [""2025-07-22"", ""2025-08-20""]]"
executive_officer_appointment,long_call,AAPL,2025-12-08,2,"[[""2025-12-08"", ""2026-01-08""], [""2025-10-20"", ""2025-11-18""], [""2025-10-13"", ""2025-11-11""]]"
executive_officer_appointment,covered_call,RTX,2024-01-05,3,"[[""2024-01-05"", ""2024-02-06""], [""2024-03-01"", ""2024-04-02""], [""2024-03-08"", ""2024-04-09""], [""2024-03-15"", ""2024-04-16""]]"
executive_officer_appointment,covered_call,TGT,2024-01-19,3,"[[""2024-01-19"", ""2024-02-20""], [""2024-02-23"", ""2024-03-25""], [""2024-03-01"", ""2024-04-02""], [""2024-03-15"", ""2024-04-16""]]"
executive_officer_appointment,covered_call,FDX,2024-03-12,1,"[[""2024-03-12"", ""2024-04-11""], [""2024-02-06"", ""2024-03-07""]]"
executive_officer_appointment,covered_call,BA,2024-03-26,3,"[[""2024-03-26"", ""2024-04-25""], [""2024-02-20"", ""2024-03-20""], [""2024-01-30"", ""2024-02-29""], [""2024-01-23"", ""2024-02-22""]]"
executive_officer_appointment,covered_call,KO,2024-05-03,1,"[[""2024-05-03"", ""2024-06-04""], [""2024-06-14"", ""2024-07-17""]]"
executive_officer_appointment,covered_call,ACN,2024-06-12,2,"[[""2024-06-12"", ""2024-07-15""], [""2024-04-10"", ""2024-05-09""], [""2024-04-03"", ""2024-05-02""]]"
executive_officer_appointment,covered_call,GM,2024-06-26,1,"[[""2024-06-26"", ""2024-07-26""], [""2024-05-01"", ""2024-05-31""]]"
executive_officer_appointment,covered_call,NOW,2024-07-25,3,"[[""2024-07-25"", ""2024-08-23""], [""2024-08-29"", ""2024-09-30""], [""2024-09-05"", ""2024-10-04""], [""2024-09-12"", ""2024-10-11""]]"
executive_officer_appointment,covered_call,GOOGL,2024-10-18,3,"[[""2024-10-18"", ""2024-11-18""], [""2024-12-06"", ""2025-01-08""], [""2024-12-13"", ""2025-01-16""], [""2024-12-20"", ""2025-01-24""]]"
executive_officer_appointment,covered_call,COP,2025-01-29,2,"[[""2025-01-29"", ""2025-02-28""], [""2025-03-05"", ""2025-04-03""], [""2025-03-12"", ""2025-04-10""]]"
executive_officer_appointment,covered_call,WFC,2025-01-31,1,"[[""2025-01-31"", ""2025-03-04""], [""2025-03-07"", ""2025-04-07""]]"
executive_officer_appointment,covered_call,CRM,2025-02-06,1,"[[""2025-02-06"", ""2025-03-10""], [""2025-03-13"", ""2025-04-11""]]"
executive_officer_appointment,covered_call,PLTR,2025-03-03,1,"[[""2025-03-03"", ""2025-04-01""], [""2025-03-31"", ""2025-04-30""]]"
executive_officer_appointment,covered_call,MDT,2025-05-22,1,"[[""2025-05-22"", ""2025-06-24""], [""2025-04-17"", ""2025-05-19""]]"
executive_officer_appointment,covered_call,AAPL,2025-07-10,1,"[[""2025-07-10"", ""2025-08-08""], [""2025-09-11"", ""2025-10-10""]]"
executive_officer_appointment,covered_call,AAPL,2025-07-28,3,"[[""2025-07-28"", ""2025-08-26""], [""2025-08-25"", ""2025-09-24""], [""2025-09-15"", ""2025-10-14""], [""2025-09-22"", ""2025-10-21""]]"
executive_officer_appointment,covered_call,COST,2025-08-08,1,"[[""2025-08-08"", ""2025-09-09""], [""2025-09-12"", ""2025-10-13""]]"
executive_officer_appointment,covered_call,QCOM,2025-08-26,1,"[[""2025-08-26"", ""2025-09-25""], [""2025-07-22"", ""2025-08-20""]]"
executive_officer_appointment,covered_call,DIS,2025-11-10,1,"[[""2025-11-10"", ""2025-12-10""], [""2025-12-15"", ""2026-01-15""]]"
executive_officer_appointment,covered_call,NKE,2025-12-03,1,"[[""2025-12-03"", ""2026-01-05""], [""2025-10-01"", ""2025-10-30""]]"
executive_officer_appointment,covered_call,AAPL,2025-12-08,2,"[[""2025-12-08"", ""2026-01-08""], [""2025-10-20"", ""2025-11-18""], [""2025-10-13"", ""2025-11-11""]]"
executive_officer_appointment,protective_put,TGT,2024-01-19,3,"[[""2024-01-19"", ""2024-02-20""], [""2024-02-23"", ""2024-03-25""], [""2024-03-01"", ""2024-04-02""], [""2024-03-15"", ""2024-04-16""]]"
executive_officer_appointment,protective_put,FDX,2024-03-12,1,"[[""2024-03-12"", ""2024-04-11""], [""2024-02-06"", ""2024-03-07""]]"
executive_officer_appointment,protective_put,DUK,2024-03-18,1,"[[""2024-03-18"", ""2024-04-17""], [""2024-02-12"", ""2024-03-13""]]"
executive_officer_appointment,protective_put,BA,2024-03-26,3,"[[""2024-03-26"", ""2024-04-25""], [""2024-02-20"", ""2024-03-20""], [""2024-01-30"", ""2024-02-29""], [""2024-01-23"", ""2024-02-22""]]"
executive_officer_appointment,protective_put,KO,2024-05-03,1,"[[""2024-05-03"", ""2024-06-04""], [""2024-06-14"", ""2024-07-17""]]"
executive_officer_appointment,protective_put,ACN,2024-06-12,2,"[[""2024-06-12"", ""2024-07-15""], [""2024-04-10"", ""2024-05-09""], [""2024-04-03"", ""2024-05-02""]]"
executive_officer_appointment,protective_put,GM,2024-06-26,1,"[[""2024-06-26"", ""2024-07-26""], [""2024-05-01"", ""2024-05-31""]]"
executive_officer_appointment,protective_put,NOW,2024-07-25,3,"[[""2024-07-25"", ""2024-08-23""], [""2024-08-29"", ""2024-09-30""], [""2024-09-05"", ""2024-10-04""], [""2024-09-12"", ""2024-10-11""]]"
executive_officer_appointment,protective_put,GOOGL,2024-10-18,3,"[[""2024-10-18"", ""2024-11-18""], [""2024-12-06"", ""2025-01-08""], [""2024-12-13"", ""2025-01-16""], [""2024-12-20"", ""2025-01-24""]]"
executive_officer_appointment,protective_put,AMD,2024-11-19,1,"[[""2024-11-19"", ""2024-12-19""], [""2024-10-15"", ""2024-11-13""]]"
executive_officer_appointment,protective_put,ISRG,2025-01-07,1,"[[""2025-01-07"", ""2025-02-07""], [""2025-03-04"", ""2025-04-02""]]"
executive_officer_appointment,protective_put,COP,2025-01-29,2,"[[""2025-01-29"", ""2025-02-28""], [""2025-03-05"", ""2025-04-03""], [""2025-03-12"", ""2025-04-10""]]"
executive_officer_appointment,protective_put,WFC,2025-01-31,1,"[[""2025-01-31"", ""2025-03-04""], [""2025-03-07"", ""2025-04-07""]]"
executive_officer_appointment,protective_put,CRM,2025-02-06,1,"[[""2025-02-06"", ""2025-03-10""], [""2025-03-13"", ""2025-04-11""]]"
executive_officer_appointment,protective_put,MA,2025-02-27,1,"[[""2025-02-27"", ""2025-03-28""], [""2025-01-02"", ""2025-02-04""]]"
executive_officer_appointment,protective_put,PLTR,2025-03-03,1,"[[""2025-03-03"", ""2025-04-01""], [""2025-03-31"", ""2025-04-30""]]"
executive_officer_appointment,protective_put,AAPL,2025-07-10,1,"[[""2025-07-10"", ""2025-08-08""], [""2025-09-11"", ""2025-10-10""]]"
executive_officer_appointment,protective_put,SO,2025-07-24,2,"[[""2025-07-24"", ""2025-08-22""], [""2025-09-11"", ""2025-10-10""], [""2025-09-25"", ""2025-10-24""]]"
executive_officer_appointment,protective_put,AAPL,2025-07-28,3,"[[""2025-07-28"", ""2025-08-26""], [""2025-08-25"", ""2025-09-24""], [""2025-09-15"", ""2025-10-14""], [""2025-09-22"", ""2025-10-21""]]"
executive_officer_appointment,protective_put,COST,2025-08-08,1,"[[""2025-08-08"", ""2025-09-09""], [""2025-09-12"", ""2025-10-13""]]"
executive_officer_appointment,protective_put,QCOM,2025-08-26,1,"[[""2025-08-26"", ""2025-09-25""], [""2025-07-22"", ""2025-08-20""]]"
executive_officer_appointment,protective_put,DIS,2025-11-10,1,"[[""2025-11-10"", ""2025-12-10""], [""2025-12-15"", ""2026-01-15""]]"
executive_officer_appointment,protective_put,NKE,2025-12-03,1,"[[""2025-12-03"", ""2026-01-05""], [""2025-10-01"", ""2025-10-30""]]"
executive_officer_appointment,protective_put,AAPL,2025-12-08,2,"[[""2025-12-08"", ""2026-01-08""], [""2025-10-20"", ""2025-11-18""], [""2025-10-13"", ""2025-11-11""]]"
executive_officer_appointment,collar,TGT,2024-01-19,3,"[[""2024-01-19"", ""2024-02-20""], [""2024-02-23"", ""2024-03-25""], [""2024-03-01"", ""2024-04-02""], [""2024-03-15"", ""2024-04-16""]]"
executive_officer_appointment,collar,FDX,2024-03-12,1,"[[""2024-03-12"", ""2024-04-11""], [""2024-02-06"", ""2024-03-07""]]"
executive_officer_appointment,collar,BA,2024-03-26,3,"[[""2024-03-26"", ""2024-04-25""], [""2024-02-20"", ""2024-03-20""], [""2024-01-30"", ""2024-02-29""], [""2024-01-23"", ""2024-02-22""]]"
executive_officer_appointment,collar,KO,2024-05-03,1,"[[""2024-05-03"", ""2024-06-04""], [""2024-06-14"", ""2024-07-17""]]"
executive_officer_appointment,collar,ACN,2024-06-12,2,"[[""2024-06-12"", ""2024-07-15""], [""2024-04-10"", ""2024-05-09""], [""2024-04-03"", ""2024-05-02""]]"
executive_officer_appointment,collar,GM,2024-06-26,1,"[[""2024-06-26"", ""2024-07-26""], [""2024-05-01"", ""2024-05-31""]]"
executive_officer_appointment,collar,NOW,2024-07-25,3,"[[""2024-07-25"", ""2024-08-23""], [""2024-08-29"", ""2024-09-30""], [""2024-09-05"", ""2024-10-04""], [""2024-09-12"", ""2024-10-11""]]"
executive_officer_appointment,collar,GOOGL,2024-10-18,3,"[[""2024-10-18"", ""2024-11-18""], [""2024-12-06"", ""2025-01-08""], [""2024-12-13"", ""2025-01-16""], [""2024-12-20"", ""2025-01-24""]]"
executive_officer_appointment,collar,COP,2025-01-29,2,"[[""2025-01-29"", ""2025-02-28""], [""2025-03-05"", ""2025-04-03""], [""2025-03-12"", ""2025-04-10""]]"
executive_officer_appointment,collar,WFC,2025-01-31,1,"[[""2025-01-31"", ""2025-03-04""], [""2025-03-07"", ""2025-04-07""]]"
executive_officer_appointment,collar,CRM,2025-02-06,1,"[[""2025-02-06"", ""2025-03-10""], [""2025-03-13"", ""2025-04-11""]]"
executive_officer_appointment,collar,PLTR,2025-03-03,1,"[[""2025-03-03"", ""2025-04-01""], [""2025-03-31"", ""2025-04-30""]]"
executive_officer_appointment,collar,AAPL,2025-07-10,1,"[[""2025-07-10"", ""2025-08-08""], [""2025-09-11"", ""2025-10-10""]]"
executive_officer_appointment,collar,AAPL,2025-07-28,3,"[[""2025-07-28"", ""2025-08-26""], [""2025-08-25"", ""2025-09-24""], [""2025-09-15"", ""2025-10-14""], [""2025-09-22"", ""2025-10-21""]]"
executive_officer_appointment,collar,COST,2025-08-08,1,"[[""2025-08-08"", ""2025-09-09""], [""2025-09-12"", ""2025-10-13""]]"
executive_officer_appointment,collar,QCOM,2025-08-26,1,"[[""2025-08-26"", ""2025-09-25""], [""2025-07-22"", ""2025-08-20""]]"
executive_officer_appointment,collar,DIS,2025-11-10,1,"[[""2025-11-10"", ""2025-12-10""], [""2025-12-15"", ""2026-01-15""]]"
executive_officer_appointment,collar,NKE,2025-12-03,1,"[[""2025-12-03"", ""2026-01-05""], [""2025-10-01"", ""2025-10-30""]]"
executive_officer_appointment,collar,AAPL,2025-12-08,2,"[[""2025-12-08"", ""2026-01-08""], [""2025-10-20"", ""2025-11-18""], [""2025-10-13"", ""2025-11-11""]]"
executive_officer_appointment,cash_secured_put,TGT,2024-01-19,3,"[[""2024-01-19"", ""2024-02-20""], [""2024-02-23"", ""2024-03-25""], [""2024-03-01"", ""2024-04-02""], [""2024-03-15"", ""2024-04-16""]]"
executive_officer_appointment,cash_secured_put,FDX,2024-03-12,1,"[[""2024-03-12"", ""2024-04-11""], [""2024-02-06"", ""2024-03-07""]]"
executive_officer_appointment,cash_secured_put,DUK,2024-03-18,1,"[[""2024-03-18"", ""2024-04-17""], [""2024-02-12"", ""2024-03-13""]]"
executive_officer_appointment,cash_secured_put,BA,2024-03-26,3,"[[""2024-03-26"", ""2024-04-25""], [""2024-02-20"", ""2024-03-20""], [""2024-01-30"", ""2024-02-29""], [""2024-01-23"", ""2024-02-22""]]"
executive_officer_appointment,cash_secured_put,KO,2024-05-03,1,"[[""2024-05-03"", ""2024-06-04""], [""2024-06-14"", ""2024-07-17""]]"
executive_officer_appointment,cash_secured_put,ACN,2024-06-12,2,"[[""2024-06-12"", ""2024-07-15""], [""2024-04-10"", ""2024-05-09""], [""2024-04-03"", ""2024-05-02""]]"
executive_officer_appointment,cash_secured_put,GM,2024-06-26,1,"[[""2024-06-26"", ""2024-07-26""], [""2024-05-01"", ""2024-05-31""]]"
executive_officer_appointment,cash_secured_put,NOW,2024-07-25,3,"[[""2024-07-25"", ""2024-08-23""], [""2024-08-29"", ""2024-09-30""], [""2024-09-05"", ""2024-10-04""], [""2024-09-12"", ""2024-10-11""]]"
executive_officer_appointment,cash_secured_put,GOOGL,2024-10-18,3,"[[""2024-10-18"", ""2024-11-18""], [""2024-12-06"", ""2025-01-08""], [""2024-12-13"", ""2025-01-16""], [""2024-12-20"", ""2025-01-24""]]"
executive_officer_appointment,cash_secured_put,AMD,2024-11-19,1,"[[""2024-11-19"", ""2024-12-19""], [""2024-10-15"", ""2024-11-13""]]"
executive_officer_appointment,cash_secured_put,ISRG,2025-01-07,1,"[[""2025-01-07"", ""2025-02-07""], [""2025-03-04"", ""2025-04-02""]]"
executive_officer_appointment,cash_secured_put,COP,2025-01-29,2,"[[""2025-01-29"", ""2025-02-28""], [""2025-03-05"", ""2025-04-03""], [""2025-03-12"", ""2025-04-10""]]"
executive_officer_appointment,cash_secured_put,WFC,2025-01-31,1,"[[""2025-01-31"", ""2025-03-04""], [""2025-03-07"", ""2025-04-07""]]"
executive_officer_appointment,cash_secured_put,CRM,2025-02-06,1,"[[""2025-02-06"", ""2025-03-10""], [""2025-03-13"", ""2025-04-11""]]"
executive_officer_appointment,cash_secured_put,MA,2025-02-27,1,"[[""2025-02-27"", ""2025-03-28""], [""2025-01-02"", ""2025-02-04""]]"
executive_officer_appointment,cash_secured_put,PLTR,2025-03-03,1,"[[""2025-03-03"", ""2025-04-01""], [""2025-03-31"", ""2025-04-30""]]"
executive_officer_appointment,cash_secured_put,AAPL,2025-07-10,1,"[[""2025-07-10"", ""2025-08-08""], [""2025-09-11"", ""2025-10-10""]]"
executive_officer_appointment,cash_secured_put,SO,2025-07-24,2,"[[""2025-07-24"", ""2025-08-22""], [""2025-09-11"", ""2025-10-10""], [""2025-09-25"", ""2025-10-24""]]"
executive_officer_appointment,cash_secured_put,AAPL,2025-07-28,3,"[[""2025-07-28"", ""2025-08-26""], [""2025-08-25"", ""2025-09-24""], [""2025-09-15"", ""2025-10-14""], [""2025-09-22"", ""2025-10-21""]]"
executive_officer_appointment,cash_secured_put,COST,2025-08-08,1,"[[""2025-08-08"", ""2025-09-09""], [""2025-09-12"", ""2025-10-13""]]"
executive_officer_appointment,cash_secured_put,QCOM,2025-08-26,1,"[[""2025-08-26"", ""2025-09-25""], [""2025-07-22"", ""2025-08-20""]]"
executive_officer_appointment,cash_secured_put,DIS,2025-11-10,1,"[[""2025-11-10"", ""2025-12-10""], [""2025-12-15"", ""2026-01-15""]]"
executive_officer_appointment,cash_secured_put,NKE,2025-12-03,1,"[[""2025-12-03"", ""2026-01-05""], [""2025-10-01"", ""2025-10-30""]]"
executive_officer_appointment,cash_secured_put,AAPL,2025-12-08,2,"[[""2025-12-08"", ""2026-01-08""], [""2025-10-20"", ""2025-11-18""], [""2025-10-13"", ""2025-11-11""]]"
guidance_issuance_or_update,long_call,UBER,2024-02-15,1,"[[""2024-02-15"", ""2024-03-18""], [""2024-03-21"", ""2024-04-22""]]"
guidance_issuance_or_update,long_call,ABBV,2024-04-04,2,"[[""2024-04-04"", ""2024-05-03""], [""2024-05-09"", ""2024-06-10""], [""2024-05-16"", ""2024-06-17""]]"
guidance_issuance_or_update,long_call,ABBV,2024-10-04,1,"[[""2024-10-04"", ""2024-11-04""], [""2024-11-08"", ""2024-12-10""]]"
guidance_issuance_or_update,long_call,UNH,2024-12-04,2,"[[""2024-12-04"", ""2025-01-06""], [""2024-10-09"", ""2024-11-07""], [""2024-10-02"", ""2024-10-31""]]"
guidance_issuance_or_update,long_call,ABBV,2025-07-07,1,"[[""2025-07-07"", ""2025-08-05""], [""2025-08-11"", ""2025-09-10""]]"
guidance_issuance_or_update,long_call,CAT,2025-08-29,1,"[[""2025-08-29"", ""2025-09-30""], [""2025-07-18"", ""2025-08-18""]]"
guidance_issuance_or_update,long_call,ADBE,2025-09-12,2,"[[""2025-09-12"", ""2025-10-13""], [""2025-07-25"", ""2025-08-25""], [""2025-07-18"", ""2025-08-18""]]"
guidance_issuance_or_update,long_call,ABBV,2025-10-06,2,"[[""2025-10-06"", ""2025-11-04""], [""2025-11-03"", ""2025-12-03""], [""2025-12-01"", ""2025-12-31""]]"
guidance_issuance_or_update,long_call,CRM,2025-10-17,1,"[[""2025-10-17"", ""2025-11-17""], [""2025-12-19"", ""2026-01-22""]]"
guidance_issuance_or_update,long_call,NEE,2025-12-09,1,"[[""2025-12-09"", ""2026-01-09""], [""2025-10-07"", ""2025-11-05""]]"
guidance_issuance_or_update,long_call,CVS,2025-12-10,1,"[[""2025-12-10"", ""2026-01-12""], [""2025-11-05"", ""2025-12-05""]]"
guidance_issuance_or_update,covered_call,UBER,2024-02-15,1,"[[""2024-02-15"", ""2024-03-18""], [""2024-03-21"", ""2024-04-22""]]"
guidance_issuance_or_update,covered_call,ABBV,2024-04-04,2,"[[""2024-04-04"", ""2024-05-03""], [""2024-05-09"", ""2024-06-10""], [""2024-05-16"", ""2024-06-17""]]"
guidance_issuance_or_update,covered_call,UNH,2024-12-04,2,"[[""2024-12-04"", ""2025-01-06""], [""2024-10-09"", ""2024-11-07""], [""2024-10-02"", ""2024-10-31""]]"
guidance_issuance_or_update,covered_call,ABBV,2025-07-07,1,"[[""2025-07-07"", ""2025-08-05""], [""2025-08-11"", ""2025-09-10""]]"
guidance_issuance_or_update,covered_call,CAT,2025-08-29,1,"[[""2025-08-29"", ""2025-09-30""], [""2025-07-18"", ""2025-08-18""]]"
guidance_issuance_or_update,covered_call,ADBE,2025-09-12,2,"[[""2025-09-12"", ""2025-10-13""], [""2025-07-25"", ""2025-08-25""], [""2025-07-18"", ""2025-08-18""]]"
guidance_issuance_or_update,covered_call,ABBV,2025-10-06,2,"[[""2025-10-06"", ""2025-11-04""], [""2025-11-03"", ""2025-12-03""], [""2025-12-01"", ""2025-12-31""]]"
guidance_issuance_or_update,covered_call,CRM,2025-10-17,1,"[[""2025-10-17"", ""2025-11-17""], [""2025-12-19"", ""2026-01-22""]]"
guidance_issuance_or_update,covered_call,NEE,2025-12-09,1,"[[""2025-12-09"", ""2026-01-09""], [""2025-10-07"", ""2025-11-05""]]"
guidance_issuance_or_update,covered_call,CVS,2025-12-10,1,"[[""2025-12-10"", ""2026-01-12""], [""2025-11-05"", ""2025-12-05""]]"
guidance_issuance_or_update,protective_put,UBER,2024-02-15,1,"[[""2024-02-15"", ""2024-03-18""], [""2024-03-21"", ""2024-04-22""]]"
guidance_issuance_or_update,protective_put,ABBV,2024-04-04,2,"[[""2024-04-04"", ""2024-05-03""], [""2024-05-09"", ""2024-06-10""], [""2024-05-16"", ""2024-06-17""]]"
guidance_issuance_or_update,protective_put,ABBV,2024-10-04,1,"[[""2024-10-04"", ""2024-11-04""], [""2024-11-08"", ""2024-12-10""]]"
guidance_issuance_or_update,protective_put,UNH,2024-12-04,2,"[[""2024-12-04"", ""2025-01-06""], [""2024-10-09"", ""2024-11-07""], [""2024-10-02"", ""2024-10-31""]]"
guidance_issuance_or_update,protective_put,CAT,2025-08-29,1,"[[""2025-08-29"", ""2025-09-30""], [""2025-07-18"", ""2025-08-18""]]"
guidance_issuance_or_update,protective_put,ADBE,2025-09-12,2,"[[""2025-09-12"", ""2025-10-13""], [""2025-07-25"", ""2025-08-25""], [""2025-07-18"", ""2025-08-18""]]"
guidance_issuance_or_update,protective_put,ABBV,2025-10-06,2,"[[""2025-10-06"", ""2025-11-04""], [""2025-11-03"", ""2025-12-03""], [""2025-12-01"", ""2025-12-31""]]"
guidance_issuance_or_update,protective_put,CRM,2025-10-17,1,"[[""2025-10-17"", ""2025-11-17""], [""2025-12-19"", ""2026-01-22""]]"
guidance_issuance_or_update,protective_put,NEE,2025-12-09,1,"[[""2025-12-09"", ""2026-01-09""], [""2025-10-07"", ""2025-11-05""]]"
guidance_issuance_or_update,protective_put,CVS,2025-12-10,1,"[[""2025-12-10"", ""2026-01-12""], [""2025-11-05"", ""2025-12-05""]]"
guidance_issuance_or_update,collar,UBER,2024-02-15,1,"[[""2024-02-15"", ""2024-03-18""], [""2024-03-21"", ""2024-04-22""]]"
guidance_issuance_or_update,collar,ABBV,2024-04-04,2,"[[""2024-04-04"", ""2024-05-03""], [""2024-05-09"", ""2024-06-10""], [""2024-05-16"", ""2024-06-17""]]"
guidance_issuance_or_update,collar,UNH,2024-12-04,2,"[[""2024-12-04"", ""2025-01-06""], [""2024-10-09"", ""2024-11-07""], [""2024-10-02"", ""2024-10-31""]]"
guidance_issuance_or_update,collar,CAT,2025-08-29,1,"[[""2025-08-29"", ""2025-09-30""], [""2025-07-18"", ""2025-08-18""]]"
guidance_issuance_or_update,collar,ADBE,2025-09-12,2,"[[""2025-09-12"", ""2025-10-13""], [""2025-07-25"", ""2025-08-25""], [""2025-07-18"", ""2025-08-18""]]"
guidance_issuance_or_update,collar,ABBV,2025-10-06,2,"[[""2025-10-06"", ""2025-11-04""], [""2025-11-03"", ""2025-12-03""], [""2025-12-01"", ""2025-12-31""]]"
guidance_issuance_or_update,collar,CRM,2025-10-17,1,"[[""2025-10-17"", ""2025-11-17""], [""2025-12-19"", ""2026-01-22""]]"
guidance_issuance_or_update,collar,NEE,2025-12-09,1,"[[""2025-12-09"", ""2026-01-09""], [""2025-10-07"", ""2025-11-05""]]"
guidance_issuance_or_update,collar,CVS,2025-12-10,1,"[[""2025-12-10"", ""2026-01-12""], [""2025-11-05"", ""2025-12-05""]]"
guidance_issuance_or_update,cash_secured_put,UBER,2024-02-15,1,"[[""2024-02-15"", ""2024-03-18""], [""2024-03-21"", ""2024-04-22""]]"
guidance_issuance_or_update,cash_secured_put,ABBV,2024-04-04,2,"[[""2024-04-04"", ""2024-05-03""], [""2024-05-09"", ""2024-06-10""], [""2024-05-16"", ""2024-06-17""]]"
guidance_issuance_or_update,cash_secured_put,ABBV,2024-10-04,1,"[[""2024-10-04"", ""2024-11-04""], [""2024-11-08"", ""2024-12-10""]]"
guidance_issuance_or_update,cash_secured_put,UNH,2024-12-04,2,"[[""2024-12-04"", ""2025-01-06""], [""2024-10-09"", ""2024-11-07""], [""2024-10-02"", ""2024-10-31""]]"
guidance_issuance_or_update,cash_secured_put,CAT,2025-08-29,1,"[[""2025-08-29"", ""2025-09-30""], [""2025-07-18"", ""2025-08-18""]]"
guidance_issuance_or_update,cash_secured_put,ADBE,2025-09-12,2,"[[""2025-09-12"", ""2025-10-13""], [""2025-07-25"", ""2025-08-25""], [""2025-07-18"", ""2025-08-18""]]"
guidance_issuance_or_update,cash_secured_put,ABBV,2025-10-06,2,"[[""2025-10-06"", ""2025-11-04""], [""2025-11-03"", ""2025-12-03""], [""2025-12-01"", ""2025-12-31""]]"
guidance_issuance_or_update,cash_secured_put,CRM,2025-10-17,1,"[[""2025-10-17"", ""2025-11-17""], [""2025-12-19"", ""2026-01-22""]]"
guidance_issuance_or_update,cash_secured_put,NEE,2025-12-09,1,"[[""2025-12-09"", ""2026-01-09""], [""2025-10-07"", ""2025-11-05""]]"
guidance_issuance_or_update,cash_secured_put,CVS,2025-12-10,1,"[[""2025-12-10"", ""2026-01-12""], [""2025-11-05"", ""2025-12-05""]]"
quarterly_earnings,long_call,BAC,2024-01-16,1,"[[""2024-01-16"", ""2024-02-14""], [""2024-03-12"", ""2024-04-11""]]"
quarterly_earnings,long_call,LLY,2024-02-07,1,"[[""2024-02-07"", ""2024-03-08""], [""2024-03-13"", ""2024-04-12""]]"
quarterly_earnings,long_call,PEP,2024-02-12,1,"[[""2024-02-12"", ""2024-03-13""], [""2024-03-18"", ""2024-04-17""]]"
quarterly_earnings,long_call,WFC,2024-07-15,2,"[[""2024-07-15"", ""2024-08-13""], [""2024-08-26"", ""2024-09-25""], [""2024-09-09"", ""2024-10-08""]]"
quarterly_earnings,long_call,BAC,2024-07-17,2,"[[""2024-07-17"", ""2024-08-15""], [""2024-08-28"", ""2024-09-27""], [""2024-09-11"", ""2024-10-10""]]"
quarterly_earnings,long_call,FDX,2024-09-20,2,"[[""2024-09-20"", ""2024-10-21""], [""2024-08-02"", ""2024-09-03""], [""2024-07-26"", ""2024-08-26""]]"
quarterly_earnings,long_call,PEP,2024-10-09,1,"[[""2024-10-09"", ""2024-11-07""], [""2024-12-04"", ""2025-01-06""]]"
quarterly_earnings,long_call,BAC,2024-10-16,1,"[[""2024-10-16"", ""2024-11-14""], [""2024-11-20"", ""2024-12-20""]]"
quarterly_earnings,long_call,LLY,2024-10-31,1,"[[""2024-10-31"", ""2024-12-02""], [""2024-12-26"", ""2025-01-29""]]"
quarterly_earnings,long_call,MRK,2024-11-01,1,"[[""2024-11-01"", ""2024-12-03""], [""2024-12-27"", ""2025-01-30""]]"
quarterly_earnings,long_call,XOM,2024-11-04,3,"[[""2024-11-04"", ""2024-12-04""], [""2024-12-02"", ""2025-01-02""], [""2024-12-23"", ""2025-01-27""], [""2024-12-30"", ""2025-01-31""]]"
quarterly_earnings,long_call,FDX,2024-12-20,1,"[[""2024-12-20"", ""2025-01-24""], [""2024-11-15"", ""2024-12-17""]]"
quarterly_earnings,long_call,PEP,2025-02-05,1,"[[""2025-02-05"", ""2025-03-07""], [""2025-03-12"", ""2025-04-10""]]"
quarterly_earnings,long_call,MRK,2025-02-05,1,"[[""2025-02-05"", ""2025-03-07""], [""2025-03-12"", ""2025-04-10""]]"
quarterly_earnings,long_call,BAC,2025-04-16,1,"[[""2025-04-16"", ""2025-05-16""], [""2025-06-11"", ""2025-07-14""]]"
quarterly_earnings,long_call,XOM,2025-05-05,2,"[[""2025-05-05"", ""2025-06-04""], [""2025-06-02"", ""2025-07-02""], [""2025-06-30"", ""2025-07-30""]]"
quarterly_earnings,long_call,XOM,2025-08-04,2,"[[""2025-08-04"", ""2025-09-03""], [""2025-09-22"", ""2025-10-21""], [""2025-09-29"", ""2025-10-28""]]"
quarterly_earnings,long_call,LLY,2025-10-31,1,"[[""2025-10-31"", ""2025-12-02""], [""2025-12-26"", ""2026-01-28""]]"
quarterly_earnings,covered_call,BAC,2024-01-16,1,"[[""2024-01-16"", ""2024-02-14""], [""2024-03-12"", ""2024-04-11""]]"
quarterly_earnings,covered_call,LLY,2024-02-07,1,"[[""2024-02-07"", ""2024-03-08""], [""2024-03-13"", ""2024-04-12""]]"
quarterly_earnings,covered_call,PEP,2024-02-12,1,"[[""2024-02-12"", ""2024-03-13""], [""2024-03-18"", ""2024-04-17""]]"
quarterly_earnings,covered_call,WFC,2024-07-15,2,"[[""2024-07-15"", ""2024-08-13""], [""2024-08-26"", ""2024-09-25""], [""2024-09-09"", ""2024-10-08""]]"
quarterly_earnings,covered_call,MS,2024-07-17,1,"[[""2024-07-17"", ""2024-08-15""], [""2024-09-11"", ""2024-10-10""]]"
quarterly_earnings,covered_call,BAC,2024-07-17,2,"[[""2024-07-17"", ""2024-08-15""], [""2024-08-28"", ""2024-09-27""], [""2024-09-11"", ""2024-10-10""]]"
quarterly_earnings,covered_call,FDX,2024-09-20,2,"[[""2024-09-20"", ""2024-10-21""], [""2024-08-02"", ""2024-09-03""], [""2024-07-26"", ""2024-08-26""]]"
quarterly_earnings,covered_call,BAC,2024-10-16,1,"[[""2024-10-16"", ""2024-11-14""], [""2024-11-20"", ""2024-12-20""]]"
quarterly_earnings,covered_call,LLY,2024-10-31,1,"[[""2024-10-31"", ""2024-12-02""], [""2024-12-26"", ""2025-01-29""]]"
quarterly_earnings,covered_call,MRK,2024-11-01,1,"[[""2024-11-01"", ""2024-12-03""], [""2024-12-27"", ""2025-01-30""]]"
quarterly_earnings,covered_call,XOM,2024-11-04,2,"[[""2024-11-04"", ""2024-12-04""], [""2024-12-23"", ""2025-01-27""], [""2024-12-30"", ""2025-01-31""]]"
quarterly_earnings,covered_call,FDX,2024-12-20,1,"[[""2024-12-20"", ""2025-01-24""], [""2024-11-15"", ""2024-12-17""]]"
quarterly_earnings,covered_call,BAC,2025-04-16,1,"[[""2025-04-16"", ""2025-05-16""], [""2025-06-11"", ""2025-07-14""]]"
quarterly_earnings,covered_call,XOM,2025-08-04,2,"[[""2025-08-04"", ""2025-09-03""], [""2025-09-22"", ""2025-10-21""], [""2025-09-29"", ""2025-10-28""]]"
quarterly_earnings,covered_call,LLY,2025-08-08,1,"[[""2025-08-08"", ""2025-09-09""], [""2025-09-26"", ""2025-10-27""]]"
quarterly_earnings,covered_call,LLY,2025-10-31,1,"[[""2025-10-31"", ""2025-12-02""], [""2025-12-26"", ""2026-01-28""]]"
quarterly_earnings,protective_put,BAC,2024-01-16,1,"[[""2024-01-16"", ""2024-02-14""], [""2024-03-12"", ""2024-04-11""]]"
quarterly_earnings,protective_put,LLY,2024-02-07,1,"[[""2024-02-07"", ""2024-03-08""], [""2024-03-13"", ""2024-04-12""]]"
quarterly_earnings,protective_put,PEP,2024-02-12,1,"[[""2024-02-12"", ""2024-03-13""], [""2024-03-18"", ""2024-04-17""]]"
quarterly_earnings,protective_put,WFC,2024-07-15,1,"[[""2024-07-15"", ""2024-08-13""], [""2024-08-26"", ""2024-09-25""]]"
quarterly_earnings,protective_put,BAC,2024-07-17,2,"[[""2024-07-17"", ""2024-08-15""], [""2024-08-28"", ""2024-09-27""], [""2024-09-11"", ""2024-10-10""]]"
quarterly_earnings,protective_put,FDX,2024-09-20,2,"[[""2024-09-20"", ""2024-10-21""], [""2024-08-02"", ""2024-09-03""], [""2024-07-26"", ""2024-08-26""]]"
quarterly_earnings,protective_put,PEP,2024-10-09,1,"[[""2024-10-09"", ""2024-11-07""], [""2024-12-04"", ""2025-01-06""]]"
quarterly_earnings,protective_put,BAC,2024-10-16,1,"[[""2024-10-16"", ""2024-11-14""], [""2024-11-20"", ""2024-12-20""]]"
quarterly_earnings,protective_put,LLY,2024-10-31,1,"[[""2024-10-31"", ""2024-12-02""], [""2024-12-26"", ""2025-01-29""]]"
quarterly_earnings,protective_put,MRK,2024-11-01,1,"[[""2024-11-01"", ""2024-12-03""], [""2024-12-27"", ""2025-01-30""]]"
quarterly_earnings,protective_put,XOM,2024-11-04,3,"[[""2024-11-04"", ""2024-12-04""], [""2024-12-02"", ""2025-01-02""], [""2024-12-23"", ""2025-01-27""], [""2024-12-30"", ""2025-01-31""]]"
quarterly_earnings,protective_put,FDX,2024-12-20,1,"[[""2024-12-20"", ""2025-01-24""], [""2024-11-15"", ""2024-12-17""]]"
quarterly_earnings,protective_put,PEP,2025-02-05,1,"[[""2025-02-05"", ""2025-03-07""], [""2025-03-12"", ""2025-04-10""]]"
quarterly_earnings,protective_put,MRK,2025-02-05,1,"[[""2025-02-05"", ""2025-03-07""], [""2025-03-12"", ""2025-04-10""]]"
quarterly_earnings,protective_put,XOM,2025-08-04,2,"[[""2025-08-04"", ""2025-09-03""], [""2025-09-22"", ""2025-10-21""], [""2025-09-29"", ""2025-10-28""]]"
quarterly_earnings,protective_put,LLY,2025-08-08,1,"[[""2025-08-08"", ""2025-09-09""], [""2025-09-26"", ""2025-10-27""]]"
quarterly_earnings,collar,BAC,2024-01-16,1,"[[""2024-01-16"", ""2024-02-14""], [""2024-03-12"", ""2024-04-11""]]"
quarterly_earnings,collar,LLY,2024-02-07,1,"[[""2024-02-07"", ""2024-03-08""], [""2024-03-13"", ""2024-04-12""]]"
quarterly_earnings,collar,PEP,2024-02-12,1,"[[""2024-02-12"", ""2024-03-13""], [""2024-03-18"", ""2024-04-17""]]"
quarterly_earnings,collar,WFC,2024-07-15,1,"[[""2024-07-15"", ""2024-08-13""], [""2024-08-26"", ""2024-09-25""]]"
quarterly_earnings,collar,BAC,2024-07-17,2,"[[""2024-07-17"", ""2024-08-15""], [""2024-08-28"", ""2024-09-27""], [""2024-09-11"", ""2024-10-10""]]"
quarterly_earnings,collar,FDX,2024-09-20,2,"[[""2024-09-20"", ""2024-10-21""], [""2024-08-02"", ""2024-09-03""], [""2024-07-26"", ""2024-08-26""]]"
quarterly_earnings,collar,BAC,2024-10-16,1,"[[""2024-10-16"", ""2024-11-14""], [""2024-11-20"", ""2024-12-20""]]"
quarterly_earnings,collar,LLY,2024-10-31,1,"[[""2024-10-31"", ""2024-12-02""], [""2024-12-26"", ""2025-01-29""]]"
quarterly_earnings,collar,MRK,2024-11-01,1,"[[""2024-11-01"", ""2024-12-03""], [""2024-12-27"", ""2025-01-30""]]"
quarterly_earnings,collar,XOM,2024-11-04,2,"[[""2024-11-04"", ""2024-12-04""], [""2024-12-23"", ""2025-01-27""], [""2024-12-30"", ""2025-01-31""]]"
quarterly_earnings,collar,FDX,2024-12-20,1,"[[""2024-12-20"", ""2025-01-24""], [""2024-11-15"", ""2024-12-17""]]"
quarterly_earnings,collar,XOM,2025-08-04,2,"[[""2025-08-04"", ""2025-09-03""], [""2025-09-22"", ""2025-10-21""], [""2025-09-29"", ""2025-10-28""]]"
quarterly_earnings,collar,LLY,2025-08-08,1,"[[""2025-08-08"", ""2025-09-09""], [""2025-09-26"", ""2025-10-27""]]"
quarterly_earnings,cash_secured_put,BAC,2024-01-16,1,"[[""2024-01-16"", ""2024-02-14""], [""2024-03-12"", ""2024-04-11""]]"
quarterly_earnings,cash_secured_put,LLY,2024-02-07,1,"[[""2024-02-07"", ""2024-03-08""], [""2024-03-13"", ""2024-04-12""]]"
quarterly_earnings,cash_secured_put,PEP,2024-02-12,1,"[[""2024-02-12"", ""2024-03-13""], [""2024-03-18"", ""2024-04-17""]]"
quarterly_earnings,cash_secured_put,WFC,2024-07-15,1,"[[""2024-07-15"", ""2024-08-13""], [""2024-08-26"", ""2024-09-25""]]"
quarterly_earnings,cash_secured_put,BAC,2024-07-17,2,"[[""2024-07-17"", ""2024-08-15""], [""2024-08-28"", ""2024-09-27""], [""2024-09-11"", ""2024-10-10""]]"
quarterly_earnings,cash_secured_put,FDX,2024-09-20,2,"[[""2024-09-20"", ""2024-10-21""], [""2024-08-02"", ""2024-09-03""], [""2024-07-26"", ""2024-08-26""]]"
quarterly_earnings,cash_secured_put,PEP,2024-10-09,1,"[[""2024-10-09"", ""2024-11-07""], [""2024-12-04"", ""2025-01-06""]]"
quarterly_earnings,cash_secured_put,BAC,2024-10-16,1,"[[""2024-10-16"", ""2024-11-14""], [""2024-11-20"", ""2024-12-20""]]"
quarterly_earnings,cash_secured_put,LLY,2024-10-31,1,"[[""2024-10-31"", ""2024-12-02""], [""2024-12-26"", ""2025-01-29""]]"
quarterly_earnings,cash_secured_put,MRK,2024-11-01,1,"[[""2024-11-01"", ""2024-12-03""], [""2024-12-27"", ""2025-01-30""]]"
quarterly_earnings,cash_secured_put,XOM,2024-11-04,3,"[[""2024-11-04"", ""2024-12-04""], [""2024-12-02"", ""2025-01-02""], [""2024-12-23"", ""2025-01-27""], [""2024-12-30"", ""2025-01-31""]]"
quarterly_earnings,cash_secured_put,FDX,2024-12-20,1,"[[""2024-12-20"", ""2025-01-24""], [""2024-11-15"", ""2024-12-17""]]"
quarterly_earnings,cash_secured_put,PEP,2025-02-05,1,"[[""2025-02-05"", ""2025-03-07""], [""2025-03-12"", ""2025-04-10""]]"
quarterly_earnings,cash_secured_put,MRK,2025-02-05,1,"[[""2025-02-05"", ""2025-03-07""], [""2025-03-12"", ""2025-04-10""]]"
quarterly_earnings,cash_secured_put,XOM,2025-08-04,2,"[[""2025-08-04"", ""2025-09-03""], [""2025-09-22"", ""2025-10-21""], [""2025-09-29"", ""2025-10-28""]]"
quarterly_earnings,cash_secured_put,LLY,2025-08-08,1,"[[""2025-08-08"", ""2025-09-09""], [""2025-09-26"", ""2025-10-27""]]"
shareholder_proposal_outcome,long_call,AAPL,2024-02-29,3,"[[""2024-02-29"", ""2024-04-01""], [""2024-01-25"", ""2024-02-26""], [""2024-01-18"", ""2024-02-16""], [""2024-01-04"", ""2024-02-05""]]"
shareholder_proposal_outcome,long_call,DIS,2024-04-10,3,"[[""2024-04-10"", ""2024-05-09""], [""2024-05-15"", ""2024-06-14""], [""2024-05-22"", ""2024-06-24""], [""2024-06-12"", ""2024-07-15""]]"
shareholder_proposal_outcome,long_call,KO,2024-05-03,1,"[[""2024-05-03"", ""2024-06-04""], [""2024-06-14"", ""2024-07-17""]]"
shareholder_proposal_outcome,long_call,RTX,2024-05-07,1,"[[""2024-05-07"", ""2024-06-06""], [""2024-04-02"", ""2024-05-01""]]"
shareholder_proposal_outcome,long_call,UNP,2024-05-13,2,"[[""2024-05-13"", ""2024-06-12""], [""2024-06-10"", ""2024-07-11""], [""2024-06-17"", ""2024-07-18""]]"
shareholder_proposal_outcome,long_call,COP,2024-05-17,1,"[[""2024-05-17"", ""2024-06-18""], [""2024-04-12"", ""2024-05-13""]]"
shareholder_proposal_outcome,long_call,NOW,2024-05-24,1,"[[""2024-05-24"", ""2024-06-26""], [""2024-04-19"", ""2024-05-20""]]"
shareholder_proposal_outcome,long_call,AMZN,2024-05-28,1,"[[""2024-05-28"", ""2024-06-27""], [""2024-06-25"", ""2024-07-25""]]"
shareholder_proposal_outcome,long_call,SCHW,2024-05-30,1,"[[""2024-05-30"", ""2024-07-01""], [""2024-04-04"", ""2024-05-03""]]"
shareholder_proposal_outcome,long_call,GM,2024-06-07,1,"[[""2024-06-07"", ""2024-07-10""], [""2024-05-03"", ""2024-06-04""]]"
shareholder_proposal_outcome,long_call,CAT,2024-06-17,1,"[[""2024-06-17"", ""2024-07-18""], [""2024-05-06"", ""2024-06-05""]]"
shareholder_proposal_outcome,long_call,TGT,2024-06-17,3,"[[""2024-06-17"", ""2024-07-18""], [""2024-05-13"", ""2024-06-12""], [""2024-04-22"", ""2024-05-21""], [""2024-04-15"", ""2024-05-14""]]"
shareholder_proposal_outcome,long_call,FDX,2024-09-25,1,"[[""2024-09-25"", ""2024-10-24""], [""2024-07-31"", ""2024-08-29""]]"
shareholder_proposal_outcome,long_call,MSFT,2024-12-12,3,"[[""2024-12-12"", ""2025-01-15""], [""2024-10-24"", ""2024-11-22""], [""2024-10-17"", ""2024-11-15""], [""2024-10-10"", ""2024-11-08""]]"
shareholder_proposal_outcome,long_call,V,2025-01-30,2,"[[""2025-01-30"", ""2025-03-03""], [""2025-03-06"", ""2025-04-04""], [""2025-03-13"", ""2025-04-11""]]"
shareholder_proposal_outcome,long_call,QCOM,2025-03-21,3,"[[""2025-03-21"", ""2025-04-22""], [""2025-02-14"", ""2025-03-18""], [""2025-01-24"", ""2025-02-25""], [""2025-01-17"", ""2025-02-19""]]"
shareholder_proposal_outcome,long_call,USB,2025-04-21,1,"[[""2025-04-21"", ""2025-05-20""], [""2025-06-16"", ""2025-07-17""]]"
shareholder_proposal_outcome,long_call,GS,2025-04-25,2,"[[""2025-04-25"", ""2025-05-27""], [""2025-05-30"", ""2025-07-01""], [""2025-06-06"", ""2025-07-09""]]"
shareholder_proposal_outcome,long_call,BAC,2025-04-25,2,"[[""2025-04-25"", ""2025-05-27""], [""2025-05-30"", ""2025-07-01""], [""2025-06-06"", ""2025-07-09""]]"
shareholder_proposal_outcome,long_call,PFE,2025-04-29,1,"[[""2025-04-29"", ""2025-05-29""], [""2025-06-24"", ""2025-07-24""]]"
shareholder_proposal_outcome,long_call,RTX,2025-05-06,1,"[[""2025-05-06"", ""2025-06-05""], [""2025-04-01"", ""2025-05-01""]]"
shareholder_proposal_outcome,long_call,INTC,2025-05-12,2,"[[""2025-05-12"", ""2025-06-11""], [""2025-06-09"", ""2025-07-10""], [""2025-06-16"", ""2025-07-17""]]"
shareholder_proposal_outcome,long_call,COP,2025-05-16,1,"[[""2025-05-16"", ""2025-06-17""], [""2025-04-11"", ""2025-05-13""]]"
shareholder_proposal_outcome,long_call,AMZN,2025-05-23,1,"[[""2025-05-23"", ""2025-06-25""], [""2025-06-27"", ""2025-07-29""]]"
shareholder_proposal_outcome,long_call,MCD,2025-05-27,1,"[[""2025-05-27"", ""2025-06-26""], [""2025-06-24"", ""2025-07-24""]]"
shareholder_proposal_outcome,long_call,CVX,2025-06-02,2,"[[""2025-06-02"", ""2025-07-02""], [""2025-04-28"", ""2025-05-28""], [""2025-04-21"", ""2025-05-20""]]"
shareholder_proposal_outcome,long_call,META,2025-06-02,3,"[[""2025-06-02"", ""2025-07-02""], [""2025-06-30"", ""2025-07-30""], [""2025-04-28"", ""2025-05-28""], [""2025-04-21"", ""2025-05-20""]]"
shareholder_proposal_outcome,long_call,NVDA,2025-07-02,1,"[[""2025-07-02"", ""2025-08-01""], [""2025-09-24"", ""2025-10-23""]]"
shareholder_proposal_outcome,long_call,TSLA,2025-11-10,2,"[[""2025-11-10"", ""2025-12-10""], [""2025-12-08"", ""2026-01-08""], [""2025-12-15"", ""2026-01-15""]]"
shareholder_proposal_outcome,covered_call,AAPL,2024-02-29,3,"[[""2024-02-29"", ""2024-04-01""], [""2024-01-25"", ""2024-02-26""], [""2024-01-18"", ""2024-02-16""], [""2024-01-04"", ""2024-02-05""]]"
shareholder_proposal_outcome,covered_call,DIS,2024-04-10,3,"[[""2024-04-10"", ""2024-05-09""], [""2024-05-15"", ""2024-06-14""], [""2024-05-22"", ""2024-06-24""], [""2024-06-12"", ""2024-07-15""]]"
shareholder_proposal_outcome,covered_call,KO,2024-05-03,1,"[[""2024-05-03"", ""2024-06-04""], [""2024-06-14"", ""2024-07-17""]]"
shareholder_proposal_outcome,covered_call,RTX,2024-05-07,1,"[[""2024-05-07"", ""2024-06-06""], [""2024-04-02"", ""2024-05-01""]]"
shareholder_proposal_outcome,covered_call,NOW,2024-05-24,1,"[[""2024-05-24"", ""2024-06-26""], [""2024-04-19"", ""2024-05-20""]]"
shareholder_proposal_outcome,covered_call,AMZN,2024-05-28,1,"[[""2024-05-28"", ""2024-06-27""], [""2024-06-25"", ""2024-07-25""]]"
shareholder_proposal_outcome,covered_call,GM,2024-06-07,1,"[[""2024-06-07"", ""2024-07-10""], [""2024-05-03"", ""2024-06-04""]]"
shareholder_proposal_outcome,covered_call,CAT,2024-06-17,1,"[[""2024-06-17"", ""2024-07-18""], [""2024-05-06"", ""2024-06-05""]]"
shareholder_proposal_outcome,covered_call,TGT,2024-06-17,3,"[[""2024-06-17"", ""2024-07-18""], [""2024-05-13"", ""2024-06-12""], [""2024-04-22"", ""2024-05-21""], [""2024-04-15"", ""2024-05-14""]]"
shareholder_proposal_outcome,covered_call,FDX,2024-09-25,1,"[[""2024-09-25"", ""2024-10-24""], [""2024-07-31"", ""2024-08-29""]]"
shareholder_proposal_outcome,covered_call,MSFT,2024-12-12,3,"[[""2024-12-12"", ""2025-01-15""], [""2024-10-24"", ""2024-11-22""], [""2024-10-17"", ""2024-11-15""], [""2024-10-10"", ""2024-11-08""]]"
shareholder_proposal_outcome,covered_call,V,2025-01-30,2,"[[""2025-01-30"", ""2025-03-03""], [""2025-03-06"", ""2025-04-04""], [""2025-03-13"", ""2025-04-11""]]"
shareholder_proposal_outcome,covered_call,QCOM,2025-03-21,3,"[[""2025-03-21"", ""2025-04-22""], [""2025-02-14"", ""2025-03-18""], [""2025-01-24"", ""2025-02-25""], [""2025-01-17"", ""2025-02-19""]]"
shareholder_proposal_outcome,covered_call,USB,2025-04-21,1,"[[""2025-04-21"", ""2025-05-20""], [""2025-06-16"", ""2025-07-17""]]"
shareholder_proposal_outcome,covered_call,GS,2025-04-25,2,"[[""2025-04-25"", ""2025-05-27""], [""2025-05-30"", ""2025-07-01""], [""2025-06-06"", ""2025-07-09""]]"
shareholder_proposal_outcome,covered_call,BAC,2025-04-25,2,"[[""2025-04-25"", ""2025-05-27""], [""2025-05-30"", ""2025-07-01""], [""2025-06-06"", ""2025-07-09""]]"
shareholder_proposal_outcome,covered_call,RTX,2025-05-06,1,"[[""2025-05-06"", ""2025-06-05""], [""2025-04-01"", ""2025-05-01""]]"
shareholder_proposal_outcome,covered_call,COP,2025-05-16,2,"[[""2025-05-16"", ""2025-06-17""], [""2025-04-11"", ""2025-05-13""], [""2025-04-04"", ""2025-05-06""]]"
shareholder_proposal_outcome,covered_call,AMZN,2025-05-23,1,"[[""2025-05-23"", ""2025-06-25""], [""2025-06-27"", ""2025-07-29""]]"
shareholder_proposal_outcome,covered_call,MCD,2025-05-27,1,"[[""2025-05-27"", ""2025-06-26""], [""2025-06-24"", ""2025-07-24""]]"
shareholder_proposal_outcome,covered_call,CVX,2025-06-02,2,"[[""2025-06-02"", ""2025-07-02""], [""2025-04-28"", ""2025-05-28""], [""2025-04-21"", ""2025-05-20""]]"
shareholder_proposal_outcome,covered_call,META,2025-06-02,3,"[[""2025-06-02"", ""2025-07-02""], [""2025-06-30"", ""2025-07-30""], [""2025-04-28"", ""2025-05-28""], [""2025-04-21"", ""2025-05-20""]]"
shareholder_proposal_outcome,covered_call,NVDA,2025-07-02,1,"[[""2025-07-02"", ""2025-08-01""], [""2025-09-24"", ""2025-10-23""]]"
shareholder_proposal_outcome,covered_call,TSLA,2025-11-10,2,"[[""2025-11-10"", ""2025-12-10""], [""2025-12-08"", ""2026-01-08""], [""2025-12-15"", ""2026-01-15""]]"
shareholder_proposal_outcome,protective_put,AAPL,2024-02-29,3,"[[""2024-02-29"", ""2024-04-01""], [""2024-01-25"", ""2024-02-26""], [""2024-01-18"", ""2024-02-16""], [""2024-01-04"", ""2024-02-05""]]"
shareholder_proposal_outcome,protective_put,DIS,2024-04-10,3,"[[""2024-04-10"", ""2024-05-09""], [""2024-05-15"", ""2024-06-14""], [""2024-05-22"", ""2024-06-24""], [""2024-06-12"", ""2024-07-15""]]"
shareholder_proposal_outcome,protective_put,KO,2024-05-03,1,"[[""2024-05-03"", ""2024-06-04""], [""2024-06-14"", ""2024-07-17""]]"
shareholder_proposal_outcome,protective_put,RTX,2024-05-07,1,"[[""2024-05-07"", ""2024-06-06""], [""2024-04-02"", ""2024-05-01""]]"
shareholder_proposal_outcome,protective_put,UNP,2024-05-13,1,"[[""2024-05-13"", ""2024-06-12""], [""2024-06-10"", ""2024-07-11""]]"
shareholder_proposal_outcome,protective_put,COP,2024-05-17,1,"[[""2024-05-17"", ""2024-06-18""], [""2024-04-12"", ""2024-05-13""]]"
shareholder_proposal_outcome,protective_put,NOW,2024-05-24,1,"[[""2024-05-24"", ""2024-06-26""], [""2024-04-19"", ""2024-05-20""]]"
shareholder_proposal_outcome,protective_put,AMZN,2024-05-28,1,"[[""2024-05-28"", ""2024-06-27""], [""2024-06-25"", ""2024-07-25""]]"
shareholder_proposal_outcome,protective_put,GM,2024-06-07,1,"[[""2024-06-07"", ""2024-07-10""], [""2024-05-03"", ""2024-06-04""]]"
shareholder_proposal_outcome,protective_put,CAT,2024-06-17,1,"[[""2024-06-17"", ""2024-07-18""], [""2024-05-06"", ""2024-06-05""]]"
shareholder_proposal_outcome,protective_put,TGT,2024-06-17,3,"[[""2024-06-17"", ""2024-07-18""], [""2024-05-13"", ""2024-06-12""], [""2024-04-22"", ""2024-05-21""], [""2024-04-15"", ""2024-05-14""]]"
shareholder_proposal_outcome,protective_put,FDX,2024-09-25,1,"[[""2024-09-25"", ""2024-10-24""], [""2024-07-31"", ""2024-08-29""]]"
shareholder_proposal_outcome,protective_put,MSFT,2024-12-12,3,"[[""2024-12-12"", ""2025-01-15""], [""2024-10-24"", ""2024-11-22""], [""2024-10-17"", ""2024-11-15""], [""2024-10-10"", ""2024-11-08""]]"
shareholder_proposal_outcome,protective_put,V,2025-01-30,2,"[[""2025-01-30"", ""2025-03-03""], [""2025-03-06"", ""2025-04-04""], [""2025-03-13"", ""2025-04-11""]]"
shareholder_proposal_outcome,protective_put,QCOM,2025-03-21,3,"[[""2025-03-21"", ""2025-04-22""], [""2025-02-14"", ""2025-03-18""], [""2025-01-24"", ""2025-02-25""], [""2025-01-17"", ""2025-02-19""]]"
shareholder_proposal_outcome,protective_put,USB,2025-04-21,1,"[[""2025-04-21"", ""2025-05-20""], [""2025-06-16"", ""2025-07-17""]]"
shareholder_proposal_outcome,protective_put,GS,2025-04-25,2,"[[""2025-04-25"", ""2025-05-27""], [""2025-05-30"", ""2025-07-01""], [""2025-06-06"", ""2025-07-09""]]"
shareholder_proposal_outcome,protective_put,BAC,2025-04-25,2,"[[""2025-04-25"", ""2025-05-27""], [""2025-05-30"", ""2025-07-01""], [""2025-06-06"", ""2025-07-09""]]"
shareholder_proposal_outcome,protective_put,RTX,2025-05-06,1,"[[""2025-05-06"", ""2025-06-05""], [""2025-04-01"", ""2025-05-01""]]"
shareholder_proposal_outcome,protective_put,INTC,2025-05-12,2,"[[""2025-05-12"", ""2025-06-11""], [""2025-06-09"", ""2025-07-10""], [""2025-06-16"", ""2025-07-17""]]"
shareholder_proposal_outcome,protective_put,COP,2025-05-16,1,"[[""2025-05-16"", ""2025-06-17""], [""2025-04-04"", ""2025-05-06""]]"
shareholder_proposal_outcome,protective_put,AMZN,2025-05-23,1,"[[""2025-05-23"", ""2025-06-25""], [""2025-06-27"", ""2025-07-29""]]"
shareholder_proposal_outcome,protective_put,MCD,2025-05-27,1,"[[""2025-05-27"", ""2025-06-26""], [""2025-06-24"", ""2025-07-24""]]"
shareholder_proposal_outcome,protective_put,CVX,2025-06-02,2,"[[""2025-06-02"", ""2025-07-02""], [""2025-04-28"", ""2025-05-28""], [""2025-04-21"", ""2025-05-20""]]"
shareholder_proposal_outcome,protective_put,META,2025-06-02,3,"[[""2025-06-02"", ""2025-07-02""], [""2025-06-30"", ""2025-07-30""], [""2025-04-28"", ""2025-05-28""], [""2025-04-21"", ""2025-05-20""]]"
shareholder_proposal_outcome,protective_put,NVDA,2025-07-02,1,"[[""2025-07-02"", ""2025-08-01""], [""2025-09-24"", ""2025-10-23""]]"
shareholder_proposal_outcome,protective_put,TSLA,2025-11-10,2,"[[""2025-11-10"", ""2025-12-10""], [""2025-12-08"", ""2026-01-08""], [""2025-12-15"", ""2026-01-15""]]"
shareholder_proposal_outcome,collar,AAPL,2024-02-29,3,"[[""2024-02-29"", ""2024-04-01""], [""2024-01-25"", ""2024-02-26""], [""2024-01-18"", ""2024-02-16""], [""2024-01-04"", ""2024-02-05""]]"
shareholder_proposal_outcome,collar,DIS,2024-04-10,3,"[[""2024-04-10"", ""2024-05-09""], [""2024-05-15"", ""2024-06-14""], [""2024-05-22"", ""2024-06-24""], [""2024-06-12"", ""2024-07-15""]]"
shareholder_proposal_outcome,collar,KO,2024-05-03,1,"[[""2024-05-03"", ""2024-06-04""], [""2024-06-14"", ""2024-07-17""]]"
shareholder_proposal_outcome,collar,RTX,2024-05-07,1,"[[""2024-05-07"", ""2024-06-06""], [""2024-04-02"", ""2024-05-01""]]"
shareholder_proposal_outcome,collar,NOW,2024-05-24,1,"[[""2024-05-24"", ""2024-06-26""], [""2024-04-19"", ""2024-05-20""]]"
shareholder_proposal_outcome,collar,AMZN,2024-05-28,1,"[[""2024-05-28"", ""2024-06-27""], [""2024-06-25"", ""2024-07-25""]]"
shareholder_proposal_outcome,collar,GM,2024-06-07,1,"[[""2024-06-07"", ""2024-07-10""], [""2024-05-03"", ""2024-06-04""]]"
shareholder_proposal_outcome,collar,CAT,2024-06-17,1,"[[""2024-06-17"", ""2024-07-18""], [""2024-05-06"", ""2024-06-05""]]"
shareholder_proposal_outcome,collar,TGT,2024-06-17,3,"[[""2024-06-17"", ""2024-07-18""], [""2024-05-13"", ""2024-06-12""], [""2024-04-22"", ""2024-05-21""], [""2024-04-15"", ""2024-05-14""]]"
shareholder_proposal_outcome,collar,FDX,2024-09-25,1,"[[""2024-09-25"", ""2024-10-24""], [""2024-07-31"", ""2024-08-29""]]"
shareholder_proposal_outcome,collar,MSFT,2024-12-12,3,"[[""2024-12-12"", ""2025-01-15""], [""2024-10-24"", ""2024-11-22""], [""2024-10-17"", ""2024-11-15""], [""2024-10-10"", ""2024-11-08""]]"
shareholder_proposal_outcome,collar,V,2025-01-30,2,"[[""2025-01-30"", ""2025-03-03""], [""2025-03-06"", ""2025-04-04""], [""2025-03-13"", ""2025-04-11""]]"
shareholder_proposal_outcome,collar,QCOM,2025-03-21,3,"[[""2025-03-21"", ""2025-04-22""], [""2025-02-14"", ""2025-03-18""], [""2025-01-24"", ""2025-02-25""], [""2025-01-17"", ""2025-02-19""]]"
shareholder_proposal_outcome,collar,USB,2025-04-21,1,"[[""2025-04-21"", ""2025-05-20""], [""2025-06-16"", ""2025-07-17""]]"
shareholder_proposal_outcome,collar,GS,2025-04-25,2,"[[""2025-04-25"", ""2025-05-27""], [""2025-05-30"", ""2025-07-01""], [""2025-06-06"", ""2025-07-09""]]"
shareholder_proposal_outcome,collar,BAC,2025-04-25,2,"[[""2025-04-25"", ""2025-05-27""], [""2025-05-30"", ""2025-07-01""], [""2025-06-06"", ""2025-07-09""]]"
shareholder_proposal_outcome,collar,RTX,2025-05-06,1,"[[""2025-05-06"", ""2025-06-05""], [""2025-04-01"", ""2025-05-01""]]"
shareholder_proposal_outcome,collar,COP,2025-05-16,1,"[[""2025-05-16"", ""2025-06-17""], [""2025-04-04"", ""2025-05-06""]]"
shareholder_proposal_outcome,collar,AMZN,2025-05-23,1,"[[""2025-05-23"", ""2025-06-25""], [""2025-06-27"", ""2025-07-29""]]"
shareholder_proposal_outcome,collar,MCD,2025-05-27,1,"[[""2025-05-27"", ""2025-06-26""], [""2025-06-24"", ""2025-07-24""]]"
shareholder_proposal_outcome,collar,CVX,2025-06-02,2,"[[""2025-06-02"", ""2025-07-02""], [""2025-04-28"", ""2025-05-28""], [""2025-04-21"", ""2025-05-20""]]"
shareholder_proposal_outcome,collar,META,2025-06-02,3,"[[""2025-06-02"", ""2025-07-02""], [""2025-06-30"", ""2025-07-30""], [""2025-04-28"", ""2025-05-28""], [""2025-04-21"", ""2025-05-20""]]"
shareholder_proposal_outcome,collar,NVDA,2025-07-02,1,"[[""2025-07-02"", ""2025-08-01""], [""2025-09-24"", ""2025-10-23""]]"
shareholder_proposal_outcome,collar,TSLA,2025-11-10,2,"[[""2025-11-10"", ""2025-12-10""], [""2025-12-08"", ""2026-01-08""], [""2025-12-15"", ""2026-01-15""]]"
shareholder_proposal_outcome,cash_secured_put,AAPL,2024-02-29,3,"[[""2024-02-29"", ""2024-04-01""], [""2024-01-25"", ""2024-02-26""], [""2024-01-18"", ""2024-02-16""], [""2024-01-04"", ""2024-02-05""]]"
shareholder_proposal_outcome,cash_secured_put,DIS,2024-04-10,3,"[[""2024-04-10"", ""2024-05-09""], [""2024-05-15"", ""2024-06-14""], [""2024-05-22"", ""2024-06-24""], [""2024-06-12"", ""2024-07-15""]]"
shareholder_proposal_outcome,cash_secured_put,KO,2024-05-03,1,"[[""2024-05-03"", ""2024-06-04""], [""2024-06-14"", ""2024-07-17""]]"
shareholder_proposal_outcome,cash_secured_put,RTX,2024-05-07,1,"[[""2024-05-07"", ""2024-06-06""], [""2024-04-02"", ""2024-05-01""]]"
shareholder_proposal_outcome,cash_secured_put,UNP,2024-05-13,1,"[[""2024-05-13"", ""2024-06-12""], [""2024-06-10"", ""2024-07-11""]]"
shareholder_proposal_outcome,cash_secured_put,COP,2024-05-17,1,"[[""2024-05-17"", ""2024-06-18""], [""2024-04-12"", ""2024-05-13""]]"
shareholder_proposal_outcome,cash_secured_put,NOW,2024-05-24,1,"[[""2024-05-24"", ""2024-06-26""], [""2024-04-19"", ""2024-05-20""]]"
shareholder_proposal_outcome,cash_secured_put,AMZN,2024-05-28,1,"[[""2024-05-28"", ""2024-06-27""], [""2024-06-25"", ""2024-07-25""]]"
shareholder_proposal_outcome,cash_secured_put,GM,2024-06-07,1,"[[""2024-06-07"", ""2024-07-10""], [""2024-05-03"", ""2024-06-04""]]"
shareholder_proposal_outcome,cash_secured_put,CAT,2024-06-17,1,"[[""2024-06-17"", ""2024-07-18""], [""2024-05-06"", ""2024-06-05""]]"
shareholder_proposal_outcome,cash_secured_put,TGT,2024-06-17,3,"[[""2024-06-17"", ""2024-07-18""], [""2024-05-13"", ""2024-06-12""], [""2024-04-22"", ""2024-05-21""], [""2024-04-15"", ""2024-05-14""]]"
shareholder_proposal_outcome,cash_secured_put,FDX,2024-09-25,1,"[[""2024-09-25"", ""2024-10-24""], [""2024-07-31"", ""2024-08-29""]]"
shareholder_proposal_outcome,cash_secured_put,MSFT,2024-12-12,3,"[[""2024-12-12"", ""2025-01-15""], [""2024-10-24"", ""2024-11-22""], [""2024-10-17"", ""2024-11-15""], [""2024-10-10"", ""2024-11-08""]]"
shareholder_proposal_outcome,cash_secured_put,V,2025-01-30,2,"[[""2025-01-30"", ""2025-03-03""], [""2025-03-06"", ""2025-04-04""], [""2025-03-13"", ""2025-04-11""]]"
shareholder_proposal_outcome,cash_secured_put,QCOM,2025-03-21,3,"[[""2025-03-21"", ""2025-04-22""], [""2025-02-14"", ""2025-03-18""], [""2025-01-24"", ""2025-02-25""], [""2025-01-17"", ""2025-02-19""]]"
shareholder_proposal_outcome,cash_secured_put,USB,2025-04-21,1,"[[""2025-04-21"", ""2025-05-20""], [""2025-06-16"", ""2025-07-17""]]"
shareholder_proposal_outcome,cash_secured_put,GS,2025-04-25,2,"[[""2025-04-25"", ""2025-05-27""], [""2025-05-30"", ""2025-07-01""], [""2025-06-06"", ""2025-07-09""]]"
shareholder_proposal_outcome,cash_secured_put,BAC,2025-04-25,2,"[[""2025-04-25"", ""2025-05-27""], [""2025-05-30"", ""2025-07-01""], [""2025-06-06"", ""2025-07-09""]]"
shareholder_proposal_outcome,cash_secured_put,RTX,2025-05-06,1,"[[""2025-05-06"", ""2025-06-05""], [""2025-04-01"", ""2025-05-01""]]"
shareholder_proposal_outcome,cash_secured_put,INTC,2025-05-12,2,"[[""2025-05-12"", ""2025-06-11""], [""2025-06-09"", ""2025-07-10""], [""2025-06-16"", ""2025-07-17""]]"
shareholder_proposal_outcome,cash_secured_put,COP,2025-05-16,1,"[[""2025-05-16"", ""2025-06-17""], [""2025-04-04"", ""2025-05-06""]]"
shareholder_proposal_outcome,cash_secured_put,AMZN,2025-05-23,1,"[[""2025-05-23"", ""2025-06-25""], [""2025-06-27"", ""2025-07-29""]]"
shareholder_proposal_outcome,cash_secured_put,MCD,2025-05-27,1,"[[""2025-05-27"", ""2025-06-26""], [""2025-06-24"", ""2025-07-24""]]"
shareholder_proposal_outcome,cash_secured_put,CVX,2025-06-02,2,"[[""2025-06-02"", ""2025-07-02""], [""2025-04-28"", ""2025-05-28""], [""2025-04-21"", ""2025-05-20""]]"
shareholder_proposal_outcome,cash_secured_put,META,2025-06-02,3,"[[""2025-06-02"", ""2025-07-02""], [""2025-06-30"", ""2025-07-30""], [""2025-04-28"", ""2025-05-28""], [""2025-04-21"", ""2025-05-20""]]"
shareholder_proposal_outcome,cash_secured_put,NVDA,2025-07-02,1,"[[""2025-07-02"", ""2025-08-01""], [""2025-09-24"", ""2025-10-23""]]"
shareholder_proposal_outcome,cash_secured_put,TSLA,2025-11-10,2,"[[""2025-11-10"", ""2025-12-10""], [""2025-12-08"", ""2026-01-08""], [""2025-12-15"", ""2026-01-15""]]"
underwriting_agreement,long_call,LLY,2024-02-12,2,"[[""2024-02-12"", ""2024-03-13""], [""2024-03-11"", ""2024-04-10""], [""2024-03-18"", ""2024-04-17""]]"
underwriting_agreement,long_call,PEP,2024-02-20,1,"[[""2024-02-20"", ""2024-03-20""], [""2024-03-19"", ""2024-04-18""]]"
underwriting_agreement,long_call,UPS,2024-05-29,1,"[[""2024-05-29"", ""2024-06-28""], [""2024-04-03"", ""2024-05-02""]]"
underwriting_agreement,long_call,NFLX,2024-08-02,3,"[[""2024-08-02"", ""2024-09-03""], [""2024-09-06"", ""2024-10-07""], [""2024-09-20"", ""2024-10-21""], [""2024-09-27"", ""2024-10-28""]]"
underwriting_agreement,long_call,META,2024-08-12,1,"[[""2024-08-12"", ""2024-09-11""], [""2024-07-08"", ""2024-08-06""]]"
underwriting_agreement,long_call,KO,2024-08-12,1,"[[""2024-08-12"", ""2024-09-11""], [""2024-09-16"", ""2024-10-15""]]"
underwriting_agreement,long_call,CMCSA,2024-09-27,2,"[[""2024-09-27"", ""2024-10-28""], [""2024-08-09"", ""2024-09-10""], [""2024-07-26"", ""2024-08-26""]]"
underwriting_agreement,long_call,AVGO,2024-10-03,1,"[[""2024-10-03"", ""2024-11-01""], [""2024-11-07"", ""2024-12-09""]]"
underwriting_agreement,long_call,XOM,2024-10-09,1,"[[""2024-10-09"", ""2024-11-07""], [""2024-12-11"", ""2025-01-14""]]"
underwriting_agreement,long_call,BA,2024-10-31,1,"[[""2024-10-31"", ""2024-12-02""], [""2024-12-19"", ""2025-01-23""]]"
underwriting_agreement,long_call,BA,2024-11-01,1,"[[""2024-11-01"", ""2024-12-03""], [""2024-12-20"", ""2025-01-24""]]"
underwriting_agreement,long_call,COP,2024-12-06,1,"[[""2024-12-06"", ""2025-01-08""], [""2024-10-04"", ""2024-11-04""]]"
underwriting_agreement,long_call,ADBE,2025-01-21,2,"[[""2025-01-21"", ""2025-02-20""], [""2025-03-04"", ""2025-04-02""], [""2025-03-18"", ""2025-04-16""]]"
underwriting_agreement,long_call,IBM,2025-02-10,2,"[[""2025-02-10"", ""2025-03-12""], [""2025-03-10"", ""2025-04-08""], [""2025-03-17"", ""2025-04-15""]]"
underwriting_agreement,long_call,PEP,2025-02-10,2,"[[""2025-02-10"", ""2025-03-12""], [""2025-03-10"", ""2025-04-08""], [""2025-03-17"", ""2025-04-15""]]"
underwriting_agreement,long_call,LLY,2025-02-13,1,"[[""2025-02-13"", ""2025-03-17""], [""2025-03-20"", ""2025-04-21""]]"
underwriting_agreement,long_call,MA,2025-02-28,1,"[[""2025-02-28"", ""2025-03-31""], [""2025-01-03"", ""2025-02-05""]]"
underwriting_agreement,long_call,BAC,2025-04-30,1,"[[""2025-04-30"", ""2025-05-30""], [""2025-06-04"", ""2025-07-07""]]"
underwriting_agreement,long_call,AAPL,2025-05-13,1,"[[""2025-05-13"", ""2025-06-12""], [""2025-04-08"", ""2025-05-08""]]"
underwriting_agreement,long_call,V,2025-05-16,1,"[[""2025-05-16"", ""2025-06-17""], [""2025-06-20"", ""2025-07-22""]]"
underwriting_agreement,long_call,PFE,2025-05-20,1,"[[""2025-05-20"", ""2025-06-20""], [""2025-06-24"", ""2025-07-24""]]"
underwriting_agreement,long_call,TXN,2025-05-27,2,"[[""2025-05-27"", ""2025-06-26""], [""2025-06-24"", ""2025-07-24""], [""2025-04-01"", ""2025-05-01""]]"
underwriting_agreement,long_call,GE,2025-07-25,1,"[[""2025-07-25"", ""2025-08-25""], [""2025-08-29"", ""2025-09-30""]]"
underwriting_agreement,long_call,LLY,2025-08-21,1,"[[""2025-08-21"", ""2025-09-22""], [""2025-09-25"", ""2025-10-24""]]"
underwriting_agreement,long_call,HD,2025-09-11,3,"[[""2025-09-11"", ""2025-10-10""], [""2025-07-24"", ""2025-08-22""], [""2025-07-17"", ""2025-08-15""], [""2025-07-10"", ""2025-08-08""]]"
underwriting_agreement,long_call,ORCL,2025-09-29,1,"[[""2025-09-29"", ""2025-10-28""], [""2025-08-04"", ""2025-09-03""]]"
underwriting_agreement,long_call,LOW,2025-10-01,2,"[[""2025-10-01"", ""2025-10-30""], [""2025-11-26"", ""2025-12-29""], [""2025-12-03"", ""2026-01-05""]]"
underwriting_agreement,covered_call,LLY,2024-02-12,2,"[[""2024-02-12"", ""2024-03-13""], [""2024-03-11"", ""2024-04-10""], [""2024-03-18"", ""2024-04-17""]]"
underwriting_agreement,covered_call,PEP,2024-02-20,1,"[[""2024-02-20"", ""2024-03-20""], [""2024-03-19"", ""2024-04-18""]]"
underwriting_agreement,covered_call,UPS,2024-05-29,1,"[[""2024-05-29"", ""2024-06-28""], [""2024-04-03"", ""2024-05-02""]]"
underwriting_agreement,covered_call,WFC,2024-07-24,2,"[[""2024-07-24"", ""2024-08-22""], [""2024-08-28"", ""2024-09-27""], [""2024-09-04"", ""2024-10-03""]]"
underwriting_agreement,covered_call,NFLX,2024-08-02,3,"[[""2024-08-02"", ""2024-09-03""], [""2024-09-06"", ""2024-10-07""], [""2024-09-20"", ""2024-10-21""], [""2024-09-27"", ""2024-10-28""]]"
underwriting_agreement,covered_call,META,2024-08-12,1,"[[""2024-08-12"", ""2024-09-11""], [""2024-07-08"", ""2024-08-06""]]"
underwriting_agreement,covered_call,CMCSA,2024-09-27,2,"[[""2024-09-27"", ""2024-10-28""], [""2024-08-02"", ""2024-09-03""], [""2024-07-26"", ""2024-08-26""]]"
underwriting_agreement,covered_call,AVGO,2024-10-03,1,"[[""2024-10-03"", ""2024-11-01""], [""2024-11-07"", ""2024-12-09""]]"
underwriting_agreement,covered_call,XOM,2024-10-09,1,"[[""2024-10-09"", ""2024-11-07""], [""2024-12-11"", ""2025-01-14""]]"
underwriting_agreement,covered_call,BA,2024-10-31,1,"[[""2024-10-31"", ""2024-12-02""], [""2024-12-19"", ""2025-01-23""]]"
underwriting_agreement,covered_call,BA,2024-11-01,1,"[[""2024-11-01"", ""2024-12-03""], [""2024-12-20"", ""2025-01-24""]]"
underwriting_agreement,covered_call,COP,2024-12-06,1,"[[""2024-12-06"", ""2025-01-08""], [""2024-10-04"", ""2024-11-04""]]"
underwriting_agreement,covered_call,ADBE,2025-01-21,2,"[[""2025-01-21"", ""2025-02-20""], [""2025-03-04"", ""2025-04-02""], [""2025-03-18"", ""2025-04-16""]]"
underwriting_agreement,covered_call,PEP,2025-02-10,2,"[[""2025-02-10"", ""2025-03-12""], [""2025-03-10"", ""2025-04-08""], [""2025-03-17"", ""2025-04-15""]]"
underwriting_agreement,covered_call,LLY,2025-02-13,1,"[[""2025-02-13"", ""2025-03-17""], [""2025-03-20"", ""2025-04-21""]]"
underwriting_agreement,covered_call,MA,2025-02-28,1,"[[""2025-02-28"", ""2025-03-31""], [""2025-01-03"", ""2025-02-05""]]"
underwriting_agreement,covered_call,BAC,2025-04-30,1,"[[""2025-04-30"", ""2025-05-30""], [""2025-06-04"", ""2025-07-07""]]"
underwriting_agreement,covered_call,AAPL,2025-05-13,1,"[[""2025-05-13"", ""2025-06-12""], [""2025-04-08"", ""2025-05-08""]]"
underwriting_agreement,covered_call,V,2025-05-16,1,"[[""2025-05-16"", ""2025-06-17""], [""2025-06-20"", ""2025-07-22""]]"
underwriting_agreement,covered_call,PFE,2025-05-20,1,"[[""2025-05-20"", ""2025-06-20""], [""2025-06-24"", ""2025-07-24""]]"
underwriting_agreement,covered_call,TXN,2025-05-27,2,"[[""2025-05-27"", ""2025-06-26""], [""2025-06-24"", ""2025-07-24""], [""2025-04-01"", ""2025-05-01""]]"
underwriting_agreement,covered_call,GE,2025-07-25,1,"[[""2025-07-25"", ""2025-08-25""], [""2025-08-29"", ""2025-09-30""]]"
underwriting_agreement,covered_call,CVS,2025-08-18,1,"[[""2025-08-18"", ""2025-09-17""], [""2025-07-14"", ""2025-08-12""]]"
underwriting_agreement,covered_call,LLY,2025-08-21,1,"[[""2025-08-21"", ""2025-09-22""], [""2025-09-25"", ""2025-10-24""]]"
underwriting_agreement,covered_call,HD,2025-09-11,3,"[[""2025-09-11"", ""2025-10-10""], [""2025-07-24"", ""2025-08-22""], [""2025-07-17"", ""2025-08-15""], [""2025-07-10"", ""2025-08-08""]]"
underwriting_agreement,covered_call,ORCL,2025-09-29,1,"[[""2025-09-29"", ""2025-10-28""], [""2025-08-04"", ""2025-09-03""]]"
underwriting_agreement,covered_call,LOW,2025-10-01,2,"[[""2025-10-01"", ""2025-10-30""], [""2025-11-26"", ""2025-12-29""], [""2025-12-03"", ""2026-01-05""]]"
underwriting_agreement,covered_call,SO,2025-11-07,2,"[[""2025-11-07"", ""2025-12-09""], [""2025-12-12"", ""2026-01-14""], [""2025-10-03"", ""2025-11-03""]]"
underwriting_agreement,protective_put,LLY,2024-02-12,2,"[[""2024-02-12"", ""2024-03-13""], [""2024-03-11"", ""2024-04-10""], [""2024-03-18"", ""2024-04-17""]]"
underwriting_agreement,protective_put,PEP,2024-02-20,1,"[[""2024-02-20"", ""2024-03-20""], [""2024-03-19"", ""2024-04-18""]]"
underwriting_agreement,protective_put,UPS,2024-05-29,1,"[[""2024-05-29"", ""2024-06-28""], [""2024-04-03"", ""2024-05-02""]]"
underwriting_agreement,protective_put,WFC,2024-07-24,2,"[[""2024-07-24"", ""2024-08-22""], [""2024-08-28"", ""2024-09-27""], [""2024-09-04"", ""2024-10-03""]]"
underwriting_agreement,protective_put,NFLX,2024-08-02,3,"[[""2024-08-02"", ""2024-09-03""], [""2024-09-06"", ""2024-10-07""], [""2024-09-20"", ""2024-10-21""], [""2024-09-27"", ""2024-10-28""]]"
underwriting_agreement,protective_put,META,2024-08-12,1,"[[""2024-08-12"", ""2024-09-11""], [""2024-07-08"", ""2024-08-06""]]"
underwriting_agreement,protective_put,KO,2024-08-12,1,"[[""2024-08-12"", ""2024-09-11""], [""2024-09-16"", ""2024-10-15""]]"
underwriting_agreement,protective_put,SO,2024-09-10,3,"[[""2024-09-10"", ""2024-10-09""], [""2024-07-23"", ""2024-08-21""], [""2024-07-16"", ""2024-08-14""], [""2024-07-09"", ""2024-08-07""]]"
underwriting_agreement,protective_put,AVGO,2024-10-03,1,"[[""2024-10-03"", ""2024-11-01""], [""2024-11-07"", ""2024-12-09""]]"
underwriting_agreement,protective_put,XOM,2024-10-09,1,"[[""2024-10-09"", ""2024-11-07""], [""2024-12-11"", ""2025-01-14""]]"
underwriting_agreement,protective_put,BA,2024-10-31,1,"[[""2024-10-31"", ""2024-12-02""], [""2024-12-19"", ""2025-01-23""]]"
underwriting_agreement,protective_put,BA,2024-11-01,1,"[[""2024-11-01"", ""2024-12-03""], [""2024-12-20"", ""2025-01-24""]]"
underwriting_agreement,protective_put,COP,2024-12-06,1,"[[""2024-12-06"", ""2025-01-08""], [""2024-10-04"", ""2024-11-04""]]"
underwriting_agreement,protective_put,IBM,2025-02-10,1,"[[""2025-02-10"", ""2025-03-12""], [""2025-03-10"", ""2025-04-08""]]"
underwriting_agreement,protective_put,MA,2025-02-28,1,"[[""2025-02-28"", ""2025-03-31""], [""2025-01-03"", ""2025-02-05""]]"
underwriting_agreement,protective_put,XOM,2025-04-02,2,"[[""2025-04-02"", ""2025-05-02""], [""2025-06-04"", ""2025-07-07""], [""2025-06-25"", ""2025-07-25""]]"
underwriting_agreement,protective_put,BAC,2025-04-30,1,"[[""2025-04-30"", ""2025-05-30""], [""2025-06-04"", ""2025-07-07""]]"
underwriting_agreement,protective_put,AAPL,2025-05-13,1,"[[""2025-05-13"", ""2025-06-12""], [""2025-04-08"", ""2025-05-08""]]"
underwriting_agreement,protective_put,V,2025-05-16,1,"[[""2025-05-16"", ""2025-06-17""], [""2025-06-20"", ""2025-07-22""]]"
underwriting_agreement,protective_put,TXN,2025-05-27,2,"[[""2025-05-27"", ""2025-06-26""], [""2025-06-24"", ""2025-07-24""], [""2025-04-01"", ""2025-05-01""]]"
underwriting_agreement,protective_put,GE,2025-07-25,1,"[[""2025-07-25"", ""2025-08-25""], [""2025-08-29"", ""2025-09-30""]]"
underwriting_agreement,protective_put,CVS,2025-08-18,1,"[[""2025-08-18"", ""2025-09-17""], [""2025-07-14"", ""2025-08-12""]]"
underwriting_agreement,protective_put,LLY,2025-08-21,1,"[[""2025-08-21"", ""2025-09-22""], [""2025-09-25"", ""2025-10-24""]]"
underwriting_agreement,protective_put,HD,2025-09-11,3,"[[""2025-09-11"", ""2025-10-10""], [""2025-07-24"", ""2025-08-22""], [""2025-07-17"", ""2025-08-15""], [""2025-07-10"", ""2025-08-08""]]"
underwriting_agreement,protective_put,ORCL,2025-09-29,1,"[[""2025-09-29"", ""2025-10-28""], [""2025-08-04"", ""2025-09-03""]]"
underwriting_agreement,protective_put,LOW,2025-10-01,2,"[[""2025-10-01"", ""2025-10-30""], [""2025-11-26"", ""2025-12-29""], [""2025-12-03"", ""2026-01-05""]]"
underwriting_agreement,collar,LLY,2024-02-12,2,"[[""2024-02-12"", ""2024-03-13""], [""2024-03-11"", ""2024-04-10""], [""2024-03-18"", ""2024-04-17""]]"
underwriting_agreement,collar,PEP,2024-02-20,1,"[[""2024-02-20"", ""2024-03-20""], [""2024-03-19"", ""2024-04-18""]]"
underwriting_agreement,collar,UPS,2024-05-29,1,"[[""2024-05-29"", ""2024-06-28""], [""2024-04-03"", ""2024-05-02""]]"
underwriting_agreement,collar,WFC,2024-07-24,2,"[[""2024-07-24"", ""2024-08-22""], [""2024-08-28"", ""2024-09-27""], [""2024-09-04"", ""2024-10-03""]]"
underwriting_agreement,collar,NFLX,2024-08-02,3,"[[""2024-08-02"", ""2024-09-03""], [""2024-09-06"", ""2024-10-07""], [""2024-09-20"", ""2024-10-21""], [""2024-09-27"", ""2024-10-28""]]"
underwriting_agreement,collar,META,2024-08-12,1,"[[""2024-08-12"", ""2024-09-11""], [""2024-07-08"", ""2024-08-06""]]"
underwriting_agreement,collar,AVGO,2024-10-03,1,"[[""2024-10-03"", ""2024-11-01""], [""2024-11-07"", ""2024-12-09""]]"
underwriting_agreement,collar,XOM,2024-10-09,1,"[[""2024-10-09"", ""2024-11-07""], [""2024-12-11"", ""2025-01-14""]]"
underwriting_agreement,collar,BA,2024-10-31,1,"[[""2024-10-31"", ""2024-12-02""], [""2024-12-19"", ""2025-01-23""]]"
underwriting_agreement,collar,BA,2024-11-01,1,"[[""2024-11-01"", ""2024-12-03""], [""2024-12-20"", ""2025-01-24""]]"
underwriting_agreement,collar,COP,2024-12-06,1,"[[""2024-12-06"", ""2025-01-08""], [""2024-10-04"", ""2024-11-04""]]"
underwriting_agreement,collar,MA,2025-02-28,1,"[[""2025-02-28"", ""2025-03-31""], [""2025-01-03"", ""2025-02-05""]]"
underwriting_agreement,collar,BAC,2025-04-30,1,"[[""2025-04-30"", ""2025-05-30""], [""2025-06-04"", ""2025-07-07""]]"
underwriting_agreement,collar,AAPL,2025-05-13,1,"[[""2025-05-13"", ""2025-06-12""], [""2025-04-08"", ""2025-05-08""]]"
underwriting_agreement,collar,V,2025-05-16,1,"[[""2025-05-16"", ""2025-06-17""], [""2025-06-20"", ""2025-07-22""]]"
underwriting_agreement,collar,TXN,2025-05-27,2,"[[""2025-05-27"", ""2025-06-26""], [""2025-06-24"", ""2025-07-24""], [""2025-04-01"", ""2025-05-01""]]"
underwriting_agreement,collar,GE,2025-07-25,1,"[[""2025-07-25"", ""2025-08-25""], [""2025-08-29"", ""2025-09-30""]]"
underwriting_agreement,collar,CVS,2025-08-18,1,"[[""2025-08-18"", ""2025-09-17""], [""2025-07-14"", ""2025-08-12""]]"
underwriting_agreement,collar,LLY,2025-08-21,1,"[[""2025-08-21"", ""2025-09-22""], [""2025-09-25"", ""2025-10-24""]]"
underwriting_agreement,collar,HD,2025-09-11,3,"[[""2025-09-11"", ""2025-10-10""], [""2025-07-24"", ""2025-08-22""], [""2025-07-17"", ""2025-08-15""], [""2025-07-10"", ""2025-08-08""]]"
underwriting_agreement,collar,ORCL,2025-09-29,1,"[[""2025-09-29"", ""2025-10-28""], [""2025-08-04"", ""2025-09-03""]]"
underwriting_agreement,collar,LOW,2025-10-01,2,"[[""2025-10-01"", ""2025-10-30""], [""2025-11-26"", ""2025-12-29""], [""2025-12-03"", ""2026-01-05""]]"
underwriting_agreement,cash_secured_put,LLY,2024-02-12,2,"[[""2024-02-12"", ""2024-03-13""], [""2024-03-11"", ""2024-04-10""], [""2024-03-18"", ""2024-04-17""]]"
underwriting_agreement,cash_secured_put,PEP,2024-02-20,1,"[[""2024-02-20"", ""2024-03-20""], [""2024-03-19"", ""2024-04-18""]]"
underwriting_agreement,cash_secured_put,UPS,2024-05-29,1,"[[""2024-05-29"", ""2024-06-28""], [""2024-04-03"", ""2024-05-02""]]"
underwriting_agreement,cash_secured_put,WFC,2024-07-24,2,"[[""2024-07-24"", ""2024-08-22""], [""2024-08-28"", ""2024-09-27""], [""2024-09-04"", ""2024-10-03""]]"
underwriting_agreement,cash_secured_put,NFLX,2024-08-02,3,"[[""2024-08-02"", ""2024-09-03""], [""2024-09-06"", ""2024-10-07""], [""2024-09-20"", ""2024-10-21""], [""2024-09-27"", ""2024-10-28""]]"
underwriting_agreement,cash_secured_put,META,2024-08-12,1,"[[""2024-08-12"", ""2024-09-11""], [""2024-07-08"", ""2024-08-06""]]"
underwriting_agreement,cash_secured_put,KO,2024-08-12,1,"[[""2024-08-12"", ""2024-09-11""], [""2024-09-16"", ""2024-10-15""]]"
underwriting_agreement,cash_secured_put,SO,2024-09-10,3,"[[""2024-09-10"", ""2024-10-09""], [""2024-07-23"", ""2024-08-21""], [""2024-07-16"", ""2024-08-14""], [""2024-07-09"", ""2024-08-07""]]"
underwriting_agreement,cash_secured_put,AVGO,2024-10-03,1,"[[""2024-10-03"", ""2024-11-01""], [""2024-11-07"", ""2024-12-09""]]"
underwriting_agreement,cash_secured_put,XOM,2024-10-09,1,"[[""2024-10-09"", ""2024-11-07""], [""2024-12-11"", ""2025-01-14""]]"
underwriting_agreement,cash_secured_put,BA,2024-10-31,1,"[[""2024-10-31"", ""2024-12-02""], [""2024-12-19"", ""2025-01-23""]]"
underwriting_agreement,cash_secured_put,BA,2024-11-01,1,"[[""2024-11-01"", ""2024-12-03""], [""2024-12-20"", ""2025-01-24""]]"
underwriting_agreement,cash_secured_put,COP,2024-12-06,1,"[[""2024-12-06"", ""2025-01-08""], [""2024-10-04"", ""2024-11-04""]]"
underwriting_agreement,cash_secured_put,IBM,2025-02-10,1,"[[""2025-02-10"", ""2025-03-12""], [""2025-03-10"", ""2025-04-08""]]"
underwriting_agreement,cash_secured_put,MA,2025-02-28,1,"[[""2025-02-28"", ""2025-03-31""], [""2025-01-03"", ""2025-02-05""]]"
underwriting_agreement,cash_secured_put,XOM,2025-04-02,2,"[[""2025-04-02"", ""2025-05-02""], [""2025-06-04"", ""2025-07-07""], [""2025-06-25"", ""2025-07-25""]]"
underwriting_agreement,cash_secured_put,BAC,2025-04-30,1,"[[""2025-04-30"", ""2025-05-30""], [""2025-06-04"", ""2025-07-07""]]"
underwriting_agreement,cash_secured_put,AAPL,2025-05-13,1,"[[""2025-05-13"", ""2025-06-12""], [""2025-04-08"", ""2025-05-08""]]"
underwriting_agreement,cash_secured_put,V,2025-05-16,1,"[[""2025-05-16"", ""2025-06-17""], [""2025-06-20"", ""2025-07-22""]]"
underwriting_agreement,cash_secured_put,TXN,2025-05-27,2,"[[""2025-05-27"", ""2025-06-26""], [""2025-06-24"", ""2025-07-24""], [""2025-04-01"", ""2025-05-01""]]"
underwriting_agreement,cash_secured_put,GE,2025-07-25,1,"[[""2025-07-25"", ""2025-08-25""], [""2025-08-29"", ""2025-09-30""]]"
underwriting_agreement,cash_secured_put,CVS,2025-08-18,1,"[[""2025-08-18"", ""2025-09-17""], [""2025-07-14"", ""2025-08-12""]]"
underwriting_agreement,cash_secured_put,LLY,2025-08-21,1,"[[""2025-08-21"", ""2025-09-22""], [""2025-09-25"", ""2025-10-24""]]"
underwriting_agreement,cash_secured_put,HD,2025-09-11,3,"[[""2025-09-11"", ""2025-10-10""], [""2025-07-24"", ""2025-08-22""], [""2025-07-17"", ""2025-08-15""], [""2025-07-10"", ""2025-08-08""]]"
underwriting_agreement,cash_secured_put,ORCL,2025-09-29,1,"[[""2025-09-29"", ""2025-10-28""], [""2025-08-04"", ""2025-09-03""]]"
underwriting_agreement,cash_secured_put,LOW,2025-10-01,2,"[[""2025-10-01"", ""2025-10-30""], [""2025-11-26"", ""2025-12-29""], [""2025-12-03"", ""2026-01-05""]]"
