ticker,accession_number,filing_date,cik,filing_url,supporting_text,source_tags,reason,group,class,event_id,entry_evidence,event_date,t_0,t_pre
AAPL,0001140361-25-018400,2025-05-12,320193,https://www.sec.gov/Archives/edgar/data/320193/0001140361-25-018400.txt,"On May 12, 2025, Apple Inc. consummated the issuance and sale of $1,500,000,000 aggregate principal amount of its 4.000% Notes due 2028, $1,000,000,000 aggregate principal amount of its 4.200% Notes due 2030, $1,000,000,000 aggregate principal amount of its 4.500% Notes due 2032 and $1,000,000,000 aggregate principal amount of its 4.750% Notes due 2035, pursuant to an underwriting agreement dated May 5, 2025.
The Notes are being issued pursuant to an underwriting agreement (the 'Underwriting Agreement') dated May 5, 2025 among Apple and Goldman Sachs & Co. LLC, Barclays Capital Inc., BofA Securities, Inc. and J.P. Morgan Securities LLC, as representatives of the several underwriters named therein.","debt_issuance,underwriting_agreement",eligible,completed_debt,routine,0001140361-25-018400:completed_debt,"On May 12, 2025, Apple Inc. consummated the issuance and sale of $1,500,000,000 aggregate principal amount of its 4.000% Notes due 2028, $1,000,000,000 aggregate principal amount of its 4.200% Notes due 2030, $1,000,000,000 aggregate principal amount of its 4.500% Notes due 2032 and $1,000,000,000 aggregate principal amount of its 4.750% Notes due 2035, pursuant to an underwriting agreement dated May 5, 2025.
The Notes are being issued pursuant to an underwriting agreement (the 'Underwriting Agreement') dated May 5, 2025 among Apple and Goldman Sachs & Co. LLC, Barclays Capital Inc., BofA Securities, Inc. and J.P. Morgan Securities LLC, as representatives of the several underwriters named therein.",2025-05-12,2025-05-13,2025-05-13
ABBV,0001104659-25-017490,2025-02-26,1551152,https://www.sec.gov/Archives/edgar/data/1551152/0001104659-25-017490.txt,"AbbVie completed its previously announced underwritten public offering of $1,250,000,000 in aggregate principal amount of its 4.650% senior notes due 2028, $1,000,000,000 in aggregate principal amount of its 4.875% senior notes due 2030, $1,000,000,000 in aggregate principal amount of its 5.200% senior notes due 2035 and $750,000,000 in aggregate principal amount of its 5.600% senior notes due 2055. The Notes are unsecured, unsubordinated obligations of AbbVie and will rank equally in right of payment with all of AbbVie's existing and future unsecured, unsubordinated indebtedness.",debt_issuance,eligible,completed_debt,routine,0001104659-25-017490:completed_debt,"AbbVie completed its previously announced underwritten public offering of $1,250,000,000 in aggregate principal amount of its 4.650% senior notes due 2028, $1,000,000,000 in aggregate principal amount of its 4.875% senior notes due 2030, $1,000,000,000 in aggregate principal amount of its 5.200% senior notes due 2035 and $750,000,000 in aggregate principal amount of its 5.600% senior notes due 2055. The Notes are unsecured, unsubordinated obligations of AbbVie and will rank equally in right of payment with all of AbbVie's existing and future unsecured, unsubordinated indebtedness.",2025-02-26,2025-02-27,2025-02-27
ACN,0001193125-24-232937,2024-10-04,1467373,https://www.sec.gov/Archives/edgar/data/1467373/0001193125-24-232937.txt,"Accenture Capital Inc. closed the sale of $1,100,000,000 aggregate principal amount of its 3.900% notes due 2027, $1,200,000,000 aggregate principal amount of its 4.050% notes due 2029, $1,200,000,000 aggregate principal amount of its 4.250% notes due 2031 and $1,500,000,000 aggregate principal amount of its 4.500% notes due 2034. The aggregate public offering price of the Notes was $4.993 billion and the estimated net proceeds from the offering were approximately $4.974 billion.
The Notes were issued pursuant to an Underwriting Agreement dated October 1, 2024 among Accenture Capital, as issuer, Accenture, as guarantor, and J.P. Morgan Securities LLC, BofA Securities, Inc., Citigroup Global Markets Inc. and BNP Paribas Securities Corp., as managers of the several underwriters.","debt_issuance,underwriting_agreement",eligible,completed_debt,routine,0001193125-24-232937:completed_debt,"Accenture Capital Inc. closed the sale of $1,100,000,000 aggregate principal amount of its 3.900% notes due 2027, $1,200,000,000 aggregate principal amount of its 4.050% notes due 2029, $1,200,000,000 aggregate principal amount of its 4.250% notes due 2031 and $1,500,000,000 aggregate principal amount of its 4.500% notes due 2034. The aggregate public offering price of the Notes was $4.993 billion and the estimated net proceeds from the offering were approximately $4.974 billion.
The Notes were issued pursuant to an Underwriting Agreement dated October 1, 2024 among Accenture Capital, as issuer, Accenture, as guarantor, and J.P. Morgan Securities LLC, BofA Securities, Inc., Citigroup Global Markets Inc. and BNP Paribas Securities Corp., as managers of the several underwriters.",2024-10-04,2024-10-07,2024-10-07
AIG,0001104659-24-123741,2024-11-27,5272,https://www.sec.gov/Archives/edgar/data/5272/0001104659-24-123741.txt,"On November 27, 2024, American International Group, Inc. (AIG) closed the sale of ¥77,100,000,000 aggregate principal amount of its 1.580% Notes Due 2028, ¥10,300,000,000 aggregate principal amount of its 1.757% Notes Due 2029 and ¥12,600,000,000 aggregate principal amount of its 2.137% Notes Due 2034.",debt_issuance,eligible,completed_debt,routine,0001104659-24-123741:completed_debt,"On November 27, 2024, American International Group, Inc. (AIG) closed the sale of ¥77,100,000,000 aggregate principal amount of its 1.580% Notes Due 2028, ¥10,300,000,000 aggregate principal amount of its 1.757% Notes Due 2029 and ¥12,600,000,000 aggregate principal amount of its 2.137% Notes Due 2034.",2024-11-27,2024-11-29,2024-11-29
AIG,0001104659-25-045555,2025-05-07,5272,https://www.sec.gov/Archives/edgar/data/5272/0001104659-25-045555.txt,"On May 7, 2025, American International Group, Inc. (""AIG"") closed the sale of $625,000,000 aggregate principal amount of its 4.850% Notes Due 2030 (the ""2030 Notes"") and $625,000,000 aggregate principal amount of its 5.450% Notes Due 2035 (the ""2035 Notes"" and, together with the 2030 Notes, the ""Notes"").",debt_issuance,eligible,completed_debt,routine,0001104659-25-045555:completed_debt,"On May 7, 2025, American International Group, Inc. (""AIG"") closed the sale of $625,000,000 aggregate principal amount of its 4.850% Notes Due 2030 (the ""2030 Notes"") and $625,000,000 aggregate principal amount of its 5.450% Notes Due 2035 (the ""2035 Notes"" and, together with the 2030 Notes, the ""Notes"").",2025-05-07,2025-05-08,2025-05-08
AMD,0001193125-25-061366,2025-03-24,2488,https://www.sec.gov/Archives/edgar/data/2488/0001193125-25-061366.txt,"On March 24, 2025 (the ""Closing Date""), Advanced Micro Devices, Inc. (the ""Company"") closed its previously announced public offering (the ""Offering"") of $1.5 billion aggregate principal amount of senior notes, consisting of $875 million aggregate principal amount of its 4.212% Senior Notes due 2026 (the ""2026 Notes"") and $625 million aggregate principal amount of its 4.319% Senior Notes due 2028 (the ""2028 Notes""). The 2026 Notes mature on September 24, 2026 and bear interest at a rate of 4.212% per annum and the 2028 Notes mature on March 24, 2028 and bear interest at a rate of 4.319% per annum.",debt_issuance,eligible,completed_debt,routine,0001193125-25-061366:completed_debt,"On March 24, 2025 (the ""Closing Date""), Advanced Micro Devices, Inc. (the ""Company"") closed its previously announced public offering (the ""Offering"") of $1.5 billion aggregate principal amount of senior notes, consisting of $875 million aggregate principal amount of its 4.212% Senior Notes due 2026 (the ""2026 Notes"") and $625 million aggregate principal amount of its 4.319% Senior Notes due 2028 (the ""2028 Notes""). The 2026 Notes mature on September 24, 2026 and bear interest at a rate of 4.212% per annum and the 2028 Notes mature on March 24, 2028 and bear interest at a rate of 4.319% per annum.",2025-03-24,2025-03-25,2025-03-25
AMT,0001193125-24-062192,2024-03-07,1053507,https://www.sec.gov/Archives/edgar/data/1053507/0001193125-24-062192.txt,"On March 7, 2024, American Tower Corporation (the ""Company"") completed a registered public offering of $650.0 million aggregate principal amount of its 5.200% senior unsecured notes due 2029 (the ""2029 notes"") and $650.0 million aggregate principal amount of its 5.450% senior unsecured notes due 2034 (the ""2034 notes"" and, together with the 2029 notes, the ""Notes""), which resulted in aggregate net proceeds to the Company of approximately $1,281.3 million, after deducting commissions and estimated expenses.",debt_issuance,eligible,completed_debt,routine,0001193125-24-062192:completed_debt,"On March 7, 2024, American Tower Corporation (the ""Company"") completed a registered public offering of $650.0 million aggregate principal amount of its 5.200% senior unsecured notes due 2029 (the ""2029 notes"") and $650.0 million aggregate principal amount of its 5.450% senior unsecured notes due 2034 (the ""2034 notes"" and, together with the 2029 notes, the ""Notes""), which resulted in aggregate net proceeds to the Company of approximately $1,281.3 million, after deducting commissions and estimated expenses.",2024-03-07,2024-03-08,2024-03-08
AMT,0001193125-24-149168,2024-05-29,1053507,https://www.sec.gov/Archives/edgar/data/1053507/0001193125-24-149168.txt,"On May 29, 2024, American Tower Corporation (the ""Company"") completed a registered public offering of 500.0 million euros (""EUR"") aggregate principal amount of its 3.900% senior unsecured notes due 2030 (the ""2030 notes"") and 500.0 million EUR aggregate principal amount of its 4.100% senior unsecured notes due 2034 (the ""2034 notes""), which resulted in aggregate net proceeds to the Company of approximately 988.4 million EUR (approximately $1,074.2 million).",debt_issuance,eligible,completed_debt,routine,0001193125-24-149168:completed_debt,"On May 29, 2024, American Tower Corporation (the ""Company"") completed a registered public offering of 500.0 million euros (""EUR"") aggregate principal amount of its 3.900% senior unsecured notes due 2030 (the ""2030 notes"") and 500.0 million EUR aggregate principal amount of its 4.100% senior unsecured notes due 2034 (the ""2034 notes""), which resulted in aggregate net proceeds to the Company of approximately 988.4 million EUR (approximately $1,074.2 million).",2024-05-29,2024-05-30,2024-05-30
AMT,0001193125-24-263434,2024-11-21,1053507,https://www.sec.gov/Archives/edgar/data/1053507/0001193125-24-263434.txt,"American Tower Corporation (the ""Company"") completed a registered public offering of $600.0 million aggregate principal amount of its 5.000% senior unsecured notes due 2030 (the ""2030 notes"") and $600.0 million aggregate principal amount of its 5.400% senior unsecured notes due 2035 (the ""2035 notes"" and, together with the 2030 notes, the ""Notes""), which resulted in aggregate net proceeds to the Company of approximately $1,183.7 million.",debt_issuance,eligible,completed_debt,routine,0001193125-24-263434:completed_debt,"American Tower Corporation (the ""Company"") completed a registered public offering of $600.0 million aggregate principal amount of its 5.000% senior unsecured notes due 2030 (the ""2030 notes"") and $600.0 million aggregate principal amount of its 5.400% senior unsecured notes due 2035 (the ""2035 notes"" and, together with the 2030 notes, the ""Notes""), which resulted in aggregate net proceeds to the Company of approximately $1,183.7 million.",2024-11-21,2024-11-22,2024-11-22
AMT,0001193125-25-054806,2025-03-14,1053507,https://www.sec.gov/Archives/edgar/data/1053507/0001193125-25-054806.txt,"American Tower Corporation (the ""Company"") completed a registered public offering of $650.0 million aggregate principal amount of its 4.900% senior unsecured notes due 2030 (the ""2030 notes"") and $350.0 million aggregate principal amount of its 5.350% senior unsecured notes due 2035 (the ""2035 notes"" and, together with the 2030 notes, the ""Notes""), which resulted in aggregate net proceeds to the Company of approximately $988.9 million, after deducting commissions and estimated expenses.",debt_issuance,eligible,completed_debt,routine,0001193125-25-054806:completed_debt,"American Tower Corporation (the ""Company"") completed a registered public offering of $650.0 million aggregate principal amount of its 4.900% senior unsecured notes due 2030 (the ""2030 notes"") and $350.0 million aggregate principal amount of its 5.350% senior unsecured notes due 2035 (the ""2035 notes"" and, together with the 2030 notes, the ""Notes""), which resulted in aggregate net proceeds to the Company of approximately $988.9 million, after deducting commissions and estimated expenses.",2025-03-14,2025-03-17,2025-03-17
AMT,0001193125-25-131504,2025-05-30,1053507,https://www.sec.gov/Archives/edgar/data/1053507/0001193125-25-131504.txt,"American Tower Corporation (the ""Company"") completed a registered public offering of 500.0 million euros (""EUR"") aggregate principal amount of its 3.625% senior unsecured notes due 2032 (the ""notes""), which resulted in aggregate net proceeds to the Company of approximately 496.8 million EUR (approximately $558.4 million at the EUR/U.S. dollar exchange rate of 1.00 EUR = $1.1240, as reported by Bloomberg on May 19, 2025), after deducting commissions and estimated expenses.",debt_issuance,eligible,completed_debt,routine,0001193125-25-131504:completed_debt,"American Tower Corporation (the ""Company"") completed a registered public offering of 500.0 million euros (""EUR"") aggregate principal amount of its 3.625% senior unsecured notes due 2032 (the ""notes""), which resulted in aggregate net proceeds to the Company of approximately 496.8 million EUR (approximately $558.4 million at the EUR/U.S. dollar exchange rate of 1.00 EUR = $1.1240, as reported by Bloomberg on May 19, 2025), after deducting commissions and estimated expenses.",2025-05-30,2025-06-02,2025-06-02
AMT,0001193125-25-205004,2025-09-16,1053507,https://www.sec.gov/Archives/edgar/data/1053507/0001193125-25-205004.txt,"American Tower Corporation completed a registered public offering of $200.0 million aggregate principal amount of its 4.900% senior unsecured notes due 2030 and $375.0 million aggregate principal amount of its 5.350% senior unsecured notes due 2035, which resulted in aggregate net proceeds to the Company of approximately $587.8 million, after deducting commissions and estimated expenses.",debt_issuance,eligible,completed_debt,routine,0001193125-25-205004:completed_debt,"American Tower Corporation completed a registered public offering of $200.0 million aggregate principal amount of its 4.900% senior unsecured notes due 2030 and $375.0 million aggregate principal amount of its 5.350% senior unsecured notes due 2035, which resulted in aggregate net proceeds to the Company of approximately $587.8 million, after deducting commissions and estimated expenses.",2025-09-16,2025-09-17,2025-09-17
AMT,0001193125-25-309718,2025-12-05,1053507,https://www.sec.gov/Archives/edgar/data/1053507/0001193125-25-309718.txt,"American Tower Corporation (the ""Company"") completed a registered public offering of $850.0 million aggregate principal amount of its 4.700% senior unsecured notes due 2032 (the ""Notes""), which resulted in aggregate net proceeds to the Company of approximately $839.5 million, after deducting commissions and estimated expenses. The Notes will mature on December 15, 2032 and bear interest at a rate of 4.700% per annum.",debt_issuance,eligible,completed_debt,routine,0001193125-25-309718:completed_debt,"American Tower Corporation (the ""Company"") completed a registered public offering of $850.0 million aggregate principal amount of its 4.700% senior unsecured notes due 2032 (the ""Notes""), which resulted in aggregate net proceeds to the Company of approximately $839.5 million, after deducting commissions and estimated expenses. The Notes will mature on December 15, 2032 and bear interest at a rate of 4.700% per annum.",2025-12-05,2025-12-08,2025-12-08
AMZN,0001104659-25-114647,2025-11-20,1018724,https://www.sec.gov/Archives/edgar/data/1018724/0001104659-25-114647.txt,"On November 20, 2025, Amazon.com, Inc. (the ""Company"") closed the sale of $2,500,000,000 aggregate principal amount of its 3.900% notes due 2028, $2,500,000,000 aggregate principal amount of its 4.100% notes due 2030, $1,500,000,000 aggregate principal amount of its 4.350% notes due 2033, $3,500,000,000 aggregate principal amount of its 4.650% notes due 2035, $3,000,000,000 aggregate principal amount of its 5.450% notes due 2055, and $2,000,000,000 aggregate principal amount of its 5.550% notes due 2065 pursuant to an Underwriting Agreement dated November 17, 2025. The aggregate public offering price of the Notes was $14.961 billion and the estimated net proceeds from the offering were approximately $14.926 billion.",debt_issuance,eligible,completed_debt,routine,0001104659-25-114647:completed_debt,"On November 20, 2025, Amazon.com, Inc. (the ""Company"") closed the sale of $2,500,000,000 aggregate principal amount of its 3.900% notes due 2028, $2,500,000,000 aggregate principal amount of its 4.100% notes due 2030, $1,500,000,000 aggregate principal amount of its 4.350% notes due 2033, $3,500,000,000 aggregate principal amount of its 4.650% notes due 2035, $3,000,000,000 aggregate principal amount of its 5.450% notes due 2055, and $2,000,000,000 aggregate principal amount of its 5.550% notes due 2065 pursuant to an Underwriting Agreement dated November 17, 2025. The aggregate public offering price of the Notes was $14.961 billion and the estimated net proceeds from the offering were approximately $14.926 billion.",2025-11-20,2025-11-21,2025-11-21
BK,0001193125-24-068013,2024-03-14,1390777,https://www.sec.gov/Archives/edgar/data/1390777/0001193125-24-068013.txt,"The Bank of New York Mellon Corporation issued $1,000,000,000 aggregate principal amount of its 4.975% Fixed Rate / Floating Rate Callable Senior Medium-Term Notes Series J due 2030 and $1,000,000,000 aggregate principal amount of its 5.188% Fixed Rate / Floating Rate Callable Senior Medium-Term Notes Series J due 2035. The Notes were registered under the Securities Act of 1933, as amended, pursuant to a registration statement on Form S-3.",debt_issuance,eligible,completed_debt,routine,0001193125-24-068013:completed_debt,"The Bank of New York Mellon Corporation issued $1,000,000,000 aggregate principal amount of its 4.975% Fixed Rate / Floating Rate Callable Senior Medium-Term Notes Series J due 2030 and $1,000,000,000 aggregate principal amount of its 5.188% Fixed Rate / Floating Rate Callable Senior Medium-Term Notes Series J due 2035. The Notes were registered under the Securities Act of 1933, as amended, pursuant to a registration statement on Form S-3.",2024-03-14,2024-03-15,2024-03-15
BK,0001193125-24-182287,2024-07-22,1390777,https://www.sec.gov/Archives/edgar/data/1390777/0001193125-24-182287.txt,"The Bank of New York Mellon Corporation issued $600,000,000 aggregate principal amount of its 4.890% Fixed Rate / Floating Rate Callable Senior Medium-Term Notes Series J due 2028, $300,000,000 aggregate principal amount of its Floating Rate Callable Senior Medium-Term Notes Series J due 2028, $1,100,000,000 aggregate principal amount of its 5.060% Fixed Rate / Floating Rate Callable Senior Medium-Term Notes Series J due 2032 and $500,000,000 aggregate principal amount of its 5.606% Fixed Rate / Floating Rate Callable Senior Subordinated Medium-Term Notes Series K due 2039.",debt_issuance,eligible,completed_debt,routine,0001193125-24-182287:completed_debt,"The Bank of New York Mellon Corporation issued $600,000,000 aggregate principal amount of its 4.890% Fixed Rate / Floating Rate Callable Senior Medium-Term Notes Series J due 2028, $300,000,000 aggregate principal amount of its Floating Rate Callable Senior Medium-Term Notes Series J due 2028, $1,100,000,000 aggregate principal amount of its 5.060% Fixed Rate / Floating Rate Callable Senior Medium-Term Notes Series J due 2032 and $500,000,000 aggregate principal amount of its 5.606% Fixed Rate / Floating Rate Callable Senior Subordinated Medium-Term Notes Series K due 2039.",2024-07-22,2024-07-23,2024-07-23
BK,0001193125-24-262579,2024-11-20,1390777,https://www.sec.gov/Archives/edgar/data/1390777/0001193125-24-262579.txt,"The Bank of New York Mellon Corporation issued $750,000,000 aggregate principal amount of its 5.225% Fixed Rate / Floating Rate Callable Senior Medium-Term Notes Series J due 2035 (the ""Notes""). The Notes were registered under the Securities Act of 1933, as amended, pursuant to a registration statement on Form S-3.",debt_issuance,eligible,completed_debt,routine,0001193125-24-262579:completed_debt,"The Bank of New York Mellon Corporation issued $750,000,000 aggregate principal amount of its 5.225% Fixed Rate / Floating Rate Callable Senior Medium-Term Notes Series J due 2035 (the ""Notes""). The Notes were registered under the Securities Act of 1933, as amended, pursuant to a registration statement on Form S-3.",2024-11-20,2024-11-21,2024-11-21
BK,0001193125-25-024378,2025-02-11,1390777,https://www.sec.gov/Archives/edgar/data/1390777/0001193125-25-024378.txt,"The Bank of New York Mellon Corporation issued $1,250,000,000 aggregate principal amount of its 4.942% Fixed Rate / Floating Rate Callable Senior Medium-Term Notes Series J due 2031 (the ""Notes""). The Notes were registered under the Securities Act of 1933, as amended, pursuant to a registration statement on Form S-3.",debt_issuance,eligible,completed_debt,routine,0001193125-25-024378:completed_debt,"The Bank of New York Mellon Corporation issued $1,250,000,000 aggregate principal amount of its 4.942% Fixed Rate / Floating Rate Callable Senior Medium-Term Notes Series J due 2031 (the ""Notes""). The Notes were registered under the Securities Act of 1933, as amended, pursuant to a registration statement on Form S-3.",2025-02-11,2025-02-12,2025-02-12
BK,0001193125-25-138504,2025-06-10,1390777,https://www.sec.gov/Archives/edgar/data/1390777/0001193125-25-138504.txt,"The Bank of New York Mellon Corporation issued $750,000,000 aggregate principal amount of its 4.441% Fixed Rate / Floating Rate Callable Senior Medium-Term Notes Series J due 2028, $500,000,000 aggregate principal amount of its Floating Rate Callable Senior Medium-Term Notes Series J due 2028 and $750,000,000 aggregate principal amount of its 5.316% Fixed Rate / Floating Rate Callable Senior Medium-Term Notes Series J due 2036.",debt_issuance,eligible,completed_debt,routine,0001193125-25-138504:completed_debt,"The Bank of New York Mellon Corporation issued $750,000,000 aggregate principal amount of its 4.441% Fixed Rate / Floating Rate Callable Senior Medium-Term Notes Series J due 2028, $500,000,000 aggregate principal amount of its Floating Rate Callable Senior Medium-Term Notes Series J due 2028 and $750,000,000 aggregate principal amount of its 5.316% Fixed Rate / Floating Rate Callable Senior Medium-Term Notes Series J due 2036.",2025-06-10,2025-06-11,2025-06-11
BLK,0001193125-24-068012,2024-03-14,1364742,https://www.sec.gov/Archives/edgar/data/1364742/0001193125-24-068012.txt,"BlackRock Funding, Inc. completed its underwritten public offering of $500,000,000 aggregate principal amount of 4.700% Notes due 2029, $1,000,000,000 aggregate principal amount of 5.000% Notes due 2034 and $1,500,000,000 aggregate principal amount of 5.250% Notes due 2054 pursuant to the registration statement on Form S-3.",debt_issuance,eligible,completed_debt,routine,0001193125-24-068012:completed_debt,"BlackRock Funding, Inc. completed its underwritten public offering of $500,000,000 aggregate principal amount of 4.700% Notes due 2029, $1,000,000,000 aggregate principal amount of 5.000% Notes due 2034 and $1,500,000,000 aggregate principal amount of 5.250% Notes due 2054 pursuant to the registration statement on Form S-3.",2024-03-14,2024-03-15,2024-03-15
BLK,0001193125-24-186274,2024-07-26,1364742,https://www.sec.gov/Archives/edgar/data/1364742/0001193125-24-186274.txt,"BlackRock Funding, Inc. completed its underwritten public offering of $800,000,000 aggregate principal amount of 4.600% Notes due 2027, $500,000,000 aggregate principal amount of 4.900% Notes due 2035 and $1,200,000,000 aggregate principal amount of 5.350% Notes due 2055 pursuant to the registration statement on Form S-3. The Notes are BlackRock Funding's unsecured and unsubordinated debt obligations and are fully and unconditionally guaranteed, on a senior unsecured basis, by BlackRock.",debt_issuance,eligible,completed_debt,routine,0001193125-24-186274:completed_debt,"BlackRock Funding, Inc. completed its underwritten public offering of $800,000,000 aggregate principal amount of 4.600% Notes due 2027, $500,000,000 aggregate principal amount of 4.900% Notes due 2035 and $1,200,000,000 aggregate principal amount of 5.350% Notes due 2055 pursuant to the registration statement on Form S-3. The Notes are BlackRock Funding's unsecured and unsubordinated debt obligations and are fully and unconditionally guaranteed, on a senior unsecured basis, by BlackRock.",2024-07-26,2024-07-29,2024-07-29
BLK,0001193125-25-072429,2025-04-03,2012383,https://www.sec.gov/Archives/edgar/data/2012383/0001193125-25-072429.txt,"BlackRock completed its underwritten public offering of €1,000,000,000 aggregate principal amount of 3.750% Notes due 2035. The Notes are BlackRock's unsecured and unsubordinated debt obligations and are fully and unconditionally guaranteed, on a senior unsecured basis, by BlackRock Finance, Inc.",debt_issuance,eligible,completed_debt,routine,0001193125-25-072429:completed_debt,"BlackRock completed its underwritten public offering of €1,000,000,000 aggregate principal amount of 3.750% Notes due 2035. The Notes are BlackRock's unsecured and unsubordinated debt obligations and are fully and unconditionally guaranteed, on a senior unsecured basis, by BlackRock Finance, Inc.",2025-04-03,2025-04-04,2025-04-04
BMY,0001140361-25-041380,2025-11-10,14272,https://www.sec.gov/Archives/edgar/data/14272/0001140361-25-041380.txt,"On November 10, 2025, BMS Ireland Capital Funding Designated Activity Company completed the public offering of (i) €750,000,000 aggregate principal amount of 2.973% Notes due 2030, (ii) €1,150,000,000 aggregate principal amount of 3.363% Notes due 2033, (iii) €1,150,000,000 aggregate principal amount of 3.857% Notes due 2038, (iv) €750,000,000 aggregate principal amount of 4.289% Notes due 2045 and (v) €1,200,000,000 aggregate principal amount of 4.581% Notes due 2055. The Notes are fully and unconditionally guaranteed on a senior unsecured basis by the Company.
The Notes were sold pursuant to an underwriting agreement, dated November 5, 2025, by and among the Issuer, the Company and the several underwriters named in Schedule V thereto. The Underwriting Agreement contains certain representations, warranties, covenants and indemnification obligations of the Issuer, the Company and the Underwriters, as applicable, as well as other customary provisions.","debt_issuance,underwriting_agreement",eligible,completed_debt,routine,0001140361-25-041380:completed_debt,"On November 10, 2025, BMS Ireland Capital Funding Designated Activity Company completed the public offering of (i) €750,000,000 aggregate principal amount of 2.973% Notes due 2030, (ii) €1,150,000,000 aggregate principal amount of 3.363% Notes due 2033, (iii) €1,150,000,000 aggregate principal amount of 3.857% Notes due 2038, (iv) €750,000,000 aggregate principal amount of 4.289% Notes due 2045 and (v) €1,200,000,000 aggregate principal amount of 4.581% Notes due 2055. The Notes are fully and unconditionally guaranteed on a senior unsecured basis by the Company.
The Notes were sold pursuant to an underwriting agreement, dated November 5, 2025, by and among the Issuer, the Company and the several underwriters named in Schedule V thereto. The Underwriting Agreement contains certain representations, warranties, covenants and indemnification obligations of the Issuer, the Company and the Underwriters, as applicable, as well as other customary provisions.",2025-11-10,2025-11-11,2025-11-11
CMCSA,0001193125-24-144958,2024-05-22,1166691,https://www.sec.gov/Archives/edgar/data/1166691/0001193125-24-144958.txt,"Comcast consummated the issuance and sale of $750,000,000 aggregate principal amount of its 5.100% Notes due 2029, $1,300,000,000 aggregate principal amount of its 5.300% Notes due 2034 and $1,200,000,000 aggregate principal amount of its 5.650% Notes due 2054, pursuant to an underwriting agreement dated May 20, 2024.
The Notes were issued pursuant to an underwriting agreement dated May 20, 2024 among Comcast, the Guarantors and Barclays Capital Inc., Citigroup Global Markets Inc. and Santander US Capital Markets LLC, as representatives of the several underwriters named therein.","debt_issuance,underwriting_agreement",eligible,completed_debt,routine,0001193125-24-144958:completed_debt,"Comcast consummated the issuance and sale of $750,000,000 aggregate principal amount of its 5.100% Notes due 2029, $1,300,000,000 aggregate principal amount of its 5.300% Notes due 2034 and $1,200,000,000 aggregate principal amount of its 5.650% Notes due 2054, pursuant to an underwriting agreement dated May 20, 2024.
The Notes were issued pursuant to an underwriting agreement dated May 20, 2024 among Comcast, the Guarantors and Barclays Capital Inc., Citigroup Global Markets Inc. and Santander US Capital Markets LLC, as representatives of the several underwriters named therein.",2024-05-22,2024-05-23,2024-05-23
CMCSA,0001193125-24-226937,2024-09-26,1166691,https://www.sec.gov/Archives/edgar/data/1166691/0001193125-24-226937.txt,"On September 26, 2024, Comcast Corporation consummated the issuance and sale of €900,000,000 aggregate principal amount of its 3.250% Notes due 2032, €900,000,000 aggregate principal amount of its 3.550% Notes due 2036 and £750,000,000 aggregate principal amount of its 5.250% Notes due 2040, pursuant to an underwriting agreement dated September 23, 2024.
The Notes were issued pursuant to an underwriting agreement dated September 23, 2024 among Comcast, the Guarantors and the underwriters named therein.","debt_issuance,underwriting_agreement",eligible,completed_debt,routine,0001193125-24-226937:completed_debt,"On September 26, 2024, Comcast Corporation consummated the issuance and sale of €900,000,000 aggregate principal amount of its 3.250% Notes due 2032, €900,000,000 aggregate principal amount of its 3.550% Notes due 2036 and £750,000,000 aggregate principal amount of its 5.250% Notes due 2040, pursuant to an underwriting agreement dated September 23, 2024.
The Notes were issued pursuant to an underwriting agreement dated September 23, 2024 among Comcast, the Guarantors and the underwriters named therein.",2024-09-26,2024-09-27,2024-09-27
CMCSA,0001193125-25-115996,2025-05-08,1166691,https://www.sec.gov/Archives/edgar/data/1166691/0001193125-25-115996.txt,"On May 8, 2025, Comcast Corporation consummated the issuance and sale of $650,000,000 aggregate principal amount of its 4.950% Notes due 2032, $850,000,000 aggregate principal amount of its 5.300% Notes due 2035 and $1,000,000,000 aggregate principal amount of its 6.050% Notes due 2055, pursuant to an underwriting agreement dated May 5, 2025.
The Notes were issued pursuant to an underwriting agreement dated May 5, 2025 among Comcast, the Guarantors and BofA Securities, Inc., Mizuho Securities USA LLC and Wells Fargo Securities, LLC, as representatives of the several underwriters named therein.","debt_issuance,underwriting_agreement",eligible,completed_debt,routine,0001193125-25-115996:completed_debt,"On May 8, 2025, Comcast Corporation consummated the issuance and sale of $650,000,000 aggregate principal amount of its 4.950% Notes due 2032, $850,000,000 aggregate principal amount of its 5.300% Notes due 2035 and $1,000,000,000 aggregate principal amount of its 6.050% Notes due 2055, pursuant to an underwriting agreement dated May 5, 2025.
The Notes were issued pursuant to an underwriting agreement dated May 5, 2025 among Comcast, the Guarantors and BofA Securities, Inc., Mizuho Securities USA LLC and Wells Fargo Securities, LLC, as representatives of the several underwriters named therein.",2025-05-08,2025-05-09,2025-05-09
CMCSA,0000950103-25-012777,2025-10-02,1166691,https://www.sec.gov/Archives/edgar/data/1166691/0000950103-25-012777.txt,"Comcast issued $691,967,000 in aggregate principal amount of the New Notes. The New Notes will bear interest at a rate of 5.168% per year and will mature on January 15, 2037. The Company will pay interest on the New Notes on January 15 and July 15 of each year, beginning on January 15, 2026.",debt_issuance,eligible,completed_debt,routine,0000950103-25-012777:completed_debt,"Comcast issued $691,967,000 in aggregate principal amount of the New Notes. The New Notes will bear interest at a rate of 5.168% per year and will mature on January 15, 2037. The Company will pay interest on the New Notes on January 15 and July 15 of each year, beginning on January 15, 2026.",2025-10-02,2025-10-03,2025-10-03
COF,0001193125-24-021852,2024-02-01,927628,https://www.sec.gov/Archives/edgar/data/927628/0001193125-24-021852.txt,"Capital One Financial Corporation closed the public offering of $1,000,000,000 aggregate principal amount of its 5.700% Fixed-to-Floating Rate Senior Notes due 2030 and $1,000,000,000 aggregate principal amount of its 6.051% Fixed-to-Floating Rate Senior Notes due 2035, pursuant to an underwriting agreement dated January 29, 2024.
The Notes were issued pursuant to an underwriting agreement (the 'Underwriting Agreement'), dated January 29, 2024, with BofA Securities, Inc., Citigroup Global Markets Inc., J.P. Morgan Securities LLC, Morgan Stanley & Co. LLC and Capital One Securities, Inc., as representatives of the several underwriters listed therein.","debt_issuance,underwriting_agreement",eligible,completed_debt,routine,0001193125-24-021852:completed_debt,"Capital One Financial Corporation closed the public offering of $1,000,000,000 aggregate principal amount of its 5.700% Fixed-to-Floating Rate Senior Notes due 2030 and $1,000,000,000 aggregate principal amount of its 6.051% Fixed-to-Floating Rate Senior Notes due 2035, pursuant to an underwriting agreement dated January 29, 2024.
The Notes were issued pursuant to an underwriting agreement (the 'Underwriting Agreement'), dated January 29, 2024, with BofA Securities, Inc., Citigroup Global Markets Inc., J.P. Morgan Securities LLC, Morgan Stanley & Co. LLC and Capital One Securities, Inc., as representatives of the several underwriters listed therein.",2024-02-01,2024-02-02,2024-02-02
COF,0001193125-24-186203,2024-07-26,927628,https://www.sec.gov/Archives/edgar/data/927628/0001193125-24-186203.txt,"Capital One Financial Corporation (the ""Company"") closed the public offering of $1,000,000,000 aggregate principal amount of its 5.463% Fixed-to-Floating Rate Senior Notes due 2030 (the ""2030 Fixed-to-Floating Rate Notes"") and $1,000,000,000 aggregate principal amount of its 5.884% Fixed-to-Floating Rate Senior Notes due 2035 (the ""2035 Fixed-to-Floating Rate Notes"").
The Notes were issued pursuant to an underwriting agreement (the ""Underwriting Agreement""), dated July 24, 2024, with Barclays Capital Inc., Citigroup Global Markets Inc., Morgan Stanley & Co. LLC, RBC Capital Markets, LLC and Capital One Securities, Inc., as representatives of the several underwriters listed therein.","debt_issuance,underwriting_agreement",eligible,completed_debt,routine,0001193125-24-186203:completed_debt,"Capital One Financial Corporation (the ""Company"") closed the public offering of $1,000,000,000 aggregate principal amount of its 5.463% Fixed-to-Floating Rate Senior Notes due 2030 (the ""2030 Fixed-to-Floating Rate Notes"") and $1,000,000,000 aggregate principal amount of its 5.884% Fixed-to-Floating Rate Senior Notes due 2035 (the ""2035 Fixed-to-Floating Rate Notes"").
The Notes were issued pursuant to an underwriting agreement (the ""Underwriting Agreement""), dated July 24, 2024, with Barclays Capital Inc., Citigroup Global Markets Inc., Morgan Stanley & Co. LLC, RBC Capital Markets, LLC and Capital One Securities, Inc., as representatives of the several underwriters listed therein.",2024-07-26,2024-07-29,2024-07-29
COF,0001193125-25-017228,2025-01-30,927628,https://www.sec.gov/Archives/edgar/data/927628/0001193125-25-017228.txt,"Capital One Financial Corporation (the ""Company"") closed the public offering of $1,750,000,000 aggregate principal amount of its 6.183% Fixed-to-Floating Rate Subordinated Notes due 2036 (the ""Notes""), pursuant to an underwriting agreement (the ""Underwriting Agreement""), dated January 28, 2025, with Goldman Sachs & Co. LLC, J.P. Morgan Securities LLC, Morgan Stanley & Co. LLC, Wells Fargo Securities, LLC and Capital One Securities, Inc., as representatives of the several underwriters listed therein.",debt_issuance,eligible,completed_debt,routine,0001193125-25-017228:completed_debt,"Capital One Financial Corporation (the ""Company"") closed the public offering of $1,750,000,000 aggregate principal amount of its 6.183% Fixed-to-Floating Rate Subordinated Notes due 2036 (the ""Notes""), pursuant to an underwriting agreement (the ""Underwriting Agreement""), dated January 28, 2025, with Goldman Sachs & Co. LLC, J.P. Morgan Securities LLC, Morgan Stanley & Co. LLC, Wells Fargo Securities, LLC and Capital One Securities, Inc., as representatives of the several underwriters listed therein.",2025-01-30,2025-01-31,2025-01-31
COF,0001193125-25-201421,2025-09-11,927628,https://www.sec.gov/Archives/edgar/data/927628/0001193125-25-201421.txt,"Capital One Financial Corporation closed the public offering of $1,250,000,000 aggregate principal amount of its 4.493% Fixed-to-Floating Rate Senior Notes due 2031 and $1,500,000,000 aggregate principal amount of its 5.197% Fixed-to-Floating Rate Senior Notes due 2036, pursuant to an underwriting agreement dated September 8, 2025.
The Notes were issued pursuant to an underwriting agreement (the 'Underwriting Agreement'), dated September 8, 2025, with Citigroup Global Markets Inc., Goldman Sachs & Co. LLC, Morgan Stanley & Co. LLC, RBC Capital Markets, LLC and Capital One Securities, Inc., as representatives of the several underwriters listed therein.","debt_issuance,underwriting_agreement",eligible,completed_debt,routine,0001193125-25-201421:completed_debt,"Capital One Financial Corporation closed the public offering of $1,250,000,000 aggregate principal amount of its 4.493% Fixed-to-Floating Rate Senior Notes due 2031 and $1,500,000,000 aggregate principal amount of its 5.197% Fixed-to-Floating Rate Senior Notes due 2036, pursuant to an underwriting agreement dated September 8, 2025.
The Notes were issued pursuant to an underwriting agreement (the 'Underwriting Agreement'), dated September 8, 2025, with Citigroup Global Markets Inc., Goldman Sachs & Co. LLC, Morgan Stanley & Co. LLC, RBC Capital Markets, LLC and Capital One Securities, Inc., as representatives of the several underwriters listed therein.",2025-09-11,2025-09-12,2025-09-12
CSCO,0001193125-25-033389,2025-02-24,858877,https://www.sec.gov/Archives/edgar/data/858877/0001193125-25-033389.txt,"On February 24, 2025, Cisco Systems, Inc. (the ""Company"") issued $1,000,000,000 principal amount of its 4.550% Senior Notes due 2028, $1,000,000,000 principal amount of its 4.750% Senior Notes due 2030, $1,000,000,000 principal amount of its 4.950% Senior Notes due 2032, $1,250,000,000 principal amount of its 5.100% Senior Notes due 2035 and $750,000,000 principal amount of its 5.500% Senior Notes due 2055. The Notes are governed by an Indenture...between the Company and The Bank of New York Mellon Trust Company, N.A., the trustee.
The Notes were sold pursuant to an underwriting agreement, dated February 19, 2025 (the ""Underwriting Agreement""), among the Company and BNP Paribas Securities Corp., Goldman Sachs & Co. LLC, HSBC Securities (USA) Inc., Morgan Stanley & Co. LLC and Wells Fargo Securities, LLC on behalf of the several underwriters named therein.","debt_issuance,underwriting_agreement",eligible,completed_debt,routine,0001193125-25-033389:completed_debt,"On February 24, 2025, Cisco Systems, Inc. (the ""Company"") issued $1,000,000,000 principal amount of its 4.550% Senior Notes due 2028, $1,000,000,000 principal amount of its 4.750% Senior Notes due 2030, $1,000,000,000 principal amount of its 4.950% Senior Notes due 2032, $1,250,000,000 principal amount of its 5.100% Senior Notes due 2035 and $750,000,000 principal amount of its 5.500% Senior Notes due 2055. The Notes are governed by an Indenture...between the Company and The Bank of New York Mellon Trust Company, N.A., the trustee.
The Notes were sold pursuant to an underwriting agreement, dated February 19, 2025 (the ""Underwriting Agreement""), among the Company and BNP Paribas Securities Corp., Goldman Sachs & Co. LLC, HSBC Securities (USA) Inc., Morgan Stanley & Co. LLC and Wells Fargo Securities, LLC on behalf of the several underwriters named therein.",2025-02-24,2025-02-25,2025-02-25
DUK,0001104659-24-003582,2024-01-12,1326160,https://www.sec.gov/Archives/edgar/data/1326160/0001104659-24-003582.txt,"On January 12, 2024, Duke Energy Corporation (the ""Company"") consummated the issuance and sale of the securities described below pursuant to an underwriting agreement, dated January 9, 2024 (the ""Underwriting Agreement""), with Wells Fargo Securities, LLC, as underwriter (the ""Underwriter""), pursuant to which the Company agreed to issue and sell to the Underwriter $50,000,000 aggregate principal amount of the Company's 4.850% Senior Notes due 2027 (the ""2027 Notes"") and $100,000,000 aggregate principal amount of the Company's 4.850% Senior Notes due 2029 (the ""2029 Notes"", and together with the 2027 Notes, the ""Securities"").
On January 12, 2024, Duke Energy Corporation (the ""Company"") consummated the issuance and sale of the securities described below pursuant to an underwriting agreement, dated January 9, 2024 (the ""Underwriting Agreement""), with Wells Fargo Securities, LLC, as underwriter (the ""Underwriter""), pursuant to which the Company agreed to issue and sell to the Underwriter $50,000,000 aggregate principal amount of the Company's 4.850% Senior Notes due 2027 (the ""2027 Notes"") and $100,000,000 aggregate principal amount of the Company's 4.850% Senior Notes due 2029 (the ""2029 Notes"").","debt_issuance,underwriting_agreement",eligible,completed_debt,routine,0001104659-24-003582:completed_debt,"On January 12, 2024, Duke Energy Corporation (the ""Company"") consummated the issuance and sale of the securities described below pursuant to an underwriting agreement, dated January 9, 2024 (the ""Underwriting Agreement""), with Wells Fargo Securities, LLC, as underwriter (the ""Underwriter""), pursuant to which the Company agreed to issue and sell to the Underwriter $50,000,000 aggregate principal amount of the Company's 4.850% Senior Notes due 2027 (the ""2027 Notes"") and $100,000,000 aggregate principal amount of the Company's 4.850% Senior Notes due 2029 (the ""2029 Notes"", and together with the 2027 Notes, the ""Securities"").
On January 12, 2024, Duke Energy Corporation (the ""Company"") consummated the issuance and sale of the securities described below pursuant to an underwriting agreement, dated January 9, 2024 (the ""Underwriting Agreement""), with Wells Fargo Securities, LLC, as underwriter (the ""Underwriter""), pursuant to which the Company agreed to issue and sell to the Underwriter $50,000,000 aggregate principal amount of the Company's 4.850% Senior Notes due 2027 (the ""2027 Notes"") and $100,000,000 aggregate principal amount of the Company's 4.850% Senior Notes due 2029 (the ""2029 Notes"").",2024-01-12,2024-01-16,2024-01-16
DUK,0001104659-24-092007,2024-08-22,1326160,https://www.sec.gov/Archives/edgar/data/1326160/0001104659-24-092007.txt,"the Company consummated the issuance and sale of $1,000,000,000 aggregate principal amount of the Company's 6.45% Fixed-to-Fixed Reset Rate Junior Subordinated Debentures due 2054. The Securities were sold to the Underwriters at a discount to their principal amount.
pursuant to an underwriting agreement, dated August 19, 2024 (the 'Underwriting Agreement'), with BofA Securities, Inc., Goldman Sachs & Co. LLC, J.P. Morgan Securities LLC, Morgan Stanley & Co. LLC, RBC Capital Markets, LLC, Santander US Capital Markets LLC and Truist Securities, Inc., as representatives of the several underwriters","debt_issuance,underwriting_agreement",eligible,completed_debt,routine,0001104659-24-092007:completed_debt,"the Company consummated the issuance and sale of $1,000,000,000 aggregate principal amount of the Company's 6.45% Fixed-to-Fixed Reset Rate Junior Subordinated Debentures due 2054. The Securities were sold to the Underwriters at a discount to their principal amount.
pursuant to an underwriting agreement, dated August 19, 2024 (the 'Underwriting Agreement'), with BofA Securities, Inc., Goldman Sachs & Co. LLC, J.P. Morgan Securities LLC, Morgan Stanley & Co. LLC, RBC Capital Markets, LLC, Santander US Capital Markets LLC and Truist Securities, Inc., as representatives of the several underwriters",2024-08-22,2024-08-23,2024-08-23
DUK,0001410578-25-002058,2025-09-11,1326160,https://www.sec.gov/Archives/edgar/data/1326160/0001410578-25-002058.txt,"On September 11, 2025, Duke Energy Corporation (the ""Company"") consummated the issuance and sale of the securities described below pursuant to an underwriting agreement, dated September 8, 2025... the Company agreed to issue and sell to the Underwriters $1,000,000,000 aggregate principal amount of the Company's 4.95% Senior Notes due 2035 and $750,000,000 aggregate principal amount of the Company's 5.70% Senior Notes due 2055.
the Company consummated the issuance and sale of the securities described below pursuant to an underwriting agreement, dated September 8, 2025 (the ""Underwriting Agreement""), with Citigroup Global Markets Inc., Goldman Sachs & Co. LLC, Mizuho Securities USA LLC, MUFG Securities Americas Inc., PNC Capital Markets LLC, Truist Securities, Inc., and Wells Fargo Securities, LLC, as representatives of the several underwriters named therein (the ""Underwriters"")","debt_issuance,underwriting_agreement",eligible,completed_debt,routine,0001410578-25-002058:completed_debt,"On September 11, 2025, Duke Energy Corporation (the ""Company"") consummated the issuance and sale of the securities described below pursuant to an underwriting agreement, dated September 8, 2025... the Company agreed to issue and sell to the Underwriters $1,000,000,000 aggregate principal amount of the Company's 4.95% Senior Notes due 2035 and $750,000,000 aggregate principal amount of the Company's 5.70% Senior Notes due 2055.
the Company consummated the issuance and sale of the securities described below pursuant to an underwriting agreement, dated September 8, 2025 (the ""Underwriting Agreement""), with Citigroup Global Markets Inc., Goldman Sachs & Co. LLC, Mizuho Securities USA LLC, MUFG Securities Americas Inc., PNC Capital Markets LLC, Truist Securities, Inc., and Wells Fargo Securities, LLC, as representatives of the several underwriters named therein (the ""Underwriters"")",2025-09-11,2025-09-12,2025-09-12
EMR,0001140361-25-006938,2025-03-04,32604,https://www.sec.gov/Archives/edgar/data/32604/0001140361-25-006938.txt,"On March 4, 2025, Emerson Electric Co. completed its previously announced public offering of €500,000,000 aggregate principal amount of the Company's 3.000% Notes due 2031 and €500,000,000 aggregate principal amount of the Company's 3.500% Notes due 2037, and its previously announced public offering of $500,000,000 aggregate principal amount of the Company's 5.000% Notes due 2035.",debt_issuance,eligible,completed_debt,routine,0001140361-25-006938:completed_debt,"On March 4, 2025, Emerson Electric Co. completed its previously announced public offering of €500,000,000 aggregate principal amount of the Company's 3.000% Notes due 2031 and €500,000,000 aggregate principal amount of the Company's 3.500% Notes due 2037, and its previously announced public offering of $500,000,000 aggregate principal amount of the Company's 5.000% Notes due 2035.",2025-03-04,2025-03-05,2025-03-05
FDX,0001104659-25-072164,2025-07-30,1048911,https://www.sec.gov/Archives/edgar/data/1048911/0001104659-25-072164.txt,"On July 30, 2025, FedEx Corporation issued €500,000,000 aggregate principal amount of its 3.500% Notes due 2032 and €350,000,000 aggregate principal amount of its 4.125% Notes due 2037.",debt_issuance,eligible,completed_debt,routine,0001104659-25-072164:completed_debt,"On July 30, 2025, FedEx Corporation issued €500,000,000 aggregate principal amount of its 3.500% Notes due 2032 and €350,000,000 aggregate principal amount of its 4.125% Notes due 2037.",2025-07-30,2025-07-31,2025-07-31
GD,0001193125-25-114911,2025-05-07,40533,https://www.sec.gov/Archives/edgar/data/40533/0001193125-25-114911.txt,"On May 7, 2025, General Dynamics Corporation (the ""Corporation"") completed the sale of $750,000,000 aggregate principal amount of 4.950% Notes due 2035 (the ""notes""). The notes were issued pursuant to the Fourth Supplemental Indenture, dated as of May 7, 2025, under the Indenture, dated as of March 22, 2018.
The notes were sold pursuant to an Underwriting Agreement, dated as of April 28, 2025, among the Corporation, the Guarantors named therein and BofA Securities, Inc., J.P. Morgan Securities LLC and Wells Fargo Securities, LLC, as representatives of the underwriters named therein.","debt_issuance,underwriting_agreement",eligible,completed_debt,routine,0001193125-25-114911:completed_debt,"On May 7, 2025, General Dynamics Corporation (the ""Corporation"") completed the sale of $750,000,000 aggregate principal amount of 4.950% Notes due 2035 (the ""notes""). The notes were issued pursuant to the Fourth Supplemental Indenture, dated as of May 7, 2025, under the Indenture, dated as of March 22, 2018.
The notes were sold pursuant to an Underwriting Agreement, dated as of April 28, 2025, among the Corporation, the Guarantors named therein and BofA Securities, Inc., J.P. Morgan Securities LLC and Wells Fargo Securities, LLC, as representatives of the underwriters named therein.",2025-05-07,2025-05-08,2025-05-08
GE,0000930413-25-002289,2025-07-29,40545,https://www.sec.gov/Archives/edgar/data/40545/0000930413-25-002289.txt,"On July 29, 2025, General Electric Company, operating as GE Aerospace (the ""Company""), closed its previously announced public offering (the ""Offering"") of $1,000,000,000 aggregate principal amount of 4.300% Notes due 2030 (the ""2030 Notes"") and $1,000,000,000 aggregate principal amount of 4.900% Notes due 2036 (the ""2036 Notes"" and, together with the 2030 Notes, the ""Notes"").",debt_issuance,eligible,completed_debt,routine,0000930413-25-002289:completed_debt,"On July 29, 2025, General Electric Company, operating as GE Aerospace (the ""Company""), closed its previously announced public offering (the ""Offering"") of $1,000,000,000 aggregate principal amount of 4.300% Notes due 2030 (the ""2030 Notes"") and $1,000,000,000 aggregate principal amount of 4.900% Notes due 2036 (the ""2036 Notes"" and, together with the 2030 Notes, the ""Notes"").",2025-07-29,2025-07-30,2025-07-30
GOOGL,0001193125-25-110020,2025-05-01,1652044,https://www.sec.gov/Archives/edgar/data/1652044/0001193125-25-110020.txt,"Alphabet Inc. closed its underwritten public offering of $750,000,000 aggregate principal amount of 4.000% notes due 2030, $1,250,000,000 aggregate principal amount of 4.500% notes due 2035, $1,500,000,000 aggregate principal amount of 5.250% notes due 2055 and $1,500,000,000 aggregate principal amount of 5.300% notes due 2065 pursuant to Alphabet's registration statement on Form S-3.",debt_issuance,eligible,completed_debt,routine,0001193125-25-110020:completed_debt,"Alphabet Inc. closed its underwritten public offering of $750,000,000 aggregate principal amount of 4.000% notes due 2030, $1,250,000,000 aggregate principal amount of 4.500% notes due 2035, $1,500,000,000 aggregate principal amount of 5.250% notes due 2055 and $1,500,000,000 aggregate principal amount of 5.300% notes due 2065 pursuant to Alphabet's registration statement on Form S-3.",2025-05-01,2025-05-02,2025-05-02
GS,0001193125-25-014385,2025-01-28,886982,https://www.sec.gov/Archives/edgar/data/886982/0001193125-25-014385.txt,"The Goldman Sachs Group, Inc. issued $400,000,000 Floating Rate Notes due 2031, $2,100,000,000 5.207% Fixed/Floating Rate Notes due 2031, $3,000,000,000 5.536% Fixed/Floating Rate Notes due 2036, and $3,000,000,000 5.734% Fixed/Floating Rate Notes due 2056 on January 28, 2025 pursuant to the Company's shelf registration statement on Form S-3.",debt_issuance,eligible,completed_debt,routine,0001193125-25-014385:completed_debt,"The Goldman Sachs Group, Inc. issued $400,000,000 Floating Rate Notes due 2031, $2,100,000,000 5.207% Fixed/Floating Rate Notes due 2031, $3,000,000,000 5.536% Fixed/Floating Rate Notes due 2036, and $3,000,000,000 5.734% Fixed/Floating Rate Notes due 2056 on January 28, 2025 pursuant to the Company's shelf registration statement on Form S-3.",2025-01-28,2025-01-29,2025-01-29
GS,0001193125-25-245194,2025-10-21,886982,https://www.sec.gov/Archives/edgar/data/886982/0001193125-25-245194.txt,"The Goldman Sachs Group, Inc. issued $500,000,000 Floating Rate Notes due 2029, $2,500,000,000 4.153% Fixed/Floating Rate Notes due 2029, $500,000,000 Floating Rate Notes due 2031, $3,000,000,000 4.369% Fixed/Floating Rate Notes due 2031, and $3,500,000,000 4.939% Fixed/Floating Rate Notes due 2036 on October 21, 2025 pursuant to the Company's shelf registration statement on Form S-3.",debt_issuance,eligible,completed_debt,routine,0001193125-25-245194:completed_debt,"The Goldman Sachs Group, Inc. issued $500,000,000 Floating Rate Notes due 2029, $2,500,000,000 4.153% Fixed/Floating Rate Notes due 2029, $500,000,000 Floating Rate Notes due 2031, $3,000,000,000 4.369% Fixed/Floating Rate Notes due 2031, and $3,500,000,000 4.939% Fixed/Floating Rate Notes due 2036 on October 21, 2025 pursuant to the Company's shelf registration statement on Form S-3.",2025-10-21,2025-10-22,2025-10-22
HD,0001104659-24-074754,2024-06-25,354950,https://www.sec.gov/Archives/edgar/data/354950/0001104659-24-074754.txt,"On June 25, 2024, The Home Depot, Inc. (the ""Company"") completed a public offering of $600,000,000 aggregate principal amount of Floating Rate Notes due December 24, 2025, $900,000,000 aggregate principal amount of 5.100% Notes due December 24, 2025, $1,500,000,000 aggregate principal amount of 5.150% Notes due June 25, 2026, $1,000,000,000 aggregate principal amount of 4.875% Notes due June 25, 2027, $1,250,000,000 aggregate principal amount of 4.750% Notes due June 25, 2029, $1,000,000,000 aggregate principal amount of 4.850% Notes due June 25, 2031, $1,750,000,000 aggregate principal amount of 4.950% Notes due June 25, 2034, $1,500,000,000 aggregate principal amount of 5.300% Notes due June 25, 2054, and $500,000,000 aggregate principal amount of 5.400% Notes due June 25, 2064 (collectively, the ""Notes"").",debt_issuance,eligible,completed_debt,routine,0001104659-24-074754:completed_debt,"On June 25, 2024, The Home Depot, Inc. (the ""Company"") completed a public offering of $600,000,000 aggregate principal amount of Floating Rate Notes due December 24, 2025, $900,000,000 aggregate principal amount of 5.100% Notes due December 24, 2025, $1,500,000,000 aggregate principal amount of 5.150% Notes due June 25, 2026, $1,000,000,000 aggregate principal amount of 4.875% Notes due June 25, 2027, $1,250,000,000 aggregate principal amount of 4.750% Notes due June 25, 2029, $1,000,000,000 aggregate principal amount of 4.850% Notes due June 25, 2031, $1,750,000,000 aggregate principal amount of 4.950% Notes due June 25, 2034, $1,500,000,000 aggregate principal amount of 5.300% Notes due June 25, 2054, and $500,000,000 aggregate principal amount of 5.400% Notes due June 25, 2064 (collectively, the ""Notes"").",2024-06-25,2024-06-26,2024-06-26
HD,0001104659-25-090021,2025-09-15,354950,https://www.sec.gov/Archives/edgar/data/354950/0001104659-25-090021.txt,"The Home Depot, Inc. (the ""Company"") completed a public offering of $500,000,000 aggregate principal amount of 3.750% Notes due September 15, 2028, $500,000,000 aggregate principal amount of 3.950% Notes due September 15, 2030, and $1,000,000,000 aggregate principal amount of 4.650% Notes due September 15, 2035 (collectively, the ""Notes"").",debt_issuance,eligible,completed_debt,routine,0001104659-25-090021:completed_debt,"The Home Depot, Inc. (the ""Company"") completed a public offering of $500,000,000 aggregate principal amount of 3.750% Notes due September 15, 2028, $500,000,000 aggregate principal amount of 3.950% Notes due September 15, 2030, and $1,000,000,000 aggregate principal amount of 4.650% Notes due September 15, 2035 (collectively, the ""Notes"").",2025-09-15,2025-09-16,2025-09-16
HON,0001193125-24-191800,2024-08-02,773840,https://www.sec.gov/Archives/edgar/data/773840/0001193125-24-191800.txt,"On August 1, 2024, Honeywell International Inc. (the ""Company"") completed a public offering of $1,150,000,000 aggregate principal amount of its 4.650% Senior Notes due 2027, $1,000,000,000 aggregate principal amount of its 4.700% Senior Notes due 2030, $650,000,000 aggregate principal amount of its 4.750% Senior Notes due 2032 and $700,000,000 aggregate principal amount of its 5.000% Senior Notes due 2035.",debt_issuance,eligible,completed_debt,routine,0001193125-24-191800:completed_debt,"On August 1, 2024, Honeywell International Inc. (the ""Company"") completed a public offering of $1,150,000,000 aggregate principal amount of its 4.650% Senior Notes due 2027, $1,000,000,000 aggregate principal amount of its 4.700% Senior Notes due 2030, $650,000,000 aggregate principal amount of its 4.750% Senior Notes due 2032 and $700,000,000 aggregate principal amount of its 5.000% Senior Notes due 2035.",2024-08-02,2024-08-05,2024-08-05
HON,0000773840-25-000090,2025-10-01,773840,https://www.sec.gov/Archives/edgar/data/773840/0000773840-25-000090.txt,"On September 30, 2025, Solstice issued 5.625% Senior Notes due 2033 in an aggregate principal amount of $1 billion. The Notes bear interest at a rate of 5.625% per year. The Notes will mature on September 30, 2033. The Notes were sold in private placements to qualified institutional buyers in accordance with Rule 144A under the Securities Act, and outside the United States to non-U.S. persons in reliance on Regulation S under the Securities Act.",debt_issuance,eligible,completed_debt,routine,0000773840-25-000090:completed_debt,"On September 30, 2025, Solstice issued 5.625% Senior Notes due 2033 in an aggregate principal amount of $1 billion. The Notes bear interest at a rate of 5.625% per year. The Notes will mature on September 30, 2033. The Notes were sold in private placements to qualified institutional buyers in accordance with Rule 144A under the Securities Act, and outside the United States to non-U.S. persons in reliance on Regulation S under the Securities Act.",2025-10-01,2025-10-02,2025-10-02
JPM,0001193125-24-268103,2024-11-29,19617,https://www.sec.gov/Archives/edgar/data/19617/0001193125-24-268103.txt,"JPMorgan Chase & Co. closed a public offering of $2,500,000,000 aggregate principal amount of Fixed-to-Floating Rate Notes due 2045. The offering of the Notes was registered under the Securities Act of 1933, as amended, pursuant to a registration statement on Form S-3.",debt_issuance,eligible,completed_debt,routine,0001193125-24-268103:completed_debt,"JPMorgan Chase & Co. closed a public offering of $2,500,000,000 aggregate principal amount of Fixed-to-Floating Rate Notes due 2045. The offering of the Notes was registered under the Securities Act of 1933, as amended, pursuant to a registration statement on Form S-3.",2024-11-29,2024-12-02,2024-12-02
JPM,0001193125-25-163423,2025-07-23,19617,https://www.sec.gov/Archives/edgar/data/19617/0001193125-25-163423.txt,"JPMorgan Chase & Co. closed a public offering of $4,000,000,000 aggregate principal amount of Fixed-to-Floating Rate Subordinated Notes due 2036. The offering of the Subordinated Notes was registered under the Securities Act of 1933, as amended, pursuant to a registration statement on Form S-3.",debt_issuance,eligible,completed_debt,routine,0001193125-25-163423:completed_debt,"JPMorgan Chase & Co. closed a public offering of $4,000,000,000 aggregate principal amount of Fixed-to-Floating Rate Subordinated Notes due 2036. The offering of the Subordinated Notes was registered under the Securities Act of 1933, as amended, pursuant to a registration statement on Form S-3.",2025-07-23,2025-07-24,2025-07-24
KO,0001552781-24-000313,2024-05-13,21344,https://www.sec.gov/Archives/edgar/data/21344/0001552781-24-000313.txt,"On May 13, 2024, The Coca-Cola Company completed its previously announced public offering of $1,000,000,000 aggregate principal amount of its 5.000% Notes due 2034, $1,100,000,000 aggregate principal amount of its 5.300% Notes due 2054 and $900,000,000 aggregate principal amount of its 5.400% Notes due 2064.",debt_issuance,eligible,completed_debt,routine,0001552781-24-000313:completed_debt,"On May 13, 2024, The Coca-Cola Company completed its previously announced public offering of $1,000,000,000 aggregate principal amount of its 5.000% Notes due 2034, $1,100,000,000 aggregate principal amount of its 5.300% Notes due 2054 and $900,000,000 aggregate principal amount of its 5.400% Notes due 2064.",2024-05-13,2024-05-14,2024-05-14
KO,0001552781-24-000487,2024-08-14,21344,https://www.sec.gov/Archives/edgar/data/21344/0001552781-24-000487.txt,"The Coca-Cola Company completed its previously announced public offering of $750,000,000 aggregate principal amount of its 4.650% Notes due 2034, $1,500,000,000 aggregate principal amount of its 5.200% Notes due 2055 and $750,000,000 aggregate principal amount of its 5.400% Notes due 2064. The offering was made pursuant to the Company's shelf registration statement on Form S-3.",debt_issuance,eligible,completed_debt,routine,0001552781-24-000487:completed_debt,"The Coca-Cola Company completed its previously announced public offering of $750,000,000 aggregate principal amount of its 4.650% Notes due 2034, $1,500,000,000 aggregate principal amount of its 5.200% Notes due 2055 and $750,000,000 aggregate principal amount of its 5.400% Notes due 2064. The offering was made pursuant to the Company's shelf registration statement on Form S-3.",2024-08-14,2024-08-15,2024-08-15
LIN,0001193125-24-036171,2024-02-14,1707925,https://www.sec.gov/Archives/edgar/data/1707925/0001193125-24-036171.txt,"On February 14, 2024, Linde plc (the ""Company"") issued €700 million aggregate principal amount of 3.000% Notes due 2028 (the ""2028 Notes""), €850 million aggregate principal amount of 3.200% Notes due 2031 (the ""2031 Notes"") and €700 million aggregate principal amount of 3.400% Notes due 2036 (the ""2036 Notes""). The net proceeds of the offering were approximately €2,238 million, after giving effect to the fees to the Managers but before other fees and expenses of the offering. Net proceeds of the offering will be used for general corporate purposes.",debt_issuance,eligible,completed_debt,routine,0001193125-24-036171:completed_debt,"On February 14, 2024, Linde plc (the ""Company"") issued €700 million aggregate principal amount of 3.000% Notes due 2028 (the ""2028 Notes""), €850 million aggregate principal amount of 3.200% Notes due 2031 (the ""2031 Notes"") and €700 million aggregate principal amount of 3.400% Notes due 2036 (the ""2036 Notes""). The net proceeds of the offering were approximately €2,238 million, after giving effect to the fees to the Managers but before other fees and expenses of the offering. Net proceeds of the offering will be used for general corporate purposes.",2024-02-14,2024-02-15,2024-02-15
LIN,0001193125-24-154299,2024-06-04,1707925,https://www.sec.gov/Archives/edgar/data/1707925/0001193125-24-154299.txt,"On June 4, 2024, Linde plc (the ""Company"") issued €750 million aggregate principal amount of 3.375% Notes due 2030 (the ""2030 Notes""), €750 million aggregate principal amount of 3.500% Notes due 2034 (the ""2034 Notes"") and €700 million aggregate principal amount of 3.750% Notes due 2044 (the ""2044 Notes""). The net proceeds of the offering were approximately €2,176 million, after giving effect to the fees to the Managers but before other fees and expenses of the offering. Net proceeds of the offering will be used for general corporate purposes.",debt_issuance,eligible,completed_debt,routine,0001193125-24-154299:completed_debt,"On June 4, 2024, Linde plc (the ""Company"") issued €750 million aggregate principal amount of 3.375% Notes due 2030 (the ""2030 Notes""), €750 million aggregate principal amount of 3.500% Notes due 2034 (the ""2034 Notes"") and €700 million aggregate principal amount of 3.750% Notes due 2044 (the ""2044 Notes""). The net proceeds of the offering were approximately €2,176 million, after giving effect to the fees to the Managers but before other fees and expenses of the offering. Net proceeds of the offering will be used for general corporate purposes.",2024-06-04,2024-06-05,2024-06-05
LIN,0001193125-25-028599,2025-02-18,1707925,https://www.sec.gov/Archives/edgar/data/1707925/0001193125-25-028599.txt,"On February 18, 2025, Linde plc (the ""Company"") issued €850 million aggregate principal amount of 2.625% Notes due 2029, issued €750 million aggregate principal amount of 3.000% Notes due 2033 and issued €650 million aggregate principal amount of 3.250% Notes due 2037. The net proceeds of the offering were approximately €2,234 million, after giving effect to the fees to the Managers but before other fees and expenses of the offering.",debt_issuance,eligible,completed_debt,routine,0001193125-25-028599:completed_debt,"On February 18, 2025, Linde plc (the ""Company"") issued €850 million aggregate principal amount of 2.625% Notes due 2029, issued €750 million aggregate principal amount of 3.000% Notes due 2033 and issued €650 million aggregate principal amount of 3.250% Notes due 2037. The net proceeds of the offering were approximately €2,234 million, after giving effect to the fees to the Managers but before other fees and expenses of the offering.",2025-02-18,2025-02-19,2025-02-19
LIN,0001193125-25-289724,2025-11-20,1707925,https://www.sec.gov/Archives/edgar/data/1707925/0001193125-25-289724.txt,"On November 20, 2025, Linde plc (the ""Company"") issued €600 million aggregate principal amount of Floating Rate Notes due 2027 (the ""2027 Notes""), issued €650 million aggregate principal amount of 3.125% Notes due 2032 (the ""2032 Notes"") and issued €500 million aggregate principal amount of 3.750% Notes due 2038 (the ""2038 Notes"").",debt_issuance,eligible,completed_debt,routine,0001193125-25-289724:completed_debt,"On November 20, 2025, Linde plc (the ""Company"") issued €600 million aggregate principal amount of Floating Rate Notes due 2027 (the ""2027 Notes""), issued €650 million aggregate principal amount of 3.125% Notes due 2032 (the ""2032 Notes"") and issued €500 million aggregate principal amount of 3.750% Notes due 2038 (the ""2038 Notes"").",2025-11-20,2025-11-21,2025-11-21
LMT,0000936468-24-000015,2024-01-29,936468,https://www.sec.gov/Archives/edgar/data/936468/0000936468-24-000015.txt,"On January 29, 2024, Lockheed Martin Corporation (the ""Company"") completed the issuance and sale of a total of $2,000,000,000 of senior unsecured notes, consisting of $650,000,000 aggregate principal amount of 4.500% Notes due 2029, $600,000,000 aggregate principal amount of 4.800% Notes due 2034 and $750,000,000 aggregate principal amount of 5.200% Notes due 2064, pursuant to an underwriting agreement dated January 25, 2024.
The Notes were sold in a public offering pursuant to the Company's effective registration statement on Form S-3 and the base prospectus included in that registration statement, as supplemented by the final prospectus supplement, dated January 25, 2024, with Morgan Stanley & Co. LLC, Mizuho Securities USA LLC and SMBC Nikko Securities America, Inc., as representatives of the several underwriters.","debt_issuance,underwriting_agreement",eligible,completed_debt,routine,0000936468-24-000015:completed_debt,"On January 29, 2024, Lockheed Martin Corporation (the ""Company"") completed the issuance and sale of a total of $2,000,000,000 of senior unsecured notes, consisting of $650,000,000 aggregate principal amount of 4.500% Notes due 2029, $600,000,000 aggregate principal amount of 4.800% Notes due 2034 and $750,000,000 aggregate principal amount of 5.200% Notes due 2064, pursuant to an underwriting agreement dated January 25, 2024.
The Notes were sold in a public offering pursuant to the Company's effective registration statement on Form S-3 and the base prospectus included in that registration statement, as supplemented by the final prospectus supplement, dated January 25, 2024, with Morgan Stanley & Co. LLC, Mizuho Securities USA LLC and SMBC Nikko Securities America, Inc., as representatives of the several underwriters.",2024-01-29,2024-01-30,2024-01-30
LMT,0000936468-24-000120,2024-12-11,936468,https://www.sec.gov/Archives/edgar/data/936468/0000936468-24-000120.txt,"On December 11, 2024, Lockheed Martin Corporation (the ""Company"") completed the issuance and sale of a total of $1,000,000,000 of senior unsecured notes, consisting of $600,000,000 aggregate principal amount of 4.700% Notes due 2031 (the ""2031 Notes"") and an additional $400,000,000 aggregate principal amount of 5.200% Notes due 2055 (the ""2055 Notes"").",debt_issuance,eligible,completed_debt,routine,0000936468-24-000120:completed_debt,"On December 11, 2024, Lockheed Martin Corporation (the ""Company"") completed the issuance and sale of a total of $1,000,000,000 of senior unsecured notes, consisting of $600,000,000 aggregate principal amount of 4.700% Notes due 2031 (the ""2031 Notes"") and an additional $400,000,000 aggregate principal amount of 5.200% Notes due 2055 (the ""2055 Notes"").",2024-12-11,2024-12-12,2024-12-12
LMT,0000936468-25-000050,2025-07-28,936468,https://www.sec.gov/Archives/edgar/data/936468/0000936468-25-000050.txt,"On July 28, 2025, Lockheed Martin Corporation (the ""Company"") completed the issuance and sale of a total of $2,000,000,000 of senior unsecured notes, consisting of $500,000,000 aggregate principal amount of 4.150% Notes due 2028, $750,000,000 aggregate principal amount of 4.400% Notes due 2030 and $750,000,000 aggregate principal amount of 5.000% Notes due 2035, pursuant to an underwriting agreement dated July 23, 2025.
The Notes were sold in a public offering pursuant to the Company's effective registration statement on Form S-3 and the base prospectus included in that registration statement, as supplemented by the final prospectus supplement, dated July 23, 2025, among the Company and Citigroup Global Markets Inc., Credit Agricole Securities (USA) Inc. and J.P. Morgan Securities LLC, as representatives of the several underwriters.","debt_issuance,underwriting_agreement",eligible,completed_debt,routine,0000936468-25-000050:completed_debt,"On July 28, 2025, Lockheed Martin Corporation (the ""Company"") completed the issuance and sale of a total of $2,000,000,000 of senior unsecured notes, consisting of $500,000,000 aggregate principal amount of 4.150% Notes due 2028, $750,000,000 aggregate principal amount of 4.400% Notes due 2030 and $750,000,000 aggregate principal amount of 5.000% Notes due 2035, pursuant to an underwriting agreement dated July 23, 2025.
The Notes were sold in a public offering pursuant to the Company's effective registration statement on Form S-3 and the base prospectus included in that registration statement, as supplemented by the final prospectus supplement, dated July 23, 2025, among the Company and Citigroup Global Markets Inc., Credit Agricole Securities (USA) Inc. and J.P. Morgan Securities LLC, as representatives of the several underwriters.",2025-07-28,2025-07-29,2025-07-29
LOW,0001193125-25-224995,2025-09-30,60667,https://www.sec.gov/Archives/edgar/data/60667/0001193125-25-224995.txt,"On September 30, 2025, Lowe's Companies, Inc. (the ""Company"") issued an aggregate of $5.0 billion of unsecured notes, consisting of $650 million aggregate principal amount of its 3.950% Notes due October 15, 2027, $750 million aggregate principal amount of its 4.000% Notes due October 15, 2028, $1.1 billion aggregate principal amount of its 4.250% Notes due March 15, 2031, $1.3 billion aggregate principal amount of its 4.500% Notes due October 15, 2032 and $1.2 billion aggregate principal amount of its 4.850% Notes due October 15, 2035.
On September 23, 2025, the Company entered into an Underwriting Agreement (the ""Underwriting Agreement"") with BofA Securities, Inc., Goldman Sachs & Co. LLC and Wells Fargo Securities, LLC, as representatives of the several underwriters named therein (together, the ""Underwriters""), to sell to the Underwriters, who severally agreed to purchase, the Notes.","debt_issuance,underwriting_agreement",eligible,completed_debt,routine,0001193125-25-224995:completed_debt,"On September 30, 2025, Lowe's Companies, Inc. (the ""Company"") issued an aggregate of $5.0 billion of unsecured notes, consisting of $650 million aggregate principal amount of its 3.950% Notes due October 15, 2027, $750 million aggregate principal amount of its 4.000% Notes due October 15, 2028, $1.1 billion aggregate principal amount of its 4.250% Notes due March 15, 2031, $1.3 billion aggregate principal amount of its 4.500% Notes due October 15, 2032 and $1.2 billion aggregate principal amount of its 4.850% Notes due October 15, 2035.
On September 23, 2025, the Company entered into an Underwriting Agreement (the ""Underwriting Agreement"") with BofA Securities, Inc., Goldman Sachs & Co. LLC and Wells Fargo Securities, LLC, as representatives of the several underwriters named therein (together, the ""Underwriters""), to sell to the Underwriters, who severally agreed to purchase, the Notes.",2025-09-30,2025-10-01,2025-10-01
MA,0001193125-24-135252,2024-05-09,1141391,https://www.sec.gov/Archives/edgar/data/1141391/0001193125-24-135252.txt,"On May 9, 2024, Mastercard Incorporated (the ""Company"") completed an offering of $1,000,000,000 aggregate principal amount of its 4.875% Notes due 2034 (the ""Notes"").
In connection with the issuance of the Notes, the Company entered into an Underwriting Agreement dated as of May 7, 2024 (the ""Underwriting Agreement"") with Citigroup Global Markets Inc., Deutsche Bank Securities Inc., MUFG Securities Americas Inc., Santander US Capital Markets LLC and U.S. Bancorp Investments, Inc., as representatives (the ""Representatives"") of the several underwriters listed in Schedule II to the Underwriting Agreement.","debt_issuance,underwriting_agreement",eligible,completed_debt,routine,0001193125-24-135252:completed_debt,"On May 9, 2024, Mastercard Incorporated (the ""Company"") completed an offering of $1,000,000,000 aggregate principal amount of its 4.875% Notes due 2034 (the ""Notes"").
In connection with the issuance of the Notes, the Company entered into an Underwriting Agreement dated as of May 7, 2024 (the ""Underwriting Agreement"") with Citigroup Global Markets Inc., Deutsche Bank Securities Inc., MUFG Securities Americas Inc., Santander US Capital Markets LLC and U.S. Bancorp Investments, Inc., as representatives (the ""Representatives"") of the several underwriters listed in Schedule II to the Underwriting Agreement.",2024-05-09,2024-05-10,2024-05-10
MA,0001193125-24-214198,2024-09-05,1141391,https://www.sec.gov/Archives/edgar/data/1141391/0001193125-24-214198.txt,"On September 5, 2024, Mastercard Incorporated (the ""Company"") completed an offering of $750,000,000 aggregate principal amount of its 4.100% Notes due 2028 (the ""2028 Notes""), $1,150,000,000 aggregate principal amount of its 4.350% Notes due 2032 (the ""2032 Notes"") and $1,100,000,000 aggregate principal amount of its 4.550% Notes due 2035 (the ""2035 Notes"").
In connection with the issuance of the Notes, the Company entered into an Underwriting Agreement dated as of September 3, 2024 (the ""Underwriting Agreement"") with BofA Securities, Inc., Barclays Capital Inc., Credit Agricole Securities (USA) Inc., J.P. Morgan Securities LLC, Mizuho Securities USA LLC and Wells Fargo Securities, LLC, as representatives (the ""Representatives"") of the several underwriters listed in Schedule II to the Underwriting Agreement.","debt_issuance,underwriting_agreement",eligible,completed_debt,routine,0001193125-24-214198:completed_debt,"On September 5, 2024, Mastercard Incorporated (the ""Company"") completed an offering of $750,000,000 aggregate principal amount of its 4.100% Notes due 2028 (the ""2028 Notes""), $1,150,000,000 aggregate principal amount of its 4.350% Notes due 2032 (the ""2032 Notes"") and $1,100,000,000 aggregate principal amount of its 4.550% Notes due 2035 (the ""2035 Notes"").
In connection with the issuance of the Notes, the Company entered into an Underwriting Agreement dated as of September 3, 2024 (the ""Underwriting Agreement"") with BofA Securities, Inc., Barclays Capital Inc., Credit Agricole Securities (USA) Inc., J.P. Morgan Securities LLC, Mizuho Securities USA LLC and Wells Fargo Securities, LLC, as representatives (the ""Representatives"") of the several underwriters listed in Schedule II to the Underwriting Agreement.",2024-09-05,2024-09-06,2024-09-06
MA,0001193125-25-039253,2025-02-27,1141391,https://www.sec.gov/Archives/edgar/data/1141391/0001193125-25-039253.txt,"Mastercard Incorporated completed an offering of $300,000,000 aggregate principal amount of its Floating Rate Notes due 2028, $450,000,000 aggregate principal amount of its 4.550% Notes due 2028 and $500,000,000 aggregate principal amount of its 4.950% Notes due 2032.
In connection with the issuance of the Notes, the Company entered into an Underwriting Agreement dated as of February 18, 2025 with Deutsche Bank Securities Inc., Citigroup Global Markets Inc., HSBC Securities (USA) Inc., NatWest Markets Securities Inc., PNC Capital Markets LLC and SG Americas Securities, LLC, as representatives of the several underwriters.","debt_issuance,underwriting_agreement",eligible,completed_debt,routine,0001193125-25-039253:completed_debt,"Mastercard Incorporated completed an offering of $300,000,000 aggregate principal amount of its Floating Rate Notes due 2028, $450,000,000 aggregate principal amount of its 4.550% Notes due 2028 and $500,000,000 aggregate principal amount of its 4.950% Notes due 2032.
In connection with the issuance of the Notes, the Company entered into an Underwriting Agreement dated as of February 18, 2025 with Deutsche Bank Securities Inc., Citigroup Global Markets Inc., HSBC Securities (USA) Inc., NatWest Markets Securities Inc., PNC Capital Markets LLC and SG Americas Securities, LLC, as representatives of the several underwriters.",2025-02-27,2025-02-28,2025-02-28
MCD,0000063908-24-000097,2024-05-20,63908,https://www.sec.gov/Archives/edgar/data/63908/0000063908-24-000097.txt,"McDonald's Corporation issued $500,000,000 of its 5.000% Medium-Term Notes due 2029 and $500,000,000 of its 5.200% Medium-Term Notes due 2034. The Notes were issued pursuant to the Company's medium-term notes program, as set forth in the Company's Registration Statement on Form S-3.",debt_issuance,eligible,completed_debt,routine,0000063908-24-000097:completed_debt,"McDonald's Corporation issued $500,000,000 of its 5.000% Medium-Term Notes due 2029 and $500,000,000 of its 5.200% Medium-Term Notes due 2034. The Notes were issued pursuant to the Company's medium-term notes program, as set forth in the Company's Registration Statement on Form S-3.",2024-05-20,2024-05-21,2024-05-21
MCD,0000063908-25-000014,2025-03-04,63908,https://www.sec.gov/Archives/edgar/data/63908/0000063908-25-000014.txt,"McDonald's Corporation issued $600,000,000 of its 4.600% Medium-Term Notes due 2030 and $900,000,000 of its 4.950% Medium-Term Notes due 2035. The Notes were issued pursuant to the Company's medium-term notes program, as set forth in the Company's Registration Statement on Form S-3.",debt_issuance,eligible,completed_debt,routine,0000063908-25-000014:completed_debt,"McDonald's Corporation issued $600,000,000 of its 4.600% Medium-Term Notes due 2030 and $900,000,000 of its 4.950% Medium-Term Notes due 2035. The Notes were issued pursuant to the Company's medium-term notes program, as set forth in the Company's Registration Statement on Form S-3.",2025-03-04,2025-03-05,2025-03-05
MCD,0000063908-25-000042,2025-08-27,63908,https://www.sec.gov/Archives/edgar/data/63908/0000063908-25-000042.txt,"McDonald's Corporation issued $550,000,000 of its 4.400% Medium-Term Notes due 2031 and $750,000,000 of its 5.000% Medium-Term Notes due 2036. The Notes were issued pursuant to the Company's medium-term notes program.",debt_issuance,eligible,completed_debt,routine,0000063908-25-000042:completed_debt,"McDonald's Corporation issued $550,000,000 of its 4.400% Medium-Term Notes due 2031 and $750,000,000 of its 5.000% Medium-Term Notes due 2036. The Notes were issued pursuant to the Company's medium-term notes program.",2025-08-27,2025-08-28,2025-08-28
MDLZ,0001628280-24-031094,2024-07-03,1103982,https://www.sec.gov/Archives/edgar/data/1103982/0001628280-24-031094.txt,"On July 3, 2024, we issued an aggregate principal amount of C$650 million of CAD-denominated senior notes due 2031 (the ""Notes""). The Notes were issued pursuant to an Indenture, dated as of March 6, 2015...as further supplemented and modified in respect of the Notes by an officers' certificate under Section 301 of the Indenture, dated as of July 3, 2024.",debt_issuance,eligible,completed_debt,routine,0001628280-24-031094:completed_debt,"On July 3, 2024, we issued an aggregate principal amount of C$650 million of CAD-denominated senior notes due 2031 (the ""Notes""). The Notes were issued pursuant to an Indenture, dated as of March 6, 2015...as further supplemented and modified in respect of the Notes by an officers' certificate under Section 301 of the Indenture, dated as of July 3, 2024.",2024-07-03,2024-07-05,2024-07-05
MDLZ,0001628280-24-038666,2024-08-28,1103982,https://www.sec.gov/Archives/edgar/data/1103982/0001628280-24-038666.txt,"On August 28, 2024, we issued an aggregate principal amount of $500 million of the senior notes due 2034 (the ""Notes""). The Notes were issued pursuant to an Indenture, dated as of March 6, 2015...as further supplemented and modified in respect of the Notes by an officers' certificate under Section 301 of the Indenture, dated as of August 28, 2024.",debt_issuance,eligible,completed_debt,routine,0001628280-24-038666:completed_debt,"On August 28, 2024, we issued an aggregate principal amount of $500 million of the senior notes due 2034 (the ""Notes""). The Notes were issued pursuant to an Indenture, dated as of March 6, 2015...as further supplemented and modified in respect of the Notes by an officers' certificate under Section 301 of the Indenture, dated as of August 28, 2024.",2024-08-28,2024-08-29,2024-08-29
MDLZ,0001628280-25-022707,2025-05-06,1103982,https://www.sec.gov/Archives/edgar/data/1103982/0001628280-25-022707.txt,"On May 6, 2025, we issued an aggregate principal amount of $1.6 billion of the Notes. The Notes were issued pursuant to an Indenture, dated as of March 6, 2015...senior notes due 2028 (the '2028 Notes'), senior notes due 2030 (the '2030 Notes') and senior notes due 2035 (the '2035 Notes').
On May 1, 2025, we entered into a Terms Agreement in respect of the Notes (the 'Terms Agreement') with BNP Paribas Securities Corp., Citigroup Global Markets Inc., Mizuho Securities USA LLC, and SMBC Nikko Securities America, Inc., as representatives of the several underwriters named therein (the 'Underwriters'), pursuant to which we agreed to issue and sell the Notes to the Underwriters.","debt_issuance,underwriting_agreement",eligible,completed_debt,routine,0001628280-25-022707:completed_debt,"On May 6, 2025, we issued an aggregate principal amount of $1.6 billion of the Notes. The Notes were issued pursuant to an Indenture, dated as of March 6, 2015...senior notes due 2028 (the '2028 Notes'), senior notes due 2030 (the '2030 Notes') and senior notes due 2035 (the '2035 Notes').
On May 1, 2025, we entered into a Terms Agreement in respect of the Notes (the 'Terms Agreement') with BNP Paribas Securities Corp., Citigroup Global Markets Inc., Mizuho Securities USA LLC, and SMBC Nikko Securities America, Inc., as representatives of the several underwriters named therein (the 'Underwriters'), pursuant to which we agreed to issue and sell the Notes to the Underwriters.",2025-05-06,2025-05-07,2025-05-07
MDT,0001193125-25-221819,2025-09-29,1613103,https://www.sec.gov/Archives/edgar/data/1613103/0001193125-25-221819.txt,"On September 29, 2025, Medtronic, Inc., an indirect wholly owned subsidiary of Medtronic public limited company issued €750,000,000 aggregate principal amount of its 2.950% Senior Notes due 2030 and €750,000,000 aggregate principal amount of its 4.200% Senior Notes due 2045, in an underwritten offering. Medtronic, Inc. expects to receive net proceeds from the Offering of approximately €1.49 billion, after deducting the underwriting discount and estimated offering expenses.",debt_issuance,eligible,completed_debt,routine,0001193125-25-221819:completed_debt,"On September 29, 2025, Medtronic, Inc., an indirect wholly owned subsidiary of Medtronic public limited company issued €750,000,000 aggregate principal amount of its 2.950% Senior Notes due 2030 and €750,000,000 aggregate principal amount of its 4.200% Senior Notes due 2045, in an underwritten offering. Medtronic, Inc. expects to receive net proceeds from the Offering of approximately €1.49 billion, after deducting the underwriting discount and estimated offering expenses.",2025-09-29,2025-09-30,2025-09-30
MET,0001193125-24-155141,2024-06-05,1099219,https://www.sec.gov/Archives/edgar/data/1099219/0001193125-24-155141.txt,"On June 5, 2024, MetLife, Inc. (the ""Company"") issued $500,000,000 aggregate principal amount of its 5.300% Senior Notes due 2034 (the ""Senior Notes""). The Senior Notes were issued pursuant to the Senior Indenture, dated as of November 9, 2001... as supplemented by the Forty-Sixth Supplemental Indenture, dated as of June 5, 2024, with respect to the Senior Notes.
On June 3, 2024, the Company entered into (i) an underwriting agreement (attached hereto as Exhibit 1.1 and incorporated herein by reference) and (ii) a pricing agreement (attached hereto as Exhibit 1.2 and incorporated herein by reference) (the ""Pricing Agreement"") relating to the sale of the Senior Notes, each among the Company and Citigroup Global Markets Inc., Deutsche Bank Securities, Inc., Goldman Sachs & Co. LLC, HSBC Securities (USA) Inc. and Wells Fargo Securities, LLC, as representatives of the several underwriters.","debt_issuance,underwriting_agreement",eligible,completed_debt,routine,0001193125-24-155141:completed_debt,"On June 5, 2024, MetLife, Inc. (the ""Company"") issued $500,000,000 aggregate principal amount of its 5.300% Senior Notes due 2034 (the ""Senior Notes""). The Senior Notes were issued pursuant to the Senior Indenture, dated as of November 9, 2001... as supplemented by the Forty-Sixth Supplemental Indenture, dated as of June 5, 2024, with respect to the Senior Notes.
On June 3, 2024, the Company entered into (i) an underwriting agreement (attached hereto as Exhibit 1.1 and incorporated herein by reference) and (ii) a pricing agreement (attached hereto as Exhibit 1.2 and incorporated herein by reference) (the ""Pricing Agreement"") relating to the sale of the Senior Notes, each among the Company and Citigroup Global Markets Inc., Deutsche Bank Securities, Inc., Goldman Sachs & Co. LLC, HSBC Securities (USA) Inc. and Wells Fargo Securities, LLC, as representatives of the several underwriters.",2024-06-05,2024-06-06,2024-06-06
MET,0001193125-24-229033,2024-09-30,1099219,https://www.sec.gov/Archives/edgar/data/1099219/0001193125-24-229033.txt,"On September 30, 2024, MetLife, Inc. (the ""Company"") issued $250,000,000 in additional aggregate principal amount of its 5.300% Senior Notes due 2034 (the ""New Senior Notes""). The New Senior Notes were issued as additional notes pursuant to the Senior Indenture, dated as of November 9, 2001... and the Forty-Seventh Supplemental Indenture, dated as of September 30, 2024, pursuant to which the New Senior Notes were issued.
On September 26, 2024, the Company entered into (i) an underwriting agreement (attached hereto as Exhibit 1.1 and incorporated herein by reference) and (ii) a pricing agreement (attached hereto as Exhibit 1.2 and incorporated herein by reference) (the ""Pricing Agreement"") relating to the sale of the New Senior Notes, each among the Company and Morgan Stanley & Co. LLC, BofA Securities, Inc. and Wells Fargo Securities, LLC, as representatives of the several underwriters.","debt_issuance,underwriting_agreement",eligible,completed_debt,routine,0001193125-24-229033:completed_debt,"On September 30, 2024, MetLife, Inc. (the ""Company"") issued $250,000,000 in additional aggregate principal amount of its 5.300% Senior Notes due 2034 (the ""New Senior Notes""). The New Senior Notes were issued as additional notes pursuant to the Senior Indenture, dated as of November 9, 2001... and the Forty-Seventh Supplemental Indenture, dated as of September 30, 2024, pursuant to which the New Senior Notes were issued.
On September 26, 2024, the Company entered into (i) an underwriting agreement (attached hereto as Exhibit 1.1 and incorporated herein by reference) and (ii) a pricing agreement (attached hereto as Exhibit 1.2 and incorporated herein by reference) (the ""Pricing Agreement"") relating to the sale of the New Senior Notes, each among the Company and Morgan Stanley & Co. LLC, BofA Securities, Inc. and Wells Fargo Securities, LLC, as representatives of the several underwriters.",2024-09-30,2024-10-01,2024-10-01
MET,0001193125-25-053957,2025-03-13,1099219,https://www.sec.gov/Archives/edgar/data/1099219/0001193125-25-053957.txt,"On March 13, 2025, MetLife, Inc. (the ""Company"") issued $1,000,000,000 aggregate principal amount of its 6.350% Fixed-to-Fixed Reset Rate Subordinated Debentures due 2055 (the ""Debentures""). The Debentures were issued pursuant to the Indenture, dated as of June 21, 2005... as supplemented by the Thirteenth Supplemental Indenture, dated as of March 13, 2025, with respect to the Debentures.
On March 11, 2025, the Company entered into (i) an underwriting agreement... and (ii) a pricing agreement... relating to the sale of the Debentures, each among the Company and BNP Paribas Securities Corp., BofA Securities, Inc., Deutsche Bank Securities Inc., J.P. Morgan Securities LLC, Morgan Stanley & Co. LLC, and TD Securities (USA) LLC, as representatives of the several underwriters.","debt_issuance,underwriting_agreement",eligible,completed_debt,routine,0001193125-25-053957:completed_debt,"On March 13, 2025, MetLife, Inc. (the ""Company"") issued $1,000,000,000 aggregate principal amount of its 6.350% Fixed-to-Fixed Reset Rate Subordinated Debentures due 2055 (the ""Debentures""). The Debentures were issued pursuant to the Indenture, dated as of June 21, 2005... as supplemented by the Thirteenth Supplemental Indenture, dated as of March 13, 2025, with respect to the Debentures.
On March 11, 2025, the Company entered into (i) an underwriting agreement... and (ii) a pricing agreement... relating to the sale of the Debentures, each among the Company and BNP Paribas Securities Corp., BofA Securities, Inc., Deutsche Bank Securities Inc., J.P. Morgan Securities LLC, Morgan Stanley & Co. LLC, and TD Securities (USA) LLC, as representatives of the several underwriters.",2025-03-13,2025-03-14,2025-03-14
META,0001193125-24-197873,2024-08-09,1326801,https://www.sec.gov/Archives/edgar/data/1326801/0001193125-24-197873.txt,"Meta Platforms, Inc. (the ""Company"") completed an offering of $1,000,000,000 aggregate principal amount of its 4.300% Senior Notes due 2029, $1,000,000,000 aggregate principal amount of its 4.550% Senior Notes due 2031, $2,500,000,000 aggregate principal amount of its 4.750% Senior Notes due 2034, $3,250,000,000 aggregate principal amount of its 5.400% Senior Notes due 2054 and $2,750,000,000 aggregate principal amount of its 5.550% Senior Notes due 2064.
In connection with the issuance of the Notes, the Company entered into an Underwriting Agreement dated as of August 7, 2024 with BofA Securities, Inc., J.P. Morgan Securities LLC and Morgan Stanley & Co. LLC, as representatives of the several underwriters listed in Schedule II to the Underwriting Agreement.","debt_issuance,underwriting_agreement",eligible,completed_debt,routine,0001193125-24-197873:completed_debt,"Meta Platforms, Inc. (the ""Company"") completed an offering of $1,000,000,000 aggregate principal amount of its 4.300% Senior Notes due 2029, $1,000,000,000 aggregate principal amount of its 4.550% Senior Notes due 2031, $2,500,000,000 aggregate principal amount of its 4.750% Senior Notes due 2034, $3,250,000,000 aggregate principal amount of its 5.400% Senior Notes due 2054 and $2,750,000,000 aggregate principal amount of its 5.550% Senior Notes due 2064.
In connection with the issuance of the Notes, the Company entered into an Underwriting Agreement dated as of August 7, 2024 with BofA Securities, Inc., J.P. Morgan Securities LLC and Morgan Stanley & Co. LLC, as representatives of the several underwriters listed in Schedule II to the Underwriting Agreement.",2024-08-09,2024-08-12,2024-08-12
META,0001193125-25-262593,2025-11-03,1326801,https://www.sec.gov/Archives/edgar/data/1326801/0001193125-25-262593.txt,"Meta Platforms, Inc. (the ""Company"") completed an offering of $4,000,000,000 aggregate principal amount of its 4.200% Senior Notes due 2030, $4,000,000,000 aggregate principal amount of its 4.600% Senior Notes due 2032, $6,500,000,000 aggregate principal amount of its 4.875% Senior Notes due 2035, $4,500,000,000 aggregate principal amount of its 5.500% Senior Notes due 2045, $6,500,000,000 aggregate principal amount of its 5.625% Senior Notes due 2055, and $4,500,000,000 aggregate principal amount of its 5.750% Senior Notes due 2065.
In connection with the issuance of the Notes, the Company entered into an Underwriting Agreement dated as of October 30, 2025 with Citigroup Global Markets Inc. and Morgan Stanley & Co. LLC, as representatives of the several underwriters listed in Schedule II to the Underwriting Agreement.","debt_issuance,underwriting_agreement",eligible,completed_debt,routine,0001193125-25-262593:completed_debt,"Meta Platforms, Inc. (the ""Company"") completed an offering of $4,000,000,000 aggregate principal amount of its 4.200% Senior Notes due 2030, $4,000,000,000 aggregate principal amount of its 4.600% Senior Notes due 2032, $6,500,000,000 aggregate principal amount of its 4.875% Senior Notes due 2035, $4,500,000,000 aggregate principal amount of its 5.500% Senior Notes due 2045, $6,500,000,000 aggregate principal amount of its 5.625% Senior Notes due 2055, and $4,500,000,000 aggregate principal amount of its 5.750% Senior Notes due 2065.
In connection with the issuance of the Notes, the Company entered into an Underwriting Agreement dated as of October 30, 2025 with Citigroup Global Markets Inc. and Morgan Stanley & Co. LLC, as representatives of the several underwriters listed in Schedule II to the Underwriting Agreement.",2025-11-03,2025-11-04,2025-11-04
MO,0001193125-25-021816,2025-02-06,764180,https://www.sec.gov/Archives/edgar/data/764180/0001193125-25-021816.txt,"On February 6, 2025, Altria Group, Inc. (the ""Company"") issued $500,000,000 aggregate principal amount of its 4.875% Notes due 2028 (the ""2028 Notes"") and $500,000,000 aggregate principal amount of its 5.625% Notes due 2035 (the ""2035 Notes""). Interest on the 2028 Notes is payable semiannually on February 4 and August 4 of each year, commencing August 4, 2025. The 2028 Notes will mature on February 4, 2028 and the 2035 Notes will mature on February 6, 2035.
On February 4, 2025, the Company and PM USA entered into a Terms Agreement (the ""Terms Agreement"") with Deutsche Bank Securities Inc., Santander US Capital Markets LLC, Scotia Capital (USA) Inc. and Wells Fargo Securities, LLC, as representatives of the several underwriters named therein (the ""Underwriters""), pursuant to which the Company agreed to issue and sell the Notes to the Underwriters.","debt_issuance,underwriting_agreement",eligible,completed_debt,routine,0001193125-25-021816:completed_debt,"On February 6, 2025, Altria Group, Inc. (the ""Company"") issued $500,000,000 aggregate principal amount of its 4.875% Notes due 2028 (the ""2028 Notes"") and $500,000,000 aggregate principal amount of its 5.625% Notes due 2035 (the ""2035 Notes""). Interest on the 2028 Notes is payable semiannually on February 4 and August 4 of each year, commencing August 4, 2025. The 2028 Notes will mature on February 4, 2028 and the 2035 Notes will mature on February 6, 2035.
On February 4, 2025, the Company and PM USA entered into a Terms Agreement (the ""Terms Agreement"") with Deutsche Bank Securities Inc., Santander US Capital Markets LLC, Scotia Capital (USA) Inc. and Wells Fargo Securities, LLC, as representatives of the several underwriters named therein (the ""Underwriters""), pursuant to which the Company agreed to issue and sell the Notes to the Underwriters.",2025-02-06,2025-02-07,2025-02-07
MO,0001193125-25-174546,2025-08-06,764180,https://www.sec.gov/Archives/edgar/data/764180/0001193125-25-174546.txt,"On August 6, 2025, Altria Group, Inc. (the ""Company"") issued $500,000,000 aggregate principal amount of its 4.500% Notes due 2030 (the ""2030 Notes"") and $500,000,000 aggregate principal amount of its 5.250% Notes due 2035 (the ""2035 Notes""). Interest on the 2030 Notes is payable semiannually on February 6 and August 6 of each year, commencing February 6, 2026. The 2030 Notes will mature on August 6, 2030 and the 2035 Notes will mature on August 6, 2035.
On August 4, 2025, the Company and PM USA entered into a Terms Agreement (the ""Terms Agreement"") with Barclays Capital Inc., Citigroup Global Markets Inc., Goldman Sachs & Co. LLC and J.P. Morgan Securities LLC, as representatives of the several underwriters named therein (the ""Underwriters""), pursuant to which the Company agreed to issue and sell the Notes to the Underwriters.","debt_issuance,underwriting_agreement",eligible,completed_debt,routine,0001193125-25-174546:completed_debt,"On August 6, 2025, Altria Group, Inc. (the ""Company"") issued $500,000,000 aggregate principal amount of its 4.500% Notes due 2030 (the ""2030 Notes"") and $500,000,000 aggregate principal amount of its 5.250% Notes due 2035 (the ""2035 Notes""). Interest on the 2030 Notes is payable semiannually on February 6 and August 6 of each year, commencing February 6, 2026. The 2030 Notes will mature on August 6, 2030 and the 2035 Notes will mature on August 6, 2035.
On August 4, 2025, the Company and PM USA entered into a Terms Agreement (the ""Terms Agreement"") with Barclays Capital Inc., Citigroup Global Markets Inc., Goldman Sachs & Co. LLC and J.P. Morgan Securities LLC, as representatives of the several underwriters named therein (the ""Underwriters""), pursuant to which the Company agreed to issue and sell the Notes to the Underwriters.",2025-08-06,2025-08-07,2025-08-07
MRK,0001628280-24-025800,2024-05-30,310158,https://www.sec.gov/Archives/edgar/data/310158/0001628280-24-025800.txt,"MSD Netherlands, a wholly-owned subsidiary of the Company, closed an underwritten public offering of €850,000,000 aggregate principal amount of 3.250% Notes due 2032, €850,000,000 aggregate principal amount of 3.500% Notes due 2037, €850,000,000 aggregate principal amount of 3.700% Notes due 2044 and €850,000,000 aggregate principal amount of 3.750% Notes due 2054. The Notes are fully and unconditionally guaranteed on an unsecured senior basis by the Company.",debt_issuance,eligible,completed_debt,routine,0001628280-24-025800:completed_debt,"MSD Netherlands, a wholly-owned subsidiary of the Company, closed an underwritten public offering of €850,000,000 aggregate principal amount of 3.250% Notes due 2032, €850,000,000 aggregate principal amount of 3.500% Notes due 2037, €850,000,000 aggregate principal amount of 3.700% Notes due 2044 and €850,000,000 aggregate principal amount of 3.750% Notes due 2054. The Notes are fully and unconditionally guaranteed on an unsecured senior basis by the Company.",2024-05-30,2024-05-31,2024-05-31
MRK,0000310158-25-000047,2025-09-09,310158,https://www.sec.gov/Archives/edgar/data/310158/0000310158-25-000047.txt,"On September 9, 2025, Merck & Co., Inc. (the ""Company"") closed an underwritten public offering of $500,000,000 aggregate principal amount of Floating Rate Notes due 2027, $750,000,000 aggregate principal amount of 3.850% Notes due 2027, $750,000,000 aggregate principal amount of 4.150% Notes due 2030, $1,000,000,000 aggregate principal amount of 4.550% Notes due 2032, $1,750,000,000 aggregate principal amount of 4.950% Notes due 2035 and $1,250,000,000 aggregate principal amount of 5.700% Notes due 2055.",debt_issuance,eligible,completed_debt,routine,0000310158-25-000047:completed_debt,"On September 9, 2025, Merck & Co., Inc. (the ""Company"") closed an underwritten public offering of $500,000,000 aggregate principal amount of Floating Rate Notes due 2027, $750,000,000 aggregate principal amount of 3.850% Notes due 2027, $750,000,000 aggregate principal amount of 4.150% Notes due 2030, $1,000,000,000 aggregate principal amount of 4.550% Notes due 2032, $1,750,000,000 aggregate principal amount of 4.950% Notes due 2035 and $1,250,000,000 aggregate principal amount of 5.700% Notes due 2055.",2025-09-09,2025-09-10,2025-09-10
MRK,0001628280-25-055388,2025-12-04,310158,https://www.sec.gov/Archives/edgar/data/310158/0001628280-25-055388.txt,"On December 4, 2025, Merck & Co., Inc. (the ""Company"") closed an underwritten public offering of $500,000,000 aggregate principal amount of Floating Rate Notes due 2029, $750,000,000 aggregate principal amount of 3.850% Notes due 2029, $1,000,000,000 aggregate principal amount of 4.150% Notes due 2031, $1,000,000,000 aggregate principal amount of 4.450% Notes due 2032, $1,500,000,000 aggregate principal amount of 4.750% Notes due 2035, $750,000,000 aggregate principal amount of 5.500% Notes due 2046, $1,500,000,000 aggregate principal amount of 5.550% Notes due 2055 and $1,000,000,000 aggregate principal amount of 5.700% Notes due 2065.",debt_issuance,eligible,completed_debt,routine,0001628280-25-055388:completed_debt,"On December 4, 2025, Merck & Co., Inc. (the ""Company"") closed an underwritten public offering of $500,000,000 aggregate principal amount of Floating Rate Notes due 2029, $750,000,000 aggregate principal amount of 3.850% Notes due 2029, $1,000,000,000 aggregate principal amount of 4.150% Notes due 2031, $1,000,000,000 aggregate principal amount of 4.450% Notes due 2032, $1,500,000,000 aggregate principal amount of 4.750% Notes due 2035, $750,000,000 aggregate principal amount of 5.500% Notes due 2046, $1,500,000,000 aggregate principal amount of 5.550% Notes due 2055 and $1,000,000,000 aggregate principal amount of 5.700% Notes due 2065.",2025-12-04,2025-12-05,2025-12-05
NFLX,0001140361-24-035325,2024-08-01,1065280,https://www.sec.gov/Archives/edgar/data/1065280/0001140361-24-035325.txt,"Netflix, Inc. completed a registered public offering of $1 billion in aggregate principal amount of 4.90% senior unsecured notes due 2034 and $800 million in aggregate principal amount of 5.40% senior unsecured notes due 2054 pursuant to an underwriting agreement with Morgan Stanley & Co. LLC, Goldman Sachs & Co. LLC, J.P. Morgan Securities LLC and Wells Fargo Securities, LLC.
The Notes were issued pursuant to an underwriting agreement (the 'Underwriting Agreement') with Morgan Stanley & Co. LLC, Goldman Sachs & Co. LLC, J.P. Morgan Securities LLC and Wells Fargo Securities, LLC, as representatives of the several underwriters named therein.","debt_issuance,underwriting_agreement",eligible,completed_debt,routine,0001140361-24-035325:completed_debt,"Netflix, Inc. completed a registered public offering of $1 billion in aggregate principal amount of 4.90% senior unsecured notes due 2034 and $800 million in aggregate principal amount of 5.40% senior unsecured notes due 2054 pursuant to an underwriting agreement with Morgan Stanley & Co. LLC, Goldman Sachs & Co. LLC, J.P. Morgan Securities LLC and Wells Fargo Securities, LLC.
The Notes were issued pursuant to an underwriting agreement (the 'Underwriting Agreement') with Morgan Stanley & Co. LLC, Goldman Sachs & Co. LLC, J.P. Morgan Securities LLC and Wells Fargo Securities, LLC, as representatives of the several underwriters named therein.",2024-08-01,2024-08-02,2024-08-02
ORCL,0001193125-24-227971,2024-09-27,1341439,https://www.sec.gov/Archives/edgar/data/1341439/0001193125-24-227971.txt,"On September 27, 2024, Oracle Corporation consummated the issuance and sale of $1,500,000,000 aggregate principal amount of its 4.200% Notes due 2029, $1,750,000,000 aggregate principal amount of its 4.700% Notes due 2034, $1,750,000,000 aggregate principal amount of its 5.375% Notes due 2054 and $1,250,000,000 aggregate principal amount of its 5.500% Notes due 2064 (collectively, the 'Notes'), pursuant to an underwriting agreement dated September 25, 2024.",debt_issuance,eligible,completed_debt,routine,0001193125-24-227971:completed_debt,"On September 27, 2024, Oracle Corporation consummated the issuance and sale of $1,500,000,000 aggregate principal amount of its 4.200% Notes due 2029, $1,750,000,000 aggregate principal amount of its 4.700% Notes due 2034, $1,750,000,000 aggregate principal amount of its 5.375% Notes due 2054 and $1,250,000,000 aggregate principal amount of its 5.500% Notes due 2064 (collectively, the 'Notes'), pursuant to an underwriting agreement dated September 25, 2024.",2024-09-27,2024-09-30,2024-09-30
ORCL,0001193125-25-019281,2025-02-03,1341439,https://www.sec.gov/Archives/edgar/data/1341439/0001193125-25-019281.txt,"On February 3, 2025, Oracle Corporation consummated the issuance and sale of $500,000,000 aggregate principal amount of its Floating Rate Notes due 2028, $1,500,000,000 aggregate principal amount of its 4.800% Notes due 2028, $1,250,000,000 aggregate principal amount of its 5.250% Notes due 2032, $1,750,000,000 aggregate principal amount of its 5.500% Notes due 2035, $1,750,000,000 aggregate principal amount of its 6.000% Notes due 2055 and $1,000,000,000 aggregate principal amount of its 6.125% Notes due 2065 (collectively, the 'Notes'), pursuant to an underwriting agreement dated January 30, 2025.",debt_issuance,eligible,completed_debt,routine,0001193125-25-019281:completed_debt,"On February 3, 2025, Oracle Corporation consummated the issuance and sale of $500,000,000 aggregate principal amount of its Floating Rate Notes due 2028, $1,500,000,000 aggregate principal amount of its 4.800% Notes due 2028, $1,250,000,000 aggregate principal amount of its 5.250% Notes due 2032, $1,750,000,000 aggregate principal amount of its 5.500% Notes due 2035, $1,750,000,000 aggregate principal amount of its 6.000% Notes due 2055 and $1,000,000,000 aggregate principal amount of its 6.125% Notes due 2065 (collectively, the 'Notes'), pursuant to an underwriting agreement dated January 30, 2025.",2025-02-03,2025-02-04,2025-02-04
ORCL,0001193125-25-220445,2025-09-26,1341439,https://www.sec.gov/Archives/edgar/data/1341439/0001193125-25-220445.txt,"On September 26, 2025, Oracle Corporation consummated the issuance and sale of $3,000,000,000 aggregate principal amount of its 4.450% Notes due 2030, $3,000,000,000 aggregate principal amount of its 4.800% Notes due 2032, $4,000,000,000 aggregate principal amount of its 5.200% Notes due 2035, $2,500,000,000 aggregate principal amount of its 5.875% Notes due 2045, $3,500,000,000 aggregate principal amount of its 5.950% Notes due 2055 and $2,000,000,000 aggregate principal amount of its 6.100% Notes due 2065 (collectively, the 'Notes'), pursuant to an underwriting agreement dated September 24, 2025.
The Notes were issued pursuant to an underwriting agreement dated September 24, 2025 among Oracle and BofA Securities, Inc., Citigroup Global Markets Inc., Deutsche Bank Securities Inc., Goldman Sachs & Co. LLC, HSBC Securities (USA) Inc. and J.P. Morgan Securities LLC, as representatives of the several underwriters named therein.","debt_issuance,underwriting_agreement",eligible,completed_debt,routine,0001193125-25-220445:completed_debt,"On September 26, 2025, Oracle Corporation consummated the issuance and sale of $3,000,000,000 aggregate principal amount of its 4.450% Notes due 2030, $3,000,000,000 aggregate principal amount of its 4.800% Notes due 2032, $4,000,000,000 aggregate principal amount of its 5.200% Notes due 2035, $2,500,000,000 aggregate principal amount of its 5.875% Notes due 2045, $3,500,000,000 aggregate principal amount of its 5.950% Notes due 2055 and $2,000,000,000 aggregate principal amount of its 6.100% Notes due 2065 (collectively, the 'Notes'), pursuant to an underwriting agreement dated September 24, 2025.
The Notes were issued pursuant to an underwriting agreement dated September 24, 2025 among Oracle and BofA Securities, Inc., Citigroup Global Markets Inc., Deutsche Bank Securities Inc., Goldman Sachs & Co. LLC, HSBC Securities (USA) Inc. and J.P. Morgan Securities LLC, as representatives of the several underwriters named therein.",2025-09-26,2025-09-29,2025-09-29
PFE,0001193125-25-122480,2025-05-19,78003,https://www.sec.gov/Archives/edgar/data/78003/0001193125-25-122480.txt,"Pfizer Netherlands International Finance B.V. completed a public offering of €750,000,000 aggregate principal amount of 2.875% Notes due 2029, €1,000,000,000 aggregate principal amount of 3.250% Notes due 2032, €750,000,000 aggregate principal amount of 3.875% Notes due 2037 and €800,000,000 aggregate principal amount of 4.250% Notes due 2045. The Notes are fully and unconditionally guaranteed on a senior unsecured basis by the Company.
In connection with the offering of the Notes, the Issuer and the Company entered into an underwriting agreement (the 'Underwriting Agreement') and related pricing agreement (the 'Pricing Agreement'), each dated May 14, 2025, with the several underwriters listed on Schedule I to the Pricing Agreement.","debt_issuance,underwriting_agreement",eligible,completed_debt,routine,0001193125-25-122480:completed_debt,"Pfizer Netherlands International Finance B.V. completed a public offering of €750,000,000 aggregate principal amount of 2.875% Notes due 2029, €1,000,000,000 aggregate principal amount of 3.250% Notes due 2032, €750,000,000 aggregate principal amount of 3.875% Notes due 2037 and €800,000,000 aggregate principal amount of 4.250% Notes due 2045. The Notes are fully and unconditionally guaranteed on a senior unsecured basis by the Company.
In connection with the offering of the Notes, the Issuer and the Company entered into an underwriting agreement (the 'Underwriting Agreement') and related pricing agreement (the 'Pricing Agreement'), each dated May 14, 2025, with the several underwriters listed on Schedule I to the Pricing Agreement.",2025-05-19,2025-05-20,2025-05-20
PFE,0001193125-25-291406,2025-11-21,78003,https://www.sec.gov/Archives/edgar/data/78003/0001193125-25-291406.txt,"Pfizer Inc. completed a public offering of $500,000,000 aggregate principal amount of Floating Rate Notes due 2027, $1,000,000,000 aggregate principal amount of 3.875% Notes due 2027, $1,000,000,000 aggregate principal amount of 4.200% Notes due 2030, $1,250,000,000 aggregate principal amount of 4.500% Notes due 2032, $1,250,000,000 aggregate principal amount of 4.875% Notes due 2035, $500,000,000 aggregate principal amount of 5.600% Notes due 2055 and $500,000,000 aggregate principal amount of 5.700% Notes due 2065.
In connection with the offering of the Notes, the Company entered into an underwriting agreement (the 'Underwriting Agreement') and related pricing agreement (the 'Pricing Agreement'), each dated November 18, 2025, with Citigroup Global Markets Inc., Deutsche Bank Securities Inc., J.P. Morgan Securities LLC and Mizuho Securities USA LLC, as representatives of the several underwriters.","debt_issuance,underwriting_agreement",eligible,completed_debt,routine,0001193125-25-291406:completed_debt,"Pfizer Inc. completed a public offering of $500,000,000 aggregate principal amount of Floating Rate Notes due 2027, $1,000,000,000 aggregate principal amount of 3.875% Notes due 2027, $1,000,000,000 aggregate principal amount of 4.200% Notes due 2030, $1,250,000,000 aggregate principal amount of 4.500% Notes due 2032, $1,250,000,000 aggregate principal amount of 4.875% Notes due 2035, $500,000,000 aggregate principal amount of 5.600% Notes due 2055 and $500,000,000 aggregate principal amount of 5.700% Notes due 2065.
In connection with the offering of the Notes, the Company entered into an underwriting agreement (the 'Underwriting Agreement') and related pricing agreement (the 'Pricing Agreement'), each dated November 18, 2025, with Citigroup Global Markets Inc., Deutsche Bank Securities Inc., J.P. Morgan Securities LLC and Mizuho Securities USA LLC, as representatives of the several underwriters.",2025-11-21,2025-11-24,2025-11-24
PG,0001193125-24-018146,2024-01-29,80424,https://www.sec.gov/Archives/edgar/data/80424/0001193125-24-018146.txt,"The Procter & Gamble Company closed an underwritten public offering of $600,000,000 aggregate principal amount of 4.350% Notes due January 29, 2029 and $750,000,000 aggregate principal amount of 4.550% Notes due January 29, 2034 under the Company's Registration Statement on Form S-3.",debt_issuance,eligible,completed_debt,routine,0001193125-24-018146:completed_debt,"The Procter & Gamble Company closed an underwritten public offering of $600,000,000 aggregate principal amount of 4.350% Notes due January 29, 2029 and $750,000,000 aggregate principal amount of 4.550% Notes due January 29, 2034 under the Company's Registration Statement on Form S-3.",2024-01-29,2024-01-30,2024-01-30
PG,0001193125-24-122626,2024-04-29,80424,https://www.sec.gov/Archives/edgar/data/80424/0001193125-24-122626.txt,"The Procter & Gamble Company closed an underwritten public offering of €650,000,000 aggregate principal amount of 3.150% Notes due April 29, 2028 and €850,000,000 aggregate principal amount of 3.200% Notes due April 29, 2034 under the Company's Registration Statement on Form S-3.",debt_issuance,eligible,completed_debt,routine,0001193125-24-122626:completed_debt,"The Procter & Gamble Company closed an underwritten public offering of €650,000,000 aggregate principal amount of 3.150% Notes due April 29, 2028 and €850,000,000 aggregate principal amount of 3.200% Notes due April 29, 2034 under the Company's Registration Statement on Form S-3.",2024-04-29,2024-04-30,2024-04-30
PG,0001193125-24-242887,2024-10-24,80424,https://www.sec.gov/Archives/edgar/data/80424/0001193125-24-242887.txt,"The Procter & Gamble Company closed an underwritten public offering of $500,000,000 aggregate principal amount of 4.150% Notes due October 24, 2029 and $500,000,000 aggregate principal amount of 4.550% Notes due October 24, 2034 under the Company's Registration Statement on Form S-3.",debt_issuance,eligible,completed_debt,routine,0001193125-24-242887:completed_debt,"The Procter & Gamble Company closed an underwritten public offering of $500,000,000 aggregate principal amount of 4.150% Notes due October 24, 2029 and $500,000,000 aggregate principal amount of 4.550% Notes due October 24, 2034 under the Company's Registration Statement on Form S-3.",2024-10-24,2024-10-25,2024-10-25
PG,0001193125-25-110040,2025-05-01,80424,https://www.sec.gov/Archives/edgar/data/80424/0001193125-25-110040.txt,"The Procter & Gamble Company closed an underwritten public offering of $700,000,000 aggregate principal amount of 4.050% Notes due May 1, 2030 and $550,000,000 aggregate principal amount of 4.600% Notes due May 1, 2035 under the Company's Registration Statement on Form S-3.",debt_issuance,eligible,completed_debt,routine,0001193125-25-110040:completed_debt,"The Procter & Gamble Company closed an underwritten public offering of $700,000,000 aggregate principal amount of 4.050% Notes due May 1, 2030 and $550,000,000 aggregate principal amount of 4.600% Notes due May 1, 2035 under the Company's Registration Statement on Form S-3.",2025-05-01,2025-05-02,2025-05-02
PG,0001193125-25-262609,2025-11-03,80424,https://www.sec.gov/Archives/edgar/data/80424/0001193125-25-262609.txt,"On November 3, 2025, The Procter & Gamble Company (the ""Company"") closed an underwritten public offering of €500,000,000 aggregate principal amount of 2.900% Notes due November 3, 2033 and €500,000,000 aggregate principal amount of 3.650% Notes due November 3, 2045 under the Company's Registration Statement on Form S-3. Additionally, on November 3, 2025, the Company closed an underwritten public offering of $750,000,000 aggregate principal amount of 4.100% Notes due November 3, 2032 and $500,000,000 aggregate principal amount of 4.350% Notes due November 3, 2035.",debt_issuance,eligible,completed_debt,routine,0001193125-25-262609:completed_debt,"On November 3, 2025, The Procter & Gamble Company (the ""Company"") closed an underwritten public offering of €500,000,000 aggregate principal amount of 2.900% Notes due November 3, 2033 and €500,000,000 aggregate principal amount of 3.650% Notes due November 3, 2045 under the Company's Registration Statement on Form S-3. Additionally, on November 3, 2025, the Company closed an underwritten public offering of $750,000,000 aggregate principal amount of 4.100% Notes due November 3, 2032 and $500,000,000 aggregate principal amount of 4.350% Notes due November 3, 2035.",2025-11-03,2025-11-04,2025-11-04
PM,0001104659-24-019869,2024-02-13,1413329,https://www.sec.gov/Archives/edgar/data/1413329/0001104659-24-019869.txt,"On February 13, 2024, Philip Morris International Inc. issued $750,000,000 aggregate principal amount of its 4.750% Notes due 2027, $1,000,000,000 aggregate principal amount of its 4.875% Notes due 2029, $1,250,000,000 aggregate principal amount of its 5.125% Notes due 2031 and $1,750,000,000 aggregate principal amount of its 5.250% Notes due 2034.
PMI entered into a Terms Agreement with Barclays Capital Inc., Citigroup Global Markets Inc., Mizuho Securities USA LLC, BBVA Securities Inc., BofA Securities, Inc., Deutsche Bank Securities Inc., Goldman Sachs & Co. LLC, HSBC Securities (USA) Inc., Santander US Capital Markets LLC, SMBC Nikko Securities America, Inc., Standard Chartered Bank, UBS Securities LLC and Wells Fargo Securities, LLC, as representatives of the several underwriters named therein, pursuant to which PMI agreed to issue and sell the Notes to the Underwriters.","debt_issuance,underwriting_agreement",eligible,completed_debt,routine,0001104659-24-019869:completed_debt,"On February 13, 2024, Philip Morris International Inc. issued $750,000,000 aggregate principal amount of its 4.750% Notes due 2027, $1,000,000,000 aggregate principal amount of its 4.875% Notes due 2029, $1,250,000,000 aggregate principal amount of its 5.125% Notes due 2031 and $1,750,000,000 aggregate principal amount of its 5.250% Notes due 2034.
PMI entered into a Terms Agreement with Barclays Capital Inc., Citigroup Global Markets Inc., Mizuho Securities USA LLC, BBVA Securities Inc., BofA Securities, Inc., Deutsche Bank Securities Inc., Goldman Sachs & Co. LLC, HSBC Securities (USA) Inc., Santander US Capital Markets LLC, SMBC Nikko Securities America, Inc., Standard Chartered Bank, UBS Securities LLC and Wells Fargo Securities, LLC, as representatives of the several underwriters named therein, pursuant to which PMI agreed to issue and sell the Notes to the Underwriters.",2024-02-13,2024-02-14,2024-02-14
PM,0001104659-24-069077,2024-06-06,1413329,https://www.sec.gov/Archives/edgar/data/1413329/0001104659-24-069077.txt,"On June 6, 2024, Philip Morris International Inc. (PMI) issued €500,000,000 aggregate principal amount of its 3.750% Notes due 2031. Interest on the Notes is payable annually in arrears on January 15 of each year, commencing January 15, 2025. The Notes will mature on January 15, 2031.
On June 3, 2024, PMI entered into a Terms Agreement with the underwriters named therein, pursuant to which PMI agreed to issue and sell the Notes to the Underwriters. The provisions of an Underwriting Agreement, dated as of April 25, 2008, are incorporated by reference in the Terms Agreement.","debt_issuance,underwriting_agreement",eligible,completed_debt,routine,0001104659-24-069077:completed_debt,"On June 6, 2024, Philip Morris International Inc. (PMI) issued €500,000,000 aggregate principal amount of its 3.750% Notes due 2031. Interest on the Notes is payable annually in arrears on January 15 of each year, commencing January 15, 2025. The Notes will mature on January 15, 2031.
On June 3, 2024, PMI entered into a Terms Agreement with the underwriters named therein, pursuant to which PMI agreed to issue and sell the Notes to the Underwriters. The provisions of an Underwriting Agreement, dated as of April 25, 2008, are incorporated by reference in the Terms Agreement.",2024-06-06,2024-06-07,2024-06-07
PM,0001104659-24-113481,2024-11-01,1413329,https://www.sec.gov/Archives/edgar/data/1413329/0001104659-24-113481.txt,"On November 1, 2024, Philip Morris International Inc. ('PMI') issued $750,000,000 aggregate principal amount of its 4.375% Notes due 2027, $750,000,000 aggregate principal amount of its 4.625% Notes due 2029, $750,000,000 aggregate principal amount of its 4.750% Notes due 2031 and $750,000,000 aggregate principal amount of its 4.900% Notes due 2034.
On October 30, 2024, PMI entered into a Terms Agreement with BBVA Securities Inc., BofA Securities, Inc., Deutsche Bank Securities Inc., Goldman Sachs & Co. LLC, Wells Fargo Securities, LLC, Barclays Capital Inc., Citigroup Global Markets Inc., Mizuho Securities USA LLC and UBS Securities LLC, as representatives of the several underwriters named therein, pursuant to which PMI agreed to issue and sell the Notes to the Underwriters.","debt_issuance,underwriting_agreement",eligible,completed_debt,routine,0001104659-24-113481:completed_debt,"On November 1, 2024, Philip Morris International Inc. ('PMI') issued $750,000,000 aggregate principal amount of its 4.375% Notes due 2027, $750,000,000 aggregate principal amount of its 4.625% Notes due 2029, $750,000,000 aggregate principal amount of its 4.750% Notes due 2031 and $750,000,000 aggregate principal amount of its 4.900% Notes due 2034.
On October 30, 2024, PMI entered into a Terms Agreement with BBVA Securities Inc., BofA Securities, Inc., Deutsche Bank Securities Inc., Goldman Sachs & Co. LLC, Wells Fargo Securities, LLC, Barclays Capital Inc., Citigroup Global Markets Inc., Mizuho Securities USA LLC and UBS Securities LLC, as representatives of the several underwriters named therein, pursuant to which PMI agreed to issue and sell the Notes to the Underwriters.",2024-11-01,2024-11-04,2024-11-04
PM,0001104659-25-042567,2025-04-30,1413329,https://www.sec.gov/Archives/edgar/data/1413329/0001104659-25-042567.txt,"On April 30, 2025, Philip Morris International Inc. ('PMI') issued $400,000,000 aggregate principal amount of its Floating Rate Notes due 2028, $750,000,000 aggregate principal amount of its 4.125% Notes due 2028, $750,000,000 aggregate principal amount of its 4.375% Notes due 2030 and $600,000,000 aggregate principal amount of its 4.875% Notes due 2035.
On April 28, 2025, PMI entered into a Terms Agreement with Barclays Capital Inc., Mizuho Securities USA LLC, SMBC Nikko Securities America, Inc., Santander US Capital Markets LLC and Standard Chartered Bank, as representatives of the several underwriters named therein, pursuant to which PMI agreed to issue and sell the Notes to the Underwriters.","debt_issuance,underwriting_agreement",eligible,completed_debt,routine,0001104659-25-042567:completed_debt,"On April 30, 2025, Philip Morris International Inc. ('PMI') issued $400,000,000 aggregate principal amount of its Floating Rate Notes due 2028, $750,000,000 aggregate principal amount of its 4.125% Notes due 2028, $750,000,000 aggregate principal amount of its 4.375% Notes due 2030 and $600,000,000 aggregate principal amount of its 4.875% Notes due 2035.
On April 28, 2025, PMI entered into a Terms Agreement with Barclays Capital Inc., Mizuho Securities USA LLC, SMBC Nikko Securities America, Inc., Santander US Capital Markets LLC and Standard Chartered Bank, as representatives of the several underwriters named therein, pursuant to which PMI agreed to issue and sell the Notes to the Underwriters.",2025-04-30,2025-05-01,2025-05-01
PM,0001104659-25-057314,2025-06-06,1413329,https://www.sec.gov/Archives/edgar/data/1413329/0001104659-25-057314.txt,"On June 6, 2025, Philip Morris International Inc. issued €500,000,000 aggregate principal amount of its 2.750% Notes due 2029 and €500,000,000 aggregate principal amount of its 3.250% Notes due 2032. The Notes were issued pursuant to an Indenture dated as of April 25, 2008, by and between PMI and HSBC Bank USA, National Association, as trustee.
On June 3, 2025, PMI entered into a Terms Agreement with the underwriters named therein, pursuant to which PMI agreed to issue and sell the Notes to the Underwriters. The provisions of an Underwriting Agreement, dated as of April 25, 2008, are incorporated by reference in the Terms Agreement.","debt_issuance,underwriting_agreement",eligible,completed_debt,routine,0001104659-25-057314:completed_debt,"On June 6, 2025, Philip Morris International Inc. issued €500,000,000 aggregate principal amount of its 2.750% Notes due 2029 and €500,000,000 aggregate principal amount of its 3.250% Notes due 2032. The Notes were issued pursuant to an Indenture dated as of April 25, 2008, by and between PMI and HSBC Bank USA, National Association, as trustee.
On June 3, 2025, PMI entered into a Terms Agreement with the underwriters named therein, pursuant to which PMI agreed to issue and sell the Notes to the Underwriters. The provisions of an Underwriting Agreement, dated as of April 25, 2008, are incorporated by reference in the Terms Agreement.",2025-06-06,2025-06-09,2025-06-09
PM,0001104659-25-103715,2025-10-29,1413329,https://www.sec.gov/Archives/edgar/data/1413329/0001104659-25-103715.txt,"On October 29, 2025, Philip Morris International Inc. ('PMI') issued $300,000,000 aggregate principal amount of its Floating Rate Notes due 2028, $750,000,000 aggregate principal amount of its 3.875% Notes due 2028, $750,000,000 aggregate principal amount of its 4.000% Notes due 2030, $850,000,000 aggregate principal amount of its 4.250% Notes due 2032 and $850,000,000 aggregate principal amount of its 4.625% Notes due 2035.
On October 27, 2025, PMI entered into a Terms Agreement with BBVA Securities Inc., BofA Securities, Inc., Citigroup Global Markets Inc., Deutsche Bank Securities Inc., Wells Fargo Securities, LLC, Goldman Sachs & Co. LLC, HSBC Securities (USA) Inc. and UBS Securities LLC, as representatives of the several underwriters named therein, pursuant to which PMI agreed to issue and sell the Notes to the Underwriters.","debt_issuance,underwriting_agreement",eligible,completed_debt,routine,0001104659-25-103715:completed_debt,"On October 29, 2025, Philip Morris International Inc. ('PMI') issued $300,000,000 aggregate principal amount of its Floating Rate Notes due 2028, $750,000,000 aggregate principal amount of its 3.875% Notes due 2028, $750,000,000 aggregate principal amount of its 4.000% Notes due 2030, $850,000,000 aggregate principal amount of its 4.250% Notes due 2032 and $850,000,000 aggregate principal amount of its 4.625% Notes due 2035.
On October 27, 2025, PMI entered into a Terms Agreement with BBVA Securities Inc., BofA Securities, Inc., Citigroup Global Markets Inc., Deutsche Bank Securities Inc., Wells Fargo Securities, LLC, Goldman Sachs & Co. LLC, HSBC Securities (USA) Inc. and UBS Securities LLC, as representatives of the several underwriters named therein, pursuant to which PMI agreed to issue and sell the Notes to the Underwriters.",2025-10-29,2025-10-30,2025-10-30
SBUX,0001193125-24-028387,2024-02-08,829224,https://www.sec.gov/Archives/edgar/data/829224/0001193125-24-028387.txt,"On February 8, 2024, Starbucks Corporation completed a public offering pursuant to an underwriting agreement dated February 5, 2024, under which Starbucks agreed to issue and sell (i) $1,000,000,000 aggregate principal amount of its 4.850% Senior Notes due 2027, (ii) $500,000,000 aggregate principal amount of its 4.900% Senior Notes due 2031 and (iii) $500,000,000 aggregate principal amount of its 5.000% Senior Notes due 2034.
Starbucks Corporation completed a public offering pursuant to an underwriting agreement (the 'Underwriting Agreement'), dated February 5, 2024, with Goldman Sachs & Co. LLC, J.P. Morgan Securities LLC, U.S. Bancorp Investments, Inc. and Wells Fargo Securities, LLC, as representatives of the several underwriters named therein.","debt_issuance,underwriting_agreement",eligible,completed_debt,routine,0001193125-24-028387:completed_debt,"On February 8, 2024, Starbucks Corporation completed a public offering pursuant to an underwriting agreement dated February 5, 2024, under which Starbucks agreed to issue and sell (i) $1,000,000,000 aggregate principal amount of its 4.850% Senior Notes due 2027, (ii) $500,000,000 aggregate principal amount of its 4.900% Senior Notes due 2031 and (iii) $500,000,000 aggregate principal amount of its 5.000% Senior Notes due 2034.
Starbucks Corporation completed a public offering pursuant to an underwriting agreement (the 'Underwriting Agreement'), dated February 5, 2024, with Goldman Sachs & Co. LLC, J.P. Morgan Securities LLC, U.S. Bancorp Investments, Inc. and Wells Fargo Securities, LLC, as representatives of the several underwriters named therein.",2024-02-08,2024-02-09,2024-02-09
SBUX,0001213900-25-041096,2025-05-08,829224,https://www.sec.gov/Archives/edgar/data/829224/0001213900-25-041096.txt,"Starbucks completed a public offering of (i) $750,000,000 aggregate principal amount of its 4.500% Senior Notes due 2028, (ii) $500,000,000 aggregate principal amount of its 4.800% Senior Notes due 2030 and (iii) $500,000,000 aggregate principal amount of its 5.400% Senior Notes due 2035.
Starbucks completed a public offering pursuant to an underwriting agreement (the 'Underwriting Agreement'), dated May 6, 2025, with BofA Securities, Inc., Citigroup Global Markets Inc., Morgan Stanley & Co. LLC and Scotia Capital (USA) Inc., as representatives of the several underwriters named therein.","debt_issuance,underwriting_agreement",eligible,completed_debt,routine,0001213900-25-041096:completed_debt,"Starbucks completed a public offering of (i) $750,000,000 aggregate principal amount of its 4.500% Senior Notes due 2028, (ii) $500,000,000 aggregate principal amount of its 4.800% Senior Notes due 2030 and (iii) $500,000,000 aggregate principal amount of its 5.400% Senior Notes due 2035.
Starbucks completed a public offering pursuant to an underwriting agreement (the 'Underwriting Agreement'), dated May 6, 2025, with BofA Securities, Inc., Citigroup Global Markets Inc., Morgan Stanley & Co. LLC and Scotia Capital (USA) Inc., as representatives of the several underwriters named therein.",2025-05-08,2025-05-09,2025-05-09
SCHW,0001193125-25-283263,2025-11-14,316709,https://www.sec.gov/Archives/edgar/data/316709/0001193125-25-283263.txt,"On November 14, 2025, The Charles Schwab Corporation issued $1,000,000,000 aggregate principal amount of 4.343% Fixed-to-Floating Rate Senior Notes due 2031 and $1,000,000,000 aggregate principal amount of 4.914% Fixed-to-Floating Rate Senior Notes due 2036. The net proceeds of the offering of the Notes were approximately $1,986,000,000, after deducting underwriting discounts and commissions and estimated offering expenses.
On November 12, 2025, CSC entered into an Underwriting Agreement with BofA Securities, Inc., Citigroup Global Markets Inc., Goldman Sachs & Co. LLC, J.P. Morgan Securities LLC, Morgan Stanley & Co. LLC and Wells Fargo Securities, LLC, as representatives of the several underwriters named therein, pursuant to which CSC agreed to issue and sell the Notes to the Underwriters.","debt_issuance,underwriting_agreement",eligible,completed_debt,routine,0001193125-25-283263:completed_debt,"On November 14, 2025, The Charles Schwab Corporation issued $1,000,000,000 aggregate principal amount of 4.343% Fixed-to-Floating Rate Senior Notes due 2031 and $1,000,000,000 aggregate principal amount of 4.914% Fixed-to-Floating Rate Senior Notes due 2036. The net proceeds of the offering of the Notes were approximately $1,986,000,000, after deducting underwriting discounts and commissions and estimated offering expenses.
On November 12, 2025, CSC entered into an Underwriting Agreement with BofA Securities, Inc., Citigroup Global Markets Inc., Goldman Sachs & Co. LLC, J.P. Morgan Securities LLC, Morgan Stanley & Co. LLC and Wells Fargo Securities, LLC, as representatives of the several underwriters named therein, pursuant to which CSC agreed to issue and sell the Notes to the Underwriters.",2025-11-14,2025-11-17,2025-11-17
T,0001193125-25-068736,2025-03-31,732717,https://www.sec.gov/Archives/edgar/data/732717/0001193125-25-068736.txt,"AT&T closed its sale of €1,000,000,000 aggregate principal amount of its 3.150% Global Notes due 2030, €1,000,000,000 aggregate principal amount of its 3.600% Global Notes due 2033 and €750,000,000 aggregate principal amount of its 4.050% Global Notes due 2037 pursuant to an Underwriting Agreement, dated March 24, 2025.
The Notes were issued pursuant to an Underwriting Agreement, dated March 24, 2025, between AT&T and the several Underwriters named on Schedule II thereto.","debt_issuance,underwriting_agreement",eligible,completed_debt,routine,0001193125-25-068736:completed_debt,"AT&T closed its sale of €1,000,000,000 aggregate principal amount of its 3.150% Global Notes due 2030, €1,000,000,000 aggregate principal amount of its 3.600% Global Notes due 2033 and €750,000,000 aggregate principal amount of its 4.050% Global Notes due 2037 pursuant to an Underwriting Agreement, dated March 24, 2025.
The Notes were issued pursuant to an Underwriting Agreement, dated March 24, 2025, between AT&T and the several Underwriters named on Schedule II thereto.",2025-03-31,2025-04-01,2025-04-01
T,0001193125-25-134108,2025-06-03,732717,https://www.sec.gov/Archives/edgar/data/732717/0001193125-25-134108.txt,"AT&T closed its sale of $1,000,000,000 aggregate principal amount of its 4.700% Global Notes due 2030, $1,250,000,000 aggregate principal amount of its 5.375% Global Notes due 2035 and $1,250,000,000 aggregate principal amount of its 6.050% Global Notes due 2056 pursuant to an Underwriting Agreement, dated May 28, 2025.
The Notes were issued pursuant to an Underwriting Agreement, dated May 28, 2025, between AT&T and Deutsche Bank Securities Inc., RBC Capital Markets, LLC, Santander US Capital Markets LLC, SMBC Nikko Securities America, Inc., TD Securities (USA) LLC and Wells Fargo Securities, LLC, as the representatives of the several Underwriters.","debt_issuance,underwriting_agreement",eligible,completed_debt,routine,0001193125-25-134108:completed_debt,"AT&T closed its sale of $1,000,000,000 aggregate principal amount of its 4.700% Global Notes due 2030, $1,250,000,000 aggregate principal amount of its 5.375% Global Notes due 2035 and $1,250,000,000 aggregate principal amount of its 6.050% Global Notes due 2056 pursuant to an Underwriting Agreement, dated May 28, 2025.
The Notes were issued pursuant to an Underwriting Agreement, dated May 28, 2025, between AT&T and Deutsche Bank Securities Inc., RBC Capital Markets, LLC, Santander US Capital Markets LLC, SMBC Nikko Securities America, Inc., TD Securities (USA) LLC and Wells Fargo Securities, LLC, as the representatives of the several Underwriters.",2025-06-03,2025-06-04,2025-06-04
T,0001193125-25-205072,2025-09-16,732717,https://www.sec.gov/Archives/edgar/data/732717/0001193125-25-205072.txt,"AT&T closed its sale of €2,250,000,000 aggregate principal amount of its Floating Rate Global Notes due 2027 pursuant to an Underwriting Agreement, dated September 9, 2025. The Notes were issued pursuant to that certain Indenture, dated as of May 15, 2013, between AT&T and The Bank of New York Mellon Trust Company, N.A., as Trustee.
The Notes were issued pursuant to an Underwriting Agreement, dated September 9, 2025, between AT&T and the several Underwriters named on Schedule II thereto. The Notes have been registered under the Securities Act of 1933, as amended, pursuant to a Registration Statement on Form S-3.","debt_issuance,underwriting_agreement",eligible,completed_debt,routine,0001193125-25-205072:completed_debt,"AT&T closed its sale of €2,250,000,000 aggregate principal amount of its Floating Rate Global Notes due 2027 pursuant to an Underwriting Agreement, dated September 9, 2025. The Notes were issued pursuant to that certain Indenture, dated as of May 15, 2013, between AT&T and The Bank of New York Mellon Trust Company, N.A., as Trustee.
The Notes were issued pursuant to an Underwriting Agreement, dated September 9, 2025, between AT&T and the several Underwriters named on Schedule II thereto. The Notes have been registered under the Securities Act of 1933, as amended, pursuant to a Registration Statement on Form S-3.",2025-09-16,2025-09-17,2025-09-17
T,0001193125-25-215530,2025-09-24,732717,https://www.sec.gov/Archives/edgar/data/732717/0001193125-25-215530.txt,"AT&T closed its sale of $1,150,000,000 aggregate principal amount of its 4.550% Global Notes due 2032, $1,250,000,000 aggregate principal amount of its 4.900% Global Notes due 2035, $1,100,000,000 aggregate principal amount of its 5.550% Global Notes due 2045 and $1,500,000,000 aggregate principal amount of its 5.700% Global Notes due 2054 pursuant to an Underwriting Agreement, dated September 18, 2025.",debt_issuance,eligible,completed_debt,routine,0001193125-25-215530:completed_debt,"AT&T closed its sale of $1,150,000,000 aggregate principal amount of its 4.550% Global Notes due 2032, $1,250,000,000 aggregate principal amount of its 4.900% Global Notes due 2035, $1,100,000,000 aggregate principal amount of its 5.550% Global Notes due 2045 and $1,500,000,000 aggregate principal amount of its 5.700% Global Notes due 2054 pursuant to an Underwriting Agreement, dated September 18, 2025.",2025-09-24,2025-09-25,2025-09-25
TGT,0001628280-24-039644,2024-09-06,27419,https://www.sec.gov/Archives/edgar/data/27419/0001628280-24-039644.txt,"Target Corporation closed the sale of $750 million aggregate principal amount of its 4.500% Notes due 2034 pursuant to an Underwriting Agreement dated September 3, 2024 among Target and Deutsche Bank Securities Inc., J.P. Morgan Securities LLC, and Wells Fargo Securities, LLC, as representatives of the several underwriters.",debt_issuance,eligible,completed_debt,routine,0001628280-24-039644:completed_debt,"Target Corporation closed the sale of $750 million aggregate principal amount of its 4.500% Notes due 2034 pursuant to an Underwriting Agreement dated September 3, 2024 among Target and Deutsche Bank Securities Inc., J.P. Morgan Securities LLC, and Wells Fargo Securities, LLC, as representatives of the several underwriters.",2024-09-06,2024-09-09,2024-09-09
TGT,0001628280-25-014713,2025-03-25,27419,https://www.sec.gov/Archives/edgar/data/27419/0001628280-25-014713.txt,"Target Corporation closed the sale of $1.0 billion aggregate principal amount of its 5.000% Notes due 2035 pursuant to an Underwriting Agreement dated March 20, 2025 among Target and Citigroup Global Markets Inc., Deutsche Bank Securities Inc., and Wells Fargo Securities, LLC, as representatives of the several underwriters.",debt_issuance,eligible,completed_debt,routine,0001628280-25-014713:completed_debt,"Target Corporation closed the sale of $1.0 billion aggregate principal amount of its 5.000% Notes due 2035 pursuant to an Underwriting Agreement dated March 20, 2025 among Target and Citigroup Global Markets Inc., Deutsche Bank Securities Inc., and Wells Fargo Securities, LLC, as representatives of the several underwriters.",2025-03-25,2025-03-26,2025-03-26
TGT,0001628280-25-030471,2025-06-10,27419,https://www.sec.gov/Archives/edgar/data/27419/0001628280-25-030471.txt,"Target closed the sale of $500 million aggregate principal amount of its 4.350% Notes due 2028 and $500 million aggregate principal amount of its 5.250% Notes due 2036 pursuant to an Underwriting Agreement dated June 5, 2025.",debt_issuance,eligible,completed_debt,routine,0001628280-25-030471:completed_debt,"Target closed the sale of $500 million aggregate principal amount of its 4.350% Notes due 2028 and $500 million aggregate principal amount of its 5.250% Notes due 2036 pursuant to an Underwriting Agreement dated June 5, 2025.",2025-06-10,2025-06-11,2025-06-11
TMO,0001140361-25-037501,2025-10-07,97745,https://www.sec.gov/Archives/edgar/data/97745/0001140361-25-037501.txt,"On October 7, 2025, Thermo Fisher Scientific Inc. (the ""Company"") issued $500,000,000 aggregate principal amount of 4.200% Senior Notes due 2031, $750,000,000 aggregate principal amount of 4.473% Senior Notes due 2032, $750,000,000 aggregate principal amount of 4.794% Senior Notes due 2035 and $500,000,000 aggregate principal amount of 4.894% Senior Notes due 2037 in a public offering pursuant to a registration statement on Form S-3ASR.
The sale of the Notes was made pursuant to the terms of an Underwriting Agreement, which the Company entered into on September 30, 2025, with J.P. Morgan Securities LLC, ING Financial Markets LLC, Mizuho Securities USA LLC and Scotia Capital (USA) Inc., as representatives of the several underwriters named in Schedule A to the Underwriting Agreement.","debt_issuance,underwriting_agreement",eligible,completed_debt,routine,0001140361-25-037501:completed_debt,"On October 7, 2025, Thermo Fisher Scientific Inc. (the ""Company"") issued $500,000,000 aggregate principal amount of 4.200% Senior Notes due 2031, $750,000,000 aggregate principal amount of 4.473% Senior Notes due 2032, $750,000,000 aggregate principal amount of 4.794% Senior Notes due 2035 and $500,000,000 aggregate principal amount of 4.894% Senior Notes due 2037 in a public offering pursuant to a registration statement on Form S-3ASR.
The sale of the Notes was made pursuant to the terms of an Underwriting Agreement, which the Company entered into on September 30, 2025, with J.P. Morgan Securities LLC, ING Financial Markets LLC, Mizuho Securities USA LLC and Scotia Capital (USA) Inc., as representatives of the several underwriters named in Schedule A to the Underwriting Agreement.",2025-10-07,2025-10-08,2025-10-08
TMO,0001140361-25-043790,2025-12-01,97745,https://www.sec.gov/Archives/edgar/data/97745/0001140361-25-043790.txt,"On December 1, 2025, Thermo Fisher Scientific (Finance I) B.V. issued €1,000,000,000 aggregate principal amount of Floating Rate Senior Notes due 2027 and €1,100,000,000 aggregate principal amount of 3.628% Senior Notes due 2035 in a public offering. The Company has fully and unconditionally guaranteed the Notes on a senior unsecured basis.
The sale of the Securities was made pursuant to the terms of an Underwriting Agreement, dated November 24, 2025, among Thermo Fisher International, as issuer, the Company, as parent guarantor, and Barclays Bank PLC, BNP PARIBAS, HSBC Continental Europe Morgan Stanley & Co. International plc, as lead managers of the several underwriters.","debt_issuance,underwriting_agreement",eligible,completed_debt,routine,0001140361-25-043790:completed_debt,"On December 1, 2025, Thermo Fisher Scientific (Finance I) B.V. issued €1,000,000,000 aggregate principal amount of Floating Rate Senior Notes due 2027 and €1,100,000,000 aggregate principal amount of 3.628% Senior Notes due 2035 in a public offering. The Company has fully and unconditionally guaranteed the Notes on a senior unsecured basis.
The sale of the Securities was made pursuant to the terms of an Underwriting Agreement, dated November 24, 2025, among Thermo Fisher International, as issuer, the Company, as parent guarantor, and Barclays Bank PLC, BNP PARIBAS, HSBC Continental Europe Morgan Stanley & Co. International plc, as lead managers of the several underwriters.",2025-12-01,2025-12-02,2025-12-02
TMUS,0001193125-24-226980,2024-09-26,1283699,https://www.sec.gov/Archives/edgar/data/1283699/0001193125-24-226980.txt,"On September 26, 2024, T-Mobile USA, Inc. closed an underwritten public offering of $700 million in aggregate principal amount of its 4.200% Senior Notes due 2029, $900 million in aggregate principal amount of its 4.700% Senior Notes due 2035 and $900 million in aggregate principal amount of its 5.250% Senior Notes due 2055 pursuant to an underwriting agreement, dated as of September 23, 2024, with the several underwriters named therein.
The Notes were issued pursuant to an underwriting agreement, dated as of September 23, 2024 (the 'Underwriting Agreement'), with the several underwriters named therein, for which J.P. Morgan Securities LLC, Morgan Stanley & Co. LLC, RBC Capital Markets, LLC and Wells Fargo Securities, LLC acted as representatives.","debt_issuance,underwriting_agreement",eligible,completed_debt,routine,0001193125-24-226980:completed_debt,"On September 26, 2024, T-Mobile USA, Inc. closed an underwritten public offering of $700 million in aggregate principal amount of its 4.200% Senior Notes due 2029, $900 million in aggregate principal amount of its 4.700% Senior Notes due 2035 and $900 million in aggregate principal amount of its 5.250% Senior Notes due 2055 pursuant to an underwriting agreement, dated as of September 23, 2024, with the several underwriters named therein.
The Notes were issued pursuant to an underwriting agreement, dated as of September 23, 2024 (the 'Underwriting Agreement'), with the several underwriters named therein, for which J.P. Morgan Securities LLC, Morgan Stanley & Co. LLC, RBC Capital Markets, LLC and Wells Fargo Securities, LLC acted as representatives.",2024-09-26,2024-09-27,2024-09-27
TMUS,0001193125-25-024359,2025-02-11,1283699,https://www.sec.gov/Archives/edgar/data/1283699/0001193125-25-024359.txt,"T-Mobile USA, Inc. closed an underwritten public offering of €1.0 billion in aggregate principal amount of its 3.150% Senior Notes due 2032, €1.0 billion in aggregate principal amount of its 3.500% Senior Notes due 2037 and €750 million in aggregate principal amount of its 3.800% Senior Notes due 2045 pursuant to an underwriting agreement, dated February 4, 2025.
The Notes were issued pursuant to an underwriting agreement, dated February 4, 2025 (the 'Underwriting Agreement'), with the several underwriters named therein.","debt_issuance,underwriting_agreement",eligible,completed_debt,routine,0001193125-25-024359:completed_debt,"T-Mobile USA, Inc. closed an underwritten public offering of €1.0 billion in aggregate principal amount of its 3.150% Senior Notes due 2032, €1.0 billion in aggregate principal amount of its 3.500% Senior Notes due 2037 and €750 million in aggregate principal amount of its 3.800% Senior Notes due 2045 pursuant to an underwriting agreement, dated February 4, 2025.
The Notes were issued pursuant to an underwriting agreement, dated February 4, 2025 (the 'Underwriting Agreement'), with the several underwriters named therein.",2025-02-11,2025-02-12,2025-02-12
TMUS,0001193125-25-065576,2025-03-27,1283699,https://www.sec.gov/Archives/edgar/data/1283699/0001193125-25-065576.txt,"On March 27, 2025, T-Mobile USA, Inc. closed an underwritten public offering of $1.25 billion in aggregate principal amount of its 5.125% Senior Notes due 2032, $1.0 billion in aggregate principal amount of its 5.300% Senior Notes due 2035 and $1.25 billion in aggregate principal amount of its 5.875% Senior Notes due 2055 pursuant to an underwriting agreement, dated March 24, 2025.
The Notes were issued pursuant to an underwriting agreement, dated March 24, 2025, with the several underwriters named in Schedule 1 thereto, for which Barclays Capital Inc., Deutsche Bank Securities Inc., Morgan Stanley & Co. LLC and UBS Securities LLC acted as representatives.","debt_issuance,underwriting_agreement",eligible,completed_debt,routine,0001193125-25-065576:completed_debt,"On March 27, 2025, T-Mobile USA, Inc. closed an underwritten public offering of $1.25 billion in aggregate principal amount of its 5.125% Senior Notes due 2032, $1.0 billion in aggregate principal amount of its 5.300% Senior Notes due 2035 and $1.25 billion in aggregate principal amount of its 5.875% Senior Notes due 2055 pursuant to an underwriting agreement, dated March 24, 2025.
The Notes were issued pursuant to an underwriting agreement, dated March 24, 2025, with the several underwriters named in Schedule 1 thereto, for which Barclays Capital Inc., Deutsche Bank Securities Inc., Morgan Stanley & Co. LLC and UBS Securities LLC acted as representatives.",2025-03-27,2025-03-28,2025-03-28
TMUS,0001193125-25-173566,2025-08-05,1283699,https://www.sec.gov/Archives/edgar/data/1283699/0001193125-25-173566.txt,"T-Mobile USA issued $488,860,000 million in aggregate principal amount of its 6.700% Senior Notes due 2033, $393,481,525 million in aggregate principal amount of its 6.250% Senior Notes due 2069, $400,797,075 million in aggregate principal amount of its 5.500% Senior Notes due March 2070 and $394,753,475 million in aggregate principal amount of its 5.500% Senior Notes due June 2070. The Notes were issued pursuant to an Indenture dated as of September 15, 2022.",debt_issuance,eligible,completed_debt,routine,0001193125-25-173566:completed_debt,"T-Mobile USA issued $488,860,000 million in aggregate principal amount of its 6.700% Senior Notes due 2033, $393,481,525 million in aggregate principal amount of its 6.250% Senior Notes due 2069, $400,797,075 million in aggregate principal amount of its 5.500% Senior Notes due March 2070 and $394,753,475 million in aggregate principal amount of its 5.500% Senior Notes due June 2070. The Notes were issued pursuant to an Indenture dated as of September 15, 2022.",2025-08-05,2025-08-06,2025-08-06
TMUS,0001140361-25-037817,2025-10-09,1283699,https://www.sec.gov/Archives/edgar/data/1283699/0001140361-25-037817.txt,"T-Mobile USA, Inc. closed an underwritten public offering of $800 million in aggregate principal amount of its 4.625% Senior Notes due 2033, $1.0 billion in aggregate principal amount of its 4.950% Senior Notes due 2035 and $1.0 billion in aggregate principal amount of its 5.700% Senior Notes due 2056 pursuant to an underwriting agreement, dated October 6, 2025.
The Notes were issued pursuant to an underwriting agreement, dated October 6, 2025, with the several underwriters named in Schedule 1 thereto, for which Barclays Capital Inc., Citigroup Global Markets Inc., Goldman Sachs & Co. LLC and Wells Fargo Securities, LLC acted as representatives.","debt_issuance,underwriting_agreement",eligible,completed_debt,routine,0001140361-25-037817:completed_debt,"T-Mobile USA, Inc. closed an underwritten public offering of $800 million in aggregate principal amount of its 4.625% Senior Notes due 2033, $1.0 billion in aggregate principal amount of its 4.950% Senior Notes due 2035 and $1.0 billion in aggregate principal amount of its 5.700% Senior Notes due 2056 pursuant to an underwriting agreement, dated October 6, 2025.
The Notes were issued pursuant to an underwriting agreement, dated October 6, 2025, with the several underwriters named in Schedule 1 thereto, for which Barclays Capital Inc., Citigroup Global Markets Inc., Goldman Sachs & Co. LLC and Wells Fargo Securities, LLC acted as representatives.",2025-10-09,2025-10-10,2025-10-10
TXN,0001193125-24-028127,2024-02-08,97476,https://www.sec.gov/Archives/edgar/data/97476/0001193125-24-028127.txt,"On February 8, 2024, Texas Instruments Incorporated consummated the issuance and sale of $650,000,000 aggregate principal amount of its 4.600% Notes due 2027, $650,000,000 aggregate principal amount of its 4.600% Notes due 2029, $600,000,000 aggregate principal amount of its 4.850% Notes due 2034, $750,000,000 aggregate principal amount of its 5.150% Notes due 2054 and $350,000,000 aggregate principal amount of its 5.050% Notes due 2063.
The Notes were issued pursuant to an underwriting agreement filed herewith as Exhibit 1.1 dated February 5, 2024 among Texas Instruments and BofA Securities, Inc., Citigroup Global Markets Inc. and Mizuho Securities USA LLC, as underwriters.","debt_issuance,underwriting_agreement",eligible,completed_debt,routine,0001193125-24-028127:completed_debt,"On February 8, 2024, Texas Instruments Incorporated consummated the issuance and sale of $650,000,000 aggregate principal amount of its 4.600% Notes due 2027, $650,000,000 aggregate principal amount of its 4.600% Notes due 2029, $600,000,000 aggregate principal amount of its 4.850% Notes due 2034, $750,000,000 aggregate principal amount of its 5.150% Notes due 2054 and $350,000,000 aggregate principal amount of its 5.050% Notes due 2063.
The Notes were issued pursuant to an underwriting agreement filed herewith as Exhibit 1.1 dated February 5, 2024 among Texas Instruments and BofA Securities, Inc., Citigroup Global Markets Inc. and Mizuho Securities USA LLC, as underwriters.",2024-02-08,2024-02-09,2024-02-09
TXN,0001193125-25-125915,2025-05-23,97476,https://www.sec.gov/Archives/edgar/data/97476/0001193125-25-125915.txt,"On May 23, 2025, Texas Instruments Incorporated consummated the issuance and sale of $550,000,000 aggregate principal amount of its 4.500% Notes due 2030 and $650,000,000 aggregate principal amount of its 5.100% Notes due 2035, pursuant to an underwriting agreement dated May 20, 2025 among Texas Instruments and Barclays Capital Inc., Morgan Stanley & Co. LLC and MUFG Securities Americas Inc., as underwriters.
The Notes were issued pursuant to an underwriting agreement filed herewith as Exhibit 1.1 dated May 20, 2025 among Texas Instruments and Barclays Capital Inc., Morgan Stanley & Co. LLC and MUFG Securities Americas Inc., as underwriters.","debt_issuance,underwriting_agreement",eligible,completed_debt,routine,0001193125-25-125915:completed_debt,"On May 23, 2025, Texas Instruments Incorporated consummated the issuance and sale of $550,000,000 aggregate principal amount of its 4.500% Notes due 2030 and $650,000,000 aggregate principal amount of its 5.100% Notes due 2035, pursuant to an underwriting agreement dated May 20, 2025 among Texas Instruments and Barclays Capital Inc., Morgan Stanley & Co. LLC and MUFG Securities Americas Inc., as underwriters.
The Notes were issued pursuant to an underwriting agreement filed herewith as Exhibit 1.1 dated May 20, 2025 among Texas Instruments and Barclays Capital Inc., Morgan Stanley & Co. LLC and MUFG Securities Americas Inc., as underwriters.",2025-05-23,2025-05-27,2025-05-27
UBER,0001552781-24-000524,2024-09-09,1543151,https://www.sec.gov/Archives/edgar/data/1543151/0001552781-24-000524.txt,"On September 9, 2024, Uber Technologies, Inc. (the ""Company"") completed a registered public offering of $1,250,000,000 aggregate principal amount of the Company's 4.300% Senior Notes due 2030 (the ""2030 Notes""), $1,500,000,000 aggregate principal amount of the Company's 4.800% Senior Notes due 2034 (the ""2034 Notes""), and $1,250,000,000 aggregate principal amount of the Company's 5.350% Senior Notes due 2054 (the ""2054 Notes""). The Notes are the Company's senior unsecured debt obligations.
In connection with the issuance of the Notes, the Company entered into an underwriting agreement dated September 4, 2024 (the ""Underwriting Agreement"") with Morgan Stanley & Co. LLC, BofA Securities, Inc. and J.P. Morgan Securities LLC, as representatives of the several underwriters listed in Schedule II to the Underwriting Agreement.","debt_issuance,underwriting_agreement",eligible,completed_debt,routine,0001552781-24-000524:completed_debt,"On September 9, 2024, Uber Technologies, Inc. (the ""Company"") completed a registered public offering of $1,250,000,000 aggregate principal amount of the Company's 4.300% Senior Notes due 2030 (the ""2030 Notes""), $1,500,000,000 aggregate principal amount of the Company's 4.800% Senior Notes due 2034 (the ""2034 Notes""), and $1,250,000,000 aggregate principal amount of the Company's 5.350% Senior Notes due 2054 (the ""2054 Notes""). The Notes are the Company's senior unsecured debt obligations.
In connection with the issuance of the Notes, the Company entered into an underwriting agreement dated September 4, 2024 (the ""Underwriting Agreement"") with Morgan Stanley & Co. LLC, BofA Securities, Inc. and J.P. Morgan Securities LLC, as representatives of the several underwriters listed in Schedule II to the Underwriting Agreement.",2024-09-09,2024-09-10,2024-09-10
UBER,0001552781-25-000287,2025-09-11,1543151,https://www.sec.gov/Archives/edgar/data/1543151/0001552781-25-000287.txt,"On September 11, 2025, Uber Technologies, Inc. (the ""Company"") completed a registered public offering of $1,000,000,000 aggregate principal amount of the Company's 4.150% Senior Notes due 2031 (the ""2031 Notes"") and $1,250,000,000 aggregate principal amount of the Company's 4.800% Senior Notes due 2035 (the ""2035 Notes"" and together with the 2031 Notes, the ""Notes""). The Notes are the Company's senior unsecured debt obligations.
In connection with the issuance of the Notes, the Company entered into an underwriting agreement (the ""Underwriting Agreement"") with Goldman Sachs & Co. LLC, Barclays Capital Inc. and J.P. Morgan Securities LLC, as representatives of the several underwriters listed in Schedule II to the Underwriting Agreement.","debt_issuance,underwriting_agreement",eligible,completed_debt,routine,0001552781-25-000287:completed_debt,"On September 11, 2025, Uber Technologies, Inc. (the ""Company"") completed a registered public offering of $1,000,000,000 aggregate principal amount of the Company's 4.150% Senior Notes due 2031 (the ""2031 Notes"") and $1,250,000,000 aggregate principal amount of the Company's 4.800% Senior Notes due 2035 (the ""2035 Notes"" and together with the 2031 Notes, the ""Notes""). The Notes are the Company's senior unsecured debt obligations.
In connection with the issuance of the Notes, the Company entered into an underwriting agreement (the ""Underwriting Agreement"") with Goldman Sachs & Co. LLC, Barclays Capital Inc. and J.P. Morgan Securities LLC, as representatives of the several underwriters listed in Schedule II to the Underwriting Agreement.",2025-09-11,2025-09-12,2025-09-12
VZ,0001193125-25-273787,2025-11-10,732712,https://www.sec.gov/Archives/edgar/data/732712/0001193125-25-273787.txt,"On November 10, 2025, Verizon closed the sale of £1,000,000,000 aggregate principal amount of its 5.7420% Fixed-to-Fixed Rate Junior Subordinated Notes due 2056, pursuant to a purchase agreement with the Purchasers.",debt_issuance,eligible,completed_debt,routine,0001193125-25-273787:completed_debt,"On November 10, 2025, Verizon closed the sale of £1,000,000,000 aggregate principal amount of its 5.7420% Fixed-to-Fixed Rate Junior Subordinated Notes due 2056, pursuant to a purchase agreement with the Purchasers.",2025-11-10,2025-11-11,2025-11-11
WFC,0001193125-24-013029,2024-01-23,72971,https://www.sec.gov/Archives/edgar/data/72971/0001193125-24-013029.txt,"On January 23, 2024, the Company issued the following Medium-Term Notes, Series W: (i) $2,750,000,000 Senior Redeemable Fixed-to-Floating Rate Notes due January 23, 2030; and (ii) $3,000,000,000 Senior Redeemable Fixed-to-Floating Rate Notes due January 23, 2035",debt_issuance,eligible,completed_debt,routine,0001193125-24-013029:completed_debt,"On January 23, 2024, the Company issued the following Medium-Term Notes, Series W: (i) $2,750,000,000 Senior Redeemable Fixed-to-Floating Rate Notes due January 23, 2030; and (ii) $3,000,000,000 Senior Redeemable Fixed-to-Floating Rate Notes due January 23, 2035",2024-01-23,2024-01-24,2024-01-24
WFC,0001193125-24-105007,2024-04-22,72971,https://www.sec.gov/Archives/edgar/data/72971/0001193125-24-105007.txt,"On April 22, 2024, the Company issued the following Medium-Term Notes, Series W: (i) $3,250,000,000 Senior Redeemable Fixed-to-Floating Rate Notes due April 22, 2028; and (ii) $1,000,000,000 Senior Redeemable Floating Rate Notes due April 22, 2028 (collectively, the ""Notes"").",debt_issuance,eligible,completed_debt,routine,0001193125-24-105007:completed_debt,"On April 22, 2024, the Company issued the following Medium-Term Notes, Series W: (i) $3,250,000,000 Senior Redeemable Fixed-to-Floating Rate Notes due April 22, 2028; and (ii) $1,000,000,000 Senior Redeemable Floating Rate Notes due April 22, 2028 (collectively, the ""Notes"").",2024-04-22,2024-04-23,2024-04-23
WFC,0001193125-24-269996,2024-12-03,72971,https://www.sec.gov/Archives/edgar/data/72971/0001193125-24-269996.txt,"On December 3, 2024, the Company issued the following Medium-Term Notes, Series W: $2,500,000,000 Senior Redeemable Fixed-to-Floating Rate Notes due December 3, 2035 (the ""Notes"").",debt_issuance,eligible,completed_debt,routine,0001193125-24-269996:completed_debt,"On December 3, 2024, the Company issued the following Medium-Term Notes, Series W: $2,500,000,000 Senior Redeemable Fixed-to-Floating Rate Notes due December 3, 2035 (the ""Notes"").",2024-12-03,2024-12-04,2024-12-04
WFC,0001193125-25-012199,2025-01-24,72971,https://www.sec.gov/Archives/edgar/data/72971/0001193125-25-012199.txt,"On January 24, 2025, the Company issued the following Medium-Term Notes, Series W: (i) $3,000,000,000 Senior Redeemable Fixed-to-Floating Rate Notes due January 24, 2031; (ii) $2,350,000,000 Senior Redeemable Fixed-to-Floating Rate Notes due January 24, 2028; and (iii) $650,000,000 Senior Redeemable Floating Rate Notes due January 24, 2028.",debt_issuance,eligible,completed_debt,routine,0001193125-25-012199:completed_debt,"On January 24, 2025, the Company issued the following Medium-Term Notes, Series W: (i) $3,000,000,000 Senior Redeemable Fixed-to-Floating Rate Notes due January 24, 2031; (ii) $2,350,000,000 Senior Redeemable Fixed-to-Floating Rate Notes due January 24, 2028; and (iii) $650,000,000 Senior Redeemable Floating Rate Notes due January 24, 2028.",2025-01-24,2025-01-27,2025-01-27
WFC,0001193125-25-091460,2025-04-23,72971,https://www.sec.gov/Archives/edgar/data/72971/0001193125-25-091460.txt,"On April 23, 2025, the Company issued the following Medium-Term Notes, Series W: (i) $3,000,000,000 Senior Redeemable Fixed-to-Floating Rate Notes due April 23, 2036; (ii) $2,250,000,000 Senior Redeemable Fixed-to-Floating Rate Notes due April 23, 2031; (iii) $2,250,000,000 Senior Redeemable Fixed-to-Floating Rate Notes due April 23, 2029; and (iv) $500,000,000 Senior Redeemable Floating Rate Notes due April 23, 2029.",debt_issuance,eligible,completed_debt,routine,0001193125-25-091460:completed_debt,"On April 23, 2025, the Company issued the following Medium-Term Notes, Series W: (i) $3,000,000,000 Senior Redeemable Fixed-to-Floating Rate Notes due April 23, 2036; (ii) $2,250,000,000 Senior Redeemable Fixed-to-Floating Rate Notes due April 23, 2031; (iii) $2,250,000,000 Senior Redeemable Fixed-to-Floating Rate Notes due April 23, 2029; and (iv) $500,000,000 Senior Redeemable Floating Rate Notes due April 23, 2029.",2025-04-23,2025-04-24,2025-04-24
WFC,0001193125-25-168083,2025-07-29,72971,https://www.sec.gov/Archives/edgar/data/72971/0001193125-25-168083.txt,"On July 29, 2025, the Company issued $1,500,000,000 Medium-Term Notes, Series W, Senior Redeemable Fixed-to-Floating Rate Notes due April 23, 2031 (the ""Notes"").",debt_issuance,eligible,completed_debt,routine,0001193125-25-168083:completed_debt,"On July 29, 2025, the Company issued $1,500,000,000 Medium-Term Notes, Series W, Senior Redeemable Fixed-to-Floating Rate Notes due April 23, 2031 (the ""Notes"").",2025-07-29,2025-07-30,2025-07-30
WFC,0001193125-25-203752,2025-09-15,72971,https://www.sec.gov/Archives/edgar/data/72971/0001193125-25-203752.txt,"On September 15, 2025, the Company issued the following Medium-Term Notes, Series Y: (i) $1,500,000,000 Senior Redeemable Fixed-to-Floating Rate Notes due September 15, 2029; (ii) $750,000,000 Senior Redeemable Floating Rate Notes due September 15, 2029; and (iii) $1,750,000,000 Senior Redeemable Fixed-to-Floating Rate Notes due September 15, 2036.",debt_issuance,eligible,completed_debt,routine,0001193125-25-203752:completed_debt,"On September 15, 2025, the Company issued the following Medium-Term Notes, Series Y: (i) $1,500,000,000 Senior Redeemable Fixed-to-Floating Rate Notes due September 15, 2029; (ii) $750,000,000 Senior Redeemable Floating Rate Notes due September 15, 2029; and (iii) $1,750,000,000 Senior Redeemable Fixed-to-Floating Rate Notes due September 15, 2036.",2025-09-15,2025-09-16,2025-09-16
