ticker,accession_number,filing_date,cik,filing_url,supporting_text,source_tags,reason
AAPL,0001140361-25-018400,2025-05-12,320193,https://www.sec.gov/Archives/edgar/data/320193/0001140361-25-018400.txt,"On May 12, 2025, Apple Inc. consummated the issuance and sale of $1,500,000,000 aggregate principal amount of its 4.000% Notes due 2028, $1,000,000,000 aggregate principal amount of its 4.200% Notes due 2030, $1,000,000,000 aggregate principal amount of its 4.500% Notes due 2032 and $1,000,000,000 aggregate principal amount of its 4.750% Notes due 2035, pursuant to an underwriting agreement dated May 5, 2025.
The Notes are being issued pursuant to an underwriting agreement (the 'Underwriting Agreement') dated May 5, 2025 among Apple and Goldman Sachs & Co. LLC, Barclays Capital Inc., BofA Securities, Inc. and J.P. Morgan Securities LLC, as representatives of the several underwriters named therein.","debt_issuance,underwriting_agreement",eligible
ABBV,0001104659-25-015015,2025-02-19,1551152,https://www.sec.gov/Archives/edgar/data/1551152/0001104659-25-015015.txt,"AbbVie agreed to issue and sell to the Underwriters $1,250,000,000 in aggregate principal amount of its 4.650% senior notes due 2028, $1,000,000,000 in aggregate principal amount of its 4.875% senior notes due 2030, $1,000,000,000 in aggregate principal amount of its 5.2000% senior notes due 2035 and $750,000,000 in aggregate principal amount of its 5.600% senior notes due 2055.
On February 18, 2025, AbbVie Inc. entered into an underwriting agreement with BofA Securities, Inc., J.P. Morgan Securities LLC, Morgan Stanley & Co. LLC, Barclays Capital Inc. and Mizuho Securities USA LLC, acting for themselves and as representatives of the several underwriters named in Schedule II therein, pursuant to which AbbVie agreed to issue and sell to the Underwriters [the Notes].","debt_issuance,underwriting_agreement",completion_not_verified
ABBV,0001104659-25-017490,2025-02-26,1551152,https://www.sec.gov/Archives/edgar/data/1551152/0001104659-25-017490.txt,"AbbVie completed its previously announced underwritten public offering of $1,250,000,000 in aggregate principal amount of its 4.650% senior notes due 2028, $1,000,000,000 in aggregate principal amount of its 4.875% senior notes due 2030, $1,000,000,000 in aggregate principal amount of its 5.200% senior notes due 2035 and $750,000,000 in aggregate principal amount of its 5.600% senior notes due 2055. The Notes are unsecured, unsubordinated obligations of AbbVie and will rank equally in right of payment with all of AbbVie's existing and future unsecured, unsubordinated indebtedness.",debt_issuance,eligible
ACN,0001193125-24-232937,2024-10-04,1467373,https://www.sec.gov/Archives/edgar/data/1467373/0001193125-24-232937.txt,"Accenture Capital Inc. closed the sale of $1,100,000,000 aggregate principal amount of its 3.900% notes due 2027, $1,200,000,000 aggregate principal amount of its 4.050% notes due 2029, $1,200,000,000 aggregate principal amount of its 4.250% notes due 2031 and $1,500,000,000 aggregate principal amount of its 4.500% notes due 2034. The aggregate public offering price of the Notes was $4.993 billion and the estimated net proceeds from the offering were approximately $4.974 billion.
The Notes were issued pursuant to an Underwriting Agreement dated October 1, 2024 among Accenture Capital, as issuer, Accenture, as guarantor, and J.P. Morgan Securities LLC, BofA Securities, Inc., Citigroup Global Markets Inc. and BNP Paribas Securities Corp., as managers of the several underwriters.","debt_issuance,underwriting_agreement",eligible
ADBE,0001193125-24-087244,2024-04-04,796343,https://www.sec.gov/Archives/edgar/data/796343/0001193125-24-087244.txt,"Adobe entered into an underwriting agreement providing for the issuance and sale of (i) $500,000,000 aggregate principal amount of the Company's 4.850% Notes due 2027, (ii) $750,000,000 aggregate principal amount of the Company's 4.800% Notes due 2029 and (iii) $750,000,000 aggregate principal amount of the Company's 4.950% Notes due 2034. The net proceeds from the sale of the Notes were approximately $1.99 billion after deducting underwriting discounts and estimated offering expenses.
On April 1, 2024, Adobe Inc. entered into an underwriting agreement with BofA Securities, Inc., J.P. Morgan Securities LLC, SG Americas Securities, LLC, U.S. Bancorp Investments, Inc. and Wells Fargo Securities, LLC, as representatives of the several underwriters. The Underwriting Agreement contains customary representations, warranties and agreements by Adobe, and customary closing conditions, indemnification rights and termination provisions.","debt_issuance,underwriting_agreement",completion_not_verified
ADBE,0001193125-25-008409,2025-01-17,796343,https://www.sec.gov/Archives/edgar/data/796343/0001193125-25-008409.txt,"Adobe entered into an underwriting agreement providing for the issuance and sale of (i) $800,000,000 aggregate principal amount of 4.750% Notes due 2028, (ii) $700,000,000 aggregate principal amount of 4.950% Notes due 2030 and (iii) $500,000,000 aggregate principal amount of 5.300% Notes due 2035. The net proceeds from the sale of the Notes were approximately $1.99 billion after deducting underwriting discounts and estimated offering expenses.
Adobe Inc. entered into an underwriting agreement with J.P. Morgan Securities LLC, BofA Securities, Inc., SG Americas Securities, LLC, U.S. Bancorp Investments, Inc. and Wells Fargo Securities, LLC, as representatives of the several underwriters. The Underwriting Agreement contains customary representations, warranties and agreements by Adobe, and customary closing conditions, indemnification rights and termination provisions.","debt_issuance,underwriting_agreement",completion_not_verified
AIG,0001104659-24-123741,2024-11-27,5272,https://www.sec.gov/Archives/edgar/data/5272/0001104659-24-123741.txt,"On November 27, 2024, American International Group, Inc. (AIG) closed the sale of ¥77,100,000,000 aggregate principal amount of its 1.580% Notes Due 2028, ¥10,300,000,000 aggregate principal amount of its 1.757% Notes Due 2029 and ¥12,600,000,000 aggregate principal amount of its 2.137% Notes Due 2034.",debt_issuance,eligible
AIG,0001104659-25-045555,2025-05-07,5272,https://www.sec.gov/Archives/edgar/data/5272/0001104659-25-045555.txt,"On May 7, 2025, American International Group, Inc. (""AIG"") closed the sale of $625,000,000 aggregate principal amount of its 4.850% Notes Due 2030 (the ""2030 Notes"") and $625,000,000 aggregate principal amount of its 5.450% Notes Due 2035 (the ""2035 Notes"" and, together with the 2030 Notes, the ""Notes"").",debt_issuance,eligible
AMD,0001193125-25-052173,2025-03-12,2488,https://www.sec.gov/Archives/edgar/data/2488/0001193125-25-052173.txt,"Advanced Micro Devices, Inc. entered into an underwriting agreement relating to the public offering by the Company of $1.5 billion aggregate principal amount of senior notes, consisting of $875 million aggregate principal amount of its 4.212% Senior Notes due 2026 and $625 million aggregate principal amount of its 4.319% Senior Notes due 2028. The 2026 Notes will mature on September 24, 2026 and will bear interest at a rate of 4.212% per annum, and the 2028 Notes will mature on March 24, 2028 and will bear interest at a rate of 4.319% per annum.
Advanced Micro Devices, Inc. entered into an underwriting agreement with J.P. Morgan Securities LLC, BofA Securities, Inc., Barclays Capital Inc., Citigroup Global Markets Inc., and Wells Fargo Securities, LLC, as representatives of the several underwriters named therein, relating to the public offering by the Company of $1.5 billion aggregate principal amount of senior notes.","debt_issuance,underwriting_agreement",completion_not_verified
AMD,0001193125-25-061366,2025-03-24,2488,https://www.sec.gov/Archives/edgar/data/2488/0001193125-25-061366.txt,"On March 24, 2025 (the ""Closing Date""), Advanced Micro Devices, Inc. (the ""Company"") closed its previously announced public offering (the ""Offering"") of $1.5 billion aggregate principal amount of senior notes, consisting of $875 million aggregate principal amount of its 4.212% Senior Notes due 2026 (the ""2026 Notes"") and $625 million aggregate principal amount of its 4.319% Senior Notes due 2028 (the ""2028 Notes""). The 2026 Notes mature on September 24, 2026 and bear interest at a rate of 4.212% per annum and the 2028 Notes mature on March 24, 2028 and bear interest at a rate of 4.319% per annum.",debt_issuance,eligible
AMT,0001053507-24-000023,2024-03-04,1053507,https://www.sec.gov/Archives/edgar/data/1053507/0001053507-24-000023.txt,"American Tower Corporation issued a press release announcing that it had priced its registered public offering of senior unsecured notes due 2029 (the ""2029 notes"") in an aggregate principal amount of $650.0 million and senior unsecured notes due 2034 (the ""2034 notes"") in an aggregate principal amount of $650.0 million. The 2029 notes will have an interest rate of 5.200% per annum and are being issued at a price equal to 99.638% of their face value. The 2034 notes will have an interest rate of 5.450% per annum and are being issued at a price equal to 99.285% of their face value.",debt_issuance,completion_not_verified
AMT,0001193125-24-062192,2024-03-07,1053507,https://www.sec.gov/Archives/edgar/data/1053507/0001193125-24-062192.txt,"On March 7, 2024, American Tower Corporation (the ""Company"") completed a registered public offering of $650.0 million aggregate principal amount of its 5.200% senior unsecured notes due 2029 (the ""2029 notes"") and $650.0 million aggregate principal amount of its 5.450% senior unsecured notes due 2034 (the ""2034 notes"" and, together with the 2029 notes, the ""Notes""), which resulted in aggregate net proceeds to the Company of approximately $1,281.3 million, after deducting commissions and estimated expenses.",debt_issuance,eligible
AMT,0001053507-24-000091,2024-05-22,1053507,https://www.sec.gov/Archives/edgar/data/1053507/0001053507-24-000091.txt,American Tower Corporation issued a press release announcing that it had priced its registered public offering of senior unsecured notes due 2030 in an aggregate principal amount of 500.0 million euros and senior unsecured notes due 2034 in an aggregate principal amount of 500.0 million EUR. The 2030 notes will have an interest rate of 3.900% per annum and are being issued at a price equal to 99.622% of their face value. The 2034 notes will have an interest rate of 4.100% per annum and are being issued at a price equal to 99.306% of their face value.,debt_issuance,completion_not_verified
AMT,0001193125-24-149168,2024-05-29,1053507,https://www.sec.gov/Archives/edgar/data/1053507/0001193125-24-149168.txt,"On May 29, 2024, American Tower Corporation (the ""Company"") completed a registered public offering of 500.0 million euros (""EUR"") aggregate principal amount of its 3.900% senior unsecured notes due 2030 (the ""2030 notes"") and 500.0 million EUR aggregate principal amount of its 4.100% senior unsecured notes due 2034 (the ""2034 notes""), which resulted in aggregate net proceeds to the Company of approximately 988.4 million EUR (approximately $1,074.2 million).",debt_issuance,eligible
AMT,0001053507-24-000138,2024-11-19,1053507,https://www.sec.gov/Archives/edgar/data/1053507/0001053507-24-000138.txt,"American Tower Corporation issued a press release announcing that it had priced its registered public offering of senior unsecured notes due 2030 (the ""2030 notes"") in an aggregate principal amount of $600.0 million and senior unsecured notes due 2035 (the ""2035 notes"") in an aggregate principal amount of $600.0 million. The 2030 notes will have an interest rate of 5.000% per annum and are being issued at a price equal to 99.622% of their face value. The 2035 notes will have an interest rate of 5.400% per annum and are being issued at a price equal to 99.455% of their face value.",debt_issuance,completion_not_verified
AMT,0001193125-24-263434,2024-11-21,1053507,https://www.sec.gov/Archives/edgar/data/1053507/0001193125-24-263434.txt,"American Tower Corporation (the ""Company"") completed a registered public offering of $600.0 million aggregate principal amount of its 5.000% senior unsecured notes due 2030 (the ""2030 notes"") and $600.0 million aggregate principal amount of its 5.400% senior unsecured notes due 2035 (the ""2035 notes"" and, together with the 2030 notes, the ""Notes""), which resulted in aggregate net proceeds to the Company of approximately $1,183.7 million.",debt_issuance,eligible
AMT,0001053507-25-000044,2025-03-11,1053507,https://www.sec.gov/Archives/edgar/data/1053507/0001053507-25-000044.txt,"American Tower Corporation issued a press release announcing that it had priced its registered public offering of senior unsecured notes due 2030 (the ""2030 notes"") in an aggregate principal amount of $650.0 million and senior unsecured notes due 2035 (the ""2035 notes"") in an aggregate principal amount of $350.0 million. The 2030 notes will have an interest rate of 4.900% per annum and are being issued at a price equal to 99.846% of their face value. The 2035 notes will have an interest rate of 5.350% per annum and are being issued at a price equal to 99.724% of their face value.",debt_issuance,completion_not_verified
AMT,0001193125-25-054806,2025-03-14,1053507,https://www.sec.gov/Archives/edgar/data/1053507/0001193125-25-054806.txt,"American Tower Corporation (the ""Company"") completed a registered public offering of $650.0 million aggregate principal amount of its 4.900% senior unsecured notes due 2030 (the ""2030 notes"") and $350.0 million aggregate principal amount of its 5.350% senior unsecured notes due 2035 (the ""2035 notes"" and, together with the 2030 notes, the ""Notes""), which resulted in aggregate net proceeds to the Company of approximately $988.9 million, after deducting commissions and estimated expenses.",debt_issuance,eligible
AMT,0001053507-25-000109,2025-05-21,1053507,https://www.sec.gov/Archives/edgar/data/1053507/0001053507-25-000109.txt,"American Tower Corporation issued a press release announcing that it had priced its registered public offering of senior unsecured notes due 2032 (the ""2032 notes"") in an aggregate principal amount of 500.0 million euros. The 2032 notes will have an interest rate of 3.625% per annum and are being issued at a price equal to 99.994% of their face value.",debt_issuance,completion_not_verified
AMT,0001193125-25-131504,2025-05-30,1053507,https://www.sec.gov/Archives/edgar/data/1053507/0001193125-25-131504.txt,"American Tower Corporation (the ""Company"") completed a registered public offering of 500.0 million euros (""EUR"") aggregate principal amount of its 3.625% senior unsecured notes due 2032 (the ""notes""), which resulted in aggregate net proceeds to the Company of approximately 496.8 million EUR (approximately $558.4 million at the EUR/U.S. dollar exchange rate of 1.00 EUR = $1.1240, as reported by Bloomberg on May 19, 2025), after deducting commissions and estimated expenses.",debt_issuance,eligible
AMT,0001053507-25-000132,2025-09-11,1053507,https://www.sec.gov/Archives/edgar/data/1053507/0001053507-25-000132.txt,"American Tower Corporation issued a press release announcing that it had priced its registered public offering of senior unsecured notes due 2030 (the ""2030 notes"") in an aggregate principal amount of $200.0 million and senior unsecured notes due 2035 (the ""2035 notes"") in an aggregate principal amount of $375.0 million. The 2030 notes will have an interest rate of 4.900% per annum and are being issued at a price equal to 102.452% of their face value. The 2035 notes will have an interest rate of 5.350% per annum and are being issued at a price equal to 103.567% of their face value.",debt_issuance,completion_not_verified
AMT,0001193125-25-205004,2025-09-16,1053507,https://www.sec.gov/Archives/edgar/data/1053507/0001193125-25-205004.txt,"American Tower Corporation completed a registered public offering of $200.0 million aggregate principal amount of its 4.900% senior unsecured notes due 2030 and $375.0 million aggregate principal amount of its 5.350% senior unsecured notes due 2035, which resulted in aggregate net proceeds to the Company of approximately $587.8 million, after deducting commissions and estimated expenses.",debt_issuance,eligible
AMT,0001053507-25-000155,2025-12-02,1053507,https://www.sec.gov/Archives/edgar/data/1053507/0001053507-25-000155.txt,"American Tower Corporation issued a press release announcing that it had priced its registered public offering of senior unsecured notes due 2032 (the ""2032 notes"") in an aggregate principal amount of $850.0 million. The 2032 notes will have an interest rate of 4.700% per annum and are being issued at a price equal to 99.685% of their face value.",debt_issuance,completion_not_verified
AMT,0001193125-25-309718,2025-12-05,1053507,https://www.sec.gov/Archives/edgar/data/1053507/0001193125-25-309718.txt,"American Tower Corporation (the ""Company"") completed a registered public offering of $850.0 million aggregate principal amount of its 4.700% senior unsecured notes due 2032 (the ""Notes""), which resulted in aggregate net proceeds to the Company of approximately $839.5 million, after deducting commissions and estimated expenses. The Notes will mature on December 15, 2032 and bear interest at a rate of 4.700% per annum.",debt_issuance,eligible
AMZN,0001104659-25-114647,2025-11-20,1018724,https://www.sec.gov/Archives/edgar/data/1018724/0001104659-25-114647.txt,"On November 20, 2025, Amazon.com, Inc. (the ""Company"") closed the sale of $2,500,000,000 aggregate principal amount of its 3.900% notes due 2028, $2,500,000,000 aggregate principal amount of its 4.100% notes due 2030, $1,500,000,000 aggregate principal amount of its 4.350% notes due 2033, $3,500,000,000 aggregate principal amount of its 4.650% notes due 2035, $3,000,000,000 aggregate principal amount of its 5.450% notes due 2055, and $2,000,000,000 aggregate principal amount of its 5.550% notes due 2065 pursuant to an Underwriting Agreement dated November 17, 2025. The aggregate public offering price of the Notes was $14.961 billion and the estimated net proceeds from the offering were approximately $14.926 billion.",debt_issuance,eligible
AVGO,0001140361-24-033072,2024-07-12,1730168,https://www.sec.gov/Archives/edgar/data/1730168/0001140361-24-033072.txt,"On July 8, 2024, the Company entered into an underwriting agreement (the ""Underwriting Agreement"") with BofA Securities, Inc., BNP Paribas Securities Corp. and HSBC Securities (USA) Inc., pursuant to which the Company agreed to issue and sell to the Underwriters $5,000,000,000 aggregate principal amount of its senior notes, consisting of $1,250,000,000 aggregate principal amount of its 5.050% senior notes due 2027, $2,250,000,000 aggregate principal amount of its 5.050% senior notes due 2029 and $1,500,000,000 aggregate principal amount of its 5.150% senior notes due 2031.",debt_issuance,completion_not_verified
AVGO,0001193125-24-231159,2024-10-02,1730168,https://www.sec.gov/Archives/edgar/data/1730168/0001193125-24-231159.txt,"the Company agreed to issue and sell to the Underwriters $5,000,000,000 aggregate principal amount of its senior notes, consisting of $875,000,000 aggregate principal amount of its 4.150% senior notes due 2028, $1,500,000,000 aggregate principal amount of its 4.350% senior notes due 2030, $875,000,000 aggregate principal amount of its 4.550% senior notes due 2032 and $1,750,000,000 aggregate principal amount of its 4.800% senior notes due 2034.
On September 26, 2024, Broadcom Inc. entered into an underwriting agreement with J.P. Morgan Securities LLC, TD Securities (USA) LLC and Truist Securities, Inc., acting for themselves and as representatives of the several underwriters named therein, pursuant to which the Company agreed to issue and sell to the Underwriters $5,000,000,000 aggregate principal amount of its senior notes.","debt_issuance,underwriting_agreement",completion_not_verified
AVGO,0001193125-25-004476,2025-01-10,1730168,https://www.sec.gov/Archives/edgar/data/1730168/0001193125-25-004476.txt,"the Company agreed to issue and sell to the Underwriters $3,000,000,000 aggregate principal amount of its senior notes, consisting of $1,100,000,000 aggregate principal amount of its 4.800% senior notes due 2028, $800,000,000 aggregate principal amount of its 5.050% senior notes due 2030 and $1,100,000,000 aggregate principal amount of its 5.200% senior notes due 2032.
On January 6, 2025, Broadcom Inc. entered into an underwriting agreement with Wells Fargo Securities, LLC, Citigroup Global Markets Inc., PNC Capital Markets LLC and Scotia Capital (USA) Inc., acting for themselves and as representatives of the several underwriters named therein, pursuant to which the Company agreed to issue and sell to the Underwriters $3,000,000,000 aggregate principal amount of its senior notes.","debt_issuance,underwriting_agreement",completion_not_verified
AVGO,0001193125-25-158202,2025-07-11,1730168,https://www.sec.gov/Archives/edgar/data/1730168/0001193125-25-158202.txt,"On July 7, 2025, the Company entered into an underwriting agreement pursuant to which the Company agreed to issue and sell to the Underwriters $6,000,000,000 aggregate principal amount of its senior notes, consisting of $1,750,000,000 aggregate principal amount of its 4.600% senior notes due 2030, $1,750,000,000 aggregate principal amount of its 4.900% senior notes due 2032 and $2,500,000,000 aggregate principal amount of its 5.200% senior notes due 2035.",debt_issuance,completion_not_verified
AVGO,0001193125-25-223202,2025-09-29,1730168,https://www.sec.gov/Archives/edgar/data/1730168/0001193125-25-223202.txt,"the Company agreed to issue and sell to the Underwriters $5,000,000,000 aggregate principal amount of its senior notes, consisting of $1,000,000,000 aggregate principal amount of its 4.200% senior notes due 2030, $2,250,000,000 aggregate principal amount of its 4.800% senior notes due 2036 and $1,750,000,000 aggregate principal amount of its 4.900% senior notes due 2038.
Broadcom Inc. entered into an underwriting agreement with J.P. Morgan Securities LLC, BofA Securities, Inc. and BNP Paribas Securities Corp., acting for themselves and as representatives of the several underwriters named therein, pursuant to which the Company agreed to issue and sell to the Underwriters $5,000,000,000 aggregate principal amount of its senior notes.","debt_issuance,underwriting_agreement",completion_not_verified
AXP,0000004962-24-000016,2024-02-16,4962,https://www.sec.gov/Archives/edgar/data/4962/0000004962-24-000016.txt,"issuance by American Express Company (the ""Company""), on February 16, 2024, of $1,700,000,000 aggregate principal amount of 5.098% Fixed-to-Floating Rate Notes due February 16, 2028 (the ""Fixed-to-Floating Rate Notes"") and $300,000,000 aggregate principal amount of Floating Rate Notes due February 16, 2028 (the ""Floating Rate Notes"" and, together with the Fixed-to-Floating Rate Notes, the ""Notes"")",debt_issuance,completion_not_verified
AXP,0000004962-24-000033,2024-04-25,4962,https://www.sec.gov/Archives/edgar/data/4962/0000004962-24-000033.txt,"Issuance by the Company, on April 25, 2024, of $500,000,000 aggregate principal amount of 5.915% Fixed-to-Floating Rate Subordinated Notes due April 25, 2035 pursuant to a Prospectus Supplement dated April 22, 2023.",debt_issuance,completion_not_verified
AXP,0000004962-24-000054,2024-07-26,4962,https://www.sec.gov/Archives/edgar/data/4962/0000004962-24-000054.txt,"issuance by American Express Company (the ""Company""), on July 26, 2024, of $1,200,000,000 aggregate principal amount of 5.043% Fixed-to-Floating Rate Notes due July 26, 2028, $1,700,000,000 aggregate principal amount of 5.284% Fixed-to-Floating Rate Notes due July 26, 2035 and $500,000,000 aggregate principal amount of Floating Rate Notes due July 26, 2028 pursuant to a Prospectus Supplement dated July 22, 2024",debt_issuance,completion_not_verified
AXP,0000004962-25-000011,2025-01-30,4962,https://www.sec.gov/Archives/edgar/data/4962/0000004962-25-000011.txt,"issuance by American Express Company (the ""Company""), on January 30, 2025, of $1,450,000,000 aggregate principal amount of 5.085% Fixed-to-Floating Rate Notes due January 30, 2031, $1,250,000,000 aggregate principal amount of 5.442% Fixed-to-Floating Rate Notes due January 30, 2036 and $300,000,000 aggregate principal amount of Floating Rate Notes due January 30, 2031 pursuant to a Prospectus Supplement dated January 28, 2025",debt_issuance,completion_not_verified
AXP,0000004962-25-000048,2025-04-25,4962,https://www.sec.gov/Archives/edgar/data/4962/0000004962-25-000048.txt,"issuance by American Express Company (the ""Company""), on April 25, 2025, of $1,600,000,000 aggregate principal amount of 4.731% Fixed-to-Floating Rate Notes due April 25, 2029, $1,500,000,000 aggregate principal amount of 5.016% Fixed-to-Floating Rate Notes due April 25, 2031, $1,500,000,000 aggregate principal amount of 5.667% Fixed-to-Floating Rate Notes due April 25, 2036 and $400,000,000 aggregate principal amount of Floating Rate Notes due April 25, 2029",debt_issuance,completion_not_verified
AXP,0000004962-25-000063,2025-05-20,4962,https://www.sec.gov/Archives/edgar/data/4962/0000004962-25-000063.txt,"issuance by American Express Company (the ""Company""), on May 20, 2025, of €1,000,000,000 aggregate principal amount of 3.433% Fixed-to-Floating Rate Notes due May 20, 2032 (the ""Notes"") pursuant to a Prospectus Supplement dated May 13, 2025",debt_issuance,completion_not_verified
AXP,0000004962-25-000128,2025-07-25,4962,https://www.sec.gov/Archives/edgar/data/4962/0000004962-25-000128.txt,"issuance by American Express Company (the ""Company""), on July 25, 2025, of $1,500,000,000 aggregate principal amount of 4.351% Fixed-to-Floating Rate Notes due July 20, 2029, $1,750,000,000 aggregate principal amount of 4.918% Fixed-to-Floating Rate Notes due July 20, 2033 and $750,000,000 aggregate principal amount of Floating Rate Notes due July 20, 2029 pursuant to a Prospectus Supplement dated July 21, 2025",debt_issuance,completion_not_verified
AXP,0000004962-25-000231,2025-10-24,4962,https://www.sec.gov/Archives/edgar/data/4962/0000004962-25-000231.txt,"issuance by American Express Company (the ""Company""), on October 24, 2025, of $2,000,000,000 aggregate principal amount of 4.804% Fixed-to-Floating Rate Notes due October 24, 2036 (the ""Notes"") pursuant to a Prospectus Supplement dated October 20, 2025",debt_issuance,completion_not_verified
BA,0001193125-24-247611,2024-10-30,12927,https://www.sec.gov/Archives/edgar/data/12927/0001193125-24-247611.txt,"On October 28, 2024, The Boeing Company entered into an underwriting agreement with Goldman Sachs & Co. LLC, BofA Securities, Inc., Citigroup Global Markets Inc. and J.P. Morgan Securities LLC, as the representatives of the underwriters, pursuant to which the Company agreed to issue and sell 112,500,000 shares of common stock.",underwriting_agreement,not_explicit_notes_or_bonds
BA,0001193125-24-248743,2024-10-31,12927,https://www.sec.gov/Archives/edgar/data/12927/0001193125-24-248743.txt,"On October 28, 2024, The Boeing Company entered into an underwriting agreement (the ""Underwriting Agreement"") with Goldman Sachs & Co. LLC, BofA Securities, Inc., Citigroup Global Markets Inc. and J.P. Morgan Securities LLC, as the representatives of the underwriters, pursuant to which the Company agreed to issue and sell 100,000,000 depositary shares, each representing a 1/20th interest in a share of 6.00% Series A Mandatory Convertible Preferred Stock.",underwriting_agreement,not_explicit_notes_or_bonds
BAC,0001193125-25-103911,2025-04-29,70858,https://www.sec.gov/Archives/edgar/data/70858/0001193125-25-103911.txt,"Underwriting Agreement, dated April 24, 2025 with respect to the offering of 3,000,000 Depositary Shares, each representing a 1/25th interest in a share of Series OO Preferred Stock",underwriting_agreement,not_explicit_notes_or_bonds
BAC,0001193125-25-164439,2025-07-24,70858,https://www.sec.gov/Archives/edgar/data/70858/0001193125-25-164439.txt,"Underwriting Agreement, dated July 21, 2025 with respect to the offering of 2,500,000 Depositary Shares, each representing a 1/25th interest in a share of Series UU Preferred Stock",underwriting_agreement,not_explicit_notes_or_bonds
BK,0001193125-24-068013,2024-03-14,1390777,https://www.sec.gov/Archives/edgar/data/1390777/0001193125-24-068013.txt,"The Bank of New York Mellon Corporation issued $1,000,000,000 aggregate principal amount of its 4.975% Fixed Rate / Floating Rate Callable Senior Medium-Term Notes Series J due 2030 and $1,000,000,000 aggregate principal amount of its 5.188% Fixed Rate / Floating Rate Callable Senior Medium-Term Notes Series J due 2035. The Notes were registered under the Securities Act of 1933, as amended, pursuant to a registration statement on Form S-3.",debt_issuance,eligible
BK,0001193125-24-182287,2024-07-22,1390777,https://www.sec.gov/Archives/edgar/data/1390777/0001193125-24-182287.txt,"The Bank of New York Mellon Corporation issued $600,000,000 aggregate principal amount of its 4.890% Fixed Rate / Floating Rate Callable Senior Medium-Term Notes Series J due 2028, $300,000,000 aggregate principal amount of its Floating Rate Callable Senior Medium-Term Notes Series J due 2028, $1,100,000,000 aggregate principal amount of its 5.060% Fixed Rate / Floating Rate Callable Senior Medium-Term Notes Series J due 2032 and $500,000,000 aggregate principal amount of its 5.606% Fixed Rate / Floating Rate Callable Senior Subordinated Medium-Term Notes Series K due 2039.",debt_issuance,eligible
BK,0001193125-24-262579,2024-11-20,1390777,https://www.sec.gov/Archives/edgar/data/1390777/0001193125-24-262579.txt,"The Bank of New York Mellon Corporation issued $750,000,000 aggregate principal amount of its 5.225% Fixed Rate / Floating Rate Callable Senior Medium-Term Notes Series J due 2035 (the ""Notes""). The Notes were registered under the Securities Act of 1933, as amended, pursuant to a registration statement on Form S-3.",debt_issuance,eligible
BK,0001193125-25-024378,2025-02-11,1390777,https://www.sec.gov/Archives/edgar/data/1390777/0001193125-25-024378.txt,"The Bank of New York Mellon Corporation issued $1,250,000,000 aggregate principal amount of its 4.942% Fixed Rate / Floating Rate Callable Senior Medium-Term Notes Series J due 2031 (the ""Notes""). The Notes were registered under the Securities Act of 1933, as amended, pursuant to a registration statement on Form S-3.",debt_issuance,eligible
BK,0001193125-25-051003,2025-03-10,1390777,https://www.sec.gov/Archives/edgar/data/1390777/0001193125-25-051003.txt,"On March 3, 2025, the Registrant entered into an underwriting agreement (the ""Underwriting Agreement"") with Deutsche Bank Securities Inc., Goldman Sachs & Co. LLC, Morgan Stanley & Co. LLC, RBC Capital Markets, LLC, UBS Securities LLC and BNY Mellon Capital Markets, LLC, as underwriters (the ""Underwriters""), relating to the public offering (the ""Offering"") of 500,000 depositary shares. The Underwriting Agreement contains various representations, warranties and agreements by the Registrant, conditions to closing, indemnification rights and obligations of the parties and termination provisions.",underwriting_agreement,not_explicit_notes_or_bonds
BK,0001193125-25-054816,2025-03-14,1390777,https://www.sec.gov/Archives/edgar/data/1390777/0001193125-25-054816.txt,"On March 7, 2025, the Registrant entered into an underwriting agreement (the ""Underwriting Agreement"") with Morgan Stanley & Co. LLC, UBS Securities LLC, Deutsche Bank Securities Inc., Goldman Sachs & Co. LLC, RBC Capital Markets, LLC and BNY Mellon Capital Markets, LLC, as underwriters (the ""Underwriters""), relating to the public offering (the ""Offering"") of 20,000,000 depositary shares (the ""Depositary Shares""), each representing a 1/4,000th interest in a share of the Series K Preferred Stock.",underwriting_agreement,not_explicit_notes_or_bonds
BK,0001193125-25-138504,2025-06-10,1390777,https://www.sec.gov/Archives/edgar/data/1390777/0001193125-25-138504.txt,"The Bank of New York Mellon Corporation issued $750,000,000 aggregate principal amount of its 4.441% Fixed Rate / Floating Rate Callable Senior Medium-Term Notes Series J due 2028, $500,000,000 aggregate principal amount of its Floating Rate Callable Senior Medium-Term Notes Series J due 2028 and $750,000,000 aggregate principal amount of its 5.316% Fixed Rate / Floating Rate Callable Senior Medium-Term Notes Series J due 2036.",debt_issuance,eligible
BK,0001193125-25-200101,2025-09-10,1390777,https://www.sec.gov/Archives/edgar/data/1390777/0001193125-25-200101.txt,"On September 3, 2025, the Registrant entered into an underwriting agreement (the ""Underwriting Agreement"") with Barclays Capital Inc., BofA Securities, Inc., Citigroup Global Markets Inc., J.P. Morgan Securities LLC and BNY Mellon Capital Markets, LLC, as underwriters (the ""Underwriters""), relating to the public offering (the ""Offering"") of 500,000 depositary shares (the ""Depositary Shares"").",underwriting_agreement,not_explicit_notes_or_bonds
BKNG,0001104659-24-121522,2024-11-21,1075531,https://www.sec.gov/Archives/edgar/data/1075531/0001104659-24-121522.txt,"On November 21, 2024, Booking Holdings Inc. executed three Officers' Certificates in connection with the sale of €600,000,000 aggregate principal amount of the Company's 3.250% Senior Notes due 2032, €500,000,000 aggregate principal amount of the Company's 3.750% Senior Notes due 2037, and €700,000,000 aggregate principal amount of the Company's 3.875% Senior Notes due 2045.
On November 18, 2024, the Company entered into an underwriting agreement with Citigroup Global Markets Limited, Deutsche Bank AG, London Branch, HSBC Bank plc, and J.P. Morgan Securities plc, as representatives of the several underwriters, pursuant to which the Company agreed to issue and sell to the Underwriters €1,800,000,000 aggregate principal amount of Senior Notes in a registered public offering.","debt_issuance,underwriting_agreement",completion_not_verified
BKNG,0001104659-25-046766,2025-05-09,1075531,https://www.sec.gov/Archives/edgar/data/1075531/0001104659-25-046766.txt,"On May 9, 2025, Booking Holdings Inc. executed three Officers' Certificates in connection with the sale of €500,000,000 aggregate principal amount of the Company's 3.125% Senior Notes due 2031, €750,000,000 aggregate principal amount of the Company's 4.125% Senior Notes due 2038, and €500,000,000 aggregate principal amount of the Company's 4.500% Senior Notes due 2046.
On May 6, 2025, the Company entered into an underwriting agreement with Banco Santander, S.A., BNP PARIBAS, Deutsche Bank AG, London Branch, Goldman Sachs & Co. LLC, and Merrill Lynch International, as representatives of the several underwriters, pursuant to which the Company agreed to issue and sell to the Underwriters €1,750,000,000 aggregate principal amount of Senior Notes in a registered public offering.","debt_issuance,underwriting_agreement",completion_not_verified
BKNG,0001104659-25-108511,2025-11-07,1075531,https://www.sec.gov/Archives/edgar/data/1075531/0001104659-25-108511.txt,"On November 7, 2025, Booking Holdings Inc. executed two Officers' Certificates in connection with the sale of €750,000,000 aggregate principal amount of the Company's 3.000% Senior Notes due 2030 and €750,000,000 aggregate principal amount of the Company's 3.625% Senior Notes due 2035. The 2030 Notes will mature on November 7, 2030 and the 2035 Notes will mature on November 7, 2035.
On November 4, 2025, the Company entered into an underwriting agreement with Citigroup Global Markets Limited, Deutsche Bank AG, London Branch, Goldman Sachs & Co. LLC, HSBC Bank plc and J.P. Morgan Securities plc, as representatives of the several underwriters, pursuant to which the Company agreed to issue and sell to the Underwriters €1,500,000,000 aggregate principal amount of Senior Notes in a registered public offering.","debt_issuance,underwriting_agreement",completion_not_verified
BLK,0001193125-24-060868,2024-03-06,1364742,https://www.sec.gov/Archives/edgar/data/1364742/0001193125-24-060868.txt,"BlackRock Funding agreed to sell to the Underwriters $500,000,000 aggregate principal amount of 4.700% Notes due 2029, $1,000,000,000 aggregate principal amount of 5.000% Notes due 2034 and $1,500,000,000 aggregate principal amount of 5.250% Notes due 2054 (collectively, the ""Notes"") for resale by the Underwriters pursuant to the registration statement on Form S-3.
BlackRock, Inc. and its wholly owned subsidiary, BlackRock Funding, Inc., entered into an underwriting agreement (the ""Underwriting Agreement"") with Morgan Stanley & Co. LLC, BofA Securities, Inc., Citigroup Global Markets Inc. and J.P. Morgan Securities LLC, as representatives of the several underwriters named therein.","debt_issuance,underwriting_agreement",completion_not_verified
BLK,0001193125-24-068012,2024-03-14,1364742,https://www.sec.gov/Archives/edgar/data/1364742/0001193125-24-068012.txt,"BlackRock Funding, Inc. completed its underwritten public offering of $500,000,000 aggregate principal amount of 4.700% Notes due 2029, $1,000,000,000 aggregate principal amount of 5.000% Notes due 2034 and $1,500,000,000 aggregate principal amount of 5.250% Notes due 2054 pursuant to the registration statement on Form S-3.",debt_issuance,eligible
BLK,0001193125-24-181046,2024-07-18,1364742,https://www.sec.gov/Archives/edgar/data/1364742/0001193125-24-181046.txt,"BlackRock Funding agreed to sell to the Underwriters $800,000,000 aggregate principal amount of 4.600% Notes due 2027, $500,000,000 aggregate principal amount of 4.900% Notes due 2035 and $1,200,000,000 aggregate principal amount of 5.350% Notes due 2055 (collectively, the ""Notes""), for resale by the Underwriters (the ""Offering"") pursuant to the registration statement on Form S-3.
BlackRock and its wholly owned subsidiary, BlackRock Funding, Inc. entered into an underwriting agreement (the ""Underwriting Agreement"") with Morgan Stanley & Co. LLC, J.P. Morgan Securities LLC, BofA Securities, Inc. and Wells Fargo Securities, LLC, as representatives of the several underwriters named therein (the ""Underwriters"").","debt_issuance,underwriting_agreement",completion_not_verified
BLK,0001193125-24-186274,2024-07-26,1364742,https://www.sec.gov/Archives/edgar/data/1364742/0001193125-24-186274.txt,"BlackRock Funding, Inc. completed its underwritten public offering of $800,000,000 aggregate principal amount of 4.600% Notes due 2027, $500,000,000 aggregate principal amount of 4.900% Notes due 2035 and $1,200,000,000 aggregate principal amount of 5.350% Notes due 2055 pursuant to the registration statement on Form S-3. The Notes are BlackRock Funding's unsecured and unsubordinated debt obligations and are fully and unconditionally guaranteed, on a senior unsecured basis, by BlackRock.",debt_issuance,eligible
BLK,0001193125-25-064112,2025-03-26,2012383,https://www.sec.gov/Archives/edgar/data/2012383/0001193125-25-064112.txt,"BlackRock agreed to sell to the Underwriters €1,000,000,000 aggregate principal amount of its 3.750% Notes due 2035 (the ""Notes""), for resale by the Underwriters (the ""Offering"") pursuant to BlackRock's registration statement on Form S-3. The Notes are expected to be issued on or around April 3, 2025.
BlackRock, Inc. and its wholly owned subsidiary, BlackRock Finance, Inc. entered into an underwriting agreement (the ""Underwriting Agreement"") with BNP PARIBAS, Deutsche Bank AG, London Branch and J.P. Morgan Securities plc, as representatives of the several underwriters named therein (the ""Underwriters"").","debt_issuance,underwriting_agreement",completion_not_verified
BLK,0001193125-25-072429,2025-04-03,2012383,https://www.sec.gov/Archives/edgar/data/2012383/0001193125-25-072429.txt,"BlackRock completed its underwritten public offering of €1,000,000,000 aggregate principal amount of 3.750% Notes due 2035. The Notes are BlackRock's unsecured and unsubordinated debt obligations and are fully and unconditionally guaranteed, on a senior unsecured basis, by BlackRock Finance, Inc.",debt_issuance,eligible
BMY,0001140361-25-041380,2025-11-10,14272,https://www.sec.gov/Archives/edgar/data/14272/0001140361-25-041380.txt,"On November 10, 2025, BMS Ireland Capital Funding Designated Activity Company completed the public offering of (i) €750,000,000 aggregate principal amount of 2.973% Notes due 2030, (ii) €1,150,000,000 aggregate principal amount of 3.363% Notes due 2033, (iii) €1,150,000,000 aggregate principal amount of 3.857% Notes due 2038, (iv) €750,000,000 aggregate principal amount of 4.289% Notes due 2045 and (v) €1,200,000,000 aggregate principal amount of 4.581% Notes due 2055. The Notes are fully and unconditionally guaranteed on a senior unsecured basis by the Company.
The Notes were sold pursuant to an underwriting agreement, dated November 5, 2025, by and among the Issuer, the Company and the several underwriters named in Schedule V thereto. The Underwriting Agreement contains certain representations, warranties, covenants and indemnification obligations of the Issuer, the Company and the Underwriters, as applicable, as well as other customary provisions.","debt_issuance,underwriting_agreement",eligible
BRK.B,0001193125-24-116833,2024-04-26,1067983,https://www.sec.gov/Archives/edgar/data/1067983/0001193125-24-116833.txt,"On April 25, 2024, Berkshire Hathaway Inc. issued (i) ¥169,000,000,000 aggregate principal amount of its 0.974% Senior Notes due 2027, (ii) ¥22,000,000,000 aggregate principal amount of its 1.143% Senior Notes due 2029, (iii) ¥5,200,000,000 aggregate principal amount of its 1.287% Senior Notes due 2030, (iv) ¥35,300,000,000 aggregate principal amount of its 1.457% Senior Notes due 2031, (v) ¥9,500,000,000 aggregate principal amount of its 1.680% Senior Notes due 2034, (vi) ¥7,000,000,000 aggregate principal amount of its 2.278% Senior Notes due 2044, and (vii) ¥15,300,000,000 aggregate principal amount of its 2.498% Senior Notes due 2054.
The Notes were sold pursuant to an underwriting agreement entered into on April 18, 2024, by and among (a) Berkshire and (b) Merrill Lynch International and Mizuho Securities USA LLC.","debt_issuance,underwriting_agreement",completion_not_verified
BRK.B,0001193125-24-241941,2024-10-23,1067983,https://www.sec.gov/Archives/edgar/data/1067983/0001193125-24-241941.txt,"On October 23, 2024, Berkshire Hathaway Inc. issued (i) ¥155,400,000,000 aggregate principal amount of its 1.031% Senior Notes due 2027, (ii) ¥58,000,000,000 aggregate principal amount of its 1.265% Senior Notes due 2029, (iii) ¥23,300,000,000 aggregate principal amount of its 1.465% Senior Notes due 2031, (iv) ¥16,000,000,000 aggregate principal amount of its 1.737% Senior Notes due 2034, (v) ¥11,800,000,000 aggregate principal amount of its 2.373% Senior Notes due 2044, (vi) ¥5,000,000,000 aggregate principal amount of its 2.577% Senior Notes due 2052, and (vii) ¥12,300,000,000 aggregate principal amount of its 2.625% Senior Notes due 2054.
The Notes were sold pursuant to an underwriting agreement entered into on October 10, 2024, by and among (a) Berkshire and (b) Merrill Lynch International and Mizuho Securities USA LLC.","debt_issuance,underwriting_agreement",completion_not_verified
BRK.B,0001193125-25-084458,2025-04-17,1067983,https://www.sec.gov/Archives/edgar/data/1067983/0001193125-25-084458.txt,"On April 17, 2025, Berkshire Hathaway Inc. issued (i) ¥48,600,000,000 aggregate principal amount of its 1.352% Senior Notes due 2028, (ii) ¥19,500,000,000 aggregate principal amount of its 1.593% Senior Notes due 2030, (iii) ¥3,500,000,000 aggregate principal amount of its 1.797% Senior Notes due 2032, (iv) ¥9,100,000,000 aggregate principal amount of its 2.090% Senior Notes due 2035, (v) ¥6,000,000,000 aggregate principal amount of its 2.492% Senior Notes due 2040 and (vi) ¥3,300,000,000 aggregate principal amount of its 3.117% Senior Notes due 2055 under a registration statement on Form S-3.
The Notes were sold pursuant to an underwriting agreement entered into on April 11, 2025, by and among (a) Berkshire and (b) Merrill Lynch International and Mizuho Securities USA LLC.","debt_issuance,underwriting_agreement",completion_not_verified
BRK.B,0001193125-25-290864,2025-11-21,1067983,https://www.sec.gov/Archives/edgar/data/1067983/0001193125-25-290864.txt,"On November 20, 2025, Berkshire Hathaway Inc. issued (i) ¥123,700,000,000 aggregate principal amount of its 1.510% Senior Notes due 2028, (ii) ¥53,300,000,000 aggregate principal amount of its 1.826% Senior Notes due 2030, (iii) ¥26,100,000,000 aggregate principal amount of its 2.422% Senior Notes due 2035 and (iv) ¥7,000,000,000 aggregate principal amount of its 2.810% Senior Notes due 2040 under a registration statement on Form S-3.
The Notes were sold pursuant to an underwriting agreement entered into on November 14, 2025, by and among (a) Berkshire and (b) Mizuho Securities USA LLC and Merrill Lynch International.","debt_issuance,underwriting_agreement",completion_not_verified
C,0001193125-24-033711,2024-02-13,831001,https://www.sec.gov/Archives/edgar/data/831001/0001193125-24-033711.txt,"Terms Agreement, dated February 6, 2024, among Citigroup Inc. (the ""Company"") and the underwriters named therein, relating to the offer and sale of the Company's 5.174% Fixed Rate / Floating Rate Callable Senior Notes due February 13, 2030.",debt_issuance,completion_not_verified
C,0001193125-24-122221,2024-04-29,831001,https://www.sec.gov/Archives/edgar/data/831001/0001193125-24-122221.txt,"Terms Agreement, dated April 22, 2024, among Citigroup Inc. (the ""Company"") and the underwriters named therein, relating to the offer and sale of the Company's 5.070% Fixed Rate / Floating Rate Callable Senior Notes due April 29, 2028.",debt_issuance,completion_not_verified
C,0001193125-24-159106,2024-06-11,831001,https://www.sec.gov/Archives/edgar/data/831001/0001193125-24-159106.txt,"Terms Agreement, dated June 4, 2024, among Citigroup Inc. (the ""Company"") and the underwriters named therein, relating to the offer and sale of the Company's 5.449% Fixed Rate / Floating Rate Callable Senior Notes due June 11, 2035.",debt_issuance,completion_not_verified
C,0001193125-24-222190,2024-09-19,831001,https://www.sec.gov/Archives/edgar/data/831001/0001193125-24-222190.txt,"Terms Agreement, dated September 12, 2024, among Citigroup Inc. (the ""Company"") and the underwriters named therein, relating to the offer and sale of the Company's 4.542% Fixed Rate / Floating Rate Callable Senior Notes due September 19, 2030 and 5.411% Fixed Rate Reset Callable Subordinated Notes due September 19, 2039.",debt_issuance,completion_not_verified
C,0001193125-24-261720,2024-11-19,831001,https://www.sec.gov/Archives/edgar/data/831001/0001193125-24-261720.txt,"Terms Agreement, dated November 12, 2024, among the Company and the underwriters named therein, relating to the offer and sale of the Company's 5.592% Fixed Rate Reset Callable Subordinated Notes due November 19, 2034.",debt_issuance,completion_not_verified
C,0001193125-25-012304,2025-01-24,831001,https://www.sec.gov/Archives/edgar/data/831001/0001193125-25-012304.txt,"Terms Agreement, dated January 16, 2025, among Citigroup Inc. (the ""Company"") and the underwriters named therein, relating to the offer and sale of the Company's 6.020% Fixed Rate / Floating Rate Callable Subordinated Notes due January 24, 2036.",debt_issuance,completion_not_verified
C,0001193125-25-025100,2025-02-12,831001,https://www.sec.gov/Archives/edgar/data/831001/0001193125-25-025100.txt,"Underwriting Agreement, dated February 5, 2025, among Citigroup Inc. and the underwriters named therein, relating to the offer and sale of Depositary Shares each representing a 1/25th interest in a share of 6.950% Fixed Rate Reset Noncumulative Preferred Stock, Series FF, of Citigroup Inc.",underwriting_agreement,not_explicit_notes_or_bonds
C,0001193125-25-045581,2025-03-04,831001,https://www.sec.gov/Archives/edgar/data/831001/0001193125-25-045581.txt,"Terms Agreement, dated February 25, 2025, among Citigroup Inc. (the ""Company"") and the underwriters named therein, relating to the offer and sale of the Company's 4.786% Fixed Rate / Floating Rate Senior Notes due March 4, 2029; 5.612% Fixed Rate / Floating Rate Senior Notes due March 4, 2056; and Floating Rate Senior Notes due March 4, 2029.
Terms Agreement, dated February 25, 2025, among Citigroup Inc. (the ""Company"") and the underwriters named therein, relating to the offer and sale of the Company's senior notes with specified rates and maturity dates.","debt_issuance,underwriting_agreement",completion_not_verified
C,0001193125-25-065496,2025-03-27,831001,https://www.sec.gov/Archives/edgar/data/831001/0001193125-25-065496.txt,"Terms Agreement, dated March 20, 2025, among Citigroup Inc. (the ""Company"") and the underwriters named therein, relating to the offer and sale of the Company's 5.333% Fixed Rate / Floating Rate Senior Notes due March 27, 2036.",debt_issuance,completion_not_verified
C,0001193125-25-103770,2025-04-29,831001,https://www.sec.gov/Archives/edgar/data/831001/0001193125-25-103770.txt,"Terms Agreement, dated April 22, 2025, among Citigroup Inc. (the ""Company"") and the underwriters named therein, relating to the offer and sale of the Company's 4.113% Fixed Rate / Floating Rate Senior Notes due April 29, 2036 and Floating Rate Senior Notes due April 29, 2029.",debt_issuance,completion_not_verified
C,0001193125-25-114881,2025-05-07,831001,https://www.sec.gov/Archives/edgar/data/831001/0001193125-25-114881.txt,"Terms Agreement, dated May 1, 2025, among Citigroup Inc. (the ""Company"") and the underwriters named therein, relating to the offer and sale of the Company's 4.643% Fixed Rate / Floating Rate Senior Notes due May 7, 2028; 4.952% Fixed Rate / Floating Rate Senior Notes due May 7, 2031; Floating Rate Senior Notes due May 7, 2028; and Floating Rate Senior Notes due May 7, 2031.
Terms Agreement, dated May 1, 2025, among Citigroup Inc. (the ""Company"") and the underwriters named therein, relating to the offer and sale of the Company's Senior Notes with multiple series and maturity dates.","debt_issuance,underwriting_agreement",completion_not_verified
C,0001193125-25-134112,2025-06-03,831001,https://www.sec.gov/Archives/edgar/data/831001/0001193125-25-134112.txt,"Terms Agreement, dated May 27, 2025, among Citigroup Inc. (the ""Company"") and the underwriters named therein, relating to the offer and sale of the Company's 4.550% Fixed Rate / Floating Rate Subordinated Notes due 2035.",debt_issuance,completion_not_verified
CAT,0001104659-25-049132,2025-05-15,18230,https://www.sec.gov/Archives/edgar/data/18230/0001104659-25-049132.txt,"Caterpillar Inc. entered into an Underwriting Agreement with respect to the offering and sale of $1.7 billion aggregate principal amount of the Company's 5.200% Senior Notes due 2035 and $300 million aggregate principal amount of the Company's 5.500% Senior Notes due 2055. The 2035 Notes will bear interest at the rate of 5.200% per year and will mature on May 15, 2035. The 2055 Notes will bear interest at the rate of 5.500% per year and will mature on May 15, 2055.
Caterpillar Inc. entered into an Underwriting Agreement with Barclays Capital Inc., Citigroup Global Markets Inc. and SG Americas Securities, LLC, as representatives of the several underwriters named therein, with respect to the offering and sale of $1.7 billion aggregate principal amount of the Company's 5.200% Senior Notes due 2035 and $300 million aggregate principal amount of the Company's 5.500% Senior Notes due 2055.","debt_issuance,underwriting_agreement",completion_not_verified
CHTR,0001104659-25-080972,2025-08-20,1271834,https://www.sec.gov/Archives/edgar/data/1271834/0001104659-25-080972.txt,"Charter Communications Operating, LLC and other guarantors entered into an underwriting agreement with respect to the issuance and sale of (i) an aggregate of $1,250,000,000 principal amount of 5.850% Senior Secured Notes due 2035 and (ii) an aggregate of $750,000,000 principal amount of 6.700% Senior Secured Notes due 2055.
Charter Communications Operating, LLC, a Delaware limited liability company ('CCO'), Charter Communications Operating Capital Corp., a Delaware corporation, CCO Holdings, LLC, a Delaware limited liability company, and the other guarantors party thereto entered into an underwriting agreement (the 'Underwriting Agreement') with Citigroup Global Markets Inc., J.P. Morgan Securities LLC and Morgan Stanley & Co. LLC, as representatives of the several underwriters.","debt_issuance,underwriting_agreement",completion_not_verified
CHTR,0001104659-25-086395,2025-09-02,1091667,https://www.sec.gov/Archives/edgar/data/1091667/0001104659-25-086395.txt,"On September 2, 2025, Charter Communications Operating, LLC and Charter Communications Operating Capital Corp. issued (i) $1,250,000,000 aggregate principal amount of 5.850% Senior Secured Notes due 2035 and (ii) $750,000,000 aggregate principal amount of 6.700% Senior Secured Notes due 2055. Interest is payable on the 2035 Notes on each June 1 and December 1, commencing June 1, 2026, and on the 2055 Notes on each June 1 and December 1, commencing June 1, 2026.",debt_issuance,completion_not_verified
CL,0001104659-25-044105,2025-05-02,21665,https://www.sec.gov/Archives/edgar/data/21665/0001104659-25-044105.txt,"Colgate-Palmolive Company executed an underwriting agreement with Citigroup Global Markets Inc. and Scotia Capital (USA) Inc. with regard to the issuance and sale by the Company of $500,000,000 aggregate principal amount of its 4.200% Senior Notes due 2030.
On April 28, 2025, Colgate-Palmolive Company executed an underwriting agreement (the 'Underwriting Agreement') with Citigroup Global Markets Inc. and Scotia Capital (USA) Inc., as representatives of the several underwriters named therein. The Underwriting Agreement includes customary representations, warranties and covenants by the Company.","debt_issuance,underwriting_agreement",completion_not_verified
CL,0001104659-25-109135,2025-11-10,21665,https://www.sec.gov/Archives/edgar/data/21665/0001104659-25-109135.txt,"Colgate-Palmolive Company executed an underwriting agreement with Barclays Bank PLC and Banco Bilbao Vizcaya Argentaria, S.A. with regard to the issuance and sale by the Company of €600,000,000 aggregate principal amount of its 3.250% Senior Notes due 2035.
On November 3, 2025, Colgate-Palmolive Company executed an underwriting agreement (the 'Underwriting Agreement') with Barclays Bank PLC and Banco Bilbao Vizcaya Argentaria, S.A., as representatives of the several underwriters named therein with regard to the issuance and sale by the Company of €600,000,000 aggregate principal amount of its 3.250% Senior Notes due 2035.","debt_issuance,underwriting_agreement",completion_not_verified
CMCSA,0001193125-24-144958,2024-05-22,1166691,https://www.sec.gov/Archives/edgar/data/1166691/0001193125-24-144958.txt,"Comcast consummated the issuance and sale of $750,000,000 aggregate principal amount of its 5.100% Notes due 2029, $1,300,000,000 aggregate principal amount of its 5.300% Notes due 2034 and $1,200,000,000 aggregate principal amount of its 5.650% Notes due 2054, pursuant to an underwriting agreement dated May 20, 2024.
The Notes were issued pursuant to an underwriting agreement dated May 20, 2024 among Comcast, the Guarantors and Barclays Capital Inc., Citigroup Global Markets Inc. and Santander US Capital Markets LLC, as representatives of the several underwriters named therein.","debt_issuance,underwriting_agreement",eligible
CMCSA,0001193125-24-226937,2024-09-26,1166691,https://www.sec.gov/Archives/edgar/data/1166691/0001193125-24-226937.txt,"On September 26, 2024, Comcast Corporation consummated the issuance and sale of €900,000,000 aggregate principal amount of its 3.250% Notes due 2032, €900,000,000 aggregate principal amount of its 3.550% Notes due 2036 and £750,000,000 aggregate principal amount of its 5.250% Notes due 2040, pursuant to an underwriting agreement dated September 23, 2024.
The Notes were issued pursuant to an underwriting agreement dated September 23, 2024 among Comcast, the Guarantors and the underwriters named therein.","debt_issuance,underwriting_agreement",eligible
CMCSA,0001193125-25-115996,2025-05-08,1166691,https://www.sec.gov/Archives/edgar/data/1166691/0001193125-25-115996.txt,"On May 8, 2025, Comcast Corporation consummated the issuance and sale of $650,000,000 aggregate principal amount of its 4.950% Notes due 2032, $850,000,000 aggregate principal amount of its 5.300% Notes due 2035 and $1,000,000,000 aggregate principal amount of its 6.050% Notes due 2055, pursuant to an underwriting agreement dated May 5, 2025.
The Notes were issued pursuant to an underwriting agreement dated May 5, 2025 among Comcast, the Guarantors and BofA Securities, Inc., Mizuho Securities USA LLC and Wells Fargo Securities, LLC, as representatives of the several underwriters named therein.","debt_issuance,underwriting_agreement",eligible
CMCSA,0000950103-25-012777,2025-10-02,1166691,https://www.sec.gov/Archives/edgar/data/1166691/0000950103-25-012777.txt,"Comcast issued $691,967,000 in aggregate principal amount of the New Notes. The New Notes will bear interest at a rate of 5.168% per year and will mature on January 15, 2037. The Company will pay interest on the New Notes on January 15 and July 15 of each year, beginning on January 15, 2026.",debt_issuance,eligible
CMCSA,0000950103-25-013042,2025-10-09,1166691,https://www.sec.gov/Archives/edgar/data/1166691/0000950103-25-013042.txt,"On October 9, 2025, Comcast completed the Exchange Offers and the Cash Offers. Pursuant to the Exchange Offers, the Company issued $480,046,000 in aggregate principal amount of the New Notes. The New Notes will bear interest at a rate of 5.168% per year and will mature on January 15, 2037.",debt_issuance,complex_or_nonroutine_transaction
COF,0001193125-24-021852,2024-02-01,927628,https://www.sec.gov/Archives/edgar/data/927628/0001193125-24-021852.txt,"Capital One Financial Corporation closed the public offering of $1,000,000,000 aggregate principal amount of its 5.700% Fixed-to-Floating Rate Senior Notes due 2030 and $1,000,000,000 aggregate principal amount of its 6.051% Fixed-to-Floating Rate Senior Notes due 2035, pursuant to an underwriting agreement dated January 29, 2024.
The Notes were issued pursuant to an underwriting agreement (the 'Underwriting Agreement'), dated January 29, 2024, with BofA Securities, Inc., Citigroup Global Markets Inc., J.P. Morgan Securities LLC, Morgan Stanley & Co. LLC and Capital One Securities, Inc., as representatives of the several underwriters listed therein.","debt_issuance,underwriting_agreement",eligible
COF,0001193125-24-186203,2024-07-26,927628,https://www.sec.gov/Archives/edgar/data/927628/0001193125-24-186203.txt,"Capital One Financial Corporation (the ""Company"") closed the public offering of $1,000,000,000 aggregate principal amount of its 5.463% Fixed-to-Floating Rate Senior Notes due 2030 (the ""2030 Fixed-to-Floating Rate Notes"") and $1,000,000,000 aggregate principal amount of its 5.884% Fixed-to-Floating Rate Senior Notes due 2035 (the ""2035 Fixed-to-Floating Rate Notes"").
The Notes were issued pursuant to an underwriting agreement (the ""Underwriting Agreement""), dated July 24, 2024, with Barclays Capital Inc., Citigroup Global Markets Inc., Morgan Stanley & Co. LLC, RBC Capital Markets, LLC and Capital One Securities, Inc., as representatives of the several underwriters listed therein.","debt_issuance,underwriting_agreement",eligible
COF,0001193125-25-017228,2025-01-30,927628,https://www.sec.gov/Archives/edgar/data/927628/0001193125-25-017228.txt,"Capital One Financial Corporation (the ""Company"") closed the public offering of $1,750,000,000 aggregate principal amount of its 6.183% Fixed-to-Floating Rate Subordinated Notes due 2036 (the ""Notes""), pursuant to an underwriting agreement (the ""Underwriting Agreement""), dated January 28, 2025, with Goldman Sachs & Co. LLC, J.P. Morgan Securities LLC, Morgan Stanley & Co. LLC, Wells Fargo Securities, LLC and Capital One Securities, Inc., as representatives of the several underwriters listed therein.",debt_issuance,eligible
COF,0001193125-25-201421,2025-09-11,927628,https://www.sec.gov/Archives/edgar/data/927628/0001193125-25-201421.txt,"Capital One Financial Corporation closed the public offering of $1,250,000,000 aggregate principal amount of its 4.493% Fixed-to-Floating Rate Senior Notes due 2031 and $1,500,000,000 aggregate principal amount of its 5.197% Fixed-to-Floating Rate Senior Notes due 2036, pursuant to an underwriting agreement dated September 8, 2025.
The Notes were issued pursuant to an underwriting agreement (the 'Underwriting Agreement'), dated September 8, 2025, with Citigroup Global Markets Inc., Goldman Sachs & Co. LLC, Morgan Stanley & Co. LLC, RBC Capital Markets, LLC and Capital One Securities, Inc., as representatives of the several underwriters listed therein.","debt_issuance,underwriting_agreement",eligible
COP,0001104659-24-125909,2024-12-05,1163165,https://www.sec.gov/Archives/edgar/data/1163165/0001104659-24-125909.txt,"ConocoPhillips Company entered into a Terms Agreement relating to the underwritten public offering of $1,350,000,000 aggregate principal amount of its 4.700% Notes due 2030, $650,000,000 aggregate principal amount of its 4.850% Notes due 2032, $1,250,000,000 aggregate principal amount of its 5.000% Notes due 2035, $1,300,000,000 aggregate principal amount of its 5.500% Notes due 2055 and $650,000,000 aggregate principal amount of its 5.650% Notes due 2065, in each case fully and unconditionally guaranteed by ConocoPhillips.
On November 25, 2024, ConocoPhillips Company entered into a Terms Agreement (including the provisions of the Underwriting Agreement incorporated by reference in the Terms Agreement), dated November 25, 2024, among CPCo, ConocoPhillips and the several Underwriters named in Schedule A to the Terms Agreement, relating to the underwritten public offering.","debt_issuance,underwriting_agreement",completion_not_verified
COP,0001104659-24-132514,2024-12-30,1163165,https://www.sec.gov/Archives/edgar/data/1163165/0001104659-24-132514.txt,"On the Settlement Date, CPCo issued (i) $227,925,000 in aggregate principal amount of its 4.400% Notes due 2027, (ii) $58,635,000 in aggregate principal amount of its 5.300% Notes due 2029, (iii) $102,042,000 in aggregate principal amount of its 6.800% Notes due 2032, (iv) $63,047,000 in aggregate principal amount of its 5.700% Notes due 2034, (v) $259,050,000 in aggregate principal amount of its 6.600% Notes due 2037, and (vi) $151,419,000 in aggregate principal amount of its 5.200% Notes due 2045 (collectively, the 'New Notes').",debt_issuance,completion_not_verified
CSCO,0001193125-25-033389,2025-02-24,858877,https://www.sec.gov/Archives/edgar/data/858877/0001193125-25-033389.txt,"On February 24, 2025, Cisco Systems, Inc. (the ""Company"") issued $1,000,000,000 principal amount of its 4.550% Senior Notes due 2028, $1,000,000,000 principal amount of its 4.750% Senior Notes due 2030, $1,000,000,000 principal amount of its 4.950% Senior Notes due 2032, $1,250,000,000 principal amount of its 5.100% Senior Notes due 2035 and $750,000,000 principal amount of its 5.500% Senior Notes due 2055. The Notes are governed by an Indenture...between the Company and The Bank of New York Mellon Trust Company, N.A., the trustee.
The Notes were sold pursuant to an underwriting agreement, dated February 19, 2025 (the ""Underwriting Agreement""), among the Company and BNP Paribas Securities Corp., Goldman Sachs & Co. LLC, HSBC Securities (USA) Inc., Morgan Stanley & Co. LLC and Wells Fargo Securities, LLC on behalf of the several underwriters named therein.","debt_issuance,underwriting_agreement",eligible
CVS,0001193125-24-134280,2024-05-08,64803,https://www.sec.gov/Archives/edgar/data/64803/0001193125-24-134280.txt,"the Company agreed to issue and sell to the Underwriters $1,000,000,000 aggregate principal amount of the Company's 5.400% Senior Notes due 2029, $1,000,000,000 aggregate principal amount of the Company's 5.550% Senior Notes due 2031, $1,250,000,000 aggregate principal amount of the Company's 5.700% Senior Notes due 2034, $750,000,000 aggregate principal amount of the Company's 6.000% Senior Notes due 2044, and $1,000,000,000 aggregate principal amount of the Company's 6.050% Senior Notes due 2054
CVS Health Corporation, a Delaware corporation (the ""Company""), entered into an Underwriting Agreement (the ""Underwriting Agreement"") with BofA Securities, Inc., Barclays Capital Inc., Goldman Sachs & Co. LLC, J.P. Morgan Securities LLC and Wells Fargo Securities, LLC as representatives of the several underwriters","debt_issuance,underwriting_agreement",completion_not_verified
CVS,0001193125-24-135296,2024-05-09,64803,https://www.sec.gov/Archives/edgar/data/64803/0001193125-24-135296.txt,"On May 9, 2024, CVS Health Corporation issued and sold $1,000,000,000 aggregate principal amount of the Company's 5.400% Senior Notes due 2029, $1,000,000,000 aggregate principal amount of the Company's 5.550% Senior Notes due 2031, $1,250,000,000 aggregate principal amount of the Company's 5.700% Senior Notes due 2034, $750,000,000 aggregate principal amount of the Company's 6.000% Senior Notes due 2044, and $1,000,000,000 aggregate principal amount of the Company's 6.050% Senior Notes due 2054.",debt_issuance,completion_not_verified
CVS,0001193125-24-270867,2024-12-05,64803,https://www.sec.gov/Archives/edgar/data/64803/0001193125-24-270867.txt,"CVS Health Corporation entered into an Underwriting Agreement pursuant to which the Company agreed to issue and sell to the Underwriters $2,250,000,000 aggregate principal amount of its 7.000% Series A Junior Subordinated Notes due 2055 and $750,000,000 aggregate principal amount of its 6.750% Series B Junior Subordinated Notes due 2054.
On December 3, 2024, CVS Health Corporation entered into an Underwriting Agreement with Barclays Capital Inc., Citigroup Global Markets Inc. and Goldman Sachs & Co. LLC, as representatives of the several underwriters named in Schedule I thereto, pursuant to which the Company agreed to issue and sell to the Underwriters $2,250,000,000 aggregate principal amount of its 7.000% Series A Junior Subordinated Notes due 2055 and $750,000,000 aggregate principal amount of its 6.750% Series B Junior Subordinated Notes due 2054.","debt_issuance,underwriting_agreement",completion_not_verified
CVS,0001193125-24-274362,2024-12-10,64803,https://www.sec.gov/Archives/edgar/data/64803/0001193125-24-274362.txt,"On December 10, 2024, CVS Health Corporation issued and sold $2,250,000,000 aggregate principal amount of the Company's 7.000% Fixed-to-Fixed Rate Series A Junior Subordinated Notes due 2055 and $750,000,000 aggregate principal amount of the Company's 6.750% Fixed-to-Fixed Rate Series B Junior Subordinated Notes due 2054.",debt_issuance,completion_not_verified
CVS,0001193125-25-181862,2025-08-15,64803,https://www.sec.gov/Archives/edgar/data/64803/0001193125-25-181862.txt,"CVS Health Corporation entered into an Underwriting Agreement pursuant to which the Company agreed to issue and sell to the Underwriters $750,000,000 aggregate principal amount of its 5.000% Senior Notes due 2032, $1,500,000,000 aggregate principal amount of its 5.450% Senior Notes due 2035, $1,250,000,000 aggregate principal amount of its 6.200% Senior Notes due 2055 and $500,000,000 aggregate principal amount of its 6.250% Senior Notes due 2065. The net proceeds to the Company from the sale of the Notes, after deducting the Underwriters' discounts and the estimated offering expenses payable by the Company, are approximately $3,958,207,500.
On August 11, 2025, CVS Health Corporation entered into an Underwriting Agreement with Barclays Capital Inc., J.P. Morgan Securities LLC and Wells Fargo Securities, LLC as representatives of the several underwriters named in Schedule I thereto, pursuant to which the Company agreed to issue and sell to the Underwriters the Notes.","debt_issuance,underwriting_agreement",completion_not_verified
CVX,0001193125-25-036821,2025-02-26,93410,https://www.sec.gov/Archives/edgar/data/93410/0001193125-25-036821.txt,"On February 26, 2025, Chevron U.S.A. Inc. issued its 4.405% Notes Due 2027 in the aggregate principal amount of $750,000,000, its Floating Rate Notes Due 2027 in the aggregate principal amount of $750,000,000, its 4.475% Notes Due 2028 in the aggregate principal amount of $1,000,000,000, its Floating Rate Notes Due 2028 in the aggregate principal amount of $500,000,000, its 4.687% Notes Due 2030 in the aggregate principal amount of $1,100,000,000, its 4.819% Notes Due 2032 in the aggregate principal amount of $650,000,000, and its 4.980% Notes Due 2035 in the aggregate principal amount of $750,000,000.
On February 24, 2025, CUSA and the Corporation entered into an Underwriting Agreement with Barclays Capital Inc., BofA Securities, Inc., and J.P. Morgan Securities LLC, as representatives of the several underwriters named therein, pursuant to which CUSA agreed to issue and sell the Notes to the Underwriters, and the Corporation agreed to guarantee the Notes.","debt_issuance,underwriting_agreement",completion_not_verified
CVX,0001193125-25-179846,2025-08-13,93410,https://www.sec.gov/Archives/edgar/data/93410/0001193125-25-179846.txt,"On August 13, 2025, Chevron U.S.A. Inc. issued its 3.950% Notes Due 2027 in the aggregate principal amount of $500,000,000, its 4.050% Notes Due 2028 in the aggregate principal amount of $650,000,000, its Floating Rate Notes Due 2028-B in the aggregate principal amount of $600,000,000, its 4.300% Notes Due 2030 in the aggregate principal amount of $1,200,000,000, its Floating Rate Notes Due 2030 in the aggregate principal amount of $400,000,000, its 4.500% Notes Due 2032 in the aggregate principal amount of $1,250,000,000 and its 4.850% Notes Due 2035 in the aggregate principal amount of $900,000,000.
On August 11, 2025, CUSA and the Corporation entered into an Underwriting Agreement with Barclays Capital Inc., BofA Securities, Inc. and Citigroup Global Markets Inc., as representatives of the several underwriters named therein, pursuant to which CUSA agreed to issue and sell the Notes to the Underwriters, and the Corporation agreed to guarantee the Notes.","debt_issuance,underwriting_agreement",completion_not_verified
CVX,0001193125-25-312771,2025-12-09,93410,https://www.sec.gov/Archives/edgar/data/93410/0001193125-25-312771.txt,"On December 9, 2025, Chevron U.S.A. Inc. issued its Floating Rate Notes Due 2075 in the aggregate principal amount of $154,204,000. The Notes will bear interest at a floating rate equal to Compounded SOFR minus 45 bps and will mature on December 9, 2075.
On December 4, 2025, CUSA and the Corporation entered into an Underwriting Agreement with Morgan Stanley & Co. LLC, J.P. Morgan Securities LLC, RBC Capital Markets, LLC and UBS Securities LLC as representatives of the several underwriters, pursuant to which CUSA agreed to issue and sell the Notes to the Underwriters.","debt_issuance,underwriting_agreement",completion_not_verified
DE,0001558370-25-000246,2025-01-16,315189,https://www.sec.gov/Archives/edgar/data/315189/0001558370-25-000246.txt,"Deere & Company (the ""Company"") agreed to sell $1,250,000,000 aggregate principal amount of 5.450% Notes due January 16, 2035 (the ""2035 Notes""), and $750,000,000 aggregate principal amount of 5.700% Notes due January 19, 2055 (the ""2055 Notes""). Interest on the 2035 Notes is payable on January 16 and July 16 of each year, beginning on July 16, 2025, and interest on the 2055 Notes is payable on January 19 and July 19 of each year, beginning on July 19, 2025. The Notes are unsecured and have the same rank as the Company's other unsecured and unsubordinated debt.
The Company entered into a terms agreement (the ""Terms Agreement"") with Barclays Capital Inc., BofA Securities, Inc., Citigroup Global Markets Inc., HSBC Securities (USA) Inc., J.P. Morgan Securities LLC, MUFG Securities Americas Inc., RBC Capital Markets, LLC and TD Securities (USA) LLC, as representatives of the underwriters named therein.","debt_issuance,underwriting_agreement",completion_not_verified
DE,0001104659-25-098401,2025-10-09,315189,https://www.sec.gov/Archives/edgar/data/315189/0001104659-25-098401.txt,"Deere Funding Canada Corporation (the ""Issuer"") agreed to sell $500,000,000 aggregate principal amount of 4.150% Notes due October 9, 2030 (the ""Notes""). The Notes will be fully and unconditionally guaranteed on a senior unsecured basis by the Guarantor. Interest on the Notes is payable on April 9 and October 9 of each year, beginning on April 9, 2026.
On October 2, 2025, the Issuer and the Guarantor entered into a terms agreement (the ""Terms Agreement"") with Goldman Sachs & Co. LLC, MUFG Securities Americas Inc., RBC Capital Markets, LLC and TD Securities (USA) LLC, as representatives of the underwriters named therein.","debt_issuance,underwriting_agreement",completion_not_verified
DUK,0001104659-24-003582,2024-01-12,1326160,https://www.sec.gov/Archives/edgar/data/1326160/0001104659-24-003582.txt,"On January 12, 2024, Duke Energy Corporation (the ""Company"") consummated the issuance and sale of the securities described below pursuant to an underwriting agreement, dated January 9, 2024 (the ""Underwriting Agreement""), with Wells Fargo Securities, LLC, as underwriter (the ""Underwriter""), pursuant to which the Company agreed to issue and sell to the Underwriter $50,000,000 aggregate principal amount of the Company's 4.850% Senior Notes due 2027 (the ""2027 Notes"") and $100,000,000 aggregate principal amount of the Company's 4.850% Senior Notes due 2029 (the ""2029 Notes"", and together with the 2027 Notes, the ""Securities"").
On January 12, 2024, Duke Energy Corporation (the ""Company"") consummated the issuance and sale of the securities described below pursuant to an underwriting agreement, dated January 9, 2024 (the ""Underwriting Agreement""), with Wells Fargo Securities, LLC, as underwriter (the ""Underwriter""), pursuant to which the Company agreed to issue and sell to the Underwriter $50,000,000 aggregate principal amount of the Company's 4.850% Senior Notes due 2027 (the ""2027 Notes"") and $100,000,000 aggregate principal amount of the Company's 4.850% Senior Notes due 2029 (the ""2029 Notes"").","debt_issuance,underwriting_agreement",eligible
DUK,0001104659-24-092007,2024-08-22,1326160,https://www.sec.gov/Archives/edgar/data/1326160/0001104659-24-092007.txt,"the Company consummated the issuance and sale of $1,000,000,000 aggregate principal amount of the Company's 6.45% Fixed-to-Fixed Reset Rate Junior Subordinated Debentures due 2054. The Securities were sold to the Underwriters at a discount to their principal amount.
pursuant to an underwriting agreement, dated August 19, 2024 (the 'Underwriting Agreement'), with BofA Securities, Inc., Goldman Sachs & Co. LLC, J.P. Morgan Securities LLC, Morgan Stanley & Co. LLC, RBC Capital Markets, LLC, Santander US Capital Markets LLC and Truist Securities, Inc., as representatives of the several underwriters","debt_issuance,underwriting_agreement",eligible
DUK,0001410578-25-002058,2025-09-11,1326160,https://www.sec.gov/Archives/edgar/data/1326160/0001410578-25-002058.txt,"On September 11, 2025, Duke Energy Corporation (the ""Company"") consummated the issuance and sale of the securities described below pursuant to an underwriting agreement, dated September 8, 2025... the Company agreed to issue and sell to the Underwriters $1,000,000,000 aggregate principal amount of the Company's 4.95% Senior Notes due 2035 and $750,000,000 aggregate principal amount of the Company's 5.70% Senior Notes due 2055.
the Company consummated the issuance and sale of the securities described below pursuant to an underwriting agreement, dated September 8, 2025 (the ""Underwriting Agreement""), with Citigroup Global Markets Inc., Goldman Sachs & Co. LLC, Mizuho Securities USA LLC, MUFG Securities Americas Inc., PNC Capital Markets LLC, Truist Securities, Inc., and Wells Fargo Securities, LLC, as representatives of the several underwriters named therein (the ""Underwriters"")","debt_issuance,underwriting_agreement",eligible
EMR,0001140361-25-006525,2025-02-28,32604,https://www.sec.gov/Archives/edgar/data/32604/0001140361-25-006525.txt,"On February 25, 2025, Emerson Electric Co. entered into a pricing agreement in connection with the public offering of €500,000,000 aggregate principal amount of the Company's 3.000% Notes due 2031 and €500,000,000 aggregate principal amount of the Company's 3.500% Notes due 2037, and $500,000,000 aggregate principal amount of the Company's 5.000% Notes due 2035. The closing is expected to occur on March 4, 2025.
The Company entered into pricing agreements dated February 25, 2025 with J.P. Morgan Securities plc, Goldman Sachs & Co. LLC and Merrill Lynch International, as representatives of the several underwriters, in connection with the public offering of the Notes. The 2031 Notes are being sold to the Euro Notes Underwriters at an issue price of 99.561% of the principal amount thereof, and the Euro Notes Underwriters offered the 2031 Notes to the public at a price of 99.936% of the principal amount thereof.","debt_issuance,underwriting_agreement",completion_not_verified
EMR,0001140361-25-006938,2025-03-04,32604,https://www.sec.gov/Archives/edgar/data/32604/0001140361-25-006938.txt,"On March 4, 2025, Emerson Electric Co. completed its previously announced public offering of €500,000,000 aggregate principal amount of the Company's 3.000% Notes due 2031 and €500,000,000 aggregate principal amount of the Company's 3.500% Notes due 2037, and its previously announced public offering of $500,000,000 aggregate principal amount of the Company's 5.000% Notes due 2035.",debt_issuance,eligible
FDX,0001193125-25-036894,2025-02-26,1048911,https://www.sec.gov/Archives/edgar/data/1048911/0001193125-25-036894.txt,"In connection with the settlement of the Exchange Offers and Consent Solicitations, on February 26, 2025, FedEx issued the following Notes in exchange for Existing Notes of the corresponding series tendered and accepted by FedEx: [detailed list of USD and Euro Notes with principal amounts, interest rates, and maturity dates ranging from 2028 to 2065].",debt_issuance,complex_or_nonroutine_transaction
FDX,0001104659-25-070392,2025-07-24,1048911,https://www.sec.gov/Archives/edgar/data/1048911/0001104659-25-070392.txt,"FedEx Corporation entered into an underwriting agreement in connection with the issuance and sale by the Company of €500,000,000 aggregate principal amount of the Company's 3.500% Notes due 2032 and €350,000,000 aggregate principal amount of the Company's 4.125% Notes due 2037.
FedEx Corporation and the Company's wholly owned subsidiaries entered into an underwriting agreement dated July 23, 2025, with BNP PARIBAS, Goldman Sachs & Co. LLC and J.P. Morgan Securities plc, on behalf of themselves and as representatives of the several underwriters named on Schedule B to the Underwriting Agreement.","debt_issuance,underwriting_agreement",completion_not_verified
FDX,0001104659-25-072164,2025-07-30,1048911,https://www.sec.gov/Archives/edgar/data/1048911/0001104659-25-072164.txt,"On July 30, 2025, FedEx Corporation issued €500,000,000 aggregate principal amount of its 3.500% Notes due 2032 and €350,000,000 aggregate principal amount of its 4.125% Notes due 2037.",debt_issuance,eligible
GD,0001193125-25-114911,2025-05-07,40533,https://www.sec.gov/Archives/edgar/data/40533/0001193125-25-114911.txt,"On May 7, 2025, General Dynamics Corporation (the ""Corporation"") completed the sale of $750,000,000 aggregate principal amount of 4.950% Notes due 2035 (the ""notes""). The notes were issued pursuant to the Fourth Supplemental Indenture, dated as of May 7, 2025, under the Indenture, dated as of March 22, 2018.
The notes were sold pursuant to an Underwriting Agreement, dated as of April 28, 2025, among the Corporation, the Guarantors named therein and BofA Securities, Inc., J.P. Morgan Securities LLC and Wells Fargo Securities, LLC, as representatives of the underwriters named therein.","debt_issuance,underwriting_agreement",eligible
GE,0000930413-25-002225,2025-07-24,40545,https://www.sec.gov/Archives/edgar/data/40545/0000930413-25-002225.txt,"entered into an underwriting agreement by and among the Company and J.P. Morgan Securities LLC, BofA Securities, Inc., and Morgan Stanley & Co. LLC, as Representatives of the several underwriters named therein with respect to the issuance and sale of $1,000,000,000 aggregate principal amount of 4.300% Notes due 2030 and $1,000,000,000 aggregate principal amount of 4.900% Notes due 2036
General Electric Company, operating as GE Aerospace entered into an underwriting agreement by and among the Company and J.P. Morgan Securities LLC, BofA Securities, Inc., and Morgan Stanley & Co. LLC, as Representatives of the several underwriters named therein","debt_issuance,underwriting_agreement",completion_not_verified
GE,0000930413-25-002289,2025-07-29,40545,https://www.sec.gov/Archives/edgar/data/40545/0000930413-25-002289.txt,"On July 29, 2025, General Electric Company, operating as GE Aerospace (the ""Company""), closed its previously announced public offering (the ""Offering"") of $1,000,000,000 aggregate principal amount of 4.300% Notes due 2030 (the ""2030 Notes"") and $1,000,000,000 aggregate principal amount of 4.900% Notes due 2036 (the ""2036 Notes"" and, together with the 2030 Notes, the ""Notes"").",debt_issuance,eligible
GILD,0001104659-24-121025,2024-11-20,882095,https://www.sec.gov/Archives/edgar/data/882095/0001104659-24-121025.txt,"The Tenth Supplemental Indenture relates to the Company's issuance of (a) $750,000,000 aggregate principal amount of the Company's 4.80% Senior Notes due 2029, (b) $1,000,000,000 aggregate principal amount of the Company's 5.10% Senior Notes due 2035, (c) $1,000,000,000 aggregate principal amount of the Company's 5.50% Senior Notes due 2054 and (d) $750,000,000 aggregate principal amount of the Company's 5.60% Senior Notes due 2064. The 2029 Notes will pay interest semi-annually at a rate of 4.80% per annum until November 15, 2029. The 2035 Notes will pay interest semi-annually at a rate of 5.10% per annum until June 15, 2035. The 2054 Notes will pay interest semi-annually at a rate of 5.50% per annum until November 15, 2054. The 2064 Notes will pay interest semi-annually at a rate of 5.60% per annum until November 15, 2064.
On November 13, 2024, the Company entered into an underwriting agreement (the 'Underwriting Agreement') with Barclays Capital Inc. and BofA Securities, Inc., as representatives of the several underwriters listed in Schedule 1 thereto, relating to the issuance and sale by the Company of the Notes.","debt_issuance,underwriting_agreement",completion_not_verified
GM,0001193125-25-114935,2025-05-07,1467858,https://www.sec.gov/Archives/edgar/data/1467858/0001193125-25-114935.txt,"the Company agreed to sell to the Underwriters, and the Underwriters agreed to purchase from the Company, $2.0 billion aggregate principal amount of the Company's senior notes, consisting of $750.0 million aggregate principal amount of 5.350% Senior Notes due 2028, $750.0 million aggregate principal amount of the Company's 5.625% Senior Notes due 2030 and $500.0 million aggregate principal amount of 6.250% Senior Notes due 2035
General Motors Company (the ""Company"") entered into an Underwriting Agreement (the ""Underwriting Agreement"") with Citigroup Global Markets Inc., Goldman Sachs & Co. LLC and Wells Fargo Securities, LLC, each acting as representative of the several other underwriters named therein (collectively, the ""Underwriters"")","debt_issuance,underwriting_agreement",completion_not_verified
GOOGL,0001193125-25-110020,2025-05-01,1652044,https://www.sec.gov/Archives/edgar/data/1652044/0001193125-25-110020.txt,"Alphabet Inc. closed its underwritten public offering of $750,000,000 aggregate principal amount of 4.000% notes due 2030, $1,250,000,000 aggregate principal amount of 4.500% notes due 2035, $1,500,000,000 aggregate principal amount of 5.250% notes due 2055 and $1,500,000,000 aggregate principal amount of 5.300% notes due 2065 pursuant to Alphabet's registration statement on Form S-3.",debt_issuance,eligible
GOOGL,0001193125-25-113864,2025-05-06,1652044,https://www.sec.gov/Archives/edgar/data/1652044/0001193125-25-113864.txt,"Alphabet Inc. closed its underwritten public offering of €1,500,000,000 aggregate principal amount of 2.500% notes due 2029, €1,500,000,000 aggregate principal amount of 3.000% notes due 2033, €1,250,000,000 aggregate principal amount of 3.375% notes due 2037, €1,250,000,000 aggregate principal amount of 3.875% notes due 2045 and €1,250,000,000 aggregate principal amount of 4.000% notes due 2054 pursuant to Alphabet's registration statement on Form S-3.",debt_issuance,repeat_within_seven_days
GOOGL,0001193125-25-269979,2025-11-06,1652044,https://www.sec.gov/Archives/edgar/data/1652044/0001193125-25-269979.txt,"On November 6, 2025, Alphabet Inc. closed its concurrent underwritten public offerings of $17.5 billion aggregate principal amount of U.S. dollar-denominated senior notes and €6.5 billion aggregate principal amount of euro-denominated senior notes pursuant to Alphabet's registration statement on Form S-3. The Euro Notes consist of €1,000,000,000 aggregate principal amount of 2.375% notes due 2028, €1,000,000,000 aggregate principal amount of 2.875% notes due 2031, €1,000,000,000 aggregate principal amount of 3.125% notes due 2034, €1,000,000,000 aggregate principal amount of 3.500% notes due 2038, €1,250,000,000 aggregate principal amount of 4.000% notes due 2044 and €1,250,000,000 aggregate principal amount of 4.375% notes due 2064. The U.S. Notes consist of $500,000,000 aggregate principal amount of floating rate notes due 2028, $1,000,000,000 aggregate principal amount of 3.875% notes due 2028, $2,500,000,000 aggregate principal amount of 4.100% notes due 2030, $1,250,000,000 aggregate principal amount of 4.375% notes due 2032, $3,500,000,000 aggregate principal amount of 4.700% notes due 2035, $2,000,000,000 aggregate principal amount of 5.350% notes due 2045, $4,000,000,000 aggregate principal amount of 5.450% notes due 2055 and $2,750,000,000 aggregate principal amount of 5.700% notes due 2075.",debt_issuance,completion_not_verified
GS,0001193125-24-113929,2024-04-25,886982,https://www.sec.gov/Archives/edgar/data/886982/0001193125-24-113929.txt,"issuance of the following debt securities by The Goldman Sachs Group, Inc. (the ""Company"") on April 25, 2024: $2,500,000,000 5.727% Fixed/Floating Rate Notes due 2030 and $2,500,000,000 5.851% Fixed/Floating Rate Notes due 2035",debt_issuance,completion_not_verified
GS,0001193125-24-182875,2024-07-23,886982,https://www.sec.gov/Archives/edgar/data/886982/0001193125-24-182875.txt,"issuance of the following debt securities by The Goldman Sachs Group, Inc. (the ""Company"") on July 23, 2024: $2,500,000,000 5.049% Fixed/Floating Rate Notes due 2030 and $3,000,000,000 5.330% Fixed/Floating Rate Notes due 2035",debt_issuance,completion_not_verified
GS,0001193125-24-241885,2024-10-23,886982,https://www.sec.gov/Archives/edgar/data/886982/0001193125-24-241885.txt,"issuance of the following debt securities by The Goldman Sachs Group, Inc. (the ""Company"") on October 23, 2024: $2,000,000,000 4.692% Fixed/Floating Rate Notes due 2030 and $3,500,000,000 5.016% Fixed/Floating Rate Notes due 2035",debt_issuance,completion_not_verified
GS,0001193125-24-261736,2024-11-19,886982,https://www.sec.gov/Archives/edgar/data/886982/0001193125-24-261736.txt,"issuance of the following debt securities by The Goldman Sachs Group, Inc. (the ""Company"") on November 19, 2024 pursuant to the Company's shelf registration statement on Form S-3... $3,000,000,000 5.561% Fixed/Floating Rate Notes due 2045",debt_issuance,completion_not_verified
GS,0001193125-25-014385,2025-01-28,886982,https://www.sec.gov/Archives/edgar/data/886982/0001193125-25-014385.txt,"The Goldman Sachs Group, Inc. issued $400,000,000 Floating Rate Notes due 2031, $2,100,000,000 5.207% Fixed/Floating Rate Notes due 2031, $3,000,000,000 5.536% Fixed/Floating Rate Notes due 2036, and $3,000,000,000 5.734% Fixed/Floating Rate Notes due 2056 on January 28, 2025 pursuant to the Company's shelf registration statement on Form S-3.",debt_issuance,eligible
GS,0001193125-25-091404,2025-04-23,886982,https://www.sec.gov/Archives/edgar/data/886982/0001193125-25-091404.txt,"issuance of the following debt securities by The Goldman Sachs Group, Inc. (the ""Company"") on April 23, 2025: $500,000,000 Floating Rate Notes due 2028, $2,500,000,000 4.937% Fixed/Floating Rate Notes due 2028, and $3,000,000,000 5.218% Fixed/Floating Rate Notes due 2031",debt_issuance,completion_not_verified
GS,0001193125-25-245194,2025-10-21,886982,https://www.sec.gov/Archives/edgar/data/886982/0001193125-25-245194.txt,"The Goldman Sachs Group, Inc. issued $500,000,000 Floating Rate Notes due 2029, $2,500,000,000 4.153% Fixed/Floating Rate Notes due 2029, $500,000,000 Floating Rate Notes due 2031, $3,000,000,000 4.369% Fixed/Floating Rate Notes due 2031, and $3,500,000,000 4.939% Fixed/Floating Rate Notes due 2036 on October 21, 2025 pursuant to the Company's shelf registration statement on Form S-3.",debt_issuance,eligible
HD,0001104659-24-072918,2024-06-18,354950,https://www.sec.gov/Archives/edgar/data/354950/0001104659-24-072918.txt,"The Company entered into an Underwriting Agreement relating to a public offering of $600,000,000 aggregate principal amount of Floating Rate Notes due December 24, 2025, $900,000,000 aggregate principal amount of 5.100% Notes due December 24, 2025, $1,500,000,000 aggregate principal amount of 5.150% Notes due June 25, 2026, $1,000,000,000 aggregate principal amount of 4.875% Notes due June 25, 2027, $1,250,000,000 aggregate principal amount of 4.750% Notes due June 25, 2029, $1,000,000,000 aggregate principal amount of 4.850% Notes due June 25, 2031, $1,750,000,000 aggregate principal amount of 4.950% Notes due June 25, 2034, $1,500,000,000 aggregate principal amount of 5.300% Notes due June 25, 2054, and $500,000,000 aggregate principal amount of 5.400% Notes due June 25, 2064.
The Home Depot, Inc. entered into an Underwriting Agreement among the Company and J.P. Morgan Securities LLC, BofA Securities, Inc., Goldman Sachs & Co. LLC, and Morgan Stanley & Co. LLC, as representatives of the several underwriters. Pursuant to the Underwriting Agreement, the Company agreed to sell the Notes to the Underwriters, and the Underwriters agreed to purchase the Notes for resale to the public.","debt_issuance,underwriting_agreement",completion_not_verified
HD,0001104659-24-074754,2024-06-25,354950,https://www.sec.gov/Archives/edgar/data/354950/0001104659-24-074754.txt,"On June 25, 2024, The Home Depot, Inc. (the ""Company"") completed a public offering of $600,000,000 aggregate principal amount of Floating Rate Notes due December 24, 2025, $900,000,000 aggregate principal amount of 5.100% Notes due December 24, 2025, $1,500,000,000 aggregate principal amount of 5.150% Notes due June 25, 2026, $1,000,000,000 aggregate principal amount of 4.875% Notes due June 25, 2027, $1,250,000,000 aggregate principal amount of 4.750% Notes due June 25, 2029, $1,000,000,000 aggregate principal amount of 4.850% Notes due June 25, 2031, $1,750,000,000 aggregate principal amount of 4.950% Notes due June 25, 2034, $1,500,000,000 aggregate principal amount of 5.300% Notes due June 25, 2054, and $500,000,000 aggregate principal amount of 5.400% Notes due June 25, 2064 (collectively, the ""Notes"").",debt_issuance,eligible
HD,0001104659-25-089060,2025-09-10,354950,https://www.sec.gov/Archives/edgar/data/354950/0001104659-25-089060.txt,"The Company entered into an Underwriting Agreement relating to a public offering of $500,000,000 aggregate principal amount of 3.750% Notes due September 15, 2028, $500,000,000 aggregate principal amount of 3.950% Notes due September 15, 2030, and $1,000,000,000 aggregate principal amount of 4.650% Notes due September 15, 2035.
The Company entered into an Underwriting Agreement among the Company and J.P. Morgan Securities LLC, BofA Securities, Inc., Barclays Capital Inc., Deutsche Bank Securities Inc. and Wells Fargo Securities, LLC, as representatives of the several underwriters. Pursuant to the Underwriting Agreement, the Company agreed to sell the Notes to the Underwriters, and the Underwriters agreed to purchase the Notes for resale to the public.","debt_issuance,underwriting_agreement",completion_not_verified
HD,0001104659-25-090021,2025-09-15,354950,https://www.sec.gov/Archives/edgar/data/354950/0001104659-25-090021.txt,"The Home Depot, Inc. (the ""Company"") completed a public offering of $500,000,000 aggregate principal amount of 3.750% Notes due September 15, 2028, $500,000,000 aggregate principal amount of 3.950% Notes due September 15, 2030, and $1,000,000,000 aggregate principal amount of 4.650% Notes due September 15, 2035 (collectively, the ""Notes"").",debt_issuance,eligible
HON,0001193125-24-055985,2024-03-01,773840,https://www.sec.gov/Archives/edgar/data/773840/0001193125-24-055985.txt,"On March 1, 2024, Honeywell International Inc. (the ""Company"") completed public offerings of €750,000,000 aggregate principal amount of its 3.375% Senior Notes due 2030 and €750,000,000 aggregate principal amount of its 3.750% Senior Notes due 2036 (collectively, the ""Euro Notes"") and $500,000,000 aggregate principal amount of its 4.875% Senior Notes due 2029, $500,000,000 aggregate principal amount of its 4.950% Senior Notes due 2031, $750,000,000 aggregate principal amount of its 5.000% Senior Notes due 2035, $1,750,000,000 aggregate principal amount of its 5.250% Senior Notes due 2054 and $650,000,000 aggregate principal amount of its 5.350% Senior Notes due 2064 (collectively, the ""U.S. Notes"" and, together with the Euro Notes, the ""Notes"").",debt_issuance,completion_not_verified
HON,0001193125-24-191800,2024-08-02,773840,https://www.sec.gov/Archives/edgar/data/773840/0001193125-24-191800.txt,"On August 1, 2024, Honeywell International Inc. (the ""Company"") completed a public offering of $1,150,000,000 aggregate principal amount of its 4.650% Senior Notes due 2027, $1,000,000,000 aggregate principal amount of its 4.700% Senior Notes due 2030, $650,000,000 aggregate principal amount of its 4.750% Senior Notes due 2032 and $700,000,000 aggregate principal amount of its 5.000% Senior Notes due 2035.",debt_issuance,eligible
HON,0000773840-25-000090,2025-10-01,773840,https://www.sec.gov/Archives/edgar/data/773840/0000773840-25-000090.txt,"On September 30, 2025, Solstice issued 5.625% Senior Notes due 2033 in an aggregate principal amount of $1 billion. The Notes bear interest at a rate of 5.625% per year. The Notes will mature on September 30, 2033. The Notes were sold in private placements to qualified institutional buyers in accordance with Rule 144A under the Securities Act, and outside the United States to non-U.S. persons in reliance on Regulation S under the Securities Act.",debt_issuance,eligible
IBM,0001104659-25-010555,2025-02-07,51143,https://www.sec.gov/Archives/edgar/data/51143/0001104659-25-010555.txt,"Underwriting Agreement dated February 5, 2025 among International Business Machines Corporation and BNP Paribas Securities Corp., Barclays Capital Inc., Deutsche Bank Securities Inc., RBC Capital Markets, LLC, Santander US Capital Markets LLC, SG Americas Securities, LLC, SMBC Nikko Securities America, Inc., U.S. Bancorp Investments, Inc. and Wells Fargo Securities, LLC, as the Representatives of the Underwriters",underwriting_agreement,not_explicit_notes_or_bonds
JNJ,0001193125-24-142828,2024-05-20,200406,https://www.sec.gov/Archives/edgar/data/200406/0001193125-24-142828.txt,"Johnson & Johnson completed the previously announced public offerings of: (1) $1,150,000,000 aggregate principal amount of 4.800% Notes due 2029; (2) $1,150,000,000 aggregate principal amount of 4.900% Notes due 2031; (3) $850,000,000 aggregate principal amount of 4.950% Notes due 2034; (4) $850,000,000 aggregate principal amount of 5.250% Notes due 2054; (5) €700,000,000 aggregate principal amount of 3.200% Notes due 2032; (6) €800,000,000 aggregate principal amount of 3.350% Notes due 2036; and (7) €1,000,000,000 aggregate principal amount of 3.550% Notes due 2044.
In connection with the offering of the U.S. Dollar Notes, the Company entered into an underwriting agreement on May 13, 2024, with J.P. Morgan Securities LLC, BofA Securities, Inc. and Citigroup Global Markets Inc., as representatives of the several Underwriters. In connection with the offering of the Euro Notes, the Company entered into an underwriting agreement on May 14, 2024, with J.P. Morgan Securities plc, Citigroup Global Markets Limited, Deutsche Bank AG, London Branch and the several Underwriters named therein.","debt_issuance,underwriting_agreement",completion_not_verified
JNJ,0001193125-25-030851,2025-02-20,200406,https://www.sec.gov/Archives/edgar/data/200406/0001193125-25-030851.txt,"Johnson & Johnson completed the previously announced public offerings of: (1) $750,000,000 aggregate principal amount of 4.500% Notes due 2027; (2) $750,000,000 aggregate principal amount of 4.550% Notes due 2028; (3) $1,000,000,000 aggregate principal amount of 4.700% Notes due 2030; (4) $1,250,000,000 aggregate principal amount of 4.850% Notes due 2032; and (5) $1,250,000,000 aggregate principal amount of 5.000% Notes due 2035.
In connection with the offering of the Notes, the Company entered into an underwriting agreement on February 18, 2025, with Citigroup Global Markets Inc., BofA Securities, Inc. and J.P. Morgan Securities LLC, as representatives of the several Underwriters named therein, pursuant to which the Company agreed to issue and sell the Notes to the Underwriters.","debt_issuance,underwriting_agreement",completion_not_verified
JNJ,0001193125-25-036773,2025-02-26,200406,https://www.sec.gov/Archives/edgar/data/200406/0001193125-25-036773.txt,"Johnson & Johnson completed the previously announced public offerings of €600,000,000 aggregate principal amount of 2.700% Notes due 2029, €700,000,000 aggregate principal amount of 3.050% Notes due 2033, €1,000,000,000 aggregate principal amount of 3.350% Notes due 2037, €700,000,000 aggregate principal amount of 3.600% Notes due 2045, and €1,000,000,000 aggregate principal amount of 3.700% Notes due 2055.
In connection with the offering of the Notes, the Company entered into an underwriting agreement on February 19, 2025, with Citigroup Global Markets Limited, Deutsche Bank AG, London Branch, Goldman Sachs & Co. LLC and the several underwriters named therein, pursuant to which the Company agreed to issue and sell the Notes to the Underwriters.","debt_issuance,underwriting_agreement",completion_not_verified
JPM,0001628280-24-001950,2024-01-23,19617,https://www.sec.gov/Archives/edgar/data/19617/0001628280-24-001950.txt,"JPMorgan Chase & Co. closed public offerings of (i) $500,000,000 aggregate principal amount of Floating Rate Notes due 2028, (ii) $2,500,000,000 aggregate principal amount of Fixed-to-Floating Rate Notes due 2028, (iii) $2,500,000,000 aggregate principal amount of Fixed-to-Floating Rate Notes due 2030 and (iv) $3,000,000,000 aggregate principal amount of Fixed-to-Floating Rate Notes due 2035.",debt_issuance,completion_not_verified
JPM,0001193125-24-104926,2024-04-22,19617,https://www.sec.gov/Archives/edgar/data/19617/0001193125-24-104926.txt,"JPMorgan Chase & Co. closed public offerings of (i) $750,000,000 aggregate principal amount of Floating Rate Notes due 2028, (ii) $2,500,000,000 aggregate principal amount of Fixed-to-Floating Rate Notes due 2028, (iii) $2,750,000,000 aggregate principal amount of Fixed-to-Floating Rate Notes due 2030 and (iv) $3,000,000,000 aggregate principal amount of Fixed-to-Floating Rate Notes due 2035.",debt_issuance,completion_not_verified
JPM,0001193125-24-182227,2024-07-22,19617,https://www.sec.gov/Archives/edgar/data/19617/0001193125-24-182227.txt,"JPMorgan Chase & Co. closed public offerings of (i) $750,000,000 aggregate principal amount of Floating Rate Notes due 2028, (ii) $2,000,000,000 aggregate principal amount of Fixed-to-Floating Rate Notes due 2028, (iii) $2,750,000,000 aggregate principal amount of Fixed-to-Floating Rate Notes due 2030 and (iv) $3,500,000,000 aggregate principal amount of Fixed-to-Floating Rate Notes due 2035.",debt_issuance,completion_not_verified
JPM,0001193125-24-241062,2024-10-22,19617,https://www.sec.gov/Archives/edgar/data/19617/0001193125-24-241062.txt,"JPMorgan Chase & Co. closed public offerings of (i) $500,000,000 aggregate principal amount of Floating Rate Notes due 2028, (ii) $2,000,000,000 aggregate principal amount of Fixed-to-Floating Rate Notes due 2028, (iii) $2,500,000,000 aggregate principal amount of Fixed-to-Floating Rate Notes due 2030 and (iv) $3,000,000,000 aggregate principal amount of Fixed-to-Floating Rate Notes due 2035.",debt_issuance,completion_not_verified
JPM,0001193125-24-268103,2024-11-29,19617,https://www.sec.gov/Archives/edgar/data/19617/0001193125-24-268103.txt,"JPMorgan Chase & Co. closed a public offering of $2,500,000,000 aggregate principal amount of Fixed-to-Floating Rate Notes due 2045. The offering of the Notes was registered under the Securities Act of 1933, as amended, pursuant to a registration statement on Form S-3.",debt_issuance,eligible
JPM,0001193125-25-012230,2025-01-24,19617,https://www.sec.gov/Archives/edgar/data/19617/0001193125-25-012230.txt,"JPMorgan Chase & Co. closed public offerings of (i) $750,000,000 aggregate principal amount of Floating Rate Notes due 2029, (ii) $2,000,000,000 aggregate principal amount of Fixed-to-Floating Rate Notes due 2029, (iii) $2,500,000,000 aggregate principal amount of Fixed-to-Floating Rate Notes due 2031 and (iv) $2,750,000,000 aggregate principal amount of Fixed-to-Floating Rate Notes due 2036.",debt_issuance,completion_not_verified
JPM,0001193125-25-089203,2025-04-22,19617,https://www.sec.gov/Archives/edgar/data/19617/0001193125-25-089203.txt,"JPMorgan Chase & Co. closed public offerings of (i) $2,500,000,000 aggregate principal amount of Fixed-to-Floating Rate Notes due 2031 and (ii) $3,500,000,000 aggregate principal amount of Fixed-to-Floating Rate Notes due 2036. The offerings of the Notes were registered under the Securities Act of 1933, as amended, pursuant to a registration statement on Form S-3.",debt_issuance,completion_not_verified
JPM,0001193125-25-163423,2025-07-23,19617,https://www.sec.gov/Archives/edgar/data/19617/0001193125-25-163423.txt,"JPMorgan Chase & Co. closed a public offering of $4,000,000,000 aggregate principal amount of Fixed-to-Floating Rate Subordinated Notes due 2036. The offering of the Subordinated Notes was registered under the Securities Act of 1933, as amended, pursuant to a registration statement on Form S-3.",debt_issuance,eligible
JPM,0001193125-25-246803,2025-10-22,19617,https://www.sec.gov/Archives/edgar/data/19617/0001193125-25-246803.txt,"JPMorgan Chase & Co. closed public offerings of (i) $2,000,000,000 aggregate principal amount of Fixed-to-Floating Rate Notes due 2031 and (ii) $3,000,000,000 aggregate principal amount of Fixed-to-Floating Rate Notes due 2036. The offerings of the Notes were registered under the Securities Act of 1933, as amended, pursuant to a registration statement on Form S-3.",debt_issuance,completion_not_verified
KO,0001552781-24-000299,2024-05-08,21344,https://www.sec.gov/Archives/edgar/data/21344/0001552781-24-000299.txt,"On May 6, 2024, The Coca-Cola Company entered into an underwriting agreement in connection with the Company's public offering of $1,000,000,000 aggregate principal amount of its 5.000% Notes due 2034, $1,100,000,000 aggregate principal amount of its 5.300% Notes due 2054 and $900,000,000 aggregate principal amount of its 5.400% Notes due 2064.
The Company entered into an underwriting agreement among the Company and Citigroup Global Markets Inc., Barclays Capital Inc. and Santander US Capital Markets LLC, as representatives of the several underwriters named therein, in connection with the Company's public offering of the Dollar Notes.","debt_issuance,underwriting_agreement",completion_not_verified
KO,0001552781-24-000313,2024-05-13,21344,https://www.sec.gov/Archives/edgar/data/21344/0001552781-24-000313.txt,"On May 13, 2024, The Coca-Cola Company completed its previously announced public offering of $1,000,000,000 aggregate principal amount of its 5.000% Notes due 2034, $1,100,000,000 aggregate principal amount of its 5.300% Notes due 2054 and $900,000,000 aggregate principal amount of its 5.400% Notes due 2064.",debt_issuance,eligible
KO,0001552781-24-000325,2024-05-14,21344,https://www.sec.gov/Archives/edgar/data/21344/0001552781-24-000325.txt,"On May 14, 2024, The Coca-Cola Company (the ""Company"") completed its previously announced public offering of €500,000,000 aggregate principal amount of its 3.125% Notes due 2032 and €500,000,000 aggregate principal amount of its 3.500% Notes due 2044 (collectively, the ""Euro Notes"").",debt_issuance,repeat_within_seven_days
KO,0001552781-24-000465,2024-08-09,21344,https://www.sec.gov/Archives/edgar/data/21344/0001552781-24-000465.txt,"On August 8, 2024, the Company entered into an underwriting agreement in connection with the Company's public offering of €500,000,000 aggregate principal amount of its 3.375% Notes due 2037 and €500,000,000 aggregate principal amount of its 3.750% Notes due 2053.
The Company entered into an underwriting agreement among the Company and the underwriters named therein in connection with the Company's public offering of the Euro Notes.","debt_issuance,underwriting_agreement",completion_not_verified
KO,0001552781-24-000487,2024-08-14,21344,https://www.sec.gov/Archives/edgar/data/21344/0001552781-24-000487.txt,"The Coca-Cola Company completed its previously announced public offering of $750,000,000 aggregate principal amount of its 4.650% Notes due 2034, $1,500,000,000 aggregate principal amount of its 5.200% Notes due 2055 and $750,000,000 aggregate principal amount of its 5.400% Notes due 2064. The offering was made pursuant to the Company's shelf registration statement on Form S-3.",debt_issuance,eligible
KO,0001552781-24-000497,2024-08-15,21344,https://www.sec.gov/Archives/edgar/data/21344/0001552781-24-000497.txt,"The Coca-Cola Company completed its previously announced public offering of €500,000,000 aggregate principal amount of its 3.375% Notes due 2037 and €500,000,000 aggregate principal amount of its 3.750% Notes due 2053. The Company intends to use the net proceeds from the offering of the Euro Notes for general corporate purposes, which may include working capital, capital expenditures, acquisitions of or investments in businesses or assets and redemption and repayment of short-term or long-term borrowings.",debt_issuance,complex_or_nonroutine_transaction
LIN,0001193125-24-036171,2024-02-14,1707925,https://www.sec.gov/Archives/edgar/data/1707925/0001193125-24-036171.txt,"On February 14, 2024, Linde plc (the ""Company"") issued €700 million aggregate principal amount of 3.000% Notes due 2028 (the ""2028 Notes""), €850 million aggregate principal amount of 3.200% Notes due 2031 (the ""2031 Notes"") and €700 million aggregate principal amount of 3.400% Notes due 2036 (the ""2036 Notes""). The net proceeds of the offering were approximately €2,238 million, after giving effect to the fees to the Managers but before other fees and expenses of the offering. Net proceeds of the offering will be used for general corporate purposes.",debt_issuance,eligible
LIN,0001193125-24-154299,2024-06-04,1707925,https://www.sec.gov/Archives/edgar/data/1707925/0001193125-24-154299.txt,"On June 4, 2024, Linde plc (the ""Company"") issued €750 million aggregate principal amount of 3.375% Notes due 2030 (the ""2030 Notes""), €750 million aggregate principal amount of 3.500% Notes due 2034 (the ""2034 Notes"") and €700 million aggregate principal amount of 3.750% Notes due 2044 (the ""2044 Notes""). The net proceeds of the offering were approximately €2,176 million, after giving effect to the fees to the Managers but before other fees and expenses of the offering. Net proceeds of the offering will be used for general corporate purposes.",debt_issuance,eligible
LIN,0001193125-25-028599,2025-02-18,1707925,https://www.sec.gov/Archives/edgar/data/1707925/0001193125-25-028599.txt,"On February 18, 2025, Linde plc (the ""Company"") issued €850 million aggregate principal amount of 2.625% Notes due 2029, issued €750 million aggregate principal amount of 3.000% Notes due 2033 and issued €650 million aggregate principal amount of 3.250% Notes due 2037. The net proceeds of the offering were approximately €2,234 million, after giving effect to the fees to the Managers but before other fees and expenses of the offering.",debt_issuance,eligible
LIN,0001193125-25-135992,2025-06-05,1707925,https://www.sec.gov/Archives/edgar/data/1707925/0001193125-25-135992.txt,"On May 21, 2025, Linde plc (the ""Company"") issued ₣225 million aggregate principal amount of 0.6150% Notes due 2029 (the ""2029 Notes""), and issued ₣275 million aggregate principal amount of 1.0629% Notes due 2033 (the ""2033 Notes""). The net proceeds of the offering were approximately ₣498.6 million, after giving effect to the fees to the Managers but before other fees and expenses of the offering. Net proceeds of the offering will be used for general corporate purposes.",debt_issuance,completion_not_verified
LIN,0001193125-25-289724,2025-11-20,1707925,https://www.sec.gov/Archives/edgar/data/1707925/0001193125-25-289724.txt,"On November 20, 2025, Linde plc (the ""Company"") issued €600 million aggregate principal amount of Floating Rate Notes due 2027 (the ""2027 Notes""), issued €650 million aggregate principal amount of 3.125% Notes due 2032 (the ""2032 Notes"") and issued €500 million aggregate principal amount of 3.750% Notes due 2038 (the ""2038 Notes"").",debt_issuance,eligible
LLY,0001193125-24-029551,2024-02-09,59478,https://www.sec.gov/Archives/edgar/data/59478/0001193125-24-029551.txt,"On February 7, 2024, Eli Lilly and Company entered into an underwriting agreement for the issuance and sale by the Company of $1,000,000,000 aggregate principal amount of its 4.500% Notes due 2027, $1,000,000,000 aggregate principal amount of its 4.500% Notes due 2029, $1,500,000,000 aggregate principal amount of its 4.700% Notes due 2034, $1,500,000,000 aggregate principal amount of its 5.000% Notes due 2054 and $1,500,000,000 aggregate principal amount of its 5.100% Notes due 2064.
On February 7, 2024, Eli Lilly and Company entered into an underwriting agreement with BofA Securities, Inc., Barclays Capital Inc., Citigroup Global Markets Inc., Deutsche Bank Securities Inc. and Mizuho Securities USA LLC, as representatives of the several underwriters named therein, for the issuance and sale by the Company of Notes.","debt_issuance,underwriting_agreement",completion_not_verified
LLY,0001193125-24-200435,2024-08-14,59478,https://www.sec.gov/Archives/edgar/data/59478/0001193125-24-200435.txt,"Eli Lilly and Company entered into an underwriting agreement for the issuance and sale by the Company of $750,000,000 aggregate principal amount of its 4.150% Notes due 2027, $1,000,000,000 aggregate principal amount of its 4.200% Notes due 2029, $1,250,000,000 aggregate principal amount of its 4.600% Notes due 2034, $1,250,000,000 aggregate principal amount of its 5.050% Notes due 2054 and $750,000,000 aggregate principal amount of its 5.200% Notes due 2064.
On August 12, 2024, Eli Lilly and Company entered into an underwriting agreement with BNP Paribas Securities Corp., Citigroup Global Markets Inc., Goldman Sachs & Co. LLC, J.P. Morgan Securities LLC and Morgan Stanley & Co. LLC, as representatives of the several underwriters named therein, for the issuance and sale by the Company of Notes.","debt_issuance,underwriting_agreement",completion_not_verified
LLY,0001193125-25-025057,2025-02-12,59478,https://www.sec.gov/Archives/edgar/data/59478/0001193125-25-025057.txt,"Eli Lilly and Company entered into an underwriting agreement for the issuance and sale by the Company of $1,000,000,000 aggregate principal amount of its 4.550% Notes due 2028, $1,250,000,000 aggregate principal amount of its 4.750% Notes due 2030, $1,000,000,000 aggregate principal amount of its 4.900% Notes due 2032, $1,250,000,000 aggregate principal amount of its 5.100% Notes due 2035, $1,250,000,000 aggregate principal amount of its 5.500% Notes due 2055 and $750,000,000 aggregate principal amount of its 5.600% Notes due 2065.
On February 10, 2025, Eli Lilly and Company entered into an underwriting agreement with Barclays Capital Inc., BofA Securities, Inc., Citigroup Global Markets Inc., Deutsche Bank Securities Inc. and Goldman Sachs & Co. LLC, as representatives of the several underwriters named therein, for the issuance and sale by the Company of Notes.","debt_issuance,underwriting_agreement",completion_not_verified
LLY,0001193125-25-184093,2025-08-20,59478,https://www.sec.gov/Archives/edgar/data/59478/0001193125-25-184093.txt,"Eli Lilly and Company entered into an underwriting agreement for the issuance and sale by the Company of $750,000,000 aggregate principal amount of its Floating Rate Notes due 2028, $1,000,000,000 aggregate principal amount of its 4.000% Notes due 2028, $750,000,000 aggregate principal amount of its 4.250% Notes due 2031, $1,000,000,000 aggregate principal amount of its 4.550% Notes due 2032, $1,250,000,000 aggregate principal amount of its 4.900% Notes due 2035, $1,000,000,000 aggregate principal amount of its 5.550% Notes due 2055 and $1,000,000,000 aggregate principal amount of its 5.650% Notes due 2065.
On August 18, 2025, Eli Lilly and Company entered into an underwriting agreement with Citigroup Global Markets Inc., Goldman Sachs & Co. LLC, J.P. Morgan Securities LLC, Mizuho Securities USA LLC and Morgan Stanley & Co. LLC, as representatives of the several underwriters named therein, for the issuance and sale by the Company of Notes.","debt_issuance,underwriting_agreement",completion_not_verified
LMT,0000936468-24-000015,2024-01-29,936468,https://www.sec.gov/Archives/edgar/data/936468/0000936468-24-000015.txt,"On January 29, 2024, Lockheed Martin Corporation (the ""Company"") completed the issuance and sale of a total of $2,000,000,000 of senior unsecured notes, consisting of $650,000,000 aggregate principal amount of 4.500% Notes due 2029, $600,000,000 aggregate principal amount of 4.800% Notes due 2034 and $750,000,000 aggregate principal amount of 5.200% Notes due 2064, pursuant to an underwriting agreement dated January 25, 2024.
The Notes were sold in a public offering pursuant to the Company's effective registration statement on Form S-3 and the base prospectus included in that registration statement, as supplemented by the final prospectus supplement, dated January 25, 2024, with Morgan Stanley & Co. LLC, Mizuho Securities USA LLC and SMBC Nikko Securities America, Inc., as representatives of the several underwriters.","debt_issuance,underwriting_agreement",eligible
LMT,0000936468-24-000120,2024-12-11,936468,https://www.sec.gov/Archives/edgar/data/936468/0000936468-24-000120.txt,"On December 11, 2024, Lockheed Martin Corporation (the ""Company"") completed the issuance and sale of a total of $1,000,000,000 of senior unsecured notes, consisting of $600,000,000 aggregate principal amount of 4.700% Notes due 2031 (the ""2031 Notes"") and an additional $400,000,000 aggregate principal amount of 5.200% Notes due 2055 (the ""2055 Notes"").",debt_issuance,eligible
LMT,0000936468-25-000050,2025-07-28,936468,https://www.sec.gov/Archives/edgar/data/936468/0000936468-25-000050.txt,"On July 28, 2025, Lockheed Martin Corporation (the ""Company"") completed the issuance and sale of a total of $2,000,000,000 of senior unsecured notes, consisting of $500,000,000 aggregate principal amount of 4.150% Notes due 2028, $750,000,000 aggregate principal amount of 4.400% Notes due 2030 and $750,000,000 aggregate principal amount of 5.000% Notes due 2035, pursuant to an underwriting agreement dated July 23, 2025.
The Notes were sold in a public offering pursuant to the Company's effective registration statement on Form S-3 and the base prospectus included in that registration statement, as supplemented by the final prospectus supplement, dated July 23, 2025, among the Company and Citigroup Global Markets Inc., Credit Agricole Securities (USA) Inc. and J.P. Morgan Securities LLC, as representatives of the several underwriters.","debt_issuance,underwriting_agreement",eligible
LOW,0001193125-25-224995,2025-09-30,60667,https://www.sec.gov/Archives/edgar/data/60667/0001193125-25-224995.txt,"On September 30, 2025, Lowe's Companies, Inc. (the ""Company"") issued an aggregate of $5.0 billion of unsecured notes, consisting of $650 million aggregate principal amount of its 3.950% Notes due October 15, 2027, $750 million aggregate principal amount of its 4.000% Notes due October 15, 2028, $1.1 billion aggregate principal amount of its 4.250% Notes due March 15, 2031, $1.3 billion aggregate principal amount of its 4.500% Notes due October 15, 2032 and $1.2 billion aggregate principal amount of its 4.850% Notes due October 15, 2035.
On September 23, 2025, the Company entered into an Underwriting Agreement (the ""Underwriting Agreement"") with BofA Securities, Inc., Goldman Sachs & Co. LLC and Wells Fargo Securities, LLC, as representatives of the several underwriters named therein (together, the ""Underwriters""), to sell to the Underwriters, who severally agreed to purchase, the Notes.","debt_issuance,underwriting_agreement",eligible
MA,0001193125-24-135252,2024-05-09,1141391,https://www.sec.gov/Archives/edgar/data/1141391/0001193125-24-135252.txt,"On May 9, 2024, Mastercard Incorporated (the ""Company"") completed an offering of $1,000,000,000 aggregate principal amount of its 4.875% Notes due 2034 (the ""Notes"").
In connection with the issuance of the Notes, the Company entered into an Underwriting Agreement dated as of May 7, 2024 (the ""Underwriting Agreement"") with Citigroup Global Markets Inc., Deutsche Bank Securities Inc., MUFG Securities Americas Inc., Santander US Capital Markets LLC and U.S. Bancorp Investments, Inc., as representatives (the ""Representatives"") of the several underwriters listed in Schedule II to the Underwriting Agreement.","debt_issuance,underwriting_agreement",eligible
MA,0001193125-24-214198,2024-09-05,1141391,https://www.sec.gov/Archives/edgar/data/1141391/0001193125-24-214198.txt,"On September 5, 2024, Mastercard Incorporated (the ""Company"") completed an offering of $750,000,000 aggregate principal amount of its 4.100% Notes due 2028 (the ""2028 Notes""), $1,150,000,000 aggregate principal amount of its 4.350% Notes due 2032 (the ""2032 Notes"") and $1,100,000,000 aggregate principal amount of its 4.550% Notes due 2035 (the ""2035 Notes"").
In connection with the issuance of the Notes, the Company entered into an Underwriting Agreement dated as of September 3, 2024 (the ""Underwriting Agreement"") with BofA Securities, Inc., Barclays Capital Inc., Credit Agricole Securities (USA) Inc., J.P. Morgan Securities LLC, Mizuho Securities USA LLC and Wells Fargo Securities, LLC, as representatives (the ""Representatives"") of the several underwriters listed in Schedule II to the Underwriting Agreement.","debt_issuance,underwriting_agreement",eligible
MA,0001193125-25-039253,2025-02-27,1141391,https://www.sec.gov/Archives/edgar/data/1141391/0001193125-25-039253.txt,"Mastercard Incorporated completed an offering of $300,000,000 aggregate principal amount of its Floating Rate Notes due 2028, $450,000,000 aggregate principal amount of its 4.550% Notes due 2028 and $500,000,000 aggregate principal amount of its 4.950% Notes due 2032.
In connection with the issuance of the Notes, the Company entered into an Underwriting Agreement dated as of February 18, 2025 with Deutsche Bank Securities Inc., Citigroup Global Markets Inc., HSBC Securities (USA) Inc., NatWest Markets Securities Inc., PNC Capital Markets LLC and SG Americas Securities, LLC, as representatives of the several underwriters.","debt_issuance,underwriting_agreement",eligible
MCD,0000063908-24-000097,2024-05-20,63908,https://www.sec.gov/Archives/edgar/data/63908/0000063908-24-000097.txt,"McDonald's Corporation issued $500,000,000 of its 5.000% Medium-Term Notes due 2029 and $500,000,000 of its 5.200% Medium-Term Notes due 2034. The Notes were issued pursuant to the Company's medium-term notes program, as set forth in the Company's Registration Statement on Form S-3.",debt_issuance,eligible
MCD,0000063908-25-000014,2025-03-04,63908,https://www.sec.gov/Archives/edgar/data/63908/0000063908-25-000014.txt,"McDonald's Corporation issued $600,000,000 of its 4.600% Medium-Term Notes due 2030 and $900,000,000 of its 4.950% Medium-Term Notes due 2035. The Notes were issued pursuant to the Company's medium-term notes program, as set forth in the Company's Registration Statement on Form S-3.",debt_issuance,eligible
MCD,0000063908-25-000042,2025-08-27,63908,https://www.sec.gov/Archives/edgar/data/63908/0000063908-25-000042.txt,"McDonald's Corporation issued $550,000,000 of its 4.400% Medium-Term Notes due 2031 and $750,000,000 of its 5.000% Medium-Term Notes due 2036. The Notes were issued pursuant to the Company's medium-term notes program.",debt_issuance,eligible
MDLZ,0001628280-24-005656,2024-02-20,1103982,https://www.sec.gov/Archives/edgar/data/1103982/0001628280-24-005656.txt,"On February 15, 2024, we entered into a Terms Agreement in respect of the Notes (the 'Terms Agreement') with BBVA Securities Inc., J.P. Morgan Securities LLC, Mizuho Securities USA LLC, and Wells Fargo Securities, LLC, as representatives of the several underwriters named therein (the 'Underwriters'), pursuant to which we agreed to issue and sell the Notes to the Underwriters.",underwriting_agreement,completion_not_verified
MDLZ,0001628280-24-030660,2024-07-01,1103982,https://www.sec.gov/Archives/edgar/data/1103982/0001628280-24-030660.txt,"In connection with the Notes Offering, on June 26, 2024, we entered into a Terms Agreement in respect of the Notes (the ""Terms Agreement"") with CIBC World Markets Inc., Merrill Lynch Canada Inc., RBC Dominion Securities Inc., TD Securities Inc., BNP Paribas (Canada) Securities Inc., Deutsche Bank Securities Inc., HSBC Securities (USA) Inc. and SG Americas Securities, LLC (collectively, the ""Underwriters""), pursuant to which we agreed to issue and sell the Notes to the Underwriters.",underwriting_agreement,completion_not_verified
MDLZ,0001628280-24-031094,2024-07-03,1103982,https://www.sec.gov/Archives/edgar/data/1103982/0001628280-24-031094.txt,"On July 3, 2024, we issued an aggregate principal amount of C$650 million of CAD-denominated senior notes due 2031 (the ""Notes""). The Notes were issued pursuant to an Indenture, dated as of March 6, 2015...as further supplemented and modified in respect of the Notes by an officers' certificate under Section 301 of the Indenture, dated as of July 3, 2024.",debt_issuance,eligible
MDLZ,0001628280-24-038307,2024-08-23,1103982,https://www.sec.gov/Archives/edgar/data/1103982/0001628280-24-038307.txt,"On August 22, 2024, we announced and priced an offering (the ""Notes Offering"") of senior notes due 2034 (the ""Notes""). In connection with the Notes Offering, on August 22, 2024, we entered into a Terms Agreement in respect of the Notes (the ""Terms Agreement"") with BBVA Securities Inc., J.P. Morgan Securities LLC, Mizuho Securities USA LLC, and Wells Fargo Securities, LLC, as representatives of the several underwriters named therein (the ""Underwriters""), pursuant to which we agreed to issue and sell the Notes to the Underwriters.
In connection with the Notes Offering, on August 22, 2024, we entered into a Terms Agreement in respect of the Notes (the ""Terms Agreement"") with BBVA Securities Inc., J.P. Morgan Securities LLC, Mizuho Securities USA LLC, and Wells Fargo Securities, LLC, as representatives of the several underwriters named therein (the ""Underwriters""), pursuant to which we agreed to issue and sell the Notes to the Underwriters. The provisions of an Amended and Restated Underwriting Agreement dated as of February 28, 2011 (the ""Underwriting Agreement"") are incorporated by reference into the Terms Agreement.","debt_issuance,underwriting_agreement",completion_not_verified
MDLZ,0001628280-24-038666,2024-08-28,1103982,https://www.sec.gov/Archives/edgar/data/1103982/0001628280-24-038666.txt,"On August 28, 2024, we issued an aggregate principal amount of $500 million of the senior notes due 2034 (the ""Notes""). The Notes were issued pursuant to an Indenture, dated as of March 6, 2015...as further supplemented and modified in respect of the Notes by an officers' certificate under Section 301 of the Indenture, dated as of August 28, 2024.",debt_issuance,eligible
MDLZ,0001628280-25-022707,2025-05-06,1103982,https://www.sec.gov/Archives/edgar/data/1103982/0001628280-25-022707.txt,"On May 6, 2025, we issued an aggregate principal amount of $1.6 billion of the Notes. The Notes were issued pursuant to an Indenture, dated as of March 6, 2015...senior notes due 2028 (the '2028 Notes'), senior notes due 2030 (the '2030 Notes') and senior notes due 2035 (the '2035 Notes').
On May 1, 2025, we entered into a Terms Agreement in respect of the Notes (the 'Terms Agreement') with BNP Paribas Securities Corp., Citigroup Global Markets Inc., Mizuho Securities USA LLC, and SMBC Nikko Securities America, Inc., as representatives of the several underwriters named therein (the 'Underwriters'), pursuant to which we agreed to issue and sell the Notes to the Underwriters.","debt_issuance,underwriting_agreement",eligible
MDT,0001193125-25-205061,2025-09-16,1613103,https://www.sec.gov/Archives/edgar/data/1613103/0001193125-25-205061.txt,"Medtronic, Inc., an indirect wholly owned subsidiary of Medtronic plc, will issue and sell €750,000,000 aggregate principal amount of its 2.950% Senior Notes due 2030 (the ""2030 Notes"") and €750,000,000 aggregate principal amount of its 4.200% Senior Notes due 2045 (the ""2045 Notes"" and together with the 2030 Notes, the ""Notes"") to the underwriters, in an underwritten offering (the ""Offering"").
On September 15, 2025, Medtronic, Inc., Medtronic plc and Medtronic Luxco entered into an underwriting agreement (the ""Underwriting Agreement"") with the underwriters listed therein, for which Deutsche Bank AG, London Branch and Goldman Sachs & Co. LLC acted as representatives.","debt_issuance,underwriting_agreement",completion_not_verified
MDT,0001193125-25-221819,2025-09-29,1613103,https://www.sec.gov/Archives/edgar/data/1613103/0001193125-25-221819.txt,"On September 29, 2025, Medtronic, Inc., an indirect wholly owned subsidiary of Medtronic public limited company issued €750,000,000 aggregate principal amount of its 2.950% Senior Notes due 2030 and €750,000,000 aggregate principal amount of its 4.200% Senior Notes due 2045, in an underwritten offering. Medtronic, Inc. expects to receive net proceeds from the Offering of approximately €1.49 billion, after deducting the underwriting discount and estimated offering expenses.",debt_issuance,eligible
MET,0001193125-24-155141,2024-06-05,1099219,https://www.sec.gov/Archives/edgar/data/1099219/0001193125-24-155141.txt,"On June 5, 2024, MetLife, Inc. (the ""Company"") issued $500,000,000 aggregate principal amount of its 5.300% Senior Notes due 2034 (the ""Senior Notes""). The Senior Notes were issued pursuant to the Senior Indenture, dated as of November 9, 2001... as supplemented by the Forty-Sixth Supplemental Indenture, dated as of June 5, 2024, with respect to the Senior Notes.
On June 3, 2024, the Company entered into (i) an underwriting agreement (attached hereto as Exhibit 1.1 and incorporated herein by reference) and (ii) a pricing agreement (attached hereto as Exhibit 1.2 and incorporated herein by reference) (the ""Pricing Agreement"") relating to the sale of the Senior Notes, each among the Company and Citigroup Global Markets Inc., Deutsche Bank Securities, Inc., Goldman Sachs & Co. LLC, HSBC Securities (USA) Inc. and Wells Fargo Securities, LLC, as representatives of the several underwriters.","debt_issuance,underwriting_agreement",eligible
MET,0001193125-24-229033,2024-09-30,1099219,https://www.sec.gov/Archives/edgar/data/1099219/0001193125-24-229033.txt,"On September 30, 2024, MetLife, Inc. (the ""Company"") issued $250,000,000 in additional aggregate principal amount of its 5.300% Senior Notes due 2034 (the ""New Senior Notes""). The New Senior Notes were issued as additional notes pursuant to the Senior Indenture, dated as of November 9, 2001... and the Forty-Seventh Supplemental Indenture, dated as of September 30, 2024, pursuant to which the New Senior Notes were issued.
On September 26, 2024, the Company entered into (i) an underwriting agreement (attached hereto as Exhibit 1.1 and incorporated herein by reference) and (ii) a pricing agreement (attached hereto as Exhibit 1.2 and incorporated herein by reference) (the ""Pricing Agreement"") relating to the sale of the New Senior Notes, each among the Company and Morgan Stanley & Co. LLC, BofA Securities, Inc. and Wells Fargo Securities, LLC, as representatives of the several underwriters.","debt_issuance,underwriting_agreement",eligible
MET,0001193125-25-045644,2025-03-04,1099219,https://www.sec.gov/Archives/edgar/data/1099219/0001193125-25-045644.txt,"the Trust completed the issuance and sale of 1,250,000 of its Pre-Capitalized Trust Securities redeemable February 15, 2055 (the ""P-Caps"") for an aggregate purchase price of $1,250,000,000 in private placements pursuant to Rule 144A under the Securities Act of 1933, as amended (the ""Securities Act""), as a contingent funding arrangement that provides the Company the right at any time over a thirty-year period to issue its 5.740% Senior Notes due 2055 (the ""Senior Notes"") to the Trust, at its election.",debt_issuance,complex_or_nonroutine_transaction
MET,0001193125-25-053957,2025-03-13,1099219,https://www.sec.gov/Archives/edgar/data/1099219/0001193125-25-053957.txt,"On March 13, 2025, MetLife, Inc. (the ""Company"") issued $1,000,000,000 aggregate principal amount of its 6.350% Fixed-to-Fixed Reset Rate Subordinated Debentures due 2055 (the ""Debentures""). The Debentures were issued pursuant to the Indenture, dated as of June 21, 2005... as supplemented by the Thirteenth Supplemental Indenture, dated as of March 13, 2025, with respect to the Debentures.
On March 11, 2025, the Company entered into (i) an underwriting agreement... and (ii) a pricing agreement... relating to the sale of the Debentures, each among the Company and BNP Paribas Securities Corp., BofA Securities, Inc., Deutsche Bank Securities Inc., J.P. Morgan Securities LLC, Morgan Stanley & Co. LLC, and TD Securities (USA) LLC, as representatives of the several underwriters.","debt_issuance,underwriting_agreement",eligible
MET,0001193125-25-142086,2025-06-17,1099219,https://www.sec.gov/Archives/edgar/data/1099219/0001193125-25-142086.txt,"MetLife, Inc. entered into a Note Purchase Agreement on June 17, 2025 for the offer and sale in a private placement of an aggregate principal amount of ¥87,840,000,000 of the Company's yen-denominated senior notes consisting of six series with rates ranging from 2.14% to 3.62% and maturities from 2032 to 2055. The Notes bear interest on the outstanding principal balance at the stated rates per annum, payable semiannually on June 17 and December 17 of each year, commencing December 17, 2025.",debt_issuance,completion_not_verified
META,0001193125-24-197873,2024-08-09,1326801,https://www.sec.gov/Archives/edgar/data/1326801/0001193125-24-197873.txt,"Meta Platforms, Inc. (the ""Company"") completed an offering of $1,000,000,000 aggregate principal amount of its 4.300% Senior Notes due 2029, $1,000,000,000 aggregate principal amount of its 4.550% Senior Notes due 2031, $2,500,000,000 aggregate principal amount of its 4.750% Senior Notes due 2034, $3,250,000,000 aggregate principal amount of its 5.400% Senior Notes due 2054 and $2,750,000,000 aggregate principal amount of its 5.550% Senior Notes due 2064.
In connection with the issuance of the Notes, the Company entered into an Underwriting Agreement dated as of August 7, 2024 with BofA Securities, Inc., J.P. Morgan Securities LLC and Morgan Stanley & Co. LLC, as representatives of the several underwriters listed in Schedule II to the Underwriting Agreement.","debt_issuance,underwriting_agreement",eligible
META,0001193125-25-262593,2025-11-03,1326801,https://www.sec.gov/Archives/edgar/data/1326801/0001193125-25-262593.txt,"Meta Platforms, Inc. (the ""Company"") completed an offering of $4,000,000,000 aggregate principal amount of its 4.200% Senior Notes due 2030, $4,000,000,000 aggregate principal amount of its 4.600% Senior Notes due 2032, $6,500,000,000 aggregate principal amount of its 4.875% Senior Notes due 2035, $4,500,000,000 aggregate principal amount of its 5.500% Senior Notes due 2045, $6,500,000,000 aggregate principal amount of its 5.625% Senior Notes due 2055, and $4,500,000,000 aggregate principal amount of its 5.750% Senior Notes due 2065.
In connection with the issuance of the Notes, the Company entered into an Underwriting Agreement dated as of October 30, 2025 with Citigroup Global Markets Inc. and Morgan Stanley & Co. LLC, as representatives of the several underwriters listed in Schedule II to the Underwriting Agreement.","debt_issuance,underwriting_agreement",eligible
MMM,0001140361-24-009810,2024-02-27,66740,https://www.sec.gov/Archives/edgar/data/66740/0001140361-24-009810.txt,"On February 27, 2024, Solventum Corporation issued and sold $1,000,000,000 aggregate principal amount of 5.450% senior notes due 2027, $1,500,000,000 aggregate principal amount of 5.400% senior notes due 2029, $1,000,000,000 aggregate principal amount of 5.450% senior notes due 2031, $1,650,000,000 aggregate principal amount of 5.600% senior notes due 2034, $1,250,000,000 aggregate principal amount of 5.900% senior notes due 2054 and $500,000,000 aggregate principal amount of 6.000% senior notes due 2064.",debt_issuance,completion_not_verified
MMM,0001104659-25-023448,2025-03-13,66740,https://www.sec.gov/Archives/edgar/data/66740/0001104659-25-023448.txt,"3M Company entered into an Underwriting Agreement relating to the sale of $550,000,000 aggregate principal amount of the Company's 4.800% Notes due 2030 and $550,000,000 aggregate principal amount of the Company's 5.150% Notes due 2035. The closing of the offering of Notes occurred on March 13, 2025.
On March 4, 2025, 3M Company entered into an Underwriting Agreement with BofA Securities, Inc., Citigroup Global Markets Inc., Deutsche Bank Securities Inc. and J.P. Morgan Securities LLC, as representatives of the several underwriters named therein, relating to the sale of $550,000,000 aggregate principal amount of the Company's 4.800% Notes due 2030 and $550,000,000 aggregate principal amount of the Company's 5.150% Notes due 2035.","debt_issuance,underwriting_agreement",completion_not_verified
MO,0001193125-24-071340,2024-03-19,764180,https://www.sec.gov/Archives/edgar/data/764180/0001193125-24-071340.txt,"Altria and ABI entered into an underwriting agreement with Morgan Stanley & Co. LLC, J.P. Morgan Securities LLC and J.P. Morgan SE, as representatives (the ""Representatives"") of several underwriters named therein (the ""Underwriters"" and such agreement, the ""Underwriting Agreement""). Pursuant to the Underwriting Agreement, Altria agreed to sell to the Underwriters 35,000,000 Ordinary Shares... In connection with the Secondary Offering, Altria granted the Underwriters an option to purchase up to 5,250,000 additional ADSs, exercisable within 30 days following the date of the Underwriting Agreement.",underwriting_agreement,not_explicit_notes_or_bonds
MO,0001193125-25-021816,2025-02-06,764180,https://www.sec.gov/Archives/edgar/data/764180/0001193125-25-021816.txt,"On February 6, 2025, Altria Group, Inc. (the ""Company"") issued $500,000,000 aggregate principal amount of its 4.875% Notes due 2028 (the ""2028 Notes"") and $500,000,000 aggregate principal amount of its 5.625% Notes due 2035 (the ""2035 Notes""). Interest on the 2028 Notes is payable semiannually on February 4 and August 4 of each year, commencing August 4, 2025. The 2028 Notes will mature on February 4, 2028 and the 2035 Notes will mature on February 6, 2035.
On February 4, 2025, the Company and PM USA entered into a Terms Agreement (the ""Terms Agreement"") with Deutsche Bank Securities Inc., Santander US Capital Markets LLC, Scotia Capital (USA) Inc. and Wells Fargo Securities, LLC, as representatives of the several underwriters named therein (the ""Underwriters""), pursuant to which the Company agreed to issue and sell the Notes to the Underwriters.","debt_issuance,underwriting_agreement",eligible
MO,0001193125-25-174546,2025-08-06,764180,https://www.sec.gov/Archives/edgar/data/764180/0001193125-25-174546.txt,"On August 6, 2025, Altria Group, Inc. (the ""Company"") issued $500,000,000 aggregate principal amount of its 4.500% Notes due 2030 (the ""2030 Notes"") and $500,000,000 aggregate principal amount of its 5.250% Notes due 2035 (the ""2035 Notes""). Interest on the 2030 Notes is payable semiannually on February 6 and August 6 of each year, commencing February 6, 2026. The 2030 Notes will mature on August 6, 2030 and the 2035 Notes will mature on August 6, 2035.
On August 4, 2025, the Company and PM USA entered into a Terms Agreement (the ""Terms Agreement"") with Barclays Capital Inc., Citigroup Global Markets Inc., Goldman Sachs & Co. LLC and J.P. Morgan Securities LLC, as representatives of the several underwriters named therein (the ""Underwriters""), pursuant to which the Company agreed to issue and sell the Notes to the Underwriters.","debt_issuance,underwriting_agreement",eligible
MRK,0001628280-24-025800,2024-05-30,310158,https://www.sec.gov/Archives/edgar/data/310158/0001628280-24-025800.txt,"MSD Netherlands, a wholly-owned subsidiary of the Company, closed an underwritten public offering of €850,000,000 aggregate principal amount of 3.250% Notes due 2032, €850,000,000 aggregate principal amount of 3.500% Notes due 2037, €850,000,000 aggregate principal amount of 3.700% Notes due 2044 and €850,000,000 aggregate principal amount of 3.750% Notes due 2054. The Notes are fully and unconditionally guaranteed on an unsecured senior basis by the Company.",debt_issuance,eligible
MRK,0000310158-25-000047,2025-09-09,310158,https://www.sec.gov/Archives/edgar/data/310158/0000310158-25-000047.txt,"On September 9, 2025, Merck & Co., Inc. (the ""Company"") closed an underwritten public offering of $500,000,000 aggregate principal amount of Floating Rate Notes due 2027, $750,000,000 aggregate principal amount of 3.850% Notes due 2027, $750,000,000 aggregate principal amount of 4.150% Notes due 2030, $1,000,000,000 aggregate principal amount of 4.550% Notes due 2032, $1,750,000,000 aggregate principal amount of 4.950% Notes due 2035 and $1,250,000,000 aggregate principal amount of 5.700% Notes due 2055.",debt_issuance,eligible
MRK,0001628280-25-055388,2025-12-04,310158,https://www.sec.gov/Archives/edgar/data/310158/0001628280-25-055388.txt,"On December 4, 2025, Merck & Co., Inc. (the ""Company"") closed an underwritten public offering of $500,000,000 aggregate principal amount of Floating Rate Notes due 2029, $750,000,000 aggregate principal amount of 3.850% Notes due 2029, $1,000,000,000 aggregate principal amount of 4.150% Notes due 2031, $1,000,000,000 aggregate principal amount of 4.450% Notes due 2032, $1,500,000,000 aggregate principal amount of 4.750% Notes due 2035, $750,000,000 aggregate principal amount of 5.500% Notes due 2046, $1,500,000,000 aggregate principal amount of 5.550% Notes due 2055 and $1,000,000,000 aggregate principal amount of 5.700% Notes due 2065.",debt_issuance,eligible
NEE,0000753308-24-000004,2024-01-31,753308,https://www.sec.gov/Archives/edgar/data/753308/0000753308-24-000004.txt,"NextEra Energy Capital Holdings, Inc., a wholly-owned subsidiary of NextEra Energy, Inc. (NEE), sold $1 billion principal amount of its 4.95% Debentures, Series due January 29, 2026, $900 million principal amount of its 4.90% Debentures, Series due March 15, 2029, $1.1 billion principal amount of its 5.25% Debentures, Series due March 15, 2034, $800 million principal amount of its 5.55% Debentures, Series due March 15, 2054 (Fixed Rate Debentures) and $600 million of its Floating Rate Debentures, Series due January 29, 2026. The Floating Rate Debentures will bear interest at a rate equal to Compounded SOFR plus 0.76%.",debt_issuance,completion_not_verified
NEE,0000753308-24-000010,2024-02-28,753308,https://www.sec.gov/Archives/edgar/data/753308/0000753308-24-000010.txt,"NextEra Energy Capital Holdings, Inc. (NEECH), the offering and pricing of $900 million in aggregate principal amount of its 3.00% Exchangeable Senior Notes due 2027 (the notes), as well as an option to purchase up to an additional $100 million of the notes...in a private offering that is exempt from the registration requirements of the Securities Act of 1933, as amended.",debt_issuance,completion_not_verified
NEE,0000753308-24-000013,2024-03-01,753308,https://www.sec.gov/Archives/edgar/data/753308/0000753308-24-000013.txt,"NextEra Energy Capital Holdings, Inc. (NEECH), a wholly-owned subsidiary of NextEra Energy, Inc. (NEE), sold $1.0 billion principal amount of its Series Q Junior Subordinated Debentures due September 1, 2054. The Junior Subordinated Debentures bear interest at a rate of 6.70% to September 1, 2029 and thereafter will bear interest at a rate equal to the Five-Year Treasury Rate plus 2.364%, reset every five years.",debt_issuance,completion_not_verified
NEE,0000753308-24-000017,2024-03-07,753308,https://www.sec.gov/Archives/edgar/data/753308/0000753308-24-000017.txt,"NextEra Energy Capital Holdings, Inc., a wholly-owned subsidiary of NextEra Energy, Inc. (NEE), sold C$1.0 billion principal amount of its 4.85% Debentures, Series due April 30, 2031 (Debentures), which are guaranteed by NEE.",debt_issuance,completion_not_verified
NEE,0000753308-24-000033,2024-06-07,753308,https://www.sec.gov/Archives/edgar/data/753308/0000753308-24-000033.txt,"NextEra Energy Capital Holdings, Inc. (NEECH), a wholly-owned subsidiary of NextEra Energy, Inc. (NEE), sold $1.2 billion principal amount of its Series R Junior Subordinated Debentures due June 15, 2054. The Junior Subordinated Debentures bear interest at a rate of 6.75% to June 15, 2034 and thereafter will bear interest at a rate equal to the Five-Year Treasury Rate plus 2.457%, reset every five years.",debt_issuance,completion_not_verified
NEE,0000753308-24-000037,2024-06-20,753308,https://www.sec.gov/Archives/edgar/data/753308/0000753308-24-000037.txt,"Each equity unit was issued in a stated amount of $50 consisting of a contract to purchase NEE common stock (stock purchase contract) and, initially, a 5% undivided beneficial ownership interest in a Series N Debenture due June 1, 2029, issued in the principal amount of $1,000 by NextEra Energy Capital Holdings, Inc. (NEECH). Total annual distributions on the equity units will be at the rate of 7.299%, consisting of interest on the debentures and payments under the stock purchase contracts.",debt_issuance,completion_not_verified
NEE,0000753308-24-000042,2024-07-01,753308,https://www.sec.gov/Archives/edgar/data/753308/0000753308-24-000042.txt,"On July 1, 2024, Florida Power & Light Company sold $167,105,000 principal amount of its Floating Rate Notes, Series due July 2, 2074 (Notes). The Notes bear interest at a rate equal to Compounded SOFR (a compounded Secured Overnight Financing Rate as specified in the Notes) minus 0.35%, calculated quarterly.",debt_issuance,completion_not_verified
NEE,0000753308-24-000052,2024-07-30,37634,https://www.sec.gov/Archives/edgar/data/37634/0000753308-24-000052.txt,"On July 30, 2024, Florida Power & Light Company sold $350 million principal amount of its 5.00% First Mortgage Bonds, Series due August 1, 2034 (Bonds). The Bonds were registered under the Securities Act of 1933 pursuant to Registration Statement Nos. 333-278184, 333-278184-01 and 333-278184-02.",debt_issuance,completion_not_verified
NEE,0000753308-24-000059,2024-10-31,753308,https://www.sec.gov/Archives/edgar/data/753308/0000753308-24-000059.txt,"Each equity unit consists of a contract to purchase NEE common stock (stock purchase contract) and, initially, a 5% undivided beneficial ownership interest in a Series O Debenture due November 1, 2029, issued in the principal amount of $1,000 by NextEra Energy Capital Holdings, Inc. (NEECH). Total annual distributions on the equity units will be at the rate of 7.234%, consisting of interest on the debentures and payments under the stock purchase contracts.",debt_issuance,completion_not_verified
NEE,0000753308-25-000005,2025-02-04,753308,https://www.sec.gov/Archives/edgar/data/753308/0000753308-25-000005.txt,"NextEra Energy Capital Holdings, Inc., a wholly-owned subsidiary of NextEra Energy, Inc. (NEE), sold $1 billion principal amount of its 4.85% Debentures, Series due February 4, 2028, $1 billion principal amount of its 5.05% Debentures, Series due March 15, 2030, $750 million principal amount of its 5.30% Debentures, Series due March 15, 2032, $1 billion principal amount of its 5.45% Debentures, Series due March 15, 2035, $750 million principal amount of its 5.90% Debentures, Series due March 15, 2055 (Fixed Rate Debentures) and $500 million of its Floating Rate Debentures, Series due February 4, 2028. The Floating Rate Debentures will bear interest at a rate equal to Compounded SOFR plus 0.80%.",debt_issuance,completion_not_verified
NEE,0000753308-25-000008,2025-02-06,753308,https://www.sec.gov/Archives/edgar/data/753308/0000753308-25-000008.txt,"NextEra Energy Capital Holdings, Inc. (NEECH), a wholly-owned subsidiary of NextEra Energy, Inc. (NEE), sold $1.5 billion principal amount of its Series S Junior Subordinated Debentures due August 15, 2055 and $1 billion principal amount of its Series T Junior Subordinated Debenture due August 15, 2055. The Series S Junior Subordinated Debentures bear interest at a rate of 6.375% to August 15, 2030 and thereafter will bear interest at a rate equal to the Five-Year Treasury Rate plus 2.053%, reset every five years, and the Series T Junior Subordinated Debentures bear interest at a rate of 6.50% to August 15, 2035 and thereafter will bear interest at a rate equal to the Five-Year Treasury Rate plus 1.979%, reset every five years.",debt_issuance,completion_not_verified
NEE,0000753308-25-000026,2025-05-15,753308,https://www.sec.gov/Archives/edgar/data/753308/0000753308-25-000026.txt,"NextEra Energy Capital Holdings, Inc. (NEECH), a wholly-owned subsidiary of NextEra Energy, Inc. (NEE), sold $875 million principal amount of its Series U Junior Subordinated Debentures due June 1, 2085. The Junior Subordinated Debentures bear interest at a rate of 6.50% per year, payable quarterly. NEECH, at its option, may redeem some or all of the Junior Subordinated Debentures beginning in June 2030.",debt_issuance,completion_not_verified
NEE,0000753308-25-000032,2025-06-12,753308,https://www.sec.gov/Archives/edgar/data/753308/0000753308-25-000032.txt,"NextEra Energy Capital Holdings, Inc., a wholly-owned subsidiary of NextEra Energy, Inc. (NEE), sold C$600 million principal amount of its 3.83% Debentures, Series due June 12, 2030 and C$1.4 billion principal amount of its 4.67% Debentures, Series due June 12, 2035 (together, the Debentures), both of which are guaranteed by NEE.",debt_issuance,completion_not_verified
NEE,0000753308-25-000058,2025-11-12,753308,https://www.sec.gov/Archives/edgar/data/753308/0000753308-25-000058.txt,"NextEra Energy Capital Holdings, Inc. (NEECH), a wholly-owned subsidiary of NextEra Energy, Inc. (NEE), sold €1.25 billion principal amount of its Series V Junior Subordinated Debentures due May 15, 2056 and €1.25 billion principal amount of its Series W Junior Subordinated Debentures due May 15, 2056. The Series V Junior Subordinated Debentures bear interest at an annual rate of 3.996% to May 15, 2031. The Series W Junior Subordinated Debentures bear interest at an annual rate of 4.496% to May 15, 2034.",debt_issuance,completion_not_verified
NFLX,0001140361-24-035325,2024-08-01,1065280,https://www.sec.gov/Archives/edgar/data/1065280/0001140361-24-035325.txt,"Netflix, Inc. completed a registered public offering of $1 billion in aggregate principal amount of 4.90% senior unsecured notes due 2034 and $800 million in aggregate principal amount of 5.40% senior unsecured notes due 2054 pursuant to an underwriting agreement with Morgan Stanley & Co. LLC, Goldman Sachs & Co. LLC, J.P. Morgan Securities LLC and Wells Fargo Securities, LLC.
The Notes were issued pursuant to an underwriting agreement (the 'Underwriting Agreement') with Morgan Stanley & Co. LLC, Goldman Sachs & Co. LLC, J.P. Morgan Securities LLC and Wells Fargo Securities, LLC, as representatives of the several underwriters named therein.","debt_issuance,underwriting_agreement",eligible
ORCL,0001193125-24-227971,2024-09-27,1341439,https://www.sec.gov/Archives/edgar/data/1341439/0001193125-24-227971.txt,"On September 27, 2024, Oracle Corporation consummated the issuance and sale of $1,500,000,000 aggregate principal amount of its 4.200% Notes due 2029, $1,750,000,000 aggregate principal amount of its 4.700% Notes due 2034, $1,750,000,000 aggregate principal amount of its 5.375% Notes due 2054 and $1,250,000,000 aggregate principal amount of its 5.500% Notes due 2064 (collectively, the 'Notes'), pursuant to an underwriting agreement dated September 25, 2024.",debt_issuance,eligible
ORCL,0001193125-25-019281,2025-02-03,1341439,https://www.sec.gov/Archives/edgar/data/1341439/0001193125-25-019281.txt,"On February 3, 2025, Oracle Corporation consummated the issuance and sale of $500,000,000 aggregate principal amount of its Floating Rate Notes due 2028, $1,500,000,000 aggregate principal amount of its 4.800% Notes due 2028, $1,250,000,000 aggregate principal amount of its 5.250% Notes due 2032, $1,750,000,000 aggregate principal amount of its 5.500% Notes due 2035, $1,750,000,000 aggregate principal amount of its 6.000% Notes due 2055 and $1,000,000,000 aggregate principal amount of its 6.125% Notes due 2065 (collectively, the 'Notes'), pursuant to an underwriting agreement dated January 30, 2025.",debt_issuance,eligible
ORCL,0001193125-25-220445,2025-09-26,1341439,https://www.sec.gov/Archives/edgar/data/1341439/0001193125-25-220445.txt,"On September 26, 2025, Oracle Corporation consummated the issuance and sale of $3,000,000,000 aggregate principal amount of its 4.450% Notes due 2030, $3,000,000,000 aggregate principal amount of its 4.800% Notes due 2032, $4,000,000,000 aggregate principal amount of its 5.200% Notes due 2035, $2,500,000,000 aggregate principal amount of its 5.875% Notes due 2045, $3,500,000,000 aggregate principal amount of its 5.950% Notes due 2055 and $2,000,000,000 aggregate principal amount of its 6.100% Notes due 2065 (collectively, the 'Notes'), pursuant to an underwriting agreement dated September 24, 2025.
The Notes were issued pursuant to an underwriting agreement dated September 24, 2025 among Oracle and BofA Securities, Inc., Citigroup Global Markets Inc., Deutsche Bank Securities Inc., Goldman Sachs & Co. LLC, HSBC Securities (USA) Inc. and J.P. Morgan Securities LLC, as representatives of the several underwriters named therein.","debt_issuance,underwriting_agreement",eligible
PEP,0001104659-24-024927,2024-02-16,77476,https://www.sec.gov/Archives/edgar/data/77476/0001104659-24-024927.txt,"On February 12, 2024, PepsiCo, Inc. announced an offering of $300,000,000 aggregate principal amount of Floating Rate Notes due 2027, $550,000,000 aggregate principal amount of 4.650% Senior Notes due 2027, $450,000,000 aggregate principal amount of 4.550% Senior Notes due 2029 and $450,000,000 aggregate principal amount of 4.700% Senior Notes due 2034, each issued by PepsiCo Singapore Financing I Pte. Ltd., a wholly owned subsidiary of PepsiCo. The Notes are fully and unconditionally guaranteed by PepsiCo on a senior unsecured basis.
Deutsche Bank AG, Singapore Branch, Goldman Sachs (Singapore) Pte., Mizuho Securities (Singapore) Pte. Ltd. and Morgan Stanley Asia (Singapore) Pte. were joint book-running and joint lead managers for the offering of the Securities. The Securities were offered and sold pursuant to a Terms Agreement dated February 12, 2024 (incorporating the PepsiCo Singapore Underwriting Agreement Standard Provisions dated as of February 12, 2024).","debt_issuance,underwriting_agreement",completion_not_verified
PEP,0001104659-24-080566,2024-07-17,77476,https://www.sec.gov/Archives/edgar/data/77476/0001104659-24-080566.txt,"PepsiCo announced an offering of $850,000,000 aggregate principal amount of its 4.500% Senior Notes due 2029, $650,000,000 aggregate principal amount of its 4.800% Senior Notes due 2034 and $750,000,000 aggregate principal amount of its 5.250% Senior Notes due 2054. PepsiCo received net proceeds of approximately $2,232 million, after deducting underwriting discounts and estimated offering expenses. The net proceeds will be used for general corporate purposes, including the repayment of commercial paper.
BofA Securities, Inc., Citigroup Global Markets Inc. and J.P. Morgan Securities LLC were joint book-running managers for the offering of the Notes. The Notes were offered and sold pursuant to a Terms Agreement dated July 15, 2024 (incorporating the PepsiCo, Inc. Underwriting Agreement Standard Provisions dated as of November 18, 2019) among PepsiCo and the representatives of the several underwriters.","debt_issuance,underwriting_agreement",completion_not_verified
PEP,0001104659-25-010578,2025-02-07,77476,https://www.sec.gov/Archives/edgar/data/77476/0001104659-25-010578.txt,"PepsiCo announced an offering of $500,000,000 aggregate principal amount of its 4.400% Senior Notes due 2027, $750,000,000 aggregate principal amount of its 4.450% Senior Notes due 2028, $1,000,000,000 aggregate principal amount of its 4.600% Senior Notes due 2030 and $1,250,000,000 aggregate principal amount of its 5.000% Senior Notes due 2035. PepsiCo received net proceeds of approximately $3,483 million, after deducting underwriting discounts and estimated offering expenses payable by PepsiCo. The net proceeds will be used for general corporate purposes, including the repayment of commercial paper.
BNP Paribas Securities Corp., Deutsche Bank Securities Inc., Goldman Sachs & Co. LLC and Morgan Stanley & Co. LLC were joint book-running managers for the offering of the Notes. The Notes were offered and sold pursuant to a Terms Agreement dated February 5, 2025 (incorporating the PepsiCo, Inc. Underwriting Agreement Standard Provisions dated as of November 18, 2019) among PepsiCo and the representatives of the several underwriters.","debt_issuance,underwriting_agreement",completion_not_verified
PEP,0001104659-25-070029,2025-07-23,77476,https://www.sec.gov/Archives/edgar/data/77476/0001104659-25-070029.txt,"PepsiCo announced an offering of $750,000,000 aggregate principal amount of its 4.100% Senior Notes due 2029, $650,000,000 aggregate principal amount of its 4.300% Senior Notes due 2030, $850,000,000 aggregate principal amount of its 4.650% Senior Notes due 2032 and $1,250,000,000 aggregate principal amount of its 5.000% Senior Notes due 2035. PepsiCo received net proceeds of approximately $3,484 million, after deducting underwriting discounts and estimated offering expenses.
BofA Securities, Inc., Citigroup Global Markets Inc. and J.P. Morgan Securities LLC were joint book-running managers for the offering of the Notes. The Notes were offered and sold pursuant to a Terms Agreement dated July 21, 2025 (incorporating the PepsiCo, Inc. Underwriting Agreement Standard Provisions dated as of November 18, 2019).","debt_issuance,underwriting_agreement",completion_not_verified
PEP,0001104659-25-071182,2025-07-28,77476,https://www.sec.gov/Archives/edgar/data/77476/0001104659-25-071182.txt,"PepsiCo announced an offering of €500,000,000 aggregate principal amount of its 3.450% Senior Notes due 2037 and €500,000,000 aggregate principal amount of its 4.050% Senior Notes due 2055. PepsiCo received net proceeds of approximately €989 million, after deducting underwriting discounts and estimated offering expenses. The net proceeds will be used for general corporate purposes, including the repayment of commercial paper.
Deutsche Bank AG, London Branch, HSBC Bank plc and Mizuho International plc were joint book-running managers for the offering of the Notes. The Notes were offered and sold pursuant to a Terms Agreement dated July 21, 2025 (incorporating the PepsiCo, Inc. Underwriting Agreement Standard Provisions dated as of November 18, 2019) among PepsiCo and the several underwriters.","debt_issuance,underwriting_agreement",completion_not_verified
PFE,0001193125-25-122480,2025-05-19,78003,https://www.sec.gov/Archives/edgar/data/78003/0001193125-25-122480.txt,"Pfizer Netherlands International Finance B.V. completed a public offering of €750,000,000 aggregate principal amount of 2.875% Notes due 2029, €1,000,000,000 aggregate principal amount of 3.250% Notes due 2032, €750,000,000 aggregate principal amount of 3.875% Notes due 2037 and €800,000,000 aggregate principal amount of 4.250% Notes due 2045. The Notes are fully and unconditionally guaranteed on a senior unsecured basis by the Company.
In connection with the offering of the Notes, the Issuer and the Company entered into an underwriting agreement (the 'Underwriting Agreement') and related pricing agreement (the 'Pricing Agreement'), each dated May 14, 2025, with the several underwriters listed on Schedule I to the Pricing Agreement.","debt_issuance,underwriting_agreement",eligible
PFE,0001193125-25-291406,2025-11-21,78003,https://www.sec.gov/Archives/edgar/data/78003/0001193125-25-291406.txt,"Pfizer Inc. completed a public offering of $500,000,000 aggregate principal amount of Floating Rate Notes due 2027, $1,000,000,000 aggregate principal amount of 3.875% Notes due 2027, $1,000,000,000 aggregate principal amount of 4.200% Notes due 2030, $1,250,000,000 aggregate principal amount of 4.500% Notes due 2032, $1,250,000,000 aggregate principal amount of 4.875% Notes due 2035, $500,000,000 aggregate principal amount of 5.600% Notes due 2055 and $500,000,000 aggregate principal amount of 5.700% Notes due 2065.
In connection with the offering of the Notes, the Company entered into an underwriting agreement (the 'Underwriting Agreement') and related pricing agreement (the 'Pricing Agreement'), each dated November 18, 2025, with Citigroup Global Markets Inc., Deutsche Bank Securities Inc., J.P. Morgan Securities LLC and Mizuho Securities USA LLC, as representatives of the several underwriters.","debt_issuance,underwriting_agreement",eligible
PG,0001193125-24-018146,2024-01-29,80424,https://www.sec.gov/Archives/edgar/data/80424/0001193125-24-018146.txt,"The Procter & Gamble Company closed an underwritten public offering of $600,000,000 aggregate principal amount of 4.350% Notes due January 29, 2029 and $750,000,000 aggregate principal amount of 4.550% Notes due January 29, 2034 under the Company's Registration Statement on Form S-3.",debt_issuance,eligible
PG,0001193125-24-122626,2024-04-29,80424,https://www.sec.gov/Archives/edgar/data/80424/0001193125-24-122626.txt,"The Procter & Gamble Company closed an underwritten public offering of €650,000,000 aggregate principal amount of 3.150% Notes due April 29, 2028 and €850,000,000 aggregate principal amount of 3.200% Notes due April 29, 2034 under the Company's Registration Statement on Form S-3.",debt_issuance,eligible
PG,0001193125-24-242887,2024-10-24,80424,https://www.sec.gov/Archives/edgar/data/80424/0001193125-24-242887.txt,"The Procter & Gamble Company closed an underwritten public offering of $500,000,000 aggregate principal amount of 4.150% Notes due October 24, 2029 and $500,000,000 aggregate principal amount of 4.550% Notes due October 24, 2034 under the Company's Registration Statement on Form S-3.",debt_issuance,eligible
PG,0001193125-25-110040,2025-05-01,80424,https://www.sec.gov/Archives/edgar/data/80424/0001193125-25-110040.txt,"The Procter & Gamble Company closed an underwritten public offering of $700,000,000 aggregate principal amount of 4.050% Notes due May 1, 2030 and $550,000,000 aggregate principal amount of 4.600% Notes due May 1, 2035 under the Company's Registration Statement on Form S-3.",debt_issuance,eligible
PG,0001193125-25-262609,2025-11-03,80424,https://www.sec.gov/Archives/edgar/data/80424/0001193125-25-262609.txt,"On November 3, 2025, The Procter & Gamble Company (the ""Company"") closed an underwritten public offering of €500,000,000 aggregate principal amount of 2.900% Notes due November 3, 2033 and €500,000,000 aggregate principal amount of 3.650% Notes due November 3, 2045 under the Company's Registration Statement on Form S-3. Additionally, on November 3, 2025, the Company closed an underwritten public offering of $750,000,000 aggregate principal amount of 4.100% Notes due November 3, 2032 and $500,000,000 aggregate principal amount of 4.350% Notes due November 3, 2035.",debt_issuance,eligible
PG,0001193125-25-264728,2025-11-04,80424,https://www.sec.gov/Archives/edgar/data/80424/0001193125-25-264728.txt,"The Procter & Gamble Company closed an underwritten public offering of $258,889,000 aggregate principal amount of Floating Rate Notes due November 4, 2075 under the Company's Registration Statement on Form S-3.",debt_issuance,repeat_within_seven_days
PM,0001104659-24-019869,2024-02-13,1413329,https://www.sec.gov/Archives/edgar/data/1413329/0001104659-24-019869.txt,"On February 13, 2024, Philip Morris International Inc. issued $750,000,000 aggregate principal amount of its 4.750% Notes due 2027, $1,000,000,000 aggregate principal amount of its 4.875% Notes due 2029, $1,250,000,000 aggregate principal amount of its 5.125% Notes due 2031 and $1,750,000,000 aggregate principal amount of its 5.250% Notes due 2034.
PMI entered into a Terms Agreement with Barclays Capital Inc., Citigroup Global Markets Inc., Mizuho Securities USA LLC, BBVA Securities Inc., BofA Securities, Inc., Deutsche Bank Securities Inc., Goldman Sachs & Co. LLC, HSBC Securities (USA) Inc., Santander US Capital Markets LLC, SMBC Nikko Securities America, Inc., Standard Chartered Bank, UBS Securities LLC and Wells Fargo Securities, LLC, as representatives of the several underwriters named therein, pursuant to which PMI agreed to issue and sell the Notes to the Underwriters.","debt_issuance,underwriting_agreement",eligible
PM,0001104659-24-069077,2024-06-06,1413329,https://www.sec.gov/Archives/edgar/data/1413329/0001104659-24-069077.txt,"On June 6, 2024, Philip Morris International Inc. (PMI) issued €500,000,000 aggregate principal amount of its 3.750% Notes due 2031. Interest on the Notes is payable annually in arrears on January 15 of each year, commencing January 15, 2025. The Notes will mature on January 15, 2031.
On June 3, 2024, PMI entered into a Terms Agreement with the underwriters named therein, pursuant to which PMI agreed to issue and sell the Notes to the Underwriters. The provisions of an Underwriting Agreement, dated as of April 25, 2008, are incorporated by reference in the Terms Agreement.","debt_issuance,underwriting_agreement",eligible
PM,0001104659-24-113481,2024-11-01,1413329,https://www.sec.gov/Archives/edgar/data/1413329/0001104659-24-113481.txt,"On November 1, 2024, Philip Morris International Inc. ('PMI') issued $750,000,000 aggregate principal amount of its 4.375% Notes due 2027, $750,000,000 aggregate principal amount of its 4.625% Notes due 2029, $750,000,000 aggregate principal amount of its 4.750% Notes due 2031 and $750,000,000 aggregate principal amount of its 4.900% Notes due 2034.
On October 30, 2024, PMI entered into a Terms Agreement with BBVA Securities Inc., BofA Securities, Inc., Deutsche Bank Securities Inc., Goldman Sachs & Co. LLC, Wells Fargo Securities, LLC, Barclays Capital Inc., Citigroup Global Markets Inc., Mizuho Securities USA LLC and UBS Securities LLC, as representatives of the several underwriters named therein, pursuant to which PMI agreed to issue and sell the Notes to the Underwriters.","debt_issuance,underwriting_agreement",eligible
PM,0001104659-25-042567,2025-04-30,1413329,https://www.sec.gov/Archives/edgar/data/1413329/0001104659-25-042567.txt,"On April 30, 2025, Philip Morris International Inc. ('PMI') issued $400,000,000 aggregate principal amount of its Floating Rate Notes due 2028, $750,000,000 aggregate principal amount of its 4.125% Notes due 2028, $750,000,000 aggregate principal amount of its 4.375% Notes due 2030 and $600,000,000 aggregate principal amount of its 4.875% Notes due 2035.
On April 28, 2025, PMI entered into a Terms Agreement with Barclays Capital Inc., Mizuho Securities USA LLC, SMBC Nikko Securities America, Inc., Santander US Capital Markets LLC and Standard Chartered Bank, as representatives of the several underwriters named therein, pursuant to which PMI agreed to issue and sell the Notes to the Underwriters.","debt_issuance,underwriting_agreement",eligible
PM,0001104659-25-057314,2025-06-06,1413329,https://www.sec.gov/Archives/edgar/data/1413329/0001104659-25-057314.txt,"On June 6, 2025, Philip Morris International Inc. issued €500,000,000 aggregate principal amount of its 2.750% Notes due 2029 and €500,000,000 aggregate principal amount of its 3.250% Notes due 2032. The Notes were issued pursuant to an Indenture dated as of April 25, 2008, by and between PMI and HSBC Bank USA, National Association, as trustee.
On June 3, 2025, PMI entered into a Terms Agreement with the underwriters named therein, pursuant to which PMI agreed to issue and sell the Notes to the Underwriters. The provisions of an Underwriting Agreement, dated as of April 25, 2008, are incorporated by reference in the Terms Agreement.","debt_issuance,underwriting_agreement",eligible
PM,0001104659-25-103715,2025-10-29,1413329,https://www.sec.gov/Archives/edgar/data/1413329/0001104659-25-103715.txt,"On October 29, 2025, Philip Morris International Inc. ('PMI') issued $300,000,000 aggregate principal amount of its Floating Rate Notes due 2028, $750,000,000 aggregate principal amount of its 3.875% Notes due 2028, $750,000,000 aggregate principal amount of its 4.000% Notes due 2030, $850,000,000 aggregate principal amount of its 4.250% Notes due 2032 and $850,000,000 aggregate principal amount of its 4.625% Notes due 2035.
On October 27, 2025, PMI entered into a Terms Agreement with BBVA Securities Inc., BofA Securities, Inc., Citigroup Global Markets Inc., Deutsche Bank Securities Inc., Wells Fargo Securities, LLC, Goldman Sachs & Co. LLC, HSBC Securities (USA) Inc. and UBS Securities LLC, as representatives of the several underwriters named therein, pursuant to which PMI agreed to issue and sell the Notes to the Underwriters.","debt_issuance,underwriting_agreement",eligible
PYPL,0001193125-24-144012,2024-05-21,1633917,https://www.sec.gov/Archives/edgar/data/1633917/0001193125-24-144012.txt,"PayPal Holdings, Inc. (the ""Company"") entered into an Underwriting Agreement with BofA Securities, Inc., Deutsche Bank Securities Inc., Goldman Sachs & Co. LLC and J.P. Morgan Securities LLC with respect to the Company's issuance and sale of $1.25 billion aggregate principal amount of senior notes, consisting of $850 million aggregate principal amount of 5.150% notes due 2034 and $400 million aggregate principal amount of 5.500% notes due 2054.
On May 20, 2024, PayPal Holdings, Inc. (the ""Company"") entered into an Underwriting Agreement (the ""Underwriting Agreement"") with BofA Securities, Inc., Deutsche Bank Securities Inc., Goldman Sachs & Co. LLC and J.P. Morgan Securities LLC, as the representatives of the several underwriters named on Schedule 1 thereto, with respect to the Company's issuance and sale of $1.25 billion aggregate principal amount of senior notes.","debt_issuance,underwriting_agreement",completion_not_verified
PYPL,0001193125-24-148078,2024-05-28,1633917,https://www.sec.gov/Archives/edgar/data/1633917/0001193125-24-148078.txt,"On May 28, 2024, PayPal Holdings, Inc. (the ""Company"") issued and sold $1.25 billion aggregate principal amount of senior notes, consisting of $850,000,000 aggregate principal amount of 5.150% notes due 2034 (the ""2034 Notes"") and $400,000,000 aggregate principal amount of 5.500% notes due 2054 (the ""2054 Notes"").",debt_issuance,completion_not_verified
PYPL,0001193125-25-048492,2025-03-06,1633917,https://www.sec.gov/Archives/edgar/data/1633917/0001193125-25-048492.txt,"On March 6, 2025, PayPal Holdings, Inc. (the ""Company"") issued and sold $1.5 billion aggregate principal amount of senior notes, consisting of $450,000,000 aggregate principal amount of floating rate notes due 2028, $450,000,000 aggregate principal amount of 4.450% notes due 2028 and $600,000,000 aggregate principal amount of 5.100% notes due 2035.",debt_issuance,completion_not_verified
QCOM,0001104659-25-051981,2025-05-22,804328,https://www.sec.gov/Archives/edgar/data/804328/0001104659-25-051981.txt,"the sale of $500,000,000 in aggregate principal amount of the Company's 4.500% Notes due 2030 (the 2030 Notes), $400,000,000 in aggregate principal amount of the Company's 4.750% Notes due 2032 (the 2032 Notes) and $600,000,000 in aggregate principal amount of the Company's 5.000% Notes due 2035 (the 2035 Notes). The 2030 Notes mature on May 20, 2030, the 2032 Notes mature on May 20, 2032 and the 2035 Notes mature on May 20, 2035. The 2030 Notes will bear interest at the rate of 4.500% per year, the 2032 Notes will bear interest at the rate of 4.750% per year and the 2035 Notes will bear interest at the rate of 5.000% per year.
On May 19, 2025, the Company entered into an underwriting agreement (the Underwriting Agreement) with J.P. Morgan Securities LLC, BofA Securities, Inc., Barclays Capital Inc., Goldman Sachs & Co. LLC and Morgan Stanley & Co. LLC, on behalf of the several Underwriters listed in Schedule I thereto (the Underwriters), pursuant to which the Company agreed to issue and sell the Notes to the Underwriters in a registered public offering (the Offering).","debt_issuance,underwriting_agreement",completion_not_verified
SBUX,0001193125-24-028387,2024-02-08,829224,https://www.sec.gov/Archives/edgar/data/829224/0001193125-24-028387.txt,"On February 8, 2024, Starbucks Corporation completed a public offering pursuant to an underwriting agreement dated February 5, 2024, under which Starbucks agreed to issue and sell (i) $1,000,000,000 aggregate principal amount of its 4.850% Senior Notes due 2027, (ii) $500,000,000 aggregate principal amount of its 4.900% Senior Notes due 2031 and (iii) $500,000,000 aggregate principal amount of its 5.000% Senior Notes due 2034.
Starbucks Corporation completed a public offering pursuant to an underwriting agreement (the 'Underwriting Agreement'), dated February 5, 2024, with Goldman Sachs & Co. LLC, J.P. Morgan Securities LLC, U.S. Bancorp Investments, Inc. and Wells Fargo Securities, LLC, as representatives of the several underwriters named therein.","debt_issuance,underwriting_agreement",eligible
SBUX,0001213900-25-041096,2025-05-08,829224,https://www.sec.gov/Archives/edgar/data/829224/0001213900-25-041096.txt,"Starbucks completed a public offering of (i) $750,000,000 aggregate principal amount of its 4.500% Senior Notes due 2028, (ii) $500,000,000 aggregate principal amount of its 4.800% Senior Notes due 2030 and (iii) $500,000,000 aggregate principal amount of its 5.400% Senior Notes due 2035.
Starbucks completed a public offering pursuant to an underwriting agreement (the 'Underwriting Agreement'), dated May 6, 2025, with BofA Securities, Inc., Citigroup Global Markets Inc., Morgan Stanley & Co. LLC and Scotia Capital (USA) Inc., as representatives of the several underwriters named therein.","debt_issuance,underwriting_agreement",eligible
SCHW,0001193125-25-025166,2025-02-12,316709,https://www.sec.gov/Archives/edgar/data/316709/0001193125-25-025166.txt,"In connection with the offering, the Company entered into an underwriting agreement (the ""underwriting agreement""), dated February 10, 2025, by and among the Company, the selling stockholder and TD Securities (USA) LLC and Goldman Sachs & Co. LLC, as representatives of the several underwriters named therein (the ""underwriters"").",underwriting_agreement,not_explicit_notes_or_bonds
SCHW,0001193125-25-283263,2025-11-14,316709,https://www.sec.gov/Archives/edgar/data/316709/0001193125-25-283263.txt,"On November 14, 2025, The Charles Schwab Corporation issued $1,000,000,000 aggregate principal amount of 4.343% Fixed-to-Floating Rate Senior Notes due 2031 and $1,000,000,000 aggregate principal amount of 4.914% Fixed-to-Floating Rate Senior Notes due 2036. The net proceeds of the offering of the Notes were approximately $1,986,000,000, after deducting underwriting discounts and commissions and estimated offering expenses.
On November 12, 2025, CSC entered into an Underwriting Agreement with BofA Securities, Inc., Citigroup Global Markets Inc., Goldman Sachs & Co. LLC, J.P. Morgan Securities LLC, Morgan Stanley & Co. LLC and Wells Fargo Securities, LLC, as representatives of the several underwriters named therein, pursuant to which CSC agreed to issue and sell the Notes to the Underwriters.","debt_issuance,underwriting_agreement",eligible
SO,0000092122-24-000034,2024-02-28,92122,https://www.sec.gov/Archives/edgar/data/92122/0000092122-24-000034.txt,"The Southern Company entered into Underwriting Agreements covering the issue and sale of an additional $400,000,000 aggregate principal amount of its Series 2023D 5.50% Senior Notes due March 15, 2029 and an additional $400,000,000 aggregate principal amount of its Series 2023E 5.70% Senior Notes due March 15, 2034.
On February 26, 2024, The Southern Company entered into Underwriting Agreements covering the issue and sale of an additional $400,000,000 aggregate principal amount of its Series 2023D 5.50% Senior Notes due March 15, 2029 and an additional $400,000,000 aggregate principal amount of its Series 2023E 5.70% Senior Notes due March 15, 2034, among the Company and BofA Securities, Inc., Morgan Stanley & Co. LLC, RBC Capital Markets, LLC, Scotia Capital (USA) Inc. and U.S. Bancorp Investments, Inc., as representatives of the several Underwriters.","debt_issuance,underwriting_agreement",completion_not_verified
SO,0000092122-24-000051,2024-05-03,92122,https://www.sec.gov/Archives/edgar/data/92122/0000092122-24-000051.txt,"The Southern Company entered into a Distribution Agreement dated May 3, 2024 with Barclays Capital Inc., BofA Securities, Inc., Citigroup Global Markets Inc., Goldman Sachs & Co. LLC, J.P. Morgan Securities LLC, Mizuho Securities USA LLC, Morgan Stanley & Co. LLC, MUFG Securities Americas Inc., RBC Capital Markets, LLC, Scotia Capital (USA) Inc., Truist Securities, Inc. and Wells Fargo Securities, LLC, as sales agents for the offer and sale of common stock.",underwriting_agreement,not_explicit_notes_or_bonds
SO,0000092122-24-000055,2024-05-06,92122,https://www.sec.gov/Archives/edgar/data/92122/0000092122-24-000055.txt,"The Southern Company issued a press release announcing a proposed offering of $1,100,000,000 aggregate principal amount of convertible senior notes in a private offering to persons reasonably believed to be qualified institutional buyers pursuant to Rule 144A under the Securities Act of 1933, as amended. In addition, the Company expects to grant the initial purchasers an option to purchase, for settlement within a period of 13 days from, and including, the date the convertible senior notes are first issued, up to an additional $200,000,000 aggregate principal amount of convertible senior notes.",debt_issuance,completion_not_verified
SO,0000092122-24-000085,2024-09-09,92122,https://www.sec.gov/Archives/edgar/data/92122/0000092122-24-000085.txt,"The Southern Company entered into an Underwriting Agreement covering the issue and sale of $750,000,000 aggregate principal amount of its Series 2024B 4.85% Senior Notes due March 15, 2035. The Series 2024B Senior Notes were registered under the Securities Act of 1933, as amended, pursuant to the shelf registration statement.
On September 4, 2024, The Southern Company entered into an Underwriting Agreement covering the issue and sale of $750,000,000 aggregate principal amount of its Series 2024B 4.85% Senior Notes due March 15, 2035, among the Company and BofA Securities, Inc., Mizuho Securities USA LLC, Morgan Stanley & Co. LLC, PNC Capital Markets LLC and RBC Capital Markets, LLC, as representatives of the several Underwriters.","debt_issuance,underwriting_agreement",completion_not_verified
SO,0000092122-25-000008,2025-01-13,92122,https://www.sec.gov/Archives/edgar/data/92122/0000092122-25-000008.txt,"The Southern Company entered into an Underwriting Agreement covering the issue and sale of $500,000,000 aggregate principal amount of its Series 2025A 6.50% Junior Subordinated Notes due March 15, 2085, with an option to purchase up to an additional $75,000,000, resulting in a total issuance of $565,000,000 aggregate principal amount.
The Southern Company entered into an Underwriting Agreement with BofA Securities, Inc., J.P. Morgan Securities LLC, Morgan Stanley & Co. LLC, RBC Capital Markets, LLC and Wells Fargo Securities, LLC, as representatives of the several Underwriters, covering the issue and sale of the Series 2025A Junior Subordinated Notes.","debt_issuance,underwriting_agreement",completion_not_verified
SO,0000092122-25-000028,2025-02-28,92122,https://www.sec.gov/Archives/edgar/data/92122/0000092122-25-000028.txt,"The Southern Company entered into an Underwriting Agreement covering the issue and sale of $1,800,000,000 aggregate principal amount of its Series 2025B 6.375% Fixed-to-Fixed Reset Rate Junior Subordinated Notes due March 15, 2055.
On February 25, 2025, The Southern Company entered into an Underwriting Agreement with Barclays Capital Inc., Citigroup Global Markets Inc., Mizuho Securities USA LLC, MUFG Securities Americas Inc., PNC Capital Markets LLC and Truist Securities, Inc., as representatives of the several Underwriters.","debt_issuance,underwriting_agreement",completion_not_verified
SO,0000092122-25-000052,2025-05-21,92122,https://www.sec.gov/Archives/edgar/data/92122/0000092122-25-000052.txt,"The Southern Company issued a press release announcing the upsize and pricing of an offering of $1.45 billion aggregate principal amount of its Series 2025A 3.25% Convertible Senior Notes due June 15, 2028 (the ""Convertible Notes"") in a private offering to persons reasonably believed to be qualified institutional buyers pursuant to Rule 144A under the Securities Act of 1933, as amended, reflecting an upsize of $200 million over the previously announced offering size.",debt_issuance,completion_not_verified
SO,0000092122-25-000060,2025-05-27,92122,https://www.sec.gov/Archives/edgar/data/92122/0000092122-25-000060.txt,"On May 23, 2025, The Southern Company (the ""Company"") issued $1,650,000,000 aggregate principal amount of its Series 2025A 3.25% Convertible Senior Notes due June 15, 2028... Interest on the Series 2025A Convertible Senior Notes is payable semiannually in arrears on the 15th day of June and December of each year, beginning December 15, 2025. The Series 2025A Convertible Senior Notes will mature on June 15, 2028.",debt_issuance,complex_or_nonroutine_transaction
SO,0000092122-25-000094,2025-11-06,92122,https://www.sec.gov/Archives/edgar/data/92122/0000092122-25-000094.txt,"Each Corporate Unit is comprised of a 1/40 undivided beneficial ownership interest in $1,000 principal amount of the Company's Series 2025B Remarketable Senior Notes due 2030 and a 1/40 undivided beneficial ownership interest in $1,000 principal amount of the Company's Series 2025C Remarketable Senior Notes due 2033, with interest on the RSNs in the amount of 4.15% per year.
On November 3, 2025, The Southern Company entered into an underwriting agreement (the 'Underwriting Agreement') with the underwriters named in Schedule I thereto (the 'Underwriters'), for whom BofA Securities, Inc., J.P. Morgan Securities LLC and Mizuho Securities USA LLC are acting as representatives, covering the issuance and sale of 35,000,000 equity units.","debt_issuance,underwriting_agreement",completion_not_verified
T,0001193125-25-068736,2025-03-31,732717,https://www.sec.gov/Archives/edgar/data/732717/0001193125-25-068736.txt,"AT&T closed its sale of €1,000,000,000 aggregate principal amount of its 3.150% Global Notes due 2030, €1,000,000,000 aggregate principal amount of its 3.600% Global Notes due 2033 and €750,000,000 aggregate principal amount of its 4.050% Global Notes due 2037 pursuant to an Underwriting Agreement, dated March 24, 2025.
The Notes were issued pursuant to an Underwriting Agreement, dated March 24, 2025, between AT&T and the several Underwriters named on Schedule II thereto.","debt_issuance,underwriting_agreement",eligible
T,0001193125-25-134108,2025-06-03,732717,https://www.sec.gov/Archives/edgar/data/732717/0001193125-25-134108.txt,"AT&T closed its sale of $1,000,000,000 aggregate principal amount of its 4.700% Global Notes due 2030, $1,250,000,000 aggregate principal amount of its 5.375% Global Notes due 2035 and $1,250,000,000 aggregate principal amount of its 6.050% Global Notes due 2056 pursuant to an Underwriting Agreement, dated May 28, 2025.
The Notes were issued pursuant to an Underwriting Agreement, dated May 28, 2025, between AT&T and Deutsche Bank Securities Inc., RBC Capital Markets, LLC, Santander US Capital Markets LLC, SMBC Nikko Securities America, Inc., TD Securities (USA) LLC and Wells Fargo Securities, LLC, as the representatives of the several Underwriters.","debt_issuance,underwriting_agreement",eligible
T,0001193125-25-205072,2025-09-16,732717,https://www.sec.gov/Archives/edgar/data/732717/0001193125-25-205072.txt,"AT&T closed its sale of €2,250,000,000 aggregate principal amount of its Floating Rate Global Notes due 2027 pursuant to an Underwriting Agreement, dated September 9, 2025. The Notes were issued pursuant to that certain Indenture, dated as of May 15, 2013, between AT&T and The Bank of New York Mellon Trust Company, N.A., as Trustee.
The Notes were issued pursuant to an Underwriting Agreement, dated September 9, 2025, between AT&T and the several Underwriters named on Schedule II thereto. The Notes have been registered under the Securities Act of 1933, as amended, pursuant to a Registration Statement on Form S-3.","debt_issuance,underwriting_agreement",eligible
T,0001193125-25-215530,2025-09-24,732717,https://www.sec.gov/Archives/edgar/data/732717/0001193125-25-215530.txt,"AT&T closed its sale of $1,150,000,000 aggregate principal amount of its 4.550% Global Notes due 2032, $1,250,000,000 aggregate principal amount of its 4.900% Global Notes due 2035, $1,100,000,000 aggregate principal amount of its 5.550% Global Notes due 2045 and $1,500,000,000 aggregate principal amount of its 5.700% Global Notes due 2054 pursuant to an Underwriting Agreement, dated September 18, 2025.",debt_issuance,eligible
TGT,0001628280-24-039644,2024-09-06,27419,https://www.sec.gov/Archives/edgar/data/27419/0001628280-24-039644.txt,"Target Corporation closed the sale of $750 million aggregate principal amount of its 4.500% Notes due 2034 pursuant to an Underwriting Agreement dated September 3, 2024 among Target and Deutsche Bank Securities Inc., J.P. Morgan Securities LLC, and Wells Fargo Securities, LLC, as representatives of the several underwriters.",debt_issuance,eligible
TGT,0001628280-25-014713,2025-03-25,27419,https://www.sec.gov/Archives/edgar/data/27419/0001628280-25-014713.txt,"Target Corporation closed the sale of $1.0 billion aggregate principal amount of its 5.000% Notes due 2035 pursuant to an Underwriting Agreement dated March 20, 2025 among Target and Citigroup Global Markets Inc., Deutsche Bank Securities Inc., and Wells Fargo Securities, LLC, as representatives of the several underwriters.",debt_issuance,eligible
TGT,0001628280-25-030471,2025-06-10,27419,https://www.sec.gov/Archives/edgar/data/27419/0001628280-25-030471.txt,"Target closed the sale of $500 million aggregate principal amount of its 4.350% Notes due 2028 and $500 million aggregate principal amount of its 5.250% Notes due 2036 pursuant to an Underwriting Agreement dated June 5, 2025.",debt_issuance,eligible
TMO,0001140361-25-037501,2025-10-07,97745,https://www.sec.gov/Archives/edgar/data/97745/0001140361-25-037501.txt,"On October 7, 2025, Thermo Fisher Scientific Inc. (the ""Company"") issued $500,000,000 aggregate principal amount of 4.200% Senior Notes due 2031, $750,000,000 aggregate principal amount of 4.473% Senior Notes due 2032, $750,000,000 aggregate principal amount of 4.794% Senior Notes due 2035 and $500,000,000 aggregate principal amount of 4.894% Senior Notes due 2037 in a public offering pursuant to a registration statement on Form S-3ASR.
The sale of the Notes was made pursuant to the terms of an Underwriting Agreement, which the Company entered into on September 30, 2025, with J.P. Morgan Securities LLC, ING Financial Markets LLC, Mizuho Securities USA LLC and Scotia Capital (USA) Inc., as representatives of the several underwriters named in Schedule A to the Underwriting Agreement.","debt_issuance,underwriting_agreement",eligible
TMO,0001140361-25-043790,2025-12-01,97745,https://www.sec.gov/Archives/edgar/data/97745/0001140361-25-043790.txt,"On December 1, 2025, Thermo Fisher Scientific (Finance I) B.V. issued €1,000,000,000 aggregate principal amount of Floating Rate Senior Notes due 2027 and €1,100,000,000 aggregate principal amount of 3.628% Senior Notes due 2035 in a public offering. The Company has fully and unconditionally guaranteed the Notes on a senior unsecured basis.
The sale of the Securities was made pursuant to the terms of an Underwriting Agreement, dated November 24, 2025, among Thermo Fisher International, as issuer, the Company, as parent guarantor, and Barclays Bank PLC, BNP PARIBAS, HSBC Continental Europe Morgan Stanley & Co. International plc, as lead managers of the several underwriters.","debt_issuance,underwriting_agreement",eligible
TMUS,0001193125-24-226980,2024-09-26,1283699,https://www.sec.gov/Archives/edgar/data/1283699/0001193125-24-226980.txt,"On September 26, 2024, T-Mobile USA, Inc. closed an underwritten public offering of $700 million in aggregate principal amount of its 4.200% Senior Notes due 2029, $900 million in aggregate principal amount of its 4.700% Senior Notes due 2035 and $900 million in aggregate principal amount of its 5.250% Senior Notes due 2055 pursuant to an underwriting agreement, dated as of September 23, 2024, with the several underwriters named therein.
The Notes were issued pursuant to an underwriting agreement, dated as of September 23, 2024 (the 'Underwriting Agreement'), with the several underwriters named therein, for which J.P. Morgan Securities LLC, Morgan Stanley & Co. LLC, RBC Capital Markets, LLC and Wells Fargo Securities, LLC acted as representatives.","debt_issuance,underwriting_agreement",eligible
TMUS,0001193125-25-024359,2025-02-11,1283699,https://www.sec.gov/Archives/edgar/data/1283699/0001193125-25-024359.txt,"T-Mobile USA, Inc. closed an underwritten public offering of €1.0 billion in aggregate principal amount of its 3.150% Senior Notes due 2032, €1.0 billion in aggregate principal amount of its 3.500% Senior Notes due 2037 and €750 million in aggregate principal amount of its 3.800% Senior Notes due 2045 pursuant to an underwriting agreement, dated February 4, 2025.
The Notes were issued pursuant to an underwriting agreement, dated February 4, 2025 (the 'Underwriting Agreement'), with the several underwriters named therein.","debt_issuance,underwriting_agreement",eligible
TMUS,0001193125-25-065576,2025-03-27,1283699,https://www.sec.gov/Archives/edgar/data/1283699/0001193125-25-065576.txt,"On March 27, 2025, T-Mobile USA, Inc. closed an underwritten public offering of $1.25 billion in aggregate principal amount of its 5.125% Senior Notes due 2032, $1.0 billion in aggregate principal amount of its 5.300% Senior Notes due 2035 and $1.25 billion in aggregate principal amount of its 5.875% Senior Notes due 2055 pursuant to an underwriting agreement, dated March 24, 2025.
The Notes were issued pursuant to an underwriting agreement, dated March 24, 2025, with the several underwriters named in Schedule 1 thereto, for which Barclays Capital Inc., Deutsche Bank Securities Inc., Morgan Stanley & Co. LLC and UBS Securities LLC acted as representatives.","debt_issuance,underwriting_agreement",eligible
TMUS,0001193125-25-173566,2025-08-05,1283699,https://www.sec.gov/Archives/edgar/data/1283699/0001193125-25-173566.txt,"T-Mobile USA issued $488,860,000 million in aggregate principal amount of its 6.700% Senior Notes due 2033, $393,481,525 million in aggregate principal amount of its 6.250% Senior Notes due 2069, $400,797,075 million in aggregate principal amount of its 5.500% Senior Notes due March 2070 and $394,753,475 million in aggregate principal amount of its 5.500% Senior Notes due June 2070. The Notes were issued pursuant to an Indenture dated as of September 15, 2022.",debt_issuance,eligible
TMUS,0001140361-25-037817,2025-10-09,1283699,https://www.sec.gov/Archives/edgar/data/1283699/0001140361-25-037817.txt,"T-Mobile USA, Inc. closed an underwritten public offering of $800 million in aggregate principal amount of its 4.625% Senior Notes due 2033, $1.0 billion in aggregate principal amount of its 4.950% Senior Notes due 2035 and $1.0 billion in aggregate principal amount of its 5.700% Senior Notes due 2056 pursuant to an underwriting agreement, dated October 6, 2025.
The Notes were issued pursuant to an underwriting agreement, dated October 6, 2025, with the several underwriters named in Schedule 1 thereto, for which Barclays Capital Inc., Citigroup Global Markets Inc., Goldman Sachs & Co. LLC and Wells Fargo Securities, LLC acted as representatives.","debt_issuance,underwriting_agreement",eligible
TXN,0001193125-24-028127,2024-02-08,97476,https://www.sec.gov/Archives/edgar/data/97476/0001193125-24-028127.txt,"On February 8, 2024, Texas Instruments Incorporated consummated the issuance and sale of $650,000,000 aggregate principal amount of its 4.600% Notes due 2027, $650,000,000 aggregate principal amount of its 4.600% Notes due 2029, $600,000,000 aggregate principal amount of its 4.850% Notes due 2034, $750,000,000 aggregate principal amount of its 5.150% Notes due 2054 and $350,000,000 aggregate principal amount of its 5.050% Notes due 2063.
The Notes were issued pursuant to an underwriting agreement filed herewith as Exhibit 1.1 dated February 5, 2024 among Texas Instruments and BofA Securities, Inc., Citigroup Global Markets Inc. and Mizuho Securities USA LLC, as underwriters.","debt_issuance,underwriting_agreement",eligible
TXN,0001193125-25-125915,2025-05-23,97476,https://www.sec.gov/Archives/edgar/data/97476/0001193125-25-125915.txt,"On May 23, 2025, Texas Instruments Incorporated consummated the issuance and sale of $550,000,000 aggregate principal amount of its 4.500% Notes due 2030 and $650,000,000 aggregate principal amount of its 5.100% Notes due 2035, pursuant to an underwriting agreement dated May 20, 2025 among Texas Instruments and Barclays Capital Inc., Morgan Stanley & Co. LLC and MUFG Securities Americas Inc., as underwriters.
The Notes were issued pursuant to an underwriting agreement filed herewith as Exhibit 1.1 dated May 20, 2025 among Texas Instruments and Barclays Capital Inc., Morgan Stanley & Co. LLC and MUFG Securities Americas Inc., as underwriters.","debt_issuance,underwriting_agreement",eligible
UBER,0001552781-24-000524,2024-09-09,1543151,https://www.sec.gov/Archives/edgar/data/1543151/0001552781-24-000524.txt,"On September 9, 2024, Uber Technologies, Inc. (the ""Company"") completed a registered public offering of $1,250,000,000 aggregate principal amount of the Company's 4.300% Senior Notes due 2030 (the ""2030 Notes""), $1,500,000,000 aggregate principal amount of the Company's 4.800% Senior Notes due 2034 (the ""2034 Notes""), and $1,250,000,000 aggregate principal amount of the Company's 5.350% Senior Notes due 2054 (the ""2054 Notes""). The Notes are the Company's senior unsecured debt obligations.
In connection with the issuance of the Notes, the Company entered into an underwriting agreement dated September 4, 2024 (the ""Underwriting Agreement"") with Morgan Stanley & Co. LLC, BofA Securities, Inc. and J.P. Morgan Securities LLC, as representatives of the several underwriters listed in Schedule II to the Underwriting Agreement.","debt_issuance,underwriting_agreement",eligible
UBER,0001552781-25-000191,2025-05-20,1543151,https://www.sec.gov/Archives/edgar/data/1543151/0001552781-25-000191.txt,"On May 20, 2025, Uber Technologies, Inc. (the ""Company"") completed its previously announced private offering of $1.15 billion aggregate principal amount of its 0.0% Exchangeable Senior Notes due 2028 (the ""Notes"") to an investment bank acting as initial purchaser (the ""Initial Purchaser""), including the exercise in full by the Initial Purchaser of its option to purchase up to an additional $150.0 million aggregate principal amount of the Notes.",debt_issuance,complex_or_nonroutine_transaction
UBER,0001552781-25-000205,2025-06-06,1543151,https://www.sec.gov/Archives/edgar/data/1543151/0001552781-25-000205.txt,The Notes will have maturities of up to 397 days from the date of issue. The Notes will rank at least pari passu in right payment with all of the Company's other unsecured and unsubordinated indebtedness... The Company intends to use the net proceeds of the Notes for general corporate purposes.,debt_issuance,completion_not_verified
UBER,0001552781-25-000287,2025-09-11,1543151,https://www.sec.gov/Archives/edgar/data/1543151/0001552781-25-000287.txt,"On September 11, 2025, Uber Technologies, Inc. (the ""Company"") completed a registered public offering of $1,000,000,000 aggregate principal amount of the Company's 4.150% Senior Notes due 2031 (the ""2031 Notes"") and $1,250,000,000 aggregate principal amount of the Company's 4.800% Senior Notes due 2035 (the ""2035 Notes"" and together with the 2031 Notes, the ""Notes""). The Notes are the Company's senior unsecured debt obligations.
In connection with the issuance of the Notes, the Company entered into an underwriting agreement (the ""Underwriting Agreement"") with Goldman Sachs & Co. LLC, Barclays Capital Inc. and J.P. Morgan Securities LLC, as representatives of the several underwriters listed in Schedule II to the Underwriting Agreement.","debt_issuance,underwriting_agreement",eligible
UNH,0001193125-24-073887,2024-03-21,731766,https://www.sec.gov/Archives/edgar/data/731766/0001193125-24-073887.txt,"UnitedHealth Group Incorporated agreed to sell its (i) 4.600% Notes due April 15, 2027 in the aggregate principal amount of $500,000,000, (ii) 4.700% Notes due April 15, 2029 in the aggregate principal amount of $400,000,000, (iii) 4.900% Notes due April 15, 2031 in the aggregate principal amount of $1,000,000,000, (iv) 5.000% Notes due April 15, 2034 in the aggregate principal amount of $1,250,000,000, (v) 5.375% Notes due April 15, 2054 in the aggregate principal amount of $1,750,000,000 and (vi) 5.500% Notes due April 15, 2064 in the aggregate principal amount of $1,100,000,000, pursuant to the Underwriting Agreement and Pricing Agreement.
The Notes were issued pursuant to the Underwriting Agreement, dated March 19, 2024, and the Pricing Agreement, dated March 19, 2024, both among the Company and BofA Securities, Inc., Barclays Capital Inc., J.P. Morgan Securities LLC and Mizuho Securities USA LLC, as representatives of the several underwriters.","debt_issuance,underwriting_agreement",completion_not_verified
UNH,0000731766-24-000255,2024-07-25,731766,https://www.sec.gov/Archives/edgar/data/731766/0000731766-24-000255.txt,"UnitedHealth Group Incorporated agreed to sell its (i) Floating Rate Notes due July 15, 2026 in the aggregate principal amount of $500,000,000, (ii) 4.750% Notes due July 15, 2026 in the aggregate principal amount of $650,000,000, (iii) 4.800% Notes due January 15, 2030 in the aggregate principal amount of $1,250,000,000, (iv) 4.950% Notes due January 15, 2032 in the aggregate principal amount of $1,500,000,000, (v) 5.150% Notes due July 15, 2034 in the aggregate principal amount of $2,000,000,000, (vi) 5.500% Notes due July 15, 2044 in the aggregate principal amount of $1,500,000,000, (vii) 5.625% Notes due July 15, 2054 in the aggregate principal amount of $2,750,000,000 and (viii) 5.750% Notes due July 15, 2064 in the aggregate principal amount of $1,850,000,000.
The Notes were issued pursuant to the Underwriting Agreement, dated July 23, 2024, and the Pricing Agreement, dated July 23, 2024, both among the Company and Wells Fargo Securities, LLC, Citigroup Global Markets Inc., J.P. Morgan Securities LLC, PNC Capital Markets LLC, RBC Capital Markets, LLC and U.S. Bancorp Investments, Inc., as representatives of the several underwriters.","debt_issuance,underwriting_agreement",completion_not_verified
UNH,0001193125-25-143717,2025-06-20,731766,https://www.sec.gov/Archives/edgar/data/731766/0001193125-25-143717.txt,"UnitedHealth Group Incorporated agreed to sell its (i) 4.400% Notes due June 15, 2028 in the aggregate principal amount of $500,000,000, (ii) 4.650% Notes due January 15, 2031 in the aggregate principal amount of $750,000,000, (iii) 5.300% Notes due June 15, 2035 in the aggregate principal amount of $1,000,000,000 and (iv) 5.950% Notes due June 15, 2055 in the aggregate principal amount of $750,000,000, pursuant to the Underwriting Agreement and the Pricing Agreement.
The Notes were issued pursuant to the Underwriting Agreement, dated June 17, 2025, and the Pricing Agreement, dated June 17, 2025, both among the Company and BofA Securities, Inc., Barclays Capital Inc., Citigroup Global Markets Inc. and J.P. Morgan Securities LLC.","debt_issuance,underwriting_agreement",completion_not_verified
UNP,0000100885-25-000077,2025-02-13,100885,https://www.sec.gov/Archives/edgar/data/100885/0000100885-25-000077.txt,"Union Pacific Corporation entered into an Underwriting Agreement for the sale of $1,000,000,000 in aggregate principal amount of its 5.100% Notes due 2035 and $1,000,000,000 in aggregate principal amount of its 5.600% Notes due 2054. The Notes are issuable pursuant to an Indenture, dated as of April 1, 1999.
Attached as Exhibit 1.1 is the Underwriting Agreement (including the Terms Agreement), dated February 10, 2025, between the Company and BoA Securities, Inc., Citigroup Global Markets Inc., Morgan & Stanley Co. LLC, and Wells Fargo Securities, LLC, as representatives of the several underwriters named therein, pursuant to which the Company has agreed to sell, and the underwriters have agreed to purchase, subject to the terms and conditions contained therein, the Notes.","debt_issuance,underwriting_agreement",completion_not_verified
UPS,0001104659-24-064258,2024-05-22,1090727,https://www.sec.gov/Archives/edgar/data/1090727/0001104659-24-064258.txt,"the Company agreed to sell and the Underwriters agreed to purchase from the Company, subject to and upon the terms and conditions set forth in the Underwriting Agreement, $900,000,000 principal amount of 5.150% Senior Notes due 2034, $1,100,000,000 principal amount of 5.500% Senior Notes due 2054 and $600,000,000 principal amount of 5.600% Senior Notes due 2064
On May 20, 2024, the Company entered into an agreement (the 'Underwriting Agreement') with the underwriters listed on Schedule II thereto (the 'Underwriters'), whereby the Company agreed to sell and the Underwriters agreed to purchase from the Company","debt_issuance,underwriting_agreement",completion_not_verified
UPS,0001104659-24-065573,2024-05-28,1090727,https://www.sec.gov/Archives/edgar/data/1090727/0001104659-24-065573.txt,"On May 23, 2024, the Company entered into an agreement (the ""Underwriting Agreement"") with the underwriters listed on Schedule I thereto (the ""Underwriters""), whereby the Company agreed to sell and the Underwriters agreed to purchase from the Company, subject to and upon the terms and conditions set forth in the Underwriting Agreement, $213,003,000 principal amount of Floating Rate Senior Notes due 2074 (the ""Transaction"").
On May 23, 2024, the Company entered into an agreement (the ""Underwriting Agreement"") with the underwriters listed on Schedule I thereto (the ""Underwriters""), whereby the Company agreed to sell and the Underwriters agreed to purchase from the Company, subject to and upon the terms and conditions set forth in the Underwriting Agreement, $213,003,000 principal amount of Floating Rate Senior Notes due 2074.","debt_issuance,underwriting_agreement",completion_not_verified
UPS,0001104659-25-048497,2025-05-14,1090727,https://www.sec.gov/Archives/edgar/data/1090727/0001104659-25-048497.txt,"On May 12, 2025, the Company entered into an agreement (the ""Underwriting Agreement"") with the underwriters listed on Schedule II thereto (the ""Underwriters""), whereby the Company agreed to sell and the Underwriters agreed to purchase from the Company, subject to and upon the terms and conditions set forth in the Underwriting Agreement, $500,000,000 principal amount of 4.650% Senior Notes due 2030, $1,250,000,000 principal amount of 5.250% Senior Notes due 2035, $1,250,000,000 principal amount of 5.950% Senior Notes due 2055 and $1,000,000,000 principal amount of 6.050% Senior Notes due 2065 (the ""Transaction"").
the Company entered into an agreement (the ""Underwriting Agreement"") with the underwriters listed on Schedule II thereto (the ""Underwriters""), whereby the Company agreed to sell and the Underwriters agreed to purchase from the Company, subject to and upon the terms and conditions set forth in the Underwriting Agreement","debt_issuance,underwriting_agreement",completion_not_verified
UPS,0001104659-25-050984,2025-05-20,1090727,https://www.sec.gov/Archives/edgar/data/1090727/0001104659-25-050984.txt,"On May 15, 2025, the Company entered into an agreement (the ""Underwriting Agreement"") with the underwriters listed on Schedule I thereto (the ""Underwriters""), whereby the Company agreed to sell and the Underwriters agreed to purchase from the Company, subject to and upon the terms and conditions set forth in the Underwriting Agreement, $170,673,000 principal amount of Floating Rate Senior Notes due 2075 (the ""Transaction"").
the Company entered into an agreement (the ""Underwriting Agreement"") with the underwriters listed on Schedule I thereto (the ""Underwriters""), whereby the Company agreed to sell and the Underwriters agreed to purchase from the Company, subject to and upon the terms and conditions set forth in the Underwriting Agreement","debt_issuance,underwriting_agreement",completion_not_verified
USB,0001193125-24-222476,2024-09-20,36104,https://www.sec.gov/Archives/edgar/data/36104/0001193125-24-222476.txt,"U.S. Bancorp (the ""Company"") agreed to issue $10,000,000 of its Senior Medium-Term Notes, Series CC Callable Fixed Rate Notes due September 20, 2029 (the ""Notes due 2029""), pursuant to the Company's medium-term note program",debt_issuance,completion_not_verified
V,0001628280-25-025899,2025-05-15,1403161,https://www.sec.gov/Archives/edgar/data/1403161/0001628280-25-025899.txt,"On April 30, 2025, Visa Inc. announced an offering of €1,250,000,000 of its 2.250% Senior Notes due 2028, €1,000,000,000 of its 3.125% Senior Notes due 2033, €650,000,000 of its 3.500% Senior Notes due 2037, and €600,000,000 of its 3.875% Senior Notes due 2044. The Notes were issued on May 15, 2025 pursuant to an indenture dated as of December 14, 2015 between the Company and U.S. Bank Trust Company, National Association, as trustee. The Notes are unsecured obligations of the Company.
The Notes were offered and sold pursuant to an Underwriting Agreement dated April 30, 2025 among the Company and the several underwriters named therein, under the Company's automatic shelf registration statement as amended on Form S-3.","debt_issuance,underwriting_agreement",completion_not_verified
VZ,0001193125-25-273787,2025-11-10,732712,https://www.sec.gov/Archives/edgar/data/732712/0001193125-25-273787.txt,"On November 10, 2025, Verizon closed the sale of £1,000,000,000 aggregate principal amount of its 5.7420% Fixed-to-Fixed Rate Junior Subordinated Notes due 2056, pursuant to a purchase agreement with the Purchasers.",debt_issuance,eligible
WFC,0001193125-24-013029,2024-01-23,72971,https://www.sec.gov/Archives/edgar/data/72971/0001193125-24-013029.txt,"On January 23, 2024, the Company issued the following Medium-Term Notes, Series W: (i) $2,750,000,000 Senior Redeemable Fixed-to-Floating Rate Notes due January 23, 2030; and (ii) $3,000,000,000 Senior Redeemable Fixed-to-Floating Rate Notes due January 23, 2035",debt_issuance,eligible
WFC,0001193125-24-105007,2024-04-22,72971,https://www.sec.gov/Archives/edgar/data/72971/0001193125-24-105007.txt,"On April 22, 2024, the Company issued the following Medium-Term Notes, Series W: (i) $3,250,000,000 Senior Redeemable Fixed-to-Floating Rate Notes due April 22, 2028; and (ii) $1,000,000,000 Senior Redeemable Floating Rate Notes due April 22, 2028 (collectively, the ""Notes"").",debt_issuance,eligible
WFC,0001193125-24-107105,2024-04-23,72971,https://www.sec.gov/Archives/edgar/data/72971/0001193125-24-107105.txt,"On April 23, 2024, the Company issued CAD1,250,000,000 5.083% Fixed-to-Floating Rate Notes Due April 26, 2028 (the ""Notes"").
The purpose of this Current Report is to file with the SEC the following documents: (i) the Underwriting Agreement for the Notes; (ii) the form of the Notes; and (iii) the opinion of Faegre Drinker Biddle & Reath LLP regarding the Notes.","debt_issuance,underwriting_agreement",completion_not_verified
WFC,0001193125-24-182694,2024-07-23,72971,https://www.sec.gov/Archives/edgar/data/72971/0001193125-24-182694.txt,"Underwriting Agreement, dated July 16, 2024, among the Company and Wells Fargo Securities, LLC, as representative of the several underwriters named therein.",underwriting_agreement,not_explicit_notes_or_bonds
WFC,0001193125-24-269996,2024-12-03,72971,https://www.sec.gov/Archives/edgar/data/72971/0001193125-24-269996.txt,"On December 3, 2024, the Company issued the following Medium-Term Notes, Series W: $2,500,000,000 Senior Redeemable Fixed-to-Floating Rate Notes due December 3, 2035 (the ""Notes"").",debt_issuance,eligible
WFC,0001193125-25-012199,2025-01-24,72971,https://www.sec.gov/Archives/edgar/data/72971/0001193125-25-012199.txt,"On January 24, 2025, the Company issued the following Medium-Term Notes, Series W: (i) $3,000,000,000 Senior Redeemable Fixed-to-Floating Rate Notes due January 24, 2031; (ii) $2,350,000,000 Senior Redeemable Fixed-to-Floating Rate Notes due January 24, 2028; and (iii) $650,000,000 Senior Redeemable Floating Rate Notes due January 24, 2028.",debt_issuance,eligible
WFC,0001193125-25-091460,2025-04-23,72971,https://www.sec.gov/Archives/edgar/data/72971/0001193125-25-091460.txt,"On April 23, 2025, the Company issued the following Medium-Term Notes, Series W: (i) $3,000,000,000 Senior Redeemable Fixed-to-Floating Rate Notes due April 23, 2036; (ii) $2,250,000,000 Senior Redeemable Fixed-to-Floating Rate Notes due April 23, 2031; (iii) $2,250,000,000 Senior Redeemable Fixed-to-Floating Rate Notes due April 23, 2029; and (iv) $500,000,000 Senior Redeemable Floating Rate Notes due April 23, 2029.",debt_issuance,eligible
WFC,0001193125-25-168083,2025-07-29,72971,https://www.sec.gov/Archives/edgar/data/72971/0001193125-25-168083.txt,"On July 29, 2025, the Company issued $1,500,000,000 Medium-Term Notes, Series W, Senior Redeemable Fixed-to-Floating Rate Notes due April 23, 2031 (the ""Notes"").",debt_issuance,eligible
WFC,0001193125-25-203752,2025-09-15,72971,https://www.sec.gov/Archives/edgar/data/72971/0001193125-25-203752.txt,"On September 15, 2025, the Company issued the following Medium-Term Notes, Series Y: (i) $1,500,000,000 Senior Redeemable Fixed-to-Floating Rate Notes due September 15, 2029; (ii) $750,000,000 Senior Redeemable Floating Rate Notes due September 15, 2029; and (iii) $1,750,000,000 Senior Redeemable Fixed-to-Floating Rate Notes due September 15, 2036.",debt_issuance,eligible
WMT,0001193125-25-098253,2025-04-28,104169,https://www.sec.gov/Archives/edgar/data/104169/0001193125-25-098253.txt,"Walmart Inc. has agreed to sell to the Underwriters $750,000,000 aggregate principal amount of Floating Rate Notes Due 2027, $750,000,000 of 4.100% Notes Due 2027, $1,000,000,000 of 4.350% Notes Due 2030 and $1,500,000,000 of 4.900% Notes Due 2035. The Notes will be senior, unsecured debt securities of the Company and will rank equally with each other and with all of the other senior, unsecured debt obligations of the Company.
Walmart Inc. and the Underwriters (BofA Securities, Inc., Goldman Sachs & Co. LLC, Wells Fargo Securities, LLC, Barclays Capital Inc., BNP Paribas Securities Corp. and Mizuho Securities USA LLC) have entered into a Pricing Agreement, dated April 23, 2025, and an Underwriting Agreement, dated April 23, 2025, pursuant to which the Company has agreed to sell the Notes to the Underwriters.","debt_issuance,underwriting_agreement",completion_not_verified
XOM,0001193125-24-234137,2024-10-08,34088,https://www.sec.gov/Archives/edgar/data/34088/0001193125-24-234137.txt,"Exxon Mobil Corporation entered into an underwriting agreement for the issuance and sale by the Company of $171,968,000 aggregate principal amount of its Floating Rate Notes due 2074.
On October 4, 2024, Exxon Mobil Corporation entered into an underwriting agreement with Morgan Stanley & Co. LLC, UBS Securities LLC, RBC Capital Markets, LLC and Deutsche Bank Securities Inc., as managers of the several underwriters named therein, for the issuance and sale by the Company of $171,968,000 aggregate principal amount of its Floating Rate Notes due 2074.","debt_issuance,underwriting_agreement",completion_not_verified
XOM,0001193125-25-070417,2025-04-01,34088,https://www.sec.gov/Archives/edgar/data/34088/0001193125-25-070417.txt,"Exxon Mobil Corporation entered into an underwriting agreement for the issuance and sale by the Company of $192,803,000 aggregate principal amount of its Floating Rate Notes due 2075.
On March 28, 2025, Exxon Mobil Corporation entered into an underwriting agreement with Morgan Stanley & Co. LLC, UBS Securities LLC, RBC Capital Markets, LLC, Deutsche Bank Securities Inc. and J.P. Morgan Securities LLC, as managers of the several underwriters named therein, for the issuance and sale by the Company of $192,803,000 aggregate principal amount of its Floating Rate Notes due 2075.","debt_issuance,underwriting_agreement",completion_not_verified
XOM,0001193125-25-279379,2025-11-13,34088,https://www.sec.gov/Archives/edgar/data/34088/0001193125-25-279379.txt,"Exxon Mobil Corporation entered into an underwriting agreement for the issuance and sale by the Company of $111,949,000 aggregate principal amount of its Floating Rate Notes due 2075. The Notes will be issued pursuant to an indenture entered into by the Company on March 20, 2014 with Deutsche Bank Trust Company Americas, as trustee.
On November 7, 2025, Exxon Mobil Corporation entered into an underwriting agreement (the 'Underwriting Agreement') with RBC Capital Markets, LLC, Citigroup Global Markets Inc., Deutsche Bank Securities Inc., J.P. Morgan Securities LLC and UBS Securities LLC, as managers of the several underwriters named therein, for the issuance and sale by the Company of $111,949,000 aggregate principal amount of its Floating Rate Notes due 2075.","debt_issuance,underwriting_agreement",completion_not_verified
