bucket,delay,otm,stale,cost,control_rule,horizon,window,n_events,n_companies,ci_lo,ci_hi,dependence_clusters,company_only_ci_lo,company_only_ci_hi,difference,incremental_net,ordinary_incremental_net,entry_premium,ordinary_entry_premium,exit_premium,ordinary_exit_premium,stock_return,ordinary_stock_return,absolute_move,ordinary_absolute_move,upside_tail,ordinary_upside_tail,downside_tail,ordinary_downside_tail,max_upside,max_downside,entry_volume,exit_volume,capacity_contracts,intrinsic_upside_surrendered,ordinary_intrinsic_upside_surrendered,event_earnings_near,ordinary_earnings_near
1m,0,0.03,0,0.0,all_disclosures_30d,21,in_sample,22,17,,,1,-0.0080400879475391,0.0126675677236882,0.0028607696430592,0.0075015794847844,0.0046408098417251,0.0118113932091689,0.0163410737259276,0.0041473100840737,0.011535610163959,-0.0176376909278718,-0.0071338670560571,0.0374368548431196,0.05835912219341,0.0909090909090909,0.2651515151515151,0.2272727272727272,0.2651515151515151,0.0297133701428542,-0.0495774308717211,259.8181818181818,736.4090909090909,1.4090909090909092,0.0029027243175716,0.0095145430663977,0.0,0.0
1m,0,0.03,0,0.025,all_disclosures_30d,21,in_sample,22,17,,,1,-0.0079126235853234,0.0132193903732258,0.0031587191579753,0.0071026119024534,0.003943892744478,0.0118113932091689,0.0163410737259276,0.0041473100840737,0.011535610163959,-0.0176376909278718,-0.0071338670560571,0.0374368548431196,0.05835912219341,0.0909090909090909,0.2651515151515151,0.2272727272727272,0.2651515151515151,0.0297133701428542,-0.0495774308717211,259.8181818181818,736.4090909090909,1.4090909090909092,0.0029027243175716,0.0095145430663977,0.0,0.0
1m,0,0.03,0,0.05,all_disclosures_30d,21,in_sample,22,17,,,1,-0.0078612806535105,0.0138247864763622,0.0034566686728914,0.0067036443201223,0.0032469756472308,0.0118113932091689,0.0163410737259276,0.0041473100840737,0.011535610163959,-0.0176376909278718,-0.0071338670560571,0.0374368548431196,0.05835912219341,0.0909090909090909,0.2651515151515151,0.2272727272727272,0.2651515151515151,0.0297133701428542,-0.0495774308717211,259.8181818181818,736.4090909090909,1.4090909090909092,0.0029027243175716,0.0095145430663977,0.0,0.0
1m,0,0.03,0,0.1,all_disclosures_30d,21,in_sample,22,17,,,1,-0.0077587450173594,0.0149521252337125,0.0040525677027236,0.0059057091554601,0.0018531414527365,0.0118113932091689,0.0163410737259276,0.0041473100840737,0.011535610163959,-0.0176376909278718,-0.0071338670560571,0.0374368548431196,0.05835912219341,0.0909090909090909,0.2651515151515151,0.2272727272727272,0.2651515151515151,0.0297133701428542,-0.0495774308717211,259.8181818181818,736.4090909090909,1.4090909090909092,0.0029027243175716,0.0095145430663977,0.0,0.0
1m,0,0.03,3,0.0,all_disclosures_30d,21,in_sample,26,19,,,1,-0.0032405682685653,0.0118716557826294,0.0041146143111597,0.0043083658921201,0.0001937515809604,0.0111953362204172,0.0156798690809135,0.0067384636310119,0.0153350409774572,-0.01428026536958,0.0028163107246167,0.04071805471442,0.0628028249757883,0.1153846153846153,0.3012820512820512,0.2307692307692307,0.2435897435897435,0.0300556856218773,-0.0483045201634097,222.30769230769232,623.1153846153846,1.1923076923076923,0.0058795724999034,0.0133220928728464,0.0,0.0
1m,0,0.03,3,0.025,all_disclosures_30d,21,in_sample,26,19,,,1,-0.0030532214571174,0.012486917637388,0.0044416420663332,0.0038600208958344,-0.0005816211704988,0.0111953362204172,0.0156798690809135,0.0067384636310119,0.0153350409774572,-0.01428026536958,0.0028163107246167,0.04071805471442,0.0628028249757883,0.1153846153846153,0.3012820512820512,0.2307692307692307,0.2435897435897435,0.0300556856218773,-0.0483045201634097,222.30769230769232,623.1153846153846,1.1923076923076923,0.0058795724999034,0.0133220928728464,0.0,0.0
1m,0,0.03,3,0.05,all_disclosures_30d,21,in_sample,26,19,,,1,-0.0029030683446396,0.0130226228402109,0.0047686698215068,0.0034116758995487,-0.001356993921958,0.0111953362204172,0.0156798690809135,0.0067384636310119,0.0153350409774572,-0.01428026536958,0.0028163107246167,0.04071805471442,0.0628028249757883,0.1153846153846153,0.3012820512820512,0.2307692307692307,0.2435897435897435,0.0300556856218773,-0.0483045201634097,222.30769230769232,623.1153846153846,1.1923076923076923,0.0058795724999034,0.0133220928728464,0.0,0.0
1m,0,0.03,3,0.1,all_disclosures_30d,21,in_sample,26,19,,,1,-0.0026590831285162,0.0141532627425521,0.0054227253318539,0.0025149859069772,-0.0029077394248766,0.0111953362204172,0.0156798690809135,0.0067384636310119,0.0153350409774572,-0.01428026536958,0.0028163107246167,0.04071805471442,0.0628028249757883,0.1153846153846153,0.3012820512820512,0.2307692307692307,0.2435897435897435,0.0300556856218773,-0.0483045201634097,222.30769230769232,623.1153846153846,1.1923076923076923,0.0058795724999034,0.0133220928728464,0.0,0.0
1m,0,0.05,0,0.0,all_disclosures_30d,21,in_sample,18,15,,,1,-0.0158994482550093,0.0066266916380286,-0.0018941309953763,0.0009304854253505,0.0028246164207269,0.0096969106235659,0.0129370396374631,0.0085825393098068,0.009924404423917,-0.0020791718929143,-0.0054361821153995,0.0444638417589279,0.0679500106876722,0.1666666666666666,0.2592592592592592,0.1666666666666666,0.3703703703703703,0.0417623904789121,-0.0432088753782021,479.5,1635.4444444444443,0.8888888888888888,0.007350681774433,0.0086620944868621,0.0,0.0
1m,0,0.05,0,0.025,all_disclosures_30d,21,in_sample,18,15,,,1,-0.0160902911527214,0.0069910952399776,-0.0017795811421761,0.0004734991770162,0.0022530803191924,0.0096969106235659,0.0129370396374631,0.0085825393098068,0.009924404423917,-0.0020791718929143,-0.0054361821153995,0.0444638417589279,0.0679500106876722,0.1666666666666666,0.2592592592592592,0.1666666666666666,0.3703703703703703,0.0417623904789121,-0.0432088753782021,479.5,1635.4444444444443,0.8888888888888888,0.007350681774433,0.0086620944868621,0.0,0.0
1m,0,0.05,0,0.05,all_disclosures_30d,21,in_sample,18,15,,,1,-0.0163115091033217,0.0073565407846288,-0.0016650312889759,1.651292868192743e-05,0.0016815442176579,0.0096969106235659,0.0129370396374631,0.0085825393098068,0.009924404423917,-0.0020791718929143,-0.0054361821153995,0.0444638417589279,0.0679500106876722,0.1666666666666666,0.2592592592592592,0.1666666666666666,0.3703703703703703,0.0417623904789121,-0.0432088753782021,479.5,1635.4444444444443,0.8888888888888888,0.007350681774433,0.0086620944868621,0.0,0.0
1m,0,0.05,0,0.1,all_disclosures_30d,21,in_sample,18,15,,,1,-0.0168940548426606,0.0080609659398176,-0.0014359315825756,-0.0008974595679867,0.0005384720145889,0.0096969106235659,0.0129370396374631,0.0085825393098068,0.009924404423917,-0.0020791718929143,-0.0054361821153995,0.0444638417589279,0.0679500106876722,0.1666666666666666,0.2592592592592592,0.1666666666666666,0.3703703703703703,0.0417623904789121,-0.0432088753782021,479.5,1635.4444444444443,0.8888888888888888,0.007350681774433,0.0086620944868621,0.0,0.0
1m,0,0.05,3,0.0,all_disclosures_30d,21,in_sample,21,17,,,1,-0.0119389566377694,0.0076623994831495,-0.0003584409420443,0.0010768445781168,0.0014352855201611,0.0086362842111142,0.0116355672736518,0.0073927345081296,0.0100301210987059,-0.0058565527463918,0.0015447316060891,0.0421862697744035,0.0663370027169155,0.1428571428571428,0.2857142857142857,0.1904761904761904,0.3174603174603174,0.0365750581318394,-0.0428973176766256,417.04761904761904,1401.809523809524,0.7619047619047619,0.0063005843780854,0.0082035050116683,0.0,0.0
1m,0,0.05,3,0.025,all_disclosures_30d,21,in_sample,21,17,,,1,-0.0120427472452728,0.0080115364816015,-0.0002175242007164,0.0006761191101357,0.0008936433108522,0.0086362842111142,0.0116355672736518,0.0073927345081296,0.0100301210987059,-0.0058565527463918,0.0015447316060891,0.0421862697744035,0.0663370027169155,0.1428571428571428,0.2857142857142857,0.1904761904761904,0.3174603174603174,0.0365750581318394,-0.0428973176766256,417.04761904761904,1401.809523809524,0.7619047619047619,0.0063005843780854,0.0082035050116683,0.0,0.0
1m,0,0.05,3,0.05,all_disclosures_30d,21,in_sample,21,17,,,1,-0.0121750001070289,0.0084198509511874,-7.660745938862506e-05,0.0002753936421546,0.0003520011015432,0.0086362842111142,0.0116355672736518,0.0073927345081296,0.0100301210987059,-0.0058565527463918,0.0015447316060891,0.0421862697744035,0.0663370027169155,0.1428571428571428,0.2857142857142857,0.1904761904761904,0.3174603174603174,0.0365750581318394,-0.0428973176766256,417.04761904761904,1401.809523809524,0.7619047619047619,0.0063005843780854,0.0082035050116683,0.0,0.0
1m,0,0.05,3,0.1,all_disclosures_30d,21,in_sample,21,17,,,1,-0.0124876513087469,0.0091355940641208,0.000205226023267,-0.0005260572938075,-0.0007312833170746,0.0086362842111142,0.0116355672736518,0.0073927345081296,0.0100301210987059,-0.0058565527463918,0.0015447316060891,0.0421862697744035,0.0663370027169155,0.1428571428571428,0.2857142857142857,0.1904761904761904,0.3174603174603174,0.0365750581318394,-0.0428973176766256,417.04761904761904,1401.809523809524,0.7619047619047619,0.0063005843780854,0.0082035050116683,0.0,0.0
1m,0,0.1,0,0.0,all_disclosures_30d,21,in_sample,11,10,,,1,-0.0027736442691539,0.0050829473117259,0.0017140739736499,0.004311022444843,0.0025969484711931,0.0048198161251583,0.0070124205031439,0.0003598540579007,0.0042633871935241,-0.00139217419827,0.016612615836269,0.0393165140699342,0.0658120665539884,0.1818181818181818,0.4393939393939394,0.1818181818181818,0.2121212121212121,0.042903045734845,-0.0398738645038799,167.45454545454547,131.0,0.2727272727272727,0.0,0.003495715377414,0.0,0.0
1m,0,0.1,0,0.025,all_disclosures_30d,21,in_sample,11,10,,,1,-0.0025650610889279,0.0052703559084896,0.0018664774114902,0.0041815306902666,0.0023150532787764,0.0048198161251583,0.0070124205031439,0.0003598540579007,0.0042633871935241,-0.00139217419827,0.016612615836269,0.0393165140699342,0.0658120665539884,0.1818181818181818,0.4393939393939394,0.1818181818181818,0.2121212121212121,0.042903045734845,-0.0398738645038799,167.45454545454547,131.0,0.2727272727272727,0.0,0.003495715377414,0.0,0.0
1m,0,0.1,0,0.05,all_disclosures_30d,21,in_sample,11,10,,,1,-0.0024121276754455,0.0054900928287849,0.0020188808493304,0.0040520389356901,0.0020331580863597,0.0048198161251583,0.0070124205031439,0.0003598540579007,0.0042633871935241,-0.00139217419827,0.016612615836269,0.0393165140699342,0.0658120665539884,0.1818181818181818,0.4393939393939394,0.1818181818181818,0.2121212121212121,0.042903045734845,-0.0398738645038799,167.45454545454547,131.0,0.2727272727272727,0.0,0.003495715377414,0.0,0.0
1m,0,0.1,0,0.1,all_disclosures_30d,21,in_sample,11,10,,,1,-0.0021149812187344,0.0060389330003604,0.0023236877250108,0.0037930554265371,0.0014693677015262,0.0048198161251583,0.0070124205031439,0.0003598540579007,0.0042633871935241,-0.00139217419827,0.016612615836269,0.0393165140699342,0.0658120665539884,0.1818181818181818,0.4393939393939394,0.1818181818181818,0.2121212121212121,0.042903045734845,-0.0398738645038799,167.45454545454547,131.0,0.2727272727272727,0.0,0.003495715377414,0.0,0.0
1m,0,0.1,3,0.0,all_disclosures_30d,21,in_sample,15,11,,,1,-0.012915195671031,0.0026441270397765,-0.0029936782371353,0.0015291227014736,0.004522800938609,0.0049345081640504,0.007534382538634,0.0032117286902909,0.0028162346453901,-0.0064560807924888,-0.0148834906827768,0.051429170887872,0.0752610360355212,0.2,0.3111111111111111,0.2666666666666666,0.3444444444444444,0.0435056338482235,-0.0508138738261998,164.33333333333334,154.8,0.2,0.0018070251727303,0.0021916879194502,0.0,0.0
1m,0,0.1,3,0.025,all_disclosures_30d,21,in_sample,15,11,,,1,-0.0130887612030071,0.0027761404583496,-0.0029385687288933,0.0013254667801151,0.0042640355090084,0.0049345081640504,0.007534382538634,0.0032117286902909,0.0028162346453901,-0.0064560807924888,-0.0148834906827768,0.051429170887872,0.0752610360355212,0.2,0.3111111111111111,0.2666666666666666,0.3444444444444444,0.0435056338482235,-0.0508138738261998,164.33333333333334,154.8,0.2,0.0018070251727303,0.0021916879194502,0.0,0.0
1m,0,0.1,3,0.05,all_disclosures_30d,21,in_sample,15,11,,,1,-0.0132307286426327,0.002886849140664,-0.0028834592206512,0.0011218108587565,0.0040052700794078,0.0049345081640504,0.007534382538634,0.0032117286902909,0.0028162346453901,-0.0064560807924888,-0.0148834906827768,0.051429170887872,0.0752610360355212,0.2,0.3111111111111111,0.2666666666666666,0.3444444444444444,0.0435056338482235,-0.0508138738261998,164.33333333333334,154.8,0.2,0.0018070251727303,0.0021916879194502,0.0,0.0
1m,0,0.1,3,0.1,all_disclosures_30d,21,in_sample,15,11,,,1,-0.0136281083038294,0.0031272311788329,-0.0027732402041671,0.0007144990160395,0.0034877392202066,0.0049345081640504,0.007534382538634,0.0032117286902909,0.0028162346453901,-0.0064560807924888,-0.0148834906827768,0.051429170887872,0.0752610360355212,0.2,0.3111111111111111,0.2666666666666666,0.3444444444444444,0.0435056338482235,-0.0508138738261998,164.33333333333334,154.8,0.2,0.0018070251727303,0.0021916879194502,0.0,0.0
1m,0,0.03,0,0.0,entry_clean_financing_30d,21,in_sample,42,28,,,1,-0.003120059114399,0.0322982756530269,0.0105289730726804,0.0070627318135675,-0.0034662412591128,0.0122722150465368,0.0168609267315903,0.0050665376043106,0.0201824252471368,-0.0114996190712441,0.0164658708579792,0.0417147780316373,0.0613954134178812,0.1666666666666666,0.3373015873015872,0.2142857142857142,0.2103174603174603,0.0361036800215665,-0.0520664569629529,230.16666666666663,732.7380952380952,1.0714285714285714,0.0038875853954041,0.018557974981776,0.0238095238095238,0.0079365079365079
1m,0,0.03,0,0.025,entry_clean_financing_30d,21,in_sample,42,28,,,1,-0.0029365366759493,0.0333177900787713,0.0110215880558774,0.0066292629972963,-0.004392325058581,0.0122722150465368,0.0168609267315903,0.0050665376043106,0.0201824252471368,-0.0114996190712441,0.0164658708579792,0.0417147780316373,0.0613954134178812,0.1666666666666666,0.3373015873015872,0.2142857142857142,0.2103174603174603,0.0361036800215665,-0.0520664569629529,230.16666666666663,732.7380952380952,1.0714285714285714,0.0038875853954041,0.018557974981776,0.0238095238095238,0.0079365079365079
1m,0,0.03,0,0.05,entry_clean_financing_30d,21,in_sample,42,28,,,1,-0.0027530142374997,0.0343691342198968,0.0115142030390744,0.0061957941810251,-0.0053184088580492,0.0122722150465368,0.0168609267315903,0.0050665376043106,0.0201824252471368,-0.0114996190712441,0.0164658708579792,0.0417147780316373,0.0613954134178812,0.1666666666666666,0.3373015873015872,0.2142857142857142,0.2103174603174603,0.0361036800215665,-0.0520664569629529,230.16666666666663,732.7380952380952,1.0714285714285714,0.0038875853954041,0.018557974981776,0.0238095238095238,0.0079365079365079
1m,0,0.03,0,0.1,entry_clean_financing_30d,21,in_sample,42,28,,,1,-0.0023593187796222,0.0365365882060184,0.0124994330054683,0.0053288565484828,-0.0071705764569855,0.0122722150465368,0.0168609267315903,0.0050665376043106,0.0201824252471368,-0.0114996190712441,0.0164658708579792,0.0417147780316373,0.0613954134178812,0.1666666666666666,0.3373015873015872,0.2142857142857142,0.2103174603174603,0.0361036800215665,-0.0520664569629529,230.16666666666663,732.7380952380952,1.0714285714285714,0.0038875853954041,0.018557974981776,0.0238095238095238,0.0079365079365079
1m,0,0.03,3,0.0,entry_clean_financing_30d,21,in_sample,47,31,,,1,-0.0015566432777775,0.0295494257207216,0.0103844280722761,0.0052450110590483,-0.0051394170132278,0.0119172732879034,0.0160939488642481,0.0065350542816659,0.0210943611545242,-0.0095558000034829,0.0180751112918414,0.0426425190080747,0.0624748942830551,0.1702127659574468,0.3439716312056737,0.2127659574468085,0.1914893617021276,0.0360477181094955,-0.0501779523485326,208.1914893617021,659.9148936170212,0.9574468085106383,0.0053678199280402,0.0194916616150021,0.0212765957446808,0.0070921985815602
1m,0,0.03,3,0.025,entry_clean_financing_30d,21,in_sample,47,31,,,1,-0.0013702681231295,0.0305509447719546,0.0108528276335062,0.0047837028698091,-0.0060691247636971,0.0119172732879034,0.0160939488642481,0.0065350542816659,0.0210943611545242,-0.0095558000034829,0.0180751112918414,0.0426425190080747,0.0624748942830551,0.1702127659574468,0.3439716312056737,0.2127659574468085,0.1914893617021276,0.0360477181094955,-0.0501779523485326,208.1914893617021,659.9148936170212,0.9574468085106383,0.0053678199280402,0.0194916616150021,0.0212765957446808,0.0070921985815602
1m,0,0.03,3,0.05,entry_clean_financing_30d,21,in_sample,47,31,,,1,-0.0012066135710787,0.0315221985192042,0.0113212271947363,0.0043223946805698,-0.0069988325141664,0.0119172732879034,0.0160939488642481,0.0065350542816659,0.0210943611545242,-0.0095558000034829,0.0180751112918414,0.0426425190080747,0.0624748942830551,0.1702127659574468,0.3439716312056737,0.2127659574468085,0.1914893617021276,0.0360477181094955,-0.0501779523485326,208.1914893617021,659.9148936170212,0.9574468085106383,0.0053678199280402,0.0194916616150021,0.0212765957446808,0.0070921985815602
1m,0,0.03,3,0.1,entry_clean_financing_30d,21,in_sample,47,31,,,1,-0.0008500359140673,0.0335090339766358,0.0122580263171964,0.0033997783020914,-0.008858248015105,0.0119172732879034,0.0160939488642481,0.0065350542816659,0.0210943611545242,-0.0095558000034829,0.0180751112918414,0.0426425190080747,0.0624748942830551,0.1702127659574468,0.3439716312056737,0.2127659574468085,0.1914893617021276,0.0360477181094955,-0.0501779523485326,208.1914893617021,659.9148936170212,0.9574468085106383,0.0053678199280402,0.0194916616150021,0.0212765957446808,0.0070921985815602
1m,0,0.05,0,0.0,entry_clean_financing_30d,21,in_sample,35,27,,,1,-0.0055716232749933,0.0284820100381272,0.0086843522982383,0.0025053752755957,-0.0061789770226426,0.0094095403681052,0.0128357845544318,0.0067534353849847,0.0188611421815433,0.0022941131641976,0.0275664690588825,0.0475657520035271,0.0673995303530737,0.2571428571428571,0.4000000000000001,0.1714285714285714,0.1904761904761904,0.0438124286295861,-0.0490214574432781,319.1142857142857,2055.742857142857,0.6285714285714286,0.0055678631692524,0.0180154690014125,0.0285714285714285,0.0
1m,0,0.05,0,0.025,entry_clean_financing_30d,21,in_sample,35,27,,,1,-0.0054804410272857,0.029360247587537,0.0090727010728105,0.0021013008817685,-0.006971400191042,0.0094095403681052,0.0128357845544318,0.0067534353849847,0.0188611421815433,0.0022941131641976,0.0275664690588825,0.0475657520035271,0.0673995303530737,0.2571428571428571,0.4000000000000001,0.1714285714285714,0.1904761904761904,0.0438124286295861,-0.0490214574432781,319.1142857142857,2055.742857142857,0.6285714285714286,0.0055678631692524,0.0180154690014125,0.0285714285714285,0.0
1m,0,0.05,0,0.05,entry_clean_financing_30d,21,in_sample,35,27,,,1,-0.0054311171084576,0.0302384851369468,0.0094610498473826,0.0016972264879412,-0.0077638233594413,0.0094095403681052,0.0128357845544318,0.0067534353849847,0.0188611421815433,0.0022941131641976,0.0275664690588825,0.0475657520035271,0.0673995303530737,0.2571428571428571,0.4000000000000001,0.1714285714285714,0.1904761904761904,0.0438124286295861,-0.0490214574432781,319.1142857142857,2055.742857142857,0.6285714285714286,0.0055678631692524,0.0180154690014125,0.0285714285714285,0.0
1m,0,0.05,0,0.1,entry_clean_financing_30d,21,in_sample,35,27,,,1,-0.0052159088783392,0.0319943114570374,0.0102377473965269,0.0008890777002867,-0.0093486696962401,0.0094095403681052,0.0128357845544318,0.0067534353849847,0.0188611421815433,0.0022941131641976,0.0275664690588825,0.0475657520035271,0.0673995303530737,0.2571428571428571,0.4000000000000001,0.1714285714285714,0.1904761904761904,0.0438124286295861,-0.0490214574432781,319.1142857142857,2055.742857142857,0.6285714285714286,0.0055678631692524,0.0180154690014125,0.0285714285714285,0.0
1m,0,0.05,3,0.0,entry_clean_financing_30d,21,in_sample,41,29,,,1,-0.0046002000354836,0.0256325432752824,0.0080328767056323,0.0026866343253964,-0.0053462423802358,0.0086231537261852,0.011685895950019,0.0057989510346296,0.0168924296177852,-0.0021948233048448,0.0224916611975898,0.0452072415589304,0.0653603201877592,0.2195121951219512,0.3739837398373983,0.1951219512195122,0.2032520325203251,0.0396800003341274,-0.0480938858560142,276.7317073170732,1755.1707317073171,0.5365853658536586,0.0047530539249716,0.015777983403194,0.024390243902439,0.0
1m,0,0.05,3,0.025,entry_clean_financing_30d,21,in_sample,41,29,,,1,-0.0045447942890055,0.0264328254803608,0.0083867822258071,0.0023260817063761,-0.0060607005194309,0.0086231537261852,0.011685895950019,0.0057989510346296,0.0168924296177852,-0.0021948233048448,0.0224916611975898,0.0452072415589304,0.0653603201877592,0.2195121951219512,0.3739837398373983,0.1951219512195122,0.2032520325203251,0.0396800003341274,-0.0480938858560142,276.7317073170732,1755.1707317073171,0.5365853658536586,0.0047530539249716,0.015777983403194,0.024390243902439,0.0
1m,0,0.05,3,0.05,entry_clean_financing_30d,21,in_sample,41,29,,,1,-0.0044780329980409,0.0272735105285271,0.0087406877459818,0.0019655290873557,-0.006775158658626,0.0086231537261852,0.011685895950019,0.0057989510346296,0.0168924296177852,-0.0021948233048448,0.0224916611975898,0.0452072415589304,0.0653603201877592,0.2195121951219512,0.3739837398373983,0.1951219512195122,0.2032520325203251,0.0396800003341274,-0.0480938858560142,276.7317073170732,1755.1707317073171,0.5365853658536586,0.0047530539249716,0.015777983403194,0.024390243902439,0.0
1m,0,0.05,3,0.1,entry_clean_financing_30d,21,in_sample,41,29,,,1,-0.0043328297594689,0.0288573761365633,0.0094484987863313,0.001244423849315,-0.0082040749370163,0.0086231537261852,0.011685895950019,0.0057989510346296,0.0168924296177852,-0.0021948233048448,0.0224916611975898,0.0452072415589304,0.0653603201877592,0.2195121951219512,0.3739837398373983,0.1951219512195122,0.2032520325203251,0.0396800003341274,-0.0480938858560142,276.7317073170732,1755.1707317073171,0.5365853658536586,0.0047530539249716,0.015777983403194,0.024390243902439,0.0
1m,0,0.1,0,0.0,entry_clean_financing_30d,21,in_sample,21,17,,,1,-0.0078397592632463,0.0283163751081181,0.0074363141987371,0.0027798549273992,-0.0046564592713378,0.0053012642338743,0.0087171894538422,0.0023877414678759,0.0132373083588419,-0.0032526340029726,0.0411784122889502,0.057910572594959,0.0785500273683886,0.2857142857142857,0.5396825396825397,0.2857142857142857,0.1825396825396825,0.04651666555219,-0.059284496032493,106.95238095238096,330.5238095238095,0.1428571428571428,0.0012907322662359,0.0123737096185166,0.0,0.0
1m,0,0.1,0,0.025,entry_clean_financing_30d,21,in_sample,21,17,,,1,-0.0077691873159398,0.029154504881332,0.0077929515015104,0.0025876297848554,-0.0052053217166549,0.0053012642338743,0.0087171894538422,0.0023877414678759,0.0132373083588419,-0.0032526340029726,0.0411784122889502,0.057910572594959,0.0785500273683886,0.2857142857142857,0.5396825396825397,0.2857142857142857,0.1825396825396825,0.04651666555219,-0.059284496032493,106.95238095238096,330.5238095238095,0.1428571428571428,0.0012907322662359,0.0123737096185166,0.0,0.0
1m,0,0.1,0,0.05,entry_clean_financing_30d,21,in_sample,21,17,,,1,-0.007764679768053,0.0300114600843071,0.0081495888042838,0.0023954046423117,-0.005754184161972,0.0053012642338743,0.0087171894538422,0.0023877414678759,0.0132373083588419,-0.0032526340029726,0.0411784122889502,0.057910572594959,0.0785500273683886,0.2857142857142857,0.5396825396825397,0.2857142857142857,0.1825396825396825,0.04651666555219,-0.059284496032493,106.95238095238096,330.5238095238095,0.1428571428571428,0.0012907322662359,0.0123737096185166,0.0,0.0
1m,0,0.1,0,0.1,entry_clean_financing_30d,21,in_sample,21,17,,,1,-0.007731306128377,0.0317393410998541,0.0088628634098305,0.0020109543572242,-0.0068519090526063,0.0053012642338743,0.0087171894538422,0.0023877414678759,0.0132373083588419,-0.0032526340029726,0.0411784122889502,0.057910572594959,0.0785500273683886,0.2857142857142857,0.5396825396825397,0.2857142857142857,0.1825396825396825,0.04651666555219,-0.059284496032493,106.95238095238096,330.5238095238095,0.1428571428571428,0.0012907322662359,0.0123737096185166,0.0,0.0
1m,0,0.1,3,0.0,entry_clean_financing_30d,21,in_sample,25,18,,,1,-0.0071789045316725,0.0249939564660152,0.005876218343109,0.0026005560150062,-0.0032756623281028,0.0048801203441336,0.0078523649798017,0.0021113836266684,0.010957644392775,-0.0116136211193448,0.0289043101137135,0.0575262895366133,0.0769124115152919,0.24,0.4599999999999999,0.32,0.2066666666666666,0.042124439965566,-0.0629875705921299,114.6,277.64,0.12,0.0010842151036382,0.0101708140651618,0.0,0.0
1m,0,0.1,3,0.025,entry_clean_financing_30d,21,in_sample,25,18,,,1,-0.0071416401673272,0.0257866940794111,0.0061716809781534,0.0024257684157361,-0.0037459125624172,0.0048801203441336,0.0078523649798017,0.0021113836266684,0.010957644392775,-0.0116136211193448,0.0289043101137135,0.0575262895366133,0.0769124115152919,0.24,0.4599999999999999,0.32,0.2066666666666666,0.042124439965566,-0.0629875705921299,114.6,277.64,0.12,0.0010842151036382,0.0101708140651618,0.0,0.0
1m,0,0.1,3,0.05,entry_clean_financing_30d,21,in_sample,25,18,,,1,-0.0070795623865812,0.0265492021202856,0.0064671436131978,0.0022509808164661,-0.0042161627967317,0.0048801203441336,0.0078523649798017,0.0021113836266684,0.010957644392775,-0.0116136211193448,0.0289043101137135,0.0575262895366133,0.0769124115152919,0.24,0.4599999999999999,0.32,0.2066666666666666,0.042124439965566,-0.0629875705921299,114.6,277.64,0.12,0.0010842151036382,0.0101708140651618,0.0,0.0
1m,0,0.1,3,0.1,entry_clean_financing_30d,21,in_sample,25,18,,,1,-0.0069692500380521,0.0280586104027225,0.0070580688832865,0.0019014056179259,-0.0051566632653605,0.0048801203441336,0.0078523649798017,0.0021113836266684,0.010957644392775,-0.0116136211193448,0.0289043101137135,0.0575262895366133,0.0769124115152919,0.24,0.4599999999999999,0.32,0.2066666666666666,0.042124439965566,-0.0629875705921299,114.6,277.64,0.12,0.0010842151036382,0.0101708140651618,0.0,0.0
1m,1,0.03,0,0.0,all_disclosures_30d,21,in_sample,21,18,,,2,-0.0141200443436594,0.0198216949170449,0.0018622351722447,0.0006691357097507,-0.0011930994624939,0.0153020878580039,0.0202049260437387,0.0144893477304655,0.0212491553042723,0.0097804991434056,0.0104979548092546,0.052184533635691,0.0632908144448077,0.2857142857142857,0.3015873015873016,0.1904761904761904,0.2698412698412699,0.0472924568678855,-0.0419153152194434,228.23809523809524,1998.0,0.8571428571428571,0.0131514401254774,0.0196675919500444,0.0,0.0
1m,1,0.03,0,0.025,all_disclosures_30d,21,in_sample,21,18,,,2,-0.0141425884964601,0.0205108796280774,0.0021538013162332,-7.565017996096042e-05,-0.0022294514961942,0.0153020878580039,0.0202049260437387,0.0144893477304655,0.0212491553042723,0.0097804991434056,0.0104979548092546,0.052184533635691,0.0632908144448077,0.2857142857142857,0.3015873015873016,0.1904761904761904,0.2698412698412699,0.0472924568678855,-0.0419153152194434,228.23809523809524,1998.0,0.8571428571428571,0.0131514401254774,0.0196675919500444,0.0,0.0
1m,1,0.03,0,0.05,all_disclosures_30d,21,in_sample,21,18,,,2,-0.0142830433434234,0.0212006842095543,0.0024453674602217,-0.0008204360696726,-0.0032658035298944,0.0153020878580039,0.0202049260437387,0.0144893477304655,0.0212491553042723,0.0097804991434056,0.0104979548092546,0.052184533635691,0.0632908144448077,0.2857142857142857,0.3015873015873016,0.1904761904761904,0.2698412698412699,0.0472924568678855,-0.0419153152194434,228.23809523809524,1998.0,0.8571428571428571,0.0131514401254774,0.0196675919500444,0.0,0.0
1m,1,0.03,0,0.1,all_disclosures_30d,21,in_sample,21,18,,,2,-0.0144147572504512,0.0225374215057224,0.0030284997481988,-0.0023100078490961,-0.005338507597295,0.0153020878580039,0.0202049260437387,0.0144893477304655,0.0212491553042723,0.0097804991434056,0.0104979548092546,0.052184533635691,0.0632908144448077,0.2857142857142857,0.3015873015873016,0.1904761904761904,0.2698412698412699,0.0472924568678855,-0.0419153152194434,228.23809523809524,1998.0,0.8571428571428571,0.0131514401254774,0.0196675919500444,0.0,0.0
1m,1,0.03,3,0.0,all_disclosures_30d,21,in_sample,25,21,,,1,-0.0113800124990123,0.016950355153904,0.0019048022135531,0.0004718155603385,-0.0014329866532145,0.014093537743583,0.0182612681723992,0.0134880478300162,0.0195569828152882,0.0098589513968244,0.0081409031603072,0.049702877749489,0.0618943014686892,0.28,0.3,0.16,0.2866666666666666,0.0451094390784483,-0.0431304202675974,195.52,1683.6,0.72,0.0120655203964819,0.0184188301444313,0.0,0.0
1m,1,0.03,3,0.025,all_disclosures_30d,21,in_sample,25,21,,,1,-0.0114018641803685,0.0175683827006283,0.0021607188489053,-0.0002177240790014,-0.0023784429279067,0.014093537743583,0.0182612681723992,0.0134880478300162,0.0195569828152882,0.0098589513968244,0.0081409031603072,0.049702877749489,0.0618943014686892,0.28,0.3,0.16,0.2866666666666666,0.0451094390784483,-0.0431304202675974,195.52,1683.6,0.72,0.0120655203964819,0.0184188301444313,0.0,0.0
1m,1,0.03,3,0.05,all_disclosures_30d,21,in_sample,25,21,,,1,-0.0114895039900166,0.0181864102473526,0.0024166354842575,-0.0009072637183414,-0.0033238992025989,0.014093537743583,0.0182612681723992,0.0134880478300162,0.0195569828152882,0.0098589513968244,0.0081409031603072,0.049702877749489,0.0618943014686892,0.28,0.3,0.16,0.2866666666666666,0.0451094390784483,-0.0431304202675974,195.52,1683.6,0.72,0.0120655203964819,0.0184188301444313,0.0,0.0
1m,1,0.03,3,0.1,all_disclosures_30d,21,in_sample,25,21,,,1,-0.0115459873326874,0.0194080647482566,0.0029284687549619,-0.0022863429970213,-0.0052148117519833,0.014093537743583,0.0182612681723992,0.0134880478300162,0.0195569828152882,0.0098589513968244,0.0081409031603072,0.049702877749489,0.0618943014686892,0.28,0.3,0.16,0.2866666666666666,0.0451094390784483,-0.0431304202675974,195.52,1683.6,0.72,0.0120655203964819,0.0184188301444313,0.0,0.0
1m,1,0.05,0,0.0,all_disclosures_30d,21,in_sample,19,17,,,3,-0.0183084728869022,0.0019450241385831,-0.0071017884800046,0.0027424440408509,0.0098442325208555,0.0110210571378404,0.0141436355695916,0.0081278499996381,0.0041445062451633,0.0037289191818581,-0.0036625413553505,0.050506109471952,0.0519287718238353,0.2631578947368421,0.2543859649122806,0.2105263157894736,0.2807017543859649,0.0440076072624807,-0.0456027173526094,273.8421052631579,3728.631578947368,1.2105263157894737,0.0063189809524535,0.0023022861004187,0.0,0.0
1m,1,0.05,0,0.025,all_disclosures_30d,21,in_sample,19,17,,,3,-0.0185773232441566,0.0020130017600587,-0.0071233076130726,0.0022637213624139,0.0093870289754866,0.0110210571378404,0.0141436355695916,0.0081278499996381,0.0041445062451633,0.0037289191818581,-0.0036625413553505,0.050506109471952,0.0519287718238353,0.2631578947368421,0.2543859649122806,0.2105263157894736,0.2807017543859649,0.0440076072624807,-0.0456027173526094,273.8421052631579,3728.631578947368,1.2105263157894737,0.0063189809524535,0.0023022861004187,0.0,0.0
1m,1,0.05,0,0.05,all_disclosures_30d,21,in_sample,19,17,,,3,-0.0188060220707337,0.0020846223391218,-0.0071448267461407,0.001784998683977,0.0089298254301178,0.0110210571378404,0.0141436355695916,0.0081278499996381,0.0041445062451633,0.0037289191818581,-0.0036625413553505,0.050506109471952,0.0519287718238353,0.2631578947368421,0.2543859649122806,0.2105263157894736,0.2807017543859649,0.0440076072624807,-0.0456027173526094,273.8421052631579,3728.631578947368,1.2105263157894737,0.0063189809524535,0.0023022861004187,0.0,0.0
1m,1,0.05,0,0.1,all_disclosures_30d,21,in_sample,19,17,,,3,-0.0192627880898641,0.0022314515537784,-0.0071878650122769,0.000827553327103,0.00801541833938,0.0110210571378404,0.0141436355695916,0.0081278499996381,0.0041445062451633,0.0037289191818581,-0.0036625413553505,0.050506109471952,0.0519287718238353,0.2631578947368421,0.2543859649122806,0.2105263157894736,0.2807017543859649,0.0440076072624807,-0.0456027173526094,273.8421052631579,3728.631578947368,1.2105263157894737,0.0063189809524535,0.0023022861004187,0.0,0.0
1m,1,0.05,3,0.0,all_disclosures_30d,21,in_sample,20,18,,,3,-0.0175309332883857,0.0030642364617915,-0.0061985906616849,0.0027251529710881,0.008923743632773,0.0106020674980949,0.0139653314529305,0.0077322823535207,0.004893007187549,0.0031560259398035,-5.468213226981766e-05,0.0483672512813161,0.0536164498368392,0.25,0.2916666666666667,0.2,0.2833333333333333,0.0425508943598459,-0.0444840883046369,260.55,3542.2,1.15,0.0060030319048309,0.0034392238659658,0.0,0.0
1m,1,0.05,3,0.025,all_disclosures_30d,21,in_sample,20,18,,,3,-0.0176559175113108,0.0032298220191127,-0.0061854909419633,0.0022667942247977,0.0084522851667611,0.0106020674980949,0.0139653314529305,0.0077322823535207,0.004893007187549,0.0031560259398035,-5.468213226981766e-05,0.0483672512813161,0.0536164498368392,0.25,0.2916666666666667,0.2,0.2833333333333333,0.0425508943598459,-0.0444840883046369,260.55,3542.2,1.15,0.0060030319048309,0.0034392238659658,0.0,0.0
1m,1,0.05,3,0.05,all_disclosures_30d,21,in_sample,20,18,,,3,-0.0177978775487451,0.0033715875522718,-0.0061723912222417,0.0018084354785073,0.0079808267007491,0.0106020674980949,0.0139653314529305,0.0077322823535207,0.004893007187549,0.0031560259398035,-5.468213226981766e-05,0.0483672512813161,0.0536164498368392,0.25,0.2916666666666667,0.2,0.2833333333333333,0.0425508943598459,-0.0444840883046369,260.55,3542.2,1.15,0.0060030319048309,0.0034392238659658,0.0,0.0
1m,1,0.05,3,0.1,all_disclosures_30d,21,in_sample,20,18,,,3,-0.0182820879355747,0.0037551530894851,-0.0061461917827985,0.0008917179859265,0.0070379097687251,0.0106020674980949,0.0139653314529305,0.0077322823535207,0.004893007187549,0.0031560259398035,-5.468213226981766e-05,0.0483672512813161,0.0536164498368392,0.25,0.2916666666666667,0.2,0.2833333333333333,0.0425508943598459,-0.0444840883046369,260.55,3542.2,1.15,0.0060030319048309,0.0034392238659658,0.0,0.0
1m,1,0.1,0,0.0,all_disclosures_30d,21,in_sample,10,9,,,3,-0.0161754787429888,0.0009694742726961,-0.0057049152583548,0.0003764526431727,0.0060813679015276,0.004540463390628,0.0079705247584928,0.0040727797926114,0.0017971250807829,0.0361144037632864,0.0103313019371467,0.0521847509761298,0.0536887382575492,0.4,0.3333333333333333,0.1,0.2333333333333333,0.0538327919926947,-0.0327098146924828,314.8,474.1,1.4,0.0032879458691838,0.0009712364587224,0.0,0.0
1m,1,0.1,0,0.025,all_disclosures_30d,21,in_sample,10,9,,,3,-0.016422594533337,0.0010609790299683,-0.0056760550919539,0.0001611215635917,0.0058371766555457,0.004540463390628,0.0079705247584928,0.0040727797926114,0.0017971250807829,0.0361144037632864,0.0103313019371467,0.0521847509761298,0.0536887382575492,0.4,0.3333333333333333,0.1,0.2333333333333333,0.0538327919926947,-0.0327098146924828,314.8,474.1,1.4,0.0032879458691838,0.0009712364587224,0.0,0.0
1m,1,0.1,0,0.05,all_disclosures_30d,21,in_sample,10,9,,,3,-0.0166931199954918,0.0011353212338601,-0.005647194925553,-5.420951598927232e-05,0.0055929854095638,0.004540463390628,0.0079705247584928,0.0040727797926114,0.0017971250807829,0.0361144037632864,0.0103313019371467,0.0521847509761298,0.0536887382575492,0.4,0.3333333333333333,0.1,0.2333333333333333,0.0538327919926947,-0.0327098146924828,314.8,474.1,1.4,0.0032879458691838,0.0009712364587224,0.0,0.0
1m,1,0.1,0,0.1,all_disclosures_30d,21,in_sample,10,9,,,3,-0.0171958192126135,0.0013235018576233,-0.0055894745927512,-0.0004848716751512,0.0051046029176,0.004540463390628,0.0079705247584928,0.0040727797926114,0.0017971250807829,0.0361144037632864,0.0103313019371467,0.0521847509761298,0.0536887382575492,0.4,0.3333333333333333,0.1,0.2333333333333333,0.0538327919926947,-0.0327098146924828,314.8,474.1,1.4,0.0032879458691838,0.0009712364587224,0.0,0.0
1m,1,0.1,3,0.0,all_disclosures_30d,21,in_sample,14,12,,,3,-0.0115137644128248,0.0022380194471573,-0.0037996331225553,0.0023322320827438,0.0061318652052992,0.0056675749895349,0.0076623676090288,0.0031691055489498,0.0013572957899654,0.0071558879163562,-0.0015895367574278,0.0559149368975125,0.0560916161901813,0.2857142857142857,0.2738095238095238,0.2142857142857142,0.3095238095238095,0.0484900968769545,-0.0461494494413651,263.85714285714283,407.2857142857143,1.2142857142857142,0.0023485327637027,0.0006937403276588,0.0,0.0
1m,1,0.1,3,0.025,all_disclosures_30d,21,in_sample,14,12,,,3,-0.0115738862629306,0.0022115323457007,-0.0037950585510426,0.0021113150692817,0.0059063736203244,0.0056675749895349,0.0076623676090288,0.0031691055489498,0.0013572957899654,0.0071558879163562,-0.0015895367574278,0.0559149368975125,0.0560916161901813,0.2857142857142857,0.2738095238095238,0.2142857142857142,0.3095238095238095,0.0484900968769545,-0.0461494494413651,263.85714285714283,407.2857142857143,1.2142857142857142,0.0023485327637027,0.0006937403276588,0.0,0.0
1m,1,0.1,3,0.05,all_disclosures_30d,21,in_sample,14,12,,,3,-0.0116353325983152,0.0022015650366274,-0.0037904839795299,0.0018903980558196,0.0056808820353495,0.0056675749895349,0.0076623676090288,0.0031691055489498,0.0013572957899654,0.0071558879163562,-0.0015895367574278,0.0559149368975125,0.0560916161901813,0.2857142857142857,0.2738095238095238,0.2142857142857142,0.3095238095238095,0.0484900968769545,-0.0461494494413651,263.85714285714283,407.2857142857143,1.2142857142857142,0.0023485327637027,0.0006937403276588,0.0,0.0
1m,1,0.1,3,0.1,all_disclosures_30d,21,in_sample,14,12,,,3,-0.0117460152293946,0.0022069719826238,-0.0037813348365044,0.0014485640288953,0.0052298988653998,0.0056675749895349,0.0076623676090288,0.0031691055489498,0.0013572957899654,0.0071558879163562,-0.0015895367574278,0.0559149368975125,0.0560916161901813,0.2857142857142857,0.2738095238095238,0.2142857142857142,0.3095238095238095,0.0484900968769545,-0.0461494494413651,263.85714285714283,407.2857142857143,1.2142857142857142,0.0023485327637027,0.0006937403276588,0.0,0.0
1m,1,0.03,0,0.0,entry_clean_financing_30d,21,in_sample,50,34,,,1,-0.0062291604836601,0.0199759369245385,0.0058202054980599,0.002323755824045,-0.0034964496740149,0.0140090458055167,0.0174358060986304,0.0115503738961369,0.0207933630041704,-0.0009397420717469,0.0225893067662657,0.0492376121770436,0.0573938020657326,0.2,0.3,0.22,0.1466666666666666,0.0446140321872402,-0.0514684500379193,398.26,1351.3,0.74,0.0103713029216076,0.0192788705308549,0.0,0.0266666666666666
1m,1,0.03,0,0.025,entry_clean_financing_30d,21,in_sample,50,34,,,1,-0.006174118997001,0.0205894435482533,0.0061369492330886,0.0016847703315037,-0.0044521789015849,0.0140090458055167,0.0174358060986304,0.0115503738961369,0.0207933630041704,-0.0009397420717469,0.0225893067662657,0.0492376121770436,0.0573938020657326,0.2,0.3,0.22,0.1466666666666666,0.0446140321872402,-0.0514684500379193,398.26,1351.3,0.74,0.0103713029216076,0.0192788705308549,0.0,0.0266666666666666
1m,1,0.03,0,0.05,entry_clean_financing_30d,21,in_sample,50,34,,,1,-0.006105621025446,0.021202950171968,0.0064536929681173,0.0010457848389623,-0.0054079081291549,0.0140090458055167,0.0174358060986304,0.0115503738961369,0.0207933630041704,-0.0009397420717469,0.0225893067662657,0.0492376121770436,0.0573938020657326,0.2,0.3,0.22,0.1466666666666666,0.0446140321872402,-0.0514684500379193,398.26,1351.3,0.74,0.0103713029216076,0.0192788705308549,0.0,0.0266666666666666
1m,1,0.03,0,0.1,entry_clean_financing_30d,21,in_sample,50,34,,,1,-0.0059703492096182,0.0224372076642506,0.0070871804381747,-0.0002321861461202,-0.007319366584295,0.0140090458055167,0.0174358060986304,0.0115503738961369,0.0207933630041704,-0.0009397420717469,0.0225893067662657,0.0492376121770436,0.0573938020657326,0.2,0.3,0.22,0.1466666666666666,0.0446140321872402,-0.0514684500379193,398.26,1351.3,0.74,0.0103713029216076,0.0192788705308549,0.0,0.0266666666666666
1m,1,0.03,3,0.0,entry_clean_financing_30d,21,in_sample,58,37,,,1,-0.004990709956417,0.0172109292801561,0.0055092606756251,0.000399165450906,-0.005110095224719,0.0134432541872735,0.0167424023335936,0.0129140603274984,0.0217190550405038,0.0018639065835639,0.0217671257273443,0.0505035736876264,0.0596919639709724,0.2241379310344827,0.3074712643678161,0.2068965517241379,0.1781609195402299,0.0453708120505025,-0.0504077455105234,349.1551724137931,1168.1724137931035,0.6379310344827587,0.0118696973517329,0.0204139317739233,0.0,0.0344827586206896
1m,1,0.03,3,0.025,entry_clean_financing_30d,21,in_sample,58,37,,,1,-0.0049369931971687,0.0177817408479791,0.0058118642471082,-0.0002597674119632,-0.0060716316590715,0.0134432541872735,0.0167424023335936,0.0129140603274984,0.0217190550405038,0.0018639065835639,0.0217671257273443,0.0505035736876264,0.0596919639709724,0.2241379310344827,0.3074712643678161,0.2068965517241379,0.1781609195402299,0.0453708120505025,-0.0504077455105234,349.1551724137931,1168.1724137931035,0.6379310344827587,0.0118696973517329,0.0204139317739233,0.0,0.0344827586206896
1m,1,0.03,3,0.05,entry_clean_financing_30d,21,in_sample,58,37,,,1,-0.004856787143292,0.0183720804588095,0.0061144678185914,-0.0009187002748325,-0.0070331680934239,0.0134432541872735,0.0167424023335936,0.0129140603274984,0.0217190550405038,0.0018639065835639,0.0217671257273443,0.0505035736876264,0.0596919639709724,0.2241379310344827,0.3074712643678161,0.2068965517241379,0.1781609195402299,0.0453708120505025,-0.0504077455105234,349.1551724137931,1168.1724137931035,0.6379310344827587,0.0118696973517329,0.0204139317739233,0.0,0.0344827586206896
1m,1,0.03,3,0.1,entry_clean_financing_30d,21,in_sample,58,37,,,1,-0.0046917830156238,0.0195692757870199,0.0067196749615576,-0.0022365660005711,-0.0089562409621288,0.0134432541872735,0.0167424023335936,0.0129140603274984,0.0217190550405038,0.0018639065835639,0.0217671257273443,0.0505035736876264,0.0596919639709724,0.2241379310344827,0.3074712643678161,0.2068965517241379,0.1781609195402299,0.0453708120505025,-0.0504077455105234,349.1551724137931,1168.1724137931035,0.6379310344827587,0.0118696973517329,0.0204139317739233,0.0,0.0344827586206896
1m,1,0.05,0,0.0,entry_clean_financing_30d,21,in_sample,43,30,,,1,-0.011113252763553,0.0114134129518453,-0.0005989123942496,-0.0003387809230556,0.000260131471194,0.0100346098394677,0.0126559169289968,0.0102399668329505,0.0122574434069778,0.0069472156378566,0.0205745424034026,0.0530605704354521,0.055261504743094,0.2558139534883721,0.3333333333333333,0.2093023255813953,0.1627906976744186,0.0493526450342703,-0.0481222192975355,412.953488372093,2323.5813953488373,0.9302325581395348,0.0089735187664546,0.0102897151146322,0.0,0.0193798449612403
1m,1,0.05,0,0.025,entry_clean_financing_30d,21,in_sample,43,30,,,1,-0.0112255899607101,0.0118211023881258,-0.0004829428026607,-0.000845645339866,-0.0003627025372053,0.0100346098394677,0.0126559169289968,0.0102399668329505,0.0122574434069778,0.0069472156378566,0.0205745424034026,0.0530605704354521,0.055261504743094,0.2558139534883721,0.3333333333333333,0.2093023255813953,0.1627906976744186,0.0493526450342703,-0.0481222192975355,412.953488372093,2323.5813953488373,0.9302325581395348,0.0089735187664546,0.0102897151146322,0.0,0.0193798449612403
1m,1,0.05,0,0.05,entry_clean_financing_30d,21,in_sample,43,30,,,1,-0.0113491815196265,0.0122287918244063,-0.0003669732110718,-0.0013525097566765,-0.0009855365456047,0.0100346098394677,0.0126559169289968,0.0102399668329505,0.0122574434069778,0.0069472156378566,0.0205745424034026,0.0530605704354521,0.055261504743094,0.2558139534883721,0.3333333333333333,0.2093023255813953,0.1627906976744186,0.0493526450342703,-0.0481222192975355,412.953488372093,2323.5813953488373,0.9302325581395348,0.0089735187664546,0.0102897151146322,0.0,0.0193798449612403
1m,1,0.05,0,0.1,entry_clean_financing_30d,21,in_sample,43,30,,,1,-0.0115312411766974,0.0130441706969673,-0.000135034027894,-0.0023662385902974,-0.0022312045624034,0.0100346098394677,0.0126559169289968,0.0102399668329505,0.0122574434069778,0.0069472156378566,0.0205745424034026,0.0530605704354521,0.055261504743094,0.2558139534883721,0.3333333333333333,0.2093023255813953,0.1627906976744186,0.0493526450342703,-0.0481222192975355,412.953488372093,2323.5813953488373,0.9302325581395348,0.0089735187664546,0.0102897151146322,0.0,0.0193798449612403
1m,1,0.05,3,0.0,entry_clean_financing_30d,21,in_sample,51,34,,,1,-0.0083316835300283,0.011291968396555,0.000897396378908,0.0009266818102723,2.9285431364293835e-05,0.0097224730535635,0.0124690417189211,0.0086611644077861,0.0123011540157433,-5.857679601394512e-05,0.0180636363541168,0.0511729394823827,0.0564748008020343,0.2156862745098039,0.3104575163398692,0.2352941176470588,0.1862745098039215,0.0446975206357326,-0.0530024505871638,352.94117647058823,1959.43137254902,0.7843137254901961,0.0075659079795598,0.0107570636660951,0.0,0.022875816993464
1m,1,0.05,3,0.025,entry_clean_financing_30d,21,in_sample,51,34,,,1,-0.0083361455455655,0.0117393846355619,0.0010570603357409,0.0004670908737385,-0.0005899694620023,0.0097224730535635,0.0124690417189211,0.0086611644077861,0.0123011540157433,-5.857679601394512e-05,0.0180636363541168,0.0511729394823827,0.0564748008020343,0.2156862745098039,0.3104575163398692,0.2352941176470588,0.1862745098039215,0.0446975206357326,-0.0530024505871638,352.94117647058823,1959.43137254902,0.7843137254901961,0.0075659079795598,0.0107570636660951,0.0,0.022875816993464
1m,1,0.05,3,0.05,entry_clean_financing_30d,21,in_sample,51,34,,,1,-0.0083860112301489,0.0121801988063831,0.0012167242925737,7.499937204856086e-06,-0.0012092243553689,0.0097224730535635,0.0124690417189211,0.0086611644077861,0.0123011540157433,-5.857679601394512e-05,0.0180636363541168,0.0511729394823827,0.0564748008020343,0.2156862745098039,0.3104575163398692,0.2352941176470588,0.1862745098039215,0.0446975206357326,-0.0530024505871638,352.94117647058823,1959.43137254902,0.7843137254901961,0.0075659079795598,0.0107570636660951,0.0,0.022875816993464
1m,1,0.05,3,0.1,entry_clean_financing_30d,21,in_sample,51,34,,,1,-0.0083579214963888,0.0129382236378302,0.0015360522062395,-0.0009116819358626,-0.0024477341421021,0.0097224730535635,0.0124690417189211,0.0086611644077861,0.0123011540157433,-5.857679601394512e-05,0.0180636363541168,0.0511729394823827,0.0564748008020343,0.2156862745098039,0.3104575163398692,0.2352941176470588,0.1862745098039215,0.0446975206357326,-0.0530024505871638,352.94117647058823,1959.43137254902,0.7843137254901961,0.0075659079795598,0.0107570636660951,0.0,0.022875816993464
1m,1,0.1,0,0.0,entry_clean_financing_30d,21,in_sample,24,19,,,2,-0.011107771011977,0.01362831731429,-0.0005418370972582,1.82059441601835e-05,0.0005600430414184,0.0063022249661939,0.0091162463740603,0.0061806044672672,0.0084497817409251,0.0284496164286079,0.0249834494740232,0.0635730994376978,0.0677003507673226,0.375,0.3888888888888888,0.1666666666666666,0.1875,0.0639323869792342,-0.0525144755608794,328.3333333333333,643.9166666666666,1.2083333333333333,0.0034355101045908,0.0070717267713066,0.0416666666666666,0.0208333333333333
1m,1,0.1,0,0.025,entry_clean_financing_30d,21,in_sample,24,19,,,2,-0.0111814410847305,0.0140433423715907,-0.0004147571302201,-0.0002938647916763,0.0001208923385437,0.0063022249661939,0.0091162463740603,0.0061806044672672,0.0084497817409251,0.0284496164286079,0.0249834494740232,0.0635730994376978,0.0677003507673226,0.375,0.3888888888888888,0.1666666666666666,0.1875,0.0639323869792342,-0.0525144755608794,328.3333333333333,643.9166666666666,1.2083333333333333,0.0034355101045908,0.0070717267713066,0.0416666666666666,0.0208333333333333
1m,1,0.1,0,0.05,entry_clean_financing_30d,21,in_sample,24,19,,,2,-0.0112639155173079,0.0144824996335731,-0.000287677163182,-0.0006059355275128,-0.0003182583643308,0.0063022249661939,0.0091162463740603,0.0061806044672672,0.0084497817409251,0.0284496164286079,0.0249834494740232,0.0635730994376978,0.0677003507673226,0.375,0.3888888888888888,0.1666666666666666,0.1875,0.0639323869792342,-0.0525144755608794,328.3333333333333,643.9166666666666,1.2083333333333333,0.0034355101045908,0.0070717267713066,0.0416666666666666,0.0208333333333333
1m,1,0.1,0,0.1,entry_clean_financing_30d,21,in_sample,24,19,,,2,-0.0114647795129347,0.0153985360371916,-3.351722910580173e-05,-0.0012300769991859,-0.0011965597700801,0.0063022249661939,0.0091162463740603,0.0061806044672672,0.0084497817409251,0.0284496164286079,0.0249834494740232,0.0635730994376978,0.0677003507673226,0.375,0.3888888888888888,0.1666666666666666,0.1875,0.0639323869792342,-0.0525144755608794,328.3333333333333,643.9166666666666,1.2083333333333333,0.0034355101045908,0.0070717267713066,0.0416666666666666,0.0208333333333333
1m,1,0.1,3,0.0,entry_clean_financing_30d,21,in_sample,30,23,,,1,-0.0090146266509311,0.0115244021248834,-0.0004780852338289,0.0002555447011609,0.0007336299349899,0.0055193946006508,0.0079725736915103,0.0051179186321182,0.0070870561617809,0.0114412406885733,0.0202245774496023,0.0623239908280007,0.0650209196428261,0.3,0.3722222222222221,0.2333333333333333,0.1999999999999999,0.0533024386059795,-0.0559744733785953,271.2333333333333,515.1333333333333,0.9666666666666668,0.0027484080836726,0.0057880043250377,0.0333333333333333,0.0166666666666666
1m,1,0.1,3,0.025,entry_clean_financing_30d,21,in_sample,30,23,,,1,-0.0090926481847675,0.0118958751789806,-0.0003675273183159,-1.0388129658269536e-05,0.0003571391886576,0.0055193946006508,0.0079725736915103,0.0051179186321182,0.0070870561617809,0.0114412406885733,0.0202245774496023,0.0623239908280007,0.0650209196428261,0.3,0.3722222222222221,0.2333333333333333,0.1999999999999999,0.0533024386059795,-0.0559744733785953,271.2333333333333,515.1333333333333,0.9666666666666668,0.0027484080836726,0.0057880043250377,0.0333333333333333,0.0166666666666666
1m,1,0.1,3,0.05,entry_clean_financing_30d,21,in_sample,30,23,,,1,-0.0091554305432916,0.012267697683034,-0.0002569694028028,-0.0002763209604774,-1.935155767463486e-05,0.0055193946006508,0.0079725736915103,0.0051179186321182,0.0070870561617809,0.0114412406885733,0.0202245774496023,0.0623239908280007,0.0650209196428261,0.3,0.3722222222222221,0.2333333333333333,0.1999999999999999,0.0533024386059795,-0.0559744733785953,271.2333333333333,515.1333333333333,0.9666666666666668,0.0027484080836726,0.0057880043250377,0.0333333333333333,0.0166666666666666
1m,1,0.1,3,0.1,entry_clean_financing_30d,21,in_sample,30,23,,,1,-0.0092992502794202,0.013071779287328,-3.585357177675443e-05,-0.0008081866221159,-0.0007723330503392,0.0055193946006508,0.0079725736915103,0.0051179186321182,0.0070870561617809,0.0114412406885733,0.0202245774496023,0.0623239908280007,0.0650209196428261,0.3,0.3722222222222221,0.2333333333333333,0.1999999999999999,0.0533024386059795,-0.0559744733785953,271.2333333333333,515.1333333333333,0.9666666666666668,0.0027484080836726,0.0057880043250377,0.0333333333333333,0.0166666666666666
2m,0,0.03,0,0.0,all_disclosures_30d,21,in_sample,29,22,,,1,-0.0052036627122204,0.0221464117794485,0.0083917621661292,0.0043057875594547,-0.0040859746066745,0.0184767723305995,0.0239885910201447,0.0140255140879885,0.0279294527085695,-0.0044541014021149,0.0077025548499003,0.0419805559744115,0.0663367150708387,0.1724137931034483,0.3735632183908045,0.1724137931034483,0.2586206896551724,0.0336917694736219,-0.0474541243901705,971.8275862068964,911.7586206896552,6.137931034482759,0.0057567433524692,0.0171051250397853,0.0,0.0
2m,0,0.03,0,0.025,all_disclosures_30d,21,in_sample,29,22,,,1,-0.005112568095529,0.0230368104065818,0.0088771560988823,0.00349323039899,-0.0053839256998923,0.0184767723305995,0.0239885910201447,0.0140255140879885,0.0279294527085695,-0.0044541014021149,0.0077025548499003,0.0419805559744115,0.0663367150708387,0.1724137931034483,0.3735632183908045,0.1724137931034483,0.2586206896551724,0.0336917694736219,-0.0474541243901705,971.8275862068964,911.7586206896552,6.137931034482759,0.0057567433524692,0.0171051250397853,0.0,0.0
2m,0,0.03,0,0.05,all_disclosures_30d,21,in_sample,29,22,,,1,-0.0050141685725862,0.0239629597677842,0.0093625500316355,0.0026806732385253,-0.0066818767931102,0.0184767723305995,0.0239885910201447,0.0140255140879885,0.0279294527085695,-0.0044541014021149,0.0077025548499003,0.0419805559744115,0.0663367150708387,0.1724137931034483,0.3735632183908045,0.1724137931034483,0.2586206896551724,0.0336917694736219,-0.0474541243901705,971.8275862068964,911.7586206896552,6.137931034482759,0.0057567433524692,0.0171051250397853,0.0,0.0
2m,0,0.03,0,0.1,all_disclosures_30d,21,in_sample,29,22,,,1,-0.0047868422885018,0.0258810763149245,0.0103333378971418,0.0010555589175959,-0.0092777789795459,0.0184767723305995,0.0239885910201447,0.0140255140879885,0.0279294527085695,-0.0044541014021149,0.0077025548499003,0.0419805559744115,0.0663367150708387,0.1724137931034483,0.3735632183908045,0.1724137931034483,0.2586206896551724,0.0336917694736219,-0.0474541243901705,971.8275862068964,911.7586206896552,6.137931034482759,0.0057567433524692,0.0171051250397853,0.0,0.0
2m,0,0.03,3,0.0,all_disclosures_30d,21,in_sample,31,23,,,1,-0.0064352784530793,0.021587564237619,0.0070032489359741,0.0009608695351357,-0.0060423794008383,0.0187981035223013,0.0240444145883782,0.0176978617993133,0.029947711936608,0.0025312297771065,0.0087439302531494,0.0459701028067604,0.0690161376113171,0.2258064516129032,0.3655913978494623,0.1612903225806451,0.2580645161290322,0.0382920900637979,-0.0445725572986441,934.0645161290324,852.9354838709677,5.741935483870968,0.0097515259964542,0.0193447490250327,0.0,0.0
2m,0,0.03,3,0.025,all_disclosures_30d,21,in_sample,31,23,,,1,-0.0063665721858958,0.0224777350208281,0.0074406529660584,4.847040209542153e-05,-0.007392182563963,0.0187981035223013,0.0240444145883782,0.0176978617993133,0.029947711936608,0.0025312297771065,0.0087439302531494,0.0459701028067604,0.0690161376113171,0.2258064516129032,0.3655913978494623,0.1612903225806451,0.2580645161290322,0.0382920900637979,-0.0445725572986441,934.0645161290324,852.9354838709677,5.741935483870968,0.0097515259964542,0.0193447490250327,0.0,0.0
2m,0,0.03,3,0.05,all_disclosures_30d,21,in_sample,31,23,,,1,-0.0062987091326122,0.0232584521790307,0.0078780569961427,-0.0008639287309449,-0.0087419857270876,0.0187981035223013,0.0240444145883782,0.0176978617993133,0.029947711936608,0.0025312297771065,0.0087439302531494,0.0459701028067604,0.0690161376113171,0.2258064516129032,0.3655913978494623,0.1612903225806451,0.2580645161290322,0.0382920900637979,-0.0445725572986441,934.0645161290324,852.9354838709677,5.741935483870968,0.0097515259964542,0.0193447490250327,0.0,0.0
2m,0,0.03,3,0.1,all_disclosures_30d,21,in_sample,31,23,,,1,-0.0061800668935785,0.0249221510117866,0.0087528650563113,-0.0026887269970256,-0.0114415920533369,0.0187981035223013,0.0240444145883782,0.0176978617993133,0.029947711936608,0.0025312297771065,0.0087439302531494,0.0459701028067604,0.0690161376113171,0.2258064516129032,0.3655913978494623,0.1612903225806451,0.2580645161290322,0.0382920900637979,-0.0445725572986441,934.0645161290324,852.9354838709677,5.741935483870968,0.0097515259964542,0.0193447490250327,0.0,0.0
2m,0,0.05,0,0.0,all_disclosures_30d,21,in_sample,27,22,,,2,-0.011837910922889,0.0159494403857766,0.0022955449448134,-0.0004810453943224,-0.0027765903391358,0.0154200989218095,0.0190431406129465,0.0157484357968518,0.0216676041371687,0.0039247556840696,0.0123042127368105,0.0476021601040029,0.0661841423707805,0.2222222222222222,0.4012345679012345,0.1851851851851851,0.2037037037037037,0.0443109526355395,-0.0423893413167267,986.925925925926,1048.037037037037,3.2222222222222223,0.0064630001491192,0.0097863750095368,0.0,0.0
2m,0,0.05,0,0.025,all_disclosures_30d,21,in_sample,27,22,,,2,-0.0120152547259217,0.016583327303542,0.0025341001955997,-0.0012602587622889,-0.0037943589578887,0.0154200989218095,0.0190431406129465,0.0157484357968518,0.0216676041371687,0.0039247556840696,0.0123042127368105,0.0476021601040029,0.0661841423707805,0.2222222222222222,0.4012345679012345,0.1851851851851851,0.2037037037037037,0.0443109526355395,-0.0423893413167267,986.925925925926,1048.037037037037,3.2222222222222223,0.0064630001491192,0.0097863750095368,0.0,0.0
2m,0,0.05,0,0.05,all_disclosures_30d,21,in_sample,27,22,,,2,-0.0121348420329628,0.0172696490367173,0.0027726554463861,-0.0020394721302554,-0.0048121275766415,0.0154200989218095,0.0190431406129465,0.0157484357968518,0.0216676041371687,0.0039247556840696,0.0123042127368105,0.0476021601040029,0.0661841423707805,0.2222222222222222,0.4012345679012345,0.1851851851851851,0.2037037037037037,0.0443109526355395,-0.0423893413167267,986.925925925926,1048.037037037037,3.2222222222222223,0.0064630001491192,0.0097863750095368,0.0,0.0
2m,0,0.05,0,0.1,all_disclosures_30d,21,in_sample,27,22,,,2,-0.0123683190274675,0.0186707081989366,0.0032497659479588,-0.0035978988661885,-0.0068476648141473,0.0154200989218095,0.0190431406129465,0.0157484357968518,0.0216676041371687,0.0039247556840696,0.0123042127368105,0.0476021601040029,0.0661841423707805,0.2222222222222222,0.4012345679012345,0.1851851851851851,0.2037037037037037,0.0443109526355395,-0.0423893413167267,986.925925925926,1048.037037037037,3.2222222222222223,0.0064630001491192,0.0097863750095368,0.0,0.0
2m,0,0.05,3,0.0,all_disclosures_30d,21,in_sample,29,23,,,1,-0.0054533937311367,0.0183644704244832,0.0061046969213725,-0.0004586590479794,-0.006563355969352,0.0147230589252548,0.0186136034667664,0.0150360984188379,0.0250315178110847,0.0038470932923246,0.0182140549015993,0.0478856868302731,0.0698882132601895,0.2413793103448276,0.425287356321839,0.1724137931034483,0.2068965517241379,0.0431347472344225,-0.0443150959466771,934.5862068965516,1313.7241379310344,3.1379310344827585,0.0060172760009041,0.0137626180596066,0.0,0.0
2m,0,0.05,3,0.025,all_disclosures_30d,21,in_sample,29,23,,,1,-0.0054169831441556,0.0191480282990251,0.0064518460197165,-0.0012026379815818,-0.0076544840012983,0.0147230589252548,0.0186136034667664,0.0150360984188379,0.0250315178110847,0.0038470932923246,0.0182140549015993,0.0478856868302731,0.0698882132601895,0.2413793103448276,0.425287356321839,0.1724137931034483,0.2068965517241379,0.0431347472344225,-0.0443150959466771,934.5862068965516,1313.7241379310344,3.1379310344827585,0.0060172760009041,0.0137626180596066,0.0,0.0
2m,0,0.05,3,0.05,all_disclosures_30d,21,in_sample,29,23,,,1,-0.0053813963175852,0.0199642921907235,0.0067989951180604,-0.0019466169151841,-0.0087456120332446,0.0147230589252548,0.0186136034667664,0.0150360984188379,0.0250315178110847,0.0038470932923246,0.0182140549015993,0.0478856868302731,0.0698882132601895,0.2413793103448276,0.425287356321839,0.1724137931034483,0.2068965517241379,0.0431347472344225,-0.0443150959466771,934.5862068965516,1313.7241379310344,3.1379310344827585,0.0060172760009041,0.0137626180596066,0.0,0.0
2m,0,0.05,3,0.1,all_disclosures_30d,21,in_sample,29,23,,,1,-0.0053647592443425,0.0213726289803882,0.0074932933147483,-0.0034345747823887,-0.0109278680971371,0.0147230589252548,0.0186136034667664,0.0150360984188379,0.0250315178110847,0.0038470932923246,0.0182140549015993,0.0478856868302731,0.0698882132601895,0.2413793103448276,0.425287356321839,0.1724137931034483,0.2068965517241379,0.0431347472344225,-0.0443150959466771,934.5862068965516,1313.7241379310344,3.1379310344827585,0.0060172760009041,0.0137626180596066,0.0,0.0
2m,0,0.1,0,0.0,all_disclosures_30d,21,in_sample,19,15,,,1,-0.0052655141088148,0.0118679441851484,0.0028650772483532,0.0022670348531921,-0.000598042395161,0.0084125908673227,0.012551661788484,0.005962817989365,0.0129660995458736,-0.0030314880183892,0.0122453745752075,0.0493877053271789,0.0747873475367536,0.2105263157894736,0.4035087719298245,0.2631578947368421,0.2368421052631578,0.046263279541118,-0.0483463406405194,347.7894736842105,564.3157894736842,2.210526315789474,0.0,0.0036014623030202,0.0,0.0
2m,0,0.1,0,0.025,all_disclosures_30d,21,in_sample,19,15,,,1,-0.0052435999245186,0.012501207272509,0.0031436360602949,0.0019076496317749,-0.00123598642852,0.0084125908673227,0.012551661788484,0.005962817989365,0.0129660995458736,-0.0030314880183892,0.0122453745752075,0.0493877053271789,0.0747873475367536,0.2105263157894736,0.4035087719298245,0.2631578947368421,0.2368421052631578,0.046263279541118,-0.0483463406405194,347.7894736842105,564.3157894736842,2.210526315789474,0.0,0.0036014623030202,0.0,0.0
2m,0,0.1,0,0.05,all_disclosures_30d,21,in_sample,19,15,,,1,-0.0051382842739635,0.0131404225792911,0.0034221948722367,0.0015482644103577,-0.0018739304618789,0.0084125908673227,0.012551661788484,0.005962817989365,0.0129660995458736,-0.0030314880183892,0.0122453745752075,0.0493877053271789,0.0747873475367536,0.2105263157894736,0.4035087719298245,0.2631578947368421,0.2368421052631578,0.046263279541118,-0.0483463406405194,347.7894736842105,564.3157894736842,2.210526315789474,0.0,0.0036014623030202,0.0,0.0
2m,0,0.1,0,0.1,all_disclosures_30d,21,in_sample,19,15,,,1,-0.0049741171711107,0.0144383276782108,0.0039793124961202,0.0008294939675233,-0.0031498185285968,0.0084125908673227,0.012551661788484,0.005962817989365,0.0129660995458736,-0.0030314880183892,0.0122453745752075,0.0493877053271789,0.0747873475367536,0.2105263157894736,0.4035087719298245,0.2631578947368421,0.2368421052631578,0.046263279541118,-0.0483463406405194,347.7894736842105,564.3157894736842,2.210526315789474,0.0,0.0036014623030202,0.0,0.0
2m,0,0.1,3,0.0,all_disclosures_30d,21,in_sample,22,18,,,1,-0.0022968365249446,0.0157542259968623,0.0059922750616753,0.0020727947975098,-0.0039194802641655,0.0080237865818361,0.0118484487204379,0.0057863871034968,0.0156025055244006,-0.0017255364504507,0.0163428100100693,0.0491910518840821,0.076528384102559,0.2272727272727272,0.4015151515151514,0.2272727272727272,0.2272727272727272,0.0437770604594885,-0.0480323265289593,306.54545454545456,491.45454545454544,1.9090909090909087,0.0,0.006518264210461,0.0,0.0
2m,0,0.1,3,0.025,all_disclosures_30d,21,in_sample,22,18,,,1,-0.0021573338213352,0.016433692595784,0.006333294575663,0.0017275404553765,-0.0046057541202864,0.0080237865818361,0.0118484487204379,0.0057863871034968,0.0156025055244006,-0.0017255364504507,0.0163428100100693,0.0491910518840821,0.076528384102559,0.2272727272727272,0.4015151515151514,0.2272727272727272,0.2272727272727272,0.0437770604594885,-0.0480323265289593,306.54545454545456,491.45454545454544,1.9090909090909087,0.0,0.006518264210461,0.0,0.0
2m,0,0.1,3,0.05,all_disclosures_30d,21,in_sample,22,18,,,1,-0.0020182822688455,0.0171016998595386,0.0066743140896506,0.0013822861132432,-0.0052920279764074,0.0080237865818361,0.0118484487204379,0.0057863871034968,0.0156025055244006,-0.0017255364504507,0.0163428100100693,0.0491910518840821,0.076528384102559,0.2272727272727272,0.4015151515151514,0.2272727272727272,0.2272727272727272,0.0437770604594885,-0.0480323265289593,306.54545454545456,491.45454545454544,1.9090909090909087,0.0,0.006518264210461,0.0,0.0
2m,0,0.1,3,0.1,all_disclosures_30d,21,in_sample,22,18,,,1,-0.0017756380090215,0.0184552866347008,0.0073563531176259,0.0006917774289765,-0.0066645756886493,0.0080237865818361,0.0118484487204379,0.0057863871034968,0.0156025055244006,-0.0017255364504507,0.0163428100100693,0.0491910518840821,0.076528384102559,0.2272727272727272,0.4015151515151514,0.2272727272727272,0.2272727272727272,0.0437770604594885,-0.0480323265289593,306.54545454545456,491.45454545454544,1.9090909090909087,0.0,0.006518264210461,0.0,0.0
2m,0,0.03,0,0.0,entry_clean_financing_30d,21,in_sample,78,43,,,1,0.0006322504673944,0.0167737923112948,0.0082857143110473,0.003674027195548,-0.0046116871154992,0.0204751763488438,0.024625183469409,0.0166723676685407,0.0291073020430567,-0.0011487295098521,0.0189899716022382,0.0439720459669435,0.0539457734057508,0.1923076923076923,0.3247863247863248,0.1923076923076923,0.141025641025641,0.0422635165956522,-0.0475954793329929,581.6923076923077,755.525641025641,3.3974358974358974,0.0049879585192165,0.0166635968770121,0.0,0.0128205128205128
2m,0,0.03,0,0.025,entry_clean_financing_30d,21,in_sample,78,43,,,1,0.0008734902079044,0.0174193975859642,0.0087003378484243,0.0027453385951134,-0.0059549992533109,0.0204751763488438,0.024625183469409,0.0166723676685407,0.0291073020430567,-0.0011487295098521,0.0189899716022382,0.0439720459669435,0.0539457734057508,0.1923076923076923,0.3247863247863248,0.1923076923076923,0.141025641025641,0.0422635165956522,-0.0475954793329929,581.6923076923077,755.525641025641,3.3974358974358974,0.0049879585192165,0.0166635968770121,0.0,0.0128205128205128
2m,0,0.03,0,0.05,entry_clean_financing_30d,21,in_sample,78,43,,,1,0.0010985001436422,0.0180438242194984,0.0091149613858014,0.0018166499946788,-0.0072983113911225,0.0204751763488438,0.024625183469409,0.0166723676685407,0.0291073020430567,-0.0011487295098521,0.0189899716022382,0.0439720459669435,0.0539457734057508,0.1923076923076923,0.3247863247863248,0.1923076923076923,0.141025641025641,0.0422635165956522,-0.0475954793329929,581.6923076923077,755.525641025641,3.3974358974358974,0.0049879585192165,0.0166635968770121,0.0,0.0128205128205128
2m,0,0.03,0,0.1,entry_clean_financing_30d,21,in_sample,78,43,,,1,0.0015846174526959,0.0192623727820718,0.0099442084605554,-4.072720619038687e-05,-0.0099849356667458,0.0204751763488438,0.024625183469409,0.0166723676685407,0.0291073020430567,-0.0011487295098521,0.0189899716022382,0.0439720459669435,0.0539457734057508,0.1923076923076923,0.3247863247863248,0.1923076923076923,0.141025641025641,0.0422635165956522,-0.0475954793329929,581.6923076923077,755.525641025641,3.3974358974358974,0.0049879585192165,0.0166635968770121,0.0,0.0128205128205128
2m,0,0.03,3,0.0,entry_clean_financing_30d,21,in_sample,83,43,,,1,-0.0011958210131989,0.0154662727970877,0.0068657838938901,0.001192766595002,-0.0056730172988881,0.020509789275156,0.024532353994802,0.0191917847645996,0.0300791285903137,0.0030067531887329,0.019853275166798,0.0464892691498444,0.0559611271913884,0.2289156626506024,0.3253012048192771,0.180722891566265,0.144578313253012,0.0449093452153069,-0.0465632304435888,556.1325301204819,710.0120481927711,3.1927710843373496,0.0075881059782927,0.0176073424280265,0.0,0.0240963855421686
2m,0,0.03,3,0.025,entry_clean_financing_30d,21,in_sample,83,43,,,1,-0.0009847163773173,0.0160926346290605,0.0072385316075241,0.0002002272440081,-0.007038304363516,0.020509789275156,0.024532353994802,0.0191917847645996,0.0300791285903137,0.0030067531887329,0.019853275166798,0.0464892691498444,0.0559611271913884,0.2289156626506024,0.3253012048192771,0.180722891566265,0.144578313253012,0.0449093452153069,-0.0465632304435888,556.1325301204819,710.0120481927711,3.1927710843373496,0.0075881059782927,0.0176073424280265,0.0,0.0240963855421686
2m,0,0.03,3,0.05,entry_clean_financing_30d,21,in_sample,83,43,,,1,-0.000762351835787,0.0166793973564811,0.0076112793211581,-0.0007923121069857,-0.0084035914281439,0.020509789275156,0.024532353994802,0.0191917847645996,0.0300791285903137,0.0030067531887329,0.019853275166798,0.0464892691498444,0.0559611271913884,0.2289156626506024,0.3253012048192771,0.180722891566265,0.144578313253012,0.0449093452153069,-0.0465632304435888,556.1325301204819,710.0120481927711,3.1927710843373496,0.0075881059782927,0.0176073424280265,0.0,0.0240963855421686
2m,0,0.03,3,0.1,entry_clean_financing_30d,21,in_sample,83,43,,,1,-0.0004311187318436,0.0179080286741341,0.0083567747484261,-0.0027773908089735,-0.0111341655573996,0.020509789275156,0.024532353994802,0.0191917847645996,0.0300791285903137,0.0030067531887329,0.019853275166798,0.0464892691498444,0.0559611271913884,0.2289156626506024,0.3253012048192771,0.180722891566265,0.144578313253012,0.0449093452153069,-0.0465632304435888,556.1325301204819,710.0120481927711,3.1927710843373496,0.0075881059782927,0.0176073424280265,0.0,0.0240963855421686
2m,0,0.05,0,0.0,entry_clean_financing_30d,21,in_sample,75,43,,,1,-0.0043592272163905,0.0121019533551425,0.0035209433798512,0.0003903418285605,-0.0031306015512906,0.0165080567920102,0.0189492355400573,0.015987716258969,0.0219486589732909,0.0043118322742597,0.0225248082883029,0.0455970973805121,0.0546183095368208,0.2266666666666666,0.3488888888888888,0.1733333333333333,0.1133333333333333,0.0461166786215126,-0.0455865698276587,587.48,975.08,2.2666666666666666,0.0047523045237138,0.0101588399634492,0.0,0.0266666666666666
2m,0,0.05,0,0.025,entry_clean_financing_30d,21,in_sample,75,43,,,1,-0.0043597535809662,0.0125491578291219,0.0037309964164104,-0.0004220524977139,-0.0041530489141243,0.0165080567920102,0.0189492355400573,0.015987716258969,0.0219486589732909,0.0043118322742597,0.0225248082883029,0.0455970973805121,0.0546183095368208,0.2266666666666666,0.3488888888888888,0.1733333333333333,0.1133333333333333,0.0461166786215126,-0.0455865698276587,587.48,975.08,2.2666666666666666,0.0047523045237138,0.0101588399634492,0.0,0.0266666666666666
2m,0,0.05,0,0.05,entry_clean_financing_30d,21,in_sample,75,43,,,1,-0.0043474581972615,0.0129858965697728,0.0039410494529696,-0.0012344468239884,-0.005175496276958,0.0165080567920102,0.0189492355400573,0.015987716258969,0.0219486589732909,0.0043118322742597,0.0225248082883029,0.0455970973805121,0.0546183095368208,0.2266666666666666,0.3488888888888888,0.1733333333333333,0.1133333333333333,0.0461166786215126,-0.0455865698276587,587.48,975.08,2.2666666666666666,0.0047523045237138,0.0101588399634492,0.0,0.0266666666666666
2m,0,0.05,0,0.1,entry_clean_financing_30d,21,in_sample,75,43,,,1,-0.0043742213213586,0.013871025948845,0.0043611555260881,-0.0028592354765373,-0.0072203910026254,0.0165080567920102,0.0189492355400573,0.015987716258969,0.0219486589732909,0.0043118322742597,0.0225248082883029,0.0455970973805121,0.0546183095368208,0.2266666666666666,0.3488888888888888,0.1733333333333333,0.1133333333333333,0.0461166786215126,-0.0455865698276587,587.48,975.08,2.2666666666666666,0.0047523045237138,0.0101588399634492,0.0,0.0266666666666666
2m,0,0.05,3,0.0,entry_clean_financing_30d,21,in_sample,79,44,,,1,-0.0014924410105982,0.012677166971171,0.0049664189660635,0.0008497855431223,-0.0041166334229411,0.0162277382696138,0.0189760016123666,0.0152502870467284,0.0229636989717733,0.0009672111704816,0.0231274016952646,0.0464146840713904,0.0555751668879157,0.2151898734177215,0.3459915611814346,0.189873417721519,0.1223628691983122,0.0441244777385753,-0.0486866919079381,558.8860759493671,925.73417721519,2.151898734177215,0.0045116815098549,0.011425569086663,0.0,0.0253164556962025
2m,0,0.05,3,0.025,entry_clean_financing_30d,21,in_sample,79,44,,,1,-0.0013733218850756,0.0131432488404312,0.0052279608477584,6.283491021379918e-05,-0.0051651259375446,0.0162277382696138,0.0189760016123666,0.0152502870467284,0.0229636989717733,0.0009672111704816,0.0231274016952646,0.0464146840713904,0.0555751668879157,0.2151898734177215,0.3459915611814346,0.189873417721519,0.1223628691983122,0.0441244777385753,-0.0486866919079381,558.8860759493671,925.73417721519,2.151898734177215,0.0045116815098549,0.011425569086663,0.0,0.0253164556962025
2m,0,0.05,3,0.05,entry_clean_financing_30d,21,in_sample,79,44,,,1,-0.0012671497942741,0.0135909120087075,0.0054895027294534,-0.0007241157226947,-0.0062136184521481,0.0162277382696138,0.0189760016123666,0.0152502870467284,0.0229636989717733,0.0009672111704816,0.0231274016952646,0.0464146840713904,0.0555751668879157,0.2151898734177215,0.3459915611814346,0.189873417721519,0.1223628691983122,0.0441244777385753,-0.0486866919079381,558.8860759493671,925.73417721519,2.151898734177215,0.0045116815098549,0.011425569086663,0.0,0.0253164556962025
2m,0,0.05,3,0.1,entry_clean_financing_30d,21,in_sample,79,44,,,1,-0.0011026454911267,0.0145195897118255,0.0060125864928433,-0.0022980169885118,-0.0083106034813551,0.0162277382696138,0.0189760016123666,0.0152502870467284,0.0229636989717733,0.0009672111704816,0.0231274016952646,0.0464146840713904,0.0555751668879157,0.2151898734177215,0.3459915611814346,0.189873417721519,0.1223628691983122,0.0441244777385753,-0.0486866919079381,558.8860759493671,925.73417721519,2.151898734177215,0.0045116815098549,0.011425569086663,0.0,0.0253164556962025
2m,0,0.1,0,0.0,entry_clean_financing_30d,21,in_sample,55,36,,,1,-0.0030340711047528,0.0110899394453703,0.0034900966717883,0.0019367466656543,-0.001553350006134,0.0088603105864335,0.0111679715973153,0.0067821384108532,0.01257832219468,0.0013071935594348,0.0259654463667856,0.0455747083920033,0.0564979947265742,0.2,0.3515151515151515,0.2,0.1363636363636363,0.0444967563868506,-0.0494692106339083,285.6181818181818,367.1090909090909,1.3272727272727274,9.75108381978955e-05,0.0046152023777068,0.0,0.0
2m,0,0.1,0,0.025,entry_clean_financing_30d,21,in_sample,55,36,,,1,-0.0029625050773753,0.0114932550340345,0.003692692791656,0.0015456854407221,-0.0021470073509339,0.0088603105864335,0.0111679715973153,0.0067821384108532,0.01257832219468,0.0013071935594348,0.0259654463667856,0.0455747083920033,0.0564979947265742,0.2,0.3515151515151515,0.2,0.1363636363636363,0.0444967563868506,-0.0494692106339083,285.6181818181818,367.1090909090909,1.3272727272727274,9.75108381978955e-05,0.0046152023777068,0.0,0.0
2m,0,0.1,0,0.05,entry_clean_financing_30d,21,in_sample,55,36,,,1,-0.0028863032249161,0.0118910566061203,0.0038952889115238,0.00115462421579,-0.0027406646957338,0.0088603105864335,0.0111679715973153,0.0067821384108532,0.01257832219468,0.0013071935594348,0.0259654463667856,0.0455747083920033,0.0564979947265742,0.2,0.3515151515151515,0.2,0.1363636363636363,0.0444967563868506,-0.0494692106339083,285.6181818181818,367.1090909090909,1.3272727272727274,9.75108381978955e-05,0.0046152023777068,0.0,0.0
2m,0,0.1,0,0.1,entry_clean_financing_30d,21,in_sample,55,36,,,1,-0.0027934407953799,0.0126993774700464,0.0043004811512592,0.0003725017659256,-0.0039279793853335,0.0088603105864335,0.0111679715973153,0.0067821384108532,0.01257832219468,0.0013071935594348,0.0259654463667856,0.0455747083920033,0.0564979947265742,0.2,0.3515151515151515,0.2,0.1363636363636363,0.0444967563868506,-0.0494692106339083,285.6181818181818,367.1090909090909,1.3272727272727274,9.75108381978955e-05,0.0046152023777068,0.0,0.0
2m,0,0.1,3,0.0,entry_clean_financing_30d,21,in_sample,60,40,,,1,-0.0012263271878922,0.0124435547032047,0.0050580726351229,0.0019082782968164,-0.0031497943383065,0.0084715576925819,0.0110011072868494,0.0064265241906828,0.0140127244899267,0.0006101626589452,0.0271933907362801,0.0460166071566401,0.0597411096588138,0.2,0.3666666666666666,0.2,0.125,0.0441793875327365,-0.0499709982969215,262.93333333333334,337.6333333333333,1.2166666666666666,8.938493501473755e-05,0.0057966792286184,0.0,0.0
2m,0,0.1,3,0.025,entry_clean_financing_30d,21,in_sample,60,40,,,1,-0.0011146791236,0.0129265723579183,0.0053109663824607,0.0015358262497348,-0.0037751401327259,0.0084715576925819,0.0110011072868494,0.0064265241906828,0.0140127244899267,0.0006101626589452,0.0271933907362801,0.0460166071566401,0.0597411096588138,0.2,0.3666666666666666,0.2,0.125,0.0441793875327365,-0.0499709982969215,262.93333333333334,337.6333333333333,1.2166666666666666,8.938493501473755e-05,0.0057966792286184,0.0,0.0
2m,0,0.1,3,0.05,entry_clean_financing_30d,21,in_sample,60,40,,,1,-0.0009934485144532,0.0133814271385608,0.0055638601297985,0.0011633742026531,-0.0044004859271453,0.0084715576925819,0.0110011072868494,0.0064265241906828,0.0140127244899267,0.0006101626589452,0.0271933907362801,0.0460166071566401,0.0597411096588138,0.2,0.3666666666666666,0.2,0.125,0.0441793875327365,-0.0499709982969215,262.93333333333334,337.6333333333333,1.2166666666666666,8.938493501473755e-05,0.0057966792286184,0.0,0.0
2m,0,0.1,3,0.1,entry_clean_financing_30d,21,in_sample,60,40,,,1,-0.0007891913294352,0.0142540557979357,0.006069647624474,0.0004184701084899,-0.0056511775159841,0.0084715576925819,0.0110011072868494,0.0064265241906828,0.0140127244899267,0.0006101626589452,0.0271933907362801,0.0460166071566401,0.0597411096588138,0.2,0.3666666666666666,0.2,0.125,0.0441793875327365,-0.0499709982969215,262.93333333333334,337.6333333333333,1.2166666666666666,8.938493501473755e-05,0.0057966792286184,0.0,0.0
2m,1,0.03,0,0.0,all_disclosures_30d,21,in_sample,24,21,,,1,-0.0160739439066812,0.0133790394650261,-0.0007623701555823,5.26918390591994e-05,0.0008150619946415,0.0212713778494584,0.0246910876882567,0.0210740958585785,0.0237327715351133,0.0034582897096214,0.0045433293353687,0.0507853701234707,0.058453813766474,0.2083333333333333,0.3194444444444444,0.2083333333333333,0.2291666666666666,0.0375363473976184,-0.0449600781022467,263.5416666666667,778.25,1.75,0.010534836679883,0.0115915325856813,0.0,0.0
2m,1,0.03,0,0.025,all_disclosures_30d,21,in_sample,24,21,,,1,-0.0163903362713898,0.0139375802617205,-0.000610410517699,-0.0010059450036417,-0.0003955344859426,0.0212713778494584,0.0246910876882567,0.0210740958585785,0.0237327715351133,0.0034582897096214,0.0045433293353687,0.0507853701234707,0.058453813766474,0.2083333333333333,0.3194444444444444,0.2083333333333333,0.2291666666666666,0.0375363473976184,-0.0449600781022467,263.5416666666667,778.25,1.75,0.010534836679883,0.0115915325856813,0.0,0.0
2m,1,0.03,0,0.05,all_disclosures_30d,21,in_sample,24,21,,,1,-0.0167022330732991,0.0144666541014899,-0.0004584508798157,-0.0020645818463426,-0.0016061309665269,0.0212713778494584,0.0246910876882567,0.0210740958585785,0.0237327715351133,0.0034582897096214,0.0045433293353687,0.0507853701234707,0.058453813766474,0.2083333333333333,0.3194444444444444,0.2083333333333333,0.2291666666666666,0.0375363473976184,-0.0449600781022467,263.5416666666667,778.25,1.75,0.010534836679883,0.0115915325856813,0.0,0.0
2m,1,0.03,0,0.1,all_disclosures_30d,21,in_sample,24,21,,,1,-0.0173613347359644,0.015572256953743,-0.000154531604049,-0.0041818555317444,-0.0040273239276954,0.0212713778494584,0.0246910876882567,0.0210740958585785,0.0237327715351133,0.0034582897096214,0.0045433293353687,0.0507853701234707,0.058453813766474,0.2083333333333333,0.3194444444444444,0.2083333333333333,0.2291666666666666,0.0375363473976184,-0.0449600781022467,263.5416666666667,778.25,1.75,0.010534836679883,0.0115915325856813,0.0,0.0
2m,1,0.03,3,0.0,all_disclosures_30d,21,in_sample,25,22,,,1,-0.0139680933299209,0.0141513600822956,0.0003433653215503,0.0002791909567733,-6.417436477694285e-05,0.0211172989992465,0.0243026264842854,0.0206987055696576,0.0242287196948072,0.0040566156579949,0.0069899065711275,0.0494906128552903,0.0585934867557988,0.2,0.3466666666666666,0.2,0.2133333333333333,0.036771551038472,-0.0450791849198247,253.16,747.36,1.68,0.0101134432126877,0.0122572766742394,0.0,0.0
2m,1,0.03,3,0.025,all_disclosures_30d,21,in_sample,25,22,,,1,-0.0141952142370314,0.0146691600958311,0.000511248861805,-0.0007662091574492,-0.0012774580192542,0.0211172989992465,0.0243026264842854,0.0206987055696576,0.0242287196948072,0.0040566156579949,0.0069899065711275,0.0494906128552903,0.0585934867557988,0.2,0.3466666666666666,0.2,0.2133333333333333,0.036771551038472,-0.0450791849198247,253.16,747.36,1.68,0.0101134432126877,0.0122572766742394,0.0,0.0
2m,1,0.03,3,0.05,all_disclosures_30d,21,in_sample,25,22,,,1,-0.0144397187993279,0.0152346588623495,0.0006791324020597,-0.0018116092716718,-0.0024907416737315,0.0211172989992465,0.0243026264842854,0.0206987055696576,0.0242287196948072,0.0040566156579949,0.0069899065711275,0.0494906128552903,0.0585934867557988,0.2,0.3466666666666666,0.2,0.2133333333333333,0.036771551038472,-0.0450791849198247,253.16,747.36,1.68,0.0101134432126877,0.0122572766742394,0.0,0.0
2m,1,0.03,3,0.1,all_disclosures_30d,21,in_sample,25,22,,,1,-0.0150075496298664,0.0163276320118612,0.0010148994825691,-0.003902409500117,-0.0049173089826862,0.0211172989992465,0.0243026264842854,0.0206987055696576,0.0242287196948072,0.0040566156579949,0.0069899065711275,0.0494906128552903,0.0585934867557988,0.2,0.3466666666666666,0.2,0.2133333333333333,0.036771551038472,-0.0450791849198247,253.16,747.36,1.68,0.0101134432126877,0.0122572766742394,0.0,0.0
2m,1,0.05,0,0.0,all_disclosures_30d,21,in_sample,24,21,,,1,-0.015460985557941,0.0080677762997979,-0.0033679295734633,0.0002440507333502,0.0036119803068135,0.0156620334232591,0.0175817538707562,0.0152663780076962,0.0138204138301017,0.00522883777795,0.0001483380280462,0.0519118393868632,0.0578062306950097,0.2083333333333333,0.3125,0.2083333333333333,0.2708333333333333,0.0397632589354815,-0.0451320690939263,572.9166666666666,663.2916666666666,3.208333333333333,0.0068184940826723,0.0024810048127079,0.0,0.0
2m,1,0.05,0,0.025,all_disclosures_30d,21,in_sample,24,21,,,1,-0.0156971348721158,0.0083266364306074,-0.0033560856667157,-0.0005291595524236,0.0028269261142921,0.0156620334232591,0.0175817538707562,0.0152663780076962,0.0138204138301017,0.00522883777795,0.0001483380280462,0.0519118393868632,0.0578062306950097,0.2083333333333333,0.3125,0.2083333333333333,0.2708333333333333,0.0397632589354815,-0.0451320690939263,572.9166666666666,663.2916666666666,3.208333333333333,0.0068184940826723,0.0024810048127079,0.0,0.0
2m,1,0.05,0,0.05,all_disclosures_30d,21,in_sample,24,21,,,1,-0.0158909282118051,0.0086240057463818,-0.0033442417599682,-0.0013023698381975,0.0020418719217706,0.0156620334232591,0.0175817538707562,0.0152663780076962,0.0138204138301017,0.00522883777795,0.0001483380280462,0.0519118393868632,0.0578062306950097,0.2083333333333333,0.3125,0.2083333333333333,0.2708333333333333,0.0397632589354815,-0.0451320690939263,572.9166666666666,663.2916666666666,3.208333333333333,0.0068184940826723,0.0024810048127079,0.0,0.0
2m,1,0.05,0,0.1,all_disclosures_30d,21,in_sample,24,21,,,1,-0.0163361044572319,0.0091231874794638,-0.003320553946473,-0.0028487904097453,0.0004717635367277,0.0156620334232591,0.0175817538707562,0.0152663780076962,0.0138204138301017,0.00522883777795,0.0001483380280462,0.0519118393868632,0.0578062306950097,0.2083333333333333,0.3125,0.2083333333333333,0.2708333333333333,0.0397632589354815,-0.0451320690939263,572.9166666666666,663.2916666666666,3.208333333333333,0.0068184940826723,0.0024810048127079,0.0,0.0
2m,1,0.05,3,0.0,all_disclosures_30d,21,in_sample,25,22,,,1,-0.0139431410040448,0.0080349003568409,-0.0027591272002074,0.0003673911071337,0.0031265183073411,0.0153213282283508,0.0174062647129611,0.014807270841491,0.0141351034133241,0.0047105264404627,0.0009618539230855,0.050144523637758,0.0574738092944,0.2,0.3066666666666666,0.2,0.2533333333333333,0.0387676625464536,-0.0442559917858956,550.04,636.76,3.08,0.0065457543193654,0.0030691011909878,0.0,0.0
2m,1,0.05,3,0.025,all_disclosures_30d,21,in_sample,25,22,,,1,-0.0141419133786937,0.0082932057780546,-0.0027238079737963,-0.0003858238696122,0.002337984104184,0.0153213282283508,0.0174062647129611,0.014807270841491,0.0141351034133241,0.0047105264404627,0.0009618539230855,0.050144523637758,0.0574738092944,0.2,0.3066666666666666,0.2,0.2533333333333333,0.0387676625464536,-0.0442559917858956,550.04,636.76,3.08,0.0065457543193654,0.0030691011909878,0.0,0.0
2m,1,0.05,3,0.05,all_disclosures_30d,21,in_sample,25,22,,,1,-0.014363082302692,0.0085543695076126,-0.0026884887473852,-0.0011390388463583,0.0015494499010269,0.0153213282283508,0.0174062647129611,0.014807270841491,0.0141351034133241,0.0047105264404627,0.0009618539230855,0.050144523637758,0.0574738092944,0.2,0.3066666666666666,0.2,0.2533333333333333,0.0387676625464536,-0.0442559917858956,550.04,636.76,3.08,0.0065457543193654,0.0030691011909878,0.0,0.0
2m,1,0.05,3,0.1,all_disclosures_30d,21,in_sample,25,22,,,1,-0.0148004237582695,0.0091052298815955,-0.002617850294563,-0.0026454687998504,-2.7618505287344062e-05,0.0153213282283508,0.0174062647129611,0.014807270841491,0.0141351034133241,0.0047105264404627,0.0009618539230855,0.050144523637758,0.0574738092944,0.2,0.3066666666666666,0.2,0.2533333333333333,0.0387676625464536,-0.0442559917858956,550.04,636.76,3.08,0.0065457543193654,0.0030691011909878,0.0,0.0
2m,1,0.1,0,0.0,all_disclosures_30d,21,in_sample,16,14,,,1,-0.0122091897403148,0.0042820626447099,-0.0029181089305441,0.00091154065545,0.0038296495859941,0.0077714242632239,0.0115696183299657,0.0066955975009944,0.0075746242172947,-0.0075769733628878,0.0048785999740876,0.0586003325205336,0.0668069314649498,0.125,0.375,0.3125,0.2708333333333333,0.0365305066033052,-0.0549669203791398,792.6875,326.875,2.5,0.0020549661682399,0.0006058391040259,0.0,0.0
2m,1,0.1,0,0.025,all_disclosures_30d,21,in_sample,16,14,,,1,-0.0122589009480586,0.0045089966853833,-0.002801178410968,0.0005498651113445,0.0033510435223126,0.0077714242632239,0.0115696183299657,0.0066955975009944,0.0075746242172947,-0.0075769733628878,0.0048785999740876,0.0586003325205336,0.0668069314649498,0.125,0.375,0.3125,0.2708333333333333,0.0365305066033052,-0.0549669203791398,792.6875,326.875,2.5,0.0020549661682399,0.0006058391040259,0.0,0.0
2m,1,0.1,0,0.05,all_disclosures_30d,21,in_sample,16,14,,,1,-0.0123043834413426,0.0047523900356309,-0.002684247891392,0.000188189567239,0.0028724374586311,0.0077714242632239,0.0115696183299657,0.0066955975009944,0.0075746242172947,-0.0075769733628878,0.0048785999740876,0.0586003325205336,0.0668069314649498,0.125,0.375,0.3125,0.2708333333333333,0.0365305066033052,-0.0549669203791398,792.6875,326.875,2.5,0.0020549661682399,0.0006058391040259,0.0,0.0
2m,1,0.1,0,0.1,all_disclosures_30d,21,in_sample,16,14,,,1,-0.0123934796804675,0.0051851636461681,-0.0024503868522399,-0.0005351615209718,0.001915225331268,0.0077714242632239,0.0115696183299657,0.0066955975009944,0.0075746242172947,-0.0075769733628878,0.0048785999740876,0.0586003325205336,0.0668069314649498,0.125,0.375,0.3125,0.2708333333333333,0.0365305066033052,-0.0549669203791398,792.6875,326.875,2.5,0.0020549661682399,0.0006058391040259,0.0,0.0
2m,1,0.1,3,0.0,all_disclosures_30d,21,in_sample,17,15,,,1,-0.0118432114035127,0.0043266617931831,-0.0026994556464123,0.0011683568850294,0.0038678125314417,0.007805115184072,0.0111920397006168,0.0064738492811318,0.0071610809447191,-0.0039759106752062,0.005661730564012,0.0583086125091903,0.0638534451484799,0.1764705882352941,0.3529411764705882,0.2941176470588235,0.2549019607843137,0.0375370116459165,-0.0528746007046281,748.4117647058823,312.1764705882353,2.3529411764705883,0.0019340858054022,0.0005702015096714,0.0,0.0
2m,1,0.1,3,0.025,all_disclosures_30d,21,in_sample,17,15,,,1,-0.0119243466345214,0.0045177673787167,-0.002597601741909,0.0008113827733993,0.0034089845153083,0.007805115184072,0.0111920397006168,0.0064738492811318,0.0071610809447191,-0.0039759106752062,0.005661730564012,0.0583086125091903,0.0638534451484799,0.1764705882352941,0.3529411764705882,0.2941176470588235,0.2549019607843137,0.0375370116459165,-0.0528746007046281,748.4117647058823,312.1764705882353,2.3529411764705883,0.0019340858054022,0.0005702015096714,0.0,0.0
2m,1,0.1,3,0.05,all_disclosures_30d,21,in_sample,17,15,,,1,-0.011951397525917,0.0047314072486018,-0.0024957478374057,0.0004544086617692,0.0029501564991749,0.007805115184072,0.0111920397006168,0.0064738492811318,0.0071610809447191,-0.0039759106752062,0.005661730564012,0.0583086125091903,0.0638534451484799,0.1764705882352941,0.3529411764705882,0.2941176470588235,0.2549019607843137,0.0375370116459165,-0.0528746007046281,748.4117647058823,312.1764705882353,2.3529411764705883,0.0019340858054022,0.0005702015096714,0.0,0.0
2m,1,0.1,3,0.1,all_disclosures_30d,21,in_sample,17,15,,,1,-0.0119600855725111,0.0050748125032261,-0.002292040028399,-0.0002595395614909,0.0020325004669081,0.007805115184072,0.0111920397006168,0.0064738492811318,0.0071610809447191,-0.0039759106752062,0.005661730564012,0.0583086125091903,0.0638534451484799,0.1764705882352941,0.3529411764705882,0.2941176470588235,0.2549019607843137,0.0375370116459165,-0.0528746007046281,748.4117647058823,312.1764705882353,2.3529411764705883,0.0019340858054022,0.0005702015096714,0.0,0.0
2m,1,0.03,0,0.0,entry_clean_financing_30d,21,in_sample,77,43,,,1,-0.0070312364272875,0.0094395306634639,0.0014010496826509,0.0010337187435314,-0.0003673309391195,0.0223202859433347,0.0255282724514624,0.021154135667184,0.0257637676980945,0.0052369737348417,0.0100186708553076,0.0467716294931536,0.0532501649597999,0.2207792207792207,0.2489177489177489,0.1688311688311688,0.1731601731601731,0.0451770616554324,-0.0439669570337084,445.948051948052,720.8181818181819,2.220779220779221,0.0083922499941915,0.0122193181406192,0.0129870129870129,0.0259740259740259
2m,1,0.03,0,0.025,entry_clean_financing_30d,21,in_sample,77,43,,,1,-0.0070614063860822,0.0098073672272705,0.0015964901461269,-5.3141796731566353e-05,-0.0016496319428585,0.0223202859433347,0.0255282724514624,0.021154135667184,0.0257637676980945,0.0052369737348417,0.0100186708553076,0.0467716294931536,0.0532501649597999,0.2207792207792207,0.2489177489177489,0.1688311688311688,0.1731601731601731,0.0451770616554324,-0.0439669570337084,445.948051948052,720.8181818181819,2.220779220779221,0.0083922499941915,0.0122193181406192,0.0129870129870129,0.0259740259740259
2m,1,0.03,0,0.05,entry_clean_financing_30d,21,in_sample,77,43,,,1,-0.0070429406093932,0.0102063908285401,0.0017919306096028,-0.0011400023369945,-0.0029319329465974,0.0223202859433347,0.0255282724514624,0.021154135667184,0.0257637676980945,0.0052369737348417,0.0100186708553076,0.0467716294931536,0.0532501649597999,0.2207792207792207,0.2489177489177489,0.1688311688311688,0.1731601731601731,0.0451770616554324,-0.0439669570337084,445.948051948052,720.8181818181819,2.220779220779221,0.0083922499941915,0.0122193181406192,0.0129870129870129,0.0259740259740259
2m,1,0.03,0,0.1,entry_clean_financing_30d,21,in_sample,77,43,,,1,-0.0070077219768686,0.0109802800103223,0.0021828115365548,-0.0033137234175204,-0.0054965349540752,0.0223202859433347,0.0255282724514624,0.021154135667184,0.0257637676980945,0.0052369737348417,0.0100186708553076,0.0467716294931536,0.0532501649597999,0.2207792207792207,0.2489177489177489,0.1688311688311688,0.1731601731601731,0.0451770616554324,-0.0439669570337084,445.948051948052,720.8181818181819,2.220779220779221,0.0083922499941915,0.0122193181406192,0.0129870129870129,0.0259740259740259
2m,1,0.03,3,0.0,entry_clean_financing_30d,21,in_sample,82,43,,,1,-0.0056984752722777,0.0110691863717652,0.0029072341720725,0.0012014684774152,-0.0017057656946572,0.0221966740308474,0.0250502744760564,0.0208661165243059,0.0266275988256135,0.0038530171154525,0.0111939293088349,0.0474169173106458,0.0540461724234961,0.2195121951219512,0.258130081300813,0.1707317073170731,0.1727642276422764,0.0444322964766119,-0.0457360463012922,419.9756097560976,677.329268292683,2.0853658536585367,0.0084944791978126,0.0132314570191873,0.0121951219512195,0.024390243902439
2m,1,0.03,3,0.025,entry_clean_financing_30d,21,in_sample,82,43,,,1,-0.0056906793285515,0.0114470602465733,0.0031226112407354,0.0001248987135364,-0.0029977125271989,0.0221966740308474,0.0250502744760564,0.0208661165243059,0.0266275988256135,0.0038530171154525,0.0111939293088349,0.0474169173106458,0.0540461724234961,0.2195121951219512,0.258130081300813,0.1707317073170731,0.1727642276422764,0.0444322964766119,-0.0457360463012922,419.9756097560976,677.329268292683,2.0853658536585367,0.0084944791978126,0.0132314570191873,0.0121951219512195,0.024390243902439
2m,1,0.03,3,0.05,entry_clean_financing_30d,21,in_sample,82,43,,,1,-0.0056673725065398,0.0118205515705263,0.0033379883093983,-0.0009516710503423,-0.0042896593597407,0.0221966740308474,0.0250502744760564,0.0208661165243059,0.0266275988256135,0.0038530171154525,0.0111939293088349,0.0474169173106458,0.0540461724234961,0.2195121951219512,0.258130081300813,0.1707317073170731,0.1727642276422764,0.0444322964766119,-0.0457360463012922,419.9756097560976,677.329268292683,2.0853658536585367,0.0084944791978126,0.0132314570191873,0.0121951219512195,0.024390243902439
2m,1,0.03,3,0.1,entry_clean_financing_30d,21,in_sample,82,43,,,1,-0.0056893970799925,0.0126535129225481,0.0037687424467241,-0.0031048105781,-0.0068735530248242,0.0221966740308474,0.0250502744760564,0.0208661165243059,0.0266275988256135,0.0038530171154525,0.0111939293088349,0.0474169173106458,0.0540461724234961,0.2195121951219512,0.258130081300813,0.1707317073170731,0.1727642276422764,0.0444322964766119,-0.0457360463012922,419.9756097560976,677.329268292683,2.0853658536585367,0.0084944791978126,0.0132314570191873,0.0121951219512195,0.024390243902439
2m,1,0.05,0,0.0,entry_clean_financing_30d,21,in_sample,78,44,,,1,-0.0071398557139151,0.0066537798939649,0.0001032200412162,0.0006184110873189,0.0005151910461027,0.016580848834096,0.0187885023529872,0.0158347576127928,0.018146385909236,0.0060906836500641,0.0093071400359025,0.046841534643755,0.0534536578104514,0.2179487179487179,0.2329059829059828,0.1666666666666666,0.1794871794871795,0.046053734141177,-0.0445917885546141,527.6410256410256,501.0769230769231,2.4615384615384617,0.0051213389212222,0.0069570201271014,0.0128205128205128,0.0256410256410256
2m,1,0.05,0,0.025,entry_clean_financing_30d,21,in_sample,78,44,,,1,-0.0071636749425383,0.0069060115612734,0.0002162020865995,-0.0001919790738532,-0.0004081811604528,0.016580848834096,0.0187885023529872,0.0158347576127928,0.018146385909236,0.0060906836500641,0.0093071400359025,0.046841534643755,0.0534536578104514,0.2179487179487179,0.2329059829059828,0.1666666666666666,0.1794871794871795,0.046053734141177,-0.0445917885546141,527.6410256410256,501.0769230769231,2.4615384615384617,0.0051213389212222,0.0069570201271014,0.0128205128205128,0.0256410256410256
2m,1,0.05,0,0.05,entry_clean_financing_30d,21,in_sample,78,44,,,1,-0.0071803857083735,0.0071719944519315,0.0003291841319829,-0.0010023692350255,-0.0013315533670084,0.016580848834096,0.0187885023529872,0.0158347576127928,0.018146385909236,0.0060906836500641,0.0093071400359025,0.046841534643755,0.0534536578104514,0.2179487179487179,0.2329059829059828,0.1666666666666666,0.1794871794871795,0.046053734141177,-0.0445917885546141,527.6410256410256,501.0769230769231,2.4615384615384617,0.0051213389212222,0.0069570201271014,0.0128205128205128,0.0256410256410256
2m,1,0.05,0,0.1,entry_clean_financing_30d,21,in_sample,78,44,,,1,-0.0072574498900964,0.0077187694046711,0.0005551482227496,-0.0026231495573699,-0.0031782977801196,0.016580848834096,0.0187885023529872,0.0158347576127928,0.018146385909236,0.0060906836500641,0.0093071400359025,0.046841534643755,0.0534536578104514,0.2179487179487179,0.2329059829059828,0.1666666666666666,0.1794871794871795,0.046053734141177,-0.0445917885546141,527.6410256410256,501.0769230769231,2.4615384615384617,0.0051213389212222,0.0069570201271014,0.0128205128205128,0.0256410256410256
2m,1,0.05,3,0.0,entry_clean_financing_30d,21,in_sample,81,44,,,1,-0.0056805710032637,0.0078943709427337,0.0014674344008352,0.0008999354920094,-0.0005674989088258,0.0163736629963771,0.0186161391271461,0.0153463146485625,0.0190566778654738,0.0049555782966644,0.0119039413687682,0.046016187467754,0.0536438050323214,0.2098765432098765,0.2469135802469135,0.1604938271604938,0.1707818930041152,0.0448192856278841,-0.0448686895352079,517.9012345679013,482.55555555555554,2.3703703703703702,0.0049316597019177,0.0078374878654834,0.0123456790123456,0.022633744855967
2m,1,0.05,3,0.025,entry_clean_financing_30d,21,in_sample,81,44,,,1,-0.005699545657912,0.0081956336280779,0.0016162553845272,0.0001069360508859,-0.0015093193336413,0.0163736629963771,0.0186161391271461,0.0153463146485625,0.0190566778654738,0.0049555782966644,0.0119039413687682,0.046016187467754,0.0536438050323214,0.2098765432098765,0.2469135802469135,0.1604938271604938,0.1707818930041152,0.0448192856278841,-0.0448686895352079,517.9012345679013,482.55555555555554,2.3703703703703702,0.0049316597019177,0.0078374878654834,0.0123456790123456,0.022633744855967
2m,1,0.05,3,0.05,entry_clean_financing_30d,21,in_sample,81,44,,,1,-0.0056990118648494,0.0084814241213079,0.0017650763682192,-0.0006860633902375,-0.0024511397584568,0.0163736629963771,0.0186161391271461,0.0153463146485625,0.0190566778654738,0.0049555782966644,0.0119039413687682,0.046016187467754,0.0536438050323214,0.2098765432098765,0.2469135802469135,0.1604938271604938,0.1707818930041152,0.0448192856278841,-0.0448686895352079,517.9012345679013,482.55555555555554,2.3703703703703702,0.0049316597019177,0.0078374878654834,0.0123456790123456,0.022633744855967
2m,1,0.05,3,0.1,entry_clean_financing_30d,21,in_sample,81,44,,,1,-0.0057426710747313,0.0090709955858058,0.0020627183356033,-0.0022720622724845,-0.0043347806080878,0.0163736629963771,0.0186161391271461,0.0153463146485625,0.0190566778654738,0.0049555782966644,0.0119039413687682,0.046016187467754,0.0536438050323214,0.2098765432098765,0.2469135802469135,0.1604938271604938,0.1707818930041152,0.0448192856278841,-0.0448686895352079,517.9012345679013,482.55555555555554,2.3703703703703702,0.0049316597019177,0.0078374878654834,0.0123456790123456,0.022633744855967
2m,1,0.1,0,0.0,entry_clean_financing_30d,21,in_sample,56,34,,,1,-0.004341713737331,0.0090541279347603,0.0020474873141493,0.0006509337296641,-0.0013965535844851,0.0096839717294002,0.0119872101682264,0.008895766386939,0.0132460625114136,0.0079876674296123,0.0191594270198799,0.0543387987461771,0.0609820824010688,0.2857142857142857,0.2946428571428571,0.1964285714285714,0.1785714285714285,0.0496379605105951,-0.0482049656143152,798.125,1176.2142857142858,3.803571428571429,0.001134600534912,0.0046784662094783,0.0,0.0178571428571428
2m,1,0.1,0,0.025,entry_clean_financing_30d,21,in_sample,56,34,,,1,-0.0043009558080726,0.0093575241451822,0.0022138256782318,0.0001864402767556,-0.0020273854014761,0.0096839717294002,0.0119872101682264,0.008895766386939,0.0132460625114136,0.0079876674296123,0.0191594270198799,0.0543387987461771,0.0609820824010688,0.2857142857142857,0.2946428571428571,0.1964285714285714,0.1785714285714285,0.0496379605105951,-0.0482049656143152,798.125,1176.2142857142858,3.803571428571429,0.001134600534912,0.0046784662094783,0.0,0.0178571428571428
2m,1,0.1,0,0.05,entry_clean_financing_30d,21,in_sample,56,34,,,1,-0.004252484708253,0.0096523955295629,0.0023801640423143,-0.0002780531761527,-0.0026582172184671,0.0096839717294002,0.0119872101682264,0.008895766386939,0.0132460625114136,0.0079876674296123,0.0191594270198799,0.0543387987461771,0.0609820824010688,0.2857142857142857,0.2946428571428571,0.1964285714285714,0.1785714285714285,0.0496379605105951,-0.0482049656143152,798.125,1176.2142857142858,3.803571428571429,0.001134600534912,0.0046784662094783,0.0,0.0178571428571428
2m,1,0.1,0,0.1,entry_clean_financing_30d,21,in_sample,56,34,,,1,-0.0041461651425609,0.0101936260056734,0.0027128407704794,-0.0012070400819697,-0.0039198808524491,0.0096839717294002,0.0119872101682264,0.008895766386939,0.0132460625114136,0.0079876674296123,0.0191594270198799,0.0543387987461771,0.0609820824010688,0.2857142857142857,0.2946428571428571,0.1964285714285714,0.1785714285714285,0.0496379605105951,-0.0482049656143152,798.125,1176.2142857142858,3.803571428571429,0.001134600534912,0.0046784662094783,0.0,0.0178571428571428
2m,1,0.1,3,0.0,entry_clean_financing_30d,21,in_sample,63,37,,,1,-0.0035816032148998,0.0084768389078193,0.0021421931963087,0.0008328046819171,-0.0013093885143915,0.0089551851861251,0.0114355216658756,0.0079923592990175,0.0126145081457275,0.0053850765991669,0.0165504431289419,0.0521640920442648,0.0598406099000891,0.2539682539682539,0.2751322751322752,0.2063492063492063,0.1851851851851851,0.0468139594964319,-0.0494837914083084,710.4603174603175,1045.6825396825398,3.380952380952381,0.0010085338088106,0.0042999616440038,0.0,0.0238095238095238
2m,1,0.1,3,0.025,entry_clean_financing_30d,21,in_sample,63,37,,,1,-0.0035332940788296,0.0087883932785015,0.0023197553294702,0.0004091160697886,-0.0019106392596816,0.0089551851861251,0.0114355216658756,0.0079923592990175,0.0126145081457275,0.0053850765991669,0.0165504431289419,0.0521640920442648,0.0598406099000891,0.2539682539682539,0.2751322751322752,0.2063492063492063,0.1851851851851851,0.0468139594964319,-0.0494837914083084,710.4603174603175,1045.6825396825398,3.380952380952381,0.0010085338088106,0.0042999616440038,0.0,0.0238095238095238
2m,1,0.1,3,0.05,entry_clean_financing_30d,21,in_sample,63,37,,,1,-0.0035011496068036,0.0090685224290846,0.0024973174626317,-1.457254233994553e-05,-0.0025118900049716,0.0089551851861251,0.0114355216658756,0.0079923592990175,0.0126145081457275,0.0053850765991669,0.0165504431289419,0.0521640920442648,0.0598406099000891,0.2539682539682539,0.2751322751322752,0.2063492063492063,0.1851851851851851,0.0468139594964319,-0.0494837914083084,710.4603174603175,1045.6825396825398,3.380952380952381,0.0010085338088106,0.0042999616440038,0.0,0.0238095238095238
2m,1,0.1,3,0.1,entry_clean_financing_30d,21,in_sample,63,37,,,1,-0.0033608129075401,0.009659230824797,0.0028524417289547,-0.000861949766597,-0.0037143914955518,0.0089551851861251,0.0114355216658756,0.0079923592990175,0.0126145081457275,0.0053850765991669,0.0165504431289419,0.0521640920442648,0.0598406099000891,0.2539682539682539,0.2751322751322752,0.2063492063492063,0.1851851851851851,0.0468139594964319,-0.0494837914083084,710.4603174603175,1045.6825396825398,3.380952380952381,0.0010085338088106,0.0042999616440038,0.0,0.0238095238095238
3-6m,0,0.03,0,0.0,all_disclosures_30d,21,in_sample,16,15,,,1,-0.0284531297633586,0.0237947787219956,-0.0038559344838862,0.0021941101192521,0.0060500446031383,0.0438092208758651,0.047175311393135,0.0415015453542446,0.0410128644452392,0.0021958417390207,-0.0170964229793832,0.0455237263816349,0.0788051152182226,0.1875,0.28125,0.1875,0.4375,0.0438620216019648,-0.0435671828525335,279.125,401.875,1.75,0.0097664992057871,0.015292326956255,0.0,0.0
3-6m,0,0.03,0,0.025,all_disclosures_30d,21,in_sample,16,15,,,1,-0.0291796503223647,0.0247445866970797,-0.0037839992436796,6.134096349940375e-05,0.003845340207179,0.0438092208758651,0.047175311393135,0.0415015453542446,0.0410128644452392,0.0021958417390207,-0.0170964229793832,0.0455237263816349,0.0788051152182226,0.1875,0.28125,0.1875,0.4375,0.0438620216019648,-0.0435671828525335,279.125,401.875,1.75,0.0097664992057871,0.015292326956255,0.0,0.0
3-6m,0,0.03,0,0.05,all_disclosures_30d,21,in_sample,16,15,,,1,-0.0299041283648127,0.0257939327181897,-0.003712064003473,-0.0020714281922533,0.0016406358112196,0.0438092208758651,0.047175311393135,0.0415015453542446,0.0410128644452392,0.0021958417390207,-0.0170964229793832,0.0455237263816349,0.0788051152182226,0.1875,0.28125,0.1875,0.4375,0.0438620216019648,-0.0435671828525335,279.125,401.875,1.75,0.0097664992057871,0.015292326956255,0.0,0.0
3-6m,0,0.03,0,0.1,all_disclosures_30d,21,in_sample,16,15,,,1,-0.0313001184943542,0.0277501845543201,-0.0035681935230598,-0.0063369665037588,-0.002768772980699,0.0438092208758651,0.047175311393135,0.0415015453542446,0.0410128644452392,0.0021958417390207,-0.0170964229793832,0.0455237263816349,0.0788051152182226,0.1875,0.28125,0.1875,0.4375,0.0438620216019648,-0.0435671828525335,279.125,401.875,1.75,0.0097664992057871,0.015292326956255,0.0,0.0
3-6m,0,0.03,3,0.0,all_disclosures_30d,21,in_sample,16,15,,,1,-0.0245552778200152,0.0275989513475456,0.0008727833506779,0.0021941101192521,0.0013213267685741,0.0438092208758651,0.0477048464857932,0.0415015453542446,0.0462707620893659,0.0021958417390207,-0.0070791210286157,0.0455237263816349,0.082590068114113,0.1875,0.3333333333333333,0.1875,0.40625,0.0438620216019648,-0.0435671828525335,279.125,401.875,1.75,0.0097664992057871,0.0194007313436165,0.0,0.0
3-6m,0,0.03,3,0.025,all_disclosures_30d,21,in_sample,16,15,,,1,-0.0252733830585386,0.0286837332127922,0.0010894044093041,6.134096349940375e-05,-0.0010280634458047,0.0438092208758651,0.0477048464857932,0.0415015453542446,0.0462707620893659,0.0021958417390207,-0.0070791210286157,0.0455237263816349,0.082590068114113,0.1875,0.3333333333333333,0.1875,0.40625,0.0438620216019648,-0.0435671828525335,279.125,401.875,1.75,0.0097664992057871,0.0194007313436165,0.0,0.0
3-6m,0,0.03,3,0.05,all_disclosures_30d,21,in_sample,16,15,,,1,-0.0259007248086002,0.0297974611741633,0.0013060254679304,-0.0020714281922533,-0.0033774536601837,0.0438092208758651,0.0477048464857932,0.0415015453542446,0.0462707620893659,0.0021958417390207,-0.0070791210286157,0.0455237263816349,0.082590068114113,0.1875,0.3333333333333333,0.1875,0.40625,0.0438620216019648,-0.0435671828525335,279.125,401.875,1.75,0.0097664992057871,0.0194007313436165,0.0,0.0
3-6m,0,0.03,3,0.1,all_disclosures_30d,21,in_sample,16,15,,,1,-0.0271955637305861,0.0318965374098413,0.0017392675851828,-0.0063369665037588,-0.0080762340889417,0.0438092208758651,0.0477048464857932,0.0415015453542446,0.0462707620893659,0.0021958417390207,-0.0070791210286157,0.0455237263816349,0.082590068114113,0.1875,0.3333333333333333,0.1875,0.40625,0.0438620216019648,-0.0435671828525335,279.125,401.875,1.75,0.0097664992057871,0.0194007313436165,0.0,0.0
3-6m,0,0.05,0,0.0,all_disclosures_30d,21,in_sample,20,19,,,1,-0.0183309659227783,0.0183731711534595,-5.879288207900554e-05,0.0011767119519344,0.0012355048340134,0.0391050481848141,0.0411313960097394,0.0378322073363275,0.0398002714428325,0.0056820399286388,-0.0032652227295255,0.0411428746317795,0.0759280896873643,0.15,0.35,0.15,0.375,0.0466521894678831,-0.038430872036216,283.35,369.75,1.35,0.0051492154537747,0.0114358840265133,0.0,0.0
3-6m,0,0.05,0,0.025,all_disclosures_30d,21,in_sample,20,19,,,1,-0.0188588447081703,0.0190677837801261,4.10674162067505e-05,-0.000746719436094,-0.0007877868523008,0.0391050481848141,0.0411313960097394,0.0378322073363275,0.0398002714428325,0.0056820399286388,-0.0032652227295255,0.0411428746317795,0.0759280896873643,0.15,0.35,0.15,0.375,0.0466521894678831,-0.038430872036216,283.35,369.75,1.35,0.0051492154537747,0.0114358840265133,0.0,0.0
3-6m,0,0.05,0,0.05,all_disclosures_30d,21,in_sample,20,19,,,1,-0.0193799275179634,0.0198641579474095,0.0001409277144925,-0.0026701508241225,-0.0028110785386151,0.0391050481848141,0.0411313960097394,0.0378322073363275,0.0398002714428325,0.0056820399286388,-0.0032652227295255,0.0411428746317795,0.0759280896873643,0.15,0.35,0.15,0.375,0.0466521894678831,-0.038430872036216,283.35,369.75,1.35,0.0051492154537747,0.0114358840265133,0.0,0.0
3-6m,0,0.05,0,0.1,all_disclosures_30d,21,in_sample,20,19,,,1,-0.0202618399652057,0.0213074903884388,0.000340648311064,-0.0065170136001796,-0.0068576619112437,0.0391050481848141,0.0411313960097394,0.0378322073363275,0.0398002714428325,0.0056820399286388,-0.0032652227295255,0.0411428746317795,0.0759280896873643,0.15,0.35,0.15,0.375,0.0466521894678831,-0.038430872036216,283.35,369.75,1.35,0.0051492154537747,0.0114358840265133,0.0,0.0
3-6m,0,0.05,3,0.0,all_disclosures_30d,21,in_sample,20,19,,,1,-0.0171375597373346,0.0204712862161956,0.0014777201201293,0.0011767119519344,-0.0003010081681948,0.0391050481848141,0.0410799895870102,0.0378322073363275,0.0412853734739969,0.0056820399286388,-0.0011458027677133,0.0411428746317795,0.0778997004647593,0.15,0.3666666666666666,0.15,0.375,0.0466521894678831,-0.038430872036216,283.35,369.75,1.35,0.0051492154537747,0.0123919882789138,0.0,0.0
3-6m,0,0.05,3,0.025,all_disclosures_30d,21,in_sample,20,19,,,1,-0.0175498996968641,0.0211860537154614,0.001613422808626,-0.000746719436094,-0.00236014224472,0.0391050481848141,0.0410799895870102,0.0378322073363275,0.0412853734739969,0.0056820399286388,-0.0011458027677133,0.0411428746317795,0.0778997004647593,0.15,0.3666666666666666,0.15,0.375,0.0466521894678831,-0.038430872036216,283.35,369.75,1.35,0.0051492154537747,0.0123919882789138,0.0,0.0
3-6m,0,0.05,3,0.05,all_disclosures_30d,21,in_sample,20,19,,,1,-0.0180036447521474,0.0218835027325858,0.0017491254971226,-0.0026701508241225,-0.0044192763212452,0.0391050481848141,0.0410799895870102,0.0378322073363275,0.0412853734739969,0.0056820399286388,-0.0011458027677133,0.0411428746317795,0.0778997004647593,0.15,0.3666666666666666,0.15,0.375,0.0466521894678831,-0.038430872036216,283.35,369.75,1.35,0.0051492154537747,0.0123919882789138,0.0,0.0
3-6m,0,0.05,3,0.1,all_disclosures_30d,21,in_sample,20,19,,,1,-0.0188866104350587,0.02347777386897,0.0020205308741159,-0.0065170136001796,-0.0085375444742955,0.0391050481848141,0.0410799895870102,0.0378322073363275,0.0412853734739969,0.0056820399286388,-0.0011458027677133,0.0411428746317795,0.0778997004647593,0.15,0.3666666666666666,0.15,0.375,0.0466521894678831,-0.038430872036216,283.35,369.75,1.35,0.0051492154537747,0.0123919882789138,0.0,0.0
3-6m,0,0.1,0,0.0,all_disclosures_30d,21,in_sample,13,12,,,1,-0.0126357837080502,0.0229281331386156,0.0041319405364913,0.0022326359138635,-0.0018993046226277,0.0282750996807988,0.0318233710648373,0.0259237569315408,0.0336043728350543,-7.220420821146395e-05,-0.0002092521341695,0.043087010636154,0.0895096950409224,0.1538461538461538,0.3333333333333333,0.2307692307692307,0.3461538461538461,0.0475939944360538,-0.0438056745214422,203.53846153846155,171.76923076923077,0.5384615384615384,0.0,0.0057760487728363,0.0,0.0
3-6m,0,0.1,0,0.025,all_disclosures_30d,21,in_sample,13,12,,,1,-0.0129469523576709,0.0239883885335428,0.0044126627186801,0.000877664498555,-0.003534998220125,0.0282750996807988,0.0318233710648373,0.0259237569315408,0.0336043728350543,-7.220420821146395e-05,-0.0002092521341695,0.043087010636154,0.0895096950409224,0.1538461538461538,0.3333333333333333,0.2307692307692307,0.3461538461538461,0.0475939944360538,-0.0438056745214422,203.53846153846155,171.76923076923077,0.5384615384615384,0.0,0.0057760487728363,0.0,0.0
3-6m,0,0.1,0,0.05,all_disclosures_30d,21,in_sample,13,12,,,1,-0.0132725063380666,0.024919359963389,0.0046933849008689,-0.0004773069167534,-0.0051706918176223,0.0282750996807988,0.0318233710648373,0.0259237569315408,0.0336043728350543,-7.220420821146395e-05,-0.0002092521341695,0.043087010636154,0.0895096950409224,0.1538461538461538,0.3333333333333333,0.2307692307692307,0.3461538461538461,0.0475939944360538,-0.0438056745214422,203.53846153846155,171.76923076923077,0.5384615384615384,0.0,0.0057760487728363,0.0,0.0
3-6m,0,0.1,0,0.1,all_disclosures_30d,21,in_sample,13,12,,,1,-0.0139603150974116,0.0269283784353091,0.0052548292652465,-0.0031872497473704,-0.0084420790126169,0.0282750996807988,0.0318233710648373,0.0259237569315408,0.0336043728350543,-7.220420821146395e-05,-0.0002092521341695,0.043087010636154,0.0895096950409224,0.1538461538461538,0.3333333333333333,0.2307692307692307,0.3461538461538461,0.0475939944360538,-0.0438056745214422,203.53846153846155,171.76923076923077,0.5384615384615384,0.0,0.0057760487728363,0.0,0.0
3-6m,0,0.1,3,0.0,all_disclosures_30d,21,in_sample,14,13,,,1,-0.0128418509249736,0.0207890131442804,0.0035481464807268,0.0027487831693616,-0.0007993633113651,0.0272493911200301,0.0306231108955262,0.0243885102417448,0.0313110781223187,-0.0018808819689932,-0.0057274848290436,0.0418232022235113,0.0886493246710284,0.1428571428571428,0.3095238095238096,0.2142857142857142,0.3928571428571428,0.0441944234049071,-0.04536879169234,191.8571428571429,162.35714285714286,0.5,0.0,0.0053634738604908,0.0,0.0
3-6m,0,0.1,3,0.025,all_disclosures_30d,21,in_sample,14,13,,,1,-0.0130645059191397,0.0217827527832836,0.0038055536721285,0.0014578356353173,-0.0023477180368112,0.0272493911200301,0.0306231108955262,0.0243885102417448,0.0313110781223187,-0.0018808819689932,-0.0057274848290436,0.0418232022235113,0.0886493246710284,0.1428571428571428,0.3095238095238096,0.2142857142857142,0.3928571428571428,0.0441944234049071,-0.04536879169234,191.8571428571429,162.35714285714286,0.5,0.0,0.0053634738604908,0.0,0.0
3-6m,0,0.1,3,0.05,all_disclosures_30d,21,in_sample,14,13,,,1,-0.0133626887340376,0.0226791515780024,0.0040629608635302,0.0001668881012729,-0.0038960727622573,0.0272493911200301,0.0306231108955262,0.0243885102417448,0.0313110781223187,-0.0018808819689932,-0.0057274848290436,0.0418232022235113,0.0886493246710284,0.1428571428571428,0.3095238095238096,0.2142857142857142,0.3928571428571428,0.0441944234049071,-0.04536879169234,191.8571428571429,162.35714285714286,0.5,0.0,0.0053634738604908,0.0,0.0
3-6m,0,0.1,3,0.1,all_disclosures_30d,21,in_sample,14,13,,,1,-0.0140030043446217,0.024809595363036,0.0045777752463337,-0.0024150069668158,-0.0069927822131496,0.0272493911200301,0.0306231108955262,0.0243885102417448,0.0313110781223187,-0.0018808819689932,-0.0057274848290436,0.0418232022235113,0.0886493246710284,0.1428571428571428,0.3095238095238096,0.2142857142857142,0.3928571428571428,0.0441944234049071,-0.04536879169234,191.8571428571429,162.35714285714286,0.5,0.0,0.0053634738604908,0.0,0.0
3-6m,0,0.03,0,0.0,entry_clean_financing_30d,21,in_sample,49,33,,,1,-0.0079428523582815,0.0221292405581562,0.0069553465441765,-0.0012080571791364,-0.008163403723313,0.0430414222778299,0.0469690505156695,0.0441207338718942,0.0550028782064519,0.0098735534484806,0.018511421980604,0.0450125382263164,0.0633275824591207,0.2244897959183673,0.3163265306122448,0.1428571428571428,0.1836734693877551,0.0513577466067451,-0.0402544346875373,252.48979591836732,357.1020408163265,1.2244897959183674,0.0076059074288484,0.0215821670644804,0.0,0.0068027210884353
3-6m,0,0.03,0,0.025,entry_clean_financing_30d,21,in_sample,49,33,,,1,-0.0080370353165375,0.022850719949889,0.0073255908584865,-0.0033871110828795,-0.010712701941366,0.0430414222778299,0.0469690505156695,0.0441207338718942,0.0550028782064519,0.0098735534484806,0.018511421980604,0.0450125382263164,0.0633275824591207,0.2244897959183673,0.3163265306122448,0.1428571428571428,0.1836734693877551,0.0513577466067451,-0.0402544346875373,252.48979591836732,357.1020408163265,1.2244897959183674,0.0076059074288484,0.0215821670644804,0.0,0.0068027210884353
3-6m,0,0.03,0,0.05,entry_clean_financing_30d,21,in_sample,49,33,,,1,-0.0081210957000143,0.0236161113838583,0.0076958351727964,-0.0055661649866226,-0.0132620001594191,0.0430414222778299,0.0469690505156695,0.0441207338718942,0.0550028782064519,0.0098735534484806,0.018511421980604,0.0450125382263164,0.0633275824591207,0.2244897959183673,0.3163265306122448,0.1428571428571428,0.1836734693877551,0.0513577466067451,-0.0402544346875373,252.48979591836732,357.1020408163265,1.2244897959183674,0.0076059074288484,0.0215821670644804,0.0,0.0068027210884353
3-6m,0,0.03,0,0.1,entry_clean_financing_30d,21,in_sample,49,33,,,1,-0.0082861112177428,0.0251991851103354,0.0084363238014163,-0.0099242727941088,-0.0183605965955251,0.0430414222778299,0.0469690505156695,0.0441207338718942,0.0550028782064519,0.0098735534484806,0.018511421980604,0.0450125382263164,0.0633275824591207,0.2244897959183673,0.3163265306122448,0.1428571428571428,0.1836734693877551,0.0513577466067451,-0.0402544346875373,252.48979591836732,357.1020408163265,1.2244897959183674,0.0076059074288484,0.0215821670644804,0.0,0.0068027210884353
3-6m,0,0.03,3,0.0,entry_clean_financing_30d,21,in_sample,52,34,,,1,-0.0071646653448544,0.0216819487482217,0.0071012308889256,-0.0015355527315787,-0.0086367836205043,0.0425636081112335,0.046304427588895,0.0439755613023643,0.054816762181064,0.0096319290726412,0.0182943562418495,0.0465967110223912,0.0645992043983949,0.2307692307692307,0.3301282051282052,0.1538461538461538,0.1858974358974358,0.0511524624413329,-0.0413555012333394,239.42307692307693,337.0192307692308,1.1538461538461535,0.0078897897498093,0.0218230128788043,0.0,0.0064102564102564
3-6m,0,0.03,3,0.025,entry_clean_financing_30d,21,in_sample,52,34,,,1,-0.0072181322226442,0.022448641212535,0.0074657813978346,-0.0036990319669186,-0.0111648133647533,0.0425636081112335,0.046304427588895,0.0439755613023643,0.054816762181064,0.0096319290726412,0.0182943562418495,0.0465967110223912,0.0645992043983949,0.2307692307692307,0.3301282051282052,0.1538461538461538,0.1858974358974358,0.0511524624413329,-0.0413555012333394,239.42307692307693,337.0192307692308,1.1538461538461535,0.0078897897498093,0.0218230128788043,0.0,0.0064102564102564
3-6m,0,0.03,3,0.05,entry_clean_financing_30d,21,in_sample,52,34,,,1,-0.0072748324117406,0.0231652151877643,0.0078303319067437,-0.0058625112022585,-0.0136928431090023,0.0425636081112335,0.046304427588895,0.0439755613023643,0.054816762181064,0.0096319290726412,0.0182943562418495,0.0465967110223912,0.0645992043983949,0.2307692307692307,0.3301282051282052,0.1538461538461538,0.1858974358974358,0.0511524624413329,-0.0413555012333394,239.42307692307693,337.0192307692308,1.1538461538461535,0.0078897897498093,0.0218230128788043,0.0,0.0064102564102564
3-6m,0,0.03,3,0.1,entry_clean_financing_30d,21,in_sample,52,34,,,1,-0.0072953674761889,0.0245899288440572,0.0085594329245617,-0.0101894696729384,-0.0187489025975002,0.0425636081112335,0.046304427588895,0.0439755613023643,0.054816762181064,0.0096319290726412,0.0182943562418495,0.0465967110223912,0.0645992043983949,0.2307692307692307,0.3301282051282052,0.1538461538461538,0.1858974358974358,0.0511524624413329,-0.0413555012333394,239.42307692307693,337.0192307692308,1.1538461538461535,0.0078897897498093,0.0218230128788043,0.0,0.0064102564102564
3-6m,0,0.05,0,0.0,entry_clean_financing_30d,21,in_sample,53,34,,,1,-0.0057524147790235,0.0192026164955921,0.0067696805385282,-0.0009193833594236,-0.0076890638979518,0.037293967867564,0.0386054911184701,0.0380889322125654,0.0461688050174722,0.0085141581470292,0.0199069025408336,0.0424690383283693,0.0656744313074634,0.2075471698113207,0.3490566037735849,0.1320754716981132,0.1918238993710691,0.0498696722847784,-0.0402580941533187,228.9056603773585,230.50943396226413,0.9433962264150944,0.0046944351187796,0.0147056443406601,0.0,0.0062893081761006
3-6m,0,0.05,0,0.025,entry_clean_financing_30d,21,in_sample,53,34,,,1,-0.0058566529917778,0.0197202379435742,0.0070044654399235,-0.0028039558614268,-0.0098084213013504,0.037293967867564,0.0386054911184701,0.0380889322125654,0.0461688050174722,0.0085141581470292,0.0199069025408336,0.0424690383283693,0.0656744313074634,0.2075471698113207,0.3490566037735849,0.1320754716981132,0.1918238993710691,0.0498696722847784,-0.0402580941533187,228.9056603773585,230.50943396226413,0.9433962264150944,0.0046944351187796,0.0147056443406601,0.0,0.0062893081761006
3-6m,0,0.05,0,0.05,entry_clean_financing_30d,21,in_sample,53,34,,,1,-0.0059398440062956,0.0202378593915563,0.0072392503413188,-0.00468852836343,-0.0119277787047489,0.037293967867564,0.0386054911184701,0.0380889322125654,0.0461688050174722,0.0085141581470292,0.0199069025408336,0.0424690383283693,0.0656744313074634,0.2075471698113207,0.3490566037735849,0.1320754716981132,0.1918238993710691,0.0498696722847784,-0.0402580941533187,228.9056603773585,230.50943396226413,0.9433962264150944,0.0046944351187796,0.0147056443406601,0.0,0.0062893081761006
3-6m,0,0.05,0,0.1,entry_clean_financing_30d,21,in_sample,53,34,,,1,-0.0060880645775441,0.0212867791381429,0.0077088201441095,-0.0084576733674365,-0.016166493511546,0.037293967867564,0.0386054911184701,0.0380889322125654,0.0461688050174722,0.0085141581470292,0.0199069025408336,0.0424690383283693,0.0656744313074634,0.2075471698113207,0.3490566037735849,0.1320754716981132,0.1918238993710691,0.0498696722847784,-0.0402580941533187,228.9056603773585,230.50943396226413,0.9433962264150944,0.0046944351187796,0.0147056443406601,0.0,0.0062893081761006
3-6m,0,0.05,3,0.0,entry_clean_financing_30d,21,in_sample,54,34,,,1,-0.0049914664247005,0.019286181043419,0.0072006272100254,-0.0004549961792986,-0.0076556233893241,0.0372298230907413,0.0386100169862642,0.0375616520768989,0.0461410614742845,0.0065013181140005,0.0188690061982781,0.0435377450933351,0.0666426847043864,0.2037037037037037,0.3487654320987654,0.1481481481481481,0.2067901234567901,0.0490513832892063,-0.0417611181652027,224.92592592592592,226.24074074074076,0.925925925925926,0.0046075011350985,0.0147874302796851,0.0,0.0061728395061728
3-6m,0,0.05,3,0.025,entry_clean_financing_30d,21,in_sample,54,34,,,1,-0.0050161066127647,0.0197902072600995,0.0074496172923481,-0.0023247830584896,-0.0097744003508378,0.0372298230907413,0.0386100169862642,0.0375616520768989,0.0461410614742845,0.0065013181140005,0.0188690061982781,0.0435377450933351,0.0666426847043864,0.2037037037037037,0.3487654320987654,0.1481481481481481,0.2067901234567901,0.0490513832892063,-0.0417611181652027,224.92592592592592,226.24074074074076,0.925925925925926,0.0046075011350985,0.0147874302796851,0.0,0.0061728395061728
3-6m,0,0.05,3,0.05,entry_clean_financing_30d,21,in_sample,54,34,,,1,-0.0050471013270903,0.0203375890396006,0.0076986073746708,-0.0041945699376806,-0.0118931773123515,0.0372298230907413,0.0386100169862642,0.0375616520768989,0.0461410614742845,0.0065013181140005,0.0188690061982781,0.0435377450933351,0.0666426847043864,0.2037037037037037,0.3487654320987654,0.1481481481481481,0.2067901234567901,0.0490513832892063,-0.0417611181652027,224.92592592592592,226.24074074074076,0.925925925925926,0.0046075011350985,0.0147874302796851,0.0,0.0061728395061728
3-6m,0,0.05,3,0.1,entry_clean_financing_30d,21,in_sample,54,34,,,1,-0.0050397151638885,0.0213264939653876,0.0081965875393163,-0.0079341436960626,-0.0161307312353789,0.0372298230907413,0.0386100169862642,0.0375616520768989,0.0461410614742845,0.0065013181140005,0.0188690061982781,0.0435377450933351,0.0666426847043864,0.2037037037037037,0.3487654320987654,0.1481481481481481,0.2067901234567901,0.0490513832892063,-0.0417611181652027,224.92592592592592,226.24074074074076,0.925925925925926,0.0046075011350985,0.0147874302796851,0.0,0.0061728395061728
3-6m,0,0.1,0,0.0,entry_clean_financing_30d,21,in_sample,36,24,,,1,-0.0031729431163123,0.0228471161522041,0.0089969383969694,-0.0004967359035083,-0.0094936743004778,0.0252946849963483,0.0281462246954865,0.0256433423236638,0.0374896905347171,0.0100784776486536,0.0326210956891474,0.0416117874040989,0.0733367557982135,0.1944444444444444,0.3796296296296296,0.1111111111111111,0.1481481481481481,0.050162235156589,-0.0421889768230137,197.08333333333331,368.6111111111111,0.5555555555555556,0.0001489748916912,0.0092723492203639,0.0,0.0138888888888888
3-6m,0,0.1,0,0.025,entry_clean_financing_30d,21,in_sample,36,24,,,1,-0.0030400307054676,0.0234860176436975,0.0093643855947242,-0.0017701865865086,-0.0111345721812329,0.0252946849963483,0.0281462246954865,0.0256433423236638,0.0374896905347171,0.0100784776486536,0.0326210956891474,0.0416117874040989,0.0733367557982135,0.1944444444444444,0.3796296296296296,0.1111111111111111,0.1481481481481481,0.050162235156589,-0.0421889768230137,197.08333333333331,368.6111111111111,0.5555555555555556,0.0001489748916912,0.0092723492203639,0.0,0.0138888888888888
3-6m,0,0.1,0,0.05,entry_clean_financing_30d,21,in_sample,36,24,,,1,-0.0028991472039844,0.0241358657989478,0.009731832792479,-0.0030436372695089,-0.0127754700619879,0.0252946849963483,0.0281462246954865,0.0256433423236638,0.0374896905347171,0.0100784776486536,0.0326210956891474,0.0416117874040989,0.0733367557982135,0.1944444444444444,0.3796296296296296,0.1111111111111111,0.1481481481481481,0.050162235156589,-0.0421889768230137,197.08333333333331,368.6111111111111,0.5555555555555556,0.0001489748916912,0.0092723492203639,0.0,0.0138888888888888
3-6m,0,0.1,0,0.1,entry_clean_financing_30d,21,in_sample,36,24,,,1,-0.0026416462320982,0.0255016696551509,0.0104667271879886,-0.0055905386355095,-0.0160572658234981,0.0252946849963483,0.0281462246954865,0.0256433423236638,0.0374896905347171,0.0100784776486536,0.0326210956891474,0.0416117874040989,0.0733367557982135,0.1944444444444444,0.3796296296296296,0.1111111111111111,0.1481481481481481,0.050162235156589,-0.0421889768230137,197.08333333333331,368.6111111111111,0.5555555555555556,0.0001489748916912,0.0092723492203639,0.0,0.0138888888888888
3-6m,0,0.1,3,0.0,entry_clean_financing_30d,21,in_sample,43,27,,,1,-0.0022125667552911,0.0205966987665068,0.0088370520695572,0.0014453400635589,-0.0073917120059983,0.0242219755144024,0.0267804737869703,0.0226445103432421,0.0340379623113098,0.0009062678751002,0.024561825871614,0.0431769765073095,0.0726234991055402,0.1627906976744186,0.3488372093023256,0.1627906976744186,0.193798449612403,0.0470189460102338,-0.0469411957086196,166.90697674418604,309.9767441860465,0.4651162790697674,0.0001247231651368,0.0077628970217,0.0,0.0116279069767441
3-6m,0,0.1,3,0.025,entry_clean_financing_30d,21,in_sample,43,27,,,1,-0.0020764687006347,0.0211798515729744,0.0091858508255731,0.0002736779171178,-0.0089121729084553,0.0242219755144024,0.0267804737869703,0.0226445103432421,0.0340379623113098,0.0009062678751002,0.024561825871614,0.0431769765073095,0.0726234991055402,0.1627906976744186,0.3488372093023256,0.1627906976744186,0.193798449612403,0.0470189460102338,-0.0469411957086196,166.90697674418604,309.9767441860465,0.4651162790697674,0.0001247231651368,0.0077628970217,0.0,0.0116279069767441
3-6m,0,0.1,3,0.05,entry_clean_financing_30d,21,in_sample,43,27,,,1,-0.0019175714196241,0.0217336607669208,0.009534649581589,-0.0008979842293232,-0.0104326338109123,0.0242219755144024,0.0267804737869703,0.0226445103432421,0.0340379623113098,0.0009062678751002,0.024561825871614,0.0431769765073095,0.0726234991055402,0.1627906976744186,0.3488372093023256,0.1627906976744186,0.193798449612403,0.0470189460102338,-0.0469411957086196,166.90697674418604,309.9767441860465,0.4651162790697674,0.0001247231651368,0.0077628970217,0.0,0.0116279069767441
3-6m,0,0.1,3,0.1,entry_clean_financing_30d,21,in_sample,43,27,,,1,-0.0016147502732995,0.0228578768968693,0.0102322470936208,-0.0032413085222055,-0.0134735556158263,0.0242219755144024,0.0267804737869703,0.0226445103432421,0.0340379623113098,0.0009062678751002,0.024561825871614,0.0431769765073095,0.0726234991055402,0.1627906976744186,0.3488372093023256,0.1627906976744186,0.193798449612403,0.0470189460102338,-0.0469411957086196,166.90697674418604,309.9767441860465,0.4651162790697674,0.0001247231651368,0.0077628970217,0.0,0.0116279069767441
3-6m,1,0.03,0,0.0,all_disclosures_30d,21,in_sample,19,16,,,1,-0.0237258269906077,0.014204069749404,-0.0045697660197667,0.0062012363926364,0.0107710024124032,0.0471373315179838,0.04721618899666,0.0408320457132821,0.0363425425633809,-0.0045142700623242,-0.0212820691938144,0.0432776222577395,0.0604358764252674,0.1052631578947368,0.1842105263157894,0.1578947368421052,0.3421052631578947,0.0349865542430691,-0.0477751589279208,120.52631578947368,991.421052631579,0.5263157894736842,0.0060607813897459,0.0090080264443522,0.0,0.0
3-6m,1,0.03,0,0.025,all_disclosures_30d,21,in_sample,19,16,,,1,-0.0244773194397083,0.0146965396419441,-0.0046800321615474,0.0040020019618548,0.0086820341234022,0.0471373315179838,0.04721618899666,0.0408320457132821,0.0363425425633809,-0.0045142700623242,-0.0212820691938144,0.0432776222577395,0.0604358764252674,0.1052631578947368,0.1842105263157894,0.1578947368421052,0.3421052631578947,0.0349865542430691,-0.0477751589279208,120.52631578947368,991.421052631579,0.5263157894736842,0.0060607813897459,0.0090080264443522,0.0,0.0
3-6m,1,0.03,0,0.05,all_disclosures_30d,21,in_sample,19,16,,,1,-0.0252102289279764,0.0151894340666253,-0.004790298303328,0.0018027675310731,0.0065930658344012,0.0471373315179838,0.04721618899666,0.0408320457132821,0.0363425425633809,-0.0045142700623242,-0.0212820691938144,0.0432776222577395,0.0604358764252674,0.1052631578947368,0.1842105263157894,0.1578947368421052,0.3421052631578947,0.0349865542430691,-0.0477751589279208,120.52631578947368,991.421052631579,0.5263157894736842,0.0060607813897459,0.0090080264443522,0.0,0.0
3-6m,1,0.03,0,0.1,all_disclosures_30d,21,in_sample,19,16,,,1,-0.0266547265510972,0.0162730088530542,-0.0050108305868892,-0.0025957013304901,0.0024151292563991,0.0471373315179838,0.04721618899666,0.0408320457132821,0.0363425425633809,-0.0045142700623242,-0.0212820691938144,0.0432776222577395,0.0604358764252674,0.1052631578947368,0.1842105263157894,0.1578947368421052,0.3421052631578947,0.0349865542430691,-0.0477751589279208,120.52631578947368,991.421052631579,0.5263157894736842,0.0060607813897459,0.0090080264443522,0.0,0.0
3-6m,1,0.03,3,0.0,all_disclosures_30d,21,in_sample,21,18,,,1,-0.0235722795539048,0.0123688747064261,-0.0051985589666751,0.0022621238568675,0.0074606828235427,0.0485322719938887,0.0496114219749957,0.0461726943493643,0.0420544624486614,0.0033889525823801,-0.0133924929163208,0.0466292361100568,0.0627765990583884,0.1428571428571428,0.2619047619047619,0.1428571428571428,0.3095238095238095,0.0415882867334225,-0.0433777015008272,112.42857142857144,897.0,0.4761904761904761,0.0102315463414216,0.0114610319246821,0.0,0.0
3-6m,1,0.03,3,0.025,all_disclosures_30d,21,in_sample,21,18,,,1,-0.0243025583878176,0.0128599316380555,-0.005274536014665,-0.0001055003017137,0.0051690357129512,0.0485322719938887,0.0496114219749957,0.0461726943493643,0.0420544624486614,0.0033889525823801,-0.0133924929163208,0.0466292361100568,0.0627765990583884,0.1428571428571428,0.2619047619047619,0.1428571428571428,0.3095238095238095,0.0415882867334225,-0.0433777015008272,112.42857142857144,897.0,0.4761904761904761,0.0102315463414216,0.0114610319246821,0.0,0.0
3-6m,1,0.03,3,0.05,all_disclosures_30d,21,in_sample,21,18,,,1,-0.0250919936302902,0.0133639564368758,-0.0053505130626549,-0.002473124460295,0.0028773886023598,0.0485322719938887,0.0496114219749957,0.0461726943493643,0.0420544624486614,0.0033889525823801,-0.0133924929163208,0.0466292361100568,0.0627765990583884,0.1428571428571428,0.2619047619047619,0.1428571428571428,0.3095238095238095,0.0415882867334225,-0.0433777015008272,112.42857142857144,897.0,0.4761904761904761,0.0102315463414216,0.0114610319246821,0.0,0.0
3-6m,1,0.03,3,0.1,all_disclosures_30d,21,in_sample,21,18,,,1,-0.0264739218607767,0.0143973877207132,-0.0055024671586347,-0.0072083727774577,-0.0017059056188229,0.0485322719938887,0.0496114219749957,0.0461726943493643,0.0420544624486614,0.0033889525823801,-0.0133924929163208,0.0466292361100568,0.0627765990583884,0.1428571428571428,0.2619047619047619,0.1428571428571428,0.3095238095238095,0.0415882867334225,-0.0433777015008272,112.42857142857144,897.0,0.4761904761904761,0.0102315463414216,0.0114610319246821,0.0,0.0
3-6m,1,0.05,0,0.0,all_disclosures_30d,21,in_sample,15,13,,,1,-0.0216369806721776,0.0119762797157172,-0.006885295141357,0.0091321844474616,0.0160174795888187,0.041801314742545,0.0420521076539597,0.0325480915459944,0.0259156850835169,-0.0102695523643863,-0.0389582036224654,0.0400382581433252,0.0595783833046923,0.0666666666666666,0.0666666666666666,0.2,0.4,0.0333790848817353,-0.0510198764561174,191.26666666666668,1260.6,1.2,0.0003585187514741,0.0018951688117888,0.0,0.0
3-6m,1,0.05,0,0.025,all_disclosures_30d,21,in_sample,15,13,,,1,-0.0221256941777161,0.012297160464512,-0.0070448354801336,0.0072734492902482,0.0143182847703818,0.041801314742545,0.0420521076539597,0.0325480915459944,0.0259156850835169,-0.0102695523643863,-0.0389582036224654,0.0400382581433252,0.0595783833046923,0.0666666666666666,0.0666666666666666,0.2,0.4,0.0333790848817353,-0.0510198764561174,191.26666666666668,1260.6,1.2,0.0003585187514741,0.0018951688117888,0.0,0.0
3-6m,1,0.05,0,0.05,all_disclosures_30d,21,in_sample,15,13,,,1,-0.0227157738884819,0.0125595555980055,-0.0072043758189101,0.0054147141330347,0.0126190899519448,0.041801314742545,0.0420521076539597,0.0325480915459944,0.0259156850835169,-0.0102695523643863,-0.0389582036224654,0.0400382581433252,0.0595783833046923,0.0666666666666666,0.0666666666666666,0.2,0.4,0.0333790848817353,-0.0510198764561174,191.26666666666668,1260.6,1.2,0.0003585187514741,0.0018951688117888,0.0,0.0
3-6m,1,0.05,0,0.1,all_disclosures_30d,21,in_sample,15,13,,,1,-0.0238098310962164,0.0132480025629235,-0.0075234564964633,0.0016972438186077,0.009220700315071,0.041801314742545,0.0420521076539597,0.0325480915459944,0.0259156850835169,-0.0102695523643863,-0.0389582036224654,0.0400382581433252,0.0595783833046923,0.0666666666666666,0.0666666666666666,0.2,0.4,0.0333790848817353,-0.0510198764561174,191.26666666666668,1260.6,1.2,0.0003585187514741,0.0018951688117888,0.0,0.0
3-6m,1,0.05,3,0.0,all_disclosures_30d,21,in_sample,17,15,,,1,-0.0212724488443327,0.0094714302619089,-0.0071511890171257,0.0045049658881636,0.0116561549052893,0.0432874129919224,0.0438356423874893,0.038671554636236,0.0320703580853411,0.0001703441146087,-0.0267414829899216,0.0445595886802366,0.0629619739873552,0.1176470588235294,0.1764705882352941,0.1764705882352941,0.3529411764705882,0.0417232802358582,-0.0452059916899198,170.05882352941177,1112.2941176470588,1.0588235294117647,0.0051987274128578,0.0029386173155427,0.0,0.0
3-6m,1,0.05,3,0.025,all_disclosures_30d,21,in_sample,17,15,,,1,-0.0217915239649235,0.0097040726488906,-0.0073025131960089,0.0024559916974597,0.0097585048934686,0.0432874129919224,0.0438356423874893,0.038671554636236,0.0320703580853411,0.0001703441146087,-0.0267414829899216,0.0445595886802366,0.0629619739873552,0.1176470588235294,0.1764705882352941,0.1764705882352941,0.3529411764705882,0.0417232802358582,-0.0452059916899198,170.05882352941177,1112.2941176470588,1.0588235294117647,0.0051987274128578,0.0029386173155427,0.0,0.0
3-6m,1,0.05,3,0.05,all_disclosures_30d,21,in_sample,17,15,,,1,-0.0221865999934101,0.0099791787301346,-0.0074538373748921,0.0004070175067557,0.0078608548816478,0.0432874129919224,0.0438356423874893,0.038671554636236,0.0320703580853411,0.0001703441146087,-0.0267414829899216,0.0445595886802366,0.0629619739873552,0.1176470588235294,0.1764705882352941,0.1764705882352941,0.3529411764705882,0.0417232802358582,-0.0452059916899198,170.05882352941177,1112.2941176470588,1.0588235294117647,0.0051987274128578,0.0029386173155427,0.0,0.0
3-6m,1,0.05,3,0.1,all_disclosures_30d,21,in_sample,17,15,,,1,-0.0232876177803591,0.0106562607526097,-0.0077564857326584,-0.0036909308746521,0.0040655548580063,0.0432874129919224,0.0438356423874893,0.038671554636236,0.0320703580853411,0.0001703441146087,-0.0267414829899216,0.0445595886802366,0.0629619739873552,0.1176470588235294,0.1764705882352941,0.1764705882352941,0.3529411764705882,0.0417232802358582,-0.0452059916899198,170.05882352941177,1112.2941176470588,1.0588235294117647,0.0051987274128578,0.0029386173155427,0.0,0.0
3-6m,1,0.1,0,0.0,all_disclosures_30d,21,in_sample,13,11,,,1,-0.0164415503456582,0.0115771648132599,-0.002065871411855,0.0055980619532077,0.0076639333650628,0.031176977311621,0.0301378271406127,0.0254568587437229,0.0223536535633824,-0.0032411572081134,-0.02384967440929,0.0498944325216275,0.0683887196993628,0.1538461538461538,0.1538461538461538,0.2307692307692307,0.3846153846153846,0.041170209535945,-0.051449963852875,365.46153846153845,277.46153846153845,1.9230769230769231,0.0,0.0016644335149983,0.0,0.0
3-6m,1,0.1,0,0.025,all_disclosures_30d,21,in_sample,13,11,,,1,-0.0169644435045864,0.0118930599650501,-0.0021694302956387,0.0041822160518241,0.0063516463474629,0.031176977311621,0.0301378271406127,0.0254568587437229,0.0223536535633824,-0.0032411572081134,-0.02384967440929,0.0498944325216275,0.0683887196993628,0.1538461538461538,0.1538461538461538,0.2307692307692307,0.3846153846153846,0.041170209535945,-0.051449963852875,365.46153846153845,277.46153846153845,1.9230769230769231,0.0,0.0016644335149983,0.0,0.0
3-6m,1,0.1,0,0.05,all_disclosures_30d,21,in_sample,13,11,,,1,-0.017485146346173,0.0121582229714605,-0.0022729891794224,0.0027663701504405,0.005039359329863,0.031176977311621,0.0301378271406127,0.0254568587437229,0.0223536535633824,-0.0032411572081134,-0.02384967440929,0.0498944325216275,0.0683887196993628,0.1538461538461538,0.1538461538461538,0.2307692307692307,0.3846153846153846,0.041170209535945,-0.051449963852875,365.46153846153845,277.46153846153845,1.9230769230769231,0.0,0.0016644335149983,0.0,0.0
3-6m,1,0.1,0,0.1,all_disclosures_30d,21,in_sample,13,11,,,1,-0.0186237538167705,0.0129278299886482,-0.0024801069469899,-6.532165232661753e-05,0.0024147852946632,0.031176977311621,0.0301378271406127,0.0254568587437229,0.0223536535633824,-0.0032411572081134,-0.02384967440929,0.0498944325216275,0.0683887196993628,0.1538461538461538,0.1538461538461538,0.2307692307692307,0.3846153846153846,0.041170209535945,-0.051449963852875,365.46153846153845,277.46153846153845,1.9230769230769231,0.0,0.0016644335149983,0.0,0.0
3-6m,1,0.1,3,0.0,all_disclosures_30d,21,in_sample,14,12,,,1,-0.0149053327607364,0.0102347290842234,-0.0020459379200406,0.0058822338286819,0.0079281717487225,0.0300041867631534,0.0288756954667911,0.0240067374201922,0.0208343363742777,-0.0041345394823054,-0.0277926917365387,0.0474554379877113,0.0691503766487491,0.1428571428571428,0.1428571428571428,0.2142857142857142,0.4285714285714285,0.0382294802833775,-0.0522066713921416,339.92857142857144,257.6428571428572,1.7857142857142858,0.0,0.0015455454067841,0.0,0.0
3-6m,1,0.1,3,0.025,all_disclosures_30d,21,in_sample,14,12,,,1,-0.0153570278660132,0.0104159070790927,-0.0021534602285975,0.0045319607240982,0.0066854209526957,0.0300041867631534,0.0288756954667911,0.0240067374201922,0.0208343363742777,-0.0041345394823054,-0.0277926917365387,0.0474554379877113,0.0691503766487491,0.1428571428571428,0.1428571428571428,0.2142857142857142,0.4285714285714285,0.0382294802833775,-0.0522066713921416,339.92857142857144,257.6428571428572,1.7857142857142858,0.0,0.0015455454067841,0.0,0.0
3-6m,1,0.1,3,0.05,all_disclosures_30d,21,in_sample,14,12,,,1,-0.015889125852314,0.0107047372597463,-0.0022609825371544,0.0031816876195146,0.005442670156669,0.0300041867631534,0.0288756954667911,0.0240067374201922,0.0208343363742777,-0.0041345394823054,-0.0277926917365387,0.0474554379877113,0.0691503766487491,0.1428571428571428,0.1428571428571428,0.2142857142857142,0.4285714285714285,0.0382294802833775,-0.0522066713921416,339.92857142857144,257.6428571428572,1.7857142857142858,0.0,0.0015455454067841,0.0,0.0
3-6m,1,0.1,3,0.1,all_disclosures_30d,21,in_sample,14,12,,,1,-0.0170754319708929,0.011304035413725,-0.0024760271542682,0.0004811414103473,0.0029571685646156,0.0300041867631534,0.0288756954667911,0.0240067374201922,0.0208343363742777,-0.0041345394823054,-0.0277926917365387,0.0474554379877113,0.0691503766487491,0.1428571428571428,0.1428571428571428,0.2142857142857142,0.4285714285714285,0.0382294802833775,-0.0522066713921416,339.92857142857144,257.6428571428572,1.7857142857142858,0.0,0.0015455454067841,0.0,0.0
3-6m,1,0.03,0,0.0,entry_clean_financing_30d,21,in_sample,54,31,,,1,-0.00751104261412,0.0139535081168619,0.0040009670919626,0.0029545318989217,-0.0010464351930409,0.0454942389165268,0.0474494719896398,0.0424115612451973,0.0483667308123792,-0.0008577042973674,0.0041864682352568,0.0450031364852486,0.058956952792915,0.1481481481481481,0.2376543209876543,0.1851851851851851,0.20679012345679,0.0422037697559687,-0.0494349404841485,168.09259259259258,433.9814814814815,0.4259259259259259,0.0071594425047342,0.0129585842498877,0.0,0.0246913580246913
3-6m,1,0.03,0,0.025,entry_clean_financing_30d,21,in_sample,54,31,,,1,-0.0075791688503674,0.0143834985528276,0.00419872715797,0.0007568868948786,-0.0034418402630914,0.0454942389165268,0.0474494719896398,0.0424115612451973,0.0483667308123792,-0.0008577042973674,0.0041864682352568,0.0450031364852486,0.058956952792915,0.1481481481481481,0.2376543209876543,0.1851851851851851,0.20679012345679,0.0422037697559687,-0.0494349404841485,168.09259259259258,433.9814814814815,0.4259259259259259,0.0071594425047342,0.0129585842498877,0.0,0.0246913580246913
3-6m,1,0.03,0,0.05,entry_clean_financing_30d,21,in_sample,54,31,,,1,-0.0076982838425763,0.0147982839784525,0.0043964872239774,-0.0014407581091644,-0.0058372453331419,0.0454942389165268,0.0474494719896398,0.0424115612451973,0.0483667308123792,-0.0008577042973674,0.0041864682352568,0.0450031364852486,0.058956952792915,0.1481481481481481,0.2376543209876543,0.1851851851851851,0.20679012345679,0.0422037697559687,-0.0494349404841485,168.09259259259258,433.9814814814815,0.4259259259259259,0.0071594425047342,0.0129585842498877,0.0,0.0246913580246913
3-6m,1,0.03,0,0.1,entry_clean_financing_30d,21,in_sample,54,31,,,1,-0.0078406344703069,0.0157154647473313,0.0047920073559921,-0.0058360481172506,-0.0106280554732428,0.0454942389165268,0.0474494719896398,0.0424115612451973,0.0483667308123792,-0.0008577042973674,0.0041864682352568,0.0450031364852486,0.058956952792915,0.1481481481481481,0.2376543209876543,0.1851851851851851,0.20679012345679,0.0422037697559687,-0.0494349404841485,168.09259259259258,433.9814814814815,0.4259259259259259,0.0071594425047342,0.0129585842498877,0.0,0.0246913580246913
3-6m,1,0.03,3,0.0,entry_clean_financing_30d,21,in_sample,62,37,,,1,-0.0050069211940795,0.017321923330068,0.0067394377958782,0.0012509783547241,-0.005488459441154,0.0455849274415916,0.0475581399432904,0.0442155136101637,0.0529266513908933,0.00293471665976,0.0144451779495397,0.0452679638157929,0.0628816664691372,0.1612903225806451,0.3091397849462365,0.1774193548387097,0.1774193548387097,0.0442095558981534,-0.0477790538023799,148.16129032258064,387.1612903225807,0.3709677419354839,0.0083527273925148,0.0176249164098733,0.0,0.021505376344086
3-6m,1,0.03,3,0.025,entry_clean_financing_30d,21,in_sample,62,37,,,1,-0.0050823362942828,0.0178476073595618,0.0070065465529389,-0.0009940326715697,-0.0080005792245086,0.0455849274415916,0.0475581399432904,0.0442155136101637,0.0529266513908933,0.00293471665976,0.0144451779495397,0.0452679638157929,0.0628816664691372,0.1612903225806451,0.3091397849462365,0.1774193548387097,0.1774193548387097,0.0442095558981534,-0.0477790538023799,148.16129032258064,387.1612903225807,0.3709677419354839,0.0083527273925148,0.0176249164098733,0.0,0.021505376344086
3-6m,1,0.03,3,0.05,entry_clean_financing_30d,21,in_sample,62,37,,,1,-0.0051458873931869,0.0183689257088642,0.0072736553099996,-0.0032390436978635,-0.0105126990078632,0.0455849274415916,0.0475581399432904,0.0442155136101637,0.0529266513908933,0.00293471665976,0.0144451779495397,0.0452679638157929,0.0628816664691372,0.1612903225806451,0.3091397849462365,0.1774193548387097,0.1774193548387097,0.0442095558981534,-0.0477790538023799,148.16129032258064,387.1612903225807,0.3709677419354839,0.0083527273925148,0.0176249164098733,0.0,0.021505376344086
3-6m,1,0.03,3,0.1,entry_clean_financing_30d,21,in_sample,62,37,,,1,-0.0052535491017594,0.0194841768045175,0.007807872824121,-0.0077290657504513,-0.0155369385745724,0.0455849274415916,0.0475581399432904,0.0442155136101637,0.0529266513908933,0.00293471665976,0.0144451779495397,0.0452679638157929,0.0628816664691372,0.1612903225806451,0.3091397849462365,0.1774193548387097,0.1774193548387097,0.0442095558981534,-0.0477790538023799,148.16129032258064,387.1612903225807,0.3709677419354839,0.0083527273925148,0.0176249164098733,0.0,0.021505376344086
3-6m,1,0.05,0,0.0,entry_clean_financing_30d,21,in_sample,52,31,,,1,-0.0050507770472027,0.0148114080367784,0.005222676047183,0.0024196364625035,-0.0028030395846795,0.0391275074573269,0.0392346231897894,0.0365729108414144,0.0419014341995399,-0.0014147581077774,0.0095280523977357,0.0440446907317947,0.0612889583493967,0.1538461538461538,0.2467948717948717,0.1923076923076923,0.1858974358974358,0.0432851522899982,-0.0511277380520403,150.57692307692307,597.6538461538462,0.5576923076923077,0.0043210918867213,0.0097429316763191,0.0,0.0256410256410256
3-6m,1,0.05,0,0.025,entry_clean_financing_30d,21,in_sample,52,31,,,1,-0.0051283539812021,0.0151397118470285,0.0053585670244477,0.0005271260050349,-0.0048314410194127,0.0391275074573269,0.0392346231897894,0.0365729108414144,0.0419014341995399,-0.0014147581077774,0.0095280523977357,0.0440446907317947,0.0612889583493967,0.1538461538461538,0.2467948717948717,0.1923076923076923,0.1858974358974358,0.0432851522899982,-0.0511277380520403,150.57692307692307,597.6538461538462,0.5576923076923077,0.0043210918867213,0.0097429316763191,0.0,0.0256410256410256
3-6m,1,0.05,0,0.05,entry_clean_financing_30d,21,in_sample,52,31,,,1,-0.0052112411030072,0.0154881011020284,0.0054944580017124,-0.0013653844524335,-0.0068598424541459,0.0391275074573269,0.0392346231897894,0.0365729108414144,0.0419014341995399,-0.0014147581077774,0.0095280523977357,0.0440446907317947,0.0612889583493967,0.1538461538461538,0.2467948717948717,0.1923076923076923,0.1858974358974358,0.0432851522899982,-0.0511277380520403,150.57692307692307,597.6538461538462,0.5576923076923077,0.0043210918867213,0.0097429316763191,0.0,0.0256410256410256
3-6m,1,0.05,0,0.1,entry_clean_financing_30d,21,in_sample,52,31,,,1,-0.0054203540111699,0.0162759698068408,0.0057662399562418,-0.0051504053673706,-0.0109166453236124,0.0391275074573269,0.0392346231897894,0.0365729108414144,0.0419014341995399,-0.0014147581077774,0.0095280523977357,0.0440446907317947,0.0612889583493967,0.1538461538461538,0.2467948717948717,0.1923076923076923,0.1858974358974358,0.0432851522899982,-0.0511277380520403,150.57692307692307,597.6538461538462,0.5576923076923077,0.0043210918867213,0.0097429316763191,0.0,0.0256410256410256
3-6m,1,0.05,3,0.0,entry_clean_financing_30d,21,in_sample,57,34,,,1,-0.0053425079506514,0.0138592550862069,0.0041050974229315,0.0015369088784033,-0.0025681885445282,0.0392750893681662,0.0403368035303518,0.0376074615169368,0.0427728784214329,0.0011658371139878,0.0098462024846397,0.0448351484833166,0.0631440866311306,0.1578947368421052,0.2660818713450292,0.1929824561403508,0.1929824561403508,0.0454357160003206,-0.0483416716892345,138.24561403508773,545.2456140350877,0.5087719298245614,0.0053981993483505,0.0096774164349055,0.0,0.0409356725146198
3-6m,1,0.05,3,0.025,entry_clean_financing_30d,21,in_sample,57,34,,,1,-0.0053460343906582,0.0142501660184293,0.0042607756995985,-0.0003851548937242,-0.0046459305933228,0.0392750893681662,0.0403368035303518,0.0376074615169368,0.0427728784214329,0.0011658371139878,0.0098462024846397,0.0448351484833166,0.0631440866311306,0.1578947368421052,0.2660818713450292,0.1929824561403508,0.1929824561403508,0.0454357160003206,-0.0483416716892345,138.24561403508773,545.2456140350877,0.5087719298245614,0.0053981993483505,0.0096774164349055,0.0,0.0409356725146198
3-6m,1,0.05,3,0.05,entry_clean_financing_30d,21,in_sample,57,34,,,1,-0.0053216023044518,0.0146494690863291,0.0044164539762656,-0.0023072186658518,-0.0067236726421174,0.0392750893681662,0.0403368035303518,0.0376074615169368,0.0427728784214329,0.0011658371139878,0.0098462024846397,0.0448351484833166,0.0631440866311306,0.1578947368421052,0.2660818713450292,0.1929824561403508,0.1929824561403508,0.0454357160003206,-0.0483416716892345,138.24561403508773,545.2456140350877,0.5087719298245614,0.0053981993483505,0.0096774164349055,0.0,0.0409356725146198
3-6m,1,0.05,3,0.1,entry_clean_financing_30d,21,in_sample,57,34,,,1,-0.0053983821221686,0.0154406784109867,0.0047278105295997,-0.0061513462101069,-0.0108791567397066,0.0392750893681662,0.0403368035303518,0.0376074615169368,0.0427728784214329,0.0011658371139878,0.0098462024846397,0.0448351484833166,0.0631440866311306,0.1578947368421052,0.2660818713450292,0.1929824561403508,0.1929824561403508,0.0454357160003206,-0.0483416716892345,138.24561403508773,545.2456140350877,0.5087719298245614,0.0053981993483505,0.0096774164349055,0.0,0.0409356725146198
3-6m,1,0.1,0,0.0,entry_clean_financing_30d,21,in_sample,47,28,,,1,-0.00324136783868,0.0141382597006417,0.0059171247616901,0.0006389245634087,-0.0052782001982814,0.0264359510286082,0.0275744267468066,0.0256677869756948,0.0327210421495032,0.0023725968484254,0.0224066265488035,0.0472906812186116,0.0706406757002879,0.1914893617021276,0.3085106382978723,0.1914893617021276,0.1950354609929077,0.0474135219275226,-0.0509450115921477,832.7659574468086,273.1276595744681,0.8723404255319149,0.0004372343400065,0.0057772980931438,0.0,0.0496453900709219
3-6m,1,0.1,0,0.025,entry_clean_financing_30d,21,in_sample,47,28,,,1,-0.0032570572623294,0.0145049506502947,0.0061219180339902,-0.0006636688866988,-0.0067855869206891,0.0264359510286082,0.0275744267468066,0.0256677869756948,0.0327210421495032,0.0023725968484254,0.0224066265488035,0.0472906812186116,0.0706406757002879,0.1914893617021276,0.3085106382978723,0.1914893617021276,0.1950354609929077,0.0474135219275226,-0.0509450115921477,832.7659574468086,273.1276595744681,0.8723404255319149,0.0004372343400065,0.0057772980931438,0.0,0.0496453900709219
3-6m,1,0.1,0,0.05,entry_clean_financing_30d,21,in_sample,47,28,,,1,-0.0032538922697306,0.0149557221856559,0.0063267113062904,-0.0019662623368064,-0.0082929736430969,0.0264359510286082,0.0275744267468066,0.0256677869756948,0.0327210421495032,0.0023725968484254,0.0224066265488035,0.0472906812186116,0.0706406757002879,0.1914893617021276,0.3085106382978723,0.1914893617021276,0.1950354609929077,0.0474135219275226,-0.0509450115921477,832.7659574468086,273.1276595744681,0.8723404255319149,0.0004372343400065,0.0057772980931438,0.0,0.0496453900709219
3-6m,1,0.1,0,0.1,entry_clean_financing_30d,21,in_sample,47,28,,,1,-0.003221181639717,0.0157588262473007,0.0067362978508908,-0.0045714492370216,-0.0113077470879124,0.0264359510286082,0.0275744267468066,0.0256677869756948,0.0327210421495032,0.0023725968484254,0.0224066265488035,0.0472906812186116,0.0706406757002879,0.1914893617021276,0.3085106382978723,0.1914893617021276,0.1950354609929077,0.0474135219275226,-0.0509450115921477,832.7659574468086,273.1276595744681,0.8723404255319149,0.0004372343400065,0.0057772980931438,0.0,0.0496453900709219
3-6m,1,0.1,3,0.0,entry_clean_financing_30d,21,in_sample,50,30,,,1,-0.0038271414351851,0.0125418712728484,0.0044620896337382,-4.827096825953607e-05,-0.0045103606019978,0.0262150665918309,0.0267913471274174,0.0261335202937013,0.0311700365377205,0.0046967004144976,0.018718124734935,0.0475496400843446,0.0693750847593742,0.2,0.2966666666666666,0.18,0.21,0.047819865504133,-0.0494607541184623,783.98,256.74,0.82,0.0009091042551413,0.0052300702370537,0.02,0.0466666666666666
3-6m,1,0.1,3,0.025,entry_clean_financing_30d,21,in_sample,50,30,,,1,-0.0038345731986347,0.0128736200349338,0.0046024095532284,-0.0013569856403978,-0.0059593951936262,0.0262150665918309,0.0267913471274174,0.0261335202937013,0.0311700365377205,0.0046967004144976,0.018718124734935,0.0475496400843446,0.0693750847593742,0.2,0.2966666666666666,0.18,0.21,0.047819865504133,-0.0494607541184623,783.98,256.74,0.82,0.0009091042551413,0.0052300702370537,0.02,0.0466666666666666
3-6m,1,0.1,3,0.05,entry_clean_financing_30d,21,in_sample,50,30,,,1,-0.0038121026727406,0.0132184251066108,0.0047427294727185,-0.0026657003125361,-0.0074084297852547,0.0262150665918309,0.0267913471274174,0.0261335202937013,0.0311700365377205,0.0046967004144976,0.018718124734935,0.0475496400843446,0.0693750847593742,0.2,0.2966666666666666,0.18,0.21,0.047819865504133,-0.0494607541184623,783.98,256.74,0.82,0.0009091042551413,0.0052300702370537,0.02,0.0466666666666666
3-6m,1,0.1,3,0.1,entry_clean_financing_30d,21,in_sample,50,30,,,1,-0.0038182549626012,0.0138884688061088,0.0050233693116988,-0.0052831296568127,-0.0103064989685116,0.0262150665918309,0.0267913471274174,0.0261335202937013,0.0311700365377205,0.0046967004144976,0.018718124734935,0.0475496400843446,0.0693750847593742,0.2,0.2966666666666666,0.18,0.21,0.047819865504133,-0.0494607541184623,783.98,256.74,0.82,0.0009091042551413,0.0052300702370537,0.02,0.0466666666666666
