bucket,delay,otm,stale,cost,control_rule,horizon,window,n_events,n_companies,ci_lo,ci_hi,dependence_clusters,company_only_ci_lo,company_only_ci_hi,difference,incremental_net,ordinary_incremental_net,entry_premium,ordinary_entry_premium,exit_premium,ordinary_exit_premium,stock_return,ordinary_stock_return,absolute_move,ordinary_absolute_move,upside_tail,ordinary_upside_tail,downside_tail,ordinary_downside_tail,max_upside,max_downside,entry_volume,exit_volume,capacity_contracts,intrinsic_upside_surrendered,ordinary_intrinsic_upside_surrendered,event_earnings_near,ordinary_earnings_near
2m,0,0.03,0,0.0,entry_clean_financing_30d,21,out_of_sample,24,21,,,1,-0.0542532073822945,0.0185691943445669,-0.0187761096100141,-0.0110330962831237,0.0077430133268903,0.043900263583618,0.0474206147293269,0.0548270944815894,0.0395722995122206,0.0271445923326853,-0.0174922108431944,0.0792595739018273,0.0810103034187694,0.3333333333333333,0.2708333333333333,0.2916666666666667,0.3611111111111111,0.0850372848858454,-0.0600663801882387,687.625,1222.375,4.291666666666667,0.0338911021905513,0.016970546615062,0.0,0.0
2m,0,0.03,0,0.025,entry_clean_financing_30d,21,out_of_sample,24,21,,,1,-0.0554440610644389,0.0193967626293749,-0.0190694707056056,-0.0135012802347539,0.0055681904708517,0.043900263583618,0.0474206147293269,0.0548270944815894,0.0395722995122206,0.0271445923326853,-0.0174922108431944,0.0792595739018273,0.0810103034187694,0.3333333333333333,0.2708333333333333,0.2916666666666667,0.3611111111111111,0.0850372848858454,-0.0600663801882387,687.625,1222.375,4.291666666666667,0.0338911021905513,0.016970546615062,0.0,0.0
2m,0,0.03,0,0.05,entry_clean_financing_30d,21,out_of_sample,24,21,,,1,-0.056632315237221,0.0201469427602611,-0.0193628318011971,-0.0159694641863841,0.003393367614813,0.043900263583618,0.0474206147293269,0.0548270944815894,0.0395722995122206,0.0271445923326853,-0.0174922108431944,0.0792595739018273,0.0810103034187694,0.3333333333333333,0.2708333333333333,0.2916666666666667,0.3611111111111111,0.0850372848858454,-0.0600663801882387,687.625,1222.375,4.291666666666667,0.0338911021905513,0.016970546615062,0.0,0.0
2m,0,0.03,0,0.1,entry_clean_financing_30d,21,out_of_sample,24,21,,,1,-0.0590093971977204,0.0217669389783831,-0.0199495539923801,-0.0209058320896444,-0.0009562780972643,0.043900263583618,0.0474206147293269,0.0548270944815894,0.0395722995122206,0.0271445923326853,-0.0174922108431944,0.0792595739018273,0.0810103034187694,0.3333333333333333,0.2708333333333333,0.2916666666666667,0.3611111111111111,0.0850372848858454,-0.0600663801882387,687.625,1222.375,4.291666666666667,0.0338911021905513,0.016970546615062,0.0,0.0
2m,0,0.03,3,0.0,entry_clean_financing_30d,21,out_of_sample,25,22,,,1,-0.0500360204994786,0.0193662829377145,-0.0156401853865392,-0.0110665192277475,0.0045736661587916,0.0436107725045847,0.047452082527659,0.0545747777545986,0.0427767148251073,0.0285713608402131,-0.0069844362524524,0.0786017431465894,0.0774176778605398,0.36,0.3066666666666666,0.28,0.3266666666666666,0.0862169867895044,-0.0576637249807091,661.0,1173.48,4.12,0.0335753467411475,0.0189020530484288,0.0,0.0
2m,0,0.03,3,0.025,entry_clean_financing_30d,21,out_of_sample,25,22,,,1,-0.0511172945052261,0.020097047238621,-0.0158391042091996,-0.0135211579842271,0.0023179462249725,0.0436107725045847,0.047452082527659,0.0545747777545986,0.0427767148251073,0.0285713608402131,-0.0069844362524524,0.0786017431465894,0.0774176778605398,0.36,0.3066666666666666,0.28,0.3266666666666666,0.0862169867895044,-0.0576637249807091,661.0,1173.48,4.12,0.0335753467411475,0.0189020530484288,0.0,0.0
2m,0,0.03,3,0.05,entry_clean_financing_30d,21,out_of_sample,25,22,,,1,-0.0520812052074839,0.020901587491597,-0.01603802303186,-0.0159757967407067,6.222629115336725e-05,0.0436107725045847,0.047452082527659,0.0545747777545986,0.0427767148251073,0.0285713608402131,-0.0069844362524524,0.0786017431465894,0.0774176778605398,0.36,0.3066666666666666,0.28,0.3266666666666666,0.0862169867895044,-0.0576637249807091,661.0,1173.48,4.12,0.0335753467411475,0.0189020530484288,0.0,0.0
2m,0,0.03,3,0.1,entry_clean_financing_30d,21,out_of_sample,25,22,,,1,-0.0542843492490136,0.0226317500765909,-0.0164358606771809,-0.0208850742536658,-0.0044492135764849,0.0436107725045847,0.047452082527659,0.0545747777545986,0.0427767148251073,0.0285713608402131,-0.0069844362524524,0.0786017431465894,0.0774176778605398,0.36,0.3066666666666666,0.28,0.3266666666666666,0.0862169867895044,-0.0576637249807091,661.0,1173.48,4.12,0.0335753467411475,0.0189020530484288,0.0,0.0
2m,1,0.03,0,0.0,entry_clean_financing_30d,21,out_of_sample,25,23,,,1,-0.05205490652205,0.0141633156215688,-0.0188178288346353,-0.0081965790457971,0.0106212497888381,0.0457013185583988,0.0502323681546553,0.0537999382917805,0.039512639556172,0.0285922586903206,-0.0184433915205917,0.0729676837945976,0.0871901329318849,0.32,0.3266666666666666,0.2,0.3866666666666666,0.0895166902746795,-0.0487603854983808,647.88,1013.04,4.32,0.0294721838355516,0.0156080719610002,0.0,0.0
2m,1,0.03,0,0.025,entry_clean_financing_30d,21,out_of_sample,25,23,,,1,-0.0530513500935025,0.0147395889238118,-0.0190617350631191,-0.0106841104670516,0.0083776245960674,0.0457013185583988,0.0502323681546553,0.0537999382917805,0.039512639556172,0.0285922586903206,-0.0184433915205917,0.0729676837945976,0.0871901329318849,0.32,0.3266666666666666,0.2,0.3866666666666666,0.0895166902746795,-0.0487603854983808,647.88,1013.04,4.32,0.0294721838355516,0.0156080719610002,0.0,0.0
2m,1,0.03,0,0.05,entry_clean_financing_30d,21,out_of_sample,25,23,,,1,-0.0542394705149503,0.0153629282656947,-0.0193056412916029,-0.0131716418883061,0.0061339994032968,0.0457013185583988,0.0502323681546553,0.0537999382917805,0.039512639556172,0.0285922586903206,-0.0184433915205917,0.0729676837945976,0.0871901329318849,0.32,0.3266666666666666,0.2,0.3866666666666666,0.0895166902746795,-0.0487603854983808,647.88,1013.04,4.32,0.0294721838355516,0.0156080719610002,0.0,0.0
2m,1,0.03,0,0.1,entry_clean_financing_30d,21,out_of_sample,25,23,,,1,-0.0563415487571996,0.0165145460073808,-0.0197934537485705,-0.018146704730815,0.0016467490177554,0.0457013185583988,0.0502323681546553,0.0537999382917805,0.039512639556172,0.0285922586903206,-0.0184433915205917,0.0729676837945976,0.0871901329318849,0.32,0.3266666666666666,0.2,0.3866666666666666,0.0895166902746795,-0.0487603854983808,647.88,1013.04,4.32,0.0294721838355516,0.0156080719610002,0.0,0.0
2m,1,0.03,3,0.0,entry_clean_financing_30d,21,out_of_sample,27,25,,,1,-0.0613969466518365,0.0116666474498342,-0.0242694367008479,-0.0156856998277601,0.0085837368730878,0.0455242619949622,0.0498293627930198,0.0611091065404194,0.0411452859555977,0.0377456551866302,-0.0139789899168298,0.0813827101080105,0.0859537268981738,0.3333333333333333,0.3333333333333333,0.1851851851851851,0.3580246913580246,0.0954719706138209,-0.047950050492311,602.6296296296297,938.0,4.0,0.0383374142397707,0.0174001215908734,0.0,0.0
2m,1,0.03,3,0.025,entry_clean_financing_30d,21,out_of_sample,27,25,,,1,-0.0624935809476726,0.0121968478775491,-0.024660904695517,-0.0183515340411447,0.0063093706543723,0.0455242619949622,0.0498293627930198,0.0611091065404194,0.0411452859555977,0.0377456551866302,-0.0139789899168298,0.0813827101080105,0.0859537268981738,0.3333333333333333,0.3333333333333333,0.1851851851851851,0.3580246913580246,0.0954719706138209,-0.047950050492311,602.6296296296297,938.0,4.0,0.0383374142397707,0.0174001215908734,0.0,0.0
2m,1,0.03,3,0.05,entry_clean_financing_30d,21,out_of_sample,27,25,,,1,-0.0637504151298899,0.0127751063095574,-0.0250523726901861,-0.0210173682545292,0.0040350044356569,0.0455242619949622,0.0498293627930198,0.0611091065404194,0.0411452859555977,0.0377456551866302,-0.0139789899168298,0.0813827101080105,0.0859537268981738,0.3333333333333333,0.3333333333333333,0.1851851851851851,0.3580246913580246,0.0954719706138209,-0.047950050492311,602.6296296296297,938.0,4.0,0.0383374142397707,0.0174001215908734,0.0,0.0
2m,1,0.03,3,0.1,entry_clean_financing_30d,21,out_of_sample,27,25,,,1,-0.0663470594504717,0.0138406430927253,-0.0258353086795243,-0.0263490366812983,-0.0005137280017739,0.0455242619949622,0.0498293627930198,0.0611091065404194,0.0411452859555977,0.0377456551866302,-0.0139789899168298,0.0813827101080105,0.0859537268981738,0.3333333333333333,0.3333333333333333,0.1851851851851851,0.3580246913580246,0.0954719706138209,-0.047950050492311,602.6296296296297,938.0,4.0,0.0383374142397707,0.0174001215908734,0.0,0.0
2m,1,0.05,0,0.0,entry_clean_financing_30d,21,out_of_sample,25,23,,,1,-0.0495581051903168,0.0121616304196938,-0.0181716078120337,-0.0080484278828512,0.0101231799291824,0.036551379157696,0.0409699630564071,0.0445022465040208,0.0307487234339376,0.029897577925146,-0.0180031363708542,0.0735686695132409,0.0846786835736998,0.32,0.3266666666666666,0.2,0.38,0.0882767700645404,-0.0489631333719169,965.52,1204.4,5.28,0.0210827103371304,0.0083397112859286,0.0,0.0
2m,1,0.05,0,0.025,entry_clean_financing_30d,21,out_of_sample,25,23,,,1,-0.050341942651119,0.0126879600481191,-0.018404981291318,-0.0100747685243942,0.0083302127669238,0.036551379157696,0.0409699630564071,0.0445022465040208,0.0307487234339376,0.029897577925146,-0.0180031363708542,0.0735686695132409,0.0846786835736998,0.32,0.3266666666666666,0.2,0.38,0.0882767700645404,-0.0489631333719169,965.52,1204.4,5.28,0.0210827103371304,0.0083397112859286,0.0,0.0
2m,1,0.05,0,0.05,entry_clean_financing_30d,21,out_of_sample,25,23,,,1,-0.0511790713205584,0.0131075938365638,-0.0186383547706023,-0.0121011091659371,0.0065372456046651,0.036551379157696,0.0409699630564071,0.0445022465040208,0.0307487234339376,0.029897577925146,-0.0180031363708542,0.0735686695132409,0.0846786835736998,0.32,0.3266666666666666,0.2,0.38,0.0882767700645404,-0.0489631333719169,965.52,1204.4,5.28,0.0210827103371304,0.0083397112859286,0.0,0.0
2m,1,0.05,0,0.1,entry_clean_financing_30d,21,out_of_sample,25,23,,,1,-0.0528729468940456,0.0143000015451886,-0.0191051017291709,-0.0161537904490229,0.0029513112801479,0.036551379157696,0.0409699630564071,0.0445022465040208,0.0307487234339376,0.029897577925146,-0.0180031363708542,0.0735686695132409,0.0846786835736998,0.32,0.3266666666666666,0.2,0.38,0.0882767700645404,-0.0489631333719169,965.52,1204.4,5.28,0.0210827103371304,0.0083397112859286,0.0,0.0
2m,1,0.05,3,0.0,entry_clean_financing_30d,21,out_of_sample,26,24,,,1,-0.0466359605119795,0.0131431442904376,-0.0164586019710497,-0.0070104983896466,0.0094481035814031,0.0359332727165385,0.0399053955757327,0.0428431360274241,0.0303563839892609,0.0274243084805184,-0.0185630819521745,0.0720624679025459,0.0860541064656748,0.3076923076923077,0.3269230769230769,0.1923076923076923,0.3717948717948717,0.0849235211885968,-0.0499892330819539,928.8846153846154,1158.076923076923,5.076923076923077,0.0202718368626254,0.0092320850303613,0.0,0.0
2m,1,0.05,3,0.025,entry_clean_financing_30d,21,out_of_sample,26,24,,,1,-0.0475612773996135,0.0136873886366411,-0.0166714677005239,-0.0089799086082457,0.0076915590922782,0.0359332727165385,0.0399053955757327,0.0428431360274241,0.0303563839892609,0.0274243084805184,-0.0185630819521745,0.0720624679025459,0.0860541064656748,0.3076923076923077,0.3269230769230769,0.1923076923076923,0.3717948717948717,0.0849235211885968,-0.0499892330819539,928.8846153846154,1158.076923076923,5.076923076923077,0.0202718368626254,0.0092320850303613,0.0,0.0
2m,1,0.05,3,0.05,entry_clean_financing_30d,21,out_of_sample,26,24,,,1,-0.0484256224707047,0.0142108402274106,-0.0168843334299982,-0.0109493188268447,0.0059350146031534,0.0359332727165385,0.0399053955757327,0.0428431360274241,0.0303563839892609,0.0274243084805184,-0.0185630819521745,0.0720624679025459,0.0860541064656748,0.3076923076923077,0.3269230769230769,0.1923076923076923,0.3717948717948717,0.0849235211885968,-0.0499892330819539,928.8846153846154,1158.076923076923,5.076923076923077,0.0202718368626254,0.0092320850303613,0.0,0.0
2m,1,0.05,3,0.1,entry_clean_financing_30d,21,out_of_sample,26,24,,,1,-0.0501149952183037,0.0152152616197473,-0.0173100648889466,-0.0148881392640429,0.0024219256249037,0.0359332727165385,0.0399053955757327,0.0428431360274241,0.0303563839892609,0.0274243084805184,-0.0185630819521745,0.0720624679025459,0.0860541064656748,0.3076923076923077,0.3269230769230769,0.1923076923076923,0.3717948717948717,0.0849235211885968,-0.0499892330819539,928.8846153846154,1158.076923076923,5.076923076923077,0.0202718368626254,0.0092320850303613,0.0,0.0
2m,1,0.1,3,0.0,entry_clean_financing_30d,21,out_of_sample,25,23,,,1,-0.0490940554046978,0.0050536690569478,-0.0203412813527867,-0.0127223005750043,0.0076189807777823,0.0252803966027491,0.029337267957494,0.0379022996387669,0.0216182580829588,0.0424937714650585,-0.0151536782116419,0.0861648630531534,0.0866396225786593,0.36,0.3466666666666666,0.2,0.38,0.1004461789133779,-0.0481569845109974,394.36,1308.28,2.84,0.0164563506909799,0.0025624167201937,0.0,0.0
2m,1,0.1,3,0.025,entry_clean_financing_30d,21,out_of_sample,25,23,,,1,-0.0500307269086096,0.0053015440559987,-0.0206469606078133,-0.0143018679810422,0.006345092626771,0.0252803966027491,0.029337267957494,0.0379022996387669,0.0216182580829588,0.0424937714650585,-0.0151536782116419,0.0861648630531534,0.0866396225786593,0.36,0.3466666666666666,0.2,0.38,0.1004461789133779,-0.0481569845109974,394.36,1308.28,2.84,0.0164563506909799,0.0025624167201937,0.0,0.0
2m,1,0.1,3,0.05,entry_clean_financing_30d,21,out_of_sample,25,23,,,1,-0.0510625799953217,0.0056165963016463,-0.0209526398628398,-0.0158814353870801,0.0050712044757597,0.0252803966027491,0.029337267957494,0.0379022996387669,0.0216182580829588,0.0424937714650585,-0.0151536782116419,0.0861648630531534,0.0866396225786593,0.36,0.3466666666666666,0.2,0.38,0.1004461789133779,-0.0481569845109974,394.36,1308.28,2.84,0.0164563506909799,0.0025624167201937,0.0,0.0
2m,1,0.1,3,0.1,entry_clean_financing_30d,21,out_of_sample,25,23,,,1,-0.0528607520820511,0.006186225789434,-0.021563998372893,-0.0190405701991559,0.002523428173737,0.0252803966027491,0.029337267957494,0.0379022996387669,0.0216182580829588,0.0424937714650585,-0.0151536782116419,0.0861648630531534,0.0866396225786593,0.36,0.3466666666666666,0.2,0.38,0.1004461789133779,-0.0481569845109974,394.36,1308.28,2.84,0.0164563506909799,0.0025624167201937,0.0,0.0
1m,0,0.03,0,0.0,entry_clean_financing_30d,21,out_of_sample,17,16,,,1,-0.0672464000015154,0.0092297019126689,-0.0268728969480628,-0.017566891931802,0.0093060050162607,0.024488965910033,0.0304875270421537,0.0419535702072325,0.0210743066001895,0.0409034449743768,0.0047969229746923,0.083309561446961,0.067736926446588,0.3529411764705882,0.3235294117647059,0.1764705882352941,0.284313725490196,0.08795000259079,-0.0573533656730224,872.7647058823529,10793.70588235294,4.117647058823529,0.0415251702175775,0.0180311774871563,0.0,0.0
1m,0,0.03,0,0.025,entry_clean_financing_30d,21,out_of_sample,17,16,,,1,-0.0684983375290799,0.009698849124649,-0.0272449145099359,-0.0192279553347337,0.0080169591752021,0.024488965910033,0.0304875270421537,0.0419535702072325,0.0210743066001895,0.0409034449743768,0.0047969229746923,0.083309561446961,0.067736926446588,0.3529411764705882,0.3235294117647059,0.1764705882352941,0.284313725490196,0.08795000259079,-0.0573533656730224,872.7647058823529,10793.70588235294,4.117647058823529,0.0415251702175775,0.0180311774871563,0.0,0.0
1m,0,0.03,0,0.05,entry_clean_financing_30d,21,out_of_sample,17,16,,,1,-0.0698242760136495,0.0101356700311288,-0.0276169320718089,-0.0208890187376653,0.0067279133341436,0.024488965910033,0.0304875270421537,0.0419535702072325,0.0210743066001895,0.0409034449743768,0.0047969229746923,0.083309561446961,0.067736926446588,0.3529411764705882,0.3235294117647059,0.1764705882352941,0.284313725490196,0.08795000259079,-0.0573533656730224,872.7647058823529,10793.70588235294,4.117647058823529,0.0415251702175775,0.0180311774871563,0.0,0.0
1m,0,0.03,0,0.1,entry_clean_financing_30d,21,out_of_sample,17,16,,,1,-0.0724978172778304,0.0111855497488671,-0.028360967195555,-0.0242111455435286,0.0041498216520264,0.024488965910033,0.0304875270421537,0.0419535702072325,0.0210743066001895,0.0409034449743768,0.0047969229746923,0.083309561446961,0.067736926446588,0.3529411764705882,0.3235294117647059,0.1764705882352941,0.284313725490196,0.08795000259079,-0.0573533656730224,872.7647058823529,10793.70588235294,4.117647058823529,0.0415251702175775,0.0180311774871563,0.0,0.0
1m,0,0.03,3,0.0,entry_clean_financing_30d,21,out_of_sample,18,17,,,1,-0.0632486128177327,0.0103408158005882,-0.0243752636967444,-0.0160711754310575,0.0083040882656868,0.023974315117079,0.0298833003610572,0.0399474740046927,0.0214764394217461,0.0396983842643493,0.0048769326619892,0.0797486053773455,0.0665588281192917,0.3333333333333333,0.3148148148148147,0.1666666666666666,0.2685185185185185,0.0843581788804001,-0.0558761351935711,832.3333333333334,10205.055555555557,3.9444444444444446,0.0392182163166009,0.0183197680203144,0.0,0.0
1m,0,0.03,3,0.025,entry_clean_financing_30d,21,out_of_sample,18,17,,,1,-0.0646191046652858,0.0107874702456384,-0.0246893149302186,-0.0176692201591018,0.0070200947711167,0.023974315117079,0.0298833003610572,0.0399474740046927,0.0214764394217461,0.0396983842643493,0.0048769326619892,0.0797486053773455,0.0665588281192917,0.3333333333333333,0.3148148148148147,0.1666666666666666,0.2685185185185185,0.0843581788804001,-0.0558761351935711,832.3333333333334,10205.055555555557,3.9444444444444446,0.0392182163166009,0.0183197680203144,0.0,0.0
1m,0,0.03,3,0.05,entry_clean_financing_30d,21,out_of_sample,18,17,,,1,-0.0660521270738341,0.0112203457540689,-0.0250033661636928,-0.0192672648871461,0.0057361012765466,0.023974315117079,0.0298833003610572,0.0399474740046927,0.0214764394217461,0.0396983842643493,0.0048769326619892,0.0797486053773455,0.0665588281192917,0.3333333333333333,0.3148148148148147,0.1666666666666666,0.2685185185185185,0.0843581788804001,-0.0558761351935711,832.3333333333334,10205.055555555557,3.9444444444444446,0.0392182163166009,0.0183197680203144,0.0,0.0
1m,0,0.03,3,0.1,entry_clean_financing_30d,21,out_of_sample,18,17,,,1,-0.0687911408814225,0.0121581182069644,-0.0256314686306412,-0.0224633543432347,0.0031681142874064,0.023974315117079,0.0298833003610572,0.0399474740046927,0.0214764394217461,0.0396983842643493,0.0048769326619892,0.0797486053773455,0.0665588281192917,0.3333333333333333,0.3148148148148147,0.1666666666666666,0.2685185185185185,0.0843581788804001,-0.0558761351935711,832.3333333333334,10205.055555555557,3.9444444444444446,0.0392182163166009,0.0183197680203144,0.0,0.0
1m,0,0.05,0,0.0,entry_clean_financing_30d,21,out_of_sample,16,15,,,1,-0.0306859743852081,0.0161658252826911,-0.0069292647630658,-0.0001239305030657,0.00680533426,0.0170150589378506,0.0240076956437925,0.0170388701645171,0.0170950731362965,0.0177849015840757,0.0102855824152999,0.0628414003361964,0.0641390574258833,0.25,0.2916666666666666,0.1875,0.2083333333333333,0.0680271705271329,-0.0590737219654362,2105.0625,11121.25,11.375,0.0162642077075853,0.0146073328345792,0.0,0.0
1m,0,0.05,0,0.025,entry_clean_financing_30d,21,out_of_sample,16,15,,,1,-0.0310101704183585,0.0167746347528794,-0.0067530437711227,-0.0009752787306249,0.0057777650404978,0.0170150589378506,0.0240076956437925,0.0170388701645171,0.0170950731362965,0.0177849015840757,0.0102855824152999,0.0628414003361964,0.0641390574258833,0.25,0.2916666666666666,0.1875,0.2083333333333333,0.0680271705271329,-0.0590737219654362,2105.0625,11121.25,11.375,0.0162642077075853,0.0146073328345792,0.0,0.0
1m,0,0.05,0,0.05,entry_clean_financing_30d,21,out_of_sample,16,15,,,1,-0.0313009274939997,0.0174366076527247,-0.0065768227791797,-0.0018266269581841,0.0047501958209956,0.0170150589378506,0.0240076956437925,0.0170388701645171,0.0170950731362965,0.0177849015840757,0.0102855824152999,0.0628414003361964,0.0641390574258833,0.25,0.2916666666666666,0.1875,0.2083333333333333,0.0680271705271329,-0.0590737219654362,2105.0625,11121.25,11.375,0.0162642077075853,0.0146073328345792,0.0,0.0
1m,0,0.05,0,0.1,entry_clean_financing_30d,21,out_of_sample,16,15,,,1,-0.0319727910713621,0.0187597502403095,-0.0062243807952936,-0.0035293234133025,0.0026950573819911,0.0170150589378506,0.0240076956437925,0.0170388701645171,0.0170950731362965,0.0177849015840757,0.0102855824152999,0.0628414003361964,0.0641390574258833,0.25,0.2916666666666666,0.1875,0.2083333333333333,0.0680271705271329,-0.0590737219654362,2105.0625,11121.25,11.375,0.0162642077075853,0.0146073328345792,0.0,0.0
1m,0,0.05,3,0.0,entry_clean_financing_30d,21,out_of_sample,18,17,,,1,-0.0513963931954655,0.0080230236919515,-0.0202277352657508,-0.013544696309856,0.0066830389558947,0.018168693571475,0.0241399734518151,0.0316153733378873,0.017354121101713,0.0396983842643493,0.0068996480560063,0.0797486053773455,0.0656811799117511,0.3333333333333333,0.287037037037037,0.1666666666666666,0.2407407407407407,0.0843581788804001,-0.0558761351935711,1872.111111111111,9887.666666666666,10.11111111111111,0.0323209654199229,0.0145596445867973,0.0,0.0
1m,0,0.05,3,0.025,entry_clean_financing_30d,21,out_of_sample,18,17,,,1,-0.0524012405644401,0.0084919861643962,-0.0204349845746467,-0.0147892979825901,0.0056456865920565,0.018168693571475,0.0241399734518151,0.0316153733378873,0.017354121101713,0.0396983842643493,0.0068996480560063,0.0797486053773455,0.0656811799117511,0.3333333333333333,0.287037037037037,0.1666666666666666,0.2407407407407407,0.0843581788804001,-0.0558761351935711,1872.111111111111,9887.666666666666,10.11111111111111,0.0323209654199229,0.0145596445867973,0.0,0.0
1m,0,0.05,3,0.05,entry_clean_financing_30d,21,out_of_sample,18,17,,,1,-0.0534440285060536,0.008960948636841,-0.0206422338835425,-0.0160338996553242,0.0046083342282183,0.018168693571475,0.0241399734518151,0.0316153733378873,0.017354121101713,0.0396983842643493,0.0068996480560063,0.0797486053773455,0.0656811799117511,0.3333333333333333,0.287037037037037,0.1666666666666666,0.2407407407407407,0.0843581788804001,-0.0558761351935711,1872.111111111111,9887.666666666666,10.11111111111111,0.0323209654199229,0.0145596445867973,0.0,0.0
1m,0,0.05,3,0.1,entry_clean_financing_30d,21,out_of_sample,18,17,,,1,-0.0554256905056297,0.0098988735817305,-0.0210567325013343,-0.0185231030007923,0.0025336295005419,0.018168693571475,0.0241399734518151,0.0316153733378873,0.017354121101713,0.0396983842643493,0.0068996480560063,0.0797486053773455,0.0656811799117511,0.3333333333333333,0.287037037037037,0.1666666666666666,0.2407407407407407,0.0843581788804001,-0.0558761351935711,1872.111111111111,9887.666666666666,10.11111111111111,0.0323209654199229,0.0145596445867973,0.0,0.0
2m,0,0.05,0,0.0,entry_clean_financing_30d,21,out_of_sample,24,22,,,1,-0.0464280441481344,0.0169290497907161,-0.0155052249196965,-0.0113147530775929,0.0041904718421035,0.0363375353479802,0.0408859075496706,0.0475478342852388,0.0365920167661418,0.0343633692490833,-0.015387132971804,0.0772752807371693,0.0838652093642749,0.375,0.2708333333333333,0.25,0.3611111111111111,0.0898093612390671,-0.0551492293382279,579.5416666666666,2996.958333333333,4.625,0.027592425692062,0.0139144024832024,0.0,0.0
2m,0,0.05,0,0.025,entry_clean_financing_30d,21,out_of_sample,24,22,,,1,-0.0473450649549673,0.0177343721797443,-0.0156654110526316,-0.0134118873184234,0.0022535237342082,0.0363375353479802,0.0408859075496706,0.0475478342852388,0.0365920167661418,0.0343633692490833,-0.015387132971804,0.0772752807371693,0.0838652093642749,0.375,0.2708333333333333,0.25,0.3611111111111111,0.0898093612390671,-0.0551492293382279,579.5416666666666,2996.958333333333,4.625,0.027592425692062,0.0139144024832024,0.0,0.0
2m,0,0.05,0,0.05,entry_clean_financing_30d,21,out_of_sample,24,22,,,1,-0.0482996272019868,0.0185332226485171,-0.0158255971855668,-0.0155090215592539,0.0003165756263129,0.0363375353479802,0.0408859075496706,0.0475478342852388,0.0365920167661418,0.0343633692490833,-0.015387132971804,0.0772752807371693,0.0838652093642749,0.375,0.2708333333333333,0.25,0.3611111111111111,0.0898093612390671,-0.0551492293382279,579.5416666666666,2996.958333333333,4.625,0.027592425692062,0.0139144024832024,0.0,0.0
2m,0,0.05,0,0.1,entry_clean_financing_30d,21,out_of_sample,24,22,,,1,-0.05016679554702,0.0202030936483415,-0.0161459694514371,-0.0197032900409148,-0.0035573205894777,0.0363375353479802,0.0408859075496706,0.0475478342852388,0.0365920167661418,0.0343633692490833,-0.015387132971804,0.0772752807371693,0.0838652093642749,0.375,0.2708333333333333,0.25,0.3611111111111111,0.0898093612390671,-0.0551492293382279,579.5416666666666,2996.958333333333,4.625,0.027592425692062,0.0139144024832024,0.0,0.0
2m,0,0.05,3,0.0,entry_clean_financing_30d,21,out_of_sample,24,22,,,1,-0.044792113707996,0.0187495869500611,-0.0136409346381625,-0.0113147530775929,0.0023261815605695,0.0363375353479802,0.0410041451404414,0.0475478342852388,0.0385745157204047,0.0343633692490833,-0.0085190087546637,0.0772752807371693,0.0799536829712027,0.375,0.2916666666666667,0.25,0.3402777777777777,0.0898093612390671,-0.0551492293382279,579.5416666666666,2996.958333333333,4.625,0.027592425692062,0.0141704254687278,0.0,0.0
2m,0,0.05,3,0.025,entry_clean_financing_30d,21,out_of_sample,24,22,,,1,-0.0457490622026443,0.0196619083403998,-0.0137486023574718,-0.0134118873184234,0.0003367150390483,0.0363375353479802,0.0410041451404414,0.0475478342852388,0.0385745157204047,0.0343633692490833,-0.0085190087546637,0.0772752807371693,0.0799536829712027,0.375,0.2916666666666667,0.25,0.3402777777777777,0.0898093612390671,-0.0551492293382279,579.5416666666666,2996.958333333333,4.625,0.027592425692062,0.0141704254687278,0.0,0.0
2m,0,0.05,3,0.05,entry_clean_financing_30d,21,out_of_sample,24,22,,,1,-0.0467139809895977,0.0204839771942526,-0.0138562700767811,-0.0155090215592539,-0.0016527514824727,0.0363375353479802,0.0410041451404414,0.0475478342852388,0.0385745157204047,0.0343633692490833,-0.0085190087546637,0.0772752807371693,0.0799536829712027,0.375,0.2916666666666667,0.25,0.3402777777777777,0.0898093612390671,-0.0551492293382279,579.5416666666666,2996.958333333333,4.625,0.027592425692062,0.0141704254687278,0.0,0.0
2m,0,0.05,3,0.1,entry_clean_financing_30d,21,out_of_sample,24,22,,,1,-0.0482767131272845,0.0221291826385978,-0.0140716055153998,-0.0197032900409148,-0.005631684525515,0.0363375353479802,0.0410041451404414,0.0475478342852388,0.0385745157204047,0.0343633692490833,-0.0085190087546637,0.0772752807371693,0.0799536829712027,0.375,0.2916666666666667,0.25,0.3402777777777777,0.0898093612390671,-0.0551492293382279,579.5416666666666,2996.958333333333,4.625,0.027592425692062,0.0141704254687278,0.0,0.0
2m,0,0.1,0,0.0,entry_clean_financing_30d,21,out_of_sample,24,22,,,1,-0.0344872305631231,0.01834358230375,-0.0086601719072634,-0.0096733437995086,-0.0010131718922451,0.0258096836037991,0.0290711946177156,0.0353821202685712,0.0299841562308553,0.0411641565708835,0.0006780552243816,0.0796821917350252,0.0840131844861165,0.4166666666666667,0.3194444444444444,0.2083333333333333,0.3402777777777777,0.0963099647904535,-0.0526227504519599,581.375,1079.6666666666667,5.208333333333333,0.0141055046670665,0.0042616431874702,0.0,0.0
2m,0,0.1,0,0.025,entry_clean_financing_30d,21,out_of_sample,24,22,,,1,-0.0351485052430158,0.0190426766448976,-0.0087135832328584,-0.0112031388963178,-0.0024895556634594,0.0258096836037991,0.0290711946177156,0.0353821202685712,0.0299841562308553,0.0411641565708835,0.0006780552243816,0.0796821917350252,0.0840131844861165,0.4166666666666667,0.3194444444444444,0.2083333333333333,0.3402777777777777,0.0963099647904535,-0.0526227504519599,581.375,1079.6666666666667,5.208333333333333,0.0141055046670665,0.0042616431874702,0.0,0.0
2m,0,0.1,0,0.05,entry_clean_financing_30d,21,out_of_sample,24,22,,,1,-0.0355862012479458,0.0197138762859331,-0.0087669945584534,-0.0127329339931271,-0.0039659394346737,0.0258096836037991,0.0290711946177156,0.0353821202685712,0.0299841562308553,0.0411641565708835,0.0006780552243816,0.0796821917350252,0.0840131844861165,0.4166666666666667,0.3194444444444444,0.2083333333333333,0.3402777777777777,0.0963099647904535,-0.0526227504519599,581.375,1079.6666666666667,5.208333333333333,0.0141055046670665,0.0042616431874702,0.0,0.0
2m,0,0.1,0,0.1,entry_clean_financing_30d,21,out_of_sample,24,22,,,1,-0.0367623386342637,0.021231771596219,-0.0088738172096433,-0.0157925241867456,-0.0069187069771022,0.0258096836037991,0.0290711946177156,0.0353821202685712,0.0299841562308553,0.0411641565708835,0.0006780552243816,0.0796821917350252,0.0840131844861165,0.4166666666666667,0.3194444444444444,0.2083333333333333,0.3402777777777777,0.0963099647904535,-0.0526227504519599,581.375,1079.6666666666667,5.208333333333333,0.0141055046670665,0.0042616431874702,0.0,0.0
2m,0,0.1,3,0.0,entry_clean_financing_30d,21,out_of_sample,25,23,,,1,-0.0327047698114961,0.0155661953837146,-0.0087856729758883,-0.0089051140852693,-0.000119441109381,0.0251935582271787,0.0281949059369593,0.0339945862556638,0.0282115047781586,0.0374085296725549,-0.0011051910504559,0.0786039647011175,0.0815675436349886,0.4,0.3066666666666666,0.24,0.3266666666666666,0.0931513361447213,-0.0529432601646988,562.52,1036.48,5.0,0.0135412844803839,0.0041627820538246,0.0,0.0
2m,0,0.1,3,0.025,entry_clean_financing_30d,21,out_of_sample,25,23,,,1,-0.0334264597088825,0.0160552694742894,-0.0088552163200814,-0.0103848176973404,-0.0015296013772589,0.0251935582271787,0.0281949059369593,0.0339945862556638,0.0282115047781586,0.0374085296725549,-0.0011051910504559,0.0786039647011175,0.0815675436349886,0.4,0.3066666666666666,0.24,0.3266666666666666,0.0931513361447213,-0.0529432601646988,562.52,1036.48,5.0,0.0135412844803839,0.0041627820538246,0.0,0.0
2m,0,0.1,3,0.05,entry_clean_financing_30d,21,out_of_sample,25,23,,,1,-0.0340968774075112,0.0165835877101213,-0.0089247596642745,-0.0118645213094114,-0.0029397616451368,0.0251935582271787,0.0281949059369593,0.0339945862556638,0.0282115047781586,0.0374085296725549,-0.0011051910504559,0.0786039647011175,0.0815675436349886,0.4,0.3066666666666666,0.24,0.3266666666666666,0.0931513361447213,-0.0529432601646988,562.52,1036.48,5.0,0.0135412844803839,0.0041627820538246,0.0,0.0
2m,0,0.1,3,0.1,entry_clean_financing_30d,21,out_of_sample,25,23,,,1,-0.0353760069331742,0.0178266641790906,-0.0090638463526608,-0.0148239285335536,-0.0057600821808928,0.0251935582271787,0.0281949059369593,0.0339945862556638,0.0282115047781586,0.0374085296725549,-0.0011051910504559,0.0786039647011175,0.0815675436349886,0.4,0.3066666666666666,0.24,0.3266666666666666,0.0931513361447213,-0.0529432601646988,562.52,1036.48,5.0,0.0135412844803839,0.0041627820538246,0.0,0.0
2m,0,0.03,0,0.0,all_disclosures_30d,21,out_of_sample,6,6,,,2,-0.1335061282849938,0.0341591747787109,-0.0460823651029825,-0.0319581242111005,0.014124240891882,0.0464071665263978,0.0467763379395202,0.0782698455863446,0.0325636106973174,0.0445754666965533,-0.0513660048459173,0.1286321039566032,0.103682211613839,0.3333333333333333,0.1666666666666666,0.5,0.5,0.1395330444550497,-0.076660641881967,684.6666666666666,1442.3333333333333,5.5,0.0649549083504521,0.0136954036754227,0.0,0.0
2m,0,0.03,0,0.025,all_disclosures_30d,21,out_of_sample,6,6,,,2,-0.1368710055912531,0.0351132852522892,-0.0472157916898801,-0.035075049513919,0.012140742175961,0.0464071665263978,0.0467763379395202,0.0782698455863446,0.0325636106973174,0.0445754666965533,-0.0513660048459173,0.1286321039566032,0.103682211613839,0.3333333333333333,0.1666666666666666,0.5,0.5,0.1395330444550497,-0.076660641881967,684.6666666666666,1442.3333333333333,5.5,0.0649549083504521,0.0136954036754227,0.0,0.0
2m,0,0.03,0,0.05,all_disclosures_30d,21,out_of_sample,6,6,,,2,-0.1402358828975125,0.0360673957258675,-0.0483492182767777,-0.0381919748167376,0.0101572434600401,0.0464071665263978,0.0467763379395202,0.0782698455863446,0.0325636106973174,0.0445754666965533,-0.0513660048459173,0.1286321039566032,0.103682211613839,0.3333333333333333,0.1666666666666666,0.5,0.5,0.1395330444550497,-0.076660641881967,684.6666666666666,1442.3333333333333,5.5,0.0649549083504521,0.0136954036754227,0.0,0.0
2m,0,0.03,0,0.1,all_disclosures_30d,21,out_of_sample,6,6,,,2,-0.1469656375100313,0.0379756166730241,-0.0506160714505729,-0.0444258254223747,0.0061902460281982,0.0464071665263978,0.0467763379395202,0.0782698455863446,0.0325636106973174,0.0445754666965533,-0.0513660048459173,0.1286321039566032,0.103682211613839,0.3333333333333333,0.1666666666666666,0.5,0.5,0.1395330444550497,-0.076660641881967,684.6666666666666,1442.3333333333333,5.5,0.0649549083504521,0.0136954036754227,0.0,0.0
2m,0,0.03,3,0.0,all_disclosures_30d,21,out_of_sample,7,7,,,2,-0.1149630226370496,0.0290422437267632,-0.0392560916786882,-0.0290882021664744,0.0101678895122137,0.0450151408237389,0.047278095827514,0.074019749974984,0.0370327140163326,0.0471809436000286,-0.0351805878804275,0.1192294898229285,0.0977178833707922,0.4285714285714285,0.2857142857142857,0.4285714285714285,0.4285714285714285,0.1359611570296597,-0.0657091216131146,590.0,1236.2857142857142,4.714285714285714,0.0593895237225954,0.0152264513708079,0.0,0.0
2m,0,0.03,3,0.025,all_disclosures_30d,21,out_of_sample,7,7,,,2,-0.1178152364510109,0.0299481475911236,-0.0401241937025601,-0.0320640744364425,0.0080601192661176,0.0450151408237389,0.047278095827514,0.074019749974984,0.0370327140163326,0.0471809436000286,-0.0351805878804275,0.1192294898229285,0.0977178833707922,0.4285714285714285,0.2857142857142857,0.4285714285714285,0.4285714285714285,0.1359611570296597,-0.0657091216131146,590.0,1236.2857142857142,4.714285714285714,0.0593895237225954,0.0152264513708079,0.0,0.0
2m,0,0.03,3,0.05,all_disclosures_30d,21,out_of_sample,7,7,,,2,-0.1206674502649722,0.030854051455484,-0.040992295726432,-0.0350399467064106,0.0059523490200214,0.0450151408237389,0.047278095827514,0.074019749974984,0.0370327140163326,0.0471809436000286,-0.0351805878804275,0.1192294898229285,0.0977178833707922,0.4285714285714285,0.2857142857142857,0.4285714285714285,0.4285714285714285,0.1359611570296597,-0.0657091216131146,590.0,1236.2857142857142,4.714285714285714,0.0593895237225954,0.0152264513708079,0.0,0.0
2m,0,0.03,3,0.1,all_disclosures_30d,21,out_of_sample,7,7,,,2,-0.1263822919004516,0.0326760191915771,-0.0427284997741759,-0.0409916912463467,0.0017368085278291,0.0450151408237389,0.047278095827514,0.074019749974984,0.0370327140163326,0.0471809436000286,-0.0351805878804275,0.1192294898229285,0.0977178833707922,0.4285714285714285,0.2857142857142857,0.4285714285714285,0.4285714285714285,0.1359611570296597,-0.0657091216131146,590.0,1236.2857142857142,4.714285714285714,0.0593895237225954,0.0152264513708079,0.0,0.0
2m,0,0.05,0,0.0,all_disclosures_30d,21,out_of_sample,6,6,,,2,-0.1186965957155324,0.0368882863037942,-0.0372051045045096,-0.0285544412459853,0.0086506632585243,0.0378496779247953,0.0403314825900794,0.0663086740196269,0.0315923329812343,0.0445754666965533,-0.0513660048459173,0.1286321039566032,0.103682211613839,0.3333333333333333,0.1666666666666666,0.5,0.5,0.1395330444550497,-0.076660641881967,546.3333333333334,1689.6666666666667,5.0,0.0543768238239574,0.0136954036754227,0.0,0.0
2m,0,0.05,0,0.025,all_disclosures_30d,21,out_of_sample,6,6,,,2,-0.12132289290664,0.0380471725703496,-0.0380109679138373,-0.0311584000445959,0.0068525678692414,0.0378496779247953,0.0403314825900794,0.0663086740196269,0.0315923329812343,0.0445754666965533,-0.0513660048459173,0.1286321039566032,0.103682211613839,0.3333333333333333,0.1666666666666666,0.5,0.5,0.1395330444550497,-0.076660641881967,546.3333333333334,1689.6666666666667,5.0,0.0543768238239574,0.0136954036754227,0.0,0.0
2m,0,0.05,0,0.05,all_disclosures_30d,21,out_of_sample,6,6,,,2,-0.1239491900977475,0.0392060588369049,-0.038816831323165,-0.0337623588432064,0.0050544724799586,0.0378496779247953,0.0403314825900794,0.0663086740196269,0.0315923329812343,0.0445754666965533,-0.0513660048459173,0.1286321039566032,0.103682211613839,0.3333333333333333,0.1666666666666666,0.5,0.5,0.1395330444550497,-0.076660641881967,546.3333333333334,1689.6666666666667,5.0,0.0543768238239574,0.0136954036754227,0.0,0.0
2m,0,0.05,0,0.1,all_disclosures_30d,21,out_of_sample,6,6,,,2,-0.1291961540575127,0.0415179262928121,-0.0404285581418205,-0.0389702764404275,0.0014582817013929,0.0378496779247953,0.0403314825900794,0.0663086740196269,0.0315923329812343,0.0445754666965533,-0.0513660048459173,0.1286321039566032,0.103682211613839,0.3333333333333333,0.1666666666666666,0.5,0.5,0.1395330444550497,-0.076660641881967,546.3333333333334,1689.6666666666667,5.0,0.0543768238239574,0.0136954036754227,0.0,0.0
2m,0,0.05,3,0.0,all_disclosures_30d,21,out_of_sample,7,7,,,2,-0.1014575003914591,0.0324010436847861,-0.0311607474899388,-0.0255755501015948,0.005585197388344,0.0369162526571412,0.0405872000805743,0.0624082097435067,0.0349245103932626,0.0471809436000286,-0.0351805878804275,0.1192294898229285,0.0977178833707922,0.4285714285714285,0.2857142857142857,0.4285714285714285,0.4285714285714285,0.1359611570296597,-0.0657091216131146,481.8571428571428,1452.7142857142858,4.285714285714286,0.0475796930991834,0.0126928270084895,0.0,0.0
2m,0,0.05,3,0.025,all_disclosures_30d,21,out_of_sample,7,7,,,2,-0.1038675123068218,0.0334294525930168,-0.0317560662881091,-0.028058661661611,0.003697404626498,0.0369162526571412,0.0405872000805743,0.0624082097435067,0.0349245103932626,0.0471809436000286,-0.0351805878804275,0.1192294898229285,0.0977178833707922,0.4285714285714285,0.2857142857142857,0.4285714285714285,0.4285714285714285,0.1359611570296597,-0.0657091216131146,481.8571428571428,1452.7142857142858,4.285714285714286,0.0475796930991834,0.0126928270084895,0.0,0.0
2m,0,0.05,3,0.05,all_disclosures_30d,21,out_of_sample,7,7,,,2,-0.1062775242221845,0.0345148402755435,-0.0323513850862794,-0.0305417732216272,0.0018096118646521,0.0369162526571412,0.0405872000805743,0.0624082097435067,0.0349245103932626,0.0471809436000286,-0.0351805878804275,0.1192294898229285,0.0977178833707922,0.4285714285714285,0.2857142857142857,0.4285714285714285,0.4285714285714285,0.1359611570296597,-0.0657091216131146,481.8571428571428,1452.7142857142858,4.285714285714286,0.0475796930991834,0.0126928270084895,0.0,0.0
2m,0,0.05,3,0.1,all_disclosures_30d,21,out_of_sample,7,7,,,2,-0.1110977834712702,0.0366807895642112,-0.0335420226826199,-0.0355079963416596,-0.0019659736590396,0.0369162526571412,0.0405872000805743,0.0624082097435067,0.0349245103932626,0.0471809436000286,-0.0351805878804275,0.1192294898229285,0.0977178833707922,0.4285714285714285,0.2857142857142857,0.4285714285714285,0.4285714285714285,0.1359611570296597,-0.0657091216131146,481.8571428571428,1452.7142857142858,4.285714285714286,0.0475796930991834,0.0126928270084895,0.0,0.0
2m,0,0.1,0,0.0,all_disclosures_30d,21,out_of_sample,7,7,,,2,-0.0882317174999856,0.0254231883790921,-0.0264386009930466,-0.0222888575415644,0.0041497434514821,0.0257381188914162,0.0271154145253152,0.0479433834177513,0.0228881787748655,0.0471809436000286,-0.0351805878804275,0.1192294898229285,0.0977178833707922,0.4285714285714285,0.2857142857142857,0.4285714285714285,0.4285714285714285,0.1359611570296597,-0.0657091216131146,273.2857142857143,607.4285714285714,2.4285714285714284,0.0347053343124344,0.0041155203703968,0.0,0.0
2m,0,0.1,0,0.025,all_disclosures_30d,21,out_of_sample,7,7,,,2,-0.0903827768108454,0.0262235029373336,-0.0270305487182712,-0.0241308950992936,0.0028996536189776,0.0257381188914162,0.0271154145253152,0.0479433834177513,0.0228881787748655,0.0471809436000286,-0.0351805878804275,0.1192294898229285,0.0977178833707922,0.4285714285714285,0.2857142857142857,0.4285714285714285,0.4285714285714285,0.1359611570296597,-0.0657091216131146,273.2857142857143,607.4285714285714,2.4285714285714284,0.0347053343124344,0.0041155203703968,0.0,0.0
2m,0,0.1,0,0.05,all_disclosures_30d,21,out_of_sample,7,7,,,2,-0.0925338361217053,0.0270238174955752,-0.0276224964434959,-0.0259729326570228,0.001649563786473,0.0257381188914162,0.0271154145253152,0.0479433834177513,0.0228881787748655,0.0471809436000286,-0.0351805878804275,0.1192294898229285,0.0977178833707922,0.4285714285714285,0.2857142857142857,0.4285714285714285,0.4285714285714285,0.1359611570296597,-0.0657091216131146,273.2857142857143,607.4285714285714,2.4285714285714284,0.0347053343124344,0.0041155203703968,0.0,0.0
2m,0,0.1,0,0.1,all_disclosures_30d,21,out_of_sample,7,7,,,2,-0.096835954743425,0.0286244466120582,-0.0288063918939452,-0.0296570077724812,-0.0008506158785359,0.0257381188914162,0.0271154145253152,0.0479433834177513,0.0228881787748655,0.0471809436000286,-0.0351805878804275,0.1192294898229285,0.0977178833707922,0.4285714285714285,0.2857142857142857,0.4285714285714285,0.4285714285714285,0.1359611570296597,-0.0657091216131146,273.2857142857143,607.4285714285714,2.4285714285714284,0.0347053343124344,0.0041155203703968,0.0,0.0
2m,0,0.1,3,0.0,all_disclosures_30d,21,out_of_sample,7,7,,,2,-0.0882317174999856,0.0254231883790921,-0.0264386009930466,-0.0222888575415644,0.0041497434514821,0.0257381188914162,0.0271154145253152,0.0479433834177513,0.0228881787748655,0.0471809436000286,-0.0351805878804275,0.1192294898229285,0.0977178833707922,0.4285714285714285,0.2857142857142857,0.4285714285714285,0.4285714285714285,0.1359611570296597,-0.0657091216131146,273.2857142857143,607.4285714285714,2.4285714285714284,0.0347053343124344,0.0041155203703968,0.0,0.0
2m,0,0.1,3,0.025,all_disclosures_30d,21,out_of_sample,7,7,,,2,-0.0903827768108454,0.0262235029373336,-0.0270305487182712,-0.0241308950992936,0.0028996536189776,0.0257381188914162,0.0271154145253152,0.0479433834177513,0.0228881787748655,0.0471809436000286,-0.0351805878804275,0.1192294898229285,0.0977178833707922,0.4285714285714285,0.2857142857142857,0.4285714285714285,0.4285714285714285,0.1359611570296597,-0.0657091216131146,273.2857142857143,607.4285714285714,2.4285714285714284,0.0347053343124344,0.0041155203703968,0.0,0.0
2m,0,0.1,3,0.05,all_disclosures_30d,21,out_of_sample,7,7,,,2,-0.0925338361217053,0.0270238174955752,-0.0276224964434959,-0.0259729326570228,0.001649563786473,0.0257381188914162,0.0271154145253152,0.0479433834177513,0.0228881787748655,0.0471809436000286,-0.0351805878804275,0.1192294898229285,0.0977178833707922,0.4285714285714285,0.2857142857142857,0.4285714285714285,0.4285714285714285,0.1359611570296597,-0.0657091216131146,273.2857142857143,607.4285714285714,2.4285714285714284,0.0347053343124344,0.0041155203703968,0.0,0.0
2m,0,0.1,3,0.1,all_disclosures_30d,21,out_of_sample,7,7,,,2,-0.096835954743425,0.0286244466120582,-0.0288063918939452,-0.0296570077724812,-0.0008506158785359,0.0257381188914162,0.0271154145253152,0.0479433834177513,0.0228881787748655,0.0471809436000286,-0.0351805878804275,0.1192294898229285,0.0977178833707922,0.4285714285714285,0.2857142857142857,0.4285714285714285,0.4285714285714285,0.1359611570296597,-0.0657091216131146,273.2857142857143,607.4285714285714,2.4285714285714284,0.0347053343124344,0.0041155203703968,0.0,0.0
2m,1,0.03,0,0.0,all_disclosures_30d,21,out_of_sample,7,7,,,1,-0.121032126786738,0.0037502524777177,-0.0541567241486877,-0.0154626487554179,0.0386940753932697,0.0539810863026938,0.060363767535547,0.0693655833209612,0.0216001124590342,0.0366408385666395,-0.0867603597354149,0.1020896719682369,0.1074661985596499,0.4285714285714285,0.0714285714285714,0.4285714285714285,0.5714285714285714,0.1490602878555626,-0.0567175741659397,745.1428571428571,754.1428571428571,3.4285714285714284,0.0472205270235605,0.0036476919534937,0.0,0.0
2m,1,0.03,0,0.025,all_disclosures_30d,21,out_of_sample,7,7,,,1,-0.1236517324766084,0.0040100938244731,-0.0551912938894145,-0.0185463154960093,0.0366449783934052,0.0539810863026938,0.060363767535547,0.0693655833209612,0.0216001124590342,0.0366408385666395,-0.0867603597354149,0.1020896719682369,0.1074661985596499,0.4285714285714285,0.0714285714285714,0.4285714285714285,0.5714285714285714,0.1490602878555626,-0.0567175741659397,745.1428571428571,754.1428571428571,3.4285714285714284,0.0472205270235605,0.0036476919534937,0.0,0.0
2m,1,0.03,0,0.05,all_disclosures_30d,21,out_of_sample,7,7,,,1,-0.1262713381664789,0.0041920305114711,-0.0562258636301414,-0.0216299822366007,0.0345958813935406,0.0539810863026938,0.060363767535547,0.0693655833209612,0.0216001124590342,0.0366408385666395,-0.0867603597354149,0.1020896719682369,0.1074661985596499,0.4285714285714285,0.0714285714285714,0.4285714285714285,0.5714285714285714,0.1490602878555626,-0.0567175741659397,745.1428571428571,754.1428571428571,3.4285714285714284,0.0472205270235605,0.0036476919534937,0.0,0.0
2m,1,0.03,0,0.1,all_disclosures_30d,21,out_of_sample,7,7,,,1,-0.1313498613917137,0.004590145707002,-0.058295003111595,-0.0277973157177834,0.0304976873938116,0.0539810863026938,0.060363767535547,0.0693655833209612,0.0216001124590342,0.0366408385666395,-0.0867603597354149,0.1020896719682369,0.1074661985596499,0.4285714285714285,0.0714285714285714,0.4285714285714285,0.5714285714285714,0.1490602878555626,-0.0567175741659397,745.1428571428571,754.1428571428571,3.4285714285714284,0.0472205270235605,0.0036476919534937,0.0,0.0
2m,1,0.03,3,0.0,all_disclosures_30d,21,out_of_sample,8,8,,,1,-0.1548592561513624,-0.0084380951579124,-0.0768364937734628,-0.0432219624291238,0.033614531344339,0.0555011377919082,0.0609744248460939,0.0986426410538791,0.0272897944387292,0.0744024400478309,-0.0703049580709461,0.1316701692742287,0.10097099704273,0.5,0.125,0.375,0.5,0.1727694581756387,-0.0496278773951972,659.625,659.875,3.0,0.0786061597187426,0.0069107208022203,0.0,0.0
2m,1,0.03,3,0.025,all_disclosures_30d,21,out_of_sample,8,8,,,1,-0.158608985855439,-0.0084527847137229,-0.078483482762487,-0.0470755569002685,0.0314079258622184,0.0555011377919082,0.0609744248460939,0.0986426410538791,0.0272897944387292,0.0744024400478309,-0.0703049580709461,0.1316701692742287,0.10097099704273,0.5,0.125,0.375,0.5,0.1727694581756387,-0.0496278773951972,659.625,659.875,3.0,0.0786061597187426,0.0069107208022203,0.0,0.0
2m,1,0.03,3,0.05,all_disclosures_30d,21,out_of_sample,8,8,,,1,-0.1623587155595156,-0.0084674742695334,-0.0801304717515111,-0.0509291513714132,0.0292013203800978,0.0555011377919082,0.0609744248460939,0.0986426410538791,0.0272897944387292,0.0744024400478309,-0.0703049580709461,0.1316701692742287,0.10097099704273,0.5,0.125,0.375,0.5,0.1727694581756387,-0.0496278773951972,659.625,659.875,3.0,0.0786061597187426,0.0069107208022203,0.0,0.0
2m,1,0.03,3,0.1,all_disclosures_30d,21,out_of_sample,8,8,,,1,-0.1698581749676689,-0.0084935821238689,-0.0834244497295593,-0.0586363403137026,0.0247881094158566,0.0555011377919082,0.0609744248460939,0.0986426410538791,0.0272897944387292,0.0744024400478309,-0.0703049580709461,0.1316701692742287,0.10097099704273,0.5,0.125,0.375,0.5,0.1727694581756387,-0.0496278773951972,659.625,659.875,3.0,0.0786061597187426,0.0069107208022203,0.0,0.0
2m,1,0.05,3,0.0,all_disclosures_30d,21,out_of_sample,8,8,,,1,-0.0998795194987155,0.0033852704706578,-0.0437142701049585,-0.0122522911469161,0.0314619789580424,0.0407991761471284,0.0484245746808452,0.0529798737595794,0.0168985862146413,0.0350393352356042,-0.0779456446249216,0.092307064462002,0.0960632535961272,0.375,0.0625,0.375,0.5,0.1347400555230216,-0.0521470925855708,1195.75,772.125,3.875,0.0273066747264804,0.003191730459307,0.0,0.0
2m,1,0.05,3,0.025,all_disclosures_30d,21,out_of_sample,8,8,,,1,-0.101670315094571,0.0035976642142032,-0.044425667330239,-0.0145967673945838,0.0298288999356552,0.0407991761471284,0.0484245746808452,0.0529798737595794,0.0168985862146413,0.0350393352356042,-0.0779456446249216,0.092307064462002,0.0960632535961272,0.375,0.0625,0.375,0.5,0.1347400555230216,-0.0521470925855708,1195.75,772.125,3.875,0.0273066747264804,0.003191730459307,0.0,0.0
2m,1,0.05,3,0.05,all_disclosures_30d,21,out_of_sample,8,8,,,1,-0.1034597819782144,0.0038823755587147,-0.0451370645555196,-0.0169412436422515,0.028195820913268,0.0407991761471284,0.0484245746808452,0.0529798737595794,0.0168985862146413,0.0350393352356042,-0.0779456446249216,0.092307064462002,0.0960632535961272,0.375,0.0625,0.375,0.5,0.1347400555230216,-0.0521470925855708,1195.75,772.125,3.875,0.0273066747264804,0.003191730459307,0.0,0.0
2m,1,0.05,3,0.1,all_disclosures_30d,21,out_of_sample,8,8,,,1,-0.1069546380635039,0.004303576976052,-0.0465598590060806,-0.0216301961375869,0.0249296628684937,0.0407991761471284,0.0484245746808452,0.0529798737595794,0.0168985862146413,0.0350393352356042,-0.0779456446249216,0.092307064462002,0.0960632535961272,0.375,0.0625,0.375,0.5,0.1347400555230216,-0.0521470925855708,1195.75,772.125,3.875,0.0273066747264804,0.003191730459307,0.0,0.0
2m,1,0.1,0,0.0,all_disclosures_30d,21,out_of_sample,8,8,,,1,-0.1196962884736506,-0.0038205573851387,-0.0561083077890379,-0.0328705648405298,0.023237742948508,0.0316524590417354,0.0377942440834526,0.0644425647151122,0.0144864020719187,0.0744024400478309,-0.0703049580709461,0.1316701692742287,0.10097099704273,0.5,0.125,0.375,0.5,0.1727694581756387,-0.0496278773951972,593.75,862.25,3.875,0.0371697068745254,4.406728444802149e-05,0.0,0.0
2m,1,0.1,0,0.025,all_disclosures_30d,21,out_of_sample,8,8,,,1,-0.1224568410285179,-0.0036911774437625,-0.0572036672290748,-0.035272940434451,0.0219307267946237,0.0316524590417354,0.0377942440834526,0.0644425647151122,0.0144864020719187,0.0744024400478309,-0.0703049580709461,0.1316701692742287,0.10097099704273,0.5,0.125,0.375,0.5,0.1727694581756387,-0.0496278773951972,593.75,862.25,3.875,0.0371697068745254,4.406728444802149e-05,0.0,0.0
2m,1,0.1,0,0.05,all_disclosures_30d,21,out_of_sample,8,8,,,1,-0.1250768254488828,-0.0035617975023864,-0.0582990266691117,-0.0376753160283722,0.0206237106407395,0.0316524590417354,0.0377942440834526,0.0644425647151122,0.0144864020719187,0.0744024400478309,-0.0703049580709461,0.1316701692742287,0.10097099704273,0.5,0.125,0.375,0.5,0.1727694581756387,-0.0496278773951972,593.75,862.25,3.875,0.0371697068745254,4.406728444802149e-05,0.0,0.0
2m,1,0.1,0,0.1,all_disclosures_30d,21,out_of_sample,8,8,,,1,-0.1301129866803546,-0.0033030376196342,-0.0604897455491855,-0.0424800672162146,0.0180096783329709,0.0316524590417354,0.0377942440834526,0.0644425647151122,0.0144864020719187,0.0744024400478309,-0.0703049580709461,0.1316701692742287,0.10097099704273,0.5,0.125,0.375,0.5,0.1727694581756387,-0.0496278773951972,593.75,862.25,3.875,0.0371697068745254,4.406728444802149e-05,0.0,0.0
2m,1,0.1,3,0.0,all_disclosures_30d,21,out_of_sample,8,8,,,1,-0.1196962884736506,-0.0038205573851387,-0.0561083077890379,-0.0328705648405298,0.023237742948508,0.0316524590417354,0.0377942440834526,0.0644425647151122,0.0144864020719187,0.0744024400478309,-0.0703049580709461,0.1316701692742287,0.10097099704273,0.5,0.125,0.375,0.5,0.1727694581756387,-0.0496278773951972,593.75,862.25,3.875,0.0371697068745254,4.406728444802149e-05,0.0,0.0
2m,1,0.1,3,0.025,all_disclosures_30d,21,out_of_sample,8,8,,,1,-0.1224568410285179,-0.0036911774437625,-0.0572036672290748,-0.035272940434451,0.0219307267946237,0.0316524590417354,0.0377942440834526,0.0644425647151122,0.0144864020719187,0.0744024400478309,-0.0703049580709461,0.1316701692742287,0.10097099704273,0.5,0.125,0.375,0.5,0.1727694581756387,-0.0496278773951972,593.75,862.25,3.875,0.0371697068745254,4.406728444802149e-05,0.0,0.0
2m,1,0.1,3,0.05,all_disclosures_30d,21,out_of_sample,8,8,,,1,-0.1250768254488828,-0.0035617975023864,-0.0582990266691117,-0.0376753160283722,0.0206237106407395,0.0316524590417354,0.0377942440834526,0.0644425647151122,0.0144864020719187,0.0744024400478309,-0.0703049580709461,0.1316701692742287,0.10097099704273,0.5,0.125,0.375,0.5,0.1727694581756387,-0.0496278773951972,593.75,862.25,3.875,0.0371697068745254,4.406728444802149e-05,0.0,0.0
2m,1,0.1,3,0.1,all_disclosures_30d,21,out_of_sample,8,8,,,1,-0.1301129866803546,-0.0033030376196342,-0.0604897455491855,-0.0424800672162146,0.0180096783329709,0.0316524590417354,0.0377942440834526,0.0644425647151122,0.0144864020719187,0.0744024400478309,-0.0703049580709461,0.1316701692742287,0.10097099704273,0.5,0.125,0.375,0.5,0.1727694581756387,-0.0496278773951972,593.75,862.25,3.875,0.0371697068745254,4.406728444802149e-05,0.0,0.0
2m,1,0.1,0,0.0,entry_clean_financing_30d,21,out_of_sample,23,21,,,1,-0.0561465421066682,-0.0006616718818853,-0.0262176999150462,-0.0145550874266141,0.011662612488432,0.0265185128570881,0.0308752621326254,0.0409693871380917,0.0191090900726392,0.0499880102817699,-0.0228899963717134,0.0884854533068284,0.0865075839196767,0.391304347826087,0.3115942028985507,0.1739130434782608,0.4130434782608695,0.1080195448689329,-0.0459946631522669,425.0434782608696,1421.5652173913045,3.0869565217391304,0.0178873377075869,0.0026444169398177,0.0,0.0
2m,1,0.1,0,0.025,entry_clean_financing_30d,21,out_of_sample,23,21,,,1,-0.0571556064221423,-0.0005497679053659,-0.0266552886097941,-0.0162422849264936,0.0104130036833004,0.0265185128570881,0.0308752621326254,0.0409693871380917,0.0191090900726392,0.0499880102817699,-0.0228899963717134,0.0884854533068284,0.0865075839196767,0.391304347826087,0.3115942028985507,0.1739130434782608,0.4130434782608695,0.1080195448689329,-0.0459946631522669,425.0434782608696,1421.5652173913045,3.0869565217391304,0.0178873377075869,0.0026444169398177,0.0,0.0
2m,1,0.1,0,0.05,entry_clean_financing_30d,21,out_of_sample,23,21,,,1,-0.0581588261138467,-0.0004758178754365,-0.0270928773045419,-0.0179294824263731,0.0091633948781688,0.0265185128570881,0.0308752621326254,0.0409693871380917,0.0191090900726392,0.0499880102817699,-0.0228899963717134,0.0884854533068284,0.0865075839196767,0.391304347826087,0.3115942028985507,0.1739130434782608,0.4130434782608695,0.1080195448689329,-0.0459946631522669,425.0434782608696,1421.5652173913045,3.0869565217391304,0.0178873377075869,0.0026444169398177,0.0,0.0
2m,1,0.1,0,0.1,entry_clean_financing_30d,21,out_of_sample,23,21,,,1,-0.0601690902955812,-0.0001431852903819,-0.0279680546940377,-0.0213038774261321,0.0066641772679056,0.0265185128570881,0.0308752621326254,0.0409693871380917,0.0191090900726392,0.0499880102817699,-0.0228899963717134,0.0884854533068284,0.0865075839196767,0.391304347826087,0.3115942028985507,0.1739130434782608,0.4130434782608695,0.1080195448689329,-0.0459946631522669,425.0434782608696,1421.5652173913045,3.0869565217391304,0.0178873377075869,0.0026444169398177,0.0,0.0
1m,0,0.03,0,0.0,all_disclosures_30d,21,out_of_sample,6,6,,,1,-0.1421625458905954,0.0351944050002347,-0.05199309668368,-0.037095430569562,0.0148976661141179,0.0319846290255161,0.0374754554905329,0.0690006319147361,0.022502370985631,0.0626091419702533,-0.033804586768599,0.123056552636002,0.077370544849328,0.3333333333333333,0.1388888888888888,0.3333333333333333,0.4444444444444444,0.1476477506620191,-0.0655336698779221,1523.0,1789.5,3.0,0.0694614727279888,0.0137872217582964,0.0,0.0
1m,0,0.03,0,0.025,all_disclosures_30d,21,out_of_sample,6,6,,,1,-0.145711319545801,0.0367107812711823,-0.0530182825452822,-0.0396200620930683,0.0133982204522138,0.0319846290255161,0.0374754554905329,0.0690006319147361,0.022502370985631,0.0626091419702533,-0.033804586768599,0.123056552636002,0.077370544849328,0.3333333333333333,0.1388888888888888,0.3333333333333333,0.4444444444444444,0.1476477506620191,-0.0655336698779221,1523.0,1789.5,3.0,0.0694614727279888,0.0137872217582964,0.0,0.0
1m,0,0.03,0,0.05,all_disclosures_30d,21,out_of_sample,6,6,,,1,-0.1492600932010067,0.03822715754213,-0.0540434684068844,-0.0421446936165747,0.0118987747903097,0.0319846290255161,0.0374754554905329,0.0690006319147361,0.022502370985631,0.0626091419702533,-0.033804586768599,0.123056552636002,0.077370544849328,0.3333333333333333,0.1388888888888888,0.3333333333333333,0.4444444444444444,0.1476477506620191,-0.0655336698779221,1523.0,1789.5,3.0,0.0694614727279888,0.0137872217582964,0.0,0.0
1m,0,0.03,0,0.1,all_disclosures_30d,21,out_of_sample,6,6,,,1,-0.1563576405114179,0.0412599100840254,-0.0560938401300888,-0.0471939566635873,0.0088998834665015,0.0319846290255161,0.0374754554905329,0.0690006319147361,0.022502370985631,0.0626091419702533,-0.033804586768599,0.123056552636002,0.077370544849328,0.3333333333333333,0.1388888888888888,0.3333333333333333,0.4444444444444444,0.1476477506620191,-0.0655336698779221,1523.0,1789.5,3.0,0.0694614727279888,0.0137872217582964,0.0,0.0
1m,0,0.03,3,0.0,all_disclosures_30d,21,out_of_sample,7,7,,,1,-0.1291300717970454,0.0286057184689075,-0.045013339776286,-0.0304595111908248,0.0145538285854612,0.0295904322557083,0.0341170570704743,0.0599782328642761,0.0194953252934562,0.0564096005736289,-0.0396012092298611,0.1082216668585564,0.0769434590133432,0.2857142857142857,0.119047619047619,0.2857142857142857,0.3809523809523809,0.1298833828251267,-0.0605664623300618,1326.142857142857,1562.142857142857,2.7142857142857144,0.059538405195419,0.0118176186499683,0.0,0.0
1m,0,0.03,3,0.025,all_disclosures_30d,21,out_of_sample,7,7,,,1,-0.1323973967266165,0.0296903996003981,-0.0459122468451873,-0.0326987278188244,0.0132135190263629,0.0295904322557083,0.0341170570704743,0.0599782328642761,0.0194953252934562,0.0564096005736289,-0.0396012092298611,0.1082216668585564,0.0769434590133432,0.2857142857142857,0.119047619047619,0.2857142857142857,0.3809523809523809,0.1298833828251267,-0.0605664623300618,1326.142857142857,1562.142857142857,2.7142857142857144,0.059538405195419,0.0118176186499683,0.0,0.0
1m,0,0.03,3,0.05,all_disclosures_30d,21,out_of_sample,7,7,,,1,-0.1356647216561875,0.0308222766946216,-0.0468111539140887,-0.034937944446824,0.0118732094672646,0.0295904322557083,0.0341170570704743,0.0599782328642761,0.0194953252934562,0.0564096005736289,-0.0396012092298611,0.1082216668585564,0.0769434590133432,0.2857142857142857,0.119047619047619,0.2857142857142857,0.3809523809523809,0.1298833828251267,-0.0605664623300618,1326.142857142857,1562.142857142857,2.7142857142857144,0.059538405195419,0.0118176186499683,0.0,0.0
1m,0,0.03,3,0.1,all_disclosures_30d,21,out_of_sample,7,7,,,1,-0.1421808565942139,0.0332414662405233,-0.0486089680518914,-0.0394163777028232,0.0091925903490681,0.0295904322557083,0.0341170570704743,0.0599782328642761,0.0194953252934562,0.0564096005736289,-0.0396012092298611,0.1082216668585564,0.0769434590133432,0.2857142857142857,0.119047619047619,0.2857142857142857,0.3809523809523809,0.1298833828251267,-0.0605664623300618,1326.142857142857,1562.142857142857,2.7142857142857144,0.059538405195419,0.0118176186499683,0.0,0.0
1m,0,0.05,3,0.0,all_disclosures_30d,21,out_of_sample,7,7,,,1,-0.102569146804236,0.0226092754935965,-0.0356269101930459,-0.0249367869335525,0.0106901232594933,0.0227918200663062,0.0289862426169934,0.0476568964176018,0.0182282407053781,0.0564096005736289,-0.0311620601009615,0.1082216668585564,0.0753403355780886,0.2857142857142857,0.1428571428571428,0.2857142857142857,0.2857142857142857,0.1298833828251267,-0.0605664623300618,1956.0,6115.714285714285,5.428571428571429,0.0507339484928091,0.0117389174360766,0.0,0.0
1m,0,0.05,3,0.025,all_disclosures_30d,21,out_of_sample,7,7,,,1,-0.1047706910051698,0.0237153178235453,-0.0362077660220843,-0.0266980048456502,0.009509761176434,0.0227918200663062,0.0289862426169934,0.0476568964176018,0.0182282407053781,0.0564096005736289,-0.0311620601009615,0.1082216668585564,0.0753403355780886,0.2857142857142857,0.1428571428571428,0.2857142857142857,0.2857142857142857,0.1298833828251267,-0.0605664623300618,1956.0,6115.714285714285,5.428571428571429,0.0507339484928091,0.0117389174360766,0.0,0.0
1m,0,0.05,3,0.05,all_disclosures_30d,21,out_of_sample,7,7,,,1,-0.1070518575086151,0.0248213601534941,-0.0367886218511227,-0.0284592227577479,0.0083293990933747,0.0227918200663062,0.0289862426169934,0.0476568964176018,0.0182282407053781,0.0564096005736289,-0.0311620601009615,0.1082216668585564,0.0753403355780886,0.2857142857142857,0.1428571428571428,0.2857142857142857,0.2857142857142857,0.1298833828251267,-0.0605664623300618,1956.0,6115.714285714285,5.428571428571429,0.0507339484928091,0.0117389174360766,0.0,0.0
1m,0,0.05,3,0.1,all_disclosures_30d,21,out_of_sample,7,7,,,1,-0.1119795548997654,0.0270334448133916,-0.0379503335091995,-0.0319816585819433,0.0059686749272562,0.0227918200663062,0.0289862426169934,0.0476568964176018,0.0182282407053781,0.0564096005736289,-0.0311620601009615,0.1082216668585564,0.0753403355780886,0.2857142857142857,0.1428571428571428,0.2857142857142857,0.2857142857142857,0.1298833828251267,-0.0605664623300618,1956.0,6115.714285714285,5.428571428571429,0.0507339484928091,0.0117389174360766,0.0,0.0
1m,1,0.03,0,0.0,all_disclosures_30d,21,out_of_sample,8,8,,,1,-0.1307205184513748,0.0141868201892526,-0.0564633778923419,-0.0371505516664837,0.0193128262258582,0.0344441517339172,0.0406886371986258,0.0715138667490733,0.0213028752697694,0.0696595946376019,-0.035177359118185,0.1227564805697117,0.1005641774295321,0.5,0.3125,0.375,0.375,0.1660580144215183,-0.0553884706832992,910.375,380.125,2.625,0.0753013151678798,0.0187640276261791,0.0,0.0
1m,1,0.03,0,0.025,all_disclosures_30d,21,out_of_sample,8,8,,,1,-0.1338814144242693,0.0145873065560585,-0.0575625405427068,-0.0397995021285584,0.0177630384141483,0.0344441517339172,0.0406886371986258,0.0715138667490733,0.0213028752697694,0.0696595946376019,-0.035177359118185,0.1227564805697117,0.1005641774295321,0.5,0.3125,0.375,0.375,0.1660580144215183,-0.0553884706832992,910.375,380.125,2.625,0.0753013151678798,0.0187640276261791,0.0,0.0
1m,1,0.03,0,0.05,all_disclosures_30d,21,out_of_sample,8,8,,,1,-0.1370281482455627,0.0151124383669121,-0.0586617031930717,-0.0424484525906332,0.0162132506024384,0.0344441517339172,0.0406886371986258,0.0715138667490733,0.0213028752697694,0.0696595946376019,-0.035177359118185,0.1227564805697117,0.1005641774295321,0.5,0.3125,0.375,0.375,0.1660580144215183,-0.0553884706832992,910.375,380.125,2.625,0.0753013151678798,0.0187640276261791,0.0,0.0
1m,1,0.03,0,0.1,all_disclosures_30d,21,out_of_sample,8,8,,,1,-0.1433703589269272,0.016171728953369,-0.0608600284938014,-0.0477463535147827,0.0131136749790187,0.0344441517339172,0.0406886371986258,0.0715138667490733,0.0213028752697694,0.0696595946376019,-0.035177359118185,0.1227564805697117,0.1005641774295321,0.5,0.3125,0.375,0.375,0.1660580144215183,-0.0553884706832992,910.375,380.125,2.625,0.0753013151678798,0.0187640276261791,0.0,0.0
1m,1,0.03,3,0.0,all_disclosures_30d,21,out_of_sample,8,8,,,1,-0.1305821131161336,0.0143374146187814,-0.05617946951236,-0.0371505516664837,0.0190289178458763,0.0344441517339172,0.0403101294759738,0.0715138667490733,0.0212083788285746,0.0696595946376019,-0.0396447020751713,0.1227564805697117,0.1039685302653249,0.5,0.3125,0.375,0.3958333333333333,0.1660580144215183,-0.0553884706832992,910.375,380.125,2.625,0.0753013151678798,0.0187640276261791,0.0,0.0
1m,1,0.03,3,0.025,all_disclosures_30d,21,out_of_sample,8,8,,,1,-0.1336967478042978,0.0148566239931,-0.057290457266821,-0.0397995021285584,0.0174909551382626,0.0344441517339172,0.0403101294759738,0.0715138667490733,0.0212083788285746,0.0696595946376019,-0.0396447020751713,0.1227564805697117,0.1039685302653249,0.5,0.3125,0.375,0.3958333333333333,0.1660580144215183,-0.0553884706832992,910.375,380.125,2.625,0.0753013151678798,0.0187640276261791,0.0,0.0
1m,1,0.03,3,0.05,all_disclosures_30d,21,out_of_sample,8,8,,,1,-0.136814184553226,0.0153758333674187,-0.0584014450212821,-0.0424484525906332,0.0159529924306488,0.0344441517339172,0.0403101294759738,0.0715138667490733,0.0212083788285746,0.0696595946376019,-0.0396447020751713,0.1227564805697117,0.1039685302653249,0.5,0.3125,0.375,0.3958333333333333,0.1660580144215183,-0.0553884706832992,910.375,380.125,2.625,0.0753013151678798,0.0187640276261791,0.0,0.0
1m,1,0.03,3,0.1,all_disclosures_30d,21,out_of_sample,8,8,,,1,-0.1431873669837728,0.0164600973080537,-0.0606234205302042,-0.0477463535147827,0.0128770670154214,0.0344441517339172,0.0403101294759738,0.0715138667490733,0.0212083788285746,0.0696595946376019,-0.0396447020751713,0.1227564805697117,0.1039685302653249,0.5,0.3125,0.375,0.3958333333333333,0.1660580144215183,-0.0553884706832992,910.375,380.125,2.625,0.0753013151678798,0.0187640276261791,0.0,0.0
1m,1,0.05,3,0.0,all_disclosures_30d,21,out_of_sample,8,8,,,1,-0.1267939062317453,0.0025093109632703,-0.0576694376060472,-0.0334775525360909,0.0241918850699562,0.0277322831383494,0.0347511954818567,0.0611289990231128,0.010486684462578,0.0696595946376019,-0.0483570579471956,0.1227564805697117,0.1012335928708644,0.5,0.25,0.375,0.4166666666666666,0.1660580144215183,-0.0553884706832992,947.125,500.625,4.375,0.0638812684635673,0.0091309939086099,0.0,0.0
1m,1,0.05,3,0.025,all_disclosures_30d,21,out_of_sample,8,8,,,1,-0.1297368268385048,0.0028638491581415,-0.0587600226614729,-0.0356990845901275,0.0230609380713454,0.0277322831383494,0.0347511954818567,0.0611289990231128,0.010486684462578,0.0696595946376019,-0.0483570579471956,0.1227564805697117,0.1012335928708644,0.5,0.25,0.375,0.4166666666666666,0.1660580144215183,-0.0553884706832992,947.125,500.625,4.375,0.0638812684635673,0.0091309939086099,0.0,0.0
1m,1,0.05,3,0.05,all_disclosures_30d,21,out_of_sample,8,8,,,1,-0.1325555600267121,0.0032183873530127,-0.0598506077168986,-0.0379206166441641,0.0219299910727345,0.0277322831383494,0.0347511954818567,0.0611289990231128,0.010486684462578,0.0696595946376019,-0.0483570579471956,0.1227564805697117,0.1012335928708644,0.5,0.25,0.375,0.4166666666666666,0.1660580144215183,-0.0553884706832992,947.125,500.625,4.375,0.0638812684635673,0.0091309939086099,0.0,0.0
1m,1,0.05,3,0.1,all_disclosures_30d,21,out_of_sample,8,8,,,1,-0.1382532304462325,0.0040351527246975,-0.06203177782775,-0.0423636807522372,0.0196680970755128,0.0277322831383494,0.0347511954818567,0.0611289990231128,0.010486684462578,0.0696595946376019,-0.0483570579471956,0.1227564805697117,0.1012335928708644,0.5,0.25,0.375,0.4166666666666666,0.1660580144215183,-0.0553884706832992,947.125,500.625,4.375,0.0638812684635673,0.0091309939086099,0.0,0.0
1m,1,0.03,0,0.0,entry_clean_financing_30d,21,out_of_sample,23,17,,,1,-0.0526094526902037,0.0317373685199225,-0.0061054093081629,-0.0098565654264654,-0.0037511561183024,0.0258834650492685,0.029669888523224,0.0355847969753661,0.03325154226472,0.0260400758192065,0.0332930758750339,0.0804894405327201,0.0786591903299806,0.2608695652173913,0.4710144927536232,0.2608695652173913,0.1956521739130434,0.0939670791528927,-0.0547409663322576,572.7391304347826,12845.217391304348,3.0,0.0357363181055133,0.0296574639446994,0.0,0.0
1m,1,0.03,0,0.025,entry_clean_financing_30d,21,out_of_sample,23,17,,,1,-0.0535585147756557,0.0326360667881686,-0.0060690800890802,-0.0113932719770813,-0.005324191888001,0.0258834650492685,0.029669888523224,0.0355847969753661,0.03325154226472,0.0260400758192065,0.0332930758750339,0.0804894405327201,0.0786591903299806,0.2608695652173913,0.4710144927536232,0.2608695652173913,0.1956521739130434,0.0939670791528927,-0.0547409663322576,572.7391304347826,12845.217391304348,3.0,0.0357363181055133,0.0296574639446994,0.0,0.0
1m,1,0.03,0,0.05,entry_clean_financing_30d,21,out_of_sample,23,17,,,1,-0.0546876464691334,0.0334979982004226,-0.0060327508699975,-0.0129299785276972,-0.0068972276576996,0.0258834650492685,0.029669888523224,0.0355847969753661,0.03325154226472,0.0260400758192065,0.0332930758750339,0.0804894405327201,0.0786591903299806,0.2608695652173913,0.4710144927536232,0.2608695652173913,0.1956521739130434,0.0939670791528927,-0.0547409663322576,572.7391304347826,12845.217391304348,3.0,0.0357363181055133,0.0296574639446994,0.0,0.0
1m,1,0.03,0,0.1,entry_clean_financing_30d,21,out_of_sample,23,17,,,1,-0.056528057677443,0.0352202443616732,-0.005960092431832,-0.0160033916289289,-0.0100432991970969,0.0258834650492685,0.029669888523224,0.0355847969753661,0.03325154226472,0.0260400758192065,0.0332930758750339,0.0804894405327201,0.0786591903299806,0.2608695652173913,0.4710144927536232,0.2608695652173913,0.1956521739130434,0.0939670791528927,-0.0547409663322576,572.7391304347826,12845.217391304348,3.0,0.0357363181055133,0.0296574639446994,0.0,0.0
1m,1,0.03,3,0.0,entry_clean_financing_30d,21,out_of_sample,26,19,,,1,-0.0515557482457819,0.0265806827516123,-0.0085700865852954,-0.0105057466047835,-0.0019356600194881,0.0247862755596533,0.0284530981118062,0.0351482707695109,0.0302332610555215,0.0228909574562127,0.0159099886597058,0.0823551602934668,0.0853931494481834,0.2692307692307692,0.4551282051282052,0.2692307692307692,0.2948717948717948,0.088983933981794,-0.0565765717509639,508.5,11364.884615384615,2.6538461538461537,0.0355187399269858,0.0276069403776918,0.0,0.0
1m,1,0.03,3,0.025,entry_clean_financing_30d,21,out_of_sample,26,19,,,1,-0.0525898057802505,0.027382741699853,-0.0086012912643413,-0.0120041102630126,-0.0034028189986713,0.0247862755596533,0.0284530981118062,0.0351482707695109,0.0302332610555215,0.0228909574562127,0.0159099886597058,0.0823551602934668,0.0853931494481834,0.2692307692307692,0.4551282051282052,0.2692307692307692,0.2948717948717948,0.088983933981794,-0.0565765717509639,508.5,11364.884615384615,2.6538461538461537,0.0355187399269858,0.0276069403776918,0.0,0.0
1m,1,0.03,3,0.05,entry_clean_financing_30d,21,out_of_sample,26,19,,,1,-0.0535891078293241,0.0281100935159003,-0.0086324959433872,-0.0135024739212418,-0.0048699779778545,0.0247862755596533,0.0284530981118062,0.0351482707695109,0.0302332610555215,0.0228909574562127,0.0159099886597058,0.0823551602934668,0.0853931494481834,0.2692307692307692,0.4551282051282052,0.2692307692307692,0.2948717948717948,0.088983933981794,-0.0565765717509639,508.5,11364.884615384615,2.6538461538461537,0.0355187399269858,0.0276069403776918,0.0,0.0
1m,1,0.03,3,0.1,entry_clean_financing_30d,21,out_of_sample,26,19,,,1,-0.0556546554411706,0.0298636534391856,-0.008694905301479,-0.0164992012377,-0.0078042959362209,0.0247862755596533,0.0284530981118062,0.0351482707695109,0.0302332610555215,0.0228909574562127,0.0159099886597058,0.0823551602934668,0.0853931494481834,0.2692307692307692,0.4551282051282052,0.2692307692307692,0.2948717948717948,0.088983933981794,-0.0565765717509639,508.5,11364.884615384615,2.6538461538461537,0.0355187399269858,0.0276069403776918,0.0,0.0
1m,1,0.05,3,0.0,entry_clean_financing_30d,21,out_of_sample,24,18,,,1,-0.052827055389173,0.0219215151443368,-0.0105023334456677,-0.0102056119268592,0.0002967215188085,0.0190134102350456,0.0239071635722026,0.0290685148664202,0.0234475013033634,0.025812094434744,0.0189628185085072,0.0762786920691857,0.0818530892612961,0.25,0.4375,0.25,0.2777777777777777,0.0904363412844986,-0.0524877417189148,730.2916666666666,7345.791666666667,5.125,0.0295982250855817,0.0208297924997329,0.0,0.0
1m,1,0.05,3,0.025,entry_clean_financing_30d,21,out_of_sample,24,18,,,1,-0.0537842642105431,0.0226917367928184,-0.0105205149513152,-0.0114076600543959,-0.0008871451030806,0.0190134102350456,0.0239071635722026,0.0290685148664202,0.0234475013033634,0.025812094434744,0.0189628185085072,0.0762786920691857,0.0818530892612961,0.25,0.4375,0.25,0.2777777777777777,0.0904363412844986,-0.0524877417189148,730.2916666666666,7345.791666666667,5.125,0.0295982250855817,0.0208297924997329,0.0,0.0
1m,1,0.05,3,0.05,entry_clean_financing_30d,21,out_of_sample,24,18,,,1,-0.0547932920368523,0.0234621111467223,-0.0105386964569627,-0.0126097081819325,-0.0020710117249697,0.0190134102350456,0.0239071635722026,0.0290685148664202,0.0234475013033634,0.025812094434744,0.0189628185085072,0.0762786920691857,0.0818530892612961,0.25,0.4375,0.25,0.2777777777777777,0.0904363412844986,-0.0524877417189148,730.2916666666666,7345.791666666667,5.125,0.0295982250855817,0.0208297924997329,0.0,0.0
1m,1,0.05,3,0.1,entry_clean_financing_30d,21,out_of_sample,24,18,,,1,-0.0569178036354598,0.0249716296071725,-0.0105750594682577,-0.0150138044370058,-0.0044387449687481,0.0190134102350456,0.0239071635722026,0.0290685148664202,0.0234475013033634,0.025812094434744,0.0189628185085072,0.0762786920691857,0.0818530892612961,0.25,0.4375,0.25,0.2777777777777777,0.0904363412844986,-0.0524877417189148,730.2916666666666,7345.791666666667,5.125,0.0295982250855817,0.0208297924997329,0.0,0.0
3-6m,0,0.03,3,0.0,all_disclosures_30d,21,out_of_sample,6,6,,,2,-0.1240026048124609,0.0105674503828661,-0.0559249519457605,-0.0375532794235873,0.0183716725221731,0.0814025191140526,0.0757509141232092,0.1188763708572978,0.0573053405605135,0.0626091419702533,-0.0493577533366001,0.123056552636002,0.0807612523748766,0.3333333333333333,0.0833333333333333,0.3333333333333333,0.25,0.1476477506620191,-0.0655336698779221,21.5,292.8333333333333,0.0,0.0649549083504521,0.0047260462015138,0.0,0.0
3-6m,0,0.03,3,0.025,all_disclosures_30d,21,out_of_sample,6,6,,,2,-0.1273191510906636,0.0102774687006527,-0.0576055178279511,-0.0425602516728711,0.01504526615508,0.0814025191140526,0.0757509141232092,0.1188763708572978,0.0573053405605135,0.0626091419702533,-0.0493577533366001,0.123056552636002,0.0807612523748766,0.3333333333333333,0.0833333333333333,0.3333333333333333,0.25,0.1476477506620191,-0.0655336698779221,21.5,292.8333333333333,0.0,0.0649549083504521,0.0047260462015138,0.0,0.0
3-6m,0,0.03,3,0.05,all_disclosures_30d,21,out_of_sample,6,6,,,2,-0.1306837608694898,0.0099874870184393,-0.0592860837101418,-0.0475672239221549,0.0117188597879869,0.0814025191140526,0.0757509141232092,0.1188763708572978,0.0573053405605135,0.0626091419702533,-0.0493577533366001,0.123056552636002,0.0807612523748766,0.3333333333333333,0.0833333333333333,0.3333333333333333,0.25,0.1476477506620191,-0.0655336698779221,21.5,292.8333333333333,0.0,0.0649549083504521,0.0047260462015138,0.0,0.0
3-6m,0,0.03,3,0.1,all_disclosures_30d,21,out_of_sample,6,6,,,2,-0.1374129804271421,0.0094075236540125,-0.0626472154745232,-0.0575811684207224,0.0050660470538008,0.0814025191140526,0.0757509141232092,0.1188763708572978,0.0573053405605135,0.0626091419702533,-0.0493577533366001,0.123056552636002,0.0807612523748766,0.3333333333333333,0.0833333333333333,0.3333333333333333,0.25,0.1476477506620191,-0.0655336698779221,21.5,292.8333333333333,0.0,0.0649549083504521,0.0047260462015138,0.0,0.0
3-6m,0,0.05,3,0.0,all_disclosures_30d,21,out_of_sample,7,7,,,2,-0.0891505008521155,0.0109294948007929,-0.0357229160125128,-0.0252684230540987,0.010454492958414,0.0725237561802465,0.0709547633642921,0.0977223154798116,0.0604352798010232,0.0626383795489143,-0.0334592294438699,0.1144504458338418,0.078071346880253,0.4285714285714285,0.2142857142857142,0.2857142857142857,0.2142857142857142,0.1429166194927763,-0.0561717170382189,177.14285714285714,109.85714285714286,0.5714285714285714,0.0475796930991834,0.0050048063165676,0.0,0.0
3-6m,0,0.05,3,0.025,all_disclosures_30d,21,out_of_sample,7,7,,,2,-0.0913269641090044,0.0110834418485736,-0.0366943167248813,-0.0295245748456002,0.0071697418792811,0.0725237561802465,0.0709547633642921,0.0977223154798116,0.0604352798010232,0.0626383795489143,-0.0334592294438699,0.1144504458338418,0.078071346880253,0.4285714285714285,0.2142857142857142,0.2857142857142857,0.2142857142857142,0.1429166194927763,-0.0561717170382189,177.14285714285714,109.85714285714286,0.5714285714285714,0.0475796930991834,0.0050048063165676,0.0,0.0
3-6m,0,0.05,3,0.05,all_disclosures_30d,21,out_of_sample,7,7,,,2,-0.0936365940269801,0.0112586511780092,-0.0376657174372499,-0.0337807266371017,0.0038849908001482,0.0725237561802465,0.0709547633642921,0.0977223154798116,0.0604352798010232,0.0626383795489143,-0.0334592294438699,0.1144504458338418,0.078071346880253,0.4285714285714285,0.2142857142857142,0.2857142857142857,0.2142857142857142,0.1429166194927763,-0.0561717170382189,177.14285714285714,109.85714285714286,0.5714285714285714,0.0475796930991834,0.0050048063165676,0.0,0.0
3-6m,0,0.05,3,0.1,all_disclosures_30d,21,out_of_sample,7,7,,,2,-0.0983256630816465,0.0115724885968526,-0.0396085188619871,-0.0422930302201046,-0.0026845113581175,0.0725237561802465,0.0709547633642921,0.0977223154798116,0.0604352798010232,0.0626383795489143,-0.0334592294438699,0.1144504458338418,0.078071346880253,0.4285714285714285,0.2142857142857142,0.2857142857142857,0.2142857142857142,0.1429166194927763,-0.0561717170382189,177.14285714285714,109.85714285714286,0.5714285714285714,0.0475796930991834,0.0050048063165676,0.0,0.0
3-6m,0,0.1,3,0.0,all_disclosures_30d,21,out_of_sample,7,7,,,2,-0.0873598468980229,0.0093452949050561,-0.0347722752616807,-0.0250813135311959,0.0096909617304847,0.0548498515057803,0.0527291159605046,0.0798613012824426,0.042973163625165,0.0626383795489143,-0.0334592294438699,0.1144504458338418,0.078071346880253,0.4285714285714285,0.2142857142857142,0.2857142857142857,0.2142857142857142,0.1429166194927763,-0.0561717170382189,76.57142857142857,132.42857142857142,0.2857142857142857,0.0347053343124344,0.0,0.0,0.0
3-6m,0,0.1,3,0.025,all_disclosures_30d,21,out_of_sample,7,7,,,2,-0.0894360105004127,0.0091935132273199,-0.0357474970917445,-0.0284490923509015,0.007298404740843,0.0548498515057803,0.0527291159605046,0.0798613012824426,0.042973163625165,0.0626383795489143,-0.0334592294438699,0.1144504458338418,0.078071346880253,0.4285714285714285,0.2142857142857142,0.2857142857142857,0.2142857142857142,0.1429166194927763,-0.0561717170382189,76.57142857142857,132.42857142857142,0.2857142857142857,0.0347053343124344,0.0,0.0,0.0
3-6m,0,0.1,3,0.05,all_disclosures_30d,21,out_of_sample,7,7,,,2,-0.0915673217143906,0.0091582985221113,-0.0367227189218083,-0.0318168711706071,0.0049058477512012,0.0548498515057803,0.0527291159605046,0.0798613012824426,0.042973163625165,0.0626383795489143,-0.0334592294438699,0.1144504458338418,0.078071346880253,0.4285714285714285,0.2142857142857142,0.2857142857142857,0.2142857142857142,0.1429166194927763,-0.0561717170382189,76.57142857142857,132.42857142857142,0.2857142857142857,0.0347053343124344,0.0,0.0,0.0
3-6m,0,0.1,3,0.1,all_disclosures_30d,21,out_of_sample,7,7,,,2,-0.0959834422364389,0.0092095849214858,-0.038673162581936,-0.0385524288100182,0.0001207337719177,0.0548498515057803,0.0527291159605046,0.0798613012824426,0.042973163625165,0.0626383795489143,-0.0334592294438699,0.1144504458338418,0.078071346880253,0.4285714285714285,0.2142857142857142,0.2857142857142857,0.2142857142857142,0.1429166194927763,-0.0561717170382189,76.57142857142857,132.42857142857142,0.2857142857142857,0.0347053343124344,0.0,0.0,0.0
3-6m,0,0.03,3,0.0,entry_clean_financing_30d,21,out_of_sample,19,17,,,1,-0.0830746964963034,-0.0096173620322625,-0.0467163254478513,-0.0248996294429239,0.0218166960049273,0.0791811051503321,0.0831578626235507,0.1039663899453627,0.0612294733713956,0.0519175527671128,-0.0333662992868805,0.0913929588289182,0.0828496694891235,0.4210526315789473,0.219298245614035,0.2105263157894736,0.3508771929824561,0.1150651849371374,-0.0506784703389018,160.6315789473684,272.63157894736844,0.7368421052631579,0.0427223351603973,0.0119561343659963,0.0,0.0
3-6m,0,0.03,3,0.025,entry_clean_financing_30d,21,out_of_sample,19,17,,,1,-0.0848015958453009,-0.0097025396443092,-0.04768532942537,-0.0294783168203162,0.0182070126050537,0.0791811051503321,0.0831578626235507,0.1039663899453627,0.0612294733713956,0.0519175527671128,-0.0333662992868805,0.0913929588289182,0.0828496694891235,0.4210526315789473,0.219298245614035,0.2105263157894736,0.3508771929824561,0.1150651849371374,-0.0506784703389018,160.6315789473684,272.63157894736844,0.7368421052631579,0.0427223351603973,0.0119561343659963,0.0,0.0
3-6m,0,0.03,3,0.05,entry_clean_financing_30d,21,out_of_sample,19,17,,,1,-0.0865985599439845,-0.0096464129236003,-0.0486543334028887,-0.0340570041977086,0.01459732920518,0.0791811051503321,0.0831578626235507,0.1039663899453627,0.0612294733713956,0.0519175527671128,-0.0333662992868805,0.0913929588289182,0.0828496694891235,0.4210526315789473,0.219298245614035,0.2105263157894736,0.3508771929824561,0.1150651849371374,-0.0506784703389018,160.6315789473684,272.63157894736844,0.7368421052631579,0.0427223351603973,0.0119561343659963,0.0,0.0
3-6m,0,0.03,3,0.1,entry_clean_financing_30d,21,out_of_sample,19,17,,,1,-0.0902577814308634,-0.0097763339614629,-0.0505923413579261,-0.0432143789524933,0.0073779624054327,0.0791811051503321,0.0831578626235507,0.1039663899453627,0.0612294733713956,0.0519175527671128,-0.0333662992868805,0.0913929588289182,0.0828496694891235,0.4210526315789473,0.219298245614035,0.2105263157894736,0.3508771929824561,0.1150651849371374,-0.0506784703389018,160.6315789473684,272.63157894736844,0.7368421052631579,0.0427223351603973,0.0119561343659963,0.0,0.0
3-6m,0,0.05,3,0.0,entry_clean_financing_30d,21,out_of_sample,21,19,,,1,-0.0648595172025934,-0.004784801597464,-0.0354138747415527,-0.0190334058360492,0.0163804689055034,0.070555122025707,0.0703119315311652,0.0894822698747031,0.053828111941266,0.0475368127009936,-0.0341786055308446,0.0832526562807224,0.0872150537643722,0.4285714285714285,0.246031746031746,0.1904761904761904,0.3174603174603174,0.1100804952561545,-0.0478760488808515,178.33333333333334,916.3809523809524,0.5714285714285714,0.03071905652822,0.0072413768953428,0.0,0.0
3-6m,0,0.05,3,0.025,entry_clean_financing_30d,21,out_of_sample,21,19,,,1,-0.0665416569860095,-0.0048322421907657,-0.0363113084522521,-0.0230343406335595,0.0132769678186926,0.070555122025707,0.0703119315311652,0.0894822698747031,0.053828111941266,0.0475368127009936,-0.0341786055308446,0.0832526562807224,0.0872150537643722,0.4285714285714285,0.246031746031746,0.1904761904761904,0.3174603174603174,0.1100804952561545,-0.0478760488808515,178.33333333333334,916.3809523809524,0.5714285714285714,0.03071905652822,0.0072413768953428,0.0,0.0
3-6m,0,0.05,3,0.05,entry_clean_financing_30d,21,out_of_sample,21,19,,,1,-0.0681695170507252,-0.0048796827840673,-0.0372087421629516,-0.0270352754310697,0.0101734667318818,0.070555122025707,0.0703119315311652,0.0894822698747031,0.053828111941266,0.0475368127009936,-0.0341786055308446,0.0832526562807224,0.0872150537643722,0.4285714285714285,0.246031746031746,0.1904761904761904,0.3174603174603174,0.1100804952561545,-0.0478760488808515,178.33333333333334,916.3809523809524,0.5714285714285714,0.03071905652822,0.0072413768953428,0.0,0.0
3-6m,0,0.05,3,0.1,entry_clean_financing_30d,21,out_of_sample,21,19,,,1,-0.0715105572839084,-0.004890327721132,-0.0390036095843505,-0.0350371450260902,0.0039664645582603,0.070555122025707,0.0703119315311652,0.0894822698747031,0.053828111941266,0.0475368127009936,-0.0341786055308446,0.0832526562807224,0.0872150537643722,0.4285714285714285,0.246031746031746,0.1904761904761904,0.3174603174603174,0.1100804952561545,-0.0478760488808515,178.33333333333334,916.3809523809524,0.5714285714285714,0.03071905652822,0.0072413768953428,0.0,0.0
3-6m,0,0.1,3,0.0,entry_clean_financing_30d,21,out_of_sample,21,19,,,1,-0.0641586295178876,-0.0076421632584624,-0.0360166711188545,-0.0174961880005896,0.0185204831182649,0.0564570161883526,0.0588971118571406,0.0738469182028638,0.0402733940416473,0.0504752281200771,-0.0383752672173857,0.0861910716998058,0.0914117154509133,0.4285714285714285,0.246031746031746,0.1904761904761904,0.365079365079365,0.1118025691996282,-0.0495791512168129,308.95238095238096,1798.2380952380952,1.761904761904762,0.015083727126296,0.0001295842400279,0.0,0.0
3-6m,0,0.1,3,0.025,entry_clean_financing_30d,21,out_of_sample,21,19,,,1,-0.0656115620382648,-0.0077291850547765,-0.0367950068311652,-0.02075378636037,0.0160412204707952,0.0564570161883526,0.0588971118571406,0.0738469182028638,0.0402733940416473,0.0504752281200771,-0.0383752672173857,0.0861910716998058,0.0914117154509133,0.4285714285714285,0.246031746031746,0.1904761904761904,0.365079365079365,0.1118025691996282,-0.0495791512168129,308.95238095238096,1798.2380952380952,1.761904761904762,0.015083727126296,0.0001295842400279,0.0,0.0
3-6m,0,0.1,3,0.05,entry_clean_financing_30d,21,out_of_sample,21,19,,,1,-0.0668782038338337,-0.0078532285593256,-0.0375733425434759,-0.0240113847201504,0.0135619578233254,0.0564570161883526,0.0588971118571406,0.0738469182028638,0.0402733940416473,0.0504752281200771,-0.0383752672173857,0.0861910716998058,0.0914117154509133,0.4285714285714285,0.246031746031746,0.1904761904761904,0.365079365079365,0.1118025691996282,-0.0495791512168129,308.95238095238096,1798.2380952380952,1.761904761904762,0.015083727126296,0.0001295842400279,0.0,0.0
3-6m,0,0.1,3,0.1,entry_clean_financing_30d,21,out_of_sample,21,19,,,1,-0.0695109436430469,-0.0081842594832422,-0.0391300139680973,-0.0305265814397112,0.0086034325283861,0.0564570161883526,0.0588971118571406,0.0738469182028638,0.0402733940416473,0.0504752281200771,-0.0383752672173857,0.0861910716998058,0.0914117154509133,0.4285714285714285,0.246031746031746,0.1904761904761904,0.365079365079365,0.1118025691996282,-0.0495791512168129,308.95238095238096,1798.2380952380952,1.761904761904762,0.015083727126296,0.0001295842400279,0.0,0.0
1m,0,0.1,0,0.0,entry_clean_financing_30d,21,out_of_sample,9,8,,,1,-0.0329278264763252,0.0017414984449972,-0.0164493151441164,-0.000910410468897,0.0155389046752194,0.0120215125171729,0.0211872981358388,0.0128188481024645,0.0055279666885487,0.0322425454933295,-0.0036027015358426,0.0797801703143838,0.0751374028594957,0.3333333333333333,0.2962962962962963,0.2222222222222222,0.3518518518518518,0.0964554935022709,-0.0629785832012432,1251.3333333333333,4707.666666666667,7.444444444444445,0.0115763825346293,0.0028901753362636,0.0,0.0
1m,0,0.1,0,0.025,entry_clean_financing_30d,21,out_of_sample,9,8,,,1,-0.0331349596992994,0.0020985476893407,-0.0164024425389976,-0.0015314194843879,0.0148710230546097,0.0120215125171729,0.0211872981358388,0.0128188481024645,0.0055279666885487,0.0322425454933295,-0.0036027015358426,0.0797801703143838,0.0751374028594957,0.3333333333333333,0.2962962962962963,0.2222222222222222,0.3518518518518518,0.0964554935022709,-0.0629785832012432,1251.3333333333333,4707.666666666667,7.444444444444445,0.0115763825346293,0.0028901753362636,0.0,0.0
1m,0,0.1,0,0.05,entry_clean_financing_30d,21,out_of_sample,9,8,,,1,-0.0330955810523778,0.0024587710837524,-0.0163555699338789,-0.0021524284998788,0.014203141434,0.0120215125171729,0.0211872981358388,0.0128188481024645,0.0055279666885487,0.0322425454933295,-0.0036027015358426,0.0797801703143838,0.0751374028594957,0.3333333333333333,0.2962962962962963,0.2222222222222222,0.3518518518518518,0.0964554935022709,-0.0629785832012432,1251.3333333333333,4707.666666666667,7.444444444444445,0.0115763825346293,0.0028901753362636,0.0,0.0
1m,0,0.1,0,0.1,entry_clean_financing_30d,21,out_of_sample,9,8,,,1,-0.033370683250443,0.0031832029820784,-0.0162618247236414,-0.0033944465308607,0.0128673781927806,0.0120215125171729,0.0211872981358388,0.0128188481024645,0.0055279666885487,0.0322425454933295,-0.0036027015358426,0.0797801703143838,0.0751374028594957,0.3333333333333333,0.2962962962962963,0.2222222222222222,0.3518518518518518,0.0964554935022709,-0.0629785832012432,1251.3333333333333,4707.666666666667,7.444444444444445,0.0115763825346293,0.0028901753362636,0.0,0.0
1m,0,0.1,3,0.0,entry_clean_financing_30d,21,out_of_sample,9,8,,,1,-0.0328778806577076,0.001901654841247,-0.016333097783347,-0.000910410468897,0.0154226873144499,0.0120215125171729,0.0210676744550932,0.0128188481024645,0.0055245665854905,0.0322425454933295,-0.0036878852814204,0.0797801703143838,0.0752034983006685,0.3333333333333333,0.2962962962962963,0.2222222222222222,0.3703703703703704,0.0964554935022709,-0.0629785832012432,1251.3333333333333,4707.666666666667,7.444444444444445,0.0115763825346293,0.0028901753362636,0.0,0.0
1m,0,0.1,3,0.025,entry_clean_financing_30d,21,out_of_sample,9,8,,,1,-0.0331334727494938,0.0022615114173339,-0.0162893007728233,-0.0015314194843879,0.0147578812884353,0.0120215125171729,0.0210676744550932,0.0128188481024645,0.0055245665854905,0.0322425454933295,-0.0036878852814204,0.0797801703143838,0.0752034983006685,0.3333333333333333,0.2962962962962963,0.2222222222222222,0.3703703703703704,0.0964554935022709,-0.0629785832012432,1251.3333333333333,4707.666666666667,7.444444444444445,0.0115763825346293,0.0028901753362636,0.0,0.0
1m,0,0.1,3,0.05,entry_clean_financing_30d,21,out_of_sample,9,8,,,1,-0.0330201734068558,0.0026058739491821,-0.0162455037622996,-0.0021524284998788,0.0140930752624208,0.0120215125171729,0.0210676744550932,0.0128188481024645,0.0055245665854905,0.0322425454933295,-0.0036878852814204,0.0797801703143838,0.0752034983006685,0.3333333333333333,0.2962962962962963,0.2222222222222222,0.3703703703703704,0.0964554935022709,-0.0629785832012432,1251.3333333333333,4707.666666666667,7.444444444444445,0.0115763825346293,0.0028901753362636,0.0,0.0
1m,0,0.1,3,0.1,entry_clean_financing_30d,21,out_of_sample,9,8,,,1,-0.0332670885593633,0.0033080775562716,-0.0161579097412523,-0.0033944465308607,0.0127634632103916,0.0120215125171729,0.0210676744550932,0.0128188481024645,0.0055245665854905,0.0322425454933295,-0.0036878852814204,0.0797801703143838,0.0752034983006685,0.3333333333333333,0.2962962962962963,0.2222222222222222,0.3703703703703704,0.0964554935022709,-0.0629785832012432,1251.3333333333333,4707.666666666667,7.444444444444445,0.0115763825346293,0.0028901753362636,0.0,0.0
1m,1,0.05,0,0.0,entry_clean_financing_30d,21,out_of_sample,21,16,,,1,-0.037002196178245,0.0304796351218947,-0.0005635077821874,-0.0016722433107878,-0.0011087355286004,0.0192294591729383,0.0245250618435126,0.0207608274703271,0.0254809824638538,0.0199031783217358,0.0261921300926111,0.0645116585955008,0.0794930884231497,0.238095238095238,0.4603174603174603,0.238095238095238,0.2222222222222221,0.08678615095716,-0.0524411225862405,833.8571428571429,8394.761904761905,5.857142857142857,0.0203292891188144,0.0226166315330135,0.0,0.0
1m,1,0.05,0,0.025,entry_clean_financing_30d,21,out_of_sample,21,16,,,1,-0.0374754922693286,0.0314735077938869,-0.0003131138405848,-0.0026720004768694,-0.0023588866362846,0.0192294591729383,0.0245250618435126,0.0207608274703271,0.0254809824638538,0.0199031783217358,0.0261921300926111,0.0645116585955008,0.0794930884231497,0.238095238095238,0.4603174603174603,0.238095238095238,0.2222222222222221,0.08678615095716,-0.0524411225862405,833.8571428571429,8394.761904761905,5.857142857142857,0.0203292891188144,0.0226166315330135,0.0,0.0
1m,1,0.05,0,0.05,entry_clean_financing_30d,21,out_of_sample,21,16,,,1,-0.0379640664547789,0.032442701874771,-6.27198989823491e-05,-0.0036717576429511,-0.0036090377439687,0.0192294591729383,0.0245250618435126,0.0207608274703271,0.0254809824638538,0.0199031783217358,0.0261921300926111,0.0645116585955008,0.0794930884231497,0.238095238095238,0.4603174603174603,0.238095238095238,0.2222222222222221,0.08678615095716,-0.0524411225862405,833.8571428571429,8394.761904761905,5.857142857142857,0.0203292891188144,0.0226166315330135,0.0,0.0
1m,1,0.05,0,0.1,entry_clean_financing_30d,21,out_of_sample,21,16,,,1,-0.0390287478233424,0.0343425564128549,0.0004380679842227,-0.0056712719751143,-0.006109339959337,0.0192294591729383,0.0245250618435126,0.0207608274703271,0.0254809824638538,0.0199031783217358,0.0261921300926111,0.0645116585955008,0.0794930884231497,0.238095238095238,0.4603174603174603,0.238095238095238,0.2222222222222221,0.08678615095716,-0.0524411225862405,833.8571428571429,8394.761904761905,5.857142857142857,0.0203292891188144,0.0226166315330135,0.0,0.0
1m,1,0.1,0,0.0,entry_clean_financing_30d,21,out_of_sample,14,12,,,1,-0.0398299166943478,0.0008216318070594,-0.0166969179174608,-0.0015435099995963,0.0151534079178644,0.0143638802177563,0.0195876004684703,0.0158102606489467,0.0043314481693668,0.037209638345722,-0.0023088107243791,0.0791078164207957,0.0684031651255871,0.3571428571428571,0.3095238095238095,0.2142857142857142,0.2738095238095238,0.1088097392327921,-0.0600784334214024,994.1428571428572,3300.285714285714,3.5,0.014321744726468,0.0025962896273563,0.0,0.0
1m,1,0.1,0,0.025,entry_clean_financing_30d,21,out_of_sample,14,12,,,1,-0.0403186485927133,0.0009903867154712,-0.0168532952231824,-0.0022978635212639,0.0145554317019185,0.0143638802177563,0.0195876004684703,0.0158102606489467,0.0043314481693668,0.037209638345722,-0.0023088107243791,0.0791078164207957,0.0684031651255871,0.3571428571428571,0.3095238095238095,0.2142857142857142,0.2738095238095238,0.1088097392327921,-0.0600784334214024,994.1428571428572,3300.285714285714,3.5,0.014321744726468,0.0025962896273563,0.0,0.0
1m,1,0.1,0,0.05,entry_clean_financing_30d,21,out_of_sample,14,12,,,1,-0.04080984092665,0.0011645846651252,-0.0170096725289041,-0.0030522170429315,0.0139574554859726,0.0143638802177563,0.0195876004684703,0.0158102606489467,0.0043314481693668,0.037209638345722,-0.0023088107243791,0.0791078164207957,0.0684031651255871,0.3571428571428571,0.3095238095238095,0.2142857142857142,0.2738095238095238,0.1088097392327921,-0.0600784334214024,994.1428571428572,3300.285714285714,3.5,0.014321744726468,0.0025962896273563,0.0,0.0
1m,1,0.1,0,0.1,entry_clean_financing_30d,21,out_of_sample,14,12,,,1,-0.041697085371786,0.0015129805644331,-0.0173224271403474,-0.0045609240862666,0.0127615030540807,0.0143638802177563,0.0195876004684703,0.0158102606489467,0.0043314481693668,0.037209638345722,-0.0023088107243791,0.0791078164207957,0.0684031651255871,0.3571428571428571,0.3095238095238095,0.2142857142857142,0.2738095238095238,0.1088097392327921,-0.0600784334214024,994.1428571428572,3300.285714285714,3.5,0.014321744726468,0.0025962896273563,0.0,0.0
1m,1,0.1,3,0.0,entry_clean_financing_30d,21,out_of_sample,17,15,,,1,-0.0325692603534822,0.000434283074091,-0.0138378038663664,-0.0007224030812003,0.013115400785166,0.0124970446797499,0.0171319488470909,0.0131200693460553,0.0039123583276034,0.0265601619403789,-0.0051659841462418,0.072034072798913,0.0711149841380461,0.2941176470588235,0.3333333333333332,0.2352941176470588,0.2941176470588235,0.0961028504997055,-0.0574044107223596,821.1176470588235,2717.8823529411766,2.8823529411764706,0.0117943780100325,0.0021381208695876,0.0,0.0
1m,1,0.1,3,0.025,entry_clean_financing_30d,21,out_of_sample,17,15,,,1,-0.0329789924380938,0.0006205264893685,-0.0139521240376441,-0.0013628309318454,0.0125892931057987,0.0124970446797499,0.0171319488470909,0.0131200693460553,0.0039123583276034,0.0265601619403789,-0.0051659841462418,0.072034072798913,0.0711149841380461,0.2941176470588235,0.3333333333333332,0.2352941176470588,0.2941176470588235,0.0961028504997055,-0.0574044107223596,821.1176470588235,2717.8823529411766,2.8823529411764706,0.0117943780100325,0.0021381208695876,0.0,0.0
1m,1,0.1,3,0.05,entry_clean_financing_30d,21,out_of_sample,17,15,,,1,-0.0333971744963436,0.000807210607784,-0.0140664442089219,-0.0020032587824905,0.0120631854264313,0.0124970446797499,0.0171319488470909,0.0131200693460553,0.0039123583276034,0.0265601619403789,-0.0051659841462418,0.072034072798913,0.0711149841380461,0.2941176470588235,0.3333333333333332,0.2352941176470588,0.2941176470588235,0.0961028504997055,-0.0574044107223596,821.1176470588235,2717.8823529411766,2.8823529411764706,0.0117943780100325,0.0021381208695876,0.0,0.0
1m,1,0.1,3,0.1,entry_clean_financing_30d,21,out_of_sample,17,15,,,1,-0.0341343220221717,0.0011066866684112,-0.0142950845514774,-0.0032841144837808,0.0110109700676966,0.0124970446797499,0.0171319488470909,0.0131200693460553,0.0039123583276034,0.0265601619403789,-0.0051659841462418,0.072034072798913,0.0711149841380461,0.2941176470588235,0.3333333333333332,0.2352941176470588,0.2941176470588235,0.0961028504997055,-0.0574044107223596,821.1176470588235,2717.8823529411766,2.8823529411764706,0.0117943780100325,0.0021381208695876,0.0,0.0
3-6m,0,0.03,0,0.0,entry_clean_financing_30d,21,out_of_sample,17,15,,,1,-0.0801020290725567,-0.0016398519618308,-0.0421220964770014,-0.0151112004475974,0.0270108960294039,0.0798278837909214,0.0833746841456009,0.094821440439782,0.0562476226952726,0.0377824187074937,-0.045789288274094,0.0819019901883351,0.0832906332677364,0.4117647058823529,0.1568627450980392,0.2352941176470588,0.392156862745098,0.101517166961822,-0.0549590004057808,178.0,304.11764705882354,0.8235294117647058,0.032961924997854,0.0081902297115945,0.0,0.0
3-6m,0,0.03,0,0.025,entry_clean_financing_30d,21,out_of_sample,17,15,,,1,-0.0818438796231047,-0.0015574414827417,-0.0429977719117471,-0.019477433553365,0.0235203383583821,0.0798278837909214,0.0833746841456009,0.094821440439782,0.0562476226952726,0.0377824187074937,-0.045789288274094,0.0819019901883351,0.0832906332677364,0.4117647058823529,0.1568627450980392,0.2352941176470588,0.392156862745098,0.101517166961822,-0.0549590004057808,178.0,304.11764705882354,0.8235294117647058,0.032961924997854,0.0081902297115945,0.0,0.0
3-6m,0,0.03,0,0.05,entry_clean_financing_30d,21,out_of_sample,17,15,,,1,-0.0836173877670079,-0.0014132013971031,-0.0438734473464929,-0.0238436666591326,0.0200297806873602,0.0798278837909214,0.0833746841456009,0.094821440439782,0.0562476226952726,0.0377824187074937,-0.045789288274094,0.0819019901883351,0.0832906332677364,0.4117647058823529,0.1568627450980392,0.2352941176470588,0.392156862745098,0.101517166961822,-0.0549590004057808,178.0,304.11764705882354,0.8235294117647058,0.032961924997854,0.0081902297115945,0.0,0.0
3-6m,0,0.03,0,0.1,entry_clean_financing_30d,21,out_of_sample,17,15,,,1,-0.0873913464412729,-0.0013028138045878,-0.0456247982159844,-0.0325761328706678,0.0130486653453166,0.0798278837909214,0.0833746841456009,0.094821440439782,0.0562476226952726,0.0377824187074937,-0.045789288274094,0.0819019901883351,0.0832906332677364,0.4117647058823529,0.1568627450980392,0.2352941176470588,0.392156862745098,0.101517166961822,-0.0549590004057808,178.0,304.11764705882354,0.8235294117647058,0.032961924997854,0.0081902297115945,0.0,0.0
3-6m,0,0.1,0,0.0,entry_clean_financing_30d,21,out_of_sample,16,14,,,1,-0.0679866808239176,-0.0056487286507055,-0.0366315471336175,-0.0145189791729899,0.0221125679606276,0.0598501655137288,0.062589937383554,0.0742621839271286,0.0403719336120695,0.0499576104204188,-0.0434378818507115,0.0837802196349419,0.0850428121555397,0.5,0.1666666666666666,0.1875,0.4062499999999999,0.1131147694889424,-0.0506508156565151,400.5,1877.0,2.3125,0.0085986479895615,0.0003401586300733,0.0,0.0
3-6m,0,0.1,0,0.025,entry_clean_financing_30d,21,out_of_sample,16,14,,,1,-0.0695269967841546,-0.0057336885158591,-0.0374103090947484,-0.0178717879090113,0.019538521185737,0.0598501655137288,0.062589937383554,0.0742621839271286,0.0403719336120695,0.0499576104204188,-0.0434378818507115,0.0837802196349419,0.0850428121555397,0.5,0.1666666666666666,0.1875,0.4062499999999999,0.1131147694889424,-0.0506508156565151,400.5,1877.0,2.3125,0.0085986479895615,0.0003401586300733,0.0,0.0
3-6m,0,0.1,0,0.05,entry_clean_financing_30d,21,out_of_sample,16,14,,,1,-0.0710278621779147,-0.0058640972530009,-0.0381890710558792,-0.0212245966450327,0.0169644744108464,0.0598501655137288,0.062589937383554,0.0742621839271286,0.0403719336120695,0.0499576104204188,-0.0434378818507115,0.0837802196349419,0.0850428121555397,0.5,0.1666666666666666,0.1875,0.4062499999999999,0.1131147694889424,-0.0506508156565151,400.5,1877.0,2.3125,0.0085986479895615,0.0003401586300733,0.0,0.0
3-6m,0,0.1,0,0.1,entry_clean_financing_30d,21,out_of_sample,16,14,,,1,-0.074201294504786,-0.0062083731142266,-0.0397465949781409,-0.0279302141170756,0.0118163808610652,0.0598501655137288,0.062589937383554,0.0742621839271286,0.0403719336120695,0.0499576104204188,-0.0434378818507115,0.0837802196349419,0.0850428121555397,0.5,0.1666666666666666,0.1875,0.4062499999999999,0.1131147694889424,-0.0506508156565151,400.5,1877.0,2.3125,0.0085986479895615,0.0003401586300733,0.0,0.0
3-6m,1,0.03,0,0.0,entry_clean_financing_30d,21,out_of_sample,18,16,,,1,-0.0734268075606227,0.0026078550472774,-0.0351051007571778,-0.0160017103450659,0.0191033904121118,0.0789307764256384,0.080498564448024,0.0948196465525549,0.0612833174119072,0.0381267951612094,-0.0367925670187497,0.0837560542493654,0.090781185337023,0.3888888888888889,0.3055555555555556,0.2222222222222222,0.4537037037037036,0.1066414111883654,-0.0499792736351063,132.38888888888889,552.5555555555555,0.7222222222222222,0.0376154474324961,0.0122730704269456,0.0,0.0
3-6m,1,0.03,0,0.025,entry_clean_financing_30d,21,out_of_sample,18,16,,,1,-0.0749203632680581,0.0026437051677267,-0.0359043142851343,-0.0203454709195207,0.0155588433656135,0.0789307764256384,0.080498564448024,0.0948196465525549,0.0612833174119072,0.0381267951612094,-0.0367925670187497,0.0837560542493654,0.090781185337023,0.3888888888888889,0.3055555555555556,0.2222222222222222,0.4537037037037036,0.1066414111883654,-0.0499792736351063,132.38888888888889,552.5555555555555,0.7222222222222222,0.0376154474324961,0.0122730704269456,0.0,0.0
3-6m,1,0.03,0,0.05,entry_clean_financing_30d,21,out_of_sample,18,16,,,1,-0.0764521572873054,0.0026514570753683,-0.0367035278130909,-0.0246892314939756,0.0120142963191152,0.0789307764256384,0.080498564448024,0.0948196465525549,0.0612833174119072,0.0381267951612094,-0.0367925670187497,0.0837560542493654,0.090781185337023,0.3888888888888889,0.3055555555555556,0.2222222222222222,0.4537037037037036,0.1066414111883654,-0.0499792736351063,132.38888888888889,552.5555555555555,0.7222222222222222,0.0376154474324961,0.0122730704269456,0.0,0.0
3-6m,1,0.03,0,0.1,entry_clean_financing_30d,21,out_of_sample,18,16,,,1,-0.0794433277654952,0.0026093846967307,-0.038301954869004,-0.0333767526428852,0.0049252022261187,0.0789307764256384,0.080498564448024,0.0948196465525549,0.0612833174119072,0.0381267951612094,-0.0367925670187497,0.0837560542493654,0.090781185337023,0.3888888888888889,0.3055555555555556,0.2222222222222222,0.4537037037037036,0.1066414111883654,-0.0499792736351063,132.38888888888889,552.5555555555555,0.7222222222222222,0.0376154474324961,0.0122730704269456,0.0,0.0
3-6m,1,0.03,3,0.0,entry_clean_financing_30d,21,out_of_sample,18,16,,,1,-0.0734268075606227,0.0026078550472774,-0.0351051007571778,-0.0160017103450659,0.0191033904121118,0.0789307764256384,0.080498564448024,0.0948196465525549,0.0612833174119072,0.0381267951612094,-0.0367925670187497,0.0837560542493654,0.090781185337023,0.3888888888888889,0.3055555555555556,0.2222222222222222,0.4537037037037036,0.1066414111883654,-0.0499792736351063,132.38888888888889,552.5555555555555,0.7222222222222222,0.0376154474324961,0.0122730704269456,0.0,0.0
3-6m,1,0.03,3,0.025,entry_clean_financing_30d,21,out_of_sample,18,16,,,1,-0.0749203632680581,0.0026437051677267,-0.0359043142851343,-0.0203454709195207,0.0155588433656135,0.0789307764256384,0.080498564448024,0.0948196465525549,0.0612833174119072,0.0381267951612094,-0.0367925670187497,0.0837560542493654,0.090781185337023,0.3888888888888889,0.3055555555555556,0.2222222222222222,0.4537037037037036,0.1066414111883654,-0.0499792736351063,132.38888888888889,552.5555555555555,0.7222222222222222,0.0376154474324961,0.0122730704269456,0.0,0.0
3-6m,1,0.03,3,0.05,entry_clean_financing_30d,21,out_of_sample,18,16,,,1,-0.0764521572873054,0.0026514570753683,-0.0367035278130909,-0.0246892314939756,0.0120142963191152,0.0789307764256384,0.080498564448024,0.0948196465525549,0.0612833174119072,0.0381267951612094,-0.0367925670187497,0.0837560542493654,0.090781185337023,0.3888888888888889,0.3055555555555556,0.2222222222222222,0.4537037037037036,0.1066414111883654,-0.0499792736351063,132.38888888888889,552.5555555555555,0.7222222222222222,0.0376154474324961,0.0122730704269456,0.0,0.0
3-6m,1,0.03,3,0.1,entry_clean_financing_30d,21,out_of_sample,18,16,,,1,-0.0794433277654952,0.0026093846967307,-0.038301954869004,-0.0333767526428852,0.0049252022261187,0.0789307764256384,0.080498564448024,0.0948196465525549,0.0612833174119072,0.0381267951612094,-0.0367925670187497,0.0837560542493654,0.090781185337023,0.3888888888888889,0.3055555555555556,0.2222222222222222,0.4537037037037036,0.1066414111883654,-0.0499792736351063,132.38888888888889,552.5555555555555,0.7222222222222222,0.0376154474324961,0.0122730704269456,0.0,0.0
3-6m,1,0.05,0,0.0,entry_clean_financing_30d,21,out_of_sample,19,17,,,1,-0.0701167403300882,-0.0042426245917095,-0.0368407405969843,-0.0143522802627889,0.0224884603341954,0.0724695862840713,0.0735967261293231,0.0867125370286038,0.0510005794858144,0.0385521164716896,-0.0498818708583531,0.0817798356078374,0.1001698064431204,0.3684210526315789,0.2894736842105263,0.2105263157894736,0.4824561403508771,0.1034607000763637,-0.0523360558684388,476.1578947368421,353.4736842105263,0.8421052631578947,0.0245466691184313,0.0056809607788586,0.0,0.0
3-6m,1,0.05,0,0.025,entry_clean_financing_30d,21,out_of_sample,19,17,,,1,-0.0715830760649711,-0.0044078244143255,-0.0377053610394228,-0.0183318333456058,0.019373527693817,0.0724695862840713,0.0735967261293231,0.0867125370286038,0.0510005794858144,0.0385521164716896,-0.0498818708583531,0.0817798356078374,0.1001698064431204,0.3684210526315789,0.2894736842105263,0.2105263157894736,0.4824561403508771,0.1034607000763637,-0.0523360558684388,476.1578947368421,353.4736842105263,0.8421052631578947,0.0245466691184313,0.0056809607788586,0.0,0.0
3-6m,1,0.05,0,0.05,entry_clean_financing_30d,21,out_of_sample,19,17,,,1,-0.0730005502639106,-0.0045132523760204,-0.0385699814818612,-0.0223113864284226,0.0162585950534385,0.0724695862840713,0.0735967261293231,0.0867125370286038,0.0510005794858144,0.0385521164716896,-0.0498818708583531,0.0817798356078374,0.1001698064431204,0.3684210526315789,0.2894736842105263,0.2105263157894736,0.4824561403508771,0.1034607000763637,-0.0523360558684388,476.1578947368421,353.4736842105263,0.8421052631578947,0.0245466691184313,0.0056809607788586,0.0,0.0
3-6m,1,0.05,0,0.1,entry_clean_financing_30d,21,out_of_sample,19,17,,,1,-0.0755405252263346,-0.0049532169280849,-0.0402992223667381,-0.0302704925940564,0.0100287297726816,0.0724695862840713,0.0735967261293231,0.0867125370286038,0.0510005794858144,0.0385521164716896,-0.0498818708583531,0.0817798356078374,0.1001698064431204,0.3684210526315789,0.2894736842105263,0.2105263157894736,0.4824561403508771,0.1034607000763637,-0.0523360558684388,476.1578947368421,353.4736842105263,0.8421052631578947,0.0245466691184313,0.0056809607788586,0.0,0.0
3-6m,1,0.05,3,0.0,entry_clean_financing_30d,21,out_of_sample,19,17,,,1,-0.0691155134174847,-0.0028177133260724,-0.0356689315297834,-0.0143522802627889,0.0213166512669945,0.0724695862840713,0.0737028793046892,0.0867125370286038,0.0522785188944767,0.0385521164716896,-0.0494522826052388,0.0817798356078374,0.1005993946962346,0.3684210526315789,0.2894736842105263,0.2105263157894736,0.4824561403508771,0.1034607000763637,-0.0523360558684388,476.1578947368421,353.4736842105263,0.8421052631578947,0.0245466691184313,0.0059258707567459,0.0,0.0
3-6m,1,0.05,3,0.025,entry_clean_financing_30d,21,out_of_sample,19,17,,,1,-0.0704981492918956,-0.002894141728828,-0.0364989496576211,-0.0183318333456058,0.0181671163120153,0.0724695862840713,0.0737028793046892,0.0867125370286038,0.0522785188944767,0.0385521164716896,-0.0494522826052388,0.0817798356078374,0.1005993946962346,0.3684210526315789,0.2894736842105263,0.2105263157894736,0.4824561403508771,0.1034607000763637,-0.0523360558684388,476.1578947368421,353.4736842105263,0.8421052631578947,0.0245466691184313,0.0059258707567459,0.0,0.0
3-6m,1,0.05,3,0.05,entry_clean_financing_30d,21,out_of_sample,19,17,,,1,-0.071861403958921,-0.0030686468063873,-0.0373289677854589,-0.0223113864284226,0.0150175813570362,0.0724695862840713,0.0737028793046892,0.0867125370286038,0.0522785188944767,0.0385521164716896,-0.0494522826052388,0.0817798356078374,0.1005993946962346,0.3684210526315789,0.2894736842105263,0.2105263157894736,0.4824561403508771,0.1034607000763637,-0.0523360558684388,476.1578947368421,353.4736842105263,0.8421052631578947,0.0245466691184313,0.0059258707567459,0.0,0.0
3-6m,1,0.05,3,0.1,entry_clean_financing_30d,21,out_of_sample,19,17,,,1,-0.0743611092397516,-0.003309138685694,-0.0389890040411343,-0.0302704925940564,0.0087185114470779,0.0724695862840713,0.0737028793046892,0.0867125370286038,0.0522785188944767,0.0385521164716896,-0.0494522826052388,0.0817798356078374,0.1005993946962346,0.3684210526315789,0.2894736842105263,0.2105263157894736,0.4824561403508771,0.1034607000763637,-0.0523360558684388,476.1578947368421,353.4736842105263,0.8421052631578947,0.0245466691184313,0.0059258707567459,0.0,0.0
3-6m,1,0.1,0,0.0,entry_clean_financing_30d,21,out_of_sample,17,15,,,1,-0.0636232492346459,-0.0011853710825218,-0.0318125471283873,-0.0144057175775356,0.0174068295508516,0.0554409870241258,0.0579263547544228,0.0697296008493035,0.0404037437512839,0.0466847221333638,-0.0428199467849865,0.0823677066543037,0.0922581439446552,0.4117647058823529,0.2647058823529412,0.1764705882352941,0.480392156862745,0.1129144353759162,-0.046604056592147,451.8235294117647,377.52941176470586,1.411764705882353,0.0114443031812991,0.0008728783809545,0.0,0.0
3-6m,1,0.1,0,0.025,entry_clean_financing_30d,21,out_of_sample,17,15,,,1,-0.0649790572208916,-0.0014014079686106,-0.0324835593625803,-0.0175349822743714,0.0149485770882089,0.0554409870241258,0.0579263547544228,0.0697296008493035,0.0404037437512839,0.0466847221333638,-0.0428199467849865,0.0823677066543037,0.0922581439446552,0.4117647058823529,0.2647058823529412,0.1764705882352941,0.480392156862745,0.1129144353759162,-0.046604056592147,451.8235294117647,377.52941176470586,1.411764705882353,0.0114443031812991,0.0008728783809545,0.0,0.0
3-6m,1,0.1,0,0.05,entry_clean_financing_30d,21,out_of_sample,17,15,,,1,-0.0660394072680761,-0.0015469580719994,-0.0331545715967734,-0.0206642469712071,0.0124903246255662,0.0554409870241258,0.0579263547544228,0.0697296008493035,0.0404037437512839,0.0466847221333638,-0.0428199467849865,0.0823677066543037,0.0922581439446552,0.4117647058823529,0.2647058823529412,0.1764705882352941,0.480392156862745,0.1129144353759162,-0.046604056592147,451.8235294117647,377.52941176470586,1.411764705882353,0.0114443031812991,0.0008728783809545,0.0,0.0
3-6m,1,0.1,0,0.1,entry_clean_financing_30d,21,out_of_sample,17,15,,,1,-0.0683130779413674,-0.0018396136026609,-0.0344965960651595,-0.0269227763648786,0.0075738197002809,0.0554409870241258,0.0579263547544228,0.0697296008493035,0.0404037437512839,0.0466847221333638,-0.0428199467849865,0.0823677066543037,0.0922581439446552,0.4117647058823529,0.2647058823529412,0.1764705882352941,0.480392156862745,0.1129144353759162,-0.046604056592147,451.8235294117647,377.52941176470586,1.411764705882353,0.0114443031812991,0.0008728783809545,0.0,0.0
3-6m,1,0.1,3,0.0,entry_clean_financing_30d,21,out_of_sample,18,16,,,1,-0.0598728482277027,0.0004964615515747,-0.0283476115380427,-0.012636584176638,0.0157110273614046,0.0535976081699965,0.0563096536079254,0.0661213521284851,0.0404867696225159,0.0381267951612094,-0.0367925670187497,0.0837560542493654,0.090781185337023,0.3888888888888889,0.3055555555555556,0.2222222222222222,0.4537037037037036,0.1066414111883654,-0.0499792736351063,428.0,356.55555555555554,1.3333333333333333,0.0108085085601158,0.0008243851375681,0.0,0.0
3-6m,1,0.1,3,0.025,entry_clean_financing_30d,21,out_of_sample,18,16,,,1,-0.0610093267928597,0.0006070915482829,-0.0289206749647437,-0.0156295581841,0.0132911167806436,0.0535976081699965,0.0563096536079254,0.0661213521284851,0.0404867696225159,0.0381267951612094,-0.0367925670187497,0.0837560542493654,0.090781185337023,0.3888888888888889,0.3055555555555556,0.2222222222222222,0.4537037037037036,0.1066414111883654,-0.0499792736351063,428.0,356.55555555555554,1.3333333333333333,0.0108085085601158,0.0008243851375681,0.0,0.0
3-6m,1,0.1,3,0.05,entry_clean_financing_30d,21,out_of_sample,18,16,,,1,-0.0621566545816499,0.000729321660311,-0.0294937383914447,-0.0186225321915621,0.0108712061998825,0.0535976081699965,0.0563096536079254,0.0661213521284851,0.0404867696225159,0.0381267951612094,-0.0367925670187497,0.0837560542493654,0.090781185337023,0.3888888888888889,0.3055555555555556,0.2222222222222222,0.4537037037037036,0.1066414111883654,-0.0499792736351063,428.0,356.55555555555554,1.3333333333333333,0.0108085085601158,0.0008243851375681,0.0,0.0
3-6m,1,0.1,3,0.1,entry_clean_financing_30d,21,out_of_sample,18,16,,,1,-0.0643318312377343,0.0008803225531832,-0.0306398652448467,-0.0246084802064862,0.0060313850383605,0.0535976081699965,0.0563096536079254,0.0661213521284851,0.0404867696225159,0.0381267951612094,-0.0367925670187497,0.0837560542493654,0.090781185337023,0.3888888888888889,0.3055555555555556,0.2222222222222222,0.4537037037037036,0.1066414111883654,-0.0499792736351063,428.0,356.55555555555554,1.3333333333333333,0.0108085085601158,0.0008243851375681,0.0,0.0
1m,0,0.05,0,0.0,all_disclosures_30d,21,out_of_sample,6,6,,,1,-0.0619067085683189,0.0310316352481711,-0.0130290174981681,0.0006897847696483,0.0137188022678164,0.0206827659171878,0.0286180563959033,0.0199249603455138,0.0148316417103184,0.0161192187652969,-0.0341489636597792,0.0765666294310456,0.0664135073896439,0.1666666666666666,0.0833333333333333,0.3333333333333333,0.3333333333333333,0.1018386313920443,-0.0658962177949287,2281.6666666666665,7135.0,6.333333333333333,0.0184975284153521,0.0089693574739088,0.0,0.0
1m,0,0.05,0,0.025,all_disclosures_30d,21,out_of_sample,6,6,,,1,-0.0630037842094555,0.0322126335258176,-0.0129579682020801,-0.0003254083869192,0.0126325598151609,0.0206827659171878,0.0286180563959033,0.0199249603455138,0.0148316417103184,0.0161192187652969,-0.0341489636597792,0.0765666294310456,0.0664135073896439,0.1666666666666666,0.0833333333333333,0.3333333333333333,0.3333333333333333,0.1018386313920443,-0.0658962177949287,2281.6666666666665,7135.0,6.333333333333333,0.0184975284153521,0.0089693574739088,0.0,0.0
1m,0,0.05,0,0.05,all_disclosures_30d,21,out_of_sample,6,6,,,1,-0.064100859850592,0.0333936318034641,-0.0128869189059921,-0.0013406015434867,0.0115463173625053,0.0206827659171878,0.0286180563959033,0.0199249603455138,0.0148316417103184,0.0161192187652969,-0.0341489636597792,0.0765666294310456,0.0664135073896439,0.1666666666666666,0.0833333333333333,0.3333333333333333,0.3333333333333333,0.1018386313920443,-0.0658962177949287,2281.6666666666665,7135.0,6.333333333333333,0.0184975284153521,0.0089693574739088,0.0,0.0
1m,0,0.05,0,0.1,all_disclosures_30d,21,out_of_sample,6,6,,,1,-0.0662950111328651,0.035755628358757,-0.0127448203138161,-0.0033709878566218,0.0093738324571943,0.0206827659171878,0.0286180563959033,0.0199249603455138,0.0148316417103184,0.0161192187652969,-0.0341489636597792,0.0765666294310456,0.0664135073896439,0.1666666666666666,0.0833333333333333,0.3333333333333333,0.3333333333333333,0.1018386313920443,-0.0658962177949287,2281.6666666666665,7135.0,6.333333333333333,0.0184975284153521,0.0089693574739088,0.0,0.0
1m,0,0.1,0,0.0,all_disclosures_30d,21,out_of_sample,4,4,,,2,,,-0.0128087374729927,-0.0028602587875723,0.0099484786854203,0.0139528058781086,0.0227901239947069,0.0167445321366551,0.0127743946245017,0.0074103207877474,-0.0528291293238107,0.0980814367863704,0.0989012887847874,0.25,0.125,0.5,0.4166666666666666,0.134968233825396,-0.0789375184223129,1284.5,1936.25,5.75,0.0159393595919523,0.0072021606481944,0.0,0.0
1m,0,0.1,0,0.025,all_disclosures_30d,21,out_of_sample,4,4,,,2,,,-0.0126870579578816,-0.0036276922379414,0.0090593657199401,0.0139528058781086,0.0227901239947069,0.0167445321366551,0.0127743946245017,0.0074103207877474,-0.0528291293238107,0.0980814367863704,0.0989012887847874,0.25,0.125,0.5,0.4166666666666666,0.134968233825396,-0.0789375184223129,1284.5,1936.25,5.75,0.0159393595919523,0.0072021606481944,0.0,0.0
1m,0,0.1,0,0.05,all_disclosures_30d,21,out_of_sample,4,4,,,2,,,-0.0125653784427704,-0.0043951256883105,0.0081702527544599,0.0139528058781086,0.0227901239947069,0.0167445321366551,0.0127743946245017,0.0074103207877474,-0.0528291293238107,0.0980814367863704,0.0989012887847874,0.25,0.125,0.5,0.4166666666666666,0.134968233825396,-0.0789375184223129,1284.5,1936.25,5.75,0.0159393595919523,0.0072021606481944,0.0,0.0
1m,0,0.1,0,0.1,all_disclosures_30d,21,out_of_sample,4,4,,,2,,,-0.0123220194125482,-0.0059299925890487,0.0063920268234995,0.0139528058781086,0.0227901239947069,0.0167445321366551,0.0127743946245017,0.0074103207877474,-0.0528291293238107,0.0980814367863704,0.0989012887847874,0.25,0.125,0.5,0.4166666666666666,0.134968233825396,-0.0789375184223129,1284.5,1936.25,5.75,0.0159393595919523,0.0072021606481944,0.0,0.0
1m,0,0.1,3,0.0,all_disclosures_30d,21,out_of_sample,4,4,,,2,,,-0.0119308054785707,-0.0028602587875723,0.0090705466909984,0.0139528058781086,0.0218769172207105,0.0167445321366551,0.0127392495607812,0.0074103207877474,-0.0563851539733726,0.0980814367863704,0.1024573134343493,0.25,0.125,0.5,0.4166666666666666,0.134968233825396,-0.0789375184223129,1284.5,1936.25,5.75,0.0159393595919523,0.0072021606481944,0.0,0.0
1m,0,0.1,3,0.025,all_disclosures_30d,21,out_of_sample,4,4,,,2,,,-0.0118328347594025,-0.0036276922379414,0.0082051425214611,0.0139528058781086,0.0218769172207105,0.0167445321366551,0.0127392495607812,0.0074103207877474,-0.0563851539733726,0.0980814367863704,0.1024573134343493,0.25,0.125,0.5,0.4166666666666666,0.134968233825396,-0.0789375184223129,1284.5,1936.25,5.75,0.0159393595919523,0.0072021606481944,0.0,0.0
1m,0,0.1,3,0.05,all_disclosures_30d,21,out_of_sample,4,4,,,2,,,-0.0117348640402343,-0.0043951256883105,0.0073397383519238,0.0139528058781086,0.0218769172207105,0.0167445321366551,0.0127392495607812,0.0074103207877474,-0.0563851539733726,0.0980814367863704,0.1024573134343493,0.25,0.125,0.5,0.4166666666666666,0.134968233825396,-0.0789375184223129,1284.5,1936.25,5.75,0.0159393595919523,0.0072021606481944,0.0,0.0
1m,0,0.1,3,0.1,all_disclosures_30d,21,out_of_sample,4,4,,,2,,,-0.0115389226018979,-0.0059299925890487,0.0056089300128492,0.0139528058781086,0.0218769172207105,0.0167445321366551,0.0127392495607812,0.0074103207877474,-0.0563851539733726,0.0980814367863704,0.1024573134343493,0.25,0.125,0.5,0.4166666666666666,0.134968233825396,-0.0789375184223129,1284.5,1936.25,5.75,0.0159393595919523,0.0072021606481944,0.0,0.0
1m,1,0.05,0,0.0,all_disclosures_30d,21,out_of_sample,7,7,,,1,-0.0879172944727138,0.0083342333977135,-0.0342972139078228,-0.0064813527200306,0.0278158611877921,0.0261521659512171,0.0352305191520158,0.0325549355236119,0.0073422349644663,0.031220443812092,-0.0680172621088805,0.0919025991630747,0.0997654620203232,0.4285714285714285,0.1428571428571428,0.4285714285714285,0.4523809523809524,0.1413900664222822,-0.063301109352342,1081.857142857143,572.1428571428571,5.0,0.0325154024499543,0.006065362709046,0.0,0.0
1m,1,0.05,0,0.025,all_disclosures_30d,21,out_of_sample,7,7,,,1,-0.0894412201485765,0.0087680820627647,-0.0347005725917814,-0.0079490302569013,0.0267515423348801,0.0261521659512171,0.0352305191520158,0.0325549355236119,0.0073422349644663,0.031220443812092,-0.0680172621088805,0.0919025991630747,0.0997654620203232,0.4285714285714285,0.1428571428571428,0.4285714285714285,0.4523809523809524,0.1413900664222822,-0.063301109352342,1081.857142857143,572.1428571428571,5.0,0.0325154024499543,0.006065362709046,0.0,0.0
1m,1,0.05,0,0.05,all_disclosures_30d,21,out_of_sample,7,7,,,1,-0.0909632669513076,0.0092000518546843,-0.0351039312757401,-0.009416707793772,0.025687223481968,0.0261521659512171,0.0352305191520158,0.0325549355236119,0.0073422349644663,0.031220443812092,-0.0680172621088805,0.0919025991630747,0.0997654620203232,0.4285714285714285,0.1428571428571428,0.4285714285714285,0.4523809523809524,0.1413900664222822,-0.063301109352342,1081.857142857143,572.1428571428571,5.0,0.0325154024499543,0.006065362709046,0.0,0.0
1m,1,0.05,0,0.1,all_disclosures_30d,21,out_of_sample,7,7,,,1,-0.0940073605567697,0.0101254534888752,-0.0359106486436574,-0.0123520628675135,0.0235585857761439,0.0261521659512171,0.0352305191520158,0.0325549355236119,0.0073422349644663,0.031220443812092,-0.0680172621088805,0.0919025991630747,0.0997654620203232,0.4285714285714285,0.1428571428571428,0.4285714285714285,0.4523809523809524,0.1413900664222822,-0.063301109352342,1081.857142857143,572.1428571428571,5.0,0.0325154024499543,0.006065362709046,0.0,0.0
1m,1,0.1,0,0.0,all_disclosures_30d,21,out_of_sample,5,5,,,1,-0.0675695972192058,-0.0021048953912969,-0.0313846930049209,-0.0051024054960353,0.0262822875088855,0.0204028755642137,0.0284763421647224,0.02540558539311,0.002102791896033,0.0536560709391422,-0.0917990616965323,0.1091846644587482,0.1186379170985678,0.6,0.1,0.4,0.5,0.1832631578848183,-0.069750002552512,1271.6,1261.6,5.4,0.0230261457289435,7.050765511683438e-05,0.0,0.0
1m,1,0.1,0,0.025,all_disclosures_30d,21,out_of_sample,5,5,,,1,-0.0688087224399813,-0.0017574774184655,-0.0317654261773351,-0.0062476170199684,0.0255178091573667,0.0204028755642137,0.0284763421647224,0.02540558539311,0.002102791896033,0.0536560709391422,-0.0917990616965323,0.1091846644587482,0.1186379170985678,0.6,0.1,0.4,0.5,0.1832631578848183,-0.069750002552512,1271.6,1261.6,5.4,0.0230261457289435,7.050765511683438e-05,0.0,0.0
1m,1,0.1,0,0.05,all_disclosures_30d,21,out_of_sample,5,5,,,1,-0.0700478476607567,-0.001410059445634,-0.0321461593497493,-0.0073928285439015,0.0247533308058478,0.0204028755642137,0.0284763421647224,0.02540558539311,0.002102791896033,0.0536560709391422,-0.0917990616965323,0.1091846644587482,0.1186379170985678,0.6,0.1,0.4,0.5,0.1832631578848183,-0.069750002552512,1271.6,1261.6,5.4,0.0230261457289435,7.050765511683438e-05,0.0,0.0
1m,1,0.1,0,0.1,all_disclosures_30d,21,out_of_sample,5,5,,,1,-0.0725260981023076,-0.0007152234999711,-0.0329076256945777,-0.0096832515917677,0.02322437410281,0.0204028755642137,0.0284763421647224,0.02540558539311,0.002102791896033,0.0536560709391422,-0.0917990616965323,0.1091846644587482,0.1186379170985678,0.6,0.1,0.4,0.5,0.1832631578848183,-0.069750002552512,1271.6,1261.6,5.4,0.0230261457289435,7.050765511683438e-05,0.0,0.0
1m,1,0.1,3,0.0,all_disclosures_30d,21,out_of_sample,7,7,,,1,-0.0524995680248313,0.001135772663058,-0.021441414311764,-0.0025166554935386,0.0189247588182254,0.015920727477661,0.0215615494435572,0.0183587998235638,0.0025641007942545,0.031220443812092,-0.0572387653432683,0.0919025991630747,0.1020695861306935,0.4285714285714285,0.2142857142857142,0.4285714285714285,0.3809523809523809,0.1413900664222822,-0.063301109352342,908.5714285714286,901.1428571428572,3.857142857142857,0.0164472469492453,5.036261079773885e-05,0.0,0.0
1m,1,0.1,3,0.025,all_disclosures_30d,21,out_of_sample,7,7,,,1,-0.0534717145287853,0.001341983214656,-0.0216952612383494,-0.0033736436760692,0.0183216175622801,0.015920727477661,0.0215615494435572,0.0183587998235638,0.0025641007942545,0.031220443812092,-0.0572387653432683,0.0919025991630747,0.1020695861306935,0.4285714285714285,0.2142857142857142,0.4285714285714285,0.3809523809523809,0.1413900664222822,-0.063301109352342,908.5714285714286,901.1428571428572,3.857142857142857,0.0164472469492453,5.036261079773885e-05,0.0,0.0
1m,1,0.1,3,0.05,all_disclosures_30d,21,out_of_sample,7,7,,,1,-0.0544438610327394,0.0015436690744376,-0.0219491081649347,-0.0042306318585998,0.0177184763063348,0.015920727477661,0.0215615494435572,0.0183587998235638,0.0025641007942545,0.031220443812092,-0.0572387653432683,0.0919025991630747,0.1020695861306935,0.4285714285714285,0.2142857142857142,0.4285714285714285,0.3809523809523809,0.1413900664222822,-0.063301109352342,908.5714285714286,901.1428571428572,3.857142857142857,0.0164472469492453,5.036261079773885e-05,0.0,0.0
1m,1,0.1,3,0.1,all_disclosures_30d,21,out_of_sample,7,7,,,1,-0.0563881540406475,0.0019531871285053,-0.0224568020181053,-0.0059446082236611,0.0165121937944442,0.015920727477661,0.0215615494435572,0.0183587998235638,0.0025641007942545,0.031220443812092,-0.0572387653432683,0.0919025991630747,0.1020695861306935,0.4285714285714285,0.2142857142857142,0.4285714285714285,0.3809523809523809,0.1413900664222822,-0.063301109352342,908.5714285714286,901.1428571428572,3.857142857142857,0.0164472469492453,5.036261079773885e-05,0.0,0.0
2m,1,0.05,0,0.0,all_disclosures_30d,21,out_of_sample,7,7,,,1,-0.1120293076064845,0.0010153829998995,-0.0505888593878502,-0.0160460262929446,0.0345428330949056,0.0444378015701552,0.053799513920966,0.0604188515140254,0.0191983842453043,0.0529377307130586,-0.0750007367141961,0.0926010117984914,0.0957065755384311,0.4285714285714285,0.0714285714285714,0.2857142857142857,0.4285714285714285,0.1533925869404666,-0.0467039010825701,1355.857142857143,865.0,4.428571428571429,0.0312076282588348,0.0036476919534937,0.0,0.0
2m,1,0.05,0,0.025,all_disclosures_30d,21,out_of_sample,7,7,,,1,-0.1140707703667882,0.0013802557161013,-0.051385328260798,-0.0186674426200491,0.0327178856407488,0.0444378015701552,0.053799513920966,0.0604188515140254,0.0191983842453043,0.0529377307130586,-0.0750007367141961,0.0926010117984914,0.0957065755384311,0.4285714285714285,0.0714285714285714,0.2857142857142857,0.4285714285714285,0.1533925869404666,-0.0467039010825701,1355.857142857143,865.0,4.428571428571429,0.0312076282588348,0.0036476919534937,0.0,0.0
2m,1,0.05,0,0.05,all_disclosures_30d,21,out_of_sample,7,7,,,1,-0.1162085008663747,0.0017451284323031,-0.0521817971337458,-0.0212888589471536,0.0308929381865921,0.0444378015701552,0.053799513920966,0.0604188515140254,0.0191983842453043,0.0529377307130586,-0.0750007367141961,0.0926010117984914,0.0957065755384311,0.4285714285714285,0.0714285714285714,0.2857142857142857,0.4285714285714285,0.1533925869404666,-0.0467039010825701,1355.857142857143,865.0,4.428571428571429,0.0312076282588348,0.0036476919534937,0.0,0.0
2m,1,0.05,0,0.1,all_disclosures_30d,21,out_of_sample,7,7,,,1,-0.1204839618655478,0.0024748738647068,-0.0537747348796412,-0.0265316916013627,0.0272430432782785,0.0444378015701552,0.053799513920966,0.0604188515140254,0.0191983842453043,0.0529377307130586,-0.0750007367141961,0.0926010117984914,0.0957065755384311,0.4285714285714285,0.0714285714285714,0.2857142857142857,0.4285714285714285,0.1533925869404666,-0.0467039010825701,1355.857142857143,865.0,4.428571428571429,0.0312076282588348,0.0036476919534937,0.0,0.0
3-6m,0,0.03,0,0.0,all_disclosures_30d,21,out_of_sample,5,5,,,2,-0.0922778560603942,0.0226289312263391,-0.0323377588856062,-0.0069279260677619,0.0254098328178442,0.0779024858303081,0.0716764360810583,0.0847538685343884,0.0461928631007999,0.0155005920795798,-0.0694208965466944,0.0880374848784782,0.0839729622004858,0.2,0.0,0.4,0.3,0.1175469225096987,-0.0729228179453344,25.0,351.4,0.0,0.0276715614037363,0.0,0.0,0.0
3-6m,0,0.03,0,0.025,all_disclosures_30d,21,out_of_sample,5,5,,,2,-0.094694231670681,0.0225215240173558,-0.0334574352651772,-0.0109943349268793,0.0224631003382978,0.0779024858303081,0.0716764360810583,0.0847538685343884,0.0461928631007999,0.0155005920795798,-0.0694208965466944,0.0880374848784782,0.0839729622004858,0.2,0.0,0.4,0.3,0.1175469225096987,-0.0729228179453344,25.0,351.4,0.0,0.0276715614037363,0.0,0.0,0.0
3-6m,0,0.03,0,0.05,all_disclosures_30d,21,out_of_sample,5,5,,,2,-0.0971106072809678,0.0224141168083725,-0.0345771116447481,-0.0150607437859967,0.0195163678587513,0.0779024858303081,0.0716764360810583,0.0847538685343884,0.0461928631007999,0.0155005920795798,-0.0694208965466944,0.0880374848784782,0.0839729622004858,0.2,0.0,0.4,0.3,0.1175469225096987,-0.0729228179453344,25.0,351.4,0.0,0.0276715614037363,0.0,0.0,0.0
3-6m,0,0.03,0,0.1,all_disclosures_30d,21,out_of_sample,5,5,,,2,-0.1019433585015415,0.0221993023904058,-0.03681646440389,-0.0231935615042316,0.0136229028996584,0.0779024858303081,0.0716764360810583,0.0847538685343884,0.0461928631007999,0.0155005920795798,-0.0694208965466944,0.0880374848784782,0.0839729622004858,0.2,0.0,0.4,0.3,0.1175469225096987,-0.0729228179453344,25.0,351.4,0.0,0.0276715614037363,0.0,0.0,0.0
3-6m,0,0.05,0,0.0,all_disclosures_30d,21,out_of_sample,5,5,,,2,-0.0806518537087302,0.0263157336711839,-0.0246066283836529,-0.0026034436594252,0.0220031847242276,0.0700927278822242,0.0675253011899636,0.0726196281779677,0.0454483763033218,0.0155005920795798,-0.0694208965466944,0.0880374848784782,0.0839729622004858,0.2,0.0,0.4,0.3,0.1175469225096987,-0.0729228179453344,245.6,148.0,0.8,0.0221970340984225,0.0,0.0,0.0
3-6m,0,0.05,0,0.025,all_disclosures_30d,21,out_of_sample,5,5,,,2,-0.0827330545972956,0.0266371704355106,-0.0253500953478256,-0.00617125256093,0.0191788427868955,0.0700927278822242,0.0675253011899636,0.0726196281779677,0.0454483763033218,0.0155005920795798,-0.0694208965466944,0.0880374848784782,0.0839729622004858,0.2,0.0,0.4,0.3,0.1175469225096987,-0.0729228179453344,245.6,148.0,0.8,0.0221970340984225,0.0,0.0,0.0
3-6m,0,0.05,0,0.05,all_disclosures_30d,21,out_of_sample,5,5,,,2,-0.084814255485861,0.0269586071998373,-0.0260935623119982,-0.0097390614624348,0.0163545008495634,0.0700927278822242,0.0675253011899636,0.0726196281779677,0.0454483763033218,0.0155005920795798,-0.0694208965466944,0.0880374848784782,0.0839729622004858,0.2,0.0,0.4,0.3,0.1175469225096987,-0.0729228179453344,245.6,148.0,0.8,0.0221970340984225,0.0,0.0,0.0
3-6m,0,0.05,0,0.1,all_disclosures_30d,21,out_of_sample,5,5,,,2,-0.0889766572629918,0.0276014807284907,-0.0275804962403436,-0.0168746792654444,0.0107058169748991,0.0700927278822242,0.0675253011899636,0.0726196281779677,0.0454483763033218,0.0155005920795798,-0.0694208965466944,0.0880374848784782,0.0839729622004858,0.2,0.0,0.4,0.3,0.1175469225096987,-0.0729228179453344,245.6,148.0,0.8,0.0221970340984225,0.0,0.0,0.0
3-6m,0,0.1,0,0.0,all_disclosures_30d,21,out_of_sample,5,5,,,2,-0.0679602418061163,0.023927172240719,-0.0207510628311973,-0.0031131689982165,0.0176378938329807,0.0534944254463321,0.049848843511475,0.056531051080867,0.0321372709236918,0.0155005920795798,-0.0759296761502931,0.0880374848784782,0.0904817418040845,0.2,0.0,0.4,0.3,0.1175469225096987,-0.0729228179453344,104.4,182.8,0.4,0.0127514876735619,0.0,0.0,0.0
3-6m,0,0.1,0,0.025,all_disclosures_30d,21,out_of_sample,5,5,,,2,-0.0697265599542216,0.0240403760542177,-0.0214520468834981,-0.0058638059113965,0.0155882409721016,0.0534944254463321,0.049848843511475,0.056531051080867,0.0321372709236918,0.0155005920795798,-0.0759296761502931,0.0880374848784782,0.0904817418040845,0.2,0.0,0.4,0.3,0.1175469225096987,-0.0729228179453344,104.4,182.8,0.4,0.0127514876735619,0.0,0.0,0.0
3-6m,0,0.1,0,0.05,all_disclosures_30d,21,out_of_sample,5,5,,,2,-0.0714928781023268,0.0241535798677165,-0.0221530309357989,-0.0086144428245765,0.0135385881112224,0.0534944254463321,0.049848843511475,0.056531051080867,0.0321372709236918,0.0155005920795798,-0.0759296761502931,0.0880374848784782,0.0904817418040845,0.2,0.0,0.4,0.3,0.1175469225096987,-0.0729228179453344,104.4,182.8,0.4,0.0127514876735619,0.0,0.0,0.0
3-6m,0,0.1,0,0.1,all_disclosures_30d,21,out_of_sample,5,5,,,2,-0.0750255143985372,0.024379987494714,-0.0235549990404006,-0.0141157166509364,0.0094392823894641,0.0534944254463321,0.049848843511475,0.056531051080867,0.0321372709236918,0.0155005920795798,-0.0759296761502931,0.0880374848784782,0.0904817418040845,0.2,0.0,0.4,0.3,0.1175469225096987,-0.0729228179453344,104.4,182.8,0.4,0.0127514876735619,0.0,0.0,0.0
3-6m,0,0.05,0,0.0,entry_clean_financing_30d,21,out_of_sample,20,18,,,1,-0.0614035026155624,0.0024653881986771,-0.0302298900300028,-0.012692627383988,0.0175372626460147,0.06953479842731,0.0694809879510407,0.0821205473880744,0.0518388710404836,0.0350060587648623,-0.0371924951621694,0.0725076945235774,0.0895836100711603,0.4,0.2333333333333333,0.2,0.3333333333333333,0.1006769254477812,-0.048840454847851,187.2,962.2,0.6,0.0214912207320494,0.0072609680835807,0.0,0.0
3-6m,0,0.05,0,0.025,entry_clean_financing_30d,21,out_of_sample,20,18,,,1,-0.0629475080151629,0.0025659673768044,-0.0309882772005993,-0.0164840110293726,0.0145042661712266,0.06953479842731,0.0694809879510407,0.0821205473880744,0.0518388710404836,0.0350060587648623,-0.0371924951621694,0.0725076945235774,0.0895836100711603,0.4,0.2333333333333333,0.2,0.3333333333333333,0.1006769254477812,-0.048840454847851,187.2,962.2,0.6,0.0214912207320494,0.0072609680835807,0.0,0.0
3-6m,0,0.05,0,0.05,entry_clean_financing_30d,21,out_of_sample,20,18,,,1,-0.0645583985979776,0.0026630966147759,-0.0317466643711958,-0.0202753946747572,0.0114712696964385,0.06953479842731,0.0694809879510407,0.0821205473880744,0.0518388710404836,0.0350060587648623,-0.0371924951621694,0.0725076945235774,0.0895836100711603,0.4,0.2333333333333333,0.2,0.3333333333333333,0.1006769254477812,-0.048840454847851,187.2,962.2,0.6,0.0214912207320494,0.0072609680835807,0.0,0.0
3-6m,0,0.05,0,0.1,entry_clean_financing_30d,21,out_of_sample,20,18,,,1,-0.0677699522675138,0.0028678089629695,-0.0332634387123888,-0.0278581619655264,0.0054052767468623,0.06953479842731,0.0694809879510407,0.0821205473880744,0.0518388710404836,0.0350060587648623,-0.0371924951621694,0.0725076945235774,0.0895836100711603,0.4,0.2333333333333333,0.2,0.3333333333333333,0.1006769254477812,-0.048840454847851,187.2,962.2,0.6,0.0214912207320494,0.0072609680835807,0.0,0.0
3-6m,1,0.03,0,0.0,all_disclosures_30d,21,out_of_sample,6,6,,,1,-0.1563804342487322,-0.011181959502259,-0.0752625216648798,-0.0220488377886672,0.0532136838762126,0.0915034194824159,0.0933849875030902,0.1134671431196722,0.0400954975280619,0.0528917962051537,-0.1198571606841577,0.0991656241381587,0.1233170818840386,0.5,0.0,0.3333333333333333,0.6666666666666666,0.1677349476896178,-0.0582580224713812,167.66666666666666,370.8333333333333,1.0,0.049020430592624,0.0,0.0,0.0
3-6m,1,0.03,0,0.025,all_disclosures_30d,21,out_of_sample,6,6,,,1,-0.1594931219854241,-0.0118230236050588,-0.0770497736041532,-0.0271731018537194,0.0498766717504338,0.0915034194824159,0.0933849875030902,0.1134671431196722,0.0400954975280619,0.0528917962051537,-0.1198571606841577,0.0991656241381587,0.1233170818840386,0.5,0.0,0.3333333333333333,0.6666666666666666,0.1677349476896178,-0.0582580224713812,167.66666666666666,370.8333333333333,1.0,0.049020430592624,0.0,0.0,0.0
3-6m,1,0.03,0,0.05,all_disclosures_30d,21,out_of_sample,6,6,,,1,-0.1626058097221159,-0.0124640877078586,-0.0788370255434266,-0.0322973659187716,0.046539659624655,0.0915034194824159,0.0933849875030902,0.1134671431196722,0.0400954975280619,0.0528917962051537,-0.1198571606841577,0.0991656241381587,0.1233170818840386,0.5,0.0,0.3333333333333333,0.6666666666666666,0.1677349476896178,-0.0582580224713812,167.66666666666666,370.8333333333333,1.0,0.049020430592624,0.0,0.0,0.0
3-6m,1,0.03,0,0.1,all_disclosures_30d,21,out_of_sample,6,6,,,1,-0.1688311851954996,-0.0137462159134582,-0.0824115294219734,-0.042545894048876,0.0398656353730974,0.0915034194824159,0.0933849875030902,0.1134671431196722,0.0400954975280619,0.0528917962051537,-0.1198571606841577,0.0991656241381587,0.1233170818840386,0.5,0.0,0.3333333333333333,0.6666666666666666,0.1677349476896178,-0.0582580224713812,167.66666666666666,370.8333333333333,1.0,0.049020430592624,0.0,0.0,0.0
3-6m,1,0.03,3,0.0,all_disclosures_30d,21,out_of_sample,6,6,,,1,-0.1563804342487322,-0.011181959502259,-0.0752625216648798,-0.0220488377886672,0.0532136838762126,0.0915034194824159,0.0933849875030902,0.1134671431196722,0.0400954975280619,0.0528917962051537,-0.1198571606841577,0.0991656241381587,0.1233170818840386,0.5,0.0,0.3333333333333333,0.6666666666666666,0.1677349476896178,-0.0582580224713812,167.66666666666666,370.8333333333333,1.0,0.049020430592624,0.0,0.0,0.0
3-6m,1,0.03,3,0.025,all_disclosures_30d,21,out_of_sample,6,6,,,1,-0.1594931219854241,-0.0118230236050588,-0.0770497736041532,-0.0271731018537194,0.0498766717504338,0.0915034194824159,0.0933849875030902,0.1134671431196722,0.0400954975280619,0.0528917962051537,-0.1198571606841577,0.0991656241381587,0.1233170818840386,0.5,0.0,0.3333333333333333,0.6666666666666666,0.1677349476896178,-0.0582580224713812,167.66666666666666,370.8333333333333,1.0,0.049020430592624,0.0,0.0,0.0
3-6m,1,0.03,3,0.05,all_disclosures_30d,21,out_of_sample,6,6,,,1,-0.1626058097221159,-0.0124640877078586,-0.0788370255434266,-0.0322973659187716,0.046539659624655,0.0915034194824159,0.0933849875030902,0.1134671431196722,0.0400954975280619,0.0528917962051537,-0.1198571606841577,0.0991656241381587,0.1233170818840386,0.5,0.0,0.3333333333333333,0.6666666666666666,0.1677349476896178,-0.0582580224713812,167.66666666666666,370.8333333333333,1.0,0.049020430592624,0.0,0.0,0.0
3-6m,1,0.03,3,0.1,all_disclosures_30d,21,out_of_sample,6,6,,,1,-0.1688311851954996,-0.0137462159134582,-0.0824115294219734,-0.042545894048876,0.0398656353730974,0.0915034194824159,0.0933849875030902,0.1134671431196722,0.0400954975280619,0.0528917962051537,-0.1198571606841577,0.0991656241381587,0.1233170818840386,0.5,0.0,0.3333333333333333,0.6666666666666666,0.1677349476896178,-0.0582580224713812,167.66666666666666,370.8333333333333,1.0,0.049020430592624,0.0,0.0,0.0
3-6m,1,0.05,0,0.0,all_disclosures_30d,21,out_of_sample,6,6,,,1,-0.1501382516004147,-0.0073888964438367,-0.0683852729565539,-0.0190162779337696,0.0493689950227843,0.0813173737295962,0.08356727003114,0.1002485375119549,0.03412246890954,0.0528917962051537,-0.1198571606841577,0.0991656241381587,0.1233170818840386,0.5,0.0,0.3333333333333333,0.6666666666666666,0.1677349476896178,-0.0582580224713812,125.16666666666669,277.3333333333333,0.3333333333333333,0.0286732871928984,0.0,0.0,0.0
3-6m,1,0.05,0,0.025,all_disclosures_30d,21,out_of_sample,6,6,,,1,-0.1525053801952443,-0.0081202486867007,-0.0699821772640757,-0.0235554257148084,0.0464267515492673,0.0813173737295962,0.08356727003114,0.1002485375119549,0.03412246890954,0.0528917962051537,-0.1198571606841577,0.0991656241381587,0.1233170818840386,0.5,0.0,0.3333333333333333,0.6666666666666666,0.1677349476896178,-0.0582580224713812,125.16666666666669,277.3333333333333,0.3333333333333333,0.0286732871928984,0.0,0.0,0.0
3-6m,1,0.05,0,0.05,all_disclosures_30d,21,out_of_sample,6,6,,,1,-0.1548725087900738,-0.0088516009295647,-0.0715790815715975,-0.0280945734958472,0.0434845080757503,0.0813173737295962,0.08356727003114,0.1002485375119549,0.03412246890954,0.0528917962051537,-0.1198571606841577,0.0991656241381587,0.1233170818840386,0.5,0.0,0.3333333333333333,0.6666666666666666,0.1677349476896178,-0.0582580224713812,125.16666666666669,277.3333333333333,0.3333333333333333,0.0286732871928984,0.0,0.0,0.0
3-6m,1,0.05,0,0.1,all_disclosures_30d,21,out_of_sample,6,6,,,1,-0.1596067659797329,-0.0104797409416105,-0.074772890186641,-0.0371728690579247,0.0376000211287163,0.0813173737295962,0.08356727003114,0.1002485375119549,0.03412246890954,0.0528917962051537,-0.1198571606841577,0.0991656241381587,0.1233170818840386,0.5,0.0,0.3333333333333333,0.6666666666666666,0.1677349476896178,-0.0582580224713812,125.16666666666669,277.3333333333333,0.3333333333333333,0.0286732871928984,0.0,0.0,0.0
3-6m,1,0.05,3,0.0,all_disclosures_30d,21,out_of_sample,6,6,,,1,-0.1501382516004147,-0.0073888964438367,-0.0683852729565539,-0.0190162779337696,0.0493689950227843,0.0813173737295962,0.08356727003114,0.1002485375119549,0.03412246890954,0.0528917962051537,-0.1198571606841577,0.0991656241381587,0.1233170818840386,0.5,0.0,0.3333333333333333,0.6666666666666666,0.1677349476896178,-0.0582580224713812,125.16666666666669,277.3333333333333,0.3333333333333333,0.0286732871928984,0.0,0.0,0.0
3-6m,1,0.05,3,0.025,all_disclosures_30d,21,out_of_sample,6,6,,,1,-0.1525053801952443,-0.0081202486867007,-0.0699821772640757,-0.0235554257148084,0.0464267515492673,0.0813173737295962,0.08356727003114,0.1002485375119549,0.03412246890954,0.0528917962051537,-0.1198571606841577,0.0991656241381587,0.1233170818840386,0.5,0.0,0.3333333333333333,0.6666666666666666,0.1677349476896178,-0.0582580224713812,125.16666666666669,277.3333333333333,0.3333333333333333,0.0286732871928984,0.0,0.0,0.0
3-6m,1,0.05,3,0.05,all_disclosures_30d,21,out_of_sample,6,6,,,1,-0.1548725087900738,-0.0088516009295647,-0.0715790815715975,-0.0280945734958472,0.0434845080757503,0.0813173737295962,0.08356727003114,0.1002485375119549,0.03412246890954,0.0528917962051537,-0.1198571606841577,0.0991656241381587,0.1233170818840386,0.5,0.0,0.3333333333333333,0.6666666666666666,0.1677349476896178,-0.0582580224713812,125.16666666666669,277.3333333333333,0.3333333333333333,0.0286732871928984,0.0,0.0,0.0
3-6m,1,0.05,3,0.1,all_disclosures_30d,21,out_of_sample,6,6,,,1,-0.1596067659797329,-0.0104797409416105,-0.074772890186641,-0.0371728690579247,0.0376000211287163,0.0813173737295962,0.08356727003114,0.1002485375119549,0.03412246890954,0.0528917962051537,-0.1198571606841577,0.0991656241381587,0.1233170818840386,0.5,0.0,0.3333333333333333,0.6666666666666666,0.1677349476896178,-0.0582580224713812,125.16666666666669,277.3333333333333,0.3333333333333333,0.0286732871928984,0.0,0.0,0.0
3-6m,1,0.1,0,0.0,all_disclosures_30d,21,out_of_sample,6,6,,,1,-0.1350123621850399,-0.0086245413308707,-0.0594619550999541,-0.0170509936847487,0.0424109614152053,0.0630342643249597,0.0678415194873066,0.0800001438582976,0.0253547519732856,0.0528917962051537,-0.1198571606841577,0.0991656241381587,0.1233170818840386,0.5,0.0,0.3333333333333333,0.6666666666666666,0.1677349476896178,-0.0582580224713812,997.6666666666666,439.1666666666667,3.0,0.0122280594236637,0.0,0.0,0.0
3-6m,1,0.1,0,0.025,all_disclosures_30d,21,out_of_sample,6,6,,,1,-0.1372836665696503,-0.0091362552784648,-0.0607079085180207,-0.0206268538893301,0.0400810546286905,0.0630342643249597,0.0678415194873066,0.0800001438582976,0.0253547519732856,0.0528917962051537,-0.1198571606841577,0.0991656241381587,0.1233170818840386,0.5,0.0,0.3333333333333333,0.6666666666666666,0.1677349476896178,-0.0582580224713812,997.6666666666666,439.1666666666667,3.0,0.0122280594236637,0.0,0.0,0.0
3-6m,1,0.1,0,0.05,all_disclosures_30d,21,out_of_sample,6,6,,,1,-0.1395549709542606,-0.0096479692260589,-0.0619538619360873,-0.0242027140939116,0.0377511478421757,0.0630342643249597,0.0678415194873066,0.0800001438582976,0.0253547519732856,0.0528917962051537,-0.1198571606841577,0.0991656241381587,0.1233170818840386,0.5,0.0,0.3333333333333333,0.6666666666666666,0.1677349476896178,-0.0582580224713812,997.6666666666666,439.1666666666667,3.0,0.0122280594236637,0.0,0.0,0.0
3-6m,1,0.1,0,0.1,all_disclosures_30d,21,out_of_sample,6,6,,,1,-0.1440975797234812,-0.010671397121247,-0.0644457687722206,-0.0313544345030744,0.0330913342691461,0.0630342643249597,0.0678415194873066,0.0800001438582976,0.0253547519732856,0.0528917962051537,-0.1198571606841577,0.0991656241381587,0.1233170818840386,0.5,0.0,0.3333333333333333,0.6666666666666666,0.1677349476896178,-0.0582580224713812,997.6666666666666,439.1666666666667,3.0,0.0122280594236637,0.0,0.0,0.0
3-6m,1,0.1,3,0.0,all_disclosures_30d,21,out_of_sample,6,6,,,1,-0.1350123621850399,-0.0086245413308707,-0.0594619550999541,-0.0170509936847487,0.0424109614152053,0.0630342643249597,0.0678415194873066,0.0800001438582976,0.0253547519732856,0.0528917962051537,-0.1198571606841577,0.0991656241381587,0.1233170818840386,0.5,0.0,0.3333333333333333,0.6666666666666666,0.1677349476896178,-0.0582580224713812,997.6666666666666,439.1666666666667,3.0,0.0122280594236637,0.0,0.0,0.0
3-6m,1,0.1,3,0.025,all_disclosures_30d,21,out_of_sample,6,6,,,1,-0.1372836665696503,-0.0091362552784648,-0.0607079085180207,-0.0206268538893301,0.0400810546286905,0.0630342643249597,0.0678415194873066,0.0800001438582976,0.0253547519732856,0.0528917962051537,-0.1198571606841577,0.0991656241381587,0.1233170818840386,0.5,0.0,0.3333333333333333,0.6666666666666666,0.1677349476896178,-0.0582580224713812,997.6666666666666,439.1666666666667,3.0,0.0122280594236637,0.0,0.0,0.0
3-6m,1,0.1,3,0.05,all_disclosures_30d,21,out_of_sample,6,6,,,1,-0.1395549709542606,-0.0096479692260589,-0.0619538619360873,-0.0242027140939116,0.0377511478421757,0.0630342643249597,0.0678415194873066,0.0800001438582976,0.0253547519732856,0.0528917962051537,-0.1198571606841577,0.0991656241381587,0.1233170818840386,0.5,0.0,0.3333333333333333,0.6666666666666666,0.1677349476896178,-0.0582580224713812,997.6666666666666,439.1666666666667,3.0,0.0122280594236637,0.0,0.0,0.0
3-6m,1,0.1,3,0.1,all_disclosures_30d,21,out_of_sample,6,6,,,1,-0.1440975797234812,-0.010671397121247,-0.0644457687722206,-0.0313544345030744,0.0330913342691461,0.0630342643249597,0.0678415194873066,0.0800001438582976,0.0253547519732856,0.0528917962051537,-0.1198571606841577,0.0991656241381587,0.1233170818840386,0.5,0.0,0.3333333333333333,0.6666666666666666,0.1677349476896178,-0.0582580224713812,997.6666666666666,439.1666666666667,3.0,0.0122280594236637,0.0,0.0,0.0
